n_cluster,mfpt,sd,mode,f_mode,median,q10,q90,S_mode,S_mfpt,lam1,tau1,A1,ratio,cv,t_cert,lam2,w1,mu2,tau_rel,n_blocked,n_open,pocket_free,chem_dist,G_tt,G_ss,G_st,R_st,mfpt_tetali,blk_t_r3,blk_s_r3,nsite_r3,blk_t_r6,blk_s_r6,nsite_r6,blk_t_r10,blk_s_r10,nsite_r10,deg_s,deg_t,N,q,p,scheme,rep,attempts
1200,14301.029084671662,13095.340855029173,2599,6.596357654682935e-05,10302,2590,31355,0.8993848919575367,0.36829478777336044,0.9999235531993164,13080.492148399995,1.0990386897320796,0.18173517336495024,0.9156922049102895,4097,0.9984646228937674,8.401799165773838e-05,0.9984909110730071,662.1513469091803,25,1200,1,68,2.1477048396500615,2.14868266883893,-0.23580000779194604,4.7679875240728835,14301.029084652046,0,0,10,1,0,34,1,2,89,2,2,35,0.8,0.02,uniform,0,1
1200,14221.728827109057,13021.11469603957,2586,6.635415905399229e-05,10246,2577,31179,0.8993959982745607,0.36828481193147616,0.9999231177043151,13006.39567863065,1.0991787928256296,0.18183443317177023,0.9155788901852137,4097,0.9984539096552084,8.450738896112725e-05,0.9984837558550403,659.0242669828741,25,1200,1,68,2.134154158056408,2.1110449653562613,-0.23613397979132758,4.717467082995325,14221.728827086416,0,0,10,0,0,34,1,0,89,2,2,35,0.8,0.02,uniform,1,1
1200,14048.163476755613,12841.419508186229,2593,6.711366485111846e-05,10128,2564,30771,0.898007936269854,0.3683172215521389,0.9999220377902281,12826.227236437295,1.1012491436682568,0.18457928712820237,0.9140995212245295,4097,0.9984753891606833,8.585581674989039e-05,0.9984916178895005,662.4618604561125,25,1200,1,68,2.104604180806325,2.1395483339160557,-0.23675639864868442,4.71766531201975,14048.163476730058,0,0,10,0,0,34,0,2,89,2,2,35,0.8,0.02,uniform,2,1
1200,14092.628943996331,12891.179376084854,2576,6.699524271284493e-05,10157,2564,30880,0.8991893250677354,0.3682852184661829,0.9999223420989133,12876.489791171445,1.1002943193542194,0.18279059288631977,0.9147462426857331,4097,0.9984613714333486,8.544654741898515e-05,0.998467219343982,651.9089406653712,25,1200,1,68,2.1128889626130234,2.2708106266125583,-0.23588252804922813,4.855464645324038,14092.628943973508,0,1,10,0,1,34,0,2,89,2,2,35,0.8,0.02,uniform,3,1
1200,14050.748818985527,12861.855018040987,2560,6.713820479213646e-05,10124,2549,30800,0.8992000889571643,0.3682886719457344,0.9999221650516524,12847.199147042542,1.099453469247973,0.1821966952067992,0.915385733795334,4097,0.9984428815446004,8.557590399019881e-05,0.9984568570505301,647.5279754700748,25,1200,1,68,2.108530508027706,2.265986648760465,-0.23326096180071343,4.8410390803895975,14050.748818970516,0,1,10,0,1,34,1,1,89,2,2,35,0.8,0.02,uniform,4,1
1200,14587.031955176262,13376.94797486649,2612,6.472751315969396e-05,10502,2625,32008,0.9008026264943382,0.36827623073598625,0.9999251661718669,13362.44059091181,1.0971543814413718,0.1790631574693385,0.9170438520990304,4097,0.9984518168366305,8.210426241648551e-05,0.9984720856371414,653.9868152406101,25,1200,1,68,2.1936342031493345,2.137937518804283,-0.23753778937643216,4.806647300706482,14587.031955154602,0,0,10,0,0,34,4,2,89,2,2,35,0.8,0.02,uniform,5,1
1200,14090.188812244567,12880.802613450707,2599,6.690671914175733e-05,10158,2571,30864,0.89806110035838,0.3683178183981033,0.9999222761938334,12865.570883786822,1.1011575154258342,0.18445458997266476,0.9141682049183836,4097,0.9984782140953635,8.558615328779784e-05,0.9984996128767412,665.9945311516271,25,1200,1,68,2.1108627897455285,2.1305250763409025,-0.23750201229236975,4.71639189067117,14090.18881222739,0,0,10,0,0,34,0,1,89,2,2,35,0.8,0.02,uniform,6,1
1200,14733.16532965033,13533.97572384009,2594,6.415330266522281e-05,10599,2631,32358,0.9023598007655631,0.36825864979191925,0.999926038526357,13520.05266462949,1.094989698136063,0.17606535608336682,0.9186061121979753,4097,0.9984604505263289,8.098705169838794e-05,0.9984627753335606,650.0228707025236,25,1200,1,68,2.219856162615771,2.148218806637355,-0.23567139232245476,4.839417753898036,14733.165329629357,0,0,10,2,1,34,5,2,89,2,2,35,0.8,0.02,uniform,7,1
1200,15045.346719785999,13838.27009969073,2632,6.27470450321249e-05,10818,2671,33067,0.9024346446978525,0.36826261385492864,0.9999276650445688,13824.074766131078,1.0934740130989167,0.1749378096111724,0.9197707674953177,4097,0.9984813506139733,7.909639400310823e-05,0.9985063596520958,669.005088926327,25,1200,1,68,2.272423674695036,2.1280801006226335,-0.23513411193146994,4.87077199918061,15045.346719759036,1,0,10,1,0,34,3,0,89,2,2,35,0.8,0.02,uniform,8,1
1200,14903.7019180721,13702.861314862106,2601,6.346127845481211e-05,10717,2651,32749,0.9031570555513178,0.36823538941908535,0.9999269521305576,13689.15319849398,1.0938595479232798,0.17452039864310825,0.9194266894352023,4097,0.9984819874011615,7.99041094449251e-05,0.9985032810937435,667.6280025256706,25,1200,1,68,2.2464518543494094,2.1095186974741855,-0.23749846532627414,4.830967482476143,14903.701918054101,0,0,10,1,0,34,4,1,89,2,2,35,0.8,0.02,uniform,9,1
1200,13951.383394545628,12744.24217962983,2589,6.75683932824061e-05,10061,2554,30548,0.8975769201089213,0.36833037531637464,0.9999214419385541,12728.938342555559,1.1021155734606043,0.1855729949341213,0.9134751600771192,4097,0.9984576504218371,8.658006294040755e-05,0.9984782921631693,656.6562442430057,25,1200,1,68,2.0895735692840764,2.2044936347894355,-0.23565699647069938,4.765381197014911,13951.383394528655,0,0,10,0,0,34,0,4,89,2,2,35,0.8,0.02,uniform,10,1
1200,14481.308826093074,13289.405479280107,2575,6.524872674841314e-05,10422,2598,31788,0.9014666821449633,0.36827301837598403,0.9999246753409883,13275.36493782266,1.0962406682835533,0.17781541923615696,0.9176936725038732,4097,0.9984448089396984,8.25739545331844e-05,0.9984611970944047,649.3556760490324,25,1200,1,68,2.1785759400580735,2.1041033607697326,-0.23497553095468557,4.752630362737177,14481.308826076554,0,0,10,1,0,34,2,1,89,2,2,35,0.8,0.02,uniform,11,1
1200,14709.340808134508,13503.764227607096,2603,6.426384144396427e-05,10584,2634,32295,0.90199154584939,0.3682680509941519,0.9999258721493974,13489.706331538118,1.0957540566832091,0.17696238287989752,0.9180400674474339,4097,0.9984625126709582,8.122589301096916e-05,0.9984661333135019,651.4470124683842,25,1200,1,68,2.213597581746922,2.158077518538542,-0.23795921960547875,4.847593539496421,14709.340808114403,0,0,10,0,1,34,4,2,89,2,2,35,0.8,0.02,uniform,12,1
1200,14218.982435849082,13019.974902759037,2580,6.639835899584986e-05,10243,2576,31175,0.8996923269594435,0.36828739526646725,0.9999231118918098,13005.41239719304,1.0990238339298346,0.18144758330211244,0.9156755739379007,4097,0.9984625981061196,8.450186344701824e-05,0.9984750961514921,655.2789247190603,25,1200,1,68,2.1338238538643832,2.1510156182603906,-0.2360065521062147,4.756852576337203,14218.982435823587,0,0,10,0,1,34,2,2,89,2,2,35,0.8,0.02,uniform,13,1
1200,14876.342302388402,13686.989276086933,2580,6.359570156989506e-05,10694,2638,32701,0.9036779217964049,0.3682457213984701,0.9999268687366026,13673.542442296342,1.093010279026672,0.17342972805793666,0.9200507085595552,4097,0.9984259003656261,7.993322261182113e-05,0.9984379800889105,639.6965745865735,25,1200,1,68,2.2466565308580884,2.299227600514791,-0.23273385286987594,5.011351837112632,14876.342302367788,1,1,10,1,2,34,3,3,89,2,2,35,0.8,0.02,uniform,14,1
1200,14200.651357555149,12986.503534604293,2599,6.651982872633409e-05,10235,2587,31113,0.8991971696092876,0.3682853090642805,0.9999229122283015,12971.72604145874,1.1006141015090223,0.18301977385123663,0.9145005540675503,4097,0.9984737836097646,8.48438885856206e-05,0.9984813099662001,657.9620860059284,25,1200,1,68,2.1286357713733843,2.2141976137157093,-0.23813945488239693,4.819112294853888,14200.651357534687,0,0,10,0,1,34,2,3,89,2,2,35,0.8,0.02,uniform,15,1
1200,19356.235930960658,18100.168129723985,2852,4.9067821037828094e-05,13818,3175,42930,0.9157927275040859,0.36811545808747476,0.9999447178619053,18088.52539247718,1.073272076753634,0.14734269669849256,0.9351078481520485,4097,0.9984796800049406,5.933277516049816e-05,0.9984949408205596,663.9255752539055,25,1200,1,68,2.9904861000894227,2.409058700632276,-0.23555322173062515,5.87065124418295,19356.235930920288,1,1,10,1,1,34,2,2,89,2,1,35,0.8,0.02,uniform,16,1
1200,14378.754542906752,13171.726476540995,2602,6.5645152692338e-05,10357,2600,31532,0.8998312341494379,0.3682793925992449,0.9999239980491502,13157.056988177208,1.0985159935754845,0.18096143113338034,0.9160547554543796,4097,0.9984871974405121,8.348935855156599e-05,0.9984876002223553,660.700711626838,25,1200,1,68,2.1588785048973183,2.116782596516639,-0.23758058558384804,4.750822272581654,14378.754542886998,0,0,10,1,0,34,2,0,89,2,2,35,0.8,0.02,uniform,17,1
1200,14233.494544409914,13032.563339265891,2586,6.630356780351961e-05,10254,2579,31205,0.8994967705429654,0.3683052017569398,0.999923185505031,13017.876283173697,1.0991084682557062,0.18168412485995084,0.9156263979027077,4097,0.9984592663821347,8.442746190560777e-05,0.9984738152655157,654.72854681568,25,1200,1,68,2.1368471787925882,2.124214057442162,-0.23540191193885512,4.731865060112461,14233.494544388659,0,0,10,1,0,34,1,0,89,2,2,35,0.8,0.02,uniform,18,1
1200,14139.615791563843,12941.973399020459,2572,6.678175028920745e-05,10188,2566,30994,0.8995766401485296,0.3682789500493265,0.9999226480844603,12927.428061304372,1.0995310585016964,0.18190027493777725,0.9152988023014078,4097,0.9984647442968637,8.505083357054959e-05,0.9984738932268858,654.7620192672906,25,1200,1,68,2.1211517559099065,2.2972711663190424,-0.23545087601494208,4.889324674258833,14139.615791549091,0,1,10,0,2,34,1,3,89,2,2,35,0.8,0.02,uniform,19,1
1200,14416.660772534015,13222.851164594498,2571,6.556752915647262e-05,10378,2593,31637,0.9013958538414951,0.3682560863139514,0.9999242959971757,13208.841147299581,1.096901324911263,0.1783353330265047,0.9171923632819391,4097,0.9984728445935384,8.303982099908994e-05,0.9984821810608867,658.3399855236806,25,1200,1,68,2.167397964174865,3.063958574372934,-0.23537883124293385,5.702114201033667,14416.660772506793,0,1,10,0,3,34,3,3,89,1,2,35,0.8,0.02,uniform,20,1
1200,14572.521350071831,13371.589183913273,2589,6.48642485881161e-05,10488,2616,31986,0.9016997043108734,0.3682493067153301,0.9999251386828204,13357.533724331812,1.0963644998977082,0.17766314680933634,0.9175892669971872,4097,0.9984717370462659,8.207529057139725e-05,0.9984723667934549,654.1072716244206,25,1200,1,68,2.192524990606454,2.2924669316701016,-0.23622856773604986,4.957449057748655,14572.521350055022,0,1,10,1,1,34,3,3,89,2,2,35,0.8,0.02,uniform,21,1
1200,14658.184981785542,13435.30215377753,2641,6.43869488358018e-05,10555,2644,32155,0.9001431428072953,0.36828804307024954,0.9999254897107862,13420.46521284522,1.0978158215592368,0.18017237490738056,0.916573380024363,4097,0.9984616777777291,8.179857436812915e-05,0.9985150006243259,672.9008326709618,25,1200,1,68,2.203760307594546,2.140063754965236,-0.23927052269940868,4.8223651079586,14658.184981763729,0,0,10,1,0,34,1,2,89,2,2,35,0.8,0.02,uniform,22,1
1200,14122.149213190269,12898.623399362892,2605,6.692201942626802e-05,10184,2587,30920,0.8987829487864591,0.3683057844745676,0.9999223857390234,12883.730126201304,1.102157234090197,0.18446200791922637,0.9133612175203057,4097,0.9984735728866649,8.554311920412825e-05,0.9984873937539062,660.6104587021641,25,1200,1,68,2.1134749330825704,2.381988788634155,-0.24021660244663046,4.975896926609987,14122.149213175206,0,0,10,0,3,34,0,4,89,2,2,35,0.8,0.02,uniform,23,1
1200,14629.970743821987,13432.882073646371,2594,6.454809462115022e-05,10527,2618,32124,0.9015313116671366,0.3682636541537246,0.9999254798930637,13418.69705498822,1.0956125822168876,0.1773072581908892,0.9181755937084749,4097,0.9984287064987812,8.164516678786575e-05,0.998457809314868,647.9281167639482,25,1200,1,68,2.2049301351661876,2.133824429775864,-0.23339832213297387,4.805551209208,14629.97074379497,1,0,10,1,0,34,2,2,89,2,2,35,0.8,0.02,uniform,24,1
1200,14078.643181027455,12874.786938521085,2585,6.701580828084351e-05,10148,2565,30845,0.8986130394359078,0.368293336232199,0.9999222416582401,12859.856546483627,1.1006783925248642,0.18361144371380733,0.9144906063015574,4097,0.9984739048641139,8.558692661401804e-05,0.9984783527215164,656.6823976833505,25,1200,1,68,2.1103295132539763,2.196926100971373,-0.23611101691398062,4.7794776480533105,14078.643181007741,0,0,10,0,1,34,0,2,89,2,2,35,0.8,0.02,uniform,25,1
1200,15149.696451762244,13951.953968598395,2599,6.250311998358066e-05,10886,2675,33320,0.9047314363944371,0.3682160748918149,0.9999282599106205,13938.707606521084,1.0917872023315105,0.1715545924154592,0.9209395061493443,4097,0.9984591927849795,7.832491147877285e-05,0.9984704196975156,653.2739818292097,25,1200,1,68,2.288279237152517,2.151978864627203,-0.2366701714709431,4.913598444721606,15149.69645174076,0,0,10,1,0,34,5,3,89,2,2,35,0.8,0.02,uniform,26,1
1200,16120.034590362897,14913.803085576368,2658,5.874125564565317e-05,11561,2786,35543,0.9075009999563978,0.3681931524142417,0.9999328923079975,14900.921428529433,1.0861775376288563,0.16488798365166304,0.9251719034456877,4097,0.9984539607879686,7.28908676554892e-05,0.9984745828346581,655.0582490247351,25,1200,1,68,2.45276355945464,2.2557093443161156,-0.23390887226823234,5.17629064830722,16120.034590337234,1,1,10,2,1,34,3,1,89,2,2,35,0.8,0.02,uniform,27,1
1200,14350.399860310596,13157.417954534243,2574,6.581083090471845e-05,10332,2585,31485,0.9006763004903142,0.3682867778003677,0.9999239175152913,13143.12961917462,1.097386927896084,0.1793678242457203,0.9168676888874836,4097,0.9984422071208557,8.349192416135191e-05,0.998461075175637,649.3041922901838,25,1200,1,68,2.156839730100921,2.1294541127125597,-0.23489357994730328,4.756081002708086,14350.399860289343,0,0,10,0,0,34,2,2,89,2,2,35,0.8,0.02,uniform,28,1
1200,13990.895409532804,12793.671200733796,2565,6.747924372992893e-05,10085,2550,30652,0.8989390173698998,0.36829574857277375,0.9999217496229696,12778.991133976517,1.1007313941060222,0.1833335126108024,0.9144283354456877,4097,0.9984580649699073,8.613264659851488e-05,0.9984580835426945,648.0434389026966,25,1200,1,68,2.0973342986860124,2.499450512612159,-0.23448160289880027,5.065748017095772,13990.895409508877,0,1,10,0,2,34,0,3,89,2,2,35,0.8,0.02,uniform,29,1
1200,14286.062618594253,13089.395362073752,2579,6.609286437591834e-05,10289,2581,31332,0.9001028512763105,0.36828408722701994,0.9999235207842722,13074.947884705536,1.0982557016711127,0.18052559818989322,0.916235334502667,4097,0.9984580427277595,8.399373473238353e-05,0.9984804199517082,657.5764261486811,25,1200,1,68,2.145203260907692,2.143520092637975,-0.23580717552196964,4.760337704589606,14286.06261857797,0,0,10,0,1,34,2,1,89,2,2,35,0.8,0.02,uniform,30,1
1200,14165.893218852423,12961.78032796377,2585,6.66522954971643e-05,10208,2575,31046,0.8992801397768371,0.3682906261897462,0.9999227655165248,12947.084479206962,1.0999481462682623,0.18248055100117508,0.9149991552042633,4097,0.9984774114914922,8.495392692701285e-05,0.9984789096671631,656.9230244291562,25,1200,1,68,2.1250713542313804,2.2404389589933316,-0.2359108489072072,4.837332011039127,14165.893218831527,0,0,10,0,1,34,1,4,89,2,2,35,0.8,0.02,uniform,31,1
1200,14636.17559201124,13424.086257727553,2618,6.452350230384842e-05,10536,2632,32118,0.9008760502072524,0.36827776017734976,0.9999254294091768,13409.612331119557,1.0969548476727864,0.17887186331851365,0.9171853790176395,4097,0.9984816675999547,8.180057109747665e-05,0.9985051785443643,668.4760906782055,25,1200,1,68,2.201515790475926,2.115533983052622,-0.2378468081892866,4.7927433899071215,14636.175591991276,0,0,10,1,0,34,1,1,89,2,2,35,0.8,0.02,uniform,32,1
1200,14179.108800441134,12979.229723615488,2581,6.655874549477898e-05,10216,2572,31082,0.8993782734462972,0.3682963809656158,0.9999228694434404,12964.53025661512,1.0994489041465714,0.18202836555705823,0.9153769751179062,4097,0.9984589332480259,8.480110588573657e-05,0.9984693133743148,652.8014581953582,25,1200,1,68,2.127499515645404,2.12983651421786,-0.2356852844246367,4.728706598712538,14179.108800420245,0,0,10,0,0,34,1,1,89,2,2,35,0.8,0.02,uniform,33,1
1200,14134.040748099123,12936.492949084392,2578,6.674618674924366e-05,10184,2565,30981,0.8991097932507726,0.36829823203635653,0.9999226138756302,12921.71322161364,1.0996099760174474,0.18239653089628408,0.9152720852898497,4097,0.9984450841611963,8.509455436262054e-05,0.9984756126331439,655.5011109697455,25,1200,1,68,2.120700605188761,2.1406257304240213,-0.23497285282438934,4.731272041261561,14134.040748078902,0,0,10,0,0,34,2,2,89,2,2,35,0.8,0.02,uniform,34,1
1200,14477.028989766377,13283.87756057779,2573,6.529147260982951e-05,10419,2599,31777,0.9016422295744932,0.3682634461837171,0.9999246443559088,13269.906106756873,1.0963736529334305,0.17772983682071924,0.9175831291052874,4097,0.9984618535711849,8.261794278183926e-05,0.9984735921692018,654.632780057018,25,1200,1,68,2.17784501182467,2.1973808243532944,-0.2349931531328759,4.8452121424437165,14477.028989745277,0,0,10,1,2,34,2,2,89,2,2,35,0.8,0.02,uniform,35,1
1200,14372.000550012119,13167.045590706557,2595,6.568348109463669e-05,10351,2597,31519,0.9001176903054698,0.3682842847484014,0.9999239714407103,13152.45211248438,1.0983662710059596,0.1805594141866222,0.9161595523801629,4097,0.9984798747685351,8.350720515715304e-05,0.9985061673805583,668.9189167414136,25,1200,1,68,2.159052400548867,2.1669054407510107,-0.23628102444868396,4.7985198901972455,14372.000549985305,0,0,10,1,1,34,2,2,89,2,2,35,0.8,0.02,uniform,36,2
1200,14108.181525553715,12903.540457774961,2590,6.685312303881356e-05,10169,2569,30912,0.8985329181790398,0.3683104393849752,0.9999224145893605,12888.521160752422,1.1005260864476916,0.183581420136168,0.9146140085030219,4097,0.9984629600582872,8.538476833677046e-05,0.9984860625315318,660.0291365610633,25,1200,1,68,2.115471634853079,2.145341022873965,-0.2358919527354683,4.732596563197981,14108.181525531283,0,0,10,0,0,34,1,1,89,2,2,35,0.8,0.02,uniform,37,1
1200,14413.376275387807,13218.62130632331,2567,6.562128276320964e-05,10376,2593,31628,0.9017031635642411,0.3682730887051716,0.999924272348461,13204.716049881406,1.096993705679267,0.17809845180989228,0.9171079040582147,4097,0.9984475394908663,8.30727570843006e-05,0.9984691468626237,652.7303982285474,25,1200,1,68,2.166962336490612,3.204227675258601,-0.23526704273650983,5.841724097222233,14413.37627536273,0,2,10,0,3,34,3,3,89,1,2,35,0.8,0.02,uniform,38,1
1200,14649.903972242957,13445.58116062323,2600,6.450943211006254e-05,10543,2627,32160,0.901704917706003,0.3682595613469644,0.9999255507103831,13431.46160345357,1.0960967229102776,0.17747556604645306,0.9177931258865896,4097,0.9984729452542662,8.160362237231782e-05,0.998473710880366,654.6837347576757,25,1200,1,68,2.2056638562631017,2.288263055630128,-0.23598680577311845,4.965900523439466,14649.90397221732,0,1,10,2,1,34,4,2,89,2,2,35,0.8,0.02,uniform,39,1
1200,14189.006774147427,12966.457785901728,2622,6.646803406741867e-05,10231,2593,31075,0.8980279909224893,0.3683130915774214,0.9999227895197351,12951.109626991061,1.10159583771313,0.18479094708569183,0.9138382969501995,4097,0.9984761741673143,8.505474368791303e-05,0.9984936707216082,663.3653481126206,25,1200,1,68,2.1256853580676123,2.169639076066451,-0.23914910428629435,4.773622642706652,14189.006774123442,0,0,10,0,0,34,1,2,89,2,2,35,0.8,0.02,uniform,40,1
1200,14351.335287598318,13142.92603881379,2605,6.573577000114295e-05,10338,2598,31467,0.8994992731403428,0.3683014193651253,0.9999238303801976,13128.093816154354,1.0988874348260027,0.1815162107076619,0.9157981313537582,4097,0.9984534697560707,8.370183811636249e-05,0.9984696492415036,652.9448387953834,25,1200,1,68,2.156528290505166,2.1885498387135294,-0.2353609240915446,4.815799977401785,14351.335287580263,0,0,10,1,1,34,1,2,89,2,2,35,0.8,0.02,uniform,41,1
1200,14445.677584380674,13246.276648491783,2590,6.536442549921179e-05,10400,2601,31696,0.9006542276693451,0.36826672904962426,0.9999244278739648,13231.89204702178,1.0972514710266215,0.1792923858968323,0.9169716388253233,4097,0.9984630358148782,8.292162646113538e-05,0.9984787253824924,656.84338526935,25,1200,1,68,2.1722205376120685,2.118318730202665,-0.23539239311430074,4.761324054043334,14445.677584358215,0,0,10,1,0,34,1,2,89,2,2,35,0.8,0.02,uniform,42,1
1200,14255.885747911718,13065.78455784043,2558,6.63006351594194e-05,10265,2572,31271,0.9009152367778236,0.36826890803060114,0.9999233846199496,13051.709606641625,1.097822663708173,0.17943465914593978,0.9165186077444806,4097,0.9984489469237006,8.411010060798958e-05,0.9984658974508775,651.3467779738012,25,1200,1,68,2.1412838843741224,2.235824935559726,-0.23469707360684883,4.846502967147546,14255.885747885826,0,0,10,0,2,34,1,2,89,2,2,35,0.8,0.02,uniform,43,1
1200,14076.169410537,12866.971277736002,2584,6.71125420679692e-05,10148,2570,30832,0.8990087081942535,0.36830294771157673,0.9999221955105454,12852.228762894836,1.1011654826466075,0.18357266985332635,0.9140960798684457,4097,0.9984726543732477,8.567561818271088e-05,0.9984734799499436,654.5846191807865,25,1200,1,68,2.1090009646241255,2.2866590288371014,-0.2370272704624505,4.8697145343861274,14076.169410519457,0,0,10,0,2,34,0,3,89,2,2,35,0.8,0.02,uniform,44,1
1200,19307.013903917956,18042.9568897947,2868,4.9172749620000916e-05,13786,3177,42806,0.9151367817424604,0.36811672698472353,0.999944541724258,18031.073942092287,1.0740187168136015,0.14854705208545996,0.9345286111869043,4097,0.9985200567961002,5.9563226149498195e-05,0.9985280282355301,678.8607346596865,25,1200,1,68,2.9811424583100896,2.1723559802462518,-0.236693192336248,5.6268848232288375,19307.013903878025,1,0,10,1,1,34,1,1,89,2,1,35,0.8,0.02,uniform,45,1
1200,14634.726533296467,13430.183615873972,2598,6.459308962663861e-05,10532,2626,32125,0.9017527163788124,0.36825404439534615,0.9999254654714307,13416.100584077878,1.096223661356018,0.17752296184620275,0.9176928304958786,4097,0.998443240875477,8.170651380641287e-05,0.99844513068117,642.6407361793532,25,1200,1,68,2.2041668258204767,2.2192649014312713,-0.23495426305898237,4.893340253369712,14634.726533276755,0,0,10,1,1,34,2,4,89,2,2,35,0.8,0.02,uniform,46,1
1200,20247.652484928323,18989.327683800293,2863,4.7033782089417176e-05,14435,3271,44980,0.9191460241534921,0.3680758928352427,0.9999473102928169,18978.538852766353,1.0697480642594441,0.14139910797714064,0.937853299187909,4097,0.9984459575734101,5.636471226563208e-05,0.9984467807690109,643.3239875295045,25,1200,1,68,3.1383058861686224,2.1843882092492697,-0.2363028613134926,5.795299818044878,20247.65248489269,1,0,10,3,0,34,4,3,89,2,1,35,0.8,0.02,uniform,47,1
1200,19454.837914634725,18198.46355901406,2859,4.8815155078410446e-05,13886,3186,43157,0.9158941215519405,0.3681061065277439,0.9999450166404102,18186.82080413627,1.0728799988663413,0.14695573474037238,0.9354209805739081,4097,0.9984581308802222,5.8990546774427746e-05,0.9984716086347543,653.7825534906736,25,1200,1,68,3.006891542559996,2.164282372530182,-0.23558144320565028,5.642336801501478,19454.837914593878,1,0,10,1,1,34,2,1,89,2,1,35,0.8,0.02,uniform,48,1
1200,14203.801772546267,13001.351052027954,2586,6.645607858623077e-05,10234,2577,31135,0.8993809059862877,0.3682865948890817,0.9999230008859118,12986.662402418962,1.0994869611016274,0.18206393199589244,0.915343037042205,4097,0.9984851075678611,8.465952195666264e-05,0.9984982594645584,665.3938666986833,25,1200,1,68,2.1300990531396904,2.1251619848643712,-0.2372012422815965,4.729663522567254,14203.80177252772,0,0,10,0,0,34,1,1,89,2,2,35,0.8,0.02,uniform,49,1
1200,14087.524283031013,12886.44578290395,2573,6.705040502713056e-05,10153,2564,30869,0.8993459144408932,0.36827926830486596,0.999922314158849,12871.85852352601,1.1002824242387186,0.1826438732815021,0.9147416908751093,4097,0.9984610371569659,8.547636563085088e-05,0.9984684344748288,652.4265564814614,25,1200,1,68,2.112324842264662,2.1952019314071305,-0.23559587157066697,4.778718516813127,14087.524283011973,0,0,10,0,1,34,0,4,89,2,2,35,0.8,0.02,uniform,50,1
1200,14207.987368482087,13007.47594654072,2580,6.645557814216996e-05,10236,2576,31147,0.8996995436382218,0.36828830001910945,0.999923037860285,12992.901732459888,1.0992530875716413,0.18158799927731317,0.9155044700698082,4097,0.9984496218845107,8.46008697079904e-05,0.9984625108030518,649.9109458745686,25,1200,1,68,2.1320389701428253,2.1560638813228454,-0.23595892460055432,4.76002070066678,14207.987368460279,0,0,10,0,1,34,1,2,89,2,2,35,0.8,0.02,uniform,51,1
1200,14921.429011374208,13721.503532449819,2621,6.322296501095682e-05,10730,2652,32791,0.9019009929458608,0.36827119561159954,0.9999270482955238,13707.198904868004,1.0937546621432843,0.17565341751129074,0.919583742414368,4097,0.9984482254442802,7.979126688247612e-05,0.9984930116253651,663.0749999387738,25,1200,1,68,2.252763945927811,2.0977973595808583,-0.234140889297401,4.818843084103472,14921.429011351272,1,0,10,1,0,34,2,0,89,2,2,35,0.8,0.02,uniform,52,1
1200,14472.532086386942,13270.44642971516,2595,6.524643330408968e-05,10420,2606,31754,0.9006694519342346,0.36826256739387375,0.9999245655414095,13256.04108495095,1.0972916447844987,0.179305182017243,0.9169401975068012,4097,0.9984818252987577,8.277360114024609e-05,0.9984845075940642,659.3514149889191,25,1200,1,68,2.1756704278584427,2.121045413131981,-0.23641825320268317,4.76955234739579,14472.532086366755,0,0,10,1,0,34,2,1,89,2,2,35,0.8,0.02,uniform,53,1
1200,14010.863569265757,12802.637344828243,2597,6.724837417347223e-05,10103,2561,30683,0.897529543169831,0.36831628231411756,0.9999218000769428,12787.23636079376,1.1017377624388938,0.18535616931541476,0.9137650424997442,4097,0.9984629459874548,8.615580825210089e-05,0.9984813244899337,657.968383158616,25,1200,1,68,2.098830538591438,2.1402038036116373,-0.2363133896162496,4.711661121435574,14010.863569246125,0,0,10,0,0,34,0,1,89,2,2,35,0.8,0.02,uniform,54,1
1200,14242.601825370992,13040.171467307116,2587,6.626444819809458e-05,10261,2581,31224,0.8995810083126716,0.3682799185094777,0.9999232303319029,13025.477893298956,1.0991755229347104,0.18163816076018216,0.9155750913486936,4097,0.9984650789067686,8.438334007640643e-05,0.9984742124681797,654.8991201229206,25,1200,1,68,2.137522718073268,2.1171939774822564,-0.23624425281692762,4.7272052011893795,14242.601825341173,0,0,10,0,0,34,2,1,89,2,2,35,0.8,0.02,uniform,55,1
1200,14612.91994513096,13420.895856020732,2581,6.466219912751358e-05,10513,2612,32091,0.901983385331158,0.368256204181038,0.9999254145100234,13406.933534990809,1.0952493311580878,0.17662452197721043,0.9184267009204131,4097,0.9984304519774769,8.168970801124793e-05,0.9984601435992074,648.9110760825058,25,1200,1,68,2.201405294698694,2.1051497033953592,-0.23408136281949404,4.774717723733042,14612.91994510913,0,0,10,1,0,34,1,1,89,2,2,35,0.8,0.02,uniform,56,1
1200,14054.937852827177,12850.323366368282,2574,6.722757636763519e-05,10131,2563,30790,0.8992563150301618,0.36829261615771913,0.9999220954709015,12835.724171636946,1.1008837928189774,0.18313848321159493,0.9142924359344226,4097,0.9984870233451553,8.576383347204095e-05,0.9984872767603687,660.5593286086433,25,1200,1,68,2.1063714823910398,2.26399038468504,-0.23611815974421602,4.842598186564511,14054.937852811534,0,0,10,0,2,34,0,4,89,2,2,35,0.8,0.02,uniform,57,1
1200,15062.758259801214,13847.393779531525,2639,6.273672166285391e-05,10832,2681,33096,0.9025945571626917,0.36824417685355004,0.9999277132061101,13833.285477983853,1.0940498792509146,0.17520031553867793,0.9193132851694767,4097,0.9984777858548044,7.908535812691555e-05,0.9984787943600767,656.8731918747801,25,1200,1,68,2.2737518972014485,2.1632257543695887,-0.23670781276099512,4.910393277093028,15062.75825977466,1,0,10,1,1,34,2,2,89,2,2,35,0.8,0.02,uniform,58,1
1200,14302.619726537885,13105.000647373254,2569,6.610461977895913e-05,10300,2584,31369,0.9009588211782907,0.36826162437088245,0.9999236138453929,13090.877680376336,1.0981547176262205,0.17961744415488673,0.9162657539623666,4097,0.9984619048067117,8.388381604352542e-05,0.9984619432153655,649.6709252243323,25,1200,1,68,2.148689200182833,2.3007437365240655,-0.23508075423669672,4.919594445180292,14302.619726517178,0,0,10,0,2,34,2,4,89,2,2,35,0.8,0.02,uniform,59,1
1200,14423.746979012376,13224.534041294677,2590,6.544124106737438e-05,10385,2598,31646,0.9004789429599754,0.3682718813779026,0.9999243029959721,13210.062457058892,1.097419053290134,0.17956499124455264,0.9168584321769757,4097,0.9984459646995889,8.307133449741159e-05,0.998475856138393,655.6059172021992,25,1200,1,68,2.169160853962091,2.118198887424614,-0.23479697586952164,4.756953693125748,14423.746978989675,0,0,10,1,0,34,1,0,89,2,2,35,0.8,0.02,uniform,60,1
1200,19541.158663240432,18262.88596948875,2895,4.86182402613668e-05,13953,3214,43327,0.9154859482902595,0.3681165805951492,0.9999452100089677,18251.008731971033,1.0739301432380564,0.14814884060308497,0.9345856243337154,4097,0.9984968180759224,5.884062291750821e-05,0.9985192820348213,674.8479330099548,25,1200,1,68,3.016542445861444,2.151838127940046,-0.24031733133856364,5.6490152364786175,19541.158663200047,1,0,10,1,0,34,2,1,89,2,1,35,0.8,0.02,uniform,61,1
1200,14408.062442893659,13202.05179984597,2596,6.555424596587152e-05,10376,2602,31601,0.9003809689369815,0.36828043221067186,0.9999241741308172,13187.611264648436,1.0981533080488548,0.18017689819774474,0.9162961260177966,4097,0.9984781520871879,8.326842907876002e-05,0.9984803380800081,657.5409723047401,25,1200,1,68,2.165110262479712,3.144800514894598,-0.23623347799833355,5.782377733370978,14408.062442868275,0,1,10,1,3,34,2,4,89,1,2,35,0.8,0.02,uniform,62,1
1200,14505.737741805815,13298.135039714756,2603,6.511259269031261e-05,10444,2614,31824,0.900697951856507,0.3682682560192787,0.9999247226132256,13283.701835074407,1.0975399050715706,0.17944623336861412,0.916749997581252,4097,0.9984622913067264,8.261993593429578e-05,0.9984664183725721,651.5681951161451,25,1200,1,68,2.181195621759501,2.160599237147257,-0.23642733520409795,4.814649529314953,14505.737741781593,0,0,10,2,0,34,3,3,89,2,2,35,0.8,0.02,uniform,63,1
1200,14279.769674045681,13074.83196604669,2591,6.6113303486791e-05,10287,2587,31307,0.8997337372387555,0.368282017982189,0.9999234343713505,13060.19077142407,1.0991012000552436,0.18144550361406,0.9156192476837328,4097,0.9984803077399473,8.415337433195517e-05,0.998483924687676,659.0977127161276,25,1200,1,68,2.143476441833914,2.16594867922633,-0.23648517050375178,4.782395462067747,14279.769674025994,0,0,10,0,1,34,2,2,89,2,2,35,0.8,0.02,uniform,64,1
1200,19373.612237883164,18120.661202151015,2849,4.901718329188763e-05,13829,3174,42974,0.9158755837735699,0.36810221957503225,0.999944780463503,18109.03266150765,1.0729997492456116,0.14705569436499122,0.935326927144638,4097,0.9984402601863088,5.925054881506318e-05,0.9984666328681624,651.6594099363928,25,1200,1,68,2.9943896086720914,2.1172372208872914,-0.23454576430164434,5.580718358162671,19373.612237842415,1,0,10,1,0,34,3,0,89,2,1,35,0.8,0.02,uniform,65,1
1200,14714.78910136813,13507.022785408151,2611,6.420407696055701e-05,10589,2637,32305,0.9016233034740037,0.36825770546707676,0.9999258891293268,13492.797143298594,1.0959368575465342,0.17744053156407374,0.9179216020263801,4097,0.9984670325012059,8.122083471584553e-05,0.9984715989324938,653.7784001160495,25,1200,1,68,2.2166243545100093,3.0123396786935626,-0.23584049571404792,5.700645024631668,14714.789101344344,0,1,10,1,1,34,2,1,89,1,2,35,0.8,0.02,uniform,66,1
1200,16237.192082977872,15023.93728099042,2674,5.831902072861826e-05,11644,2805,35804,0.9076037691553256,0.3681960381594742,0.9999333844170084,15011.002635297937,1.08603503254198,0.16468364642943814,0.9252792726853704,4097,0.998437492122902,7.234685684238557e-05,0.998438679817896,639.9834883709136,25,1200,1,68,2.472621295870119,2.18267151502639,-0.23357738462172192,5.122447580139952,16237.192082951045,1,0,10,3,1,34,3,2,89,2,2,35,0.8,0.02,uniform,67,1
1200,14383.617205974142,13186.985570919283,2578,6.56802576404094e-05,10356,2592,31557,0.900857161378004,0.3682622686260695,0.9999240886303329,13172.757232809252,1.0974515062923453,0.17923168859980815,0.9168059315039443,4097,0.9984921854763089,8.33090469860592e-05,0.9985006162541049,666.4405449079853,25,1200,1,68,2.1613284429077706,2.4555170686836267,-0.2359410914173618,5.088727694426121,14383.617205950794,0,1,10,1,2,34,2,3,89,2,2,35,0.8,0.02,uniform,68,1
1200,14147.134147252445,12939.06950179778,2597,6.666662507991247e-05,10197,2576,30997,0.8985418125427005,0.3683087236617662,0.9999226277118686,12924.024059602178,1.1005327031454981,0.1835707481790134,0.9146071117386494,4097,0.9984822399346313,8.515073340601998e-05,0.9985018821060061,667.0040841839606,25,1200,1,68,2.1204216889959615,2.1214547868018694,-0.23743400220910788,4.716744480216047,14147.134147230418,0,0,10,0,0,34,0,1,89,2,2,35,0.8,0.02,uniform,69,1
1200,14321.774525617226,13114.9062453735,2591,6.596025526098023e-05,10317,2594,31401,0.9001573510471681,0.3682765567585137,0.9999236694401544,13100.412682123622,1.0989189157034238,0.18091333552036462,0.9157319312571909,4097,0.9984729737642056,8.388109606072275e-05,0.9984742733391515,654.9252681859332,25,1200,1,68,2.1504313494802414,2.2636932105777277,-0.23653107145251767,4.887186702963004,14321.774525596553,0,0,10,0,2,34,2,4,89,2,2,35,0.8,0.02,uniform,70,1
1200,14329.162881149268,13126.699211110064,2581,6.596512637395391e-05,10320,2591,31424,0.9006297326552177,0.3682804229003987,0.9999237394091609,13112.432754812826,1.0984159125849873,0.18012217611089024,0.9160827691043204,4097,0.9984578456408791,8.376584648131421e-05,0.9984614728035731,649.472132384166,25,1200,1,68,2.151999302945241,2.4598460523249503,-0.23619451057690774,5.084234376424006,14329.162881132892,0,1,10,0,1,34,2,3,89,2,2,35,0.8,0.02,uniform,71,1
1200,14116.268378601022,12895.162386569184,2608,6.687623183992982e-05,10179,2584,30909,0.8983657535993175,0.3683156598698919,0.9999223636246105,12880.06010447237,1.1020175999692765,0.18475137550894757,0.9134965446050229,4097,0.9984976386561814,8.555665207737786e-05,0.9984984456526736,665.4764355187027,25,1200,1,68,2.1135011024251713,2.2539721801794457,-0.23921029400500232,4.845893870614622,14116.268378581042,0,0,10,0,1,34,1,4,89,2,2,35,0.8,0.02,uniform,72,1
1200,14255.861844245283,13060.890300914449,2567,6.629178609007245e-05,10267,2577,31265,0.9005971516660539,0.36827177314906206,0.9999233552053125,13046.700447045807,1.0982916956791373,0.18006627926435964,0.9161768291256827,4097,0.9984518221273013,8.417834152276593e-05,0.9984584307418655,648.1895068347437,25,1200,1,68,2.140733815088569,2.4606813521434496,-0.2352431589490724,5.071901485130163,14255.861844225848,0,1,10,0,2,34,2,2,89,2,2,35,0.8,0.02,uniform,73,1
1200,14139.726284600856,12933.750835064744,2585,6.677295083634368e-05,10191,2573,30983,0.8991915705904987,0.36828822174949866,0.9999225976730757,12919.008227167416,1.1003428642723636,0.18281824895120102,0.9147101276741472,4097,0.9984663696741946,8.5169098109593e-05,0.998476093766761,655.7082262783276,25,1200,1,68,2.120308750036797,2.2181211702351433,-0.23631229739338663,4.811054515058713,14139.726284581104,0,0,10,0,1,34,2,3,89,2,2,35,0.8,0.02,uniform,74,1
1200,14361.080631713092,13152.127052425041,2598,6.575834338455288e-05,10345,2600,31489,0.900083082455321,0.3682866276655609,0.9999238851747728,13137.545006770844,1.0988155673512803,0.18090560638333328,0.9158173670706674,4097,0.9984871114993047,8.363615486622535e-05,0.9985006964837496,666.476233761142,25,1200,1,68,2.1554767270244333,2.2769855006738156,-0.23803671159093812,4.9085356508801254,14361.08063169223,0,0,10,0,2,34,3,2,89,2,2,35,0.8,0.02,uniform,75,1
1200,14078.666568224526,12857.417433722958,2616,6.695663779954527e-05,10154,2580,30822,0.89752462903694,0.36831155711237445,0.9999221330705325,12841.922403615743,1.1024170728020577,0.185813051777524,0.9132553407253837,4097,0.9985199582976949,8.584183245199222e-05,0.9985214227344688,675.8257091764718,25,1200,1,68,2.1073942589793218,2.2144105601225275,-0.23905016905510626,4.799905157212062,14078.666568206567,0,0,10,0,1,34,0,2,89,2,2,35,0.8,0.02,uniform,76,1
1200,14611.412233440933,13411.053772361915,2592,6.467553935314106e-05,10515,2619,32077,0.901733425448983,0.36827349097371403,0.9999253590450536,13396.970601151403,1.0960252875413306,0.1773955835745792,0.9178478820594922,4097,0.9984627868575544,8.18083741076313e-05,0.9984630621658738,650.1442751270655,25,1200,1,68,2.1998039677097982,2.148149318639501,-0.23543140452799902,4.818816095405297,14611.412233426783,0,0,10,1,1,34,4,1,89,2,2,35,0.8,0.02,uniform,77,1
1200,14309.239748200132,13114.617473008835,2569,6.604200333688932e-05,10304,2582,31388,0.9008223701024565,0.36828016614530074,0.9999236696431028,13100.44751503143,1.0978365319206196,0.1795343460034722,0.9165139241348191,4097,0.998463345066667,8.379825429637844e-05,0.9984650379708065,650.98178553462,25,1200,1,68,2.150248064788939,2.703131267947224,-0.23462522657320206,5.322629785882567,14309.239748172848,0,2,10,1,3,34,1,4,89,2,2,35,0.8,0.02,uniform,78,1
1200,14125.083145426479,12919.00124008961,2585,6.68355732925006e-05,10181,2572,30949,0.8990902987006932,0.3682999228868507,0.9999225089953504,12904.223638845599,1.1004786122897219,0.1830077723002282,0.9146141730339207,4097,0.9984790609371296,8.52771932619569e-05,0.9984950998632696,663.9957939225344,25,1200,1,68,2.1168869133107706,2.2332590714108678,-0.23729361092401552,4.82473320656967,14125.083145408717,0,0,10,0,2,34,0,2,89,2,2,35,0.8,0.02,uniform,79,1
1200,14086.777888671173,12900.036627821191,2559,6.698322464385941e-05,10148,2551,30886,0.8994162871420708,0.36828518746147615,0.9999223962880123,12885.48153212379,1.098942370889995,0.18165971098742115,0.9157549533165864,4097,0.9984352591531761,8.528200724207914e-05,0.9984639277911933,650.5109339190547,25,1200,1,68,2.1141656229871337,2.1122865664285997,-0.23363069178754256,4.693713572990818,14086.777888648057,0,0,10,0,0,34,0,1,89,2,2,35,0.8,0.02,uniform,80,1
1200,14127.628238713429,12915.475261128046,2585,6.692496249944173e-05,10184,2578,30947,0.8995035039070228,0.3682801567487871,0.9999224891828695,12900.925072270593,1.1009835665202656,0.18297480343632047,0.9141998248323264,4097,0.9984814003792248,8.533813588865616e-05,0.9984864323435795,660.1905246066492,25,1200,1,68,2.1167111772012435,2.335757928715834,-0.23789352924800733,4.928256164413092,14127.628238695504,0,0,10,0,3,34,0,5,89,2,2,35,0.8,0.02,uniform,81,1
1200,14305.67266521306,13112.112781674126,2572,6.601616975408979e-05,10301,2580,31381,0.900521417898471,0.3682683066712667,0.9999236542576327,13097.807364722723,1.0977914322879498,0.17978881945581648,0.9165673707576646,4097,0.9984542073509232,8.381170186282479e-05,0.9984619827629166,649.6876432931765,25,1200,1,68,2.1492661663015906,2.1359138636250212,-0.23501261123096914,4.75520525238855,14305.67266519536,0,0,10,0,1,34,2,1,89,2,2,35,0.8,0.02,uniform,82,1
1200,14250.273103147001,13049.341946304565,2583,6.626509641099826e-05,10265,2581,31244,0.8998341296076094,0.3682943376072499,0.9999232851748389,13034.790081272458,1.0989502021590454,0.1812596840287626,0.9157257444717165,4097,0.9984632408392834,8.430577261971411e-05,0.9984978799832446,665.225641542452,25,1200,1,68,2.1381275403609106,2.126039192148967,-0.23691797682687232,4.738002686163623,14250.273103126698,0,0,10,0,0,34,1,2,89,2,2,35,0.8,0.02,uniform,83,1
1200,15070.419418587962,13846.807170358637,2654,6.269215405746251e-05,10841,2689,33103,0.9021553393865843,0.36826772321505075,0.9999277090194195,13832.484302256062,1.0947427021673617,0.17610657847561545,0.9188070209432849,4097,0.9985032792727118,7.914002342325267e-05,0.9985163903493645,673.5316201169434,25,1200,1,68,2.2737851030546716,2.155247027746931,-0.23795146670626682,4.904935064214136,15070.41941856563,1,0,10,1,0,34,2,1,89,2,2,35,0.8,0.02,uniform,84,1
1200,14819.863192349418,13613.862696885088,2608,6.378893986152227e-05,10661,2647,32549,0.9024347515552648,0.36824946974781775,0.9999264727156025,13599.893483101383,1.0949621030339407,0.17598003207926707,0.9186226971321224,4097,0.9984715031274061,8.050958995446692e-05,0.9984723340883207,654.0932574169875,25,1200,1,68,2.2321983964309657,2.1152954859136592,-0.23777880229025597,4.823051486925137,14819.863192327331,0,0,10,1,0,34,5,0,89,2,2,35,0.8,0.02,uniform,85,1
1200,14122.199451721517,12919.251939352505,2585,6.681705977795843e-05,10178,2569,30947,0.8988809031527314,0.3683056099083157,0.9999225100156196,12904.393548443766,1.100223935745272,0.18304514171727582,0.9148186855396402,4097,0.9984494097149633,8.52563355962093e-05,0.9984810343589,657.8426119225959,25,1200,1,68,2.1173086159958436,2.1313584315779854,-0.2363912926206794,4.721449632815188,14122.199451699138,0,0,10,0,0,34,1,1,89,2,2,35,0.8,0.02,uniform,86,1
1200,14312.574023010555,13095.0184308086,2609,6.60028692562731e-05,10314,2602,31366,0.8995345846196949,0.3682796265798813,0.9999235517472016,13080.243678341878,1.1000249868932477,0.1822872668330287,0.9149310536145022,4097,0.9984580501264029,8.409498828273322e-05,0.9984722186553987,654.0437990032448,25,1200,1,68,2.14654441523176,2.260552396314555,-0.23888458859973097,4.884865988745777,14312.574022988945,0,0,10,0,0,34,1,4,89,2,2,35,0.8,0.02,uniform,87,1
1200,14101.219215813933,12899.674501299922,2582,6.6905517845551e-05,10163,2565,30900,0.8988363185372296,0.36830674601648034,0.9999223923138294,12884.821658731502,1.100263075391904,0.1831047344547622,0.9147914307178113,4097,0.9984556075533924,8.538887146052762e-05,0.9984865361810963,660.235854061387,25,1200,1,68,2.114225422859572,2.999356028623537,-0.23597777977336495,5.585537011029839,14101.219215797622,0,1,10,0,1,34,1,2,89,1,2,35,0.8,0.02,uniform,88,1
1200,15172.279535534073,13968.807001782907,2618,6.234940284925654e-05,10904,2682,33364,0.9039869849890073,0.36823994022209966,0.9999283448782129,13955.236514460332,1.092173686006133,0.17255152687297526,0.9206795174757632,4097,0.9984621940369776,7.825983848378496e-05,0.9984671577549153,651.8827270914734,25,1200,1,68,2.29296511089434,2.1716133134349014,-0.23574814502400154,4.936074714377245,15172.279535510048,0,0,10,2,1,34,3,1,89,2,2,35,0.8,0.02,uniform,89,1
1200,17251.663270860205,16029.413064987464,2726,5.4955213127868264e-05,12349,2921,38128,0.910692654372049,0.3681502187639748,0.9999375684727575,16017.048245951199,1.0809476498534392,0.15801374958462633,0.9291517468963562,4097,0.9984594983805137,6.748521264994581e-05,0.9984753159543782,655.3734637526674,25,1200,1,68,2.63906055328373,2.1171071545424294,-0.23621665852079177,5.228601024867744,17251.66327082713,1,0,10,2,0,34,2,1,89,2,2,35,0.8,0.02,uniform,90,1
1200,14093.418338321342,12896.827143123117,2574,6.69445468226479e-05,10156,2560,30889,0.8990299882979444,0.3683099427842379,0.9999223756773176,12882.060065469515,1.0998475521342312,0.18263844428722092,0.9150957442351243,4097,0.9984455563092016,8.537492128876193e-05,0.998482081100496,658.296598536584,25,1200,1,68,2.11343397847272,2.122912431885468,-0.2354690779116902,4.707284566181568,14093.41833830646,0,0,10,0,0,34,0,1,89,2,2,35,0.8,0.02,uniform,91,1
1200,20805.743797030158,19549.175849914536,2882,4.57772260105312e-05,14821,3329,46267,0.9203838971357355,0.36806792576791375,0.9999488205566308,19538.594877764426,1.0675635240536707,0.1385194409829934,0.9396047572548218,4097,0.9984814822206132,5.463730692262692e-05,0.9984845404377531,659.3657155770042,25,1200,1,68,3.231599955066856,2.114370356660003,-0.2360240110976259,5.818018333922111,20805.74379698689,1,0,10,3,0,34,6,0,89,2,1,35,0.8,0.02,uniform,92,1
1200,14318.139887803936,13116.721596166253,2585,6.597076531777849e-05,10312,2589,31400,0.9002170056448592,0.3682849629776515,0.9999236803662385,13102.288237154708,1.0984366401874714,0.18054021124642594,0.9160911751769487,4097,0.9984732410910669,8.383228208982367e-05,0.9984752054317333,655.3259236449196,25,1200,1,68,2.1500493859401253,2.1380487218755295,-0.23630726202372745,4.76071263186311,14318.139887783118,0,0,10,1,0,34,1,2,89,2,2,35,0.8,0.02,uniform,93,1
1200,14677.39503058339,13471.886943811067,2597,6.444190085336288e-05,10562,2631,32222,0.9021704921770057,0.3682667923014253,0.9999256972800468,13457.95751231319,1.0959635311123501,0.17693875477144363,0.9178663458835579,4097,0.9984660771363936,8.143307133181516e-05,0.9984685131269955,652.4600886712224,25,1200,1,68,2.210095542494722,2.218110924058242,-0.23613696259955633,4.900480391752077,14677.395030565669,0,0,10,2,2,34,3,4,89,2,2,35,0.8,0.02,uniform,94,1
1200,14270.583114785066,13058.088229311088,2604,6.614472155439651e-05,10283,2593,31276,0.8992441402861531,0.36828327832823743,0.9999233348847303,13043.24220259249,1.099908442744485,0.1824732723992281,0.9150353650077712,4097,0.9984893708696381,8.432460754953214e-05,0.9984997162797666,666.0404675141566,25,1200,1,68,2.139887065754847,2.127077499319262,-0.23854345337165758,4.744051471817424,14270.583114759029,0,0,10,0,0,34,1,1,89,2,2,35,0.8,0.02,uniform,95,1
1200,14997.120256136264,13789.272617225219,2630,6.29737748827042e-05,10785,2667,32955,0.902306204298222,0.3682568139791214,0.999927407952515,13775.113640977781,1.0938764156655143,0.17536700080296427,0.9194613620293643,4097,0.998474488034818,7.94067287091956e-05,0.9984820076177298,658.2647075893012,25,1200,1,68,2.264048810203395,2.1156295117420627,-0.23547123248212273,4.850620786909703,14997.120256113107,1,0,10,1,0,34,1,1,89,2,2,35,0.8,0.02,uniform,96,1
1200,15041.02292696705,13835.280188654577,2623,6.282254104757515e-05,10814,2670,33059,0.9029207284118161,0.36824693407486997,0.9999276507341747,13821.340320784984,1.0933464441639316,0.17438973484291573,0.9198363871814398,4097,0.9984652587888955,7.910281252813862e-05,0.9984749220816875,655.2040751968229,25,1200,1,68,2.2714895290841763,2.1349228542897074,-0.23534762540600096,4.877107634185885,15041.022926941063,1,0,10,1,0,34,3,3,89,2,2,35,0.8,0.02,uniform,97,1
1200,14298.029722742973,13086.275914130596,2608,6.598478998769218e-05,10302,2595,31340,0.8991242988841174,0.3682980202436198,0.9999234995972052,13071.326591478271,1.099638806920815,0.18240275412573936,0.9152502944734464,4097,0.998481522011864,8.412281165846003e-05,0.9985015449162505,666.8538790655563,25,1200,1,68,2.1450092526475264,2.139764464673447,-0.23799570113933965,4.760765119599653,14298.029722721196,0,0,10,0,0,34,2,1,89,2,2,35,0.8,0.02,uniform,98,1
1200,14412.041844669062,13205.655040345495,2594,6.555025322614294e-05,10379,2603,31610,0.9005639691955996,0.3682786607495514,0.999924195057127,13191.251904582385,1.0981498950309592,0.17998837555134542,0.9162931375494303,4097,0.9984734067026768,8.324519005892775e-05,0.9984775191433877,656.3225816090613,25,1200,1,68,2.164673152707817,2.1375357625516225,-0.23733382139997455,4.7768765580593895,14412.041844646752,0,0,10,0,0,34,3,2,89,2,2,35,0.8,0.02,uniform,99,1
1200,14306.350736314573,13110.69550602136,2578,6.599425362444786e-05,10303,2582,31380,0.9002473430485992,0.36829085766286,0.9999236453094096,13096.272336860553,1.0979992160080525,0.18019969225667906,0.9164248624732639,4097,0.9984691646777244,8.383739040720911e-05,0.9984893830845096,661.4810750417768,25,1200,1,68,2.149519592376408,2.153292240857175,-0.2348721970050028,4.772556227243589,14306.350736288465,0,0,10,1,1,34,1,1,89,2,2,35,0.8,0.02,uniform,100,1
1200,14162.3700613626,12962.978606747087,2586,6.65837059081608e-05,10204,2570,31044,0.8988772600086041,0.36831012888302994,0.9999227714879275,12948.085602224779,1.099573600519802,0.18259655614105552,0.9153113886010039,4097,0.9984681325460634,8.49184330827304e-05,0.9984924293103331,662.8186870199805,25,1200,1,68,2.1242072191765398,2.107561566041042,-0.23618779104763002,4.704144367312843,14162.37006134502,0,0,10,0,0,34,1,0,89,2,2,35,0.8,0.02,uniform,101,1
1200,14539.306159824293,13330.447962818424,2611,6.492590993386288e-05,10468,2619,31899,0.9004680634798117,0.3682869934716906,0.999924904505245,13315.878070242714,1.097419620146878,0.17958215965042681,0.9168558537995269,4097,0.9984664509187515,8.241126932931109e-05,0.9984664619925584,651.5867425644344,25,1200,1,68,2.1871243980073665,2.1596133548383794,-0.23609329529167844,4.818924343429103,14539.30615979427,0,0,10,2,1,34,3,2,89,2,2,35,0.8,0.02,uniform,102,1
1200,14412.213681007777,13216.010242210663,2586,6.54873417417549e-05,10376,2594,31623,0.9004855455989936,0.36828410328251854,0.9999242543328877,13201.575282259133,1.097228309553212,0.1794311448079483,0.9170007144444815,4097,0.9984694269888537,8.311029028211525e-05,0.9984893973972041,661.4873471986396,25,1200,1,68,2.1660373447779775,2.095729207307911,-0.23599826872053975,4.733763089526967,14412.213680991104,0,0,10,0,0,34,2,0,89,2,2,35,0.8,0.02,uniform,103,1
1200,14627.082620205438,13422.456404140028,2605,6.456387574641202e-05,10527,2625,32107,0.9012274026484598,0.3682707708833041,0.999925421224548,13408.140641729578,1.0963293084077357,0.17809429724568088,0.9176441230733616,4097,0.9984651812229242,8.176289731330383e-05,0.9984692111579588,652.7578348564251,25,1200,1,68,2.20146582864592,2.120330034622586,-0.23638127471721462,4.794558412702935,14627.082620178808,0,0,10,1,0,34,3,1,89,2,2,35,0.8,0.02,uniform,104,1
1200,14235.443143314862,13034.974951915594,2582,6.631407739187263e-05,10255,2579,31211,0.8997500073393092,0.3683007798888638,0.9999232003174535,13020.38714889223,1.0990323662015224,0.18137826648638886,0.9156704726847212,4097,0.9984611395421882,8.440533683302949e-05,0.9984687266334589,652.5511313660634,25,1200,1,68,2.137323929146459,2.2281373548132004,-0.23524992806903533,4.83596114009773,14235.443143292969,0,0,10,1,2,34,1,3,89,2,2,35,0.8,0.02,uniform,105,1
1200,19907.750099784706,18656.931997467807,2859,4.7747927445566345e-05,14198,3229,44207,0.9175932469694833,0.3680899145222247,0.9999463698381371,18645.72378573128,1.0706541912182768,0.14361241153167373,0.9371692885410278,4097,0.9984640154911103,5.741935757432732e-05,0.9984662958757596,651.516114466755,25,1200,1,68,3.082741753787382,2.109758970128658,-0.2352165961704671,5.662933916256974,19907.750099747092,1,0,10,2,0,34,4,1,89,2,1,35,0.8,0.02,uniform,106,1
1200,14256.134101466792,13048.90969909365,2600,6.615496801959565e-05,10272,2587,31249,0.8990755106297635,0.3683022054969942,0.9999232803053433,13033.962715003077,1.0995559942421789,0.18237763348006736,0.9153189501599223,4097,0.998487408337142,8.43576001361916e-05,0.998500485957419,666.3825926829209,25,1200,1,68,2.1393533463738894,2.1497187272756078,-0.23666900386742928,4.762410081384356,14256.134101447911,0,0,10,0,0,34,2,2,89,2,2,35,0.8,0.02,uniform,107,1
1200,14214.080035183462,13007.661696577854,2592,6.639046571309215e-05,10242,2582,31154,0.8992714475269649,0.3682979522958221,0.9999230375635723,12992.851639085204,1.0997942913137415,0.18235439744142012,0.9151251199079071,4097,0.9984726473869845,8.464284822907644e-05,0.9984766684386278,655.9557787889156,25,1200,1,68,2.1331004756705023,2.296435718927819,-0.23591286352411678,4.901361921646554,14214.080035167714,0,1,10,1,1,34,1,2,89,2,2,35,0.8,0.02,uniform,108,1
1200,14129.141335121614,12915.740295267582,2607,6.672345512764916e-05,10186,2578,30949,0.8980471009559524,0.3683167648817236,0.999922486374682,12900.457675455793,1.1012220563457022,0.1845122741832606,0.9141206807212119,4097,0.9984954801552995,8.535971386774703e-05,0.9985114351286409,671.2878639023089,25,1200,1,68,2.1162546249909036,2.1134165324889675,-0.2386022641918079,4.706875685863486,14129.141335096268,0,0,10,0,0,34,0,1,89,2,2,35,0.8,0.02,uniform,109,1
1200,14176.7556008466,12975.427749908258,2574,6.66614618797072e-05,10214,2574,31074,0.8999470989800984,0.3682779100817541,0.9999228485181959,12961.013844195346,1.0995503434650746,0.18156481443795838,0.9152607349126762,4097,0.9984563125885683,8.48319383169013e-05,0.9984655528940466,651.2004071100387,25,1200,1,68,2.1268065777349396,2.172091483329841,-0.23598602240210123,4.770870105868983,14176.755600822244,0,0,10,0,0,34,1,3,89,2,2,35,0.8,0.02,uniform,110,1
1200,14143.542305238385,12945.730809037681,2573,6.675948488857702e-05,10191,2567,31002,0.8995480714157804,0.3682774250581884,0.9999226704193603,12931.162000876788,1.0995193480105003,0.1819204796415839,0.915310360703834,4097,0.998460390076614,8.502537008708686e-05,0.9984683397247425,652.3861657546082,25,1200,1,68,2.1220387430882335,2.1420653195794106,-0.23521830778179384,4.734540678231232,14143.542305220164,0,0,10,0,0,34,1,1,89,2,2,35,0.8,0.02,uniform,111,1
1200,14370.509227621233,13172.200359547198,2583,6.571770409205709e-05,10348,2592,31524,0.9005306566629366,0.3682639752810641,0.9999240024761297,13157.823437286133,1.097732451612861,0.1797431085486709,0.9166133329659054,4097,0.9984656189256111,8.342494819503117e-05,0.9984721252620864,654.0037891544463,25,1200,1,68,2.1588867277057773,2.1220487935807397,-0.2361981435619406,4.753331808410398,14370.509227606306,0,0,10,0,0,34,3,1,89,2,2,35,0.8,0.02,uniform,112,1
1200,14755.809088809352,13555.920007420847,2595,6.407809030593416e-05,10615,2635,32410,0.9025027560927162,0.3682464046235557,0.9999261587316798,13542.062611587724,1.0948736834157833,0.17586294213904002,0.9186836130660916,4097,0.9984831067333549,8.0846861433899e-05,0.9984995510647807,665.9670744697636,25,1200,1,68,2.2217539336286527,2.126166500083893,-0.2375475811685417,4.823015596049629,14755.809088783166,0,0,10,0,0,34,4,1,89,2,2,35,0.8,0.02,uniform,113,1
1200,14098.690151214525,12898.647474623012,2576,6.69517019364255e-05,10160,2564,30896,0.8991471053481735,0.36828752083526806,0.9999223869513637,12883.931381946464,1.100118058925667,0.18271200887254704,0.9148826831627238,4097,0.9984636916792318,8.538351641318558e-05,0.9984822081881827,658.351760889717,25,1200,1,68,2.1141034970081374,2.1571893594092395,-0.23567819485590066,4.7426492461291785,14098.69015118423,0,0,10,0,0,34,0,3,89,2,2,35,0.8,0.02,uniform,114,1
1200,15301.051895434217,14087.44869524954,2646,6.177348245020188e-05,10997,2705,33647,0.9036030286635562,0.368239175106133,0.999928947379493,14073.576261280616,1.092197969880088,0.17292928735112373,0.9206849824130842,4097,0.9984751478009493,7.760352787254018e-05,0.9984796821402734,657.257061026301,25,1200,1,68,2.3135812646329534,2.1075558154422747,-0.2365940512689078,4.894325182613044,15301.051895411169,1,0,10,2,0,34,3,0,89,2,2,35,0.8,0.02,uniform,115,1
1200,14235.522934726243,13034.806908304428,2583,6.632208210758938e-05,10255,2579,31210,0.8997091624770049,0.3682745934738712,0.9999231993443899,13020.222174366656,1.099053855877765,0.18144749664931592,0.9156535357410174,4097,0.9984705606146909,8.440805668249025e-05,0.9984858948879605,659.9560019385661,25,1200,1,68,2.135813607235072,2.108469532491914,-0.23677354854946903,4.717830236825924,14235.522934707245,0,0,10,0,0,34,1,0,89,2,2,35,0.8,0.02,uniform,116,1
1200,14374.540263056415,13173.100960979946,2589,6.569477750569394e-05,10352,2595,31530,0.9003436120247792,0.36826699028903515,0.9999240072463279,13158.649408293659,1.0979999048622735,0.18011010805360594,0.9164189407041939,4097,0.998461698341686,8.34400363023243e-05,0.9984766171691666,655.933685755929,25,1200,1,68,2.1595258970679385,2.258960180818691,-0.23623081343762403,4.890947704761878,14374.540263033374,0,1,10,1,1,34,1,2,89,2,2,35,0.8,0.02,uniform,117,1
1200,14042.827828774758,12851.432007709178,2558,6.723969360267476e-05,10119,2550,30779,0.899452099585132,0.3682867261224917,0.9999221027558458,12836.92461434077,1.099724958794579,0.18215704352356119,0.915159835640488,4097,0.9984431118134252,8.566554361787314e-05,0.9984776045329425,656.3594221086411,25,1200,1,68,2.1064338337591595,2.192913210729236,-0.23403747103340766,4.767421986555211,14042.827828755402,0,0,10,0,1,34,0,3,89,2,2,35,0.8,0.02,uniform,118,1
1200,14194.251537158636,12989.420532197564,2588,6.650969053901176e-05,10228,2578,31110,0.8993203298289593,0.3683005612541516,0.9999229299197353,12974.703815417226,1.0997896613430824,0.18232733111886634,0.9151183842411847,4097,0.9984816178613715,8.476087747433711e-05,0.9984888166860255,661.2329613835996,25,1200,1,68,2.128193773842913,2.1292526599057413,-0.23751481568026625,4.7324760651091875,14194.251537139076,0,0,10,0,0,34,0,1,89,2,2,35,0.8,0.02,uniform,119,1
1200,14536.953258105706,13343.23559232739,2575,6.504076177075966e-05,10461,2606,31914,0.9019632384329568,0.3682569774805465,0.9999249804309588,13329.355293911787,1.095954976343757,0.17713477881372408,0.9178839166238147,4097,0.9984612679120671,8.221807001403078e-05,0.9984675372144307,652.0442663685294,25,1200,1,68,2.1877995954976783,2.42198674101692,-0.23502594751726744,5.079838231549133,14536.953258089676,0,1,10,1,1,34,3,3,89,2,2,35,0.8,0.02,uniform,120,1
1200,13937.387075961477,12723.30692946409,2602,6.761390200138716e-05,10054,2558,30506,0.8969959230298701,0.36833871463410867,0.999921310994027,12707.755583093152,1.1029401561258838,0.1866920955713286,0.912890404788185,4097,0.9984797867871659,8.67892645334824e-05,0.9984852747051389,659.68558747801,25,1200,1,68,2.086117054291465,2.1581030695245014,-0.23678079169862679,4.717781707213219,13937.387075940549,0,0,10,0,0,34,0,1,89,2,2,35,0.8,0.02,uniform,121,1
1200,14446.001354868933,13241.460592129753,2594,6.53888450637737e-05,10402,2605,31690,0.9006950125834402,0.3682757483394409,0.9999244003871351,13227.080957476483,1.0977141649976319,0.17956526074433107,0.9166177038787833,4097,0.9984785380479164,8.298676591042218e-05,0.9984909726524626,662.1783879861034,25,1200,1,68,2.170790711635288,2.1858851921474676,-0.23687618083940964,4.830428265461575,14446.001354848186,0,0,10,1,1,34,2,1,89,2,2,35,0.8,0.02,uniform,122,1
1200,14254.331343329113,13055.879341508407,2576,6.62573378248293e-05,10267,2579,31257,0.9001767326831798,0.3682922246889585,0.9999233243548431,13041.450901929687,1.098667390095142,0.18071700018433642,0.9159236604681867,4097,0.9984560561183344,8.42410309487426e-05,0.9984811339754815,657.8857900993868,25,1200,1,68,2.13990767691448,2.1443674803246835,-0.23581421363602245,4.755903584511208,14254.331343303016,0,0,10,0,1,34,2,2,89,2,2,35,0.8,0.02,uniform,123,1
1200,14204.87776446933,13001.460468653138,2575,6.655258284491714e-05,10234,2579,31136,0.9002059042015963,0.36827806499236504,0.9999230036715664,12987.132265715116,1.099502648154311,0.18127575912274652,0.9152814043337776,4097,0.9984439624982391,8.465766701135415e-05,0.9984673430713664,651.9616079531083,25,1200,1,68,2.130885572071512,2.4747268796918838,-0.2365940553362083,5.078800562435812,14204.877764446323,0,0,10,0,2,34,1,3,89,2,2,35,0.8,0.02,uniform,124,1
1200,14273.86128040042,13077.666027890238,2572,6.618399616031709e-05,10280,2579,31305,0.9004572234403321,0.3682747673977691,0.9999234529235171,13063.356197507876,1.0982838464210358,0.1801895051013028,0.9161967999399931,4097,0.9984654655510373,8.407041759201395e-05,0.9984764492543291,655.8613383144954,25,1200,1,68,2.1437403482737047,2.224611140364272,-0.23523653179080897,4.838824552219595,14273.861280387084,0,0,10,0,1,34,3,3,89,2,2,35,0.8,0.02,uniform,125,1
1200,14206.956007693236,12994.285519721614,2605,6.639470653417527e-05,10240,2586,31129,0.8987110079970171,0.36830220793203206,0.9999229567790132,12979.227310166487,1.1004770262775438,0.18336088311875967,0.9146424830685091,4097,0.9984895668560017,8.47842947268766e-05,0.998490640191707,662.0324223653857,25,1200,1,68,2.1293310576440647,2.1788154179591457,-0.23849494363465712,4.785136362872525,14206.956007672332,0,0,10,0,1,34,0,1,89,2,2,35,0.8,0.02,uniform,126,1
1200,14712.68696835373,13513.283950205509,2598,6.421928132596426e-05,10585,2629,32311,0.9019769945094882,0.36824962471664996,0.9999259244896274,13499.238233488746,1.0951804123312068,0.17658229292774127,0.9184783159780345,4097,0.998466465313461,8.112604799411626e-05,0.9984811548132941,657.8948228336673,25,1200,1,68,2.2164386782056016,2.1318677037331493,-0.23567581651656802,4.819658014971887,14712.686968333019,0,0,10,1,0,34,4,1,89,2,2,35,0.8,0.02,uniform,127,1
1200,14460.742513441126,13259.74438053217,2593,6.529073201537107e-05,10411,2603,31729,0.900647749082416,0.36826917801480863,0.9999245045144237,13245.325123074346,1.0972864665385567,0.17931306069448583,0.9169476856535798,4097,0.9984517323036936,8.284017460776659e-05,0.9984723916557887,654.1179255796259,25,1200,1,68,2.17375678563691,2.121388706499312,-0.23636696659983222,4.767879425335886,14460.742513420453,0,0,10,0,0,34,5,0,89,2,2,35,0.8,0.02,uniform,128,1
1200,14280.954250427285,13074.12120310363,2587,6.618387250808278e-05,10288,2590,31307,0.9001525340857972,0.3682807589878969,0.9999234314703639,13059.695935116824,1.0992271446541098,0.18115035974732552,0.9154935289224425,4097,0.9984785489039484,8.41662062025879e-05,0.9984794443552111,657.1542006906074,25,1200,1,68,2.1427901195550496,2.2219810710017516,-0.23736892217841032,4.839509034913622,14280.95425040076,0,0,10,0,1,34,1,4,89,2,2,35,0.8,0.02,uniform,129,1
1200,14392.574984566407,13187.089766299772,2593,6.563542002098837e-05,10365,2600,31566,0.9004428075359724,0.3682664665400158,0.9999240881630107,13172.67613669104,1.0982214784123157,0.1801623408445363,0.9162425612123395,4097,0.9984789353805916,8.336800984793901e-05,0.998479462063006,657.1618595657386,25,1200,1,68,2.1608796199416624,3.002354703583711,-0.23788287748224773,5.639000078489868,14392.57498454346,0,1,10,0,1,34,3,2,89,1,2,35,0.8,0.02,uniform,130,1
1200,14228.719671586041,13021.349062612631,2598,6.629161850909133e-05,10253,2584,31186,0.8990221431621555,0.36829099394736203,0.9999231178182821,13006.414959530368,1.099787203626226,0.18258845911400315,0.9151455199876865,4097,0.9984464663147024,8.45540396402447e-05,0.9984716305726892,653.791944946307,25,1200,1,68,2.135623035203647,2.2053312708673203,-0.2358302433923182,4.812614792855604,14228.719671575791,0,0,10,1,1,34,1,2,89,2,2,35,0.8,0.02,uniform,131,1
1200,14017.62235132869,12816.839676825579,2571,6.735445809368785e-05,10104,2556,30709,0.8989413847399005,0.36828865952270745,0.9999218909152143,12802.108073510612,1.1008555689645605,0.1834119892491113,0.9143376355556267,4097,0.9984536056993475,8.598682097355342e-05,0.9984601978127717,648.9339406448207,25,1200,1,68,2.10127041351265,2.2507738304292566,-0.23499997837214406,4.822044200686194,14017.622351308763,0,0,10,0,1,34,1,4,89,2,2,35,0.8,0.02,uniform,132,1
1200,14448.928421288838,13257.654025803282,2568,6.543426792681115e-05,10399,2594,31714,0.9016793799453803,0.36825960549643894,0.9999244954968197,13243.743156427936,1.0964071591219553,0.1777294429818302,0.9175527512662911,4097,0.9984519037187707,8.278367783320125e-05,0.9984616142357793,649.5318878961291,25,1200,1,68,2.173076366173998,2.1431778797150756,-0.23507837070349194,4.786410987296057,14448.928421264938,0,0,10,1,0,34,1,3,89,2,2,35,0.8,0.02,uniform,133,1
1200,14015.165894853015,12799.402227976387,2605,6.726453373354802e-05,10108,2568,30683,0.8974803874563329,0.36832602251230245,0.9999217800887806,12783.968607815357,1.10242040428488,0.18587007956549914,0.9132537084471394,4097,0.9984591380647977,8.623122614976731e-05,0.9984994183559215,665.9081332460415,25,1200,1,68,2.098098811913659,2.157740014574604,-0.23776217055896148,4.731363167606187,14015.165894835725,0,0,10,0,0,34,0,1,89,2,2,35,0.8,0.02,uniform,134,1
1200,14306.912891941838,13082.5902831345,2634,6.588173140448398e-05,10313,2607,31344,0.8981696223555865,0.3683087099423533,0.9999234752755113,13067.172000040546,1.1008111528905602,0.18410680346586597,0.9144244032200042,4097,0.9984636070483349,8.423927018947181e-05,0.9984971375882965,664.896781405056,25,1200,1,68,2.1454280533012953,2.1368317389208595,-0.23905742868567936,4.760374649593513,14306.912891921847,0,0,10,1,0,34,1,0,89,2,2,35,0.8,0.02,uniform,135,1
1200,14099.772201684491,12909.059939540972,2556,6.699933072700678e-05,10158,2556,30911,0.8999642659150661,0.36827789332494903,0.9999224519733414,12894.734638287298,1.0991664213453975,0.18127952448016404,0.9155509574827553,4097,0.9984368119301652,8.523818694499715e-05,0.9984488620886295,644.1878720528387,25,1200,1,68,2.115988470499272,2.2976888912080127,-0.23397356311146275,4.8816244879302095,14099.77220166441,0,0,10,0,3,34,0,3,89,2,2,35,0.8,0.02,uniform,136,1
1200,14323.18165271852,13121.975191365917,2587,6.591880316626996e-05,10316,2589,31412,0.9000926153919044,0.36828861588578093,0.9999237104433705,13107.454007009255,1.0983934765923862,0.18061629480967945,0.9161355004441617,4097,0.9984524984285358,8.379595133425304e-05,0.9984880067731422,660.8784979868775,25,1200,1,68,2.151150368354773,2.15850226485312,-0.23604657376096305,4.781745780729819,14323.181652694417,0,0,10,0,1,34,2,1,89,2,2,35,0.8,0.02,uniform,137,1
1200,14344.307975986996,13137.58295573387,2594,6.584026463024416e-05,10332,2596,31453,0.9001068975784147,0.3682924093636537,0.9999238010197146,13123.035193912032,1.0987374548917852,0.18083828124315723,0.9158742950671975,4097,0.9984808061795836,8.372267366422893e-05,0.9984922617891794,662.7449872536138,25,1200,1,68,2.152694558776787,2.1147905616755427,-0.23802343721845512,4.74353199488924,14344.307975971453,0,0,10,0,0,34,2,1,89,2,2,35,0.8,0.02,uniform,138,1
1200,14397.308511694042,13197.201755315746,2592,6.555319716309356e-05,10367,2596,31584,0.9002159820693946,0.36829053871714074,0.9999241456244906,13182.65512856252,1.0977182648014818,0.18003364989328935,0.9166436729890505,4097,0.9984541097987735,8.326673346206636e-05,0.9984585961982384,648.2591380730975,25,1200,1,68,2.164725936710152,2.1752939028939613,-0.23482548190231897,4.809670803408751,14397.308511674824,0,0,10,1,1,34,1,2,89,2,2,35,0.8,0.02,uniform,139,1
1200,20182.131767225776,18951.833457231583,2825,4.714695846335695e-05,14381,3239,44865,0.9194656273614641,0.3680819779721103,0.9999472065069809,18941.228280899075,1.0682873972310467,0.1399753025390302,0.939040220122232,4097,0.998444844387384,5.639862324859907e-05,0.9984503304051356,644.7987159558543,25,1200,1,68,3.1299789068360795,2.128585084084564,-0.23370972102724255,5.725983432975129,20182.131767179933,2,0,10,5,0,34,6,1,89,2,2,35,0.8,0.02,uniform,140,1
1200,14925.617540914163,13719.058435833074,2621,6.329230679963206e-05,10735,2658,32792,0.9023307942769031,0.36824376913510537,0.9999270363463847,13704.954017265829,1.0942673827968437,0.175604124440098,0.919161863703551,4097,0.9984484313652958,7.98417462811138e-05,0.9984704415427572,653.2833190703611,25,1200,1,68,2.252474173853145,2.202166925472513,-0.23512874962836447,4.924898598582386,14925.617540889056,1,0,10,1,1,34,1,1,89,2,2,35,0.8,0.02,uniform,141,1
1200,15846.094061458665,14634.89122071556,2660,5.9708814700132536e-05,11373,2761,34906,0.9060118900607377,0.3682113572012327,0.9999316103805532,14621.602121631275,1.0883260729780946,0.16786471099333747,0.923564580896372,4097,0.9984408969129241,7.443020596532917e-05,0.998449096934228,644.2854939953661,25,1200,1,68,2.4076699245283044,2.2813536366710583,-0.23334575237662436,5.155715065952612,15846.094061429574,1,1,10,1,2,34,2,3,89,2,2,35,0.8,0.02,uniform,142,1
1200,14453.387952612358,13261.795951984486,2574,6.53630649981838e-05,10403,2595,31724,0.9013183271276617,0.3682778417130117,0.9999245180093542,13247.693257356128,1.0964358305055628,0.1780897329013275,0.9175562155714156,4097,0.9984601423777463,8.276115910188274e-05,0.9984601601101271,648.9180393897936,25,1200,1,68,2.174222791247441,2.130718365523768,-0.2346752008496334,4.774291558470476,14453.387952582447,0,0,10,1,0,34,2,1,89,2,2,35,0.8,0.02,uniform,143,1
1200,15205.285422254516,13991.90049948956,2641,6.2161531610862e-05,10930,2694,33427,0.9032883767475803,0.3682494227746712,0.9999284614072342,13977.968976147997,1.0928494085181062,0.17368960375677145,0.9201997930937199,4097,0.9984500234109145,7.818090879051962e-05,0.9984730634704296,654.4059415313689,25,1200,1,68,2.2977677960749956,2.2366532429825168,-0.23644644096379544,5.007313920985104,15205.285422232748,1,0,10,2,1,34,2,2,89,2,2,35,0.8,0.02,uniform,144,1
1200,15278.435144802432,14073.713069894031,2628,6.189090183292831e-05,10978,2695,33607,0.9041002777137136,0.3682428567290205,0.99992887921075,14060.086364749453,1.0915617158193638,0.17200714438965425,0.9211488569679707,4097,0.9984523705141818,7.763273074448564e-05,0.9984751449080446,655.2998929619581,25,1200,1,68,2.3106921254632615,2.145800656500053,-0.2357137320001841,4.927920245963683,15278.435144780673,1,0,10,2,0,34,4,2,89,2,2,35,0.8,0.02,uniform,145,1
1200,21285.27239600446,20016.088710908436,2912,4.478536702706672e-05,15157,3391,47355,0.9213710703573444,0.368070330954497,0.9999500153920634,20005.65871710593,1.0665911570204398,0.13680820925489412,0.9403726829761282,4097,0.9984588801195149,5.331314081256017e-05,0.9984601745952199,648.9241484488167,25,1200,1,68,3.310042775491333,3.061047707365575,-0.2375026238347841,6.846095730526476,21285.2723959567,2,1,10,2,2,34,5,5,89,1,1,35,0.8,0.02,uniform,146,1
1200,14050.686002243046,12859.090080969501,2557,6.721671425481466e-05,10124,2551,30797,0.8995934496600102,0.3682809253609095,0.9999221494954248,12844.631896722636,1.0996707024125771,0.18198399705123305,0.9151930431664818,4097,0.9984219160723068,8.560991904961929e-05,0.9984417018160499,641.2255745941371,25,1200,1,68,2.1082624094737423,2.1535300923980203,-0.2335185908962231,4.728829683664209,14050.686002219792,0,0,10,0,0,34,0,2,89,2,2,35,0.8,0.02,uniform,147,1
1200,14576.357590189766,13383.678228181612,2583,6.480414088542995e-05,10488,2609,32006,0.9016351852441845,0.3682722380463573,0.9999252063259642,13369.614684492728,1.0955982132036044,0.17720476353697717,0.9181771334417005,4097,0.9984754953710813,8.1943815632744e-05,0.9984841307539054,659.1873780128303,25,1200,1,68,2.1938023916049656,2.097385035968987,-0.23559054009008853,4.762368507754129,14576.357590170324,0,0,10,1,0,34,2,0,89,2,2,35,0.8,0.02,uniform,148,1
1200,14478.362704884756,13279.325272550966,2594,6.519995698865474e-05,10423,2604,31772,0.9005974817041441,0.3682859896308501,0.9999246159071958,13264.898074422003,1.0969751609171088,0.17916390498525278,0.9171841832689235,4097,0.9984684421597347,8.26944773344028e-05,0.998491243632128,662.2974081539369,25,1200,1,68,2.177306168060252,2.1127454335135285,-0.2357542827500717,4.761560167073925,14478.362704861944,0,0,10,1,0,34,1,1,89,2,2,35,0.8,0.02,uniform,149,1
1200,14667.557757831797,13462.437702349269,2616,6.432213710512287e-05,10556,2629,32199,0.9008038554172665,0.36826189453844843,0.9999256416488914,13447.88857546679,1.0961104105174786,0.17835280032241066,0.9178377153593242,4097,0.9984579839636791,8.150496275929061e-05,0.9984701180675607,653.1450843702199,25,1200,1,68,2.2094055136258643,2.139107163827188,-0.23518744600901212,4.818887569471077,14667.55775780926,0,0,10,1,0,34,2,1,89,2,2,35,0.8,0.02,uniform,150,1
1200,15754.52817787286,14549.176626327215,2644,6.0061960920492306e-05,11308,2746,34702,0.9061059700027382,0.36819631464200914,0.9999312076108259,14535.991777811407,1.088414829869202,0.16782476568949123,0.9234917391408424,4097,0.9984636835685912,7.487465655971654e-05,0.9984691153380163,652.7169466339305,25,1200,1,68,2.3898003734453277,2.1261884437937284,-0.2359543228628847,4.987897462964826,15754.528177849275,0,0,10,4,0,34,6,2,89,2,2,35,0.8,0.02,uniform,151,1
1200,14147.8069802381,12939.217583126208,2595,6.668678233229198e-05,10197,2576,30998,0.8987200197573583,0.3682973838534895,0.9999226289969134,12924.238721328325,1.1005639628114723,0.18342065336519933,0.9145740821315933,4097,0.998486093672548,8.51517377638787e-05,0.9985031783994731,667.5821634334301,25,1200,1,68,2.1208570375002824,2.1649823765346383,-0.23711079253557327,4.760060999106067,14147.806980215133,0,0,10,0,1,34,1,1,89,2,2,35,0.8,0.02,uniform,152,1
1200,14190.925237662297,12977.870001994825,2606,6.646188092857012e-05,10229,2585,31092,0.8985476174579129,0.3683035315311622,0.9999228588874378,12962.75611972436,1.1006532721073032,0.18363848419719334,0.9145189467669057,4097,0.9984638277024184,8.490561795572888e-05,0.9984926842170504,662.9308628858828,25,1200,1,68,2.1278583556382107,2.159015041874151,-0.2372958506352758,4.761465098782914,14190.92523764092,0,0,10,0,0,34,2,2,89,2,2,35,0.8,0.02,uniform,153,1
1200,14444.8264409665,13249.403123190315,2579,6.540075025201378e-05,10398,2597,31699,0.9011474596676793,0.36826484068263393,0.9999244468976508,13235.22386084825,1.0968614448384362,0.1785414321549605,0.9172421127618477,4097,0.99845670548069,8.287128500497005e-05,0.9984684087559685,652.4155923723973,25,1200,1,68,2.1720666894330694,2.1051774508063588,-0.2354043840570517,4.748052908353532,14444.826440940727,0,0,10,1,0,34,3,1,89,2,2,35,0.8,0.02,uniform,154,1
1200,13944.847784111087,12743.818336893211,2575,6.763407708209124e-05,10054,2548,30541,0.8981231351093791,0.36830695112429573,0.999921440949215,12728.778033440283,1.1015413367423506,0.1846560134513611,0.9138728894132253,4097,0.9984588488774588,8.653604181522729e-05,0.9984737319558518,654.6927818715947,25,1200,1,68,2.0894176060405805,2.224310256763727,-0.23472369130810916,4.7831752454205265,13944.847784092139,0,0,10,0,2,34,0,2,89,2,2,35,0.8,0.02,uniform,155,1
1200,15116.435091701194,13914.413105508987,2615,6.255237204090457e-05,10865,2675,33237,0.9037220243154894,0.36824815408912054,0.9999280640106609,13900.747605772738,1.092452634013473,0.1729905221791092,0.9204824431884666,4097,0.9984514062269677,7.858666103423382e-05,0.9984520479756398,645.5147242476711,25,1200,1,68,2.2851793193443495,2.2355257853425594,-0.23422652926822163,4.989158163223353,15116.435091675427,1,0,10,1,1,34,4,3,89,2,2,35,0.8,0.02,uniform,156,1
1200,14444.559619629015,13252.710550836313,2567,6.545968336963204e-05,10396,2594,31703,0.9017474861961787,0.36824913565322237,0.9999244673764437,13238.812398292177,1.0964902360369388,0.17771396758345265,0.9174880300834458,4097,0.9984315331500541,8.282078423203674e-05,0.9984420523612301,641.36996577439,25,1200,1,68,2.1741309514348885,2.2634811116605382,-0.23329565183310205,4.904203366761632,14444.559619607944,0,0,10,1,2,34,1,4,89,2,2,35,0.8,0.02,uniform,157,1
1200,14065.482306345253,12855.481273510446,2591,6.709739180471728e-05,10141,2569,30807,0.8984783454803001,0.3683203437000868,0.9999221242858589,12840.473730050562,1.10137825083173,0.18420982256905205,0.9139737261416945,4097,0.9984665403152728,8.577061782318272e-05,0.9985080193547222,669.7498571452885,25,1200,1,68,2.1070753616079716,2.165096375975236,-0.23717168944644013,4.746515116476087,14065.482306326468,0,0,10,0,0,34,0,2,89,2,2,35,0.8,0.02,uniform,158,1
1200,15281.161656125014,14078.565451738603,2623,6.18905753461806e-05,10979,2693,33616,0.9043123794238181,0.3682331098222682,0.9999289042067251,14065.029808662452,1.0913487840939426,0.17164925409637596,0.9213020429042851,4097,0.9984579992526869,7.759030754499802e-05,0.9984659831692285,651.3832021196877,25,1200,1,68,2.3114179771600925,2.148857328723102,-0.23544229885652082,4.931159903596236,15281.161656099679,0,0,10,3,0,34,3,2,89,2,2,35,0.8,0.02,uniform,159,1
1200,14149.450725159466,12955.970354973186,2568,6.671780026763653e-05,10193,2564,31022,0.8996678701965163,0.368301481194463,0.999922731901883,12941.451774040122,1.0990598427133722,0.18149114406496217,0.9156518232849756,4097,0.9984551531707414,8.492226376376124e-05,0.9984739720678119,654.7958728314123,25,1200,1,68,2.1231173443056996,2.123729002625777,-0.2351244432175972,4.717095233366671,14149.45072513978,0,0,10,0,0,34,1,1,89,2,2,35,0.8,0.02,uniform,160,1
1200,14327.405397090379,13128.702426605854,2577,6.595876109199587e-05,10318,2588,31425,0.9006622717572315,0.36828683464284756,0.9999237511215967,13114.447005860087,1.0980832153801068,0.17986508572747856,0.9163349582662079,4097,0.9984657460867159,8.372761356651154e-05,0.9984657490298106,651.2837192994537,25,1200,1,68,2.152741002847249,2.207836079967767,-0.235159896663975,4.830896876142966,14327.405397067343,0,0,10,0,1,34,3,3,89,2,2,35,0.8,0.02,uniform,161,1
1200,13965.65163580075,12771.281789568222,2567,6.752300673055258e-05,10067,2544,30597,0.8984218619394824,0.3682969558439576,0.9999216107717391,12756.354757646915,1.1007163033971372,0.18380810770186562,0.9144780438908573,4097,0.9984312482311216,8.628430155777261e-05,0.9984666888772723,651.683232161286,25,1200,1,68,2.093748452451332,2.163530482571621,-0.2338601535128398,4.724999242048632,13965.65163578503,0,0,10,0,1,34,0,1,89,2,2,35,0.8,0.02,uniform,162,1
1200,14115.010611202286,12912.900712396333,2587,6.681546610168888e-05,10173,2567,30931,0.8986305257472676,0.3683036518265821,0.9999224712215986,12897.93616936353,1.1002237736513332,0.1832800605864826,0.9148346443429588,4097,0.9984688756925103,8.529900513950427e-05,0.9984980067384777,665.2818230465876,25,1200,1,68,2.1163379157516062,2.149626243348564,-0.23616385277813326,4.7382918646564365,14115.010611178437,0,0,10,0,0,34,0,2,89,2,2,35,0.8,0.02,uniform,163,1
1200,14216.09881644225,13012.412486334713,2592,6.635425171620782e-05,10243,2579,31162,0.8991206988505486,0.36829982773984904,0.9999230653934982,12997.551786786717,1.0995340693169982,0.18232850189547847,0.9153293497991614,4097,0.9984786739611444,8.459222095851767e-05,0.9985005537353737,666.412737114353,25,1200,1,68,2.1324750867639874,2.10449806310413,-0.23687471597355592,4.7107225818152285,14216.09881642526,0,0,10,0,0,34,2,0,89,2,2,35,0.8,0.02,uniform,164,1
1200,19579.139153001197,18335.689772921596,2837,4.853476962174697e-05,13968,3187,43460,0.9169475469683986,0.3681030872692392,0.9999454294489508,18324.401994311374,1.0715151994651937,0.14489911828248736,0.9364911107499332,4097,0.9984478804683835,5.847317489283722e-05,0.9984491126833687,644.2920417447776,25,1200,1,68,3.0295707633381963,2.1159662045924934,-0.23361909548974452,5.612775158910179,19579.139152967644,1,0,10,1,0,34,4,0,89,2,1,35,0.8,0.02,uniform,165,1
1200,14371.280317269744,13172.735293054622,2576,6.577138749796346e-05,10348,2592,31526,0.9010224526912256,0.3682787838397162,0.9999240069093787,13158.591061338127,1.0977066507373323,0.1792463818901689,0.9166013745640429,4097,0.9984542989368081,8.341812098558812e-05,0.9984556325678531,647.0141732950916,25,1200,1,68,2.16024003649402,2.3229121627730462,-0.23497334971415262,4.953098898695371,14371.280317249038,0,0,10,1,2,34,3,3,89,2,2,35,0.8,0.02,uniform,166,1
1200,14259.01583637959,13046.785638473328,2601,6.620854708026236e-05,10275,2592,31249,0.8993481823635194,0.36829493478901526,0.9999232685788979,13031.970729022458,1.0999713164458134,0.18241090618357866,0.9149850023440291,4097,0.9984787664260387,8.440236228271695e-05,0.9984827432240635,658.5840943175754,25,1200,1,68,2.138832627547249,2.2114796216311734,-0.23767001184600398,4.82565227287043,14259.015836359518,0,0,10,0,1,34,2,2,89,2,2,35,0.8,0.02,uniform,167,1
1200,15008.430419682878,13805.54440033759,2607,6.304899146685585e-05,10790,2665,32988,0.9035952763276847,0.36824887857012684,0.9999274965717863,13791.951256427092,1.0932715579211063,0.1737023744055899,0.9198526437669486,4097,0.9984598145961802,7.926593591840596e-05,0.9984600597716373,648.8757249870246,25,1200,1,68,2.264650953657472,2.182608100043095,-0.23675411628563295,4.920767286271833,15008.43041965863,0,0,10,1,1,34,3,1,89,2,2,35,0.8,0.02,uniform,168,1
1200,14179.835381809673,12974.561510072672,2583,6.663790675887006e-05,10218,2578,31076,0.899604595393108,0.3682837522640676,0.9999228426353902,12960.025603243668,1.0999140814148427,0.1821600836998116,0.9150008558432798,4097,0.9984720010203016,8.486647181960885e-05,0.9984948911647266,663.9036548338646,25,1200,1,68,2.125743762240825,2.2007879441771157,-0.23756213472297413,4.801655975863889,14179.835381782796,0,0,10,0,1,34,0,3,89,2,2,35,0.8,0.02,uniform,169,1
1200,14324.949450589647,13126.191073207061,2580,6.594420091272059e-05,10316,2587,31419,0.9004422399036606,0.3682770457823332,0.9999237359359363,13111.835564495426,1.0981254570418986,0.1801053475894675,0.916316746420823,4097,0.9984718029346217,8.37475102061798e-05,0.9984756942808198,655.5362489254892,25,1200,1,68,2.1511273237700723,2.144554014288553,-0.2363642513247722,4.768409840708169,14324.949450569067,0,0,10,0,0,34,2,2,89,2,2,35,0.8,0.02,uniform,170,1
1200,14339.596191683731,13154.858399838187,2555,6.590847396223035e-05,10322,2577,31471,0.9013905265397428,0.36825407635535956,0.9999239047334957,13140.921870974209,1.096655931791473,0.17817796023306262,0.9173799752790365,4097,0.9984251765922728,8.345032539339555e-05,0.998452088736697,645.5317357226031,25,1200,1,68,2.156230888662636,2.156085224701024,-0.233701809947874,4.779719733259408,14339.596191663059,0,0,10,1,1,34,1,2,89,2,2,35,0.8,0.02,uniform,171,1
1200,14768.393129776292,13570.683693816898,2601,6.39476106870638e-05,10623,2634,32441,0.9020538336932736,0.36826864824035727,0.9999262378478234,13556.588154812001,1.0946307106476287,0.17611936363989514,0.9189004907010127,4097,0.9984504053666643,8.074231705615808e-05,0.9984667434337233,651.7064382034475,25,1200,1,68,2.2262668806569654,2.1087749981709463,-0.2351319743026153,4.805305827433143,14768.393129757485,0,0,10,2,0,34,3,0,89,2,2,35,0.8,0.02,uniform,172,1
1200,15122.625118561726,13927.562205456785,2598,6.257234456117274e-05,10867,2670,33261,0.9044510166215807,0.36821746346759077,0.9999281336689064,13914.221738995482,1.0917610103665105,0.17179556985851469,0.9209751677545651,4097,0.998453095740898,7.846085824617209e-05,0.9984562223610197,647.2615532136919,25,1200,1,68,2.2864292505791717,2.303164513888591,-0.2340082691777145,5.057610302823192,15122.625118541317,0,1,10,2,2,34,4,2,89,2,2,35,0.8,0.02,uniform,173,1
1200,14155.53466117383,12950.421760635132,2583,6.670362709661052e-05,10201,2574,31020,0.8993861014051158,0.3682805050147385,0.9999226977775444,12935.73867122631,1.1001231955791932,0.18247279681245243,0.9148663099357093,4097,0.9984659750224215,8.504196799353224e-05,0.9984686415872196,652.5148631978523,25,1200,1,68,2.123018737951267,2.235649056460178,-0.2362370389081395,4.8311418722277235,14155.534661156438,0,0,10,0,2,34,2,3,89,2,2,35,0.8,0.02,uniform,174,1
1200,14180.616739441377,12977.7821643286,2576,6.664407411082065e-05,10218,2575,31081,0.8999264298457765,0.36827409431339103,0.999922862495387,12963.362449541875,1.0996603378987435,0.1816564150440101,0.9151775555877438,4097,0.9984783276033172,8.482505438768107e-05,0.9984823000331282,658.3916318976082,25,1200,1,68,2.127325264131527,2.1873756047443855,-0.23611085910535218,4.786922587086616,14180.616739421273,0,0,10,0,1,34,1,4,89,2,2,35,0.8,0.02,uniform,175,1
1200,14291.856785094053,13082.703117080833,2598,6.605384577957783e-05,10297,2592,31329,0.8995974906946355,0.3682866498527879,0.9999234800072129,13067.980054538953,1.0994080261269827,0.18178183836194262,0.9153956210032606,4097,0.9985109562829972,8.412669422963386e-05,0.9985142331442753,672.5529840880606,25,1200,1,68,2.144423604405331,2.1784878566072527,-0.23755252644005875,4.798016513892701,14291.856785072338,0,0,10,0,1,34,3,2,89,2,2,35,0.8,0.02,uniform,176,1
1200,14313.041936360585,13120.234264676645,2562,6.607107369370698e-05,10306,2581,31399,0.9012236443762746,0.36826852788220876,0.9999237035214661,13106.264803967062,1.0976046855392299,0.17899758914920405,0.9166628815183058,4097,0.9984808722005575,8.374337232926704e-05,0.9984863724457758,660.1643795180656,25,1200,1,68,2.1496918995774257,2.9956260787460423,-0.2358150898120376,5.616948157947543,14313.041936336778,0,1,10,0,1,34,2,2,89,1,2,35,0.8,0.02,uniform,177,1
1200,14814.165541116692,13614.521689115953,2608,6.37367134097933e-05,10655,2640,32544,0.9020144495031558,0.3682626147552091,0.9999264753338436,13600.377798238838,1.0944757477681926,0.17604771546271036,0.9190204909840429,4097,0.9984600277568865,8.047096397087286e-05,0.9984762838771705,655.7900998379936,25,1200,1,68,2.234142113529008,2.1144484812072073,-0.23488547665292778,4.818361548042071,14814.165541091612,0,0,10,2,0,34,4,0,89,2,2,35,0.8,0.02,uniform,178,1
1200,14056.169862970997,12848.492353362655,2590,6.710989510155434e-05,10134,2566,30788,0.8983301546035175,0.3683134599872692,0.999922081509553,12833.42419125339,1.1012479789560137,0.1842607214660226,0.9140820350506863,4097,0.9984786440904899,8.580758012806214e-05,0.9984972121273853,664.9297854566354,25,1200,1,68,2.105978346614439,2.1591478199338816,-0.23671663054444994,4.73855942763722,14056.169862953333,0,0,10,0,1,34,0,1,89,2,2,35,0.8,0.02,uniform,179,1
1200,14173.783648331028,12977.30013913044,2570,6.665560072659907e-05,10211,2569,31074,0.8999106266201027,0.36827835731673053,0.9999228597117584,12962.894644993958,1.0991227908381223,0.18132067370046384,0.9155847486537955,4097,0.9984415035263393,8.478664889831106e-05,0.9984559346707759,647.1408622365759,25,1200,1,68,2.126742491684943,2.16861841276346,-0.23555478303300276,4.766470470514409,14173.783648307675,0,0,10,0,0,34,1,2,89,2,2,35,0.8,0.02,uniform,180,1
1200,16189.540459885933,14972.31461210343,2675,5.8508737267918783e-05,11612,2803,35689,0.9074796548080409,0.36818127226339586,0.9999331545157384,14959.373664972376,1.0866338299598317,0.16523013773170725,0.924814058138431,4097,0.9984605453630772,7.263656457911294e-05,0.9984612427857904,649.3749726721675,25,1200,1,68,2.462581420031423,2.1420539797919487,-0.2356753232772765,5.075986046377925,16189.540459852198,1,0,10,2,1,34,4,2,89,2,2,35,0.8,0.02,uniform,181,1
1200,14364.434821177792,13153.46902028393,2601,6.575793210914338e-05,10348,2602,31494,0.9000372403192297,0.36829636605289695,0.999923892963584,13138.889557240507,1.0989726083603215,0.18107221289105577,0.9156969406754166,4097,0.9984813875692784,8.363954832512215e-05,0.9984820712354041,658.2923169842423,25,1200,1,68,2.1563226882869,2.209056926289564,-0.23774978190575388,4.840879178387972,14364.434821155925,0,0,10,1,1,34,2,2,89,2,2,35,0.8,0.02,uniform,182,1
1200,14364.788555952156,13168.722850468223,2577,6.57710337181107e-05,10343,2589,31514,0.9007668238002415,0.36826776564356395,0.9999239831998273,13154.486756178416,1.0975471866103432,0.17939700190938077,0.9167362818585774,4097,0.9984470756879148,8.343202516485613e-05,0.9984584932498768,648.215811167899,25,1200,1,68,2.1594006927566505,2.1820297366165597,-0.23473073323220991,4.81089189583763,14364.788555933163,0,0,10,1,1,34,1,3,89,2,2,35,0.8,0.02,uniform,183,1
1200,14854.629699599636,13647.243570775416,2614,6.363547613208445e-05,10686,2652,32627,0.9023675832756921,0.36824360685684215,0.9999266524667313,13633.22365759277,1.0948386303975806,0.1759720742194235,0.9187198770187612,4097,0.9984561580786737,8.030371286711356e-05,0.998459838074266,648.7822510828769,25,1200,1,68,2.2391736575220413,2.1605176916864046,-0.23659795907433304,4.872887267357112,14854.629699578247,0,0,10,2,0,34,3,2,89,2,2,35,0.8,0.02,uniform,184,1
1200,14071.71768692999,12865.033705726526,2584,6.708876710273815e-05,10144,2567,30825,0.8988075431445988,0.3682930053906673,0.9999221832026194,12850.195905720719,1.1009837890695324,0.18363074483792804,0.914247570335763,4097,0.9984772043805991,8.567503243364962e-05,0.9984921439872748,662.6931709318503,25,1200,1,68,2.1084044121199113,2.3483520512542926,-0.23688186903222525,4.930520201438654,14071.717686912818,0,0,10,0,2,34,0,4,89,2,2,35,0.8,0.02,uniform,185,1
1200,14804.21759970832,13604.145944481192,2601,6.384221531516768e-05,10648,2640,32521,0.9024425431138705,0.36825823211187336,0.9999264203582707,13590.215801909162,1.094548799478156,0.17569317544016957,0.9189371780612863,4097,0.9984700839720175,8.053650852107712e-05,0.9984758155126761,655.5884293037175,25,1200,1,68,2.231361813482033,2.1377930622875057,-0.2360077864644762,4.841170448698491,14804.217599679054,0,0,10,1,0,34,4,2,89,2,2,35,0.8,0.02,uniform,186,1
1200,14714.20160924149,13512.432237824822,2603,6.42138527701059e-05,10587,2632,32311,0.901805436598961,0.3682652351254562,0.9999259195067085,13498.330192825704,1.0953882888547373,0.17690392378239156,0.9183258865596976,4097,0.9984593942313031,8.114690478445241e-05,0.9984734742855262,654.5821883837749,25,1200,1,68,2.21656920708832,2.2565820491215898,-0.2357977277812407,4.944746711772392,14714.201609217365,0,1,10,1,1,34,1,2,89,2,2,35,0.8,0.02,uniform,187,1
1200,14911.836962019717,13698.348414337152,2636,6.331189039573187e-05,10728,2663,32751,0.9016631816766003,0.36825854475008596,0.9999269243402259,13683.947087392236,1.0950215415002356,0.17677231897812876,0.9186224641019543,4097,0.9984545319669195,8.001942161216385e-05,0.9984846822205269,659.4274568358809,25,1200,1,68,2.2488092627989342,2.1203167365646487,-0.2364968975339953,4.842119794431573,14911.836961997578,1,0,10,1,0,34,1,0,89,2,2,35,0.8,0.02,uniform,188,1
1200,15128.87732482748,13927.793820880803,2613,6.250832275482954e-05,10873,2676,33267,0.9038761682557538,0.368231496575675,0.9999281334772846,13914.184637375169,1.0922766867030658,0.17271605446306948,0.9206098722225992,4097,0.9984330105042735,7.849812731635277e-05,0.9984411732133753,641.0079635064778,25,1200,1,68,2.287983834826691,2.2217363565181523,-0.233495719307547,4.976711629959937,15128.877324805428,1,0,10,1,2,34,3,3,89,2,2,35,0.8,0.02,uniform,189,1
1200,14148.305595934306,12956.67076467825,2555,6.680915295715226e-05,10191,2562,31022,0.9004433779669553,0.36828687863137166,0.9999227381849132,12942.504230210434,1.0988336581024838,0.1805869955716967,0.9157754387494651,4097,0.9984336058775833,8.489788290386647e-05,0.9984461477362406,643.0616962834035,25,1200,1,68,2.12423779840121,2.2536358220908492,-0.23381313425110695,4.845499888994272,14148.3055959139,0,0,10,0,2,34,2,4,89,2,2,35,0.8,0.02,uniform,190,1
1200,14144.518328546847,12941.20431691526,2592,6.66566122585789e-05,10194,2571,30997,0.8985724852551711,0.36829065936721694,0.9999226405833679,12926.174515357077,1.1001081117082694,0.1832512030309831,0.9149271835433925,4097,0.9984868885361265,8.510372175409517e-05,0.9985038174595472,667.8675195212631,25,1200,1,68,2.1209564189429706,2.1110562272403794,-0.23646330247798744,4.704939251139325,14144.51832852575,0,0,10,0,0,34,1,0,89,2,2,35,0.8,0.02,uniform,191,1
1200,19400.67279870414,18153.523099992413,2841,4.895632900869497e-05,13845,3172,43044,0.9161358620301018,0.3681004460329296,0.9999448808597803,18142.018111868132,1.0725044112700977,0.14643822044098198,0.9357161624417979,4097,0.9984412229412417,5.9115521031384215e-05,0.9984592883754558,648.5505985033349,25,1200,1,68,2.999533672016686,2.1332079436147655,-0.233911794426801,5.6005652044850525,19400.672798660922,1,0,10,1,0,34,2,1,89,2,1,35,0.8,0.02,uniform,192,1
1200,14361.743154029089,13160.24885106154,2589,6.574668674375619e-05,10343,2593,31500,0.9002530714802791,0.36827398321369653,0.9999239327736572,13145.766106922012,1.0981104823604726,0.18027059614094781,0.9163406356678592,4097,0.9984777347787639,8.353021861141185e-05,0.9984850676558694,659.5953583687764,25,1200,1,68,2.1569263596286077,2.118928775151616,-0.2366974993733517,4.749250133526927,14361.743154011756,0,0,10,0,0,34,2,1,89,2,2,35,0.8,0.02,uniform,193,1
1200,14044.49505589576,12825.681380294192,2610,6.713623602462412e-05,10129,2574,30747,0.8975455087510813,0.36833457597979413,0.9999219405362703,12810.246470849877,1.1024625040871416,0.18583793789754968,0.9132176934271539,4097,0.9984634718877711,8.605763185111564e-05,0.9985037031663088,667.81646687243,25,1200,1,68,2.102099972150732,2.2050905402958927,-0.2386492038288414,4.784488920104307,14044.49505587744,0,0,10,0,0,34,0,3,89,2,2,35,0.8,0.02,uniform,194,1
1200,14439.286033484304,13232.66089745935,2602,6.538453626348323e-05,10398,2606,31672,0.9002384262143724,0.3682893613327362,0.9999243489868265,13218.09361260987,1.0979885963789435,0.18020281570474012,0.9164345707102952,4097,0.9984815633559893,8.306394976922823e-05,0.9984907169711783,662.066126387426,25,1200,1,68,2.169501557894638,2.126866611112856,-0.23704611434948647,4.770460397706467,14439.286033464747,0,0,10,1,0,34,2,1,89,2,2,35,0.8,0.02,uniform,195,1
1200,14113.344569901983,12912.624718914869,2574,6.691974883084298e-05,10170,2566,30929,0.8994413908850492,0.3683017956779428,0.9999224718481026,12898.04040145401,1.1000379111199117,0.1823805822391167,0.914923082545029,4097,0.9984639899151139,8.528390626661202e-05,0.9984815761109513,658.0774992951816,25,1200,1,68,2.1162556643980306,2.2109011918855073,-0.2359684305820167,4.799093717447572,14113.344569880284,0,0,10,0,1,34,0,2,89,2,2,35,0.8,0.02,uniform,196,1
1200,14660.484267480842,13451.198086185173,2613,6.443084492115164e-05,10552,2632,32178,0.9012122063632191,0.3682816968413892,0.9999255805854801,13436.853760300222,1.0964986537966401,0.1782342214844858,0.9175138993206352,4097,0.9984732528628385,8.160078783763946e-05,0.9984757607720223,655.5648669108691,25,1200,1,68,2.206210242981175,2.1308192092794713,-0.23720380159563623,4.811437055451918,14660.484267460868,0,0,10,2,0,34,2,0,89,2,2,35,0.8,0.02,uniform,197,1
1200,14238.538493049944,13041.911306471613,2569,6.637218625162585e-05,10256,2576,31223,0.9004403850719672,0.36826484426475553,0.9999232432203788,13027.66512684155,1.0985914049779175,0.180425821179187,0.915958566452419,4097,0.9984678967472947,8.432433836616204e-05,0.9984786151666095,656.7957643729533,25,1200,1,68,2.1378321458935625,3.0553311960720055,-0.23525760294370499,5.663678547852978,14238.538493023605,0,1,10,0,2,34,1,3,89,1,2,35,0.8,0.02,uniform,198,1
1200,14187.925628145329,12997.55190746273,2563,6.655742171574298e-05,10219,2565,31114,0.90010023017713,0.3682802658543732,0.9999229803593773,12983.201188696632,1.0984341947670087,0.18064656294191753,0.9160995235046064,4097,0.9984570603526746,8.460100692882359e-05,0.9984598973680368,648.8072483833212,25,1200,1,68,2.13056134024457,2.1394595225333983,-0.23409293110924478,4.738206724996458,14187.925628122888,0,0,10,0,0,34,2,2,89,2,2,35,0.8,0.02,uniform,199,1
1200,19887.644109989116,18629.336336898054,2860,4.784425650610525e-05,14186,3233,44151,0.91780597862786,0.36808603310548765,0.9999462906404264,18618.228796964187,1.0711810739038006,0.14380788313501078,0.9367291688179877,4097,0.9984745616603816,5.753244946707875e-05,0.9984745629805474,655.0497166953589,25,1200,1,68,3.0766265130744275,2.1062904093484387,-0.237980838583358,5.658878599589582,19887.644109946716,1,0,10,1,0,34,2,1,89,2,1,35,0.8,0.02,uniform,200,1
1200,14525.160721578379,13319.025191278792,2608,6.496948804490987e-05,10458,2615,31870,0.9004031186658905,0.36828437460562935,0.999924839829555,13304.419262544836,1.0972890323600322,0.1795505089403652,0.9169623280995598,4097,0.9984741818848567,8.247243069959286e-05,0.9984852157483242,659.6598924298547,25,1200,1,68,2.1850426171386976,2.138186831018368,-0.2358175031209692,4.794864454399004,14525.160721558,0,0,10,1,0,34,2,2,89,2,2,35,0.8,0.02,uniform,201,1
1200,15069.794735698044,13873.567019326938,2605,6.27447314220922e-05,10831,2665,33138,0.903730027988384,0.3682302858925021,0.9999278523846628,13859.971962819485,1.0922688286896212,0.1728623412387398,0.9206208354293357,4097,0.9984518898479148,7.880459129721845e-05,0.998476955868737,656.0796656975965,25,1200,1,68,2.277103180125804,2.126001820061687,-0.23452927581983493,4.87216355182716,15069.794735673831,0,0,10,2,0,34,3,2,89,2,2,35,0.8,0.02,uniform,202,1
1200,14379.929974072262,13185.582763062244,2581,6.565172861004392e-05,10353,2589,31551,0.9004936984539552,0.36827526960316265,0.9999240797067854,13171.208869635066,1.0972978478396433,0.17948627042368587,0.9169434612572185,4097,0.9984627370540271,8.330717435192489e-05,0.9984650738963669,650.9970337327705,25,1200,1,68,2.161904642659146,2.1272231686390644,-0.2347503530161717,4.758628517330554,14379.929974051909,0,0,10,1,0,34,2,0,89,2,2,35,0.8,0.02,uniform,203,1
1200,14384.903959591127,13188.128280610827,2581,6.56493417342833e-05,10357,2592,31560,0.9006695657676009,0.36827316408500843,0.9999240946394127,13173.800099258478,1.0974724159915117,0.17942420799265188,0.9168033598039873,4097,0.998449431557707,8.330403947053623e-05,0.998458332256849,648.1480671520458,25,1200,1,68,2.1630776562859912,2.222415203954653,-0.2344063369755132,4.8543055341916705,14384.903959569026,0,0,10,1,1,34,2,2,89,2,2,35,0.8,0.02,uniform,204,1
1200,14958.222782667333,13751.694720631214,2619,6.317201917523852e-05,10757,2662,32867,0.9026718807120474,0.3682561975718027,0.9999272102404583,13737.69622230282,1.0940128584214206,0.17508764497308704,0.9193401462482449,4097,0.9984830164412704,7.963293290044748e-05,0.9984909044741175,662.1484493028288,25,1200,1,68,2.2562014957047576,2.132643971603746,-0.23683563473616642,4.862516736780837,14958.222782645544,0,0,10,2,0,34,4,1,89,2,2,35,0.8,0.02,uniform,205,1
1200,14568.43035601413,13357.661007180592,2616,6.479397532198111e-05,10489,2624,31964,0.9004541335156518,0.3682905268270358,0.9999250574685487,13343.057792428179,1.0973745264687986,0.17956635931749945,0.9168908853427913,4097,0.998486656316308,8.224002496398121e-05,0.998490056703212,661.7763993784358,25,1200,1,68,2.1902028647856566,2.1343133932926213,-0.23786886121216963,4.800253980502617,14568.430355986959,0,0,10,1,0,34,2,1,89,2,2,35,0.8,0.02,uniform,206,1
1200,14264.497550527269,13066.146323346777,2583,6.616303578098189e-05,10275,2580,31280,0.899767353293651,0.3683015062961803,0.999923383686566,13051.5505971858,1.0986076403763154,0.18107893326425106,0.9159906458018778,4097,0.9984431759401743,8.417126731648417e-05,0.9984625906261007,649.9447155432437,25,1200,1,68,2.142649228230911,2.173937377257692,-0.23476703018760528,4.786120665863814,14264.4975505111,0,0,10,1,1,34,1,1,89,2,2,35,0.8,0.02,uniform,207,1
1200,14527.498757995134,13330.888368049335,2588,6.50147090629129e-05,10456,2607,31888,0.9011977853055196,0.368281628470992,0.999924909075296,13316.688508085508,1.0963423279701467,0.17814491283819298,0.9176313548616033,4097,0.9984545471051198,8.232535919966426e-05,0.9984674951868858,652.0263709309695,25,1200,1,68,2.186194471746864,2.4381069273013027,-0.23505532124902045,5.0944120415462075,14527.498757975307,0,1,10,1,2,34,2,2,89,2,2,35,0.8,0.02,uniform,208,1
1200,14480.22279695847,13286.312839062004,2585,6.5193229587128e-05,10422,2599,31783,0.9008995718500058,0.3682783634533227,0.9999246562980861,13272.00950145962,1.0964763286732309,0.17851935265408844,0.9175489234773899,4097,0.9984515742492859,8.261258566338996e-05,0.9984763141600423,655.8031434432995,25,1200,1,68,2.178689118319213,2.1181560893058697,-0.2346813478371479,4.766207903299378,14480.222796938166,0,0,10,1,0,34,2,0,89,2,2,35,0.8,0.02,uniform,209,1
1200,14145.631091233088,12939.380041496208,2588,6.672072372153879e-05,10195,2574,30996,0.8990420264706561,0.3682881522667226,0.9999226308177621,12924.542899205928,1.1003377391641411,0.18295401479852968,0.9147262471389864,4097,0.9984637228599628,8.513223106506024e-05,0.998470788503908,653.4316553220083,25,1200,1,68,2.121763764068938,2.1534730522097725,-0.23584141779970874,4.746919651878128,14145.63109121188,0,0,10,1,0,34,1,3,89,2,2,35,0.8,0.02,uniform,210,1
1200,14173.683829455138,12958.934788266086,2598,6.664435116815462e-05,10217,2585,31050,0.8991003814180389,0.3682883152628109,0.9999227478139057,12944.11749317404,1.1008973282564447,0.1832974427298109,0.9142954608127625,4097,0.9984766121439262,8.50467252735525e-05,0.998502693540885,667.3658246247087,25,1200,1,68,2.1234526705079624,2.2388976377809797,-0.23882796773097692,4.840006243750896,14173.683829433636,0,0,10,0,1,34,0,3,89,2,2,35,0.8,0.02,uniform,211,1
1200,14383.689999786791,13186.875243871877,2588,6.559613717849999e-05,10357,2591,31557,0.9001829725334111,0.36827374389175,0.9999240861370293,13172.324572318146,1.0975250670862182,0.17992601342481393,0.9167936213911274,4097,0.9984513960638198,8.33173675498593e-05,0.9984695637197452,652.9083238654739,25,1200,1,68,2.163110007518975,2.13806317462319,-0.23417165910895427,4.769516500360074,14383.689999767576,0,0,10,1,0,34,2,1,89,2,2,35,0.8,0.02,uniform,212,1
1200,14187.58837079128,12975.617312276094,2599,6.653575602322091e-05,10226,2584,31085,0.8989535676287707,0.3682873283537898,0.9999228468062727,12960.726246045835,1.1005388029385603,0.18318828627356395,0.914575259244881,4097,0.9984872237361597,8.491008346762345e-05,0.9985080305925503,669.7549056103891,25,1200,1,68,2.1256784259158894,2.1152318487302173,-0.2389196358797218,4.71874954640555,14187.588370773668,0,0,10,0,0,34,0,1,89,2,2,35,0.8,0.02,uniform,213,1
1200,14425.364561106922,13212.30881195304,2613,6.542118159773188e-05,10391,2610,31631,0.8997716905941306,0.36829876679604423,0.9999242310479738,13197.518090254543,1.0987220565471292,0.18113926957832757,0.9159081391658916,4097,0.9984750553515945,8.324901879303073e-05,0.9985049009356263,668.3518757134881,25,1200,1,68,2.1657885714852454,2.1331867471552832,-0.23843885536189777,4.775853029364324,14425.364561082859,0,0,10,1,0,34,3,2,89,2,2,35,0.8,0.02,uniform,214,1
1200,14190.406247862822,12990.181920934112,2584,6.647698478684629e-05,10224,2573,31107,0.8992657857155825,0.36830740906381554,0.9999229339651027,12975.384912690663,1.0994079822736302,0.18209485724830246,0.9154200164558733,4097,0.9984644653621397,8.472701392847575e-05,0.9984813140448545,657.96385440335,25,1200,1,68,2.1290246907594645,2.103959990827033,-0.23604301721430593,4.7050707160151095,14190.406247842624,0,0,10,0,0,34,1,0,89,2,2,35,0.8,0.02,uniform,215,1
1200,14417.459795647712,13223.636614047617,2584,6.545148210980353e-05,10379,2592,31638,0.9005137438106924,0.368290815588484,0.9999242980457796,13209.198611103488,1.096972369118145,0.17922713408779875,0.9171960110504014,4097,0.9984527691554618,8.304295206835514e-05,0.9984783107797096,656.6642839795527,25,1200,1,68,2.1680249198017054,2.106121418700435,-0.23488504613599034,4.743916430774121,14417.459795626175,0,0,10,1,0,34,3,0,89,2,2,35,0.8,0.02,uniform,216,1
1200,13999.735652781152,12799.813423447566,2579,6.734345745611373e-05,10092,2553,30668,0.8981837355239242,0.3683032729909256,0.9999217847224665,12784.725994525379,1.1009882023636683,0.1842177641038288,0.9142896509552869,4097,0.9984610494075523,8.611409780916628e-05,0.9985087191227173,670.0643650157101,25,1200,1,68,2.0982356088384355,2.123872410870669,-0.23505366662075133,4.6922153529506065,13999.73565275512,0,0,10,0,0,34,0,0,89,2,2,35,0.8,0.02,uniform,217,1
1200,15114.035086301274,13910.928052255762,2623,6.251083377396065e-05,10864,2675,33230,0.9032465838363142,0.3682437474609449,0.9999280448325588,13897.042527239806,1.0925990707178739,0.1735473012350869,0.9203980255983422,4097,0.9984452355381466,7.86181490798755e-05,0.9984631133601694,650.1659483511044,25,1200,1,68,2.284785454956018,2.141165371058748,-0.23422039275714293,4.894391611529052,15114.035086278966,1,0,10,1,1,34,2,1,89,2,2,35,0.8,0.02,uniform,218,1
1200,14042.331613091215,12824.077809817834,2607,6.717229577227393e-05,10128,2573,30743,0.8977103736090934,0.3683267530754427,0.9999219314004868,12808.747325142043,1.1024084085218362,0.18565292943015088,0.9132441935684212,4097,0.9984862905716737,8.606348054501474e-05,0.998496024636878,664.4043833318859,25,1200,1,68,2.1017840941993216,2.1477430250004685,-0.23860450797920732,4.7267361351582045,14042.331613071172,0,0,10,0,0,34,0,0,89,2,2,35,0.8,0.02,uniform,219,1
1200,14111.020145995471,12904.560169542829,2581,6.694222155669147e-05,10171,2571,30916,0.8992924711574218,0.3682949837163331,0.9999224229040599,12889.902603754104,1.100606937204018,0.18290669089098105,0.9145022851664611,4097,0.9984581795657798,8.538188996025717e-05,0.9984628134621549,650.0390063710175,25,1200,1,68,2.1154140885107933,2.349131302308292,-0.23642260248573904,4.937390595790563,14111.020145979195,0,1,10,0,1,34,1,6,89,2,2,35,0.8,0.02,uniform,220,1
1200,14287.761532548562,13089.32414123705,2581,6.60865144195083e-05,10291,2583,31334,0.9000829279010378,0.36827661478996193,0.9999235201692931,13074.842744217083,1.0984110737746167,0.1806441123838954,0.916121403021643,4097,0.9984479118142271,8.400629296884215e-05,0.9984668523974073,651.7527917599922,25,1200,1,68,2.1454721708840006,2.1411694957893714,-0.23582141786988267,4.7582845024131375,14287.7615325233,0,0,10,0,0,34,2,1,89,2,2,35,0.8,0.02,uniform,221,1
1200,14140.163304416828,12942.9777797193,2573,6.676337643096787e-05,10188,2566,30995,0.8994838799683529,0.36829606594914566,0.9999226537796944,12928.37998340257,1.0994936063068508,0.1819639522265133,0.9153343919073711,4097,0.9984642791365984,8.50416746982533e-05,0.9984774816805222,656.3064199214027,25,1200,1,68,2.12077701105925,2.162117836067769,-0.23591687300667,4.754728593140359,14140.163304395519,0,0,10,0,1,34,0,1,89,2,2,35,0.8,0.02,uniform,222,1
1200,14115.921832105001,12911.03904379446,2585,6.686781746712253e-05,10174,2570,30930,0.8989555237568818,0.3682967133129501,0.9999224609168202,12896.221994773769,1.1004484248968642,0.18312654538230172,0.91464370498495,4097,0.9984810645947734,8.532776195352583e-05,0.9984976160861913,665.1087053188567,25,1200,1,68,2.1153503167958405,2.1498454568612044,-0.23730332188469094,4.739802417426427,14115.92183208319,0,0,10,0,1,34,0,2,89,2,2,35,0.8,0.02,uniform,223,1
1200,14280.948921000156,13084.589531402007,2572,6.617151527399483e-05,10285,2581,31321,0.9005300779260337,0.3682752422841529,0.9999234938113505,13070.338021919066,1.0982324212473047,0.18010007697862923,0.9162268980712549,4097,0.9984494591926798,8.402157680099866e-05,0.9984596701472788,648.7114662083027,25,1200,1,68,2.1448757431165406,2.174751056366167,-0.23528241037946895,4.790191620241645,14280.948920976056,0,0,10,0,0,34,1,3,89,2,2,35,0.8,0.02,uniform,224,1
1200,14743.742028405451,13531.281769076206,2625,6.40412213902636e-05,10611,2644,32365,0.9011764567875681,0.368262245980793,0.999926020871878,13516.826101689026,1.0961769691168588,0.17804163928958108,0.9177644144211621,4097,0.9984810947549323,8.10942164432549e-05,0.9985087012411963,670.0563245642704,25,1200,1,68,2.2180746479996523,2.115158781354474,-0.2392156900639506,4.811664809482028,14743.742028381617,0,0,10,1,0,34,3,0,89,2,2,35,0.8,0.02,uniform,225,1
1200,14230.921749444824,13029.104731823647,2588,6.630560831352231e-05,10253,2579,31198,0.8993951393963834,0.3682909782930078,0.999923164715792,13014.353915306392,1.0992223638484517,0.1818575103963988,0.915548898463442,4097,0.9984579198787589,8.445906273423241e-05,0.9984870271975931,660.4502877430955,25,1200,1,68,2.1352251012067422,2.1051570585515362,-0.23659519036342835,4.713572540485135,14230.921749421024,0,0,10,0,0,34,1,0,89,2,2,35,0.8,0.02,uniform,226,1
1200,14199.890325979559,12990.85761005067,2597,6.645222596324145e-05,10233,2582,31117,0.8989930509969806,0.3682960331713464,0.9999229373044554,12975.947195852932,1.1001694541290412,0.18288873648894535,0.9148561933808116,4097,0.9984839419185373,8.478202369136514e-05,0.9984922611450829,662.744703919469,25,1200,1,68,2.129379086037957,2.213635606513448,-0.2372693016222643,4.817553295795934,14199.890325961329,0,0,10,0,1,34,1,2,89,2,2,35,0.8,0.02,uniform,227,1
1200,14437.189052197918,13235.791731161586,2590,6.542080530886909e-05,10395,2601,31674,0.9007161250552191,0.36828074383155857,0.9999243680484385,13221.425110720751,1.0974947004004727,0.17939780317593737,0.9167845404882724,4097,0.9984656059784714,8.300566602004526e-05,0.998480756921562,657.7223883094996,25,1200,1,68,2.1686860745089955,2.1122671749075677,-0.23751210085433944,4.755977451125242,14437.189052180009,0,0,10,0,0,34,3,1,89,2,2,35,0.8,0.02,uniform,228,1
1200,15766.939060306055,14547.385779108181,2668,6.00181433928856e-05,11321,2760,34712,0.9055013404483127,0.36821370833747236,0.999931197869941,14533.933726804758,1.089532521124848,0.1692148355362649,0.9226512339184368,4097,0.9984595620118377,7.496215822247828e-05,0.998463661872713,650.3982530558224,25,1200,1,68,2.3932473196368536,2.18395098381577,-0.2345758570767029,5.04635001760603,15766.939060281338,1,0,10,1,0,34,1,4,89,2,2,35,0.8,0.02,uniform,229,1
1200,14138.570298569703,12923.175127925242,2602,6.675494936518371e-05,10193,2581,30968,0.8985901629159374,0.36829275018493435,0.9999225325181961,12908.142132332447,1.1012853666084657,0.184035581041969,0.9140369114430607,4097,0.9984902502215453,8.531380409911001e-05,0.9985136404351334,672.2845935767028,25,1200,1,68,2.1182986828266874,2.230347003327966,-0.238129700264511,4.824905086683676,14138.57029854719,0,0,10,0,1,34,1,2,89,2,2,35,0.8,0.02,uniform,230,1
1200,14877.988632081207,13686.615181141224,2587,6.355026506827389e-05,10696,2640,32702,0.9033411865302705,0.36824080938263615,0.9999268658649473,13673.005522877647,1.093202290181605,0.17388103082843379,0.9199237557978072,4097,0.9984607601236377,7.995040393022711e-05,0.9984674673384631,652.0145135410656,25,1200,1,68,2.244741730296165,2.1178794742104423,-0.23492304171398765,4.832467287934583,14877.988632060917,0,0,10,1,0,34,5,1,89,2,2,35,0.8,0.02,uniform,231,1
1200,14620.514486665876,13426.006833339487,2582,6.465673387011558e-05,10519,2615,32105,0.9021219135913857,0.3682429356682892,0.999925443314312,13412.113373418475,1.095402124666919,0.17660117243855009,0.9182992052423464,4097,0.9984593047328096,8.166955191103495e-05,0.9984622479722619,649.799778347542,25,1200,1,68,2.201818616575556,2.413278285204761,-0.23493379786469104,5.0849644975096995,14620.514486641483,0,1,10,1,1,34,2,2,89,2,2,35,0.8,0.02,uniform,232,1
1200,14114.803342101433,12908.01887698587,2586,6.688808855152931e-05,10174,2571,30924,0.8989946556174231,0.36829297299650043,0.999922442846351,12893.217116341928,1.1006326406326152,0.18321190436189191,0.9145022119071271,4097,0.9984694969063761,8.536193482088964e-05,0.9984789296629658,656.9316668343289,25,1200,1,68,2.115746227740599,2.172018012042801,-0.2367209959401062,4.761206231663612,14114.80334208423,0,0,10,0,0,34,0,3,89,2,2,35,0.8,0.02,uniform,233,1
1200,14220.2607738206,13034.127382190087,2551,6.646423468462845e-05,10239,2565,31194,0.9008978537907344,0.3682794339281265,0.9999231985507716,13020.087626343422,1.0977309214386044,0.1793919282195143,0.9165884922578792,4097,0.9984256340764724,8.430732562954693e-05,0.998450211836999,644.7493466944187,25,1200,1,68,2.136583963982128,2.2086295526172393,-0.2334594983178545,4.812132513235076,14220.260773799893,0,0,10,0,1,34,1,2,89,2,2,35,0.8,0.02,uniform,234,1
1200,14400.180403879489,13181.07227501531,2594,6.578206705937978e-05,10374,2614,31566,0.901281743272203,0.36827224401816455,0.999924055678966,13167.04150810079,1.0993366258557342,0.18013663212866152,0.9153407738881005,4097,0.9984614041376528,8.34883736384086e-05,0.9984627707389279,650.0209263504588,25,1200,1,68,2.161501922439097,3.292674778845735,-0.23852814487040375,5.931232991025639,14400.180403857004,0,2,10,1,3,34,2,5,89,2,2,35,0.8,0.02,uniform,235,1
1200,14311.16036429035,13110.014150696836,2586,6.598213002686213e-05,10308,2588,31384,0.9000763966913259,0.3682881032754941,0.9999236408154923,13095.501561067074,1.0984809332272047,0.18069813587252276,0.9160692646145835,4097,0.9984504394020525,8.387910825887295e-05,0.9984792652118636,657.0767286544735,25,1200,1,68,2.1495503877116615,2.2158930200609186,-0.2356430063326543,4.836729420437889,14311.160364265896,0,0,10,1,1,34,1,4,89,2,2,35,0.8,0.02,uniform,236,1
1200,15071.720706205775,13862.74954623355,2624,6.274312725157418e-05,10836,2676,33125,0.9032566677379718,0.3682346315875247,0.999927794888137,13848.934946693855,1.0933865204166138,0.17410089074431753,0.9197854589042092,4097,0.9984643496682241,7.894809601633108e-05,0.9984778880980589,656.4817931973032,25,1200,1,68,2.2763085267147614,2.221376840283531,-0.23564492431644132,4.968975215631175,15071.720706187216,1,0,10,1,1,34,1,3,89,2,2,35,0.8,0.02,uniform,237,1
1200,14442.45177313118,13253.729456012798,2562,6.547054486448805e-05,10394,2591,31703,0.9018805297296697,0.36827202358992545,0.9999244735646873,13239.897158743892,1.0962119466946867,0.17739370296990428,0.9176924849193618,4097,0.9984488244829112,8.279298068109735e-05,0.9984517308311879,645.3823957923181,25,1200,1,68,2.172266085884914,2.1548139881670756,-0.23480920963389426,4.796698493319778,14442.451773112847,0,0,10,1,1,34,2,2,89,2,2,35,0.8,0.02,uniform,238,1
1200,15399.558248105275,14196.709014334703,2627,6.142345786027808e-05,11061,2706,33888,0.9048254770216946,0.3682119198948733,0.999929496873307,14183.268103510281,1.0905583250425224,0.17058930897080893,0.9218906663170959,4097,0.9984542966069069,7.688777175691953e-05,0.9984654466558318,651.1552894115969,25,1200,1,68,2.3321375676335645,2.197273653653318,-0.2344554737130812,4.998322168713045,15399.558248079875,1,0,10,2,1,34,2,1,89,2,2,35,0.8,0.02,uniform,239,1
1200,14379.474652540412,13171.75911523229,2602,6.565647557241327e-05,10357,2601,31533,0.8998849514827346,0.36829889274424416,0.9999239983573139,13157.110338098679,1.098569291019693,0.18095236876684548,0.9160111501643242,4097,0.9984920329688359,8.34930707220714e-05,0.9985007496406052,666.499881827932,25,1200,1,68,2.158988049614998,2.1398778220470853,-0.23759105913864265,4.774047989939368,14379.474652521842,0,0,10,1,0,34,1,1,89,2,2,35,0.8,0.02,uniform,240,1
1200,14630.042465190589,13428.038380465216,2596,6.45952960357073e-05,10528,2623,32117,0.9016989763383269,0.3682635950332801,0.999925453396762,13413.927433318868,1.0960372244978311,0.17744309397438113,0.9178400139585846,4097,0.9984593145383841,8.170585210903111e-05,0.9984649062148798,650.9258693287333,25,1200,1,68,2.2028357720691374,2.2826541862109684,-0.23550463879189887,4.9564992358639035,14630.042465166216,0,1,10,1,1,34,2,2,89,2,2,35,0.8,0.02,uniform,241,1
1200,14249.711008326172,13044.131356730462,2591,6.624872147416075e-05,10267,2585,31237,0.8995595328427577,0.3682831686671714,0.999923253593822,13029.426081348249,1.0994115695225748,0.18182824890175434,0.9153962034113334,4097,0.9984567623722674,8.437588687164179e-05,0.9984652508156168,651.0721355233518,25,1200,1,68,2.1388423888245045,2.185205710588954,-0.23610944589282265,4.796266991199103,14249.711008303962,0,0,10,1,0,34,1,3,89,2,2,35,0.8,0.02,uniform,242,1
1200,14167.536814729849,12974.660410782739,2562,6.667701924001705e-05,10205,2565,31064,0.9001730971123072,0.3682690374005859,0.9999228445073999,12960.340062115147,1.0988230628468962,0.1808359514786165,0.9158021313410749,4097,0.9984619749532805,8.478023469479532e-05,0.9984685889131482,652.4924022366454,25,1200,1,68,2.1267366290604803,2.4660173682624738,-0.2345195067246513,5.061793010772257,14167.53681471079,0,1,10,0,2,34,2,3,89,2,2,35,0.8,0.02,uniform,243,1
1200,14176.830904394892,12977.937714737998,2576,6.658959694639396e-05,10214,2571,31078,0.8996373772984491,0.3682853415868537,0.9999228624071329,12963.347617427055,1.0993560263464661,0.1817049252665789,0.9154329202526335,4097,0.9984516166612925,8.480167757648663e-05,0.9984787969378737,656.8743058452437,25,1200,1,68,2.127977595713624,2.2754133633931604,-0.23482755501645378,4.873046069139693,14176.830904380467,0,1,10,0,1,34,2,2,89,2,2,35,0.8,0.02,uniform,244,1
1200,14152.249963977545,12954.505859258968,2571,6.673404592259755e-05,10196,2568,31023,0.899743519499862,0.3682952781639135,0.9999227232647251,12940.005262610352,1.0994305228610106,0.1816672265218675,0.9153672308101357,4097,0.9984517172398714,8.49604014686995e-05,0.9984774609529692,656.2974782819902,25,1200,1,68,2.1234486853097914,2.1769279426833514,-0.2352596420166111,4.770895912026365,14152.249963958415,0,0,10,0,1,34,1,2,89,2,2,35,0.8,0.02,uniform,245,1
1200,14296.877816550914,13099.98774458379,2587,6.596470769313639e-05,10297,2582,31357,0.8996281476099227,0.3682866003466618,0.9999235811129717,13085.270264406483,1.0982398232285746,0.1809485982320654,0.9162831152839865,4097,0.9984449040948401,8.392626498139205e-05,0.9984667204295246,651.6966529739848,25,1200,1,68,2.148351298516336,2.115712810820503,-0.2344616709060227,4.732987451148885,14296.877816534152,0,0,10,1,0,34,3,0,89,2,2,35,0.8,0.02,uniform,246,1
1200,14524.375272905683,13317.218722217567,2598,6.507795398880467e-05,10457,2616,31867,0.90114492266207,0.36827999475437856,0.9999248316383205,13302.96940102852,1.0973240614455768,0.1788717208957281,0.9168875405649982,4097,0.9984613600791287,8.24840519306566e-05,0.9984752481135624,655.3442819503473,25,1200,1,68,2.1855983097524336,2.287635950733461,-0.23513090239483933,4.943496065275573,14524.375272883637,0,0,10,1,1,34,1,6,89,2,2,35,0.8,0.02,uniform,247,1
1200,15132.613812222036,13941.417464162203,2590,6.255092681563502e-05,10872,2667,33289,0.9048102370013453,0.36821269682675817,0.9999282059289435,13928.226771648995,1.0913376575252174,0.17115351201972495,0.9212828422874474,4097,0.998458587632011,7.835157333107133e-05,0.9984605459768208,649.0808171584388,25,1200,1,68,2.2869520598303676,2.2488379751246894,-0.23515024220315336,5.006090519361364,15132.613812201127,0,1,10,2,1,34,6,1,89,2,2,35,0.8,0.02,uniform,248,1
1200,14240.571972064186,13035.102740946355,2593,6.62776594005446e-05,10260,2584,31216,0.8993556590743824,0.3682813884817117,0.999923199997514,13020.332905451542,1.0994860524619343,0.18208538288256282,0.9153496619740691,4097,0.9984675184938209,8.44405315627244e-05,0.9984827134112768,658.5711441332105,25,1200,1,68,2.1362228101341545,2.191923696228811,-0.23720585187336893,4.802558210109704,14240.571972045142,0,0,10,0,1,34,1,1,89,2,2,35,0.8,0.02,uniform,249,1
1200,14543.007334195041,13339.030919844598,2598,6.495747818060307e-05,10469,2615,31914,0.9010796229429868,0.3682705094496551,0.9999249544244585,13324.735929167824,1.0969035197404502,0.17864255585509542,0.9172126928988389,4097,0.9984755083784842,8.231775595281572e-05,0.9984831243245342,658.7496829410406,25,1200,1,68,2.1870427208431376,3.0022076472276353,-0.23679183485279456,5.662834037776363,14543.007334175592,0,1,10,1,1,34,2,1,89,1,2,35,0.8,0.02,uniform,250,1
1200,15619.799336938664,14421.343412219221,2620,6.063363964705533e-05,11212,2726,34401,0.9063956440925806,0.36819980735895896,0.9999305984161496,14408.393055732597,1.0886744176874537,0.16773582960211675,0.923273282910539,4097,0.9984454927068546,7.555572888511599e-05,0.9984643762951748,650.7010723689168,25,1200,1,68,2.3660151338457585,2.1282655062863083,-0.23728475563984194,4.9688501514117505,15619.799336913604,0,0,10,2,0,34,5,2,89,2,2,35,0.8,0.02,uniform,251,1
1200,14454.985568302178,13253.208853269422,2599,6.528053114885629e-05,10408,2603,31714,0.9002538413192904,0.36828086178209163,0.9999244663108934,13238.625631914527,1.0974302307760522,0.17979955688778093,0.9168607461173749,4097,0.9984649031463287,8.28929538678589e-05,0.9984696030964227,652.9251358826018,25,1200,1,68,2.1731663172567837,2.1203950498548916,-0.2359979441236579,4.76555725535899,14454.985568282647,0,0,10,1,0,34,1,0,89,2,2,35,0.8,0.02,uniform,252,1
1200,14576.502436144556,13367.867651837454,2616,6.471954774376278e-05,10494,2622,31985,0.9003686093286645,0.36826699910964444,0.9999251143019665,13353.184692709418,1.0971354342117083,0.17946692023411925,0.9170833476959386,4097,0.9984584976909343,8.215975282856217e-05,0.9984858141979506,659.9208066397817,25,1200,1,68,2.193754392432403,2.119915708198257,-0.23566268025498618,4.784995461140633,14576.502436124336,0,0,10,1,0,34,1,2,89,2,2,35,0.8,0.02,uniform,253,1
1200,14073.853093295567,12884.939609130193,2554,6.709342383235119e-05,10139,2551,30854,0.8997898891146148,0.3682830952842696,0.9999223062332523,12870.54540502176,1.0992203954308888,0.18147127038129038,0.9155232418383177,4097,0.9984316733174025,8.540257300732802e-05,0.9984482768957864,643.9447443458355,25,1200,1,68,2.1127875135299075,3.369908519226311,-0.23285466868284962,5.948405370121917,14073.853093276542,0,2,10,0,3,34,1,4,89,1,2,35,0.8,0.02,uniform,254,1
1200,14300.28748995537,13082.22545586948,2601,6.612537574523408e-05,10305,2602,31337,0.9000188621977957,0.3682924119687777,0.9999234784542811,13067.714842200865,1.1001229150111447,0.1818844552479775,0.9148225492010936,4097,0.9984798639185412,8.418310593776343e-05,0.9984809576641641,657.8093729331368,25,1200,1,68,2.143956249324573,2.2792043288792088,-0.23942499899825107,4.902010576200284,14300.287489936944,0,0,10,0,2,34,2,3,89,2,2,35,0.8,0.02,uniform,255,1
1200,14343.48062291353,13149.02025578232,2583,6.576671949091969e-05,10328,2585,31467,0.9000836339448356,0.36829761637275565,0.9999238672542061,13134.452497633185,1.097625944204465,0.18008181332735165,0.9167245107004868,4097,0.9984515157219339,8.356527698706479e-05,0.9984812068724355,657.9173904116374,25,1200,1,68,2.155905607197806,2.1076800386240495,-0.23467449661727277,4.732934639056401,14343.480622890473,0,0,10,0,0,34,2,0,89,2,2,35,0.8,0.02,uniform,256,1
1200,14371.632626941217,13172.030228553447,2574,6.580593819202642e-05,10348,2593,31525,0.9012314184436233,0.3682575256788159,0.9999240034544469,13157.992826751492,1.0977812197723602,0.1791028247670868,0.9165298453191058,4097,0.9984433546492166,8.342758047601965e-05,0.9984450516423855,642.608045008409,25,1200,1,68,2.1595347874440147,2.290073432047529,-0.23573731704237777,4.9210828535763,14371.632626918354,0,0,10,0,1,34,3,3,89,2,2,35,0.8,0.02,uniform,257,1
1200,14071.935809084678,12863.432891184388,2584,6.711538254542665e-05,10144,2569,30824,0.8989276898675966,0.36829771900660974,0.9999221738199984,12848.646642869044,1.1011432681952773,0.18362789846808422,0.9141196396646369,4097,0.9984656427474489,8.569777419813394e-05,0.9984709059819542,653.4818959496417,25,1200,1,68,2.1085787317333398,2.3233001002010254,-0.23674390311004945,4.905366638154464,14071.935809060336,0,0,10,0,2,34,0,3,89,2,2,35,0.8,0.02,uniform,258,1
1200,14601.633892446986,13400.095617215531,2589,6.476714076914917e-05,10508,2620,32053,0.9019507782534094,0.36824864157881104,0.9999252986612067,13386.140931593261,1.0961815035952143,0.17730892440326262,0.9177120667398067,4097,0.9984737668099584,8.188622587943643e-05,0.9984848179387419,659.4865680232916,25,1200,1,68,2.1963773876811477,2.1260629501785595,-0.23722826105682737,4.796896859973361,14601.63389242785,0,0,10,1,0,34,3,2,89,2,2,35,0.8,0.02,uniform,259,1
1200,14958.12407183311,13745.225965965858,2624,6.321954117129992e-05,10759,2668,32859,0.9027306847552226,0.36825240648454927,0.9999271761864957,13731.271949837466,1.0945590400620542,0.175423066916601,0.9189137554921609,4097,0.9984718302472433,7.970996340299045e-05,0.99847706676662,656.127476935492,25,1200,1,68,2.2547199991783957,2.135064381850745,-0.23830067945724093,4.866385739943623,14958.12407181382,0,0,10,2,0,34,2,1,89,2,2,35,0.8,0.02,uniform,260,1
1200,14249.140225806812,13053.431599912,2577,6.623894515315714e-05,10263,2576,31248,0.899901125658136,0.3682900358620777,0.9999233093414339,13038.897733795757,1.0984747077126102,0.18085301703556542,0.9160855597638623,4097,0.9984609764942963,8.424274875281601e-05,0.9984881962343789,660.9613828419094,25,1200,1,68,2.1397267501033226,2.192120540320307,-0.23512995419372285,4.8021071988110755,14249.140225782272,0,0,10,0,1,34,2,1,89,2,2,35,0.8,0.02,uniform,261,1
1200,14276.857636700672,13070.144252108694,2579,6.625772147319004e-05,10285,2589,31298,0.9006572382228837,0.3682715168623466,0.9999234094800827,13055.946157976014,1.099208015853252,0.18064199179028848,0.9154776621509518,4097,0.9984556458808284,8.418891343174414e-05,0.9984568464195134,647.5235111062709,25,1200,1,68,2.142524846816996,2.407188854043817,-0.2369514259622075,5.023616552785229,14276.857636675222,0,0,10,0,3,34,3,4,89,2,2,35,0.8,0.02,uniform,262,1
1200,14934.828634653679,13734.17422221786,2599,6.33529703309376e-05,10739,2655,32821,0.903486858652383,0.36823471603462776,0.9999271194498043,13720.581919275672,1.0936010367739453,0.1740227533625308,0.9196070847676211,4097,0.9984425303987252,7.970224525472372e-05,0.9984674736703488,652.017209513621,25,1200,1,68,2.2527379333860735,2.178483309117732,-0.2364001723854214,4.904021587274648,14934.828634628968,0,0,10,2,1,34,3,3,89,2,2,35,0.8,0.02,uniform,263,1
1200,14039.690757625382,12857.365100966752,2553,6.717426288409103e-05,10114,2542,30783,0.8992043128287293,0.36828567782726496,0.9999221381336587,12842.757508258452,1.0989188366046077,0.1818416120464326,0.9157869160318597,4097,0.9984216313329565,8.556387157593566e-05,0.9984662096727028,651.4794694291555,25,1200,1,68,2.107516061784535,2.102692535217799,-0.2324323978156035,4.675073392633541,14039.69075760083,0,0,10,0,0,34,0,0,89,2,2,35,0.8,0.02,uniform,264,2
1200,14246.479909322808,13042.333308572168,2592,6.624194283478372e-05,10264,2583,31231,0.8993815888184525,0.36830652376802203,0.9999232426904461,13027.575180338647,1.099314559691537,0.1819396802928007,0.9154776051056195,4097,0.9984810671398097,8.438042795544916e-05,0.9984862290083983,660.1017782377486,25,1200,1,68,2.1370166725083317,2.1161982941546533,-0.23739664570782815,4.728008258078641,14246.479909296959,0,0,10,0,0,34,1,1,89,2,2,35,0.8,0.02,uniform,265,1
1200,14105.014613087285,12911.158448017602,2561,6.697892543617914e-05,10162,2559,30919,0.8998542703461784,0.3682862655371861,0.9999224642807262,12896.781522176956,1.0994268218439007,0.18156663216951124,0.915359452094295,4097,0.9984577210144644,8.524484942080037e-05,0.9984647813088743,650.8728690391277,25,1200,1,68,2.1162015162772825,2.2356074691553203,-0.23463425256774015,4.821077490568084,14105.014613070136,0,0,10,0,1,34,0,3,89,2,2,35,0.8,0.02,uniform,266,1
1200,15542.728364242455,14338.29040782555,2641,6.081987605714465e-05,11161,2723,34216,0.9049282311818908,0.36821540622803495,0.9999301932395843,14324.760098580326,1.0897596640682183,0.16991868725415513,0.9225079453110799,4097,0.9984476686599038,7.607259178054658e-05,0.9984658944356795,651.3454968051658,25,1200,1,68,2.3560147066234056,2.1077189882837075,-0.23444002074611067,4.932613736399334,15542.728364217099,1,0,10,3,0,34,4,0,89,2,2,35,0.8,0.02,uniform,267,1
1200,14342.354296629725,13153.838798556584,2569,6.582184079341672e-05,10325,2580,31472,0.9006777997428846,0.3682853304200682,0.9999238968619544,13139.562620254002,1.0970397911228822,0.17911982557868364,0.9171324683875347,4097,0.9984543863056988,8.348817066549875e-05,0.998483805649286,659.0459268221433,25,1200,1,68,2.1558596254570612,2.192693671846548,-0.23453275731091885,4.817618811925447,14342.354296607882,0,0,10,0,1,34,2,1,89,2,2,35,0.8,0.02,uniform,268,1
1200,14338.59375508077,13146.907645781916,2569,6.58794359651848e-05,10323,2582,31460,0.9008468523854806,0.368261776067039,0.9999238571786968,13132.714430483653,1.0973434768647625,0.17916680281772365,0.9168896106791093,4097,0.9984525069076745,8.355482826759655e-05,0.9984840618912613,659.1574111993347,25,1200,1,68,2.154485209325829,2.1226514602560305,-0.23528041651743759,4.7476975026167345,14338.5937550596,0,0,10,0,1,34,2,1,89,2,2,35,0.8,0.02,uniform,269,1
1200,14857.432098669116,13656.802977984387,2606,6.359081756558493e-05,10685,2646,32643,0.9024965457926494,0.3682640680111458,0.9999267040601042,13642.820502798815,1.094220969883966,0.1754004314267361,0.9191899977929378,4097,0.9984758504710385,8.020195444170152e-05,0.9984872596429819,660.5518484006084,25,1200,1,68,2.2397840985174535,2.1225849281563987,-0.2364545845901451,4.8352781958541415,14857.432098645591,0,0,10,1,0,34,5,1,89,2,2,35,0.8,0.02,uniform,270,1
1200,14431.219566799466,13222.375899512006,2607,6.539489166607089e-05,10394,2607,31650,0.8999688163149944,0.3682921676416548,0.9999242892320245,13207.660823908165,1.0982793554970227,0.18065001283728488,0.9162341296456655,4097,0.9984735800243787,8.315157345682034e-05,0.9984834103738572,658.8740263986504,25,1200,1,68,2.1686905012481468,2.135615862581244,-0.23651275988139195,4.777331883592174,14431.219566777232,0,0,10,1,0,34,1,2,89,2,2,35,0.8,0.02,uniform,271,1
1200,15284.793295406906,14080.2531010617,2630,6.183752811868454e-05,10982,2695,33622,0.903991060810635,0.36822790470024735,0.9999289119137906,14066.554733104513,1.09151516952758,0.17206644206240704,0.9211935568204792,4097,0.9984856532880221,7.759372447040618e-05,0.9984860589189062,660.0275603799033,25,1200,1,68,2.311211815177489,2.247443934482719,-0.2362537340536512,5.03116321776751,15284.793295386842,0,1,10,4,1,34,5,1,89,2,2,35,0.8,0.02,uniform,272,1
1200,14801.779493753129,13603.13873682424,2599,6.3852232348616e-05,10646,2638,32517,0.9024748348207133,0.368245723377105,0.9999264150313131,13589.231943807368,1.0944368578854051,0.17558699621872284,0.919020496323786,4097,0.9984673454828488,8.053410191778271e-05,0.998468328475424,652.3813706486309,25,1200,1,68,2.231352471240873,2.1112756279180735,-0.2356107777143382,4.8138496545876235,14801.779493731268,0,0,10,1,0,34,3,1,89,2,2,35,0.8,0.02,uniform,273,1
1200,14066.280131407813,12869.833292893174,2570,6.709722133639427e-05,10137,2557,30826,0.8991027383027473,0.3683048554356441,0.9999222130902253,12855.133452884611,1.1000426570106285,0.1827064423565396,0.9149422002592456,4097,0.9984493259660627,8.556891890954445e-05,0.9984665684964138,651.6320329991415,25,1200,1,68,2.1093723710460064,2.140676411226451,-0.23500765085100467,4.720064083974467,14066.280131382066,0,0,10,0,0,34,0,1,89,2,2,35,0.8,0.02,uniform,274,1
1200,14770.494464731017,13559.487055419542,2623,6.39394684813181e-05,10629,2646,32429,0.9014099824563288,0.368278952120263,0.9999261754799568,13545.134959227948,1.0958319054361787,0.17758376378415758,0.9180117218009785,4097,0.9984891004695774,8.089926446703017e-05,0.9984917002761038,662.4980728850356,25,1200,1,68,2.2239012225391086,2.107671596321737,-0.23784785491281432,4.807268528686474,14770.494464711537,0,0,10,1,0,34,2,0,89,2,2,35,0.8,0.02,uniform,275,1
1200,14634.078322493162,13430.896528921965,2599,6.45741488237756e-05,10532,2624,32125,0.9015989180789149,0.36826517443629414,0.9999254691451017,13416.761896457214,1.0961161506996375,0.17759915880764648,0.91778219529399,4097,0.998466805852487,8.169447377999726e-05,0.9984762098784797,655.7582288957584,25,1200,1,68,2.202835622432425,2.3021727785479005,-0.23617743131257696,4.977363263605479,14634.078322470012,0,0,10,2,2,34,2,2,89,2,2,35,0.8,0.02,uniform,276,1
1200,14431.649798309956,13239.83424701391,2570,6.549194132249861e-05,10388,2593,31674,0.9014514225098316,0.36825520692639474,0.9999243932145457,13225.826096465888,1.0966052758880376,0.17808081791874997,0.9174165415630017,4097,0.9984417873014951,8.291079982260512e-05,0.9984507919662692,644.9909722052752,25,1200,1,68,2.170697576139523,2.177042099536937,-0.23457739024207505,4.816894456160609,14431.649798289587,0,0,10,1,1,34,2,2,89,2,2,35,0.8,0.02,uniform,277,1
1200,14086.754058661765,12888.036059485587,2575,6.700034621144176e-05,10152,2561,30870,0.8990497826109181,0.3682903266638356,0.9999223228454839,12873.298039160134,1.1000953477474744,0.1827958370875841,0.9149045980227715,4097,0.9984559658677294,8.545227630974408e-05,0.9984744851726328,655.0162807855705,25,1200,1,68,2.112246880758874,2.1196852455284594,-0.23554546234766643,4.703023050982666,14086.754058639244,0,0,10,0,0,34,0,1,89,2,2,35,0.8,0.02,uniform,278,1
1200,14162.526607741629,12962.736895825044,2578,6.666328029069362e-05,10204,2570,31044,0.899466318354184,0.3682779238796552,0.9999227716804728,12948.117885582566,1.0995593727156556,0.18202966683859884,0.9152842042139044,4097,0.9984600144976548,8.491712257568232e-05,0.9984760911624483,655.7071048384615,25,1200,1,68,2.123971833711847,2.127800961299369,-0.2364492675752595,4.724671330161736,14162.52660772264,0,0,10,0,0,34,0,1,89,2,2,35,0.8,0.02,uniform,279,1
1200,14631.858797886609,13423.51780828783,2599,6.464579115659872e-05,10531,2629,32113,0.9018981214373816,0.36825593884476643,0.9999254287897451,13409.500938947764,1.096572643698256,0.17762609904186563,0.9174171233956065,4097,0.9984815755241916,8.177274917342809e-05,0.9984896307363994,661.5896186480297,25,1200,1,68,2.2007479103637304,2.1541774767735005,-0.2378952226131303,4.830715832363491,14631.858797861163,0,0,10,1,0,34,3,2,89,2,2,35,0.8,0.02,uniform,280,1
1200,14611.504100859098,13419.248209505067,2582,6.465657004695918e-05,10512,2612,32087,0.9019157623986026,0.36824597858506386,0.9999254051252751,13405.246751685474,1.0952874288653203,0.17671007599061542,0.9184029321605617,4097,0.9984372735102147,8.170282854419275e-05,0.998465657733268,651.2449368030548,25,1200,1,68,2.2012819555788967,2.1085687445717896,-0.23396872789356243,4.777788155937811,14611.504100834754,0,0,10,2,0,34,3,0,89,2,2,35,0.8,0.02,uniform,281,1
1200,14467.428969755601,13266.459414603733,2588,6.531062031368224e-05,10416,2604,31744,0.9010387953740905,0.3682824967279831,0.9999245438517405,13252.23052748243,1.0971987081363646,0.1788845831149582,0.9169880455150313,4097,0.9984807227434641,8.279038839161126e-05,0.9984963196662647,664.5348408513837,25,1200,1,68,2.174321596944844,2.1069047217491015,-0.23691656467820946,4.755059448050365,14467.428969738321,0,0,10,1,0,34,2,0,89,2,2,35,0.8,0.02,uniform,282,1
1200,14425.10843000413,13225.94338645229,2590,6.544068796046718e-05,10386,2598,31649,0.9004908639375919,0.36828144369804927,0.9999243111575512,13211.48696094598,1.097401412666166,0.179548043785433,0.9168695993260207,4097,0.9984555377821968,8.306104262650287e-05,0.9984745750361697,655.0548975879135,25,1200,1,68,2.169295684161815,2.119984847677057,-0.2348890541690741,4.75905864017702,14425.108429985336,0,0,10,1,0,34,2,1,89,2,2,35,0.8,0.02,uniform,283,1
1200,14166.724141225674,12962.426836469474,2591,6.65847245661909e-05,10209,2575,31047,0.8988699422209965,0.3682926901439789,0.9999227680041038,12947.501510248556,1.1000005021229715,0.18289337564356867,0.9149911233711645,4097,0.9984805183176427,8.495523426605183e-05,0.9984886749085237,661.1708841492332,25,1200,1,68,2.125352649500296,2.138887802268876,-0.2357680407004184,4.735776533170009,14166.724141204288,0,0,10,0,0,34,1,2,89,2,2,35,0.8,0.02,uniform,284,1
1200,14404.1947155418,13211.259234345838,2577,6.557643472581882e-05,10369,2591,31609,0.9008621941876258,0.3682775467368173,0.9999242282565511,13197.031876727286,1.096956055824153,0.17890621800741663,0.9171813832876883,4097,0.9984647074499649,8.311827283681325e-05,0.9984722937536141,654.0759747506976,25,1200,1,68,2.1650682453854593,2.1553513178584267,-0.23563087386837103,4.791681310980628,14404.194715522981,0,0,10,0,0,34,3,2,89,2,2,35,0.8,0.02,uniform,285,1
1200,14291.11069216237,13084.385243148789,2594,6.60557176435218e-05,10296,2590,31331,0.8997161644791548,0.3682924292658559,0.9999234901194292,13069.707299386166,1.0991822802815223,0.18151143433677408,0.9155611152270073,4097,0.9984705840345124,8.409830499025612e-05,0.9984836899425094,658.995598090159,25,1200,1,68,2.145312157589971,2.2504427373114333,-0.2365396244335454,4.868834143768495,14291.110692141097,0,0,10,1,2,34,1,2,89,2,2,35,0.8,0.02,uniform,286,1
1200,14085.080068943933,12880.709692687247,2592,6.692428871890582e-05,10153,2566,30859,0.8981969692382683,0.36831233556084175,0.9999222761150368,12865.557840137444,1.1007144872619365,0.18402451298200836,0.9144931821216842,4097,0.9984667855859501,8.555180618537031e-05,0.9985063234949555,668.9888823391917,25,1200,1,68,2.110489876426012,2.093352672542623,-0.237023468394758,4.677889485758151,14085.080068924619,0,0,10,0,0,34,0,0,89,2,2,35,0.8,0.02,uniform,287,1
1200,14368.833052203197,13165.042510556914,2599,6.56579997693967e-05,10349,2596,31513,0.8997556627259404,0.36828342981144785,0.9999239591112394,13150.319458027408,1.0983077954104505,0.1808775974052737,0.9162221081369093,4097,0.9984697065811419,8.351630089593717e-05,0.998479866361142,657.3367728495176,25,1200,1,68,2.158707100290829,2.1166126399580265,-0.23609840840576551,4.747516557060386,14368.833052179567,0,0,10,1,0,34,2,1,89,2,2,35,0.8,0.02,uniform,288,1
1200,14249.005760730952,13046.220835588298,2576,6.634568087953433e-05,10265,2583,31239,0.900416226783312,0.3682792831527029,0.9999232683218456,13031.927070050737,1.0990848999163652,0.18078454337489547,0.9155881508268158,4097,0.9984592244260296,8.43346288050351e-05,0.998461734109098,649.5825433198133,25,1200,1,68,2.138959902849528,2.238028149222953,-0.23587439060180418,4.848736833276089,14249.005760707993,0,0,10,0,1,34,2,5,89,2,2,35,0.8,0.02,uniform,289,1
1200,14412.46696445517,13212.283272720697,2583,6.557221366703527e-05,10377,2598,31619,0.9009469765716663,0.36828466189923736,0.9999242342311847,13198.072589680416,1.0975479178026504,0.1792198383781443,0.916726005707806,4097,0.9984585894413958,8.315656180429617e-05,0.9984650871111442,651.0026427752862,25,1200,1,68,2.1666177119255083,2.2146053094407026,-0.23546011548018558,4.852143252326582,14412.466964434165,0,0,10,1,2,34,1,2,89,2,2,35,0.8,0.02,uniform,290,1
1200,19532.635735731794,18265.52054639952,2872,4.864824783960336e-05,13943,3203,43322,0.9160763394717109,0.3681010258380624,0.9999452186421255,18253.885041725774,1.0732331434475413,0.14703596784668138,0.9351283049315104,4097,0.9984803902176358,5.879316891412158e-05,0.9984896224404051,661.5859820117582,25,1200,1,68,3.0174483255199718,2.1511033824962,-0.2379909637618163,5.644533635539805,19532.63573569073,1,0,10,1,1,34,2,1,89,2,1,35,0.8,0.02,uniform,291,1
1200,14966.52844716431,13764.971346314993,2603,6.32163266923562e-05,10761,2659,32893,0.9034934313676897,0.36822617941142183,0.9999272826023019,13751.367245182066,1.0934555959270753,0.17392142801781046,0.9197170469363606,4097,0.9984471539805272,7.951324543477638e-05,0.9984478731723299,643.7771178609028,25,1200,1,68,2.260778712462366,2.5530039949779617,-0.23364269539457874,5.281068098229486,14966.52844714167,1,1,10,1,3,34,1,4,89,2,2,35,0.8,0.02,uniform,292,1
1200,14199.042206810083,13000.003700722047,2575,6.652720796172935e-05,10229,2574,31129,0.8998993078989294,0.3682868705166496,0.9999229942061768,12985.535853378111,1.0991688055807987,0.1813502602848092,0.9155549727492917,4097,0.9984691067799971,8.464236641963146e-05,0.9984808801649165,657.775788682876,25,1200,1,68,2.13045905872956,2.159970672574913,-0.23604797573561728,4.762525682775707,14199.042206791064,0,0,10,0,0,34,1,3,89,2,2,35,0.8,0.02,uniform,293,1
1200,14175.561109006101,12980.752770818086,2570,6.660402169250665e-05,10212,2567,31080,0.8997976546350291,0.368274457876828,0.999922879773891,12966.26695542375,1.0989681281575796,0.18129793806660763,0.9157135065765458,4097,0.9984587263106515,8.475267053020337e-05,0.9984687863853182,652.5766150962509,25,1200,1,68,2.1276355595011114,2.204702389586131,-0.23495795866262337,4.802253866412489,14175.561108982407,0,0,10,0,1,34,2,3,89,2,2,35,0.8,0.02,uniform,294,1
1200,14230.317577265076,13027.530684290035,2587,6.633398183930638e-05,10252,2580,31196,0.8995208578997534,0.3682998740999758,0.9999231558925116,13012.859543000674,1.0993024788528245,0.18179495896374756,0.915477157382864,4097,0.9984827112645985,8.447491784759882e-05,0.9984850951764602,659.6073500272126,25,1200,1,68,2.1346451896142047,2.101578281168643,-0.23707440659224177,4.710372283967332,14230.317577238678,0,0,10,0,0,34,1,0,89,2,2,35,0.8,0.02,uniform,295,1
1200,14126.593913545383,12921.384270573795,2582,6.686007939087913e-05,10181,2572,30954,0.8992693823360668,0.3682825532981868,0.9999225239556285,12906.71548334481,1.1003646802924187,0.18277583512358428,0.9146850507385249,4097,0.9984739317973645,8.525190279519215e-05,0.9984748821806199,655.1869202580381,25,1200,1,68,2.1181419488658757,2.2124272792113904,-0.23629037005594322,4.803149968189152,14126.593913530913,0,0,10,0,0,34,1,3,89,2,2,35,0.8,0.02,uniform,296,1
1200,14954.203137967754,13755.294892280714,2609,6.318099992391475e-05,10752,2655,32868,0.9028527770932449,0.36825241196112213,0.9999272299119191,13741.409978816351,1.0933614168728063,0.17446599968780135,0.9198280085788664,4097,0.9984396202730345,7.956400661044456e-05,0.9984532078965227,645.9991631500394,25,1200,1,68,2.257463545269291,2.1395909590740385,-0.2349036443886232,4.8668617931205755,14954.203137947485,0,0,10,2,0,34,3,1,89,2,2,35,0.8,0.02,uniform,297,1
1200,14499.342065379058,13312.648572776772,2569,6.515411707430051e-05,10433,2595,31836,0.9016772127349038,0.3682711058859778,0.9999248074136198,13298.683439071441,1.0956221646925393,0.1771804533209927,0.9181553557912242,4097,0.9984410571279254,8.238266425891236e-05,0.9984566961845303,647.4604283619902,25,1200,1,68,2.182764318156186,2.1478475289525396,-0.23379269273641018,4.798197232581546,14499.342065355577,0,0,10,1,1,34,2,1,89,2,2,35,0.8,0.02,uniform,298,1
1200,14104.048164379601,12900.846403772992,2588,6.686062290239115e-05,10165,2567,30904,0.8985402233718391,0.3683067102775944,0.9999223983888961,12885.830390214407,1.1004248762108424,0.18349341762289983,0.9146910343340043,4097,0.9984821270316505,8.539474329284564e-05,0.9985137473673991,672.3329988113618,25,1200,1,68,2.114512335079351,2.136550630563316,-0.23616235898077081,4.723387683604209,14104.048164360729,0,0,10,0,0,34,1,2,89,2,2,35,0.8,0.02,uniform,299,1
1200,14967.349268164533,13757.341354522623,2622,6.31618502815274e-05,10764,2666,32884,0.9027471715403066,0.3682580971462145,0.999927240392724,13743.389460053699,1.094241496159974,0.1751813198865466,0.9191568331865155,4097,0.9984922610844087,7.961658152556775e-05,0.9984933952881393,663.2439819682555,25,1200,1,68,2.257434909026063,2.226822738555591,-0.2371233023309044,4.958504252243462,14967.349268141803,0,0,10,2,1,34,3,2,89,2,2,35,0.8,0.02,uniform,300,1
1200,14394.325870452949,13198.60133566321,2575,6.565271521755478e-05,10363,2592,31583,0.9010865180298783,0.368278991422408,0.9999241560402156,13184.465584112357,1.097269541989166,0.17888993365682168,0.9169308416697591,4097,0.9984624647175994,8.322126701540093e-05,0.9984718648080193,653.8922360398319,25,1200,1,68,2.1629980114354637,2.128660176980369,-0.23605630030191216,4.763770789019657,14394.325870424256,0,0,10,0,0,34,4,2,89,2,2,35,0.8,0.02,uniform,301,1
1200,14324.851733859306,13129.583020989887,2575,6.5944077221207e-05,10315,2584,31423,0.9005674011445897,0.36827188065646904,0.9999237561254486,13115.307734053547,1.0977924877811323,0.179757532422729,0.9165597846961172,4097,0.9984643374879463,8.369995272213725e-05,0.9984749099888542,655.1988759475403,25,1200,1,68,2.1511677839416175,2.1127974652659973,-0.23630750503062928,4.736580259268874,14324.85173383348,0,0,10,0,0,34,2,1,89,2,2,35,0.8,0.02,uniform,302,1
1200,14270.23321171255,13067.153619606717,2586,6.616410591639821e-05,10280,2585,31287,0.8998894042560741,0.36829327589977656,0.999923389747904,13052.583264328996,1.0989931725407438,0.1812163796929047,0.915693067222028,4097,0.9984644307005054,8.41941440005406e-05,0.9984670841180024,651.851388471102,25,1200,1,68,2.1429727706553194,2.2072486024108824,-0.23539943129359017,4.821020235653382,14270.233211693458,0,0,10,1,2,34,2,4,89,2,2,35,0.8,0.02,uniform,303,1
1200,14114.367895486926,12913.880781914278,2585,6.682259581404015e-05,10172,2566,30932,0.8986731324358487,0.36831274708208,0.9999224773168349,12898.950311462637,1.1000709940570372,0.18314670689762555,0.9149457402228757,4097,0.9984552739394023,8.528045513159853e-05,0.998485287339539,659.6910941673323,25,1200,1,68,2.116098954995951,2.210304293666769,-0.23629569424854371,4.798994637159807,14114.367895466967,0,0,10,0,1,34,0,1,89,2,2,35,0.8,0.02,uniform,304,1
1200,14376.724452138971,13183.315271064936,2575,6.570293955418332e-05,10350,2588,31545,0.9008225017329395,0.36826513086065915,0.9999240675155647,13169.094106616714,1.0972100524322446,0.17910894853499756,0.9169901888954629,4097,0.9984473861763788,8.331388522883315e-05,0.9984627864508685,650.027575361726,25,1200,1,68,2.1610216700828144,2.121898203113255,-0.23509907193831692,4.753118017072704,14376.72445212679,0,0,10,0,0,34,3,1,89,2,2,35,0.8,0.02,uniform,305,1
1200,14109.55205448571,12905.285585507994,2588,6.684705344863233e-05,10169,2568,30916,0.8986490233043716,0.3682913571371687,0.9999224253136855,12890.303005557142,1.1004732991135313,0.18342184004184758,0.9146488517617499,4097,0.9984636290738689,8.53688709765176e-05,0.998480610679719,657.6590341112449,25,1200,1,68,2.1157646723431296,2.142939318018852,-0.23582733673388526,4.730358663829752,14109.552054462089,0,0,10,0,0,34,1,2,89,2,2,35,0.8,0.02,uniform,306,1
1200,14064.797480778563,12856.908521354813,2591,6.70683849217855e-05,10140,2567,30808,0.8983385307014691,0.36830231037033934,0.9999221326100799,12841.846462630074,1.1011953805238222,0.18421879188384688,0.9141197048109301,4097,0.9984704943991267,8.574721007386468e-05,0.9984779371010882,656.5029448267993,25,1200,1,68,2.1074323842107905,2.160185259816727,-0.23670052924882776,4.741018702525173,14064.79748075771,0,0,10,0,1,34,1,2,89,2,2,35,0.8,0.02,uniform,307,1
1200,14190.106822942673,12973.663675438524,2600,6.658297929483632e-05,10229,2588,31085,0.8991867991788204,0.368298146829976,0.9999228359630511,12958.90491249735,1.1009103681421124,0.183226245752872,0.9142752649657722,4097,0.9984685995782838,8.495068832507617e-05,0.9984819743982575,658.2502916108523,25,1200,1,68,2.1262916828681178,2.336651155949415,-0.23872612095279672,4.9403950807231265,14190.106822925487,0,0,10,0,2,34,1,2,89,2,2,35,0.8,0.02,uniform,308,1
1200,14704.247850848065,13503.61666349149,2604,6.421287675974525e-05,10580,2629,32290,0.9015887329060116,0.36827087428141486,0.9999258703132732,13489.37219151764,1.0953859602219358,0.17709168305741083,0.9183480039553789,4097,0.9984585233298289,8.120061807658902e-05,0.9984778888809022,656.482131092444,25,1200,1,68,2.2152326608453166,2.1169454651431936,-0.23547531429314547,4.803128754574801,14704.247850830772,0,0,10,2,0,34,2,1,89,2,2,35,0.8,0.02,uniform,309,1
1200,14078.73292749785,12876.314746698377,2587,6.695858569037511e-05,10148,2563,30847,0.8983692100832769,0.368300926236354,0.9999222498893079,12861.218016791285,1.1005735184532321,0.1837523315004581,0.9145932956472971,4097,0.9984436831074485,8.556971288466048e-05,0.9984694680680725,652.8674886354125,25,1200,1,68,2.111373678328585,2.1363586313997254,-0.23508180958369718,4.717895928895704,14078.732927473691,0,0,10,0,0,34,2,1,89,2,2,35,0.8,0.02,uniform,310,1
1200,14665.981183526492,13466.534304330822,2591,6.446446185821333e-05,10552,2625,32203,0.9021314955653543,0.36825571925951744,0.999925667696601,13452.601193047092,1.0955104157591116,0.17666734789693656,0.9182157085716881,4097,0.9984793455130808,8.143181260141511e-05,0.9984898428604986,661.6826190475971,25,1200,1,68,2.2083095034847844,2.1484173978228975,-0.23602069376558613,4.828768288838854,14665.981183502223,0,0,10,1,0,34,3,2,89,2,2,35,0.8,0.02,uniform,311,1
1200,14763.20020841188,13554.300106430464,2610,6.404226299098991e-05,10623,2643,32415,0.9020978528546392,0.3682623398502124,0.99992614888213,13540.256435216917,1.0956464988381487,0.17679093713792868,0.9181139532814437,4097,0.9984600049663543,8.091471872985297e-05,0.9984743444366778,654.9558118646437,25,1200,1,68,2.2236919117111347,2.212696504525103,-0.2368414563542377,4.910071328944713,14763.200208392234,0,0,10,1,1,34,2,2,89,2,2,35,0.8,0.02,uniform,312,1
1200,15340.418718110182,14144.131643724491,2607,6.17213129664804e-05,11018,2694,33761,0.9053555569114871,0.3682270029649992,0.9999292361355108,14131.006338731178,1.090351820957948,0.1699432100195738,0.9220173128016766,4097,0.9984750536492999,7.715750850401444e-05,0.998476882354584,656.0479754884913,25,1200,1,68,2.320010760335636,2.125837692326637,-0.23672569267879226,4.9192998380198585,15340.418718086572,0,0,10,3,0,34,5,2,89,2,2,35,0.8,0.02,uniform,313,1
1200,14861.94404202356,13652.06149180482,2618,6.360713904434765e-05,10691,2655,32641,0.9023012266308446,0.36825261350039157,0.9999266782543711,13638.01870921262,1.0950079336077152,0.1761546129225999,0.918591905150653,4097,0.9984580295183956,8.028789317016577e-05,0.9984600367931074,648.8660353363923,25,1200,1,68,2.240925133460135,2.2219233861293017,-0.23606554020605136,4.93497960000154,14861.94404199712,0,0,10,2,2,34,3,3,89,2,2,35,0.8,0.02,uniform,314,1
1200,14715.284602319043,13509.452648246988,2604,6.424330948551091e-05,10589,2635,32309,0.9019842374288329,0.3682657511348117,0.9999259035092024,13495.41578195154,1.0957289036837874,0.1769588608289387,0.9180558183779862,4097,0.998474053893671,8.118966662891767e-05,0.9984838183594746,659.051455814293,25,1200,1,68,2.2156481681463958,2.155397774955559,-0.23689926557042665,4.844844474242808,14715.284602300935,0,0,10,1,1,34,3,2,89,2,2,35,0.8,0.02,uniform,315,1
1200,14779.802083492543,13581.773231907782,2597,6.39367124800181e-05,10631,2635,32467,0.9024154951380121,0.36824808747124604,0.999926298940728,13567.826010855793,1.094550068130008,0.17571277242613223,0.9189414821107226,4097,0.9984480301592881,8.066949944745621e-05,0.9984732461398496,654.4842981925862,25,1200,1,68,2.2287680856423124,2.1447039697491412,-0.2345322616033844,4.842536578598223,14779.802083474182,0,0,10,1,0,34,4,2,89,2,2,35,0.8,0.02,uniform,316,1
1200,15997.012919273302,14787.863294539015,2656,5.920102238656166e-05,11477,2776,35256,0.9070579069128499,0.3681972853755871,0.999932319958887,14774.90473044941,1.087169874557706,0.16603099674940153,0.9244140371182987,4097,0.9984499049689634,7.357970180717293e-05,0.9984857508717135,659.893187683455,25,1200,1,68,2.4314484167353303,2.426828704117725,-0.23472040313819484,5.327717927129444,15997.01291924115,1,1,10,1,2,34,3,2,89,2,2,35,0.8,0.02,uniform,317,1
1200,15984.12524652871,14767.559365393363,2674,5.9193400992391954e-05,11470,2781,35216,0.9062795772179336,0.36820959563242406,0.999932225228327,14754.252763203329,1.0878961713021866,0.16729098144302362,0.9238891173353668,4097,0.9984527907508266,7.373191461428438e-05,0.9984628955942862,650.0737666488269,25,1200,1,68,2.4292836303939045,2.1180042098778116,-0.23473724402396262,5.016762328319642,15984.125246507203,1,0,10,1,0,34,3,1,89,2,2,35,0.8,0.02,uniform,318,1
1200,13977.667328067564,12784.644887558015,2554,6.758423951575575e-05,10074,2545,30627,0.8993524684489137,0.36828326510568427,0.9999216955709903,12770.169707140894,1.1004060739262642,0.18272004477252748,0.9146479585965016,4097,0.9984221039609162,8.616666929780448e-05,0.9984449856660779,642.5807591433106,25,1200,1,68,2.096228958596224,2.2227461088756124,-0.23338226274489224,4.785739592961621,13977.667328046698,0,0,10,0,1,34,0,5,89,2,2,35,0.8,0.02,uniform,319,1
1200,14146.184988491543,12939.75839258611,2595,6.66485766989445e-05,10196,2574,30997,0.8985581778221164,0.36831145240122315,0.9999226315889154,12924.671726833883,1.100395348268343,0.18344168424993246,0.9147171766178015,4097,0.9984571020726277,8.513583966052047e-05,0.9984912841818959,662.3152221722798,25,1200,1,68,2.1215751786493744,2.1204697612674908,-0.23612231942996403,4.7142895787767936,14146.184988476032,0,0,10,0,0,34,2,0,89,2,2,35,0.8,0.02,uniform,320,1
1200,14180.271301966202,12986.402233770097,2570,6.657714903043193e-05,10215,2567,31092,0.8997794181793735,0.3682945660862166,0.9999229133291409,12971.911291855487,1.098844218056743,0.18123771719682472,0.9158077414195477,4097,0.9984490456736251,8.470624256288789e-05,0.9984622069657966,649.7824375837027,25,1200,1,68,2.128499755817222,2.161856846834102,-0.23487879450779525,4.760114191666914,14180.271301950102,0,0,10,0,1,34,1,1,89,2,2,35,0.8,0.02,uniform,321,1
1200,14386.734787822332,13191.048335232683,2583,6.560528246288807e-05,10358,2591,31565,0.9004717030581783,0.36827110656924056,0.9999241109275154,13176.627704695316,1.097375705296739,0.17954039176327788,0.9168896577142898,4097,0.9984520586806055,8.327882444242709e-05,0.9984688849701527,652.6186651538617,25,1200,1,68,2.1623602104250867,2.9811285140963353,-0.23542892087628234,5.614346566273987,14386.734787808216,0,1,10,0,1,34,3,1,89,1,2,35,0.8,0.02,uniform,322,1
1200,14094.578886164489,12890.709700517022,2586,6.693332543679262e-05,10159,2566,30882,0.8986578938579821,0.36829106537077116,0.9999223378030424,12875.777502726041,1.100549345120783,0.1834747970042913,0.9145863671862372,4097,0.9984740213642631,8.547108000244488e-05,0.9984781234579193,656.5833961845454,25,1200,1,68,2.1127705190885213,2.2384754707785923,-0.23632596193518188,4.823897913737477,14094.57888614222,0,0,10,0,2,34,0,2,89,2,2,35,0.8,0.02,uniform,323,1
1200,16097.007263807904,14855.589718980656,2723,5.8745267811727074e-05,11557,2814,35444,0.9053414685465931,0.3682179778137093,0.9999326248471644,14841.76688229663,1.0892552296276783,0.16916187930922558,0.9228789846160772,4097,0.9984665896785252,7.338873757357056e-05,0.9984884925736417,661.0910659978674,25,1200,1,68,2.4439137244450824,2.1833950577194683,-0.23892081951757996,5.105150421199711,16097.007263775973,1,0,10,2,1,34,3,2,89,2,2,35,0.8,0.02,uniform,324,1
1200,14119.038361736923,12907.018928668731,2602,6.679708265972628e-05,10179,2576,30927,0.8982383137098651,0.3683108985491435,0.9999224345801385,12891.843021986528,1.1011562603296186,0.184290171422121,0.9141570833639204,4097,0.998497989076103,8.541164766580709e-05,0.9985079284236185,669.7090101893476,25,1200,1,68,2.1153554777254198,2.160811724769224,-0.2378175825609122,4.7518023676164685,14119.03836171799,0,0,10,0,0,34,0,2,89,2,2,35,0.8,0.02,uniform,325,1
1200,16315.403356455772,15097.302125702236,2688,5.8027923605618864e-05,11700,2818,35977,0.9074866833116533,0.36820231871072584,0.9999337079310772,15084.260754680625,1.0859641854296114,0.1647522860007256,0.9253404157935482,4097,0.9984600246316794,7.199081262852389e-05,0.9984619744102885,649.684112287068,25,1200,1,68,2.4839928365175767,2.120588615794174,-0.23524105622142988,5.07506356475461,16315.40335643404,1,0,10,2,0,34,3,0,89,2,2,35,0.8,0.02,uniform,326,1
1200,20745.797966108574,19487.20351372584,2906,4.582277767575807e-05,14781,3324,46126,0.9191033960149775,0.3680786173030656,0.9999486564899726,19476.15828155797,1.0679501625368635,0.14007655934697688,0.9393325600471555,4097,0.9984861515704623,5.483230987923838e-05,0.9985070702135251,669.3237406635393,25,1200,1,68,3.2210437795611426,2.1052240180309596,-0.23658921478184677,5.799446227155796,20745.797966057937,1,0,10,4,0,34,5,0,89,2,1,35,0.8,0.02,uniform,327,1
1200,14588.563331131374,13374.435688457896,2622,6.47023383299398e-05,10504,2629,32006,0.9003923111819789,0.3682676590249543,0.9999251512637649,13359.779008482721,1.097531766875351,0.1797298294894305,0.9167753797879068,4097,0.9984701585273114,8.214886572851065e-05,0.9984868942931989,660.392232822862,25,1200,1,68,2.193819290744213,2.1637441056800917,-0.2376079311079748,4.8327792586402545,14588.563331113128,0,0,10,1,1,34,2,2,89,2,2,35,0.8,0.02,uniform,328,1
1200,14598.553871683027,13399.818521400392,2591,6.471745109958694e-05,10506,2616,32049,0.9016127078107254,0.36825115960865906,0.9999252962158834,13385.702738734746,1.095982485120148,0.17748333312834436,0.9178867057094034,4097,0.9984579276243633,8.187403896423605e-05,0.9984785522120904,656.768566755593,25,1200,1,68,2.1970329478348583,2.181452437365882,-0.2360593641093932,4.850604113419527,14598.55387166551,0,0,10,1,1,34,2,2,89,2,2,35,0.8,0.02,uniform,329,1
1200,14000.314207756326,12785.060450110435,2603,6.734633568085512e-05,10098,2566,30650,0.897478366533657,0.3683293428028642,0.9999216925397106,12769.675354861125,1.102488153249113,0.1859243986508467,0.9131981082986961,4097,0.9984781801403954,8.633304728050318e-05,0.9984886991909971,661.1815153959858,25,1200,1,68,2.0957817379275374,2.2140744698729846,-0.23760396336051615,4.785064134521554,14000.314207728323,0,0,10,0,1,34,0,3,89,2,2,35,0.8,0.02,uniform,330,1
1200,14902.389562168028,13704.907589596341,2603,6.341546593708078e-05,10715,2648,32750,0.9028235133205056,0.3682578136257897,0.999926962284244,13691.056330934982,1.0936008502981667,0.17466997417703464,0.9196449691791929,4097,0.99844049746079,7.987410805485798e-05,0.998450735142399,644.9672969055312,25,1200,1,68,2.2501404184168408,2.435368916287555,-0.2335911752733517,5.152691685251098,14902.389562141154,1,2,10,1,2,34,1,2,89,2,2,35,0.8,0.02,uniform,331,1
1200,14843.287578441752,13646.035983608099,2601,6.365513436288738e-05,10675,2641,32615,0.9025390345917198,0.3682588641065431,0.9999266464698235,13632.109052979808,1.094018080131817,0.17523072205228088,0.9193405377005206,4097,0.9984561366340997,8.025008825484163e-05,0.9984660738267832,651.4217295020878,25,1200,1,68,2.2392570909828327,2.146737930005118,-0.234624172086864,4.855243365161678,14843.28757841818,0,0,10,2,0,34,2,2,89,2,2,35,0.8,0.02,uniform,332,1
1200,15975.70039828757,14757.56742778805,2674,5.925471336684376e-05,11465,2781,35195,0.9063324372377183,0.3681974154597633,0.9999321796030665,14744.326701569735,1.0880633524857346,0.1673792029979872,0.9237508879028495,4097,0.9984768062688036,7.379288845444101e-05,0.9984780205952952,656.5389873388759,25,1200,1,68,2.4263528907920215,2.1995247050803424,-0.23626384225152308,5.09840528037541,15975.70039826127,1,0,10,1,1,34,1,2,89,2,2,35,0.8,0.02,uniform,333,1
1200,15904.63940964324,14686.059501111597,2676,5.9474638913265495e-05,11416,2774,35031,0.905789555138147,0.3682028509896453,0.9999318481439466,14672.614681279369,1.0885765679238901,0.1682527928534801,0.9233821102669704,4097,0.9984547088841875,7.418851356049154e-05,0.9984649869245015,650.9601207347703,25,1200,1,68,2.4159249388311816,2.1617183046529873,-0.2348482961051359,5.047339835694441,15904.639409617905,1,0,10,1,1,34,2,2,89,2,2,35,0.8,0.02,uniform,334,1
1200,14310.859691582225,13119.040851241687,2560,6.606737961960641e-05,10304,2580,31396,0.9012728302245538,0.36826404565011367,0.9999236964650107,13105.052706760267,1.0975346854966084,0.17888513025571864,0.916719270118931,4097,0.9984519775673719,8.374577627686927e-05,0.998457682841581,647.8749442582468,25,1200,1,68,2.1503977721494065,2.4592477357791327,-0.234745509776024,5.079136527480586,14310.859691552581,0,1,10,0,3,34,3,4,89,2,2,35,0.8,0.02,uniform,335,1
1200,14012.108486044159,12802.506660119157,2592,6.731360884602374e-05,10104,2562,30684,0.8979801715642939,0.3683161224865487,0.9999218007361143,12787.34415351311,1.1018132693250937,0.18498286696692304,0.9136745317715927,4097,0.998482333918881,8.616098660114236e-05,0.9984972113972688,664.9294621633503,25,1200,1,68,2.0984968578385406,2.149477743808314,-0.2368545564982006,4.721683714643255,14012.108486020446,0,0,10,0,0,34,0,2,89,2,2,35,0.8,0.02,uniform,336,1
1200,14619.353645896545,13422.175148686869,2580,6.471562175602253e-05,10519,2618,32099,0.902413320651815,0.36826219426755613,0.9999254227583853,13408.41641852765,1.095625289385782,0.17647839039205207,0.9181100255040545,4097,0.9984602989924104,8.17087119261156e-05,0.9984867481327074,660.3283991858049,25,1200,1,68,2.1988418868154573,2.2090274321280132,-0.23771705416337804,4.883303427270227,14619.353645873012,0,1,10,0,1,34,3,1,89,2,2,35,0.8,0.02,uniform,337,1
1200,14125.577496797998,12921.238244689326,2588,6.678476096376821e-05,10181,2570,30952,0.8987752505607547,0.3682900732274281,0.9999225214939348,12906.305387523757,1.1003401603046679,0.18321374829359371,0.9147405299088357,4097,0.9984664464363783,8.525271178420046e-05,0.9984985361148171,665.5165601458068,25,1200,1,68,2.1177982469896985,2.119761075713061,-0.23646466914067957,4.710488660984119,14125.577496782269,0,0,10,0,0,34,1,0,89,2,2,35,0.8,0.02,uniform,338,1
1200,14378.308548350966,13170.519884922971,2593,6.573106407051488e-05,10356,2601,31530,0.9004936336027309,0.3682864569667267,0.999923992744449,13156.138695464879,1.0985373641547942,0.18034110140843992,0.9159992526682483,4097,0.998489677268241,8.349681016985295e-05,0.998492075989568,662.6632651596867,25,1200,1,68,2.157741734941273,2.1311543520129965,-0.23864302311326785,4.766182133180805,14378.308548327244,0,0,10,0,0,34,1,2,89,2,2,35,0.8,0.02,uniform,339,1
1200,14363.7006697467,13159.24051322931,2609,6.559067854045592e-05,10346,2595,31501,0.899062485870054,0.36829059094695504,0.9999239234567697,13144.156119440104,1.0984740976303804,0.18163842730969476,0.9161455543936344,4097,0.9984864846649576,8.356811217583219e-05,0.9985285192565753,679.0874318421243,25,1200,1,68,2.157240332249885,2.115279497793439,-0.23670977937112536,4.745939388785574,14363.700669726062,0,0,10,1,0,34,2,0,89,2,2,35,0.8,0.02,uniform,340,1
1200,14134.907305465395,12931.879851950109,2576,6.68297570221836e-05,10186,2570,30976,0.8995932064013593,0.36828765044346135,0.9999225876355158,12917.333038214985,1.1000714586058291,0.18224385518283276,0.9148896114055078,4097,0.9984789409244705,8.515913271244484e-05,0.9985014991259847,666.8334864695394,25,1200,1,68,2.119841129012745,2.3842749773586895,-0.23597675522834713,4.976069616828128,14134.907305446552,0,1,10,0,4,34,1,5,89,2,2,35,0.8,0.02,uniform,341,1
1200,14661.954499793928,13466.964548255131,2572,6.456914823879847e-05,10548,2621,32200,0.9031001122197454,0.3682430261230763,0.9999256723945473,13453.451508989932,1.095071537560011,0.17541999602004965,0.9184972268495587,4097,0.9984442277428386,8.139404518650211e-05,0.9984545140196194,646.5455335711615,25,1200,1,68,2.208624831387682,2.404622840030613,-0.2350342519078244,5.083316175233944,14661.95449977304,0,1,10,1,2,34,4,4,89,2,2,35,0.8,0.02,uniform,342,1
1200,14082.714569322994,12879.437131444256,2583,6.699373865396906e-05,10150,2565,30855,0.8987362647683976,0.368294473587946,0.9999222699291938,12864.533945345445,1.100585898523521,0.18341634258686634,0.9145564278850122,4097,0.9984636208259206,8.554861982095787e-05,0.9984798511617429,657.3301953833434,25,1200,1,68,2.110988984482703,2.1571906531870515,-0.23613011040110324,4.7404398584719605,14082.714569302836,0,0,10,0,0,34,0,2,89,2,2,35,0.8,0.02,uniform,343,1
1200,14270.533272192839,13068.083242648461,2587,6.616306353902514e-05,10280,2584,31289,0.8997973246200168,0.3682740074770362,0.999923395086821,13053.492988345952,1.098936132039814,0.1812826437986698,0.9157389561686922,4097,0.9984818363530682,8.418390698461938e-05,0.998505628533059,668.6775344267921,25,1200,1,68,2.1410966614520586,2.1127319526336037,-0.2373255505772178,4.728479715240098,14270.533272175659,0,0,10,0,0,34,2,1,89,2,2,35,0.8,0.02,uniform,344,1
1200,14428.637122217116,13234.51830552773,2574,6.551481710084752e-05,10386,2595,31664,0.9013128179140942,0.36825601369175454,0.9999243625992729,13220.47256000065,1.096843421929548,0.17839522736603947,0.9172396667422809,4097,0.9984682891383225,8.296238543986436e-05,0.9984738692328597,654.75171714873,25,1200,1,68,2.1683103991984556,2.1267226005712763,-0.23646245450103276,4.767957908771797,14428.63712219693,0,0,10,0,0,34,2,1,89,2,2,35,0.8,0.02,uniform,345,1
1200,14173.452165451386,12977.212495631173,2576,6.657437657831525e-05,10211,2568,31073,0.8994526401905589,0.36830509691932045,0.9999228576697735,12962.551499327317,1.0991496146302724,0.18174824100222736,0.9155999783358272,4097,0.9984718714353897,8.47909625401472e-05,0.9984776275491576,656.369352939662,25,1200,1,68,2.1271325266181855,2.182945516969352,-0.23510950095433744,4.780297045496213,14173.45216543514,0,0,10,0,1,34,1,2,89,2,2,35,0.8,0.02,uniform,346,1
1200,14194.252272469728,12996.987816815417,2576,6.650459413342868e-05,10226,2572,31120,0.8996717266949565,0.3682960169372664,0.999922975719162,12982.41900457741,1.0990613295364944,0.18148190905386727,0.9156514599943775,4097,0.9984513425255,8.465440850481468e-05,0.9984768769117369,656.0456293277441,25,1200,1,68,2.1299772421212597,2.1199691834250793,-0.23573146995327776,4.721409365452894,14194.252272447226,0,0,10,0,0,34,1,1,89,2,2,35,0.8,0.02,uniform,347,1
1200,14199.34831882422,12995.157072251346,2587,6.648133102584576e-05,10231,2578,31123,0.8993823535473068,0.3683027600273841,0.9999229640563243,12980.453458754379,1.099686937545418,0.18219145991160648,0.9151939075276809,4097,0.9984866521741168,8.471542098215039e-05,0.9984877236278713,660.75466727123,25,1200,1,68,2.129934572657565,2.3140905475928952,-0.2366234804767928,4.917272081204046,14199.348318806147,0,1,10,0,2,34,1,2,89,2,2,35,0.8,0.02,uniform,348,1
1200,14259.156936735662,13045.943682627556,2613,6.612308464886717e-05,10276,2592,31248,0.8985825917672524,0.36830887432584025,0.9999232616509194,13030.794150707987,1.1001216287242697,0.18325066563144174,0.9149169015047081,4097,0.9984791779070806,8.442151757621582e-05,0.998504476182344,668.1619107445459,25,1200,1,68,2.137681292257163,2.1105648363396146,-0.23884486386145792,4.725935856319693,14259.156936711724,0,0,10,0,0,34,2,0,89,2,2,35,0.8,0.02,uniform,349,1
1200,14313.738990219787,13120.686446691692,2571,6.599113642511843e-05,10307,2581,31401,0.9006230453424457,0.36826853807991516,0.9999237044635236,13106.426639471878,1.0976736627659842,0.17961763881238152,0.9166498324202169,4097,0.9984438327514841,8.374760097710622e-05,0.9984722236362121,654.0459329293157,25,1200,1,68,2.150985700627642,2.1865062132515343,-0.23463746440605826,4.806766842691293,14313.738990202202,0,0,10,1,2,34,1,2,89,2,2,35,0.8,0.02,uniform,350,1
1200,15056.101352086853,13864.555352780388,2590,6.285081729547126e-05,10819,2660,33112,0.9043403156977359,0.36823149478810707,0.9999278067961161,13851.219355391215,1.0919189334184913,0.1720232840781862,0.9208595923046632,4097,0.9984470077267719,7.882912618504485e-05,0.9984752488691043,655.3446069332628,25,1200,1,68,2.2744772950216237,2.0963331625517134,-0.23487293032272288,4.840556318218783,15056.10135206608,0,0,10,1,0,34,5,0,89,2,2,35,0.8,0.02,uniform,351,1
1200,14017.342488097536,12806.552309174798,2589,6.73311398396335e-05,10108,2564,30695,0.8983073969853073,0.3683186469158352,0.9999218262860735,12791.523677307747,1.101857016340025,0.18469977473964,0.9136219879088459,4097,0.9984772684859007,8.613625518336451e-05,0.9984829007018902,658.6525085411923,25,1200,1,68,2.0993403825037817,2.2173879483152907,-0.23688336550848638,4.790495061836046,14017.34248807361,0,0,10,0,1,34,0,3,89,2,2,35,0.8,0.02,uniform,352,1
1200,14303.143710893539,13092.3062718686,2594,6.606939735539343e-05,10305,2596,31353,0.9000664341893876,0.3682879588284529,0.9999235374680001,13077.80087962869,1.0994337326101487,0.18135873150909906,0.9153446638375909,4097,0.9984779636774332,8.406548696174404e-05,0.9984861105596503,660.0500918454576,25,1200,1,68,2.146087395019428,2.295875076130345,-0.23776989012583044,4.917502251401434,14303.14371087155,0,0,10,0,2,34,2,3,89,2,2,35,0.8,0.02,uniform,353,1
1200,19529.64192027271,18279.745728376132,2842,4.8668317796499235e-05,13935,3188,43337,0.9167769154695494,0.368094816635846,0.999945262187445,18268.406868439455,1.0721264559558712,0.14552238139347898,0.9360000456230012,4097,0.9984506029497499,5.86858569818305e-05,0.9984698411894339,653.0268090017013,25,1200,1,68,3.020121249168967,2.139528589225328,-0.23481907086954976,5.629287980133394,19529.6419202311,1,0,10,1,1,34,3,1,89,2,1,35,0.8,0.02,uniform,354,1
1200,14519.40613076946,13315.703791813918,2596,6.506085498559022e-05,10452,2612,31860,0.901025284391631,0.3682824436383688,0.9999248227886971,13301.403358716629,1.0970599573453466,0.17879519152636475,0.9170969991393338,4097,0.9984632494272682,8.247390822546937e-05,0.9984634797103071,650.3210856801484,25,1200,1,68,2.1836481333283446,2.157723045037571,-0.2362528884634361,4.813876955292788,14519.406130750684,0,0,10,1,0,34,4,2,89,2,2,35,0.8,0.02,uniform,355,1
1200,15313.376422291385,14122.494231288607,2599,6.18103202038327e-05,10997,2686,33705,0.9053744092151957,0.36822597085500186,0.9999291277158896,14109.388119644334,1.0900758359168365,0.16972089814344837,0.9222325528895617,4097,0.9984284576187106,7.72561643455439e-05,0.9984307153589117,636.732894807487,25,1200,1,68,2.31949610873596,2.2942408515728796,-0.23273329497506112,5.079203550258962,15313.376422266125,1,1,10,2,2,34,5,2,89,2,2,35,0.8,0.02,uniform,356,1
1200,14117.264171821467,12912.801880736544,2588,6.683390219681437e-05,10175,2569,30933,0.8987297810761131,0.36830914732532366,0.9999224709711101,12897.894495809498,1.1004147021279267,0.18332163856264266,0.9146816071141411,4097,0.9984734899522594,8.531408323225826e-05,0.9984895007344285,661.5326355100486,25,1200,1,68,2.11606820431912,2.1304714504530526,-0.23680915764797153,4.720157970068116,14117.26417180255,0,0,10,0,0,34,0,1,89,2,2,35,0.8,0.02,uniform,357,1
1200,14228.805878697165,13020.82748945754,2587,6.641504749154564e-05,10253,2585,31186,0.8998421396562234,0.3682809322478039,0.9999231172048046,13006.31117233659,1.0997667582174417,0.18181427324644012,0.915103319313101,4097,0.9984656660121558,8.455314243486242e-05,0.9984763926920194,655.836971584634,25,1200,1,68,2.1333331777130233,2.4275966162784623,-0.23813446873434893,5.037198731460183,14228.805878684232,0,1,10,0,1,34,1,2,89,2,2,35,0.8,0.02,uniform,358,1
1200,14920.590634929038,13703.626941185303,2633,6.334810836717225e-05,10734,2667,32767,0.9021287429942353,0.3682453289556984,0.9999269537375276,13689.454361911463,1.0952221107243174,0.17646754504718856,0.9184372975896257,4097,0.9985052693610089,8.000188176584748e-05,0.9985053119577547,668.5358024034193,25,1200,1,68,2.247846872683449,2.1156608541932753,-0.23891823313401742,4.841344193144759,14920.590634904798,0,0,10,1,0,34,3,0,89,2,2,35,0.8,0.02,uniform,359,1
1200,14099.530431577461,12907.320133422661,2560,6.697442970398234e-05,10158,2557,30908,0.8997712894386789,0.36827458404800634,0.9999224408004633,12892.87700069864,1.0993297299751938,0.1815663303415124,0.9154432621752627,4097,0.9984303216028165,8.52631338842979e-05,0.9984452602653677,642.6943405917652,25,1200,1,68,2.1168481514907262,2.2462032635634777,-0.233073587101463,4.82919858925713,14099.530431553136,0,0,10,1,2,34,1,4,89,2,2,35,0.8,0.02,uniform,360,1
1200,14199.068985760077,12998.459688874902,2584,6.645126103814354e-05,10230,2575,31127,0.8993551311318629,0.3682958854853039,0.9999229834328993,12983.719332943887,1.0993638806869668,0.1819837626390459,0.9154445056863066,4097,0.9984653700768423,8.46692320854072e-05,0.9984730259100767,654.3898322155409,25,1200,1,68,2.1312031341632203,2.261954701810108,-0.23530836346037204,4.863774562894072,14199.068985741553,0,1,10,0,1,34,1,1,89,2,2,35,0.8,0.02,uniform,361,1
1200,14426.346993024707,13219.620834779886,2597,6.548738532360654e-05,10389,2605,31642,0.9004960524381318,0.3682871868957476,0.9999242751225612,13205.199808896763,1.0980723124198277,0.18001785214619317,0.9163526179684791,4097,0.9984700449221843,8.315139127714426e-05,0.9984704052190314,653.2677934843798,25,1200,1,68,2.1675228172097736,2.2213020049266428,-0.23686834829015616,4.862561518716729,14426.346992999579,0,0,10,0,0,34,2,3,89,2,2,35,0.8,0.02,uniform,362,1
1200,14190.982958787708,13001.194204134894,2569,6.647845316613362e-05,10221,2564,31122,0.8996673907085212,0.36828832224728797,0.9999230006547114,12986.623406801114,1.0983956514158213,0.18103044781751057,0.9161588201389501,4097,0.998449486694074,8.457574602687554e-05,0.9984802446133324,657.5005020248401,25,1200,1,68,2.1305770939128594,2.18582753642187,-0.23458673254843024,4.78557809543159,14190.982958767738,0,0,10,0,2,34,1,2,89,2,2,35,0.8,0.02,uniform,363,1
1200,14021.514579904522,12813.41597542157,2573,6.743101461108515e-05,10109,2563,30708,0.8992990250457423,0.36827964952113085,0.9999218712293435,12798.882238944641,1.1014766713229074,0.18350371390602802,0.9138396499466338,4097,0.9984495209360243,8.605701823766315e-05,0.998451647042127,645.3474438772688,25,1200,1,68,2.1006748196798446,2.4788356626069006,-0.23624427696732803,5.0519990362214005,14021.514579883034,0,0,10,0,4,34,0,7,89,2,2,35,0.8,0.02,uniform,364,1
1200,14362.630960840008,13158.198839873417,2598,6.570221996747407e-05,10345,2596,31498,0.8998220191619324,0.36827695040229835,0.9999239197170795,13143.510000102082,1.0984088498507176,0.18088607909536195,0.9161412610091774,4097,0.9984742591341695,8.356725605953155e-05,0.998488235907358,660.9787414719815,25,1200,1,68,2.157523982386761,2.1101082962340163,-0.23624784441600166,4.74012796745278,14362.630960816577,0,0,10,1,0,34,1,0,89,2,2,35,0.8,0.02,uniform,365,1
1200,15396.247614835132,14167.940019679789,2671,6.140785388163203e-05,11067,2728,33847,0.9034703151084783,0.368246335650514,0.999929350659312,14153.913754546626,1.0928101522262195,0.17348382974994142,0.9202203273236654,4097,0.9984774681265128,7.72063167524661e-05,0.9984775922846572,656.3541374502079,25,1200,1,68,2.3282925282964317,2.2474120976538052,-0.23774874083946515,5.051202107629168,15396.247614815382,1,0,10,2,1,34,3,3,89,2,2,35,0.8,0.02,uniform,366,1
1200,14204.552958736973,13004.912316501319,2583,6.64352456686798e-05,10234,2575,31140,0.8994155785122415,0.36827990236151203,0.9999230219029629,12990.20824034721,1.0992234013098423,0.18184310393318234,0.9155453434035897,4097,0.99845935488105,8.461612565187598e-05,0.998476696760928,655.9679840703976,25,1200,1,68,2.131971797595444,2.1268286328246986,-0.23545369552344225,4.729707821467027,14204.552958713317,0,0,10,1,0,34,1,0,89,2,2,35,0.8,0.02,uniform,367,1
1200,14252.666790519552,13058.945204756134,2574,6.62277520564907e-05,10265,2575,31259,0.9000131544210247,0.36827471739077233,0.9999233421066619,13044.471052096353,1.0982529935545096,0.18059778130168228,0.9162457381970477,4097,0.9984434640079258,8.418976083857902e-05,0.998471820055064,653.8730720676676,25,1200,1,68,2.140567951501171,2.190187746370074,-0.23487651358203235,4.80050872503531,14252.666790499221,0,0,10,0,1,34,2,1,89,2,2,35,0.8,0.02,uniform,368,1
1200,15149.551682902409,13959.120036473434,2600,6.239688786282779e-05,10884,2668,33329,0.9042226930578783,0.3682189591541025,0.9999282955053972,13945.627158566567,1.0912071081644488,0.1716222403422226,0.9214213284098379,4097,0.9984346600849907,7.824445419821001e-05,0.9984466811922783,643.2827146661609,25,1200,1,68,2.290681654124772,2.1481944962972768,-0.2342436263554458,4.9073634031329405,15149.551682881307,0,0,10,2,1,34,4,1,89,2,2,35,0.8,0.02,uniform,369,1
1200,15468.568158949807,14267.680604736208,2626,6.114535724174705e-05,11108,2712,34050,0.9052006242228242,0.3682082162242993,0.9999298483267499,14254.327479666254,1.0899236009218312,0.1697636117975566,0.9223659525643432,4097,0.9984516976685078,7.645996431985047e-05,0.9984545658958702,646.567253235364,25,1200,1,68,2.3433634472880613,2.141089171540637,-0.234731245865115,4.953915110558928,15468.568158919057,1,0,10,2,1,34,6,1,89,2,2,35,0.8,0.02,uniform,370,1
1200,14814.64736791349,13611.622179209407,2600,6.38438724371233e-05,10656,2644,32541,0.9027592975835464,0.3682390627327743,0.9999264614784636,13597.815259234225,1.0947109249229972,0.17550198364027522,0.9187948819281604,4097,0.9984677686920144,8.050342292868152e-05,0.998473012175366,654.3839417128522,25,1200,1,68,2.231641503830071,2.1308636512496877,-0.23746639081944038,4.83743793671864,14814.647367897069,0,0,10,1,1,34,3,1,89,2,2,35,0.8,0.02,uniform,371,1
1200,14624.982399502229,13435.64691864819,2570,6.466471077861879e-05,10520,2611,32122,0.9026377120192022,0.3682495045019447,0.9999254980368214,13421.965085117627,1.0948717494923517,0.1757267072053004,0.9186778179716293,4097,0.9984418981039557,8.157009476641934e-05,0.9984550849439275,646.7846497409178,25,1200,1,68,2.2029275669378348,2.258030829516284,-0.2345694996415979,4.930097395737315,14624.982399476596,0,1,10,1,1,34,4,2,89,2,2,35,0.8,0.02,uniform,372,1
1200,14015.72848695542,12832.53939028302,2543,6.736840474211319e-05,10097,2540,30727,0.8997749406307884,0.36827983648746015,0.9999219889042054,12818.189307035189,1.0991464951514012,0.1814390170562162,0.9155813343720516,4097,0.9984022248766994,8.574562252586479e-05,0.9984425561416902,641.5775891027791,25,1200,1,68,2.104128645890953,2.187045461891738,-0.23182610193188471,4.75482631164646,14015.728486937025,0,0,10,0,1,34,0,2,89,2,2,35,0.8,0.02,uniform,373,1
1200,14418.340042810212,13209.772906972745,2606,6.545725289531444e-05,10384,2605,31621,0.899931036283616,0.368295538155816,0.9999242169954222,13195.070762769918,1.0983523503175707,0.18074202663152591,0.9161784829426237,4097,0.9984614373808653,8.323644119231996e-05,0.9984712662695061,653.6360245748527,25,1200,1,68,2.1662375251128734,2.1445267835560373,-0.23681914868535686,4.784402606039625,14418.340042789383,0,0,10,1,0,34,2,2,89,2,2,35,0.8,0.02,uniform,374,1
1200,14127.73562431288,12924.413983097871,2588,6.676373602772306e-05,10182,2569,30959,0.8987276588288291,0.3682948022710382,0.9999225404902705,12909.47068006694,1.1002294743454157,0.18318576089052988,0.9148255832913398,4097,0.9984606781204328,8.522323567299797e-05,0.998478990216717,656.9578402156009,25,1200,1,68,2.118756198805236,2.1354864350555838,-0.2358664052431567,4.7259754443471325,14127.735624290355,0,0,10,0,0,34,1,1,89,2,2,35,0.8,0.02,uniform,375,1
1200,14125.94907495308,12920.510117505111,2590,6.67832065246206e-05,10181,2571,30952,0.898712026895703,0.3683014335190683,0.9999225169676023,12905.551409635338,1.1004444659346926,0.18335051232715865,0.9146649226149803,4097,0.9984680185507361,8.526577420627306e-05,0.9984814356031599,658.0165632521094,25,1200,1,68,2.1179161899890486,2.1618147481339043,-0.23640865583268478,4.7525482497883225,14125.949074930402,0,0,10,0,0,34,1,3,89,2,2,35,0.8,0.02,uniform,376,1
1200,14425.24716349457,13223.646165096588,2592,6.545796346137693e-05,10387,2600,31646,0.9005081564533632,0.36828480881674697,0.9999242981027107,13209.208545353267,1.0976181353353949,0.17968496280323548,0.9167015313651729,4097,0.9984649133179181,8.309177534445854e-05,0.9984657163667645,651.2698436055883,25,1200,1,68,2.1694968717672647,2.229576748879609,-0.2347109888126799,4.868495598272234,14425.247163479668,0,0,10,1,1,34,1,3,89,2,2,35,0.8,0.02,uniform,377,1
1200,14515.738338875182,13316.995562981028,2590,6.507621125082273e-05,10448,2608,31858,0.9011133632658589,0.36826181323614715,0.9999248304925918,13302.76663043418,1.0966284613560124,0.17842702448442577,0.917417719449809,4097,0.9984671149635261,8.243302124998886e-05,0.998485949916201,659.980006260496,25,1200,1,68,2.1834733820119574,2.126796047820912,-0.2358163411292394,4.781902112091348,14515.73833884718,0,0,10,1,0,34,2,2,89,2,2,35,0.8,0.02,uniform,378,1
1200,14534.86287488513,13332.329309757792,2595,6.499159826427921e-05,10463,2613,31897,0.9011323275264744,0.36826626256381817,0.999924916756913,13318.050963110732,1.0968329030389712,0.1785362560581094,0.9172655720608688,4097,0.998470247068911,8.23537714848062e-05,0.9984785807820994,656.7809092946619,25,1200,1,68,2.187598460550141,2.1820595692525524,-0.23487868526061248,4.839415400323918,14534.86287486452,0,0,10,1,1,34,2,4,89,2,2,35,0.8,0.02,uniform,379,1
1200,14651.114770262871,13434.695504373241,2627,6.444355583147398e-05,10548,2637,32147,0.9006381718975358,0.36827950659165504,0.99992548763309,13420.090983839946,1.0972513293894677,0.17930376228653802,0.9169742859185994,4097,0.9985006319222817,8.175879364805367e-05,0.9985252314509048,677.5723790418086,25,1200,1,68,2.2022426107232613,2.1234686930002065,-0.2396098509833139,4.804931005690095,14651.11477023945,0,0,10,1,0,34,2,1,89,2,2,35,0.8,0.02,uniform,380,1
1200,14569.94162749909,13369.97030845743,2583,6.49124939930913e-05,10486,2615,31982,0.9020256074485377,0.3682563151146804,0.999925130514677,13356.07638380892,1.0962696223065849,0.17728279673577307,0.9176406227478048,4097,0.99847232159338,8.207714239775603e-05,0.9984815541566857,658.0679773283745,25,1200,1,68,2.1918635106486883,3.0578613762620113,-0.23646009392954564,5.722645074769791,14569.941627469403,0,1,10,1,3,34,3,3,89,1,2,35,0.8,0.02,uniform,381,1
1200,14183.31857166085,12981.925980022594,2581,6.657217885082757e-05,10219,2574,31089,0.8995108757765757,0.36829951780859105,0.99992288601991,12967.317227654237,1.099538984649978,0.18197433745562186,0.9152953812911802,4097,0.9984661880297083,8.478982737082528e-05,0.9984702845422916,653.2162187968636,25,1200,1,68,2.1277617063212437,2.257171145001151,-0.2361247222864924,4.857182295895379,14183.318571646416,0,0,10,0,2,34,2,2,89,2,2,35,0.8,0.02,uniform,382,1
1200,19337.342369630325,18094.326307169224,2835,4.909761630181093e-05,13800,3161,42903,0.9159654425987477,0.36811594855325347,0.9999447002589268,18082.767305379464,1.0725117722746829,0.14660752991850748,0.9357193952146556,4097,0.9984248621981193,5.930962330498942e-05,0.9984630471253826,650.1379079745627,25,1200,1,68,2.989750302515271,2.103757515003995,-0.23314009241559933,5.559788002350464,19337.34236958522,1,0,10,1,0,34,1,0,89,2,1,35,0.8,0.02,uniform,383,1
1200,14463.025531586829,13261.941056815429,2587,6.534820211416807e-05,10412,2604,31734,0.9010911176266738,0.3682700762459158,0.9999245183710225,13247.756735727655,1.0972349091246876,0.17886990480311793,0.9169548257971151,4097,0.9984756906971285,8.282107831173748e-05,0.9984963283053463,664.5386616936721,25,1200,1,68,2.1743098558995744,2.2140980742230796,-0.23619439936098832,4.8607967288446305,14463.025531563377,0,0,10,1,1,34,2,4,89,2,2,35,0.8,0.02,uniform,384,1
1200,14424.449880716626,13230.292275687047,2582,6.544626556782952e-05,10384,2594,31654,0.9007237036647566,0.36828738509006476,0.9999243367439145,13215.954739831705,1.0969311181434067,0.17900162719215762,0.9172129533601144,4097,0.9984651950193367,8.299738010027476e-05,0.9984793548386489,657.1154862243095,25,1200,1,68,2.16840310356017,2.0986462125341085,-0.23567187655479396,4.738393069203866,14424.449880689783,0,0,10,0,0,34,2,0,89,2,2,35,0.8,0.02,uniform,385,1
1200,14235.01368441309,13045.814359615897,2559,6.636508053108948e-05,10251,2569,31224,0.9006360379937002,0.36827631625660057,0.9999232665873625,13031.632484890042,1.0979230688398558,0.17976800421358413,0.9164595587217924,4097,0.9984381244857127,8.424738388581221e-05,0.9984509201333142,645.0443785566042,25,1200,1,68,2.138974560247214,2.2367332258813253,-0.23352772048452008,4.84276322709758,14235.013684390406,0,1,10,0,2,34,2,2,89,2,2,35,0.8,0.02,uniform,386,1
1200,14164.669706505267,12966.49178688493,2563,6.676971347903978e-05,10205,2570,31051,0.9004297419912018,0.36826847688282294,0.999922796746467,12952.321982766149,1.0993105961239582,0.18094315314835166,0.9154108112333843,4097,0.9984693245765036,8.487035466423105e-05,0.9984712286363792,653.6199219749221,25,1200,1,68,2.12477612230352,2.3627018391332397,-0.23600216211044603,4.959482285657652,14164.669706483795,0,1,10,0,2,34,1,5,89,2,2,35,0.8,0.02,uniform,387,1
1200,14016.953069698799,12815.6536412957,2581,6.72694021212089e-05,10105,2556,30706,0.8982610986080785,0.36830835555070035,0.9999218816319629,12800.586666544505,1.1009717151352065,0.1841341686146818,0.9142966789979476,4097,0.9984457896793772,8.600611364153466e-05,0.9984787035224969,656.8339396884311,25,1200,1,68,2.100812330087763,2.1393122084280614,-0.2353465148591653,4.710817568234154,14016.95306968157,0,0,10,0,0,34,0,2,89,2,2,35,0.8,0.02,uniform,388,1
1200,14467.168651723192,13271.051073672677,2588,6.524840929984789e-05,10414,2600,31750,0.900739431357725,0.36827937746445344,0.9999245691558324,13256.67629917766,1.0967878054998992,0.17888780191221051,0.9173219303067954,4097,0.998460932492884,8.273163004189945e-05,0.9984899898403908,661.7470739563385,25,1200,1,68,2.1752482046934,2.103789126932948,-0.23594657058950608,4.7509304728053605,14467.168651697435,0,0,10,1,0,34,2,0,89,2,2,35,0.8,0.02,uniform,389,1
1200,14059.576051609654,12852.720071607582,2588,6.710759144909935e-05,10136,2565,30797,0.8984480558030418,0.3682942037635172,0.9999221075839586,12837.720334094916,1.1011298961202627,0.18407382914676895,0.9141612822767937,4097,0.9984700732493815,8.576966798452022e-05,0.9984902367578624,661.8553826173957,25,1200,1,68,2.1066974002472616,2.17121874117598,-0.23656527501732408,4.75104669145789,14059.576051587515,0,0,10,0,0,34,0,3,89,2,2,35,0.8,0.02,uniform,390,1
1200,14887.543081522992,13688.008839531103,2597,6.353376755074276e-05,10706,2648,32714,0.903233183399549,0.36823075525754123,0.9999268729332096,13674.327166532239,1.093857122663247,0.17444114087724458,0.9194269843302326,4097,0.998485239611885,7.999056286854904e-05,0.9984973567924478,664.9938488865176,25,1200,1,68,2.243301088511128,2.1155871291730204,-0.2379560917392064,4.834800401162561,14887.543081502006,0,0,10,1,0,34,5,1,89,2,2,35,0.8,0.02,uniform,391,1
1200,14327.796407801887,13126.50775540018,2585,6.592926561693094e-05,10319,2590,31422,0.9002788752673665,0.3682744914374124,0.9999237374270576,13112.091942986335,1.0983456516707506,0.1804185323705741,0.9161567753888817,4097,0.9984822606492243,8.376266537652912e-05,0.9984853341450515,659.7114950988092,25,1200,1,68,2.151005108468217,2.1245295190108284,-0.23696095949444881,4.749456546467942,14327.796407775995,0,0,10,0,0,34,1,0,89,2,2,35,0.8,0.02,uniform,392,1
1200,14068.842701545189,12870.37374182346,2578,6.70313911612626e-05,10139,2559,30829,0.8986787789848785,0.36829914216866727,0.9999222149931583,12855.447953186827,1.100252876446332,0.18324179569630533,0.9148139626587694,4097,0.9984504233322008,8.558317752206841e-05,0.9984763665907683,655.8257279202458,25,1200,1,68,2.109769982378829,2.1228082821589185,-0.2350371345417009,4.7026525336211495,14068.842701523181,0,0,10,0,0,34,0,1,89,2,2,35,0.8,0.02,uniform,393,1
1200,14106.782881362797,12911.460661090594,2568,6.692083526228148e-05,10164,2561,30921,0.8994646966506056,0.36828603990528314,0.9999224648157579,12896.870519892604,1.0995883576758572,0.18204008820414455,0.915266136132895,4097,0.9984580075118952,8.525678590317839e-05,0.9984986926232473,665.5859911278612,25,1200,1,68,2.116132712395233,2.1523832191050034,-0.23499776782800127,4.738511467156238,14106.782881339404,0,0,10,0,0,34,1,3,89,2,2,35,0.8,0.02,uniform,394,1
1200,14035.350949069327,12841.266565857417,2568,6.72143297617275e-05,10115,2552,30758,0.8988605135058853,0.36831025160973563,0.9999220393743604,12826.487870986915,1.1000882605768378,0.18296656843983528,0.9149230833240342,4097,0.9984442215512136,8.576356905362704e-05,0.9984818618674937,658.2014622583727,25,1200,1,68,2.1048455783404285,2.1349510099826436,-0.234379579834834,4.70855574799274,14035.350949051575,0,0,10,0,0,34,0,1,89,2,2,35,0.8,0.02,uniform,395,1
1200,15480.625524994684,14274.883561568458,2624,6.118548364068721e-05,11118,2718,34071,0.9056980047243599,0.36820336903105794,0.9999298848641769,14261.755757631654,1.0902102990680222,0.16950219458272833,0.9221128395955667,4097,0.9984731887119179,7.644024319516749e-05,0.9984826704386902,658.5524784435551,25,1200,1,68,2.341310011670673,2.2262598566738725,-0.23879424249002926,5.045158353324604,15480.625524964213,0,0,10,1,1,34,5,2,89,2,2,35,0.8,0.02,uniform,396,1
1200,14112.847903424677,12913.427213647543,2580,6.68559873761899e-05,10170,2565,30930,0.8989407637930786,0.36829431361439324,0.9999224753175194,12898.617642304469,1.0999616999252415,0.18281214519246164,0.9150121436874497,4097,0.9984704004689976,8.527418152770313e-05,0.9984838778238387,659.0773243251365,25,1200,1,68,2.1162485092532877,2.1223244018237244,-0.2358928079809527,4.710358527038918,14112.847903405442,0,0,10,0,0,34,1,1,89,2,2,35,0.8,0.02,uniform,397,1
1200,14453.454296367137,13264.136677110375,2570,6.536981057666672e-05,10402,2593,31727,0.9014510696774375,0.36827728167351864,0.9999245318051283,13250.11506009851,1.0962155500912427,0.17781216498854305,0.9177139530198192,4097,0.9984462942748512,8.272940875570951e-05,0.9984620438094107,649.7134513701735,25,1200,1,68,2.1737148012352656,2.104171244784267,-0.2351942481552982,4.74827454233013,14453.454296343385,0,0,10,0,0,34,4,1,89,2,2,35,0.8,0.02,uniform,398,1
1200,19354.291344612153,18102.331850601167,2841,4.909598172558515e-05,13815,3171,42931,0.9161538817681149,0.3681132925933725,0.9999447249460444,18090.843710816305,1.0729999680866753,0.14678915127475733,0.9353135967771041,4097,0.9984437291334303,5.931013113051914e-05,0.9984572258994246,647.6829070943845,25,1200,1,68,2.9910143055247906,2.252282760528478,-0.23470091857092912,5.712698903195127,19354.291344574318,1,1,10,1,2,34,1,2,89,2,1,35,0.8,0.02,uniform,399,1
