n_cluster,mfpt,sd,mode,f_mode,median,q10,q90,S_mode,S_mfpt,lam1,tau1,A1,ratio,cv,t_cert,lam2,w1,mu2,tau_rel,n_blocked,n_open,pocket_free,chem_dist,G_tt,G_ss,G_st,R_st,mfpt_tetali,blk_t_r3,blk_s_r3,nsite_r3,blk_t_r6,blk_s_r6,nsite_r6,blk_t_r10,blk_s_r10,nsite_r10,deg_s,deg_t,N,q,p,scheme,rep,attempts
1103,17472.14835870867,15989.175505660398,3169,5.4116640231681135e-05,12589,3174,38295,0.9002525237554255,0.36828855739636474,0.999937390489181,15971.514260956988,1.0997238407659748,0.18137437566001838,0.9151236114413422,4097,0.9987096463543312,6.885317170666161e-05,0.9987624732334495,807.5632268550022,122,1103,1,68,2.848331669463003,2.721945622486023,-0.31978226683239086,6.2098418256138075,17472.1483586691,1,1,10,3,4,34,12,9,89,2,2,35,0.8,0.1,uniform,0,1
1103,22892.101175397456,21107.17554585619,3951,4.106499819386161e-05,16445,4015,50380,0.902624949529648,0.36826999634137814,0.9999525740432621,21084.99976838738,1.0906368840899472,0.17259228280216624,0.9220287549899719,8193,0.9989541163766179,5.172449768157216e-05,0.9990394556057521,1040.5762158046361,122,1103,1,68,3.778764671175847,3.2207100270023132,-0.3721149617046824,7.743704621587525,22892.101175336124,1,2,10,6,3,34,15,8,89,2,1,35,0.8,0.1,uniform,1,1
1103,14744.991544846716,13280.092222167628,3048,6.377398232665322e-05,10699,2862,32038,0.8880891890935726,0.3684778073889071,0.9999245806227304,13258.691944146658,1.1204449265395182,0.2067142589217189,0.9006510571251524,4097,0.9987509210004568,8.45032586246023e-05,0.9988179928467656,845.5184701644199,122,1103,1,68,2.35234384312547,2.626299518957512,-0.3212720308210335,5.621187423725049,14744.991544814966,0,0,10,1,6,34,3,10,89,2,2,35,0.8,0.1,uniform,2,1
1103,16383.76285481156,14937.787173352344,3092,5.751439999119343e-05,11825,3024,35836,0.8960466607209449,0.36833716982451675,0.999932973629998,14919.001079885193,1.1045525409750117,0.18872343474453707,0.9117433709048978,4097,0.9987483366763508,7.403414729808754e-05,0.9987632359741947,808.0615781106992,122,1103,1,68,2.6537817758143416,2.5018097068675846,-0.31698211444510976,5.789555711572145,16383.762854780874,0,0,10,3,2,34,8,6,89,2,2,35,0.8,0.1,uniform,3,1
1103,17338.807033828198,15885.509945153892,3085,5.4732848736167356e-05,12486,3135,38027,0.9027279385206199,0.3682462736730322,0.9999369875360741,15869.376169969226,1.0981250149961541,0.1779245823533956,0.9161824059845116,4097,0.9987428514335198,6.919556289400873e-05,0.9987440057150564,795.681862007549,122,1103,1,68,2.8216205604971782,3.5746802884259994,-0.32231543837644805,7.0409317256760735,17338.80703378805,0,1,10,3,4,34,13,16,89,1,2,35,0.8,0.1,uniform,4,1
1103,15643.506653146695,14210.299945571125,3045,6.017050002643335e-05,11309,2933,34148,0.8932032204497694,0.3683716687635999,0.9999295346459971,14190.871259484768,1.10930751239174,0.1946494521666277,0.9083832839175301,4097,0.9987274124395428,7.816774655897316e-05,0.9987477982624107,798.0932611592085,122,1103,1,68,2.5233488939371664,2.570055558212651,-0.3131890304739769,5.719782513097772,15643.506653127457,1,0,10,1,1,34,9,11,89,2,2,35,0.8,0.1,uniform,5,2
1103,15702.834011068224,14219.035602886408,3113,6.000529428764572e-05,11367,2983,34219,0.8921696196782147,0.36840258589310015,0.9999295738495985,14198.77106458516,1.1133370187053104,0.19824446961648998,0.9055076040964355,4097,0.998795309291382,7.840804032700889e-05,0.9988643010624622,880.0149493426022,122,1103,1,68,2.513096263022114,2.630144216588813,-0.33419911522739276,5.811638710065713,15702.83401104603,0,1,10,1,2,34,5,8,89,2,2,35,0.8,0.1,uniform,6,1
1102,20698.009951726475,19234.203647736907,3281,4.5742898961792644e-05,14816,3502,45748,0.9100852498412654,0.36816671190985295,0.9999479696018119,19219.033860929332,1.080834877467165,0.1585176549654873,0.9292779205632052,8193,0.998751257617125,5.623626905052801e-05,0.9987707639442543,813.0132949688085,122,1103,0,68,3.448703546958874,2.378241343320965,-0.30774109036859176,6.442427071017022,20698.009951674336,1,0,10,5,2,34,7,8,89,2,1,35,0.8,0.1,uniform,7,1
1103,17985.241834986027,16495.326096971665,3250,5.240480435523957e-05,12948,3235,39467,0.8991853729825636,0.3682984266460439,0.9999393103395003,16476.771275865776,1.0971050517118288,0.18070371417958334,0.9171589822542122,8193,0.9988152222666568,6.658293312117425e-05,0.998906086306253,913.6488089425965,122,1103,1,68,2.925751076150572,2.6877572049088236,-0.3353988485892191,6.284305978237834,17985.24183493995,0,1,10,3,3,34,8,6,89,2,2,35,0.8,0.1,uniform,8,1
1103,14605.161534757222,13162.436191981064,3006,6.44116196372677e-05,10594,2828,31745,0.8884971138293478,0.36847019400671366,0.999923908871228,13141.63648365314,1.1195846441791475,0.2058176482914174,0.9012181180370532,4097,0.9987552911191848,8.519045933151751e-05,0.998808757453987,838.9595080754475,122,1103,1,68,2.3291978446437738,2.7611562290058105,-0.319063539714791,5.728481153079166,14605.161534737485,0,1,10,1,5,34,2,11,89,2,2,35,0.8,0.1,uniform,9,1
1103,17886.511577851124,16319.708037789453,3348,5.2724609818359714e-05,12905,3291,39139,0.8969732869448567,0.36832196285709184,0.9999386508902067,16299.655015386776,1.1036108169119885,0.18718015446599603,0.9124030679072243,8193,0.9987740556278871,6.77055411759485e-05,0.9988214033522861,847.9665946690887,122,1103,1,68,2.9064167253457596,3.2073559904933484,-0.3368310675489673,6.787434850937043,17886.51157781442,1,1,10,6,5,34,12,11,89,2,2,35,0.8,0.1,uniform,10,1
1103,14990.89592928736,13588.775849224061,2968,6.268074166902272e-05,10848,2834,32686,0.8915420347998695,0.36841438361419027,0.9999263055334677,13569.039839324534,1.1120971143650178,0.19798683240816103,0.9064685602063309,4097,0.9987877270333165,8.195540357526838e-05,0.9987906632082952,826.3994087593743,122,1103,1,68,2.4079682458278455,3.490143170056268,-0.3102359117906593,6.518583239465432,14990.895929266055,0,3,10,0,5,34,5,11,89,1,2,35,0.8,0.1,uniform,11,1
1103,15047.855163607415,13605.721818922577,3027,6.2495677408014e-05,10900,2875,32765,0.8904592061347427,0.36843254765947786,0.9999263936124442,13585.277440715605,1.115354237885875,0.20115823598041188,0.9041635283563484,4097,0.9987813407279246,8.209719629617157e-05,0.9988029221234759,834.867439431609,122,1103,1,68,2.4113532406661973,2.944738910239723,-0.3171789739441672,5.990450098794255,15047.85516357616,0,2,10,1,3,34,4,7,89,2,2,35,0.8,0.1,uniform,12,1
1103,25664.93623183074,24093.909759643117,3634,3.699364739702964e-05,18291,4125,57045,0.9181090529836812,0.3680924421988328,0.9999584720565136,24079.671467743858,1.0686707965229463,0.14159396178405304,0.9387870494593643,8193,0.9987794116393496,4.437970044379882e-05,0.9988211664590815,847.7960905137379,122,1103,1,68,4.331501093423845,3.3318187292155153,-0.32215914805405377,8.307638118747468,25664.93623175061,2,1,10,4,2,34,8,8,89,1,2,35,0.8,0.1,uniform,13,1
1103,17612.203690075723,16036.084102353467,3358,5.351141736678092e-05,12719,3270,38495,0.8952452939156578,0.3683603068835212,0.9999375621328166,16015.42182413414,1.1062725743550028,0.1906632502718666,0.9105098024382728,8193,0.9987905738007142,6.9073300066256e-05,0.9987918714019067,827.226352867976,122,1103,1,68,2.8584924422732394,3.134049131211747,-0.33501683969194085,6.662575252868868,17612.203690037968,1,1,10,4,5,34,7,12,89,2,2,35,0.8,0.1,uniform,14,1
1103,18966.978190934038,17562.721219264364,3081,5.0040557586585704e-05,13597,3266,41840,0.9092110055819946,0.36817502980807737,0.9999430163937835,17548.40688963244,1.0850673133709243,0.16244021419672833,0.9259630628804703,4097,0.9987068270822093,6.183104850370185e-05,0.998724678108157,783.615657993787,122,1103,1,68,3.124266460269679,2.471166500817799,-0.314895496373849,6.225223953835176,18966.978190889055,0,0,10,2,3,34,16,8,89,2,2,35,0.8,0.1,uniform,15,1
1103,15747.976365336503,14307.850523437372,3041,5.9863555647321e-05,11383,2950,34380,0.8945214067453289,0.36836886640115113,0.9999300178519005,14288.858454245415,1.1089869540108117,0.193104176019318,0.9085516888970542,4097,0.998740737811342,7.760928925631811e-05,0.9988008942032759,833.4546709213021,122,1103,1,68,2.5361380109981426,2.9492936539678047,-0.3193427442699621,6.124117153505871,15747.976365303599,0,2,10,1,5,34,9,8,89,2,2,35,0.8,0.1,uniform,16,1
1103,23432.566019788,21810.64055357729,3637,4.0468168842275006e-05,16761,3934,51838,0.9119778233334538,0.36814153650891657,0.9999541179460839,21794.51383380451,1.0788450066942041,0.15521134121327892,0.9307832755131876,8193,0.9987796748398411,4.949962476459207e-05,0.9988102188042772,839.9905755443096,122,1103,1,68,3.915651693843017,2.739169070530068,-0.33322700420334783,7.3212747727797804,23432.566019725702,2,0,10,5,4,34,7,10,89,2,1,35,0.8,0.1,uniform,17,1
1103,15456.58732781566,13984.720068055873,3086,6.0913177709724667e-05,11193,2945,33667,0.8914083895136299,0.3684104918584096,0.9999283911939195,13964.26291545441,1.1144259759723245,0.19965597415196804,0.9047741116105872,4097,0.9987793965583519,7.980271360440062e-05,0.9988367681766357,859.1737701717436,122,1103,1,68,2.47815647594655,2.555933676917081,-0.32448855175723607,5.683067256378103,15456.58732778638,0,0,10,2,1,34,7,8,89,2,2,35,0.8,0.1,uniform,18,1
1103,20032.33362095303,18537.952024659277,3329,4.711451129520107e-05,14366,3457,44175,0.9060128915811242,0.36821965558821335,0.9999460088707715,18521.06111653105,1.0860028763954968,0.1661813377807365,0.9254015221306673,8193,0.9987513289204464,5.86345216421621e-05,0.9987936967460007,828.478845367049,122,1103,1,68,3.323184358303427,2.8538958922078606,-0.3091517470299519,6.7953837445711915,20032.333620913585,1,1,10,4,5,34,7,10,89,2,1,35,0.8,0.1,uniform,19,1
1103,16685.390356062784,15241.733689927909,3097,5.6491192352968255e-05,12033,3054,36534,0.8975406954989726,0.36833246971361294,0.9999343137093621,15223.37685359889,1.1021275606560652,0.1856114800978976,0.9134778009187954,4097,0.9987049023813189,7.239467126966634e-05,0.9987554792086003,803.0220285276255,122,1103,1,68,2.7176854246777964,3.3948680408555547,-0.3077706688900017,6.728094803313354,16685.390356026408,2,1,10,3,6,34,8,15,89,2,2,35,0.8,0.1,uniform,20,1
1103,26446.276794604993,24838.145446617487,3716,3.594175684803512e-05,18844,4241,58796,0.9188236769010693,0.3680911794899525,0.9999597170403217,24823.89244412968,1.0681412712727503,0.14051127229970078,0.9391925237538328,8193,0.9987532391145102,4.302789176141418e-05,0.9987985982921478,831.8609606273342,122,1103,1,68,4.4678685041797115,3.459642353285664,-0.32746726998671666,8.582445397438809,26446.276794527854,2,2,10,4,4,34,9,8,89,1,1,35,0.8,0.1,uniform,21,1
1103,19098.934215218538,17533.394892702298,3355,4.9643247230461e-05,13742,3422,41933,0.9033239561316091,0.3682431677506703,0.9999429107094288,17515.920150298683,1.095671818827993,0.17566425237103792,0.9180300164985763,8193,0.998795806122137,6.255112683573177e-05,0.9988041639122591,835.734907953973,122,1103,1,68,3.125730247144331,3.5974051446394557,-0.33735845914386225,7.397852310071511,19098.934215179386,3,2,10,4,4,34,9,14,89,2,2,35,0.8,0.1,uniform,22,1
1102,17141.295930722365,15610.03804633061,3277,5.4834274124284094e-05,12379,3178,37469,0.8945248500802259,0.3683794969487736,0.9999358552994486,15589.252404504003,1.1061637485659053,0.19117574384365124,0.9106684879264421,8193,0.9987963111977362,7.09545424125967e-05,0.9988105586882579,840.2307465784949,122,1103,0,68,2.787149431020477,2.9270903537939232,-0.3237935691038052,6.361826923022011,17141.295930684795,1,1,10,5,3,34,9,11,89,2,2,35,0.8,0.1,uniform,23,1
1103,16370.537618864808,14896.027647686038,3133,5.75502192720031e-05,11826,3047,35769,0.8950125150135807,0.3683501908328571,0.9999327824916495,14876.576288060794,1.1070885337002818,0.19138039769626414,0.9099290441457708,4097,0.9987424931057004,7.441573275884416e-05,0.9987939924309953,828.6820917406287,122,1103,1,68,2.641941859853175,2.492437688039768,-0.3264239821825272,5.7872275122579975,16370.537618826897,1,0,10,1,2,34,9,7,89,2,2,35,0.8,0.1,uniform,24,1
1103,16222.660791892276,14776.390203548432,3076,5.809118572811975e-05,11714,3006,35465,0.895910973423757,0.3683403921834891,0.9999322405560892,14757.590413696907,1.105779939260924,0.18961131219222163,0.9108487438098528,4097,0.9987469318794685,7.492703377226783e-05,0.9987961738324829,830.1846172178512,122,1103,1,68,2.6233344422098384,2.6320206429707014,-0.3182178319261913,5.891790749032922,16222.660791860204,1,1,10,2,2,34,12,8,89,2,2,35,0.8,0.1,uniform,25,1
1103,14783.623413232297,13322.263237472003,3075,6.3343858987512e-05,10726,2860,32131,0.8863681019518362,0.36850040647543764,0.9999248130747652,13299.684791521153,1.1199587210858164,0.2080004281797165,0.9011500675502677,4097,0.9988299953924442,8.420625262838341e-05,0.9988447465445778,865.1108181495848,122,1103,1,68,2.360527341354857,2.7098863243916194,-0.32009340446863077,5.710600474683739,14783.623413216534,0,1,10,0,4,34,5,9,89,2,2,35,0.8,0.1,uniform,26,1
1103,15755.74045873638,14288.942155816068,3084,5.985585539168207e-05,11397,2974,34363,0.8934169529642071,0.3683774537714908,0.9999299225211161,14269.419744798313,1.111301965603694,0.19573818241528324,0.9069038800961596,4097,0.9987595268611081,7.787724002834923e-05,0.9987751384363585,815.9186913715595,122,1103,1,68,2.5386462602322895,2.6835634713148986,-0.31824230888961785,5.8586943493264245,15755.74045870732,0,0,10,2,2,34,8,12,89,2,2,35,0.8,0.1,uniform,27,1
1103,17736.197998790558,16259.015713252254,3198,5.3167112431939993e-05,12771,3196,38910,0.8998814537212156,0.3682950692321135,0.9999384287318163,16240.841605957523,1.0976711390171106,0.18030921848177797,0.9167137012318518,4097,0.9987676788621421,6.758500407798445e-05,0.9988015964436429,833.9433516928704,122,1103,1,68,2.892733516735105,2.3712261859127994,-0.3232588674444507,5.910477437536805,17736.19799875025,1,0,10,6,1,34,12,5,89,2,2,35,0.8,0.1,uniform,28,1
1103,21778.421003973035,20196.545274324326,3496,4.351232185243712e-05,15603,3721,48082,0.909782196573271,0.3681813071057368,0.9999504478801201,20180.271321575103,1.0832795115862939,0.16052587096935195,0.9273649944888048,8193,0.998826702202302,5.367879622167084e-05,0.9988867191531015,897.7458464505904,122,1103,1,68,3.618534094131862,4.7807451696934,-0.33040897094907595,9.060097205723414,21778.421003921372,2,3,10,3,6,34,9,11,89,2,1,35,0.8,0.1,uniform,29,1
1103,17352.614722681592,15849.018764996335,3202,5.4459623168009174e-05,12514,3179,37992,0.8987363670446759,0.3682977765065012,0.9999368332470265,15830.612928783421,1.1021951615735759,0.18452550530120787,0.913350467251491,4097,0.9988195081266424,6.962208949984863e-05,0.9988270613873914,852.0594387757321,122,1103,1,68,2.822358459347758,2.699756885565824,-0.32408120024229375,6.170277745398169,17352.614722639137,1,0,10,3,3,34,7,14,89,2,2,35,0.8,0.1,uniform,30,2
1103,19147.11170395816,17667.4751030668,3269,4.9275028155334196e-05,13749,3350,42156,0.9039533267710401,0.3682388896850397,0.9999433452226287,17650.262144547014,1.089562628536031,0.17073071127089215,0.9227227258205486,8193,0.9987860300484375,6.172892815188692e-05,0.9988158854842203,844.012815070392,122,1103,1,68,3.154016472709891,2.2909678310277597,-0.3178079522980355,6.080600208333722,19147.111703918716,2,0,10,6,0,34,10,3,89,2,2,35,0.8,0.1,uniform,31,1
1102,15327.17703633036,13900.900938760982,2993,6.154917268215138e-05,11087,2893,33429,0.89381151905212,0.36838381982119306,0.9999279672940827,13882.082735627278,1.111216269263021,0.19527405424401528,0.9069446321270614,4097,0.9987324258083087,8.004391473467401e-05,0.9987497497909926,799.3397940296941,122,1103,0,68,2.467758210996046,3.4132857032048207,-0.3139436104742793,6.508931135149425,15327.177036301491,0,3,10,3,6,34,7,13,89,2,2,35,0.8,0.1,uniform,32,1
1103,15333.775511156406,13876.868191401878,3054,6.139546369690499e-05,11103,2919,33404,0.8916761909540514,0.3684124652882463,0.9999278352273265,13856.676604585702,1.1141172811074176,0.19916816949472094,0.9049870451869779,4097,0.9987698178950384,8.040002032304509e-05,0.9987984489403594,831.7574988335261,122,1103,1,68,2.4622727149768284,2.5721007726187226,-0.31810362430262085,5.670580736200793,15333.775511126163,0,0,10,1,3,34,11,7,89,2,2,35,0.8,0.1,uniform,33,1
1103,15780.045324686544,14277.57846079709,3165,5.952145031681873e-05,11428,3005,34372,0.890456206282204,0.3684410910581319,0.999929856718643,14256.032917246517,1.1145217170734485,0.20056976611142083,0.9047869107486675,4097,0.9987554894905717,7.817621037931026e-05,0.9988196187015307,846.683774531045,122,1103,1,68,2.536225729657472,3.4085241499465386,-0.32506988678014115,6.594889653164293,15780.045324653436,0,4,10,1,6,34,8,9,89,2,2,35,0.8,0.1,uniform,34,1
1102,20942.224819330902,19508.302309286806,3216,4.5323321425184476e-05,14975,3502,46350,0.9129268783224992,0.368142332200091,0.9999487044746763,19494.37783721132,1.077854833461993,0.1535653459813612,0.9315296000107638,4097,0.9987214181164993,5.5289129905250455e-05,0.9987248524713656,783.7228777123036,122,1103,0,68,3.4923469964660603,2.5082109620819915,-0.3084197583949458,6.617397475337944,20942.224819284143,1,0,10,6,1,34,12,9,89,2,2,35,0.8,0.1,uniform,35,1
1100,17231.03848432433,15756.810526247762,3177,5.467731615570717e-05,12421,3139,37750,0.8978986301391165,0.36831897901940347,0.9999364617661267,15738.055176996184,1.1008208905362544,0.18437658315778394,0.914443464367065,4097,0.9987509440050102,6.994421519588984e-05,0.9987950328421714,829.3980370001221,122,1103,0,68,2.8164107915172534,2.886664029381498,-0.3165052965347502,6.336085413968251,17231.038484286022,1,1,10,7,3,34,8,12,89,2,2,35,0.8,0.1,uniform,36,1
1103,24827.57528694922,23310.737982940038,3524,3.821533692580333e-05,17693,3988,55188,0.917674319501209,0.3680892182919782,0.999957076555251,23296.79139155451,1.068543204332028,0.14193895131806986,0.938905137272647,8193,0.9987876046203136,4.5865555193143726e-05,0.9987907840169271,826.4820214704536,122,1103,1,68,4.193390448994965,2.6482607000492773,-0.3084364389243025,7.458524026892848,24827.57528687476,2,1,10,3,1,34,8,7,89,2,1,35,0.8,0.1,uniform,37,1
1103,14945.395234695576,13444.00560177131,3131,6.274839413739086e-05,10851,2913,32451,0.8862848622501182,0.3685286376959187,0.9999254925803129,13420.982098526973,1.1222302681347842,0.2094959652008009,0.8995416575241312,4097,0.9988155854992825,8.361448157395284e-05,0.998828790973759,853.3184587183533,122,1103,1,68,2.384114857231983,2.77413193757267,-0.32583894778565414,5.8099246903759605,14945.395234672269,0,1,10,1,3,34,6,9,89,2,2,35,0.8,0.1,uniform,38,1
1103,16087.99929171786,14647.659861820945,3078,5.849441200695066e-05,11619,2986,35163,0.8946005103587538,0.3683637331008292,0.9999316423805613,14628.447114045572,1.106376816518212,0.19132273343550937,0.9104711901225402,4097,0.9987427989002194,7.562928537985919e-05,0.998761698875353,807.0579132042308,122,1103,1,68,2.6029645411996243,3.857935493222717,-0.3141704164949882,7.089240867412317,16087.999291685788,0,2,10,4,6,34,7,9,89,1,2,35,0.8,0.1,uniform,39,1
1103,24261.927908850445,22746.37159334034,3505,3.9083767715114115e-05,17301,3927,53887,0.9164370815555255,0.3681051610237449,0.9999560103638347,22732.12720523738,1.070272629451283,0.14446502409733977,0.9375335578770206,8193,0.9987098632161459,4.7080903567449225e-05,0.9987766076964845,816.8991877552202,122,1103,1,68,4.085819914368652,2.2858535905058894,-0.313441719136515,6.998556943147571,24261.927908780995,2,0,10,6,0,34,14,3,89,2,1,35,0.8,0.1,uniform,40,1
1103,21123.83104275094,19583.62230726115,3432,4.4782012766380874e-05,15136,3615,46629,0.9081709128505839,0.36818438589547164,0.9999488951218666,19567.10364776875,1.0837157158037733,0.16247052880958157,0.9270866760687171,8193,0.9988343417175504,5.53831595875486e-05,0.9988367371874417,859.1508685514419,122,1103,1,68,3.5062361135613154,2.5707380897664662,-0.324014302158221,6.725002807644223,21123.831042693244,1,1,10,4,3,34,11,6,89,2,1,35,0.8,0.1,uniform,41,1
1099,16459.530896223154,14931.176330020184,3245,5.712067329362925e-05,11906,3102,35903,0.8918337679221036,0.36839820914302873,0.9999329323006954,14909.807196953081,1.111133333511678,0.19715021165910665,0.9071447068668482,8193,0.9988606776379028,7.452115629949503e-05,0.9988606783562329,877.2151713371941,122,1103,0,68,2.6595507705463333,2.5762944979052427,-0.33581426970680484,5.907473807865186,16459.530896190994,1,0,10,4,2,34,8,5,89,2,2,35,0.8,0.1,uniform,42,1
1103,19914.67443263263,18413.85755671528,3293,4.757443895307785e-05,14286,3452,43896,0.9075186488388901,0.3681889515727718,0.9999456474851522,18397.912705555053,1.0868686171415467,0.16535545238962163,0.9246376393952955,8193,0.9987292937038624,5.907404265082184e-05,0.9987321810179397,788.2560291476847,122,1103,1,68,3.2942716391332247,2.885270186381469,-0.3167300712172375,6.813001967949169,19914.6744325828,2,1,10,5,4,34,11,11,89,2,2,35,0.8,0.1,uniform,43,1
1102,16857.87313221216,15370.124734176012,3193,5.57932386728779e-05,12168,3110,36873,0.8953359907285273,0.36835293058452967,0.9999348568342813,15350.304472174987,1.1046245560082946,0.18940704885830406,0.9117475623189175,8193,0.9987750119322073,7.195874050902334e-05,0.9987985956037119,831.859098015836,122,1103,0,68,2.741577173877505,3.6229042071314166,-0.31792793178050394,7.00033724456993,16857.87313217563,1,1,10,3,4,34,6,8,89,1,2,35,0.8,0.1,uniform,44,1
1103,15397.289540851603,13893.504806880208,3107,6.131501922598596e-05,11161,2968,33489,0.8914383960388181,0.3684283908890628,0.999927921159828,13873.197151348513,1.1177625772659223,0.2017887623504517,0.9023344511394943,4097,0.9987574109187819,8.056703015717861e-05,0.9987757462337212,816.324013589357,122,1103,1,68,2.4649469636164283,6.266900873520104,-0.3269459721618319,9.385739781460197,15397.289540817104,0,3,10,0,7,34,10,14,89,1,2,35,0.8,0.1,uniform,45,1
1102,25529.301131143562,24009.877975247407,3558,3.716657473884726e-05,18180,4064,56800,0.9187656399327895,0.36809139836014043,0.9999583274449592,23996.108772254964,1.0665795208170945,0.13936926756132562,0.9404831668485203,8193,0.9987503139559013,4.4447093786822394e-05,0.9987801250302593,819.256041169466,122,1103,0,68,4.31949166330993,2.658361104011402,-0.31377532962350185,7.605403426568336,25529.301131063206,3,1,10,5,2,34,10,5,89,2,2,35,0.8,0.1,uniform,46,1
1102,16234.579473665695,14763.364704578265,3096,5.8225541061063106e-05,11729,3031,35460,0.896192373305937,0.3683301855649147,0.9999321821215348,14744.8742618863,1.1076992244619093,0.19070404657059695,0.9093777100001941,4097,0.9987725844179925,7.512181138079274e-05,0.998824025349907,849.8583683628472,122,1103,0,68,2.6116541437655414,2.638440660820912,-0.3347305156958896,5.919555835978232,16234.579473632484,0,1,10,0,4,34,10,11,89,2,2,35,0.8,0.1,uniform,47,1
1102,14737.386506148398,13240.809027130945,3106,6.373162752815555e-05,10705,2887,31979,0.8860427899254453,0.36852727985005135,0.9999243493456969,13218.156318765326,1.123743277471457,0.21075650005543284,0.8984502796073724,4097,0.9987554489466272,8.501191420956759e-05,0.9988384860321957,860.4452104986959,122,1103,0,68,2.3484862073995854,2.9156726185585846,-0.3261755904442456,5.916510006846661,14737.386506119508,0,1,10,2,4,34,4,9,89,2,2,35,0.8,0.1,uniform,48,1
1103,25087.640953262267,23566.46922385699,3517,3.788503035965993e-05,17874,4019,55781,0.9189733253464221,0.36807976949547644,0.9999575435169552,23553.028887324617,1.0679225926531426,0.14018854967480182,0.939365692763254,8193,0.9987232533063978,4.534023744850083e-05,0.9987363286658464,790.8449010169497,122,1103,1,68,4.239605446641587,3.6273128869499565,-0.3093775004460491,8.485673334483643,25087.640953188315,2,2,10,5,4,34,9,11,89,1,1,35,0.8,0.1,uniform,49,1
1103,20784.06299225977,19269.711399451782,3386,4.5461098802490255e-05,14893,3555,45880,0.9076773434037417,0.36819482461173836,0.9999480617929803,19253.148848463483,1.0836865088278718,0.16291328607216918,0.9271388085490335,8193,0.998798666810174,5.628473424000763e-05,0.998821743183886,848.2113085745418,122,1103,1,68,3.4491023319810172,2.4555257008269735,-0.31954009634505576,6.5437082254981025,20784.062992218292,2,0,10,3,3,34,8,6,89,2,2,35,0.8,0.1,uniform,50,1
1102,19109.554964789102,17639.876789167767,3233,4.945560141692154e-05,13719,3337,42082,0.9051401488825328,0.3682125589214389,0.9999432587617243,17623.366346954375,1.0890011781209346,0.16918238053984322,0.9230919726634484,8193,0.9987275955258502,6.179127533059771e-05,0.99878530032703,822.7486590880769,122,1103,0,68,3.151916358439942,4.386454179933926,-0.3162424373395112,8.170855413052891,19109.554964744788,2,2,10,3,4,34,7,9,89,1,2,35,0.8,0.1,uniform,51,1
1099,19444.311385867586,17939.99981125279,3311,4.856993108015355e-05,13962,3404,42808,0.9044691844625797,0.36823721985753155,0.999944206692242,17922.796537262206,1.0896400489770937,0.17028116523614634,0.9226348753235791,8193,0.9987400769064299,6.079462259810409e-05,0.9987964615335035,830.3831890762947,122,1103,0,68,3.219321605635948,3.336301994989213,-0.3192245974245387,7.194072795474238,19444.311385817375,3,2,10,4,5,34,10,11,89,2,2,35,0.8,0.1,uniform,52,1
1093,14632.089801923374,13193.696651484694,3017,6.408032572453885e-05,10613,2824,31812,0.8876359805644098,0.36849560395379377,0.9999240839192811,13171.939752556224,1.1190943728404839,0.20619064267931286,0.9016959867038539,4097,0.9986486814526048,8.495725874092816e-05,0.9987660413044237,809.8997942708943,122,1103,0,68,2.366948611594155,2.5555890554040226,-0.3104694674359729,5.543476601870124,14632.08980189965,1,0,10,3,3,34,5,10,89,2,2,35,0.8,0.1,uniform,53,1
1103,16886.57940101522,15390.300096488874,3206,5.5703898461274324e-05,12191,3120,36928,0.8951977721979342,0.3683473604212172,0.9999349420043875,15370.400843660314,1.1051059791920754,0.18985490926642345,0.911392398129109,8193,0.9988168812998611,7.189597994578855e-05,0.9988308926953567,854.8533812172351,122,1103,1,68,2.7401802913567974,5.153438894785192,-0.3217561367439436,8.537131459629878,16886.579400975585,2,3,10,4,4,34,9,8,89,2,2,35,0.8,0.1,uniform,54,1
1103,26095.9380330974,24555.40485227729,3580,3.644486435203977e-05,18579,4143,58078,0.9204646644632183,0.3680729425135966,0.9999592546340365,24542.168257203244,1.0659203301571876,0.13718610135644468,0.9409665527690073,8193,0.9987973861425771,4.3431313940419727e-05,0.998807223813608,837.8801527715877,122,1103,1,68,4.417825030302497,2.476895183163296,-0.3139860364286773,7.522692286323148,26095.938033022423,2,0,10,5,4,34,8,7,89,2,1,35,0.8,0.1,uniform,55,1
1103,16910.210770556565,15448.319394821074,3125,5.579946370646122e-05,12194,3094,37028,0.8982633309077247,0.3683188291273352,0.9999351936721108,15430.091922441365,1.1019751753426827,0.18479958898212756,0.9135497838808205,4097,0.998810359652563,7.141496453922433e-05,0.9988320035569992,855.6668935221468,122,1103,1,68,2.7415788555447125,2.4230004552087134,-0.3246424990396781,5.813864308832782,16910.210770532914,0,0,10,4,2,34,10,7,89,2,2,35,0.8,0.1,uniform,56,1
1103,15756.842057415888,14344.413637958434,2984,5.996241919766205e-05,11379,2928,34437,0.8966183194045376,0.368329796811776,0.9999302026572061,14326.692978492534,1.1063414255396242,0.18937804854086188,0.9103609457840126,4097,0.9987116958574795,7.721969172556767e-05,0.9987155206027296,778.0254201399323,122,1103,1,68,2.548452583262276,2.7996857742597925,-0.30863573176650533,5.965409821055079,15756.842057383728,0,1,10,2,6,34,11,11,89,2,2,35,0.8,0.1,uniform,57,1
1103,18281.841776939487,16747.930453735073,3275,5.17831403311086e-05,13166,3306,40093,0.9015827680595891,0.36826432872962345,0.9999402296772376,16730.211053338615,1.0983393794981116,0.17913950027349262,0.9160964556022319,8193,0.9987663051724982,6.564809921551633e-05,0.9987968428623413,830.6465294060066,122,1103,1,68,2.984847177221283,4.2565917395049055,-0.33008333536250517,7.901605587451199,18281.84177689959,1,2,10,5,7,34,9,15,89,1,2,35,0.8,0.1,uniform,58,1
1103,21733.86111498597,20204.10899134639,3405,4.3651280328442506e-05,15554,3671,48047,0.9115842318773023,0.3681503130775121,0.9999504691183408,20188.92458317275,1.0803303545445875,0.1566679745483502,0.9296143416235976,8193,0.998767823886333,5.3509714943984466e-05,0.9988003590591776,833.0826545852134,122,1103,1,68,3.6097560756472404,2.659823434794016,-0.33110722715049695,6.93179396474225,21733.86111492952,1,1,10,5,3,34,12,9,89,2,2,35,0.8,0.1,uniform,59,1
1103,21445.467733177655,19980.867824366338,3321,4.4135569100555794e-05,15334,3582,47468,0.9114980718187619,0.36816064449574876,0.9999499158361528,19965.891030135543,1.0777180499461454,0.15485789544530093,0.9317058537946702,8193,0.9987187219117467,5.3976607395003264e-05,0.9987569952796498,804.0020705014738,122,1103,1,68,3.573520225834806,2.376691328469734,-0.3150505326647038,6.580312619633948,21445.4677331248,2,0,10,6,2,34,13,7,89,2,2,35,0.8,0.1,uniform,60,1
1103,20560.0217578419,19060.925606937333,3335,4.604348155348612e-05,14732,3519,45384,0.9084404592939148,0.36818361823754564,0.9999474942953601,19045.049557498423,1.0836902621296431,0.16220799954785947,0.9270868402494375,8193,0.9987793946857267,5.689992082457237e-05,0.9987794078269258,818.7743635671136,122,1103,1,68,3.4168853908616543,2.728401078065527,-0.3111330602354234,6.7675525893980275,20560.021757800383,1,0,10,5,4,34,9,13,89,2,1,35,0.8,0.1,uniform,61,1
1102,21767.200774616344,20202.343024503265,3520,4.336919642116744e-05,15591,3704,48078,0.9079711113831098,0.36819541274348583,0.9999504597540109,20185.108283310536,1.0824508515563314,0.16171119274577656,0.9281093712362902,8193,0.9988364921804154,5.3624881457697096e-05,0.9988569098531527,874.3215473712416,122,1103,0,68,3.626769344587887,2.454380785802954,-0.32372081413414994,6.728591758659141,21767.200774558423,1,0,10,7,1,34,13,4,89,2,1,35,0.8,0.1,uniform,62,1
1103,15768.961254520405,14346.563265354764,3030,5.9677931931053884e-05,11392,2936,34451,0.8943649441663089,0.3683702226468573,0.9999302063885074,14327.458937900952,1.1073248498062238,0.19214962552662787,0.909797610241582,4097,0.9986951420800054,7.7284200363587e-05,0.9987551234835059,802.7924209966679,122,1103,1,68,2.547989323753362,2.370354299686569,-0.31129648848392905,5.540936600407789,15768.96125448866,0,0,10,3,1,34,7,5,89,2,2,35,0.8,0.1,uniform,63,1
1100,25657.92689091481,24146.3823743474,3516,3.706904845690384e-05,18266,4071,57107,0.9205083241475541,0.36807204938459187,0.9999585645126936,24133.40223849404,1.0657696203739873,0.13703367442538691,0.9410885952324296,8193,0.9987137037935097,4.416068357680364e-05,0.9987313780571051,787.75679423149,122,1103,0,68,4.355390270394752,2.4407631179860636,-0.3096873461219788,7.415528080624774,25657.926890842016,3,0,10,6,2,34,12,6,89,2,1,35,0.8,0.1,uniform,64,1
1103,16532.884448566965,15018.237452796504,3228,5.6835592360576965e-05,11953,3098,36090,0.892580120052407,0.3683981638992817,0.9999333226628228,14997.099513778436,1.1094031970619833,0.19524723650262954,0.9083857991941783,8193,0.9988098123859364,7.397205103606131e-05,0.9988760689402457,889.2341932084407,122,1103,1,68,2.6704245480263147,2.784972130443147,-0.32737861580581745,6.110153910081097,16532.88444853421,1,1,10,1,3,34,6,9,89,2,2,35,0.8,0.1,uniform,65,1
1103,22365.430403556136,20841.613266209923,3429,4.24098656988802e-05,15990,3733,49509,0.9128590287050482,0.36814743479114775,0.9999519858143258,20826.67817172964,1.0774436666661253,0.15331696900654251,0.9318673010154133,8193,0.99875926464227,5.1732580264877616e-05,0.9988020857625938,834.2842016723588,122,1103,1,68,3.7345479841802844,3.276684261641519,-0.320833775293047,7.6528997964078975,22365.430403495422,1,1,10,7,4,34,9,8,89,1,1,35,0.8,0.1,uniform,66,1
1103,16377.640102244985,14892.580930944141,3150,5.756611877192635e-05,11834,3058,35771,0.8946509010641555,0.3683542449171125,0.9999327666163491,14873.063478759634,1.1079098190755046,0.19233540243494604,0.9093239830629031,4097,0.9987995427174033,7.448852591683018e-05,0.9988043733525358,835.881392906142,122,1103,1,68,2.6428806973250425,2.5819607643984015,-0.3267729930138456,5.878387447751135,16377.640102218968,1,0,10,2,3,34,8,8,89,2,2,35,0.8,0.1,uniform,67,1
1103,15375.033940505891,13887.531994602352,3106,6.124487619630372e-05,11141,2950,33459,0.8904314592650809,0.36843564355336283,0.9999278875426209,13866.72954549873,1.1165904306827603,0.20201581421015075,0.9032521195296564,4097,0.9987048876840643,8.052007984316476e-05,0.9987836828448652,821.6538867701878,122,1103,1,68,2.4664887559624304,5.074719925741001,-0.3213687128461755,8.183946107395784,15375.033940479461,1,4,10,1,8,34,6,14,89,1,2,35,0.8,0.1,uniform,68,1
1102,16835.46835755845,15352.815709462779,3174,5.591530589649148e-05,12150,3103,36828,0.8960195568134477,0.36835964611613703,0.9999347846863041,15333.321812301367,1.1043314053139808,0.18853054352806298,0.9119327947042222,4097,0.9987782434847817,7.20193190220775e-05,0.9988318649582008,855.5653096080749,122,1103,0,68,2.7280461838404375,2.5532608497886433,-0.32739271952240623,5.936092472673893,16835.46835752927,0,1,10,4,2,34,10,6,89,2,2,35,0.8,0.1,uniform,69,1
1103,15700.782651864965,14219.275252633695,3117,5.993022705599758e-05,11365,2980,34217,0.8917453768974564,0.3684095273411848,0.999929573576774,14198.716058127979,1.1132059515297785,0.19852513528233304,0.905641175215218,4097,0.998793026611938,7.839911348026373e-05,0.9988166190544914,844.5363232795544,122,1103,1,68,2.5206237195269927,2.465615653919155,-0.32629969875767456,5.638838770961497,15700.78265183994,0,0,10,2,1,34,6,6,89,2,2,35,0.8,0.1,uniform,70,1
1103,15189.313579766706,13778.304485407167,2953,6.218366473624443e-05,10986,2865,33132,0.8945177521920974,0.3683748428615027,0.9999273287499301,13760.099942860023,1.1109210679286625,0.1944129986185561,0.9071051442219806,4097,0.9987699795479444,8.0732022735412e-05,0.9987824162707346,820.7986526894139,122,1103,1,68,2.4431404775826344,3.444890868432764,-0.311041495170894,6.510114336357186,15189.31357973571,0,3,10,1,6,34,7,14,89,2,2,35,0.8,0.1,uniform,71,1
1103,18311.284648160956,16852.825365137127,3171,5.1614955462312293e-05,13162,3242,40259,0.9036324396130361,0.36824919678810536,0.999940605605294,16836.105620031525,1.0926518765352384,0.17317190251414014,0.9203518862249621,4097,0.9987521925173544,6.489739683146236e-05,0.9988175996345278,845.2371230816537,122,1103,1,68,3.003023913661727,3.175591445235848,-0.3172452881733331,6.813105935244241,18311.284648120356,0,1,10,6,6,34,12,11,89,2,2,35,0.8,0.1,uniform,72,1
1103,14957.865581453685,13532.128228891585,3000,6.284247146723078e-05,10833,2851,32579,0.8905833181571686,0.36842984443100046,0.9999259938900982,13511.897839450707,1.1146265196379328,0.20056337474510477,0.904683101689998,4097,0.9987851114811038,8.248917271222458e-05,0.9988066857014706,837.5020942470095,122,1103,1,68,2.397293794919774,2.6570434280983757,-0.3149211790461976,5.684179581110545,14957.865581422331,0,1,10,1,3,34,6,8,89,2,2,35,0.8,0.1,uniform,73,1
1103,18931.84927201807,17382.277348620304,3349,4.992400780459655e-05,13622,3389,41569,0.9019665425288745,0.3682598546499102,0.999942411654755,17364.124655707445,1.0956277463697606,0.17689766867888274,0.9181499968052204,8193,0.9988135016878735,6.309538891815895e-05,0.9988554096064867,873.174894032644,122,1103,1,68,3.0983834170343316,3.358573429705721,-0.334408835364254,7.12577451746856,18931.8492719782,1,2,10,5,5,34,6,12,89,2,2,35,0.8,0.1,uniform,74,1
1103,18323.021103623305,16897.176370649326,3113,5.164698107176272e-05,13159,3215,40329,0.9052523013024604,0.36822222919981135,0.9999407647539349,16881.34089939497,1.0901670283750975,0.16989556374982379,0.9221828799459264,4097,0.9987465860066029,6.457631217803426e-05,0.9987581916490997,804.7771353066297,122,1103,1,68,3.0134016703552415,2.6549124041191,-0.3089956285712795,6.286305331616901,18323.021103579762,1,1,10,4,3,34,11,12,89,2,2,35,0.8,0.1,uniform,75,1
1103,16558.762590405902,15086.954051390483,3134,5.695195395055069e-05,11955,3065,36206,0.8960686792922382,0.3683372893244372,0.9999336363067235,15067.980222558723,1.1053882703709255,0.1892653501666743,0.9111160311055984,4097,0.9987275921357387,7.335764812643828e-05,0.9987884999679001,824.9229064125667,122,1103,1,68,2.6769177492517042,2.591887776614818,-0.3255777340435196,5.919960993953562,16558.76259037316,1,0,10,2,3,34,6,9,89,2,2,35,0.8,0.1,uniform,76,1
1103,16663.640322661944,15191.56586722408,3159,5.645660908053493e-05,12028,3076,36447,0.8952664171350102,0.368347772464853,0.9999340910425017,15171.944499133962,1.1047458519540307,0.18957442304511787,0.9116594917476768,4097,0.9987731019418201,7.281264740297161e-05,0.9988074907300724,838.0678054170866,122,1103,1,68,2.7042882930284935,2.6655847802536883,-0.31722400481916263,6.004321082920508,16663.640322629824,1,2,10,2,2,34,6,8,89,2,2,35,0.8,0.1,uniform,77,1
1103,23807.883797636157,22272.229040453432,3480,3.994144172961948e-05,16992,3897,52815,0.9166096951606004,0.3681035764989661,0.9999550739735191,22258.312500534146,1.0727569709261808,0.14617006826728224,0.9354980572723058,8193,0.9987445275747231,4.8194708083673075e-05,0.9987951845876029,829.502561946336,122,1103,1,68,3.992479769109264,2.4144496520426753,-0.32445292310536267,7.055835267362665,23807.883797563663,2,0,10,6,1,34,12,8,89,2,1,35,0.8,0.1,uniform,78,1
1103,21826.248915212484,20349.264015132056,3310,4.3522638078343405e-05,15601,3634,48329,0.9140676938715012,0.3681325621015906,0.9999508256391504,20335.300659549448,1.0768001369730817,0.15165226113099958,0.9323298792285376,8193,0.9987118212475924,5.295095849855821e-05,0.9987335904194539,789.1338448692267,122,1103,1,68,3.6394166778050843,3.406873535387202,-0.3181987193220243,7.682687651836335,21826.248915156004,2,2,10,7,5,34,12,12,89,2,2,35,0.8,0.1,uniform,79,1
1103,16750.17518674124,15281.631984554571,3155,5.618475477391537e-05,12087,3082,36650,0.8958771351460403,0.3683508493610067,0.9999344811729372,15262.28849105474,1.1037979407054215,0.1883562389542869,0.9123266959411203,4097,0.9987417975351109,7.231954638958096e-05,0.9987674637751154,810.835077328112,122,1103,1,68,2.724006129842028,2.9042816890670076,-0.3131969865145314,6.254681791938098,16750.175186706427,2,1,10,4,4,34,5,8,89,2,2,35,0.8,0.1,uniform,80,1
1103,17299.338292873137,15805.962125111802,3213,5.444883016993833e-05,12475,3163,37883,0.8972544962140837,0.36833526285310575,0.9999366578113976,15786.76630276395,1.1018928908048378,0.18572964731972838,0.9136743762981636,8193,0.9987789383717888,6.979630730921221e-05,0.998858930923721,875.8710385490656,122,1103,1,68,2.8119115718576166,2.4199371974813086,-0.3248678103423185,5.881584390023562,17299.338292832643,1,1,10,2,1,34,9,5,89,2,2,35,0.8,0.1,uniform,81,1
1103,15971.03368104907,14537.84723932069,3070,5.881347456350951e-05,11536,2966,34902,0.8938530481965806,0.3683831913134993,0.9999311227843983,14518.089215159791,1.106768263275889,0.19222299954465719,0.9102633886854191,4097,0.998768205292852,7.623111629097823e-05,0.9988491058049381,868.389506826378,122,1103,1,68,2.5772983554295843,3.2736328674164414,-0.31862796932424453,6.488187161494515,15971.033681017367,0,1,10,1,2,34,10,8,89,1,2,35,0.8,0.1,uniform,82,1
1102,19391.448444831185,17859.93915989846,3336,4.880041629145466e-05,13934,3423,42651,0.9042227531799177,0.3682415518322091,0.9999439563283133,17842.727783670445,1.0917229387622256,0.1720345960484048,0.9210214085198493,8193,0.9987672093310261,6.118416195308671e-05,0.9987699874207191,812.4997129211861,122,1103,0,68,3.200953935880576,4.866146539239519,-0.3183652011043841,8.703830877328864,19391.44844478713,1,2,10,1,8,34,6,15,89,1,1,35,0.8,0.1,uniform,83,1
1100,32437.878482435208,30886.57649219975,3706,2.953836045408734e-05,22974,4821,72667,0.9327140421780284,0.36799372787882867,0.9999676134342234,30876.50026020609,1.052199829428531,0.11424914863056665,0.9521762191977052,8193,0.9987953790331002,3.4077138986166156e-05,0.9987976157271461,831.1807713033762,122,1103,0,68,5.552447548306787,2.8780503651905667,-0.34534853938548093,9.121194992268316,32437.878482307475,1,1,10,7,3,34,10,8,89,2,2,35,0.8,0.1,uniform,84,1
1103,17064.112603759462,15572.785503956484,3175,5.533925374377209e-05,12310,3137,37344,0.897883905770789,0.36832019384952386,0.9999357109779113,15554.255184741973,1.1032501561661232,0.18606300097319464,0.9126044738198447,4097,0.9987486898079944,7.09268736590219e-05,0.998771625604142,813.5839450518373,122,1103,1,68,2.7681165747897905,2.954310081320781,-0.3260108238921472,6.374448303894866,17064.112603730886,1,1,10,2,3,34,9,9,89,2,2,35,0.8,0.1,uniform,85,1
1102,22202.33739543704,20759.585558131963,3262,4.282048423255146e-05,15850,3644,49240,0.9162915974612937,0.3681139934192495,0.9999518001365493,20746.44673831744,1.0733628121517593,0.1469214678572715,0.9350180203278242,8193,0.9986525600333979,5.173594097867696e-05,0.9987084669681816,773.7735464515615,122,1103,0,68,3.7193774436195266,3.569714238143595,-0.3100848785921218,7.909261438947365,22202.33739538618,2,1,10,7,5,34,11,8,89,1,2,35,0.8,0.1,uniform,86,1
1102,19115.349540703366,17657.28286424741,3260,4.92321134438721e-05,13721,3326,42111,0.9032425690389304,0.3682523148791726,0.9999433112903198,17639.696881759875,1.0883344099343268,0.17054357248651417,0.9237227300839456,8193,0.9987927002854303,6.169627340002029e-05,0.9988327207221893,856.1929143676539,122,1103,0,68,3.152223982456115,2.6398440947258197,-0.3169864604936723,6.426040998169279,19115.34954065333,0,1,10,6,3,34,10,5,89,2,2,35,0.8,0.1,uniform,87,1
1103,19287.40268746374,17794.490569387894,3263,4.9076691294980606e-05,13849,3378,42462,0.9055978134402329,0.36822506530944665,0.9999437525145257,17778.072522919065,1.089604543356795,0.16917778162639063,0.9225965184495165,8193,0.9987243236150235,6.128751572538934e-05,0.9987264146841182,784.6848260775139,122,1103,1,68,3.1807225988946817,2.788739660441587,-0.31653990109007313,6.602542061516415,19287.402687415924,2,0,10,5,3,34,12,10,89,2,2,35,0.8,0.1,uniform,88,1
1103,15992.211850976586,14463.911199902572,3187,5.896156250709821e-05,11582,3053,34827,0.8920674236850223,0.36841755165489143,0.9999307652388062,14443.111595644928,1.1148304143043677,0.19928450358825014,0.9044346920041153,4097,0.9988071166143063,7.718501750590874e-05,0.9988370976015003,859.4172970400562,122,1103,1,68,2.5665276787132982,3.1469429685267696,-0.3332387493820912,6.37994814600425,15992.211850946072,0,1,10,3,6,34,9,11,89,2,2,35,0.8,0.1,uniform,89,1
1103,19185.427953014543,17587.685683552332,3519,4.879148642446693e-05,13818,3452,42089,0.8967227527416729,0.3683573154409281,0.9999430717455665,17565.469827834924,1.0980081923479814,0.18342045893467135,0.9167210513429719,8193,0.9989223323566282,6.250768974415532e-05,0.9989845106226771,984.2467992799087,122,1103,1,68,3.1406297865433714,2.878136549252166,-0.33814228108522193,6.695050897965981,19185.427952971695,2,1,10,5,4,34,9,10,89,2,2,35,0.8,0.1,uniform,90,1
1103,15553.529746852884,14094.19721580015,3051,6.07318845129632e-05,11254,2947,33907,0.8936606218915398,0.3683657797093399,0.9999289553194683,14075.149184372962,1.1122548466510247,0.19616126047641,0.9061735467894021,4097,0.9988219158932582,7.901979025027567e-05,0.9988226851079492,848.8903297903626,122,1103,1,68,2.496047469587063,2.8907507801091956,-0.3241755126124216,6.035149274921102,15553.529746830158,0,1,10,0,4,34,8,11,89,2,2,35,0.8,0.1,uniform,91,1
1103,15422.904703925145,14007.036089092964,2993,6.108169280462565e-05,11150,2894,33663,0.8938935741981691,0.36837518397514174,0.9999285133961405,13988.134871225939,1.109516087510521,0.19406201733440512,0.9081970198213154,4097,0.9987484295642838,7.931553702357139e-05,0.9987561212584297,803.4367806231223,122,1103,1,68,2.486460176314346,2.961151315655148,-0.31007739465554435,6.067766281280583,15422.904703898945,0,1,10,3,4,34,8,10,89,2,2,35,0.8,0.1,uniform,92,1
1103,24567.790084637814,22946.663498380247,3708,3.853175548621615e-05,17548,4053,54453,0.9132637034948108,0.3681337028592332,0.9999563908005242,22930.44144957076,1.0747682864265804,0.15092932604950107,0.9340141469512452,8193,0.9988039896372459,4.686978459294019e-05,0.9988593600867929,876.2007711529384,122,1103,1,68,4.123508676738601,2.705122733944804,-0.33121300677428345,7.491057424231972,24567.79008457356,3,1,10,4,3,34,5,5,89,2,2,35,0.8,0.1,uniform,93,1
1103,15131.448481479747,13677.29412133994,3058,6.210253845090513e-05,10963,2894,32942,0.8897886372149567,0.3684600622020552,0.9999267765855234,13656.333769655537,1.1157882409014517,0.2020956555311187,0.9038985354297291,4097,0.998736372714744,8.170182483172116e-05,0.9987765745174308,816.8770200477188,122,1103,1,68,2.4275366095590036,2.787468645937216,-0.3161530516299871,5.847311358756194,15131.448481457282,0,0,10,3,5,34,5,12,89,2,2,35,0.8,0.1,uniform,94,1
1103,16324.768291965936,14850.452369130237,3145,5.7626652774108646e-05,11794,3041,35663,0.8939840136636769,0.3683696793166063,0.9999325737944126,14830.528839738545,1.1074960267262215,0.19265204526962743,0.9096884013011524,4097,0.9988239427332891,7.467425478554312e-05,0.9988422029856763,863.209161326144,122,1103,1,68,2.637579283534905,2.4442700594073874,-0.322487496506112,5.726824335954516,16324.768291926208,1,0,10,2,2,34,9,8,89,2,2,35,0.8,0.1,uniform,95,1
1103,16574.68006032842,15073.779285654102,3209,5.667265909161214e-05,11977,3090,36204,0.8932322719027413,0.36838296452722386,0.9999335701426985,15052.972041840902,1.107914302587609,0.19360856368387813,0.909446169144059,8193,0.9987352151889886,7.3598589023464e-05,0.9988380804836882,860.1447119539239,122,1103,1,68,2.6796854663472933,3.3145969196281375,-0.32569623089520994,6.645674847765851,16574.680060292405,1,1,10,3,3,34,10,7,89,1,2,35,0.8,0.1,uniform,96,1
1103,21112.239748003347,19604.817028247362,3370,4.4856172712493184e-05,15117,3585,46645,0.9096246879879791,0.36817534878219554,0.9999489526028041,19589.137370658747,1.0817111600113192,0.15962304522042536,0.9285995830973572,8193,0.9987891100951612,5.5218539236414356e-05,0.9988024833340309,834.5613472383432,122,1103,1,68,3.507878030062129,2.5820803497449525,-0.3202706096385555,6.730499599084192,21112.239747949276,2,1,10,3,2,34,8,6,89,2,1,35,0.8,0.1,uniform,97,1
1103,16456.14465890255,14964.967288266102,3130,5.74660099362789e-05,11889,3072,35944,0.8966527681808766,0.3683393722758541,0.9999330966126668,14946.42629906878,1.1076585956090914,0.19020250884259896,0.9093847677238458,4097,0.998826420471908,7.41061120550389e-05,0.9988272959718081,852.229982407977,122,1103,1,68,2.6651623661475785,5.298705444318207,-0.3187260579452274,8.60131992635624,16456.144658871825,1,3,10,1,5,34,6,13,89,2,2,35,0.8,0.1,uniform,98,1
1103,30305.74777692665,28745.8306059733,3701,3.15328115699304e-05,21500,4605,67746,0.9283556292167724,0.36801654127422745,0.9999651992782881,28734.53624945589,1.0566057329376048,0.1221220485051936,0.9485273492528372,8193,0.9987728502185069,3.677064207141258e-05,0.9987735603167335,814.8681654473748,122,1103,1,68,5.173936122190887,2.4338159987406303,-0.3212130667136616,8.25017825435884,30305.747776808585,3,0,10,4,3,34,10,7,89,2,2,35,0.8,0.1,uniform,99,1
1103,14614.641752262725,13115.798124068266,3137,6.393383343518332e-05,10623,2872,31692,0.8830547522089832,0.3685723851744634,0.9999236154256412,13091.148515535406,1.1255648957180118,0.21464775210889525,0.8974423284811344,4097,0.9987876777631021,8.597579547257276e-05,0.9988519557746928,870.5464876346541,122,1103,1,68,2.325037508074429,2.5150453984168175,-0.3249428640449115,5.4899686345810705,14614.641752238165,0,1,10,1,2,34,3,5,89,2,2,35,0.8,0.1,uniform,100,1
1103,14427.902639065895,12978.523566634834,3042,6.483121026119729e-05,10476,2810,31327,0.8849590099205614,0.36853918638996075,0.9999228155605251,12955.479292025675,1.1223804589735467,0.21084145603833573,0.8995433287367334,4097,0.998778608339473,8.66303066038891e-05,0.9988012391533465,833.6946460526395,122,1103,1,68,2.300886442972348,2.492478287983342,-0.3152337091653873,5.423832149286464,14427.90263903961,0,0,10,1,2,34,4,9,89,2,2,35,0.8,0.1,uniform,101,1
1103,30486.247184719577,28908.165558431472,3735,3.134309909513655e-05,21631,4640,68138,0.9282267484377255,0.3680240435384556,0.9999653946020595,28896.72584952165,1.0569542349066543,0.12251425954035004,0.9482362779280004,8193,0.9987801262549196,3.657632190379268e-05,0.9987849498591947,822.5112020180208,122,1103,1,68,5.20572870141294,4.215842106531747,-0.3221493012365457,10.065869410417777,30486.24718461191,3,3,10,5,4,34,10,8,89,2,2,35,0.8,0.1,uniform,102,1
1103,16803.282292193744,15387.05090279424,3041,5.622550607946351e-05,12104,3044,36842,0.9001258040161283,0.3682916714837845,0.9999349404997647,15370.045362797728,1.098944612606305,0.18097654655321416,0.9157169792917519,4097,0.9987777144987475,7.14967872827049e-05,0.9987813049315346,820.049702737049,122,1103,1,68,2.7357023642316523,2.468331902859769,-0.31113032700320176,5.8262949210978245,16803.28229216022,0,0,10,5,3,34,10,9,89,2,2,35,0.8,0.1,uniform,103,1
1103,20494.899142998733,19016.08091281557,3313,4.6122423148756564e-05,14681,3493,45260,0.9082943134627978,0.3681841884921096,0.9999473700838999,19000.10030244017,1.082752664832227,0.16164997821576277,0.92784457147776,8193,0.9987782985273838,5.69851819072839e-05,0.9988017537484986,834.0528968070788,122,1103,1,68,3.3985486833566094,2.6020743368831134,-0.3176614966882026,6.635946013616128,20494.89914294714,2,1,10,7,1,34,13,5,89,2,2,35,0.8,0.1,uniform,104,1
1103,15325.80833478357,13833.93927636679,3128,6.130008057877867e-05,11110,2947,33340,0.8888990621676984,0.3684581508187883,0.9999276028578189,13812.199913785229,1.1175855814194748,0.20410016435483325,0.9026564194313441,4097,0.9988132487093172,8.091000223787533e-05,0.998822399220374,848.6841222179796,122,1103,1,68,2.454021868900396,2.8206405214379062,-0.32490983277746394,5.92448205589323,15325.808334753398,0,1,10,2,5,34,4,11,89,2,2,35,0.8,0.1,uniform,105,1
1103,15306.457005504953,13843.732112401885,3102,6.123291791948477e-05,11088,2919,33333,0.8887566523897389,0.36847604492704733,0.9999276539932228,13821.96296804734,1.1151494822172856,0.20265957032933019,0.9044373957619977,4097,0.9987703260197027,8.067661199854312e-05,0.9988192227950495,846.399719568239,122,1103,1,68,2.4581003567475266,2.5339184282949003,-0.31732249102750343,5.626663767097434,15306.457005479291,1,1,10,3,1,34,4,6,89,2,2,35,0.8,0.1,uniform,106,1
1103,17444.31159186803,15941.219126563486,3209,5.4168344251303604e-05,12577,3189,38204,0.8988820529562301,0.36830964113294984,0.9999371992808267,15922.88452226496,1.1015286172532026,0.18395681498236544,0.9138348075595464,4097,0.9988211545333814,6.917678935345985e-05,0.9988224664731101,848.7326218722379,122,1103,1,68,2.8375812642856513,3.278558657720676,-0.3254852074885291,6.767110336983386,17444.311591834605,1,2,10,3,7,34,8,12,89,2,2,35,0.8,0.1,uniform,107,1
1103,15516.094408641316,14103.675603218704,2980,6.0822760337772305e-05,11213,2902,33882,0.8951979490156114,0.36836021811549424,0.9999290068795621,14085.3718902869,1.1083521836812609,0.19205864062933006,0.9089707262520909,4097,0.9987427395936551,7.868538006394562e-05,0.9987548431834921,802.6115900105815,122,1103,1,68,2.504830627103259,2.8681881653256345,-0.30860444245516294,5.99022767733922,15516.0944086147,0,1,10,3,5,34,9,14,89,2,2,35,0.8,0.1,uniform,108,1
1103,15027.404777524307,13596.312338144795,3006,6.26405541571953e-05,10882,2864,32732,0.8910675082854104,0.36843334476267214,0.9999263453185133,13576.369512751295,1.1144424058138314,0.20003453986252603,0.9047678251457018,4097,0.9987789233145037,8.208390043549561e-05,0.9988316293507514,855.39267996345,122,1103,1,68,2.4060704200949825,2.430072585641055,-0.3187536556075117,5.47365031695106,15027.404777499254,0,0,10,0,2,34,5,9,89,2,2,35,0.8,0.1,uniform,109,1
1103,19753.837281911125,18220.676686287763,3373,4.781433995840185e-05,14186,3462,43483,0.9042452238016393,0.3682300712806407,0.9999450657686911,18203.0859230653,1.0899733761708845,0.17075163432113036,0.9223866951143058,8193,0.9987859151147225,5.987684956714977e-05,0.9988126255312599,841.6941929601436,122,1103,1,68,3.263947906687624,2.5588929967717653,-0.3178902223894975,6.458621348238385,19753.837281860327,1,0,10,3,2,34,6,11,89,2,1,35,0.8,0.1,uniform,110,1
1103,15435.526205139126,14010.171877350658,3002,6.107442158461014e-05,11162,2903,33680,0.8939512500754004,0.36836517722698875,0.9999285293950474,13991.266268628075,1.1102432999287017,0.19448640494034533,0.9076575486416584,4097,0.99869622566973,7.934976029070969e-05,0.9986984826792372,767.8338844539651,122,1103,1,68,2.492723861505659,3.8790091066211345,-0.3061022862929359,6.983937540712665,15435.52620510925,1,3,10,2,5,34,8,13,89,1,2,35,0.8,0.1,uniform,111,1
1103,16344.723060710645,14839.154103616687,3191,5.758886782840385e-05,11819,3071,35668,0.8930489582059586,0.36838388925054744,0.9999325197394678,14818.648470002383,1.1100137104902996,0.19523120631333965,0.907886542249649,4097,0.9987552467505284,7.490401437827324e-05,0.9987930946569448,828.0652924612904,122,1103,1,68,2.641472739241919,3.060302472516719,-0.3222123125582229,6.346199836875084,16344.723060677783,1,1,10,2,4,34,7,10,89,2,2,35,0.8,0.1,uniform,112,1
1102,17890.075954756565,16408.838366360975,3190,5.284375555154692e-05,12878,3217,39259,0.9014253048616193,0.368270145807226,0.9999389944126204,16391.441175267868,1.0968963937552887,0.17831114904528125,0.9172033929793483,4097,0.9987310715398857,6.691680879594563e-05,0.9987414227312643,794.0478539589641,122,1103,0,68,2.9281658251317224,2.5909659113855747,-0.3186719161963615,6.15647556891002,17890.075954717744,1,0,10,4,3,34,10,11,89,2,2,35,0.8,0.1,uniform,113,1
1103,19676.190419901795,18147.04374336044,3359,4.803543890182491e-05,14131,3451,43309,0.9043920068374278,0.3682349704532963,0.9999448431783408,18129.623703002097,1.0900913674368249,0.17071394046900898,0.9222844136030175,8193,0.9987885554705768,6.0125975146341704e-05,0.9988184585007802,845.8518922144199,122,1103,1,68,3.2414929368470653,2.971356573686354,-0.3262659788119556,6.865381468157331,19676.1904198595,2,1,10,3,3,34,6,7,89,2,2,35,0.8,0.1,uniform,114,1
1103,20473.746968711523,18971.683009777807,3321,4.627274764949042e-05,14673,3512,45182,0.9088209466764796,0.3681767319483977,0.999947247532644,18955.959287846872,1.084251946704069,0.16220772900413552,0.9266346330630536,8193,0.9987854784093878,5.7196965424509934e-05,0.9987950032343504,829.3776456769609,122,1103,1,68,3.3930952331570143,2.7854266881860545,-0.31927955717122347,6.817081035685517,20473.746968660234,2,1,10,5,6,34,12,13,89,2,2,35,0.8,0.1,uniform,115,1
1103,19237.44354190098,17778.279252654116,3209,4.9191161951068865e-05,13803,3342,42391,0.90652560184069,0.36821454376574053,0.9999437029184629,17762.410126646504,1.0875505132287635,0.16681010618747202,0.92414978185284,4097,0.998740057510506,6.12259199188298e-05,0.9987589283869576,805.2551724303297,122,1103,1,68,3.169097655910987,3.408685951694654,-0.3191060688133941,7.215995745232429,19237.443541854962,0,2,10,3,5,34,14,7,89,1,2,35,0.8,0.1,uniform,116,1
1103,17297.021680438538,15867.645643058124,3097,5.454446684858389e-05,12451,3108,37961,0.9005463584491654,0.36828109999061376,0.9999369117389355,15850.30937079653,1.0967632054189276,0.17904816547131022,0.9173628810908575,4097,0.9988001704331435,6.919288342957964e-05,0.9988016064076554,833.9502896521813,122,1103,1,68,2.8254770350981215,2.4592674718624585,-0.31088229045234733,5.906509087865275,17297.021680410835,2,1,10,3,1,34,10,4,89,2,2,35,0.8,0.1,uniform,117,1
1101,15716.426464310602,14264.83211687426,3074,5.989457172941096e-05,11366,2956,34292,0.8929148403478431,0.3684043340777006,0.9999298024264416,14245.00663075503,1.1103658767399915,0.19559153647176375,0.9076383966334414,4097,0.9987985753818438,7.794499030940264e-05,0.9988001972179334,832.9702127003014,122,1103,0,68,2.5401367622652615,2.6917080460644036,-0.31479992516027555,5.861444658650216,15716.426464277583,1,0,10,2,2,34,9,10,89,2,2,35,0.8,0.1,uniform,118,1
1103,14994.254303326888,13527.243648114967,3107,6.23078666351525e-05,10875,2886,32608,0.8862032174484421,0.36852855045079363,0.9999259504452142,13503.97011376417,1.1186281214464944,0.20721270542347855,0.902161813082867,4097,0.9988249657048668,8.283391436427608e-05,0.9988639544122424,879.746271069781,122,1103,1,68,2.397692689864764,2.4607970292682326,-0.3211204204335506,5.500730560000099,14994.254303295207,0,0,10,1,1,34,4,5,89,2,2,35,0.8,0.1,uniform,119,1
1102,17275.8521970841,15827.54446585938,3119,5.467903639363205e-05,12442,3123,37888,0.9001718787724348,0.3682799746634398,0.9999367513946574,15810.125297591692,1.0983462432723972,0.180541021329555,0.916165772043988,4097,0.9988029128951296,6.946886807020694e-05,0.9988097134430566,839.63372748865,122,1103,0,68,2.8155932898908818,2.3583670709167253,-0.3197700852534701,5.813500531314547,17275.85219704538,0,0,10,4,0,34,9,6,89,2,2,35,0.8,0.1,uniform,120,1
1103,18450.825553910192,16990.000094077186,3232,5.0984430440949944e-05,13262,3257,40577,0.9012697462928654,0.3682673453442548,0.9999410808246488,16971.90319048131,1.0922104833219364,0.17516831377309608,0.920826010979036,8193,0.9987432874511079,6.435214098750941e-05,0.9987864132418235,823.503616103472,122,1103,1,68,3.03117259457009,2.372894606166358,-0.31439867539692457,6.032864551530297,18450.825553868086,0,0,10,6,2,34,11,3,89,2,2,35,0.8,0.1,uniform,121,1
1103,15623.63467106836,14207.431571658806,2999,6.0317146640931045e-05,11289,2915,34125,0.8949297976990515,0.3683527529550741,0.9999295245664067,14188.841570526274,1.107862789778814,0.19195277303517014,0.909355080989441,4097,0.9987648513080297,7.807711047199157e-05,0.9987845784360453,822.2596962877824,122,1103,1,68,2.52063314943809,3.7004816673175736,-0.3123015143960565,6.845717845547777,15623.634671045318,0,2,10,3,8,34,8,15,89,1,2,35,0.8,0.1,uniform,122,1
1103,15667.329575566633,14178.322542221416,3151,5.986329216952072e-05,11346,2980,34130,0.8897682870289048,0.3684614499295325,0.9999293633218977,14156.451125824291,1.11436500137478,0.20111914955271112,0.9049610192877197,4097,0.9988215246094475,7.871504189051484e-05,0.9988505504795339,869.4815625033212,122,1103,1,68,2.518230207739993,3.2927621580527306,-0.32262737621993887,6.456247118232602,15667.329575539026,0,2,10,3,2,34,10,4,89,1,2,35,0.8,0.1,uniform,123,1
1103,16722.78808805355,15268.91169179658,3118,5.636287354015768e-05,12062,3067,36607,0.8971021160647319,0.3683220913269826,0.9999344298954865,15250.352611288727,1.1027061926503952,0.18645216237760268,0.9130601674432751,4097,0.9988047671079296,7.230456029992992e-05,0.9988058674744468,836.9278898703776,122,1103,1,68,2.7168768599737487,2.490711942542969,-0.3153603273376976,5.838309457192112,16722.788088022626,2,0,10,3,3,34,7,9,89,2,2,35,0.8,0.1,uniform,124,1
1102,17471.416285371623,15913.206334962852,3334,5.388076129080146e-05,12616,3238,38194,0.8948177933042879,0.36837117309593,0.9999370790483262,15892.457322929235,1.105903121644522,0.19082597229346968,0.910813758601046,8193,0.9987828734124374,6.958447687297433e-05,0.9988629099541171,878.9377330200023,122,1103,0,68,2.830581363341316,2.5332096424078703,-0.34027458681014283,6.044340179369472,17471.416285334537,1,0,10,2,2,34,10,6,89,2,2,35,0.8,0.1,uniform,125,1
1103,15427.746620604228,13982.73308889126,3062,6.089882576739648e-05,11164,2918,33636,0.8912096367376218,0.3684149417316197,0.9999283809786345,13962.271069832806,1.1123027476721679,0.19847357331566526,0.9063367083185624,4097,0.9987874285011379,7.966203425058803e-05,0.9988013320671909,833.759308039498,122,1103,1,68,2.476435946752979,2.6292031803675444,-0.320979578283544,5.747598283687612,15427.746620576425,0,0,10,2,2,34,7,9,89,2,2,35,0.8,0.1,uniform,126,1
1103,18806.061868307883,17314.368791265428,3246,5.0297102636040213e-05,13516,3325,41355,0.9039427758859431,0.36823762368365376,0.9999421898262911,17297.493338636537,1.0921876686471697,0.17260392009398756,0.9206801994224922,8193,0.9987798686714403,6.313955884740429e-05,0.998801559092514,833.9173450634028,122,1103,1,68,3.0794686339370987,3.362365687796774,-0.3305153856934389,7.102865093120751,18806.061868262415,0,1,10,4,3,34,11,9,89,1,2,35,0.8,0.1,uniform,127,1
1103,28999.10628065105,27460.218286755502,3651,3.288440686693858e-05,20589,4449,64765,0.9261006124588627,0.368035199111438,0.999963568653931,27448.38970051067,1.0585659913406762,0.1259004317121332,0.9469332613563222,8193,0.998753726232109,3.856498396753236e-05,0.9987570046677733,804.0081467646306,122,1103,1,68,4.946256978454275,3.2566476056274962,-0.31196718846188376,8.826838961005539,28999.106280542615,4,3,10,4,7,34,8,10,89,2,2,35,0.8,0.1,uniform,128,1
1103,14900.434868814793,13450.719554660107,3041,6.306677222294993e-05,10801,2865,32415,0.8888936841442281,0.36847245494815983,0.9999255407040306,13429.656524030348,1.1175016198065224,0.2040880032544907,0.9027065097818854,4097,0.9987150814504501,8.320838385555449e-05,0.9987901399131092,826.0417536964043,122,1103,1,68,2.3819035348625364,2.4435426680445125,-0.31989789193717877,5.465241986781407,14900.43486880043,0,0,10,0,1,34,5,9,89,2,2,35,0.8,0.1,uniform,129,1
1103,18025.344083432446,16501.267537176496,3277,5.2342249390911325e-05,12987,3268,39514,0.8995191991685155,0.36830622077538755,0.9999393313994718,16482.49105281072,1.099377524529307,0.1817995809029784,0.9154481301881628,8193,0.9988166318727097,6.669769586560379e-05,0.9988457597594886,865.8706686142797,122,1103,1,68,2.9425416863198994,3.08177862639099,-0.32587972499412693,6.6760797626991435,18025.344083396856,1,2,10,4,2,34,10,7,89,2,2,35,0.8,0.1,uniform,130,1
1100,16333.64510843397,14896.48888709822,3079,5.7680405560967476e-05,11788,3011,35732,0.8960329593906431,0.3683327562466187,0.9999327880617149,14877.809198317434,1.104185738528685,0.1885066058163674,0.9120125231205332,4097,0.9987509343926508,7.421446371335712e-05,0.9987897320000092,825.7631730090321,122,1103,0,68,2.648534055395515,2.4849425608986753,-0.321219600678698,5.775915817651587,16333.645108408171,0,1,10,4,1,34,9,5,89,2,2,35,0.8,0.1,uniform,131,1
1103,15351.572107189191,13904.855126742885,3074,6.101969879996544e-05,11114,2909,33458,0.8898932932140339,0.36844217583938726,0.9999279740552215,13883.385905875057,1.1132800192594587,0.20024007824973417,0.9057609884938882,4097,0.9987747619562691,8.018504519018348e-05,0.9988410750678662,862.3685605791171,122,1103,1,68,2.4683123213815734,2.511451451687534,-0.3152909618760758,5.610345696821259,15351.572107165935,0,0,10,2,3,34,7,6,89,2,2,35,0.8,0.1,uniform,132,1
1103,16889.10613177114,15422.313954629346,3152,5.5802409400171125e-05,12182,3097,36973,0.8968781300749383,0.3683317534098334,0.9999350817340124,15403.485063912447,1.1025976998553304,0.18662917832404277,0.9131515803324535,4097,0.9987496475945874,7.157873075686992e-05,0.9988004931854255,833.1758640103237,122,1103,1,68,2.7444408217143126,2.5447681581044774,-0.3179537624627588,5.925116504744308,16889.10613173655,2,0,10,3,3,34,8,10,89,2,2,35,0.8,0.1,uniform,133,1
1103,18030.476906773612,16507.14389476961,3289,5.2310934907053194e-05,12990,3269,39527,0.8989175168449319,0.3683123157229226,0.999939352449831,16488.212188819518,1.0993119372272724,0.18241336693453752,0.9155134376156339,8193,0.9988500639503711,6.667057586445173e-05,0.9988541926880486,872.2469968995385,122,1103,1,68,2.9385137784675086,2.613669018829895,-0.33083833517576433,6.213859467648932,18030.47690674265,1,1,10,4,1,34,9,9,89,2,2,35,0.8,0.1,uniform,134,1
1103,16745.46124652205,15271.3773793978,3149,5.627548119908431e-05,12085,3087,36632,0.8964724496113227,0.3683505319033252,0.9999344384219663,15252.33603038676,1.1042256848268357,0.18805095623472493,0.9119711397958411,4097,0.9987928371824196,7.239477840269316e-05,0.9988421610093793,863.1778484055453,122,1103,1,68,2.712432043746424,2.953581797760635,-0.32391632370407597,6.313846488915211,16745.461246489507,0,2,10,4,3,34,9,6,89,2,2,35,0.8,0.1,uniform,135,1
1103,15066.348605426074,13588.090330973644,3090,6.239987708861153e-05,10926,2908,32760,0.8886267152518197,0.36847555713697006,0.9999262923829001,13566.618825613694,1.1186683294649304,0.2050928251379469,0.9018834414915873,4097,0.9988521960696227,8.245437689002065e-05,0.9988659541234425,881.2984469932462,122,1103,1,68,2.409092431909218,2.797900047701818,-0.32279308130904105,5.852578642229118,15066.3486053987,0,0,10,1,4,34,5,12,89,2,2,35,0.8,0.1,uniform,136,1
1102,16190.56074757691,14740.585705398875,3051,5.849423267249058e-05,11691,3009,35387,0.8975226552368867,0.36830624509254956,0.9999320814071956,14723.00881142733,1.106129276338703,0.18844313347557246,0.910443185706521,4097,0.9987528334078908,7.51267439086572e-05,0.9988176806162102,845.2950509411363,122,1103,0,68,2.6113728667824883,3.932580096187158,-0.32702291317089927,7.197998789311445,16190.560747543166,0,2,10,3,6,34,7,11,89,1,2,35,0.8,0.1,uniform,137,1
1103,18131.051335340657,16648.12203474239,3196,5.219782789458058e-05,13045,3245,39812,0.9025485182964842,0.368254261881817,0.9999398736374461,16631.139720461466,1.0954904952284974,0.17627218305705336,0.9182105177923262,4097,0.9987612335427123,6.586785869085259e-05,0.998765090359884,809.2757441945943,122,1103,1,68,2.967998130928651,2.9046950577006077,-0.3195905064793618,6.5118742015879825,18131.05133530519,1,1,10,5,4,34,11,10,89,2,2,35,0.8,0.1,uniform,138,1
1103,21299.65086414921,19742.647600088414,3446,4.44838803865435e-05,15263,3649,47012,0.9090032740386058,0.36817334432855425,0.9999493077870752,19726.395751626736,1.0839048215705473,0.16178668946166533,0.9269000570013339,8193,0.9987676076666457,5.494553400530727e-05,0.9988471689093232,866.9296670793651,122,1103,1,68,3.53456430698548,2.7858303130667417,-0.32756640273224125,6.975527425516704,21299.650864093233,1,1,10,3,4,34,6,8,89,2,1,35,0.8,0.1,uniform,139,1
1103,20923.745452865063,19399.705393491226,3403,4.521036710574227e-05,14993,3580,46189,0.9079668442354619,0.3681837069755569,0.9999484104777928,19383.280988747618,1.0836269983899047,0.1626381857715647,0.927162177402366,8193,0.9987507990270191,5.590379909797777e-05,0.9987951796403973,829.4991538081605,122,1103,1,68,3.4722709202660322,2.501145917127787,-0.3216992434356159,6.616815324265051,20923.74545281459,1,0,10,4,2,34,10,6,89,2,1,35,0.8,0.1,uniform,140,1
1102,14623.156191809847,13185.259229333216,3021,6.410890791267532e-05,10606,2823,31792,0.88729432612115,0.36849750062283476,0.9999240353002053,13163.509101889651,1.1191311770653796,0.2065901478705401,0.9016698622639366,4097,0.9987214738170117,8.501446389647666e-05,0.9987748229960342,815.7084919959555,122,1103,0,68,2.3418068862685635,3.0811696334419296,-0.31212345706716355,6.04722343384482,14623.156191779855,0,2,10,2,5,34,4,10,89,2,2,35,0.8,0.1,uniform,141,1
1103,16413.50346237079,14998.668449586123,3067,5.722294576649623e-05,11836,2998,35945,0.8960101661103901,0.3683342304536468,0.9999332451968045,14979.695457993108,1.1018442813772031,0.18685833935645316,0.9138005474560452,4097,0.9987344616921604,7.355339815560989e-05,0.9987899566194892,825.9165516833938,122,1103,1,68,2.6661239546200224,2.7595161599367373,-0.31003261153479483,6.04570533762635,16413.50346234382,1,1,10,4,2,34,8,5,89,2,2,35,0.8,0.1,uniform,142,1
1102,23863.12397141297,22371.358101558944,3413,3.9842886267274544e-05,17016,3863,53000,0.9178933983522295,0.3680960476488579,0.9999552744069696,22358.06323144251,1.0702575483381458,0.14302402334617345,0.9374865641379939,8193,0.998738165190162,4.786790354493072e-05,0.9987385589987151,792.2440651563766,122,1103,0,68,4.020787228157944,2.999102654753787,-0.31008826573322495,7.640066414378182,23863.123971340345,3,1,10,4,5,34,8,11,89,2,2,35,0.8,0.1,uniform,143,1
1103,18902.29712685004,17434.543337497857,3261,4.981793776935893e-05,13576,3313,41607,0.9025467486146963,0.3682597340418229,0.9999425857554333,17416.780454904787,1.0901424932855224,0.1725187144248127,0.9223505069514916,8193,0.9987258147508293,6.258970772219558e-05,0.9987839381460276,821.826490568343,122,1103,1,68,3.116569341308858,2.7363989776268065,-0.3108644078849556,6.4746971347055755,18902.297126803882,3,1,10,4,3,34,7,8,89,2,2,35,0.8,0.1,uniform,144,1
1103,16406.433516509565,14912.67724434585,3169,5.742011003385889e-05,11857,3068,35826,0.8941526232909146,0.36838343191203365,0.9999328555787407,14892.770071717567,1.1084663689047463,0.1931559346405835,0.9089530170795153,4097,0.9987821527844172,7.442733282560589e-05,0.9988229748249374,849.0994016694005,122,1103,1,68,2.6428175646305374,2.4918453815280297,-0.33205705304419164,5.79877705224695,16406.43351647613,0,0,10,2,1,34,11,9,89,2,2,35,0.8,0.1,uniform,145,1
1103,18952.908607497924,17490.188323951803,3227,4.981376013537855e-05,13608,3314,41731,0.9043284442848912,0.3682305261136564,0.9999427715549588,17473.327901619654,1.089409328832941,0.17026410388130994,0.9228234402519381,8193,0.998777274893386,6.234520190257359e-05,0.9987865096130242,823.5690556308185,122,1103,1,68,3.125482766242337,2.798969763817715,-0.3111280419988882,6.5467086140578274,18952.908607450358,2,1,10,7,6,34,11,10,89,2,2,35,0.8,0.1,uniform,146,1
1103,14711.140533366515,13303.866285357073,2936,6.409670320973995e-05,10654,2810,32035,0.8918750937083628,0.36841439170513507,0.9999247285555608,13284.750561859957,1.1149538189362351,0.19957664012119408,0.9043395551271102,4097,0.9986852649628472,8.392418443445521e-05,0.9987023437077966,770.1199750975214,122,1103,1,68,2.3598012423554136,2.661627967515092,-0.30767664220446084,5.636782494279427,14711.140533347709,0,0,10,0,3,34,7,10,89,2,2,35,0.8,0.1,uniform,147,1
1102,16327.902960827756,14893.84591546706,3068,5.7673215034342385e-05,11783,3006,35723,0.8964188361529609,0.36833872122822614,0.9999327762857291,14875.202874631368,1.1039706646040068,0.1878992058784544,0.9121713885242251,4097,0.9987290226640061,7.421300852111182e-05,0.9987531700983711,801.53391742849,122,1103,0,68,2.6497987382573536,2.547763916323225,-0.3135230332113609,5.8246087210033,16327.902960792617,0,0,10,5,4,34,10,10,89,2,2,35,0.8,0.1,uniform,148,1
1103,15428.42103366807,13945.008879808063,3126,6.0848423618974125e-05,11178,2951,33587,0.8893109391392228,0.3684690120581399,0.9999281805041316,13923.295864594988,1.1159123377988382,0.20261308614656084,0.9038519787201238,4097,0.9988040602780677,8.014426153433481e-05,0.9988216233770101,848.125019121784,122,1103,1,68,2.4794057575388084,3.416747528112784,-0.3181320545453569,6.532417394742307,15428.421033644172,1,1,10,2,2,34,5,10,89,1,2,35,0.8,0.1,uniform,149,1
1103,17603.91740018336,16115.250312592647,3212,5.354576765964332e-05,12684,3192,38590,0.8988957397181423,0.3683023740040439,0.9999378772388403,16096.659575825253,1.0994302028250322,0.18245938827039396,0.9154354650871511,8193,0.9988022037959008,6.829963990206068e-05,0.9988117398110987,841.0664276282475,122,1103,1,68,2.873303043110723,2.7890831996381444,-0.31870373842061156,6.299793719590091,17603.91740014531,1,1,10,4,5,34,11,12,89,2,2,35,0.8,0.1,uniform,150,1
1103,16606.515078412653,15167.910464830464,3083,5.6795727509974004e-05,11976,3042,36359,0.8976193681650515,0.36830674116848716,0.9999339947581706,15149.811883125702,1.1022417672867815,0.1856500286449438,0.9133710711254357,4097,0.9987643608281003,7.275373440471751e-05,0.998764978132865,809.2021594724304,122,1103,1,68,2.6972262205772077,2.816888175203744,-0.3139279187489896,6.141970233278931,16606.515078383978,1,0,10,4,5,34,8,9,89,2,2,35,0.8,0.1,uniform,151,1
1102,15012.426806156425,13573.736432154123,3016,6.266575650740502e-05,10874,2868,32688,0.890706299138872,0.3684450842032539,0.999926220732383,13553.443158365264,1.1153314462650146,0.20090023011890207,0.9041667018544722,4097,0.9987990502646852,8.228833725597508e-05,0.9988184284255784,845.830349541586,122,1103,0,68,2.4082963618257374,2.646038901702278,-0.3162820058936399,5.686899275315295,15012.42680613377,0,0,10,0,4,34,7,8,89,2,2,35,0.8,0.1,uniform,152,1
1103,24770.130819027545,23204.012558146405,3569,3.839227758844196e-05,17668,4026,54991,0.9175025872248708,0.36810007112622983,0.9999568788840976,23189.99446929103,1.0711497724457568,0.1440848264417893,0.9367739204801413,8193,0.9987912440194605,4.6189173486623e-05,0.9987931473948025,828.1014996741329,122,1103,1,68,4.172815497625913,2.6574236503262814,-0.31859534896506225,7.467429845882319,24770.13081894923,2,0,10,4,2,34,11,13,89,2,1,35,0.8,0.1,uniform,153,1
1103,16644.612399848942,15207.823181129048,3084,5.663408808764736e-05,12002,3044,36449,0.897687658360088,0.3683111586890257,0.9999341676586367,15189.602295175715,1.1018474095105393,0.18528517972746478,0.9136784213291183,4097,0.998731526307411,7.25371947932127e-05,0.9987757839563933,816.3491829965793,122,1103,1,68,2.7032308673427874,2.654716113041482,-0.3148312178455543,5.9876094160753786,16644.612399813705,0,1,10,4,4,34,10,8,89,2,2,35,0.8,0.1,uniform,154,2
1103,16970.929509692105,15442.856738400113,3259,5.5464054601019706e-05,12260,3158,37081,0.8943656291016139,0.36836871245469455,0.9999351611607211,15422.354739094286,1.1071008041525854,0.19203426648721766,0.9099593943620289,8193,0.9987640207961158,7.178313110618574e-05,0.99880591647946,836.9622577968343,122,1103,1,68,2.7513062899790794,2.870033318779526,-0.32592480878056845,6.273189226319742,16970.929509659458,1,1,10,3,3,34,7,12,89,2,2,35,0.8,0.1,uniform,155,1
1102,15316.362758164774,13888.707006421913,3005,6.153252411043033e-05,11080,2893,33402,0.8930556572112544,0.36839907649004816,0.9999279021145405,13869.532292817636,1.1114912046177048,0.19619540536137464,0.9067888522696543,4097,0.9988066690304295,8.013616555986156e-05,0.9988083444674491,838.6685804134486,122,1103,0,68,2.462845576201694,2.6343476316078327,-0.31689358135563106,5.730980370520789,15316.362758140862,0,0,10,1,4,34,7,8,89,2,2,35,0.8,0.1,uniform,156,1
1103,15417.453525372064,13879.597640168033,3231,6.0707144756960914e-05,11191,2994,33490,0.8856068970160728,0.36854204774617905,0.9999278286388582,13855.411593537161,1.1213188757111883,0.20956768215210347,0.9002522768968801,8193,0.9988552963574941,8.092710953416428e-05,0.9989124018755717,918.9571771623538,122,1103,1,68,2.458722968361854,2.8180746091621427,-0.3368261749459025,5.950449927415802,15417.453525342278,0,2,10,2,3,34,5,8,89,2,2,35,0.8,0.1,uniform,157,1
1103,15398.024507323244,13964.736144561464,3042,6.101457018888858e-05,11140,2905,33583,0.8915920668756075,0.36841481312356883,0.9999282900853671,13944.57307240136,1.1114695871206723,0.19755781000044753,0.9069173865725364,4097,0.9987527053235895,7.970338920960113e-05,0.998781659639938,820.2885981694205,122,1103,1,68,2.4784988628542677,3.3479719336288754,-0.3135273397379133,6.45352547595897,15398.024507295879,0,2,10,3,5,34,7,10,89,2,2,35,0.8,0.1,uniform,158,1
1100,15468.188069239033,14003.810505851445,3093,6.0741485218526565e-05,11199,2939,33704,0.8906319323120129,0.368438210268972,0.9999284866132729,13982.895911459209,1.1137429394184046,0.19995877902150191,0.9053297285478615,4097,0.9987440968903493,7.964752954139121e-05,0.9987967578720315,830.5878218388165,122,1103,0,68,2.493458372058116,3.6615017983425604,-0.31893945870798585,6.792839087816647,15468.188069213558,0,2,10,3,3,34,7,8,89,1,2,35,0.8,0.1,uniform,159,1
1103,17557.972941345128,16109.886120310595,3137,5.375577923868038e-05,12638,3152,38538,0.9007887535351013,0.36827670756667863,0.9999378608984373,16092.426587760217,1.0965309822750784,0.17866527135447746,0.9175253985256687,4097,0.9987456586587239,6.813745007422254e-05,0.9987792847377243,818.6917531047065,122,1103,1,68,2.8666369521625397,2.512372791488394,-0.3170390118102167,6.013087767271367,17557.972941309752,0,0,10,3,1,34,11,9,89,2,2,35,0.8,0.1,uniform,160,2
1103,15700.623393630027,14219.294986524175,3149,5.975277125940511e-05,11366,2979,34217,0.889788289136742,0.3684348592612587,0.9999295682535898,14197.642890886389,1.1133755536414944,0.20056528464198406,0.9056516184123715,4097,0.9987441026712486,7.841698465349692e-05,0.998761153295941,806.7022702640663,122,1103,1,68,2.5289607930074554,3.6045383305932868,-0.31793374799060903,6.769366619581961,15700.623393604325,0,1,10,3,4,34,7,9,89,1,2,35,0.8,0.1,uniform,161,1
1103,16619.018545327996,15150.222813993272,3141,5.667119938447835e-05,11996,3068,36348,0.8958599574561585,0.36834788767527044,0.9999339127450345,15131.01060909221,1.1047432371765884,0.18900033064124658,0.9116195864798745,4097,0.998792361866753,7.300944798673632e-05,0.9988274842857315,852.3669366197767,122,1103,1,68,2.692087128560252,2.703911049445434,-0.32133418518302326,6.038666548371733,16619.018545294166,0,1,10,4,2,34,8,8,89,2,2,35,0.8,0.1,uniform,162,1
1103,17341.1484454514,15882.105464566188,3142,5.443165760897543e-05,12491,3138,38024,0.899781121831471,0.3682939625540734,0.9999369675352942,15864.3405125133,1.098786701265275,0.1811875384080545,0.9158623786956901,4097,0.9988460621491702,6.925923396691418e-05,0.9988483601709263,867.8269405659181,122,1103,1,68,2.8307724643949044,2.8910764597960377,-0.31358808781103675,6.349025099813016,17341.148445415765,1,2,10,5,4,34,10,10,89,2,2,35,0.8,0.1,uniform,163,1
1103,15645.58293889238,14191.969743231957,3096,5.997797818529056e-05,11319,2948,34126,0.8911156830914142,0.36841420108272976,0.9999294362870504,14171.089869426478,1.111300976572279,0.1978833266930468,0.9070911450638904,4097,0.9987558056494082,7.841752311152836e-05,0.9988189243441848,846.1857129454128,122,1103,1,68,2.520693525773156,2.5426201442411505,-0.3162208783722707,5.695755426758848,15645.58293886203,1,1,10,2,3,34,6,7,89,2,2,35,0.8,0.1,uniform,164,1
1102,15538.271308441643,14064.028826809968,3100,6.050469829577015e-05,11251,2955,33852,0.8912013543468466,0.368436645034268,0.9999287935807036,14043.177655175872,1.1140012105374764,0.19950739296950168,0.9051218470596052,4097,0.9988287105768018,7.93240372942852e-05,0.9988568513791807,874.2767987699815,122,1103,0,68,2.501112699540156,2.7845966327511382,-0.3189002420954826,5.923509816482259,15538.271308412368,1,1,10,2,6,34,6,10,89,2,2,35,0.8,0.1,uniform,165,1
1103,16371.272932654198,14940.876603381254,3047,5.766588278963423e-05,11810,3009,35828,0.897796635587489,0.36832462172308755,0.9999329919001523,14923.068969995627,1.103222841933472,0.18611869782724366,0.9126276658414343,4097,0.9987050216287642,7.392486634679215e-05,0.9987424380985391,794.6893795183411,122,1103,1,68,2.658877829094164,3.1608674703177693,-0.30962134273186104,6.438987984875655,16371.272932620528,1,1,10,4,6,34,8,11,89,2,2,35,0.8,0.1,uniform,166,1
1103,15664.129476396336,14259.647606112536,3001,6.0067528903518366e-05,11314,2909,34233,0.8944581224451305,0.3683701909264058,0.9999297817760475,14240.817186630522,1.106575360664481,0.19158421823070917,0.9103377003873622,4097,0.9987001799532219,7.770175649597348e-05,0.9987448577370712,796.222330345472,122,1103,1,68,2.5365569144735383,2.735027823923196,-0.30372041578360104,5.879025569963937,15664.129476368124,1,1,10,3,2,34,7,7,89,2,2,35,0.8,0.1,uniform,167,1
1103,17574.990040764573,16135.134901372869,3139,5.364675286874978e-05,12647,3147,38587,0.9003792231078328,0.3682797749682136,0.9999379576999298,16117.535574877731,1.0958330812482573,0.17860607560625638,0.9180736298540135,4097,0.998798494276688,6.798800485350143e-05,0.9988041756238283,835.7430978065041,122,1103,1,68,2.8670452594086435,2.3001585027749325,-0.31971630736030104,5.806636376904177,17574.99004073073,0,0,10,4,0,34,11,4,89,2,2,35,0.8,0.1,uniform,168,1
1103,21154.75430051943,19674.880910063926,3332,4.473138833669619e-05,15138,3565,46779,0.9103816451286746,0.3681598954479461,0.999949135254126,19659.48222543556,1.0798618643293183,0.15750596545185053,0.9300453520077439,8193,0.9987746157400763,5.4926899308273e-05,0.9987843629128548,822.1138272283815,122,1103,1,68,3.5206347876543673,4.240377127690171,-0.3152227464284564,8.39145740820145,21154.75430046677,3,3,10,7,5,34,14,9,89,1,2,35,0.8,0.1,uniform,169,1
1103,22059.65139213955,20549.795223189503,3401,4.296151796805252e-05,15774,3688,48823,0.912289043686611,0.3681395164511438,0.9999513032336912,20534.744444382894,1.07786639829841,0.15417288059283968,0.9315557557048227,8193,0.9987624857608678,5.2488608109997026e-05,0.9987853228653578,822.7639344663938,122,1103,1,68,3.6859346055205666,2.3947358311506473,-0.31400218361487015,6.708674803900955,22059.651392081934,2,0,10,3,2,34,9,4,89,2,1,35,0.8,0.1,uniform,170,1
1103,21853.06680658789,20337.15951322586,3415,4.331234435072561e-05,15633,3671,48340,0.9110509896786221,0.36815941230128996,0.9999507924836439,20321.59861116001,1.079091047397041,0.15627097240971707,0.9306318281649585,8193,0.9987548740090054,5.309939036466929e-05,0.9987773515845516,817.3965127801034,122,1103,1,68,3.648771890578348,3.3857439934355025,-0.3137062248399552,7.661928333693761,21853.066806531944,2,2,10,4,5,34,10,8,89,2,2,35,0.8,0.1,uniform,171,1
1103,17059.366545959532,15581.118695644298,3168,5.526049835841879e-05,12303,3124,37350,0.8975615579244861,0.3683311909269556,0.9999357445619151,15562.385095192583,1.1022967591142552,0.18570443348321938,0.9133468498767117,4097,0.9987603521935651,7.082856115670268e-05,0.998767466130688,810.8366279217553,122,1103,1,68,2.771853032126592,2.7186591408472154,-0.32141379396990233,6.133339760913612,17059.366545922167,0,0,10,6,4,34,12,11,89,2,2,35,0.8,0.1,uniform,172,1
1103,20502.337799806344,18958.19366922071,3395,4.6199859298549406e-05,14707,3553,45192,0.9072616737376966,0.36820381659866075,0.9999472078234816,18941.700638735718,1.0868190522249304,0.16559087227760277,0.9246844849761368,8193,0.9987440147744927,5.737554324896541e-05,0.998784188917603,821.9961025774625,122,1103,1,68,3.396137476406599,3.370086439849706,-0.3214215081375819,7.409066932531468,20502.337799761157,1,2,10,4,4,34,9,11,89,2,1,35,0.8,0.1,uniform,173,1
1102,22559.827464322494,21069.445649037374,3351,4.2172006950338304e-05,16113,3725,50001,0.9157081630650952,0.36810973455756785,0.9999525083802244,21055.846457282685,1.0747221799595574,0.14853837004292159,0.9339364710283311,8193,0.9987750862021803,5.1040297135098873e-05,0.998779038994542,818.5268740975745,122,1103,0,68,3.772833179392052,2.6515857453794127,-0.32150937310716327,7.067437670985791,22559.82746427068,1,1,10,5,2,34,12,9,89,2,1,35,0.8,0.1,uniform,174,1
1103,17741.04366895531,16249.535504572634,3215,5.321513395537066e-05,12779,3210,38902,0.8997189966102515,0.36829159630503316,0.999938392765728,16231.35996744115,1.0986996441482477,0.1812182000107391,0.9159289502797044,8193,0.9988347289790261,6.768784637188515e-05,0.9988506782688186,869.5782928992301,122,1103,1,68,2.8952021048813603,2.595176682209335,-0.32166891396143715,6.13371661501357,17741.043668918028,2,0,10,3,3,34,6,10,89,2,2,35,0.8,0.1,uniform,175,1
1103,15313.510711389303,13813.706397604268,3147,6.123498057781933e-05,11105,2951,33301,0.8879843428688402,0.3684766233381589,0.999927491958426,13791.0737048474,1.1185692360624993,0.2055048028705425,0.9020600604230115,4097,0.9988394246370869,8.110526467185818e-05,0.9988930937650128,902.9187957677825,122,1103,1,68,2.4480885439746953,3.590303616752441,-0.3286133075862383,6.695618775899613,15313.51071135855,0,1,10,2,6,34,5,6,89,1,2,35,0.8,0.1,uniform,176,1
1103,18746.37506540421,17308.94478993815,3175,5.037254109701736e-05,13457,3270,41288,0.9047634961016852,0.3682339354633653,0.9999421732975678,17292.549018222104,1.088732155383985,0.1693660768507376,0.923322227873335,4097,0.9987376666637218,6.29577903778015e-05,0.9987553807667233,802.9584747635428,122,1103,1,68,3.0827655837452674,3.198571075640283,-0.3163958061676274,6.914128271720805,18746.375065369615,0,1,10,5,2,34,11,4,89,1,2,35,0.8,0.1,uniform,177,1
1102,17766.01612263089,16269.485618673858,3205,5.32264502946685e-05,12797,3218,38953,0.9006476503700346,0.3682793169316639,0.9999384701912808,16251.78520127569,1.098843868087845,0.18040060179374565,0.9157644294800169,4097,0.9987479790809094,6.761165301578743e-05,0.9987757862536661,816.3507158382894,122,1103,0,68,2.9020828770810643,3.984383855914537,-0.32223946821691096,7.530945669429423,17766.016122591842,1,3,10,3,7,34,11,8,89,1,2,35,0.8,0.1,uniform,178,1
1103,14788.928564951586,13359.92982501793,3012,6.34350226326119e-05,10718,2834,32186,0.8886842893872636,0.36846471403941516,0.9999250335897366,13338.807511433886,1.1166235816269627,0.20366586982766052,0.9033737478913616,4097,0.9988728196019011,8.370926153031347e-05,0.9988729595839038,886.7795330200865,122,1103,1,68,2.368250755847928,2.4408466882761704,-0.3133319395164003,5.4357613231569,14788.928564934271,0,0,10,0,3,34,7,7,89,2,2,35,0.8,0.1,uniform,179,1
1103,15310.804590572947,13838.829898824297,3060,6.163221244266063e-05,11091,2931,33332,0.8920131629528137,0.3684045622839389,0.9999276384364817,13818.99132857836,1.1156022527960736,0.19985886319025195,0.9038603959027103,4097,0.998753510795518,8.072672327730289e-05,0.9987835813107118,821.585261780938,122,1103,1,68,2.456612250733277,5.03369141957959,-0.3195989170905097,8.129501504493886,15310.804590548185,0,3,10,2,5,34,8,10,89,2,2,35,0.8,0.1,uniform,180,1
1103,20285.858078130783,18727.64438419985,3470,4.6391850860118605e-05,14564,3539,44675,0.903187101983299,0.368247636971473,0.9999465505411316,18708.763310290335,1.0890492414392383,0.17105512552810578,0.9231871933674441,8193,0.9988561671134062,5.820909263622489e-05,0.9988861066184678,897.2518971970858,122,1103,1,68,3.356280357414301,4.534842016697408,-0.32202573108607585,8.535173836283862,20285.85807807958,1,2,10,3,3,34,7,10,89,1,1,35,0.8,0.1,uniform,181,1
1103,15882.147733048985,14405.42423905189,3117,5.929531598420936e-05,11489,2996,34641,0.8927967265269157,0.368398909393718,0.9999304872039992,14385.340552096288,1.1112123917025838,0.19625809131052654,0.9070199119906058,4097,0.9987809590366791,7.724348029795758e-05,0.9987893255295109,825.4857642638316,122,1103,1,68,2.558370197350494,3.299879925262396,-0.3214390017467157,6.501128126106321,15882.147733021111,1,2,10,1,3,34,9,8,89,2,2,35,0.8,0.1,uniform,182,1
1103,14728.37096157979,13297.637118953538,3010,6.368437280374566e-05,10676,2829,32044,0.8884271093906894,0.3684849134643398,0.9999246808893827,13276.342906551747,1.1173794094108065,0.20436747606723385,0.9028586497204312,4097,0.998739400905568,8.416002333876323e-05,0.9987994927747977,832.4811423316557,122,1103,1,68,2.3578983901252926,2.6827827911282167,-0.31270377878885036,5.66608873883121,14728.370961561497,0,1,10,0,2,34,6,9,89,2,2,35,0.8,0.1,uniform,183,1
1103,15968.780826069667,14459.662872894243,3189,5.8905534098017026e-05,11560,3033,34798,0.8908094198202592,0.36841852399541103,0.9999307426731661,14438.405532666955,1.1134606395971582,0.19970215852633103,0.90549573135153,4097,0.9987860988379522,7.711530743371463e-05,0.9988231016315995,849.190943039499,122,1103,1,68,2.5657474922059698,2.7578126249853763,-0.3297703366314093,5.983100790454165,15968.780826038146,1,0,10,2,2,34,4,10,89,2,2,35,0.8,0.1,uniform,184,1
1103,16452.807570925885,15039.11736491665,3055,5.7204114097979034e-05,11862,3002,36037,0.8969579916232263,0.36832318227294586,0.9999334279015913,15020.808078530192,1.1013676016370646,0.18568259470794257,0.9140760505515547,4097,0.9987529761570871,7.33203523603823e-05,0.9987683493143285,811.4184157829868,122,1103,1,68,2.673048183158308,2.7815549934665715,-0.31023514791889917,6.0750734724626785,16452.8075708908,0,2,10,5,2,34,10,8,89,2,2,35,0.8,0.1,uniform,185,1
1103,16751.686248928527,15274.232449603429,3142,5.639376010463247e-05,12089,3092,36643,0.8971702651135175,0.3683163003088164,0.9999344532298057,15255.781837797425,1.104355916517923,0.18756320726822168,0.9118026819885312,4097,0.9988670229756853,7.238696347275329e-05,0.9988691558874997,883.7950874646419,122,1103,1,68,2.717107720628747,2.9503180988784043,-0.32036938705792456,6.308164593623001,16751.686248891994,2,2,10,2,2,34,6,10,89,2,2,35,0.8,0.1,uniform,186,1
1103,16083.450909551952,14660.703034731114,3029,5.864591192689786e-05,11609,2971,35175,0.8965952525889279,0.3683474708599636,0.9999317080821777,14642.5211875608,1.1047817983077803,0.18833022944106348,0.911539638923145,4097,0.9987382934272683,7.54476677816911e-05,0.9987494213128206,799.1297073037281,122,1103,1,68,2.603006212282852,2.450754759113272,-0.31330401609951847,5.680369003595161,16083.450909528774,0,0,10,3,3,34,8,10,89,2,2,35,0.8,0.1,uniform,187,1
1102,16509.01695822696,15004.62437810638,3212,5.688898924391546e-05,11933,3086,36048,0.8927987411896999,0.3683981338430243,0.9999332627747349,14983.641094524384,1.1087248572780066,0.1945603428797352,0.9088744905934031,8193,0.9987843778686442,7.399322055749721e-05,0.9988160299081933,844.1158311223807,122,1103,0,68,2.6719852763479173,2.5411455978289066,-0.32420654909555674,5.8615439723679374,16509.01695819354,1,0,10,1,2,34,7,10,89,2,2,35,0.8,0.1,uniform,188,1
1103,39383.8961728478,37752.09503576443,4099,2.431729836103617e-05,27813,5626,88556,0.9368148379291147,0.367974261013067,0.9999735045937705,37741.891691652025,1.044738502164861,0.10407807246927359,0.9585667926321527,8193,0.998824874605796,2.7680771018675177e-05,0.9988471005596071,866.8782414453882,122,1103,1,68,6.803846332806948,2.5555815889927036,-0.3373859741128305,10.034199870025313,39383.89617266258,2,0,10,6,2,34,11,8,89,2,2,35,0.8,0.1,uniform,189,1
1103,16451.650992322193,14992.526943076504,3117,5.7217258124005356e-05,11877,3041,35975,0.8956453353112546,0.36834582599623983,0.9999332164479043,14973.246802145291,1.1052003729928481,0.18946426723097093,0.9113083513668843,4097,0.9987918164494737,7.380920668617394e-05,0.9988267805927435,851.8553898306983,122,1103,1,68,2.659591072480159,2.4406308012198425,-0.32348254352955563,5.747186960759112,16451.650992293577,0,0,10,3,1,34,10,7,89,2,2,35,0.8,0.1,uniform,190,1
1103,18369.50175058922,16918.293363015746,3188,5.1360665550136985e-05,13201,3242,40402,0.902734183529098,0.3682398357588804,0.9999408342164188,16901.16070961258,1.0918644865813674,0.173548528603817,0.9209990337638349,4097,0.9987327177703395,6.460101791330871e-05,0.9987852336646413,822.703481893134,122,1103,1,68,3.0092184556117694,2.2963159841120593,-0.32160688446819646,5.948748208660222,18369.50175054101,1,0,10,4,0,34,11,3,89,2,2,35,0.8,0.1,uniform,191,1
1103,16494.962127292507,15007.158890331142,3169,5.7054000902917e-05,11917,3071,36038,0.894390645916521,0.3683703347950276,0.9999332786022009,14987.195591159336,1.1073166673177766,0.19211926499404225,0.9098025672638769,4097,0.998802239424345,7.38817158495551e-05,0.9988042513660985,835.7960679408684,122,1103,1,68,2.6697497431588606,3.574908428016268,-0.3211772064821494,6.887012584139427,16494.96212727017,1,2,10,5,4,34,9,7,89,1,2,35,0.8,0.1,uniform,192,1
1102,15920.227793057562,14436.834251271091,3122,5.921599566189715e-05,11517,3007,34720,0.8931368149450023,0.3683942009489628,0.9999306396316103,14416.95513779606,1.1114368582396041,0.19610272168099446,0.90682334693519,4097,0.9987574841313362,7.708966992952022e-05,0.9988271433660528,852.11902977397,122,1103,0,68,2.5621081694403913,2.8219254051745195,-0.3272253683133902,6.0384843112416915,15920.227793023338,0,1,10,3,3,34,6,10,89,2,2,35,0.8,0.1,uniform,193,1
1103,15379.757699212838,13895.07456859657,3129,6.099408267904625e-05,11145,2946,33473,0.8888057473378547,0.36846175966459344,0.9999279205258756,13873.075129610432,1.1165057269207084,0.2034492390059011,0.9034651156635416,4097,0.9988258815106784,8.047714565339768e-05,0.9988619182193516,878.1713828534522,122,1103,1,68,2.465643249752233,2.3890714208796218,-0.32307074828729,5.500856167206435,15379.757699187969,1,0,10,2,1,34,7,5,89,2,2,35,0.8,0.1,uniform,194,1
1102,16519.535893226046,14993.921355418994,3238,5.689046543493245e-05,11947,3106,36045,0.8924455606561014,0.3683940796576219,0.9999332137869062,14972.65019530381,1.1104252385632056,0.1960103492573157,0.9076478571996298,8193,0.998795312632288,7.416109660744773e-05,0.9988324841926584,856.0193550736382,122,1103,0,68,2.6709431702772743,3.5212939209778007,-0.3271577177793036,6.846552526813682,16519.535893191744,1,3,10,4,4,34,10,9,89,2,2,35,0.8,0.1,uniform,195,1
1103,17042.512946838397,15551.530833357703,3192,5.5276283904724685e-05,12296,3133,37294,0.8967265738437743,0.3683249062613424,0.9999356199835352,15532.27017568446,1.1034858337310736,0.18729632243536928,0.9125139515439071,4097,0.9987785154472368,7.104243614438499e-05,0.9988145492155165,843.0608596424596,122,1103,1,68,2.7647306270999,2.4490087656579798,-0.3254802426731616,5.8646998781042035,17042.512946798437,0,0,10,4,1,34,8,5,89,2,2,35,0.8,0.1,uniform,196,1
1103,20541.087983588313,18993.70002822583,3398,4.609875797657165e-05,14735,3559,45277,0.9074052632034446,0.3682000241105717,0.9999473063874984,18977.132246001194,1.0868450698456344,0.1654245385013148,0.9246686467338635,8193,0.9988267282854443,5.726979295982632e-05,0.9988540297834884,872.1229321595823,122,1103,1,68,3.4039921778614546,4.044614579193805,-0.3205931319355984,8.089793020926455,20541.08798353075,1,1,10,4,5,34,9,10,89,1,1,35,0.8,0.1,uniform,197,1
1103,15796.40919362257,14395.78664321241,2975,5.9744710635961076e-05,11403,2921,34543,0.8967702933506817,0.3683433734278507,0.9999304519404508,14378.046376119395,1.1050379260716667,0.1883339411846261,0.9113328520904846,4097,0.9987168870259868,7.685324348693627e-05,0.9987253140997703,784.0068846618626,122,1103,1,68,2.5566416562784564,3.625972233870501,-0.3076211168109365,6.79785612377083,15796.409193588002,0,2,10,2,4,34,10,10,89,1,2,35,0.8,0.1,uniform,198,1
1103,17788.079535234876,16287.596181670957,3248,5.293327589091132e-05,12816,3221,38999,0.8985629674614639,0.36831309619265556,0.9999385334774679,16268.518621677857,1.0991951269827578,0.18259419143962766,0.9156466918988224,8193,0.9987797790019669,6.756370203996557e-05,0.998808713926069,838.928835398144,122,1103,1,68,2.9092521875242108,2.5596807739129934,-0.31614754687219515,6.101228055181594,17788.07953519618,2,0,10,5,2,34,11,10,89,2,2,35,0.8,0.1,uniform,199,1
1103,16676.632826670513,15221.142841626672,3112,5.65621488576855e-05,12031,3064,36498,0.8972516169389719,0.3683157819890404,0.999934224537234,15202.737766601202,1.1031380205206898,0.18660841384137558,0.9127227900157331,4097,0.9987049546764415,7.255941379481933e-05,0.9987287900881289,786.1520359158122,122,1103,1,68,2.710804131809467,2.6638603014057973,-0.31306401445439136,6.000792462124046,16676.63282664518,1,0,10,3,2,34,8,8,89,2,2,35,0.8,0.1,uniform,200,1
1103,16933.256123547486,15476.308715859295,3085,5.594100706809008e-05,12207,3094,37088,0.9004886381490655,0.3682877017166356,0.9999353162652175,15459.337051980548,1.101237181453582,0.18218587007078815,0.9139594064450398,4097,0.9988289140910865,7.123213377803433e-05,0.9988327479684834,856.2129115163258,122,1103,1,68,2.744201877259632,3.129215329359976,-0.3261981451371821,6.5258134968939725,16933.25612351843,0,1,10,1,6,34,13,12,89,2,2,35,0.8,0.1,uniform,201,1
1102,15116.04497242011,13697.30010337527,3009,6.208880603098151e-05,10940,2861,32952,0.8907667689661649,0.36843277774169453,0.9999268867153719,13676.904929090224,1.1126269143252678,0.1990600058077396,0.9061431166926665,4097,0.9988127549302905,8.134780827198216e-05,0.9988127555490183,841.7864235253944,122,1103,0,68,2.4321823986056543,2.5365775870058376,-0.311201443934266,5.591162873480023,15116.04497239496,0,0,10,2,3,34,8,7,89,2,2,35,0.8,0.1,uniform,202,1
1103,25418.72419617734,23886.582638446693,3543,3.739904483166488e-05,18107,4064,56529,0.9194284308413109,0.36807840387599555,0.9999581127968707,23873.13980278237,1.067472608992567,0.13938543778419937,0.9397239001491247,8193,0.9987591807030114,4.471344200819827e-05,0.9987999865798609,832.8239138353568,122,1103,1,68,4.293287280598472,3.0155140388813773,-0.31572889276595917,7.9402591050117675,25418.724196104835,4,1,10,8,4,34,12,10,89,2,1,35,0.8,0.1,uniform,203,1
1103,15214.55096947388,13680.278059444528,3219,6.151058256471644e-05,11049,2969,33028,0.8846271516094872,0.36853423869137264,0.9999267739572899,13655.843597757805,1.1229435152097365,0.2115737760817606,0.8991575293212609,8193,0.99885281910073,8.22287098062686e-05,0.9988684776088943,883.2650064239302,122,1103,1,68,2.4281486815550886,3.4274375586519237,-0.33060942713796604,6.516805094482944,15214.550969442198,0,1,10,2,1,34,6,6,89,1,2,35,0.8,0.1,uniform,204,1
1102,15784.079675207384,14350.761824395164,3045,5.9620420530051904e-05,11406,2947,34472,0.8941187784867178,0.3683768578368081,0.9999302261934828,14331.525863431149,1.1081582361759483,0.19291590404113898,0.9091921809629747,4097,0.9987676022977472,7.732041836169899e-05,0.9987944104563838,828.9696019069037,122,1103,0,68,2.5515153541139135,4.991981190330426,-0.3131089063540199,8.16971435715238,15784.079675178313,1,4,10,2,4,34,8,7,89,1,2,35,0.8,0.1,uniform,205,1
1103,17238.73796140347,15796.342566124615,3098,5.479059491993569e-05,12415,3113,37810,0.9007760853022854,0.3682756599784693,0.9999366267969951,15779.04012500344,1.0981222988951305,0.17971153149008018,0.9163282487089082,4097,0.9988291425141209,6.959152737232468e-05,0.9988400392429202,861.5980336668207,122,1103,1,68,2.812610568618693,2.6199196254628054,-0.3131805395161134,6.058891273113725,17238.73796136346,1,0,10,4,4,34,11,10,89,2,2,35,0.8,0.1,uniform,206,1
1103,21144.94648267707,19635.022752976332,3347,4.489077279581105e-05,15140,3591,46717,0.9109410083195417,0.3681573271126135,0.9999490327971831,19619.960698523915,1.0816461085747806,0.15828841197314067,0.9285917450328977,8193,0.9987186706143929,5.512847659212204e-05,0.9987200409266194,780.7748736932273,122,1103,1,68,3.521220720317989,2.976400453386685,-0.31285842430986865,7.123338022324411,21144.946482622632,2,0,10,4,5,34,11,10,89,2,1,35,0.8,0.1,uniform,207,1
1103,15461.516103505433,13987.35895649907,3088,6.089168214953865e-05,11197,2948,33676,0.8914309957591202,0.36840834588207005,0.9999284047679007,13966.91054188623,1.114584609985882,0.19972168184075356,0.9046563650590421,4097,0.9987369545187857,7.979894384647622e-05,0.9987874324315603,824.1962094539356,122,1103,1,68,2.4831404089290015,3.6864671679193575,-0.3203983224361316,6.8104042217206215,15461.516103478709,0,2,10,3,5,34,7,11,89,1,2,35,0.8,0.1,uniform,208,1
1103,15637.239659015953,14210.900362734972,3000,6.0420486394256734e-05,11301,2927,34143,0.895580992955788,0.36835558564518817,0.9999295440506111,14192.76555471122,1.1085489986851988,0.1918497167925857,0.908785736652786,4097,0.9987350578867269,7.810387214670817e-05,0.9987620552551576,807.2903932127957,122,1103,1,68,2.517611785628163,2.8135938806652,-0.31778978445093287,5.966785235195228,15637.239658986215,0,1,10,2,4,34,7,10,89,2,2,35,0.8,0.1,uniform,209,1
1103,15069.721934046762,13596.864121343871,3103,6.215274731929196e-05,10928,2901,32775,0.8874151258865571,0.36848932478447627,0.9999263342470835,13574.32900747534,1.1183341944156409,0.2059095724247868,0.9022637697530909,4097,0.9987972178439232,8.238293044400887e-05,0.9988614542581687,877.8133212603112,122,1103,1,68,2.4082588751253176,2.3206039971826367,-0.3242383023946471,5.377339477097248,15069.721934022604,0,0,10,1,0,34,7,3,89,2,2,35,0.8,0.1,uniform,210,1
1103,18703.832429580205,17214.66929327344,3261,5.043497669725184e-05,13445,3310,41122,0.9024701273623564,0.36825235123188,0.9999418520644568,17197.015103113692,1.0926913371839777,0.17434929511251995,0.9203819248320657,8193,0.9987794503639112,6.353774544337219e-05,0.9987875260968233,824.2599183767329,122,1103,1,68,3.073884910333564,2.3620614263209156,-0.31756249302778605,6.071071322710052,18703.832429537844,2,0,10,5,1,34,11,3,89,2,2,35,0.8,0.1,uniform,211,1
1103,14989.6690958384,13563.757965200266,3004,6.27024508034866e-05,10855,2854,32652,0.890583254935321,0.3684255487009255,0.9999261662487293,13543.441386367122,1.1143732792440646,0.2004046907769301,0.90487374194044,4097,0.9986978312778637,8.227835952258655e-05,0.9987759167848661,816.4378214610642,122,1103,1,68,2.404876434960237,2.5029142875627377,-0.31310526872222066,5.534001259967416,14989.669095808753,0,0,10,2,2,34,4,10,89,2,2,35,0.8,0.1,uniform,212,1
1103,16470.31698812642,14904.81492364435,3324,5.687377713910814e-05,11928,3133,35879,0.8890982269193357,0.3684725043347158,0.999932804252099,14881.39403139683,1.114451067710123,0.20181760936333512,0.904950095033954,8193,0.9987428485001684,7.488637299420578e-05,0.9988733259922065,887.068087343997,122,1103,1,68,2.6525687346999347,2.532268461544526,-0.333889468037076,5.852616132318612,16470.31698809461,1,0,10,2,2,34,6,8,89,2,2,35,0.8,0.1,uniform,213,1
1103,16376.227995155074,14906.951129043928,3142,5.74031063874973e-05,11829,3042,35788,0.8942061071888041,0.36838131623745474,0.9999328293449316,14886.953436399594,1.1067047437171835,0.1918634743562171,0.9102798967780716,4097,0.9988013001276744,7.433808260289987e-05,0.9988033189501385,835.1444523853421,122,1103,1,68,2.6534304057728773,2.5698648750585877,-0.3159672361355938,5.855229753102653,16376.227995125219,1,0,10,3,3,34,9,10,89,2,2,35,0.8,0.1,uniform,214,1
1103,16838.91527204536,15385.33918330495,3117,5.601158551687192e-05,12142,3080,36875,0.8978776050622262,0.3683147693651536,0.9999349278510451,15367.057637295013,1.1018253507972973,0.1851069353127869,0.9136775697687889,4097,0.9987208896007564,7.169814334962105e-05,0.9987507114440078,799.9554792902585,122,1103,1,68,2.740149699894966,2.8350494698715147,-0.313144093759636,6.201487357285753,16838.91527200513,1,0,10,5,4,34,8,11,89,2,2,35,0.8,0.1,uniform,215,1
1103,20917.891021474195,19324.918969431918,3512,4.518135874300512e-05,15012,3639,46085,0.9057256432976545,0.36821549273374016,0.9999482069113456,19307.095390736325,1.088008490144767,0.16789455478062293,0.9238464312484016,8193,0.9987526055231741,5.635132018702508e-05,0.9988379978201235,860.0834866162692,122,1103,1,68,3.449802525377278,2.8212929940676963,-0.3431060913801081,6.957307702205191,20917.891021416985,1,0,10,4,2,34,10,7,89,2,2,35,0.8,0.1,uniform,216,1
1103,22256.595409436817,20716.147795707675,3522,4.238381542532744e-05,15922,3735,49236,0.9090046351939449,0.3681705064493664,0.9999516902299834,20699.246644672865,1.079013727679895,0.15824522732289364,0.930786915725844,8193,0.9987685959640001,5.2126905029093004e-05,0.9988388576861884,860.7207786122366,122,1103,1,68,3.718371216003,2.6759477615134117,-0.3172761837019773,7.028871344920366,22256.595409372952,3,2,10,5,3,34,6,4,89,2,1,35,0.8,0.1,uniform,217,1
1103,16946.135265860376,15481.46016120855,3124,5.574179359575859e-05,12220,3101,37107,0.8987091430939695,0.3683090004374987,0.9999353337262057,15463.511469599745,1.101901243463403,0.18434881765009864,0.9135687823994563,4097,0.9987371511184987,7.125584750422712e-05,0.998771718211879,813.6453238751762,122,1103,1,68,2.7557884132212185,2.8745329969301414,-0.3169469024313983,6.264215215014157,16946.13526582418,1,1,10,4,5,34,11,11,89,2,2,35,0.8,0.1,uniform,218,1
1103,15459.912859870423,13988.935847145285,3094,6.083495457297854e-05,11195,2944,33676,0.8908725831035998,0.3684257493038266,0.9999284115470242,13968.233196545902,1.1143608573485355,0.20013049413953374,0.9048521795654244,4097,0.9987863611451704,7.977536983457879e-05,0.9988477542727207,867.3703384374475,122,1103,1,68,2.4778410029647833,2.815719868461044,-0.32540702239169295,5.944374916209213,15459.912859840964,0,1,10,1,4,34,6,9,89,2,2,35,0.8,0.1,uniform,219,1
1103,28648.99281228768,26985.465597201328,3887,3.319805085009424e-05,20387,4524,63796,0.9210756209399216,0.36807063566824244,0.9999629240869822,26971.189123465716,1.064736242479115,0.13567667196777852,0.9419341815614244,8193,0.9988222506152042,3.947606831346473e-05,0.9988770854952068,890.0396542607299,122,1103,1,68,4.856349463435509,2.6853413654680964,-0.3383908470241313,8.218472522951869,28648.99281218492,3,0,10,5,2,34,12,9,89,2,1,35,0.8,0.1,uniform,220,1
1102,15393.808343643923,13925.180384464435,3064,6.12983134604964e-05,11147,2937,33527,0.8922042656929691,0.36839878351238586,0.9999280882163346,13905.426798062732,1.114560912126787,0.19904106453716636,0.9045961904686255,4097,0.9987811426066888,8.015006319466776e-05,0.9987842224002839,822.0187542378486,122,1103,0,68,2.473684306015342,3.687416498731912,-0.32011031169997967,6.801321428147213,15393.808343611423,1,1,10,2,5,34,6,14,89,1,2,35,0.8,0.1,uniform,221,1
1103,16755.208265313322,15311.912825742353,3081,5.638198663819072e-05,12080,3062,36695,0.8989100144848488,0.36830843325333235,0.999934618086096,15294.249571134527,1.1015025729507635,0.18388312166661006,0.9138598925947771,4097,0.9987502852887622,7.201834638995131e-05,0.9987674953113187,810.8558370336731,122,1103,1,68,2.7277065324950414,2.6741655590590923,-0.31040920010240236,6.022690491758938,16755.2082652749,1,1,10,1,2,34,10,8,89,2,2,35,0.8,0.1,uniform,222,1
1103,25110.690699568193,23584.01490896174,3522,3.786238519947439e-05,17892,4027,55827,0.9190525269321999,0.3680803651307631,0.9999575751222134,23570.57555807046,1.0681196048864963,0.14025898539145182,0.9392021585996156,8193,0.9987358635151165,4.531484369880742e-05,0.9987604647120714,806.2538549502304,122,1103,1,68,4.239624506261272,2.722547789498884,-0.3135379052509101,7.5892481062619765,25110.690699489685,3,1,10,5,2,34,11,8,89,2,2,35,0.8,0.1,uniform,223,1
1103,19566.191287727535,18082.197495726814,3273,4.833663393437261e-05,14039,3399,43115,0.9060773387152838,0.36821419042664905,0.9999446484101926,18065.828414850155,1.08757311019795,0.16727834006472775,0.9241552037298376,8193,0.9987395529101661,6.019890068146738e-05,0.9987532571711645,801.5899316682379,122,1103,1,68,3.241669880730307,3.4754147398893265,-0.30614358938518255,7.329371799389999,19566.191287686925,2,1,10,3,3,34,5,11,89,1,1,35,0.8,0.1,uniform,224,1
1103,14947.533049835454,13459.156283539132,3126,6.260258180702258e-05,10849,2900,32473,0.8858469168169033,0.3685156324328975,0.9999255744888098,13435.753020593176,1.1210679950117628,0.20913149946401435,0.9004265947207452,4097,0.9988518055453174,8.343605860768308e-05,0.9988725363240099,886.4464403195404,122,1103,1,68,2.3893638083793727,3.082243527937106,-0.3209776331088133,6.113562602534106,14947.533049807347,0,1,10,1,5,34,5,12,89,2,2,35,0.8,0.1,uniform,225,1
1103,18118.69444284806,16625.111662837528,3272,5.1871569092047316e-05,13043,3250,39769,0.8988295921041969,0.36830082058623137,0.9999397819461385,16605.81547472877,1.0966592831926922,0.18058696283669307,0.917566754893861,8193,0.9987506154974269,6.603868778305415e-05,0.9988024397882166,834.5309826398144,122,1103,1,68,2.9702910834928615,2.764227553794936,-0.315056956907941,6.364632551103679,18118.694442810425,2,1,10,2,3,34,9,7,89,2,2,35,0.8,0.1,uniform,226,1
1103,16331.99614059423,14919.294190539187,3004,5.789820894263644e-05,11777,2990,35761,0.8991803169367272,0.36829748678335045,0.9999328984981556,14902.29609454119,1.1019421553114546,0.18393342578212862,0.9135009622893749,4097,0.9987519858940208,7.39419735672998e-05,0.9987713866129163,813.4255885087025,122,1103,1,68,2.6464676063666936,3.0698912081653287,-0.31490975366224067,6.346178321856503,16331.996140559573,0,2,10,2,4,34,13,9,89,2,2,35,0.8,0.1,uniform,227,1
1102,20264.97921970983,18764.199529506048,3316,4.674358431200799e-05,14528,3489,44702,0.9080681591702533,0.3681884166117606,0.9999466632049335,18748.283058986875,1.085172008864667,0.16363204541432938,0.9259422043352448,8193,0.9987096932028924,5.7879597048989315e-05,0.9987770950075888,817.2249103606489,122,1103,0,68,3.3617637540895293,2.8548847658068954,-0.3160909137264468,6.848830347349319,20264.979219666027,1,1,10,2,3,34,8,11,89,2,1,35,0.8,0.1,uniform,228,1
1103,35515.66910806307,33878.61053060454,4022,2.6906240323052274e-05,25135,5224,79642,0.9321269019292622,0.3679950512125588,0.9999704734231489,33867.29324170617,1.0502157264293321,0.11324578984454192,0.953906018989042,8193,0.9987945176626128,3.1009275357049134e-05,0.9988389068441554,860.757240692776,122,1103,1,68,6.10225292097624,2.584315092546796,-0.3375782862582227,9.361724586039482,35515.669107898066,3,0,10,4,3,34,11,7,89,2,2,35,0.8,0.1,uniform,229,1
1103,16147.222811142514,14687.593836454418,3115,5.8238444609500435e-05,11667,3009,35274,0.8937910595216788,0.368384708321562,0.9999318255258431,14667.746612535047,1.1076307512629422,0.19291243060388505,0.9096049523958468,4097,0.9988145669837623,7.551214402745914e-05,0.9988151815249556,843.5110481146039,122,1103,1,68,2.6084485803914776,2.5472096467236547,-0.3194250027658466,5.794508232646826,16147.222811112642,1,0,10,2,2,34,9,8,89,2,2,35,0.8,0.1,uniform,230,1
1103,16299.731703343366,14844.562779955206,3098,5.780444368347082e-05,11770,3022,35631,0.8955920674638492,0.36834666644868574,0.9999325509371175,14825.5028662416,1.1059736168795755,0.1900644781388975,0.9107243634513518,4097,0.9987520814596968,7.459688403159814e-05,0.9987969088960641,830.6921483226637,122,1103,1,68,2.643369669578811,4.239134112067889,-0.3121573845124186,7.506818550671538,16299.73170331313,1,2,10,4,4,34,8,11,89,1,2,35,0.8,0.1,uniform,231,1
1103,32433.364279745194,30887.501632768766,3768,2.9445377167480218e-05,22970,4817,72664,0.9306907861605651,0.3680103079043688,0.9999676134755127,30876.53962503177,1.052075445232799,0.11617666201693223,0.9523372711617886,8193,0.9987820939209174,3.407306716974975e-05,0.998783707098696,821.6702811651462,122,1103,1,68,5.570741011519869,2.58610774127477,-0.3101953945755197,8.77723954194568,32433.364279616068,4,0,10,6,4,34,10,10,89,2,1,35,0.8,0.1,uniform,232,1
1103,19810.683282116508,18338.725462138213,3193,4.804559605869414e-05,14202,3416,43694,0.9106839420288529,0.3681547925813752,0.9999454297060755,18324.488337700146,1.0853144867456748,0.16117566237013053,0.9256987859016927,4097,0.9987430370840297,5.922593054236891e-05,0.9987809094934822,819.7835398434568,122,1103,1,68,3.2628505006935824,2.7623827056085046,-0.32929515335348675,6.68382351300906,19810.68328206959,1,1,10,5,4,34,14,13,89,2,2,35,0.8,0.1,uniform,233,1
1103,16771.181898653533,15283.034053149939,3181,5.614352397809307e-05,12108,3102,36673,0.8955137038453698,0.36835780180139344,0.999934486030637,15263.420189306935,1.1052485561471597,0.18967059204428433,0.9112675627456482,4097,0.9987883072367316,7.24092200460351e-05,0.9988357715633867,858.4378643686154,122,1103,1,68,2.7147668570685495,2.5702057958063547,-0.3262452732347995,5.937463199344503,16771.18189862297,1,1,10,3,3,34,7,6,89,2,2,35,0.8,0.1,uniform,234,1
1102,26270.355046291545,24759.823631350595,3520,3.624301589376532e-05,18689,4135,58519,0.9221980346284616,0.3680656858652239,0.9999595924722322,24747.36395274009,1.063997816660883,0.13399133714779773,0.9425005329284963,8193,0.9987523220532664,4.299352132172321e-05,0.9987534580812455,801.7192077018091,122,1103,0,68,4.462111353776306,3.6175177148790914,-0.3056481827408454,8.690925434137087,26270.355046209505,3,2,10,4,4,34,9,9,89,1,1,35,0.8,0.1,uniform,235,1
1102,17058.403413350563,15600.259878139255,3140,5.525161072451006e-05,12296,3107,37374,0.8981322766265455,0.36832333099835696,0.9999358248578647,15581.857379878373,1.10069367267339,0.18407349878608892,0.9145205152042477,4097,0.9987886449897231,7.063717289140246e-05,0.9987913743410997,826.8859410736734,122,1103,0,68,2.7757509633825377,2.5119761162556054,-0.320148022700301,5.928023125038745,17058.40341331644,0,0,10,4,2,34,8,8,89,2,2,35,0.8,0.1,uniform,236,1
1103,17101.75374908447,15649.31322302851,3097,5.533459600171241e-05,12322,3108,37482,0.9005871062598462,0.36827356277587475,0.9999360317242572,15632.249015763187,1.0997591524993795,0.18109253854539892,0.9150706677592223,4097,0.9987519670170901,7.034969671793062e-05,0.998768701018407,811.6503294731494,122,1103,1,68,2.779657075195235,2.6120913366351557,-0.3212955538257089,6.034339519481809,17101.753749050506,1,1,10,2,1,34,10,9,89,2,2,35,0.8,0.1,uniform,237,1
1102,17094.172560645038,15614.977234395521,3165,5.520710318152643e-05,12327,3130,37429,0.8980216607215501,0.3683186365020659,0.9999358851879506,15596.519903720664,1.1020883473385494,0.18515081609077724,0.9134678604067104,4097,0.9987449115723561,7.066018725160508e-05,0.9987893090304776,825.4745079066305,122,1103,0,68,2.778706251852126,2.9179156156741466,-0.3236844125056323,6.343990692537537,17094.17256061125,1,1,10,5,3,34,9,9,89,2,2,35,0.8,0.1,uniform,238,1
1103,26131.485580061653,24556.640054615433,3601,3.647488829674533e-05,18613,4178,58115,0.9209684512892536,0.36807764060125187,0.9999592570595806,24543.629352636373,1.067387508464923,0.13780311069446302,0.9397337927604151,8193,0.9987381406692395,4.348850566189079e-05,0.9987839284391061,821.8199265955409,122,1103,1,68,4.416874060709604,5.3391185492286235,-0.32138261743738467,10.398757844812998,26131.485579980643,3,3,10,5,5,34,14,8,89,1,1,35,0.8,0.1,uniform,239,1
1103,24963.257995740536,23424.86498805114,3549,3.805195908885029e-05,17794,4022,55472,0.9179351121445329,0.36809808871443256,0.9999572858874107,23410.96612277154,1.069177150863707,0.1421689428761888,0.9383737087542062,8193,0.9987324117995913,4.5668953200035515e-05,0.9987648735541851,809.1336016297782,122,1103,1,68,4.213134968702282,3.360711108175205,-0.31329440494646077,8.20043488677041,24963.257995672815,2,1,10,4,2,34,8,8,89,1,1,35,0.8,0.1,uniform,240,1
1103,21341.17178879899,19839.141055288692,3344,4.447149388908387e-05,15273,3605,47179,0.9115790733401848,0.368154666776398,0.9999495580990728,19824.28815046316,1.0803181915043159,0.15669242687766158,0.9296181695937312,8193,0.9987231622913112,5.44933031859722e-05,0.9987543087259992,802.2670189865646,122,1103,1,68,3.554018966731981,2.430070649113424,-0.3156404691221671,6.615370554089739,21341.171788735624,1,0,10,4,2,34,13,8,89,2,1,35,0.8,0.1,uniform,241,1
1103,20124.921519653926,18605.47462898479,3346,4.702335282928363e-05,14438,3490,44356,0.9067557863600251,0.36820210703127376,0.9999462061077371,18588.970991831076,1.0870938183497916,0.16626151792603555,0.9244992389567706,8193,0.9987363499224843,5.847900774405867e-05,0.9987827419707243,821.0184064494131,122,1103,1,68,3.3326080160100906,3.2018846235461482,-0.31651646623926066,7.16752557203476,20124.92151960517,1,2,10,2,3,34,9,9,89,2,1,35,0.8,0.1,uniform,242,1
1103,16274.40067338996,14805.522418212518,3126,5.786585814315759e-05,11757,3032,35554,0.8945058937904667,0.3683771504178828,0.9999323706119093,14785.971205061673,1.1073722646247557,0.1920808060914512,0.9097430200560821,4097,0.9987672011493108,7.489090864549352e-05,0.9987910318584133,826.6515548900861,122,1103,1,68,2.6342011626023716,2.827393458982451,-0.31673277635673336,6.09506017429829,16274.400673359465,1,1,10,2,3,34,8,10,89,2,2,35,0.8,0.1,uniform,243,1
1103,14689.148305033392,13146.909600863415,3162,6.401541761716015e-05,10687,2922,31808,0.8846078830949637,0.3685515242396896,0.9999238029144213,13123.361522015277,1.1287681204219981,0.21526094871793944,0.8950082964550428,4097,0.9987276342565526,8.600884107030275e-05,0.9987960767421981,830.1176267140544,122,1103,1,68,2.3313723146962153,4.449560330072273,-0.332117858469234,7.445168361706956,14689.148305007453,0,1,10,0,7,34,8,15,89,1,2,35,0.8,0.1,uniform,244,1
1101,20220.24756896163,18698.638742323736,3381,4.670267251847929e-05,14505,3502,44572,0.9056218892685334,0.3682208093451782,0.9999464724077746,18681.45370248857,1.086850851587591,0.16720863522907026,0.924748259315401,8193,0.9987259859593313,5.817650919403757e-05,0.9987710414237488,813.1969735069684,122,1103,0,68,3.358080647742573,2.579229027405807,-0.3149888470653735,6.567287369279128,20220.247568917745,1,0,10,4,4,34,5,8,89,2,1,35,0.8,0.1,uniform,245,1
1103,23821.44295351333,22277.927980409153,3490,3.993473217593792e-05,17004,3906,52836,0.9165516929817003,0.36811277458547836,0.9999550854676005,22264.008754911705,1.073116647352773,0.14650665817392367,0.9352048078650697,8193,0.9987707445234759,4.819853242607412e-05,0.9987713401886588,813.3948347554558,122,1103,1,68,3.9934332524458322,2.6330976803160975,-0.32595803557648884,7.278447003914907,23821.4429534431,3,0,10,6,3,34,13,10,89,2,2,35,0.8,0.1,uniform,246,1
1102,16548.42988004689,15093.568658986615,3093,5.703964853768323e-05,11941,3050,36204,0.8974910966053042,0.36833546021320607,0.9999336685671462,15075.308807520103,1.1039865640844722,0.18690594953236953,0.9120846369349844,4097,0.998802217275697,7.322901064721438e-05,0.998830761599582,854.757478414386,122,1103,0,68,2.6789175963396565,2.467009767496638,-0.3244272094695241,5.794781782775343,16548.429880008585,0,0,10,3,2,34,13,7,89,2,2,35,0.8,0.1,uniform,247,1
1102,16471.353587325095,15016.61330379774,3114,5.717271542273508e-05,11889,3040,36027,0.8957644452521459,0.3683568312429684,0.9999333245971047,14997.534600555522,1.104667090526867,0.18905550072073377,0.9116805867948342,4097,0.9987672867635168,7.365412332632808e-05,0.9987675359097758,810.8825638192995,122,1103,0,68,2.6802059711229624,3.1420353089817783,-0.30915039680719303,6.4405420737191275,16471.353587295158,1,2,10,2,5,34,7,11,89,2,2,35,0.8,0.1,uniform,248,1
1103,16389.097108141716,14907.537433044874,3188,5.71836386316976e-05,11843,3052,35802,0.8921871484325786,0.36841035914319614,0.9999328264088874,14886.302730960022,1.1078122304116673,0.19451956254602196,0.9096008971500427,8193,0.9988461757948771,7.4415725795773e-05,0.9988730002560219,886.811553919656,122,1103,1,68,2.6495124860303316,2.7425995404498904,-0.3222186305806169,6.0365492876414555,16389.09710810938,0,1,10,3,3,34,5,4,89,2,2,35,0.8,0.1,uniform,249,1
1103,25164.12986879292,23589.05131363473,3641,3.7671199369938675e-05,17946,4075,55887,0.9163176087755294,0.3681105437278905,0.9999575815803692,23574.164227318714,1.0704378345510368,0.14469008143672613,0.9374077878563363,8193,0.9988099628234728,4.540628125485579e-05,0.9988352422376935,858.047518841005,122,1103,1,68,4.240650460499681,2.868467469122294,-0.3222017369103103,7.753521403442595,25164.1298687161,2,1,10,4,4,34,9,7,89,2,2,35,0.8,0.1,uniform,250,1
1103,19346.7743007519,17843.688773649406,3308,4.881984262382483e-05,13894,3392,42585,0.9040941128970278,0.3682296101975051,0.9999439050247575,17826.408656518135,1.0900802655073139,0.17098457595959224,0.9223082099508404,8193,0.9988088434304889,6.114802550602778e-05,0.998836697846152,859.1217963268637,122,1103,1,68,3.186514917712858,2.409079552495515,-0.3215130606575264,6.238620591523426,19346.77430071267,2,0,10,4,1,34,12,6,89,2,2,35,0.8,0.1,uniform,251,1
1103,15417.954189170223,13862.632997923714,3268,6.056560890080095e-05,11198,3007,33468,0.8841729227387096,0.3685675643305365,0.9999277332220676,13837.117065210488,1.1231286312268127,0.21196067648816125,0.8991227258711804,8193,0.9988242723300454,8.116488738271888e-05,0.9989018488934915,910.1214013020473,122,1103,1,68,2.4621666387465497,2.91516461841108,-0.33347328675499055,6.044277830667611,15417.954189140995,1,0,10,3,4,34,6,10,89,2,2,35,0.8,0.1,uniform,252,1
1103,15084.599657491743,13524.637647260184,3228,6.215927396452703e-05,10967,2978,32695,0.8844312540915503,0.36854659883479,0.9999259292001486,13500.096747279147,1.126607924063976,0.21399308389313593,0.8965857864542791,8193,0.9988221848298862,8.344875005486657e-05,0.9988949755544996,904.4572633972733,122,1103,1,68,2.397236967896519,3.0024700463127814,-0.3379578929302937,6.075622800069887,15084.59965745987,0,1,10,1,4,34,4,11,89,2,2,35,0.8,0.1,uniform,253,1
1101,18326.753115671232,16812.335082426773,3273,5.153560356981454e-05,13192,3293,40221,0.9010106339767107,0.3682694931532261,0.9999404575413728,16794.238120679613,1.0967232137513492,0.17859137291489202,0.9173657208297591,8193,0.9987605842758184,6.530159658040831e-05,0.9987832014744236,821.3286392711764,122,1103,0,68,3.004263447811315,5.505441971855324,-0.32484701824217,9.159399456150977,18326.753115624437,2,4,10,5,7,34,9,14,89,1,2,35,0.8,0.1,uniform,254,1
1103,14906.57734136805,13516.517311265661,2940,6.30368468906806e-05,10785,2814,32508,0.8920038706424626,0.3684018931032022,0.9999259123483903,13497.025941451782,1.111693691989501,0.19722837326587683,0.9067485447350305,4097,0.9987651113036704,8.236277494897237e-05,0.9987998340343911,832.7179953023183,122,1103,1,68,2.3997061646413615,3.4061612852522076,-0.30320903777751496,6.412285525448599,14906.577341340102,0,1,10,2,3,34,8,9,89,1,2,35,0.8,0.1,uniform,255,1
1103,17525.405263357792,16057.727098557674,3147,5.395830647035757e-05,12621,3167,38437,0.9010256050110389,0.36828421055062016,0.9999376594430719,16040.421816424081,1.0981775005406178,0.17956788745877186,0.9162542524555054,4097,0.9987619692274471,6.846099698974333e-05,0.9988174334260762,845.1182556169906,122,1103,1,68,2.8555164981813475,2.4817497454532806,-0.32225417513254434,5.9817745938997176,17525.405263326113,0,0,10,4,4,34,11,6,89,2,2,35,0.8,0.1,uniform,256,1
1103,14752.037219399765,13308.235474213643,3030,6.359190734590455e-05,10697,2843,32081,0.8880565235791958,0.3684830727354399,0.9999247394196252,13286.668323023041,1.1184293767286955,0.20539536031100697,0.9021286535742032,4097,0.9987932871239626,8.417364400133954e-05,0.9988120869137959,841.3123294951749,122,1103,1,68,2.36150961013996,2.5128581347366765,-0.3133838113242352,5.501135367525107,14752.037219375039,0,0,10,2,2,34,8,7,89,2,2,35,0.8,0.1,uniform,257,1
1103,15520.198772310147,14032.614761306018,3150,6.0358888715879954e-05,11244,2963,33793,0.8886659034710651,0.36847696944501096,0.9999286263916342,14010.281050184787,1.1155871602096068,0.20296131809986667,0.9041517423308938,4097,0.9988184726590662,7.962348107107285e-05,0.9988291187224986,853.5574564656802,122,1103,1,68,2.486866270002929,3.213011433068666,-0.3273130178088224,6.354503738689239,15520.19877228181,0,2,10,0,3,34,8,6,89,2,2,35,0.8,0.1,uniform,258,1
1103,16930.67934081788,15438.705868017621,3234,5.5371537635624126e-05,12221,3120,37035,0.8936458566188682,0.36837270770363645,0.9999351421345135,15417.830408325763,1.1046008764338158,0.19101418997424432,0.9118775187476805,8193,0.9988732348879403,7.164205506001189e-05,0.9988953877085252,904.794922010994,122,1103,1,68,2.745764228235417,2.4808426501015934,-0.32416856247645764,5.874944003289926,16930.67934077599,1,1,10,2,3,34,6,5,89,2,2,35,0.8,0.1,uniform,259,1
1103,15538.083652407684,13982.21148810788,3204,6.076430294514179e-05,11276,3029,33745,0.8893361047076667,0.3684544030179428,0.9999283724878527,13960.61591194378,1.1213685207952069,0.20620303453595631,0.8998671780185251,4097,0.9987842987903133,8.032083734524202e-05,0.9988258104707298,851.1511688369692,122,1103,1,68,2.4790867629278743,4.8458436446766955,-0.33833547685073745,8.001601361306045,15538.083652379044,0,1,10,2,7,34,5,11,89,1,2,35,0.8,0.1,uniform,260,1
1103,15309.264589844632,13798.291684758318,3157,6.135967714574232e-05,11105,2962,33277,0.8880060353907674,0.3684880458863371,0.9999274124843942,13775.973698200194,1.1195598331228542,0.20621500017017078,0.9013033646248028,4097,0.9988176287569741,8.126606685859074e-05,0.9988563948389738,873.9275778313634,122,1103,1,68,2.444693602404965,2.5277940361718714,-0.3312383268455245,5.6349642922678855,15309.264589816448,0,0,10,1,3,34,7,8,89,2,2,35,0.8,0.1,uniform,261,1
1103,19730.649621548677,18236.95140145764,3291,4.7958329524971746e-05,14156,3426,43481,0.906429707472976,0.3681993051539693,0.9999451186642926,18220.63086095906,1.0873705616251554,0.1667963327677645,0.924295537717131,8193,0.9988135569610544,5.967634883118343e-05,0.998815884036421,844.0117824980705,122,1103,1,68,3.255858643524949,2.6615125907209403,-0.32177501404412445,6.560921262334139,19730.64962149344,2,0,10,3,5,34,12,10,89,2,2,35,0.8,0.1,uniform,262,1
1101,14849.157497074819,13331.143621949032,3165,6.305010077893331e-05,10791,2915,32208,0.8842506733652239,0.3685606251725871,0.9999248543467809,13306.98961106094,1.124939965675033,0.21314340565271014,0.8977710435474319,8193,0.9988274059165211,8.453434855293912e-05,0.9988491522006205,868.4245355508838,122,1103,0,68,2.3664642817856087,4.234526356878012,-0.3309303589160414,7.262851356495704,14849.157497062584,0,2,10,1,2,34,6,7,89,1,2,35,0.8,0.1,uniform,263,1
1103,18809.570933245668,17300.63021926089,3283,5.027449190486391e-05,13524,3341,41340,0.902886682680462,0.36823974871216286,0.9999421419779371,17283.187966957943,1.0934302991672074,0.1745388032322067,0.9197780364400686,8193,0.9987298938570682,6.326371437372781e-05,0.9987506523576107,799.9176226993251,122,1103,1,68,3.081985098919404,3.342042193490022,-0.32863519721860257,7.081297686846631,18809.570933201107,0,1,10,5,3,34,7,12,89,2,2,35,0.8,0.1,uniform,264,1
1103,19484.72086868305,17955.170361008157,3356,4.848504597656632e-05,13999,3431,42868,0.9036003709720073,0.3682349228495747,0.9999442523598542,17937.479027009776,1.0911573041593992,0.17223751998387382,0.9215000041323008,8193,0.9987218228981473,6.082944473488963e-05,0.9987727929278348,814.3583047647564,122,1103,1,68,3.197077597157117,2.843625451877931,-0.3359633581704581,6.712629765375964,19484.720868631575,1,0,10,3,3,34,10,13,89,2,2,35,0.8,0.1,uniform,265,1
1103,14899.553241332957,13433.642484466967,3073,6.299060153172134e-05,10807,2878,32392,0.8877047718490436,0.3684730784964275,0.9999254413017399,13411.751325096302,1.1191599887473147,0.20624779483153688,0.901613777733993,4097,0.9987367140091837,8.34431119058972e-05,0.9987895280440383,825.6239534690727,122,1103,1,68,2.3829679075742685,2.6071843128626404,-0.3186736592991121,5.627499539035133,14899.553241306694,0,0,10,1,3,34,8,7,89,2,2,35,0.8,0.1,uniform,266,1
1103,16817.14730078019,15271.182086967028,3266,5.6041367345856026e-05,12159,3157,36703,0.8938863114051762,0.3683822424454016,0.9999344308378051,15250.571786903416,1.109687645681349,0.19420654059731532,0.9080720893881068,8193,0.9988204164733961,7.276128922553625e-05,0.9989107063107483,917.5259749351922,122,1103,1,68,2.7010273924041646,2.7780494712929866,-0.348319352970745,6.175715569638641,16817.14730074263,0,2,10,2,4,34,10,9,89,2,2,35,0.8,0.1,uniform,267,1
1103,16159.254899559297,14685.134216767397,3130,5.8262159372028174e-05,11680,3024,35282,0.8937679540910962,0.36838566298704545,0.9999318140469726,14665.277263698712,1.1087458243944806,0.19369704973744567,0.9087754545643003,4097,0.998744051993917,7.56008907018386e-05,0.9987952805328812,829.5686643447164,122,1103,1,68,2.609498326504913,3.2629872481594346,-0.3205569589942234,6.513599492652794,16159.25489952774,0,2,10,4,3,34,10,7,89,2,2,35,0.8,0.1,uniform,268,1
1103,17586.282025571167,16125.574000332863,3169,5.3616733503841165e-05,12662,3166,38586,0.8998109807922686,0.3682958866134158,0.9999379193887191,16107.588806574355,1.0973683402709034,0.18019726940533226,0.9169404867319667,4097,0.9987459956739791,6.812529736454923e-05,0.9988011364211995,833.6231628338026,122,1103,1,68,2.8690559357095724,2.32858741093126,-0.31975313510469555,5.8371496168502235,17586.282025540688,1,0,10,3,0,34,11,6,89,2,2,35,0.8,0.1,uniform,269,1
1103,19675.859383835203,18112.281350528207,3414,4.801868989804991e-05,14142,3481,43264,0.9031892744007418,0.3682436442975677,0.9999447350976194,18094.166898321688,1.092437878588468,0.17351211621306808,0.920533177087474,8193,0.998778479492591,6.037347271708633e-05,0.9987914693408101,826.9509799234307,122,1103,1,68,3.242678517197605,4.378310394880052,-0.3250203737882469,8.27102965965415,19675.859383786974,1,2,10,1,5,34,7,12,89,1,1,35,0.8,0.1,uniform,270,1
1102,21837.061594166284,20367.050038215042,3305,4.349404861016322e-05,15606,3629,48363,0.9140655915402564,0.3681287439581971,0.9999508686287184,20353.094327081453,1.0763606232760043,0.15134820157685147,0.9326827215460183,8193,0.9987270049077427,5.288307341532753e-05,0.9987276703932007,785.4597541927894,122,1103,0,68,3.6536672272822193,3.1321183207015975,-0.3095018460581959,7.404789240100209,21837.06159410569,2,2,10,6,4,34,11,10,89,2,1,35,0.8,0.1,uniform,271,1
1103,15036.545169886776,13517.279097053413,3144,6.257014245573307e-05,10919,2940,32638,0.8872416861303127,0.36848225466687756,0.9999259007729692,13494.91742353567,1.1228932763547719,0.20909058327416802,0.8989617591229699,4097,0.9987291514454416,8.32055238162832e-05,0.9987848155838739,822.4202609896668,122,1103,1,68,2.397092279473272,2.948079703348082,-0.32938916565192855,6.003950314125211,15036.54516986548,0,0,10,1,1,34,6,8,89,2,2,35,0.8,0.1,uniform,272,1
1102,20345.955586918528,18833.30938716333,3372,4.641178499260298e-05,14589,3507,44873,0.9062552497866821,0.3682087616013156,0.9999468560465354,18816.316111196025,1.0856624947626745,0.16573318395367156,0.9256537156343859,8193,0.9987445275126966,5.769639710004535e-05,0.9987660710798392,809.9193496896087,122,1103,0,68,3.380469407611638,3.3632840169174467,-0.312081515594464,7.367916455718013,20345.95558686562,2,1,10,3,2,34,7,9,89,1,1,35,0.8,0.1,uniform,273,1
1103,15831.51237004984,14370.116413711734,3093,5.9456739368303196e-05,11449,2977,34544,0.8930696794423417,0.3683794182525414,0.9999303170039714,14350.203278957662,1.1102861653479463,0.19536983755584575,0.9076906916926784,4097,0.9987379314543553,7.73680664507099e-05,0.9987614374275461,806.8874459996582,122,1103,1,68,2.5560236404551646,2.597109052366553,-0.3146041691573189,5.7823410311363554,15831.512370012846,1,0,10,2,3,34,7,9,89,2,2,35,0.8,0.1,uniform,274,1
1103,31383.951422261376,29844.388385258382,3692,3.0464867738374243e-05,22240,4700,70256,0.9305217595288618,0.3680064506420387,0.9999664814143051,29833.694348444056,1.0537024572982756,0.1176397436487611,0.9509442575828438,8193,0.9987682259969719,3.5318616111900785e-05,0.9987840288758255,821.8878485506308,122,1103,1,68,5.360060467956569,3.221288229385802,-0.33059255509735463,9.24253380753708,31383.951422142392,2,2,10,8,5,34,13,7,89,2,2,35,0.8,0.1,uniform,275,1
1103,16220.66739717925,14746.884475879904,3139,5.797348373659898e-05,11722,3029,35424,0.8935935225291392,0.3683764781795335,0.999932098630281,14726.743408401222,1.1082871206909373,0.19351854785863296,0.9091416595129967,4097,0.9987305839602842,7.525421353686993e-05,0.9987892798641023,825.4546100890634,122,1103,1,68,2.6266647458133443,3.0819848782388717,-0.31452607869309884,6.337701781438414,16220.667397153034,1,1,10,5,6,34,6,13,89,2,2,35,0.8,0.1,uniform,276,1
1103,19915.970011642934,18398.14183026227,3339,4.7504346628696725e-05,14293,3467,43876,0.9060375961042929,0.36821085790509467,0.9999455987690462,18381.43699335106,1.088047565661857,0.16765439986342673,0.9237883878870405,8193,0.9988306960196758,5.9191126908171813e-05,0.9988418020233987,862.9101495190429,122,1103,1,68,3.2851083697002923,3.646823216414532,-0.32612825978079396,7.584188105676413,19915.97001158819,1,2,10,4,3,34,8,10,89,1,2,35,0.8,0.1,uniform,277,1
1103,17084.189853024258,15634.627404909024,3122,5.522737397730372e-05,12311,3103,37445,0.8989098958001932,0.3683061373273254,0.9999359679146028,15616.670570901611,1.0997890402372403,0.18274205723880674,0.9151518181086807,4097,0.9987492270367951,7.042178574350368e-05,0.9987501100318468,799.5703223586257,122,1103,1,68,2.7821620652259487,2.607931056702233,-0.3156058138294381,6.021304749587058,17084.189852990457,1,0,10,3,2,34,9,12,89,2,2,35,0.8,0.1,uniform,278,1
1103,16875.245971700813,15428.889579822751,3108,5.586246740592766e-05,12165,3077,36968,0.8982207252508448,0.3683198529048723,0.9999351120418222,15410.67994356632,1.100997149397677,0.18417509322305614,0.9142912408919224,4097,0.9987646753331497,7.144145698435675e-05,0.9988018958464405,834.1518767473034,122,1103,1,68,2.7476910574061595,2.7738470560294535,-0.3121903517813871,6.145918816998387,16875.24597166932,1,1,10,2,4,34,9,8,89,2,2,35,0.8,0.1,uniform,279,1
1103,19917.88126328029,18422.141520863923,3298,4.7525626374546926e-05,14286,3447,43910,0.9070768285694487,0.36819718927926137,0.9999456713352938,18405.98956055442,1.086553864680985,0.16557986044831205,0.9249046762230757,8193,0.9987770720327337,5.903102059967724e-05,0.9987779099727524,817.7702200077902,122,1103,1,68,3.289926444537683,2.6289906714639266,-0.3216567400924684,6.562230596186547,19917.881263235286,1,1,10,6,2,34,12,8,89,2,2,35,0.8,0.1,uniform,280,1
1103,15927.58028869197,14454.735481490721,3127,5.904298784633762e-05,11519,2997,34751,0.8922898012157002,0.36839079407160613,0.9999307232072999,14434.348390417803,1.1105640212072685,0.1963261175471871,0.9075286527830647,4097,0.9987784598002605,7.693631347770392e-05,0.9988596654972558,876.4355738760147,122,1103,1,68,2.5581774753007145,2.2932783569666877,-0.32986972119283,5.511195274653062,15927.580288661897,0,0,10,2,0,34,6,5,89,2,2,35,0.8,0.1,uniform,281,1
1103,16714.594310091303,15245.54678642453,3116,5.65699382963134e-05,12060,3081,36568,0.8979957219512588,0.36830320450569226,0.9999343317800173,15227.566177287186,1.1038803727841349,0.18642390848330312,0.9121098905296284,4097,0.9987393076676665,7.248985915433825e-05,0.9987500118684096,799.5074916234421,122,1103,1,68,2.7121013990013507,6.358316084438286,-0.3186500624778672,9.707717608395372,16714.594310057888,1,5,10,5,6,34,7,14,89,1,2,35,0.8,0.1,uniform,282,1
1102,15863.133881013136,14365.420457378783,3162,5.925833574065619e-05,11483,3011,34570,0.891022884773012,0.3684289588344644,0.9999302881675499,14344.267085431038,1.113346087813265,0.19933009604014332,0.9055852749608958,4097,0.9987931688530036,7.761339593282764e-05,0.9987955324135078,829.7422499756104,122,1103,0,68,2.555680968743153,2.7685872266397786,-0.3232906974970819,5.970849590377095,15863.133880983694,1,1,10,3,3,34,5,9,89,2,2,35,0.8,0.1,uniform,283,1
1103,16072.658191401948,14607.013302359066,3075,5.882058691919277e-05,11615,3009,35094,0.8960655737279949,0.3683352544934571,0.9999314556631813,14588.597305786781,1.108479379406001,0.1913186955997713,0.9088112948344209,4097,0.9988133740540844,7.597998393908646e-05,0.9988302763961079,854.4027159790361,122,1103,1,68,2.5910114011065084,4.603773116164957,-0.3233418520880533,7.841468221447572,16072.658191368007,0,2,10,2,6,34,9,9,89,1,2,35,0.8,0.1,uniform,284,1
1102,16574.034314393426,15107.788935858773,3157,5.667442497472589e-05,11965,3060,36248,0.8944772482971357,0.36837260113997516,0.9999337229597784,15087.681311222113,1.105007053554722,0.19047866923132645,0.9115335861672907,4097,0.9988232324147873,7.323659693353941e-05,0.9988626420785609,878.7306039199761,122,1103,0,68,2.6871078496795247,2.7776222090274785,-0.3208838589161807,6.106497776539364,16574.034314362336,1,1,10,4,2,34,8,7,89,2,2,35,0.8,0.1,uniform,285,1
1103,19052.185355651585,17625.240138072168,3139,4.9726467103061394e-05,13664,3294,42006,0.9076972385265162,0.3681960311873634,0.9999432160492653,17610.109807744288,1.0862579943522073,0.1647580023710433,0.9251033311432626,4097,0.998775597265604,6.168202043678896e-05,0.998780974232018,819.8271024734134,122,1103,1,68,3.141919369776384,2.633713042050649,-0.3126926620659954,6.401017735959024,19052.185355610723,1,1,10,5,2,34,13,6,89,2,2,35,0.8,0.1,uniform,286,1
1103,17326.575860510184,15860.54303125172,3167,5.440433326693485e-05,12484,3143,37981,0.8986488379627502,0.36829653812382745,0.9999368792219061,15842.143735798529,1.099506437263179,0.1827827971029209,0.9153881966603818,4097,0.998805976164996,6.940170183955762e-05,0.9988207579935636,847.5022578819703,122,1103,1,68,2.8260614461321816,2.644165938848378,-0.31565675159600337,6.101540888172566,17326.57586047094,1,1,10,3,1,34,10,7,89,2,2,35,0.8,0.1,uniform,287,1
1103,17691.905112795146,16170.076863136004,3247,5.3411120583536646e-05,12755,3232,38750,0.8991519284085424,0.3682990476073213,0.9999380883222628,16151.541686316656,1.1013263979311332,0.18353026309482653,0.9139816633676989,8193,0.9987498796032419,6.818496503223717e-05,0.9988001206559765,832.9170305814288,122,1103,1,68,2.8705729356659613,4.4482037527027,-0.33738810019203586,7.993552888752733,17691.905112756853,1,2,10,3,6,34,14,12,89,1,2,35,0.8,0.1,uniform,288,1
1103,18158.237530214403,16719.55975562776,3150,5.198583646430806e-05,13050,3208,39932,0.9029948432136486,0.36825320458162136,0.999940131390168,16702.74402901225,1.0921434558838352,0.17347498592628038,0.9207699661273429,4097,0.9987232565566745,6.5385110440815e-05,0.9987245667415321,783.5471915824755,122,1103,1,68,2.9866198937881006,2.455281855165299,-0.30589824404958027,6.05369823705256,18158.237530174807,1,0,10,6,2,34,13,9,89,2,2,35,0.8,0.1,uniform,289,1
1102,20227.304581465727,18754.6426903513,3278,4.6777415185113926e-05,14493,3460,44652,0.9084640764558289,0.3681898404808069,0.9999466367513817,18738.988799045925,1.0835586031641602,0.1620581717548086,0.9271943582407006,8193,0.9988063044154293,5.782220713341038e-05,0.9988244946990635,850.1978947560358,122,1103,0,68,3.3454617799551576,2.4599528871267236,-0.32555538545654567,6.456525437994973,20227.304581418484,0,0,10,5,3,34,12,6,89,2,2,35,0.8,0.1,uniform,290,1
1103,15012.90084986338,13530.202360318615,3090,6.262087978425873e-05,10890,2906,32631,0.8884360496497288,0.3684694502175047,0.9999259759268313,13508.618814150843,1.1195950653459514,0.20582298057527768,0.9012383746237652,4097,0.9987539370174141,8.28769870365928e-05,0.9988000261798237,832.8514141052141,122,1103,1,68,2.3985152584335645,3.0257091476536013,-0.32367891198101695,6.0715822300492,15012.900849836416,0,0,10,1,4,34,6,10,89,2,2,35,0.8,0.1,uniform,291,1
1103,20028.04887030682,18483.075760263033,3410,4.7098407935919963e-05,14380,3501,44099,0.9042583660970647,0.3682369741305588,0.9999458453206034,18465.12496348114,1.089382140284335,0.17026121825853927,0.9228595296502231,8193,0.9987890551214835,5.899514054773723e-05,0.9988183362143441,845.7643060651822,122,1103,1,68,3.3058659084837196,2.7846538288199825,-0.32569327016778427,6.741906277639271,20028.048870263046,2,0,10,5,6,34,8,7,89,2,2,35,0.8,0.1,uniform,292,1
1103,21377.036466897316,19856.85465154516,3353,4.4466942006224934e-05,15303,3625,47238,0.9120725357020237,0.36814801372050604,0.9999496036420521,19842.20372914879,1.081209023126481,0.1568505534053878,0.9288871580629905,8193,0.9987549606216235,5.448899694619067e-05,0.9987705454189868,812.868699749109,122,1103,1,68,3.5499343741214147,4.208005211609385,-0.32622817653161496,8.410395938794029,21377.03646685146,2,2,10,6,5,34,13,11,89,1,2,35,0.8,0.1,uniform,293,1
1103,17128.803382011123,15690.648836534541,3088,5.518572755054343e-05,12337,3098,37562,0.9005289391246214,0.3682736357920876,0.9999362004384754,15673.588908518905,1.0984812127284316,0.18028112829195383,0.9160388199103885,4097,0.9987851026252089,7.008261971517276e-05,0.9988022759253474,834.4167404630992,122,1103,1,68,2.7949264765855877,3.4459759910064207,-0.31093089095387094,6.86276424949975,17128.803381980117,2,2,10,3,5,34,7,12,89,2,2,35,0.8,0.1,uniform,294,1
1103,20181.40897589509,18596.393785424938,3490,4.674399634275468e-05,14500,3553,44400,0.90293721011195,0.36825950922045014,0.9999461731048025,18577.573212085943,1.091270274713212,0.17293143428035657,0.921461618841216,8193,0.9988565251260182,5.873969070930371e-05,0.9988904031588541,900.7281400422174,122,1103,1,68,3.32908479102747,2.752297096027183,-0.33028220368519634,6.741946294425046,20181.408975840353,1,0,10,3,3,34,8,8,89,2,1,35,0.8,0.1,uniform,295,1
1102,16349.957085416969,14928.177271838606,3019,5.784299283106991e-05,11792,3000,35790,0.8988941668948105,0.3683007188303662,0.9999329376798667,14911.003175513095,1.1025770339043284,0.18464880269886086,0.9130407617493692,4097,0.9987102456773395,7.394137401951905e-05,0.9987213094145364,781.5499149887214,122,1103,0,68,2.6548189714993016,3.398074481154865,-0.31250536341693114,6.677904179488029,16349.957085388442,0,1,10,4,4,34,12,10,89,1,2,35,0.8,0.1,uniform,296,1
1103,22045.087948477976,20426.121544000835,3627,4.283915150509672e-05,15801,3783,48647,0.9066582318629443,0.3682059798644556,0.9999510008223215,20408.005758210646,1.0844799544254353,0.1645264472737299,0.9265611274375107,8193,0.9987913619293368,5.313862597589757e-05,0.9988729108755207,886.7411882613324,122,1103,1,68,3.6583710315555407,2.6187994334206426,-0.33892506063316447,6.9550205862425125,22045.087948420707,2,1,10,4,2,34,9,4,89,2,1,35,0.8,0.1,uniform,297,1
1103,19225.018251716785,17672.28372876872,3376,4.912459853406505e-05,13827,3423,42240,0.9022722394761707,0.3682598304175758,0.9999433572307561,17654.004062591488,1.0941978651846986,0.17560451469004587,0.9192336515566426,8193,0.9987789873836757,6.197839718503921e-05,0.9988249994975903,850.5633679129173,122,1103,1,68,3.154598726006255,2.824034940430388,-0.3313519995919364,6.641337665620516,19225.018251674028,2,1,10,2,4,34,7,9,89,2,2,35,0.8,0.1,uniform,298,1
1103,17821.040591652432,16341.467173286479,3185,5.302884448920424e-05,12830,3208,39102,0.9012096782849388,0.36827368493621326,0.999938742226139,16323.958703905626,1.097219571905652,0.1787213257059685,0.9169760367944506,4097,0.9987682054044207,6.721322841186121e-05,0.9988038971849408,835.5484300484709,122,1103,1,68,2.90945124027646,2.593926502708508,-0.3219251135974199,6.147227970179808,17821.040591614445,2,0,10,4,4,34,17,10,89,2,2,35,0.8,0.1,uniform,299,1
1101,17354.56449741144,15884.421960077436,3160,5.4394634981511505e-05,12504,3150,38040,0.8994172588287769,0.36828528134679217,0.9999369759132969,15866.449478850793,1.0995709666780373,0.18208466138527055,0.9152878461713466,4097,0.9986995305252688,6.929945594032762e-05,0.9987665918444202,810.2615217421862,122,1103,0,68,2.8331379148200684,2.6289353648580525,-0.319371530661676,6.100816341001472,17354.564497377003,1,1,10,3,1,34,9,6,89,2,2,35,0.8,0.1,uniform,300,1
1103,16523.625155062993,15056.936874216306,3095,5.724980214667444e-05,11927,3058,36132,0.8978751242524458,0.3683074250929695,0.9999335085888262,15039.036414985068,1.1050640662272664,0.18730756543770077,0.9112368946231342,4097,0.9987854987615232,7.347726920099574e-05,0.9988151012958548,843.4539003912734,122,1103,1,68,2.6684491559537937,2.775697942396362,-0.3276750788656484,6.099497256081452,16523.62515502922,0,1,10,2,4,34,9,11,89,2,2,35,0.8,0.1,uniform,301,1
1103,16727.230298382696,15163.386377287858,3321,5.6059814876952705e-05,12105,3159,36473,0.8909131871000917,0.3684432249254789,0.9999339547622554,15140.63710218032,1.1121627299143915,0.19853854707321733,0.9065090936635193,8193,0.9988057020037288,7.345305190805101e-05,0.9988990311243473,907.7907982666438,122,1103,1,68,2.6972637140378053,2.9872132833527028,-0.33577895112025924,6.356034899631027,16727.230298346727,2,2,10,3,3,34,9,6,89,2,2,35,0.8,0.1,uniform,302,1
1103,19613.138475349635,18006.93310179195,3463,4.8253377813907276e-05,14112,3513,43064,0.9023735685688088,0.3682600823236304,0.9999444101752305,17988.403614806513,1.0956498895584537,0.17656531637465364,0.9181056425224137,8193,0.9988605963205609,6.090698536942513e-05,0.9988612422092198,877.6497698375144,122,1103,1,68,3.218770990225026,3.440625627320726,-0.33755511590473797,7.334506849355228,19613.138475305648,2,0,10,5,4,34,8,11,89,2,2,35,0.8,0.1,uniform,303,1
1103,19534.095066901602,18040.76343348693,3244,4.862309601349073e-05,14019,3406,43029,0.9078276263134625,0.368191535235422,0.999944524259178,18025.397174629634,1.0882176569882656,0.16606860921326244,0.9235525562714721,4097,0.9987739887812354,6.0369680697359126e-05,0.9987925277062193,827.6762518097912,122,1103,1,68,3.208136160737392,4.187792723494143,-0.3338575050582361,8.063643894348006,19534.09506686289,2,2,10,3,2,34,10,8,89,1,2,35,0.8,0.1,uniform,304,1
1102,15477.748642241286,13997.488108339896,3121,6.069390572475236e-05,11211,2954,33705,0.8898356534257946,0.36843912272799173,0.999928451981481,13976.127449257852,1.1151401204311482,0.20164431353293108,0.9043620252456149,4097,0.9987995645102047,7.978606598825782e-05,0.9988208879945244,847.5957529302125,122,1103,0,68,2.486554494091771,2.556181184125413,-0.3224742975992576,5.6876842734157,15477.748642217568,0,0,10,3,2,34,5,8,89,2,2,35,0.8,0.1,uniform,305,1
1100,16654.62001200086,15146.254856110469,3198,5.6630678789166244e-05,12033,3108,36378,0.8948707428397098,0.36834931887822137,0.9999338934436431,15126.592602397339,1.1077351600948286,0.19201879104390307,0.909432628615753,4097,0.9988371323826619,7.322855678947437e-05,0.9988407909612667,862.1570830117674,122,1103,0,68,2.6975461973402495,2.7043583633912327,-0.33056653210903225,6.063037624949547,16654.62001197105,1,0,10,1,3,34,5,9,89,2,2,35,0.8,0.1,uniform,306,1
1103,15930.961234040638,14449.897867374895,3136,5.9027788980791814e-05,11524,3004,34748,0.8921858695979378,0.3684053056328933,0.9999306991767666,14429.343008236017,1.111263991974132,0.1968493899350606,0.9070323915231765,4097,0.998857861099497,7.701150947372524e-05,0.9988604668941127,877.0522944972433,122,1103,1,68,2.5625313706345487,2.5754376377339354,-0.326128871253686,5.790226750875856,15930.961234013614,0,0,10,3,4,34,10,6,89,2,2,35,0.8,0.1,uniform,307,1
1103,18293.196185551536,16836.92292128537,3140,5.184876204854354e-05,13148,3240,40220,0.9051508669505546,0.36822546415242247,0.999940552830255,16821.158692824523,1.0924682073640326,0.17164851719460908,0.9203926285218343,4097,0.9987754556599981,6.49441429643207e-05,0.9987795688444416,818.8824545110606,122,1103,1,68,2.99892372930253,2.457838344660133,-0.31806560623820634,6.092893286439075,18293.19618550716,2,0,10,5,0,34,12,10,89,2,2,35,0.8,0.1,uniform,308,1
1103,20744.464994435886,19283.014044737392,3247,4.576241225131291e-05,14846,3505,45858,0.9117931150219453,0.3681582135078919,0.9999481036426207,19268.67514587606,1.080391491357846,0.15652367997299113,0.9295498365423989,8193,0.998796183822016,5.606838294538305e-05,0.9987966429523836,830.5084535888658,122,1103,1,68,3.449872502460196,2.959820868388762,-0.3115898718628032,7.0328731145745635,20744.46499439134,3,1,10,4,6,34,12,10,89,2,2,35,0.8,0.1,uniform,309,1
1103,25092.220629749107,23495.51735607796,3617,3.7930651505576394e-05,17901,4088,55693,0.9178000951289123,0.3680995327638948,0.9999574140962938,23481.448551514826,1.0716358807167101,0.1441482622590891,0.9363666015363299,8193,0.9987375250486058,4.563658242451309e-05,0.9987622738148039,807.4330341537766,122,1103,1,68,4.225267291589557,2.8800028462044502,-0.324546059211263,7.754362256216533,25092.22062966652,2,0,10,4,4,34,9,10,89,2,1,35,0.8,0.1,uniform,310,1
1103,16218.149726510925,14769.374815694842,3112,5.785493668382133e-05,11713,3005,35451,0.8937942596483909,0.3683908829073468,0.9999322017232497,14749.137417776312,1.1062534163081432,0.19188378776112686,0.9106695316514529,4097,0.9988601595646128,7.500207527485267e-05,0.9988791366574689,891.6693281435399,122,1103,1,68,2.6263657051750373,2.7853779876659353,-0.3143686060648724,6.0404809049707175,16218.149726488102,1,1,10,4,6,34,9,8,89,2,2,35,0.8,0.1,uniform,311,1
1103,17255.289002048015,15760.648292513424,3210,5.464605544227747e-05,12444,3161,37780,0.897269074600801,0.36833026873649555,0.9999364762733303,15741.649462716687,1.1022587080793316,0.1860299181091089,0.9133807200008535,8193,0.9987781392333163,7.001958089150258e-05,0.9988118956602211,841.1768198014547,122,1103,1,68,2.803845679563258,2.808504914527785,-0.32494652388509476,6.262243641861232,17255.289002017664,1,0,10,4,2,34,6,9,89,2,2,35,0.8,0.1,uniform,312,1
1103,15922.612231986117,14462.514699242187,3091,5.915471877564477e-05,11511,2986,34756,0.8937580123766967,0.3683696078214197,0.9999307644284399,14442.942540688633,1.1093870947344873,0.1941264382354705,0.9083003773833784,4097,0.9988057906642747,7.680904958542722e-05,0.998808059846108,838.4681967426542,122,1103,1,68,2.5696030477011487,3.422060103453127,-0.3175433225540383,6.626749796262352,15922.612231957355,1,1,10,3,3,34,7,8,89,1,2,35,0.8,0.1,uniform,313,1
1103,20802.793515605663,19345.647640194344,3231,4.5681825643559826e-05,14885,3508,45998,0.9126198140142032,0.3681386468532948,0.9999482725753209,19331.604893704804,1.0798453042944725,0.15531567900129353,0.929954317225799,4097,0.9987585711965924,5.585761664314945e-05,0.99880340779732,835.2064991477233,122,1103,1,68,3.454843965375041,4.735794493892078,-0.31719475004622605,8.82502795935957,20802.79351554829,2,3,10,4,5,34,14,11,89,1,2,35,0.8,0.1,uniform,314,1
1103,20450.542321881538,18939.253537031975,3352,4.627836918572409e-05,14661,3518,45116,0.90765789293017,0.36818412450537363,0.9999471556131347,18922.985711302965,1.0849967419580817,0.1639076337067819,0.9261003077051642,8193,0.9987809742000897,5.733598757989936e-05,0.9987897820664157,825.7973553135799,122,1103,1,68,3.3928982991994503,2.728353318889845,-0.31526893957266044,6.751789497234617,20450.54232182819,1,1,10,2,4,34,10,9,89,2,1,35,0.8,0.1,uniform,315,1
1103,25952.14900665014,24452.047969068255,3465,3.675339666499932e-05,18465,4092,57800,0.9229474198296608,0.3680573460389582,0.9999590844346052,24440.076348201408,1.0643304918163523,0.13351495473889685,0.9421974250688261,8193,0.998719632519096,4.354768383977159e-05,0.9987284944752145,785.9691467666132,122,1103,1,68,4.396932232289676,3.4090945827377075,-0.30880648150243417,8.423639778032252,25952.149006563486,2,1,10,5,6,34,12,11,89,2,2,35,0.8,0.1,uniform,316,1
1103,16892.407463760086,15415.240937649216,3139,5.5941680083607355e-05,12186,3107,36967,0.898169463393493,0.36832271249539,0.999935054707097,15397.074711715964,1.1032890065817558,0.18582312833349623,0.9125544106557996,4097,0.9987294108449334,7.165342768939083e-05,0.9987469418914418,797.5474825882773,122,1103,1,68,2.74982938232396,4.362652875258533,-0.3131638114607495,7.738809880503992,16892.407463722673,1,3,10,5,7,34,7,14,89,2,2,35,0.8,0.1,uniform,317,1
1103,22024.33378721898,20501.575420836187,3415,4.30605687092341e-05,15753,3696,48725,0.9120628943598962,0.3681535069521105,0.9999511884636109,20486.46012822068,1.0787427317909821,0.15505576845106528,0.9308601848712231,8193,0.9987671166372609,5.265509010740624e-05,0.9987958992454381,829.9951851554088,122,1103,1,68,3.6793019252426045,2.4944859144315927,-0.31423094641036564,6.8022497324949285,22024.33378716613,4,0,10,5,3,34,12,11,89,2,1,35,0.8,0.1,uniform,318,1
1103,17337.950735191156,15851.309488829846,3223,5.415760718706254e-05,12501,3159,37980,0.8965120502977553,0.3683428523620241,0.9999368363800106,15831.39816916457,1.1012262378146156,0.1858927879785826,0.9142550772540928,8193,0.9987705357137069,6.955743560779411e-05,0.9988388457650538,860.7119367798147,122,1103,1,68,2.822221113035951,2.6826967545677616,-0.32155961863351107,6.148037104870735,17337.950735157086,1,1,10,4,3,34,9,6,89,2,2,35,0.8,0.1,uniform,319,1
1103,20422.840795668784,18880.482108027998,3385,4.6403458025028925e-05,14651,3543,45012,0.9073078522133071,0.36819375038119084,0.9999469905730207,18864.06912950103,1.0870789523499143,0.16574579579143958,0.9244787391199816,8193,0.9987398844199588,5.7625432345525576e-05,0.998783804078836,821.7358414973959,122,1103,1,68,3.381403839453451,3.7148075708481354,-0.32174045712361565,7.739692324548818,20422.84079562252,1,1,10,3,5,34,6,11,89,1,1,35,0.8,0.1,uniform,320,1
1103,17218.86783891828,15794.134944214076,3081,5.482820696887639e-05,12395,3095,37787,0.9007588540816197,0.3682735461732734,0.999936618757523,15777.038599512232,1.0968768525958748,0.17893162482124922,0.9172574580377459,4097,0.9987328398212156,6.952141776181281e-05,0.9987416714094106,794.2048771253709,122,1103,1,68,2.81498680897045,3.4846722949786737,-0.3072013757775644,6.914061855504252,17218.867838885297,0,2,10,4,7,34,8,13,89,1,2,35,0.8,0.1,uniform,321,1
1103,21066.67786309075,19568.270137918822,3330,4.506679935715807e-05,15082,3573,46552,0.9109338197394694,0.36815051025116835,0.9999488591538811,19553.3415116764,1.0812830292870537,0.1580695362430271,0.9288730888225538,8193,0.9987680038469666,5.5297729011816845e-05,0.9987727176899984,814.3083503323236,122,1103,1,68,3.499448842111832,2.5693603631731126,-0.3204383497348315,6.709685904754608,21066.67786303435,1,0,10,2,1,34,11,10,89,2,1,35,0.8,0.1,uniform,322,1
1102,15414.546973513325,13947.414384022819,3121,6.059881801265492e-05,11166,2930,33576,0.8884302123567921,0.36848577700818486,0.9999281858267843,13924.327854901012,1.1148301594180918,0.20247108172317912,0.9048215564160617,4097,0.9988696954083797,8.006060617472783e-05,0.9989373114640674,940.5094040051509,122,1103,0,68,2.4797957083259274,4.440100453093608,-0.31776272606392403,7.5554216135473835,15414.546973488083,1,2,10,2,6,34,5,13,89,1,2,35,0.8,0.1,uniform,323,1
1103,17999.95107811704,16489.07682351222,3280,5.233173504593464e-05,12966,3254,39473,0.8986150558575565,0.36830486353063385,0.9999392853321882,16469.98457537609,1.0986179141386185,0.18222271748213653,0.9160623132780831,8193,0.9987621483553476,6.670222170922545e-05,0.9987988023566696,832.0023656519463,122,1103,1,68,2.9406388493324536,2.5123581059065834,-0.3231782092489672,6.099353373736971,17999.951078076534,2,0,10,4,1,34,9,6,89,2,2,35,0.8,0.1,uniform,324,1
1103,16702.172463743158,15263.02509992996,3093,5.6416401581390046e-05,12043,3052,36579,0.8976378739103847,0.3683255969916286,0.9999344056207905,15244.708685451173,1.101645858736629,0.1851854904931823,0.9138347201876116,4097,0.9987563645445907,7.226177621272663e-05,0.9987605805997347,806.3292877239103,122,1103,1,68,2.7146898113977187,2.4349865434783777,-0.31380927540246956,5.777294905681035,16702.17246370304,1,0,10,3,1,34,11,6,89,2,2,35,0.8,0.1,uniform,325,1
1103,15370.39854734056,13919.746883557189,3056,6.121681296808392e-05,11126,2918,33497,0.8914972788973788,0.36842724387569437,0.9999280578115874,13899.549770993135,1.1132450152242428,0.19882373190178337,0.9056204262163152,4097,0.9987762162226549,8.008928263514046e-05,0.998814428317697,842.9748381103957,122,1103,1,68,2.467205109989134,3.3554328865883223,-0.3198118523529969,6.462261701283451,15370.398547316852,0,2,10,1,3,34,7,8,89,1,2,35,0.8,0.1,uniform,326,1
1103,28900.74618535587,27320.348121866624,3746,3.293578720662382e-05,20534,4476,64484,0.9239331932883303,0.36804555402291456,0.9999633806641,27307.477474463347,1.0605697298485104,0.1296160305334301,0.9453163578077427,8193,0.9987443761060102,3.883735918306811e-05,0.9988101615790526,839.9501521788092,122,1103,1,68,4.911525832106159,3.368047846720154,-0.32886332206324864,8.937300322952812,28900.746185244287,3,1,10,7,3,34,10,6,89,1,2,35,0.8,0.1,uniform,327,1
1103,26474.98641403625,24923.57645571938,3628,3.5887903250807954e-05,18845,4193,58936,0.9202152696907883,0.3680748478943246,0.9999598564056078,24910.074526434077,1.0654039510067392,0.1370350089424991,0.941400915790674,8193,0.9989083409004164,4.276914407326056e-05,0.9989107086725477,917.5279653977911,122,1103,1,68,4.483001123877347,4.163399785701097,-0.31754038363922565,9.281481676856895,26474.9864139539,2,2,10,6,2,34,12,6,89,1,1,35,0.8,0.1,uniform,328,1
1099,16164.964257530713,14697.998896078785,3129,5.815503652260056e-05,11682,3017,35305,0.893452131905307,0.3683853920166172,0.9999318725318935,14677.867293062776,1.1081505001200609,0.19356677504203598,0.909250318275927,4097,0.9987385543391488,7.549548785425414e-05,0.9987966533986451,830.5156675816762,122,1103,0,68,2.625121108239883,2.849711196859328,-0.31663762833825093,6.108107561775713,16164.964257496844,1,1,10,3,3,34,6,10,89,2,2,35,0.8,0.1,uniform,329,1
1102,16725.2648132759,15138.905887354967,3379,5.590240953113653e-05,12113,3177,36438,0.8886625907535466,0.3684901641689842,0.999933840111921,15114.398598997166,1.1142922776331328,0.2020296860901045,0.9051519396774073,8193,0.9988185449693454,7.37214523755568e-05,0.9989196441255802,925.120831395404,122,1103,0,68,2.6982627911148453,2.8513467210747576,-0.3371754690017575,6.223960450193118,16725.264813242484,1,2,10,3,2,34,8,6,89,2,2,35,0.8,0.1,uniform,330,1
1103,20435.01905091791,18921.385290165457,3316,4.645636368949277e-05,14649,3519,45077,0.9094011239513041,0.3681746890236826,0.9999471083063803,18906.060394109656,1.0851004777092454,0.1622704628626735,0.9259294176833928,8193,0.9987092427836521,5.739280201370855e-05,0.9987280795177228,785.7125651980127,122,1103,1,68,3.3895908217508355,2.9583021643254477,-0.31576168067413046,6.979416347424545,20435.01905087369,1,1,10,3,3,34,10,14,89,2,1,35,0.8,0.1,uniform,331,1
1103,20816.98429544686,19272.47809297804,3412,4.548383346852059e-05,14925,3586,45916,0.9079051882852827,0.3681913688073021,0.9999480694948396,19256.0043741956,1.0853613187806361,0.16390462478017437,0.9258054778469215,8193,0.9987199952170213,5.6363361566227495e-05,0.9988010495380905,833.5627172746334,122,1103,1,68,3.4515719951452484,2.386031355294831,-0.32303984445504497,6.483683039350169,20816.984295395618,2,0,10,3,2,34,9,3,89,2,1,35,0.8,0.1,uniform,332,1
1103,16053.258270470851,14593.966836220141,3126,5.845712058427936e-05,11603,2997,35057,0.8924450616047496,0.3684105853733252,0.9999313837513973,14573.307516035991,1.108466123972064,0.19472682413327377,0.9090968693293248,4097,0.9988023810167044,7.605878713054577e-05,0.9988829998486608,894.7549332861362,122,1103,1,68,2.590176927152521,2.3744299848333807,-0.32065866132150783,5.605924234628917,16053.258270434268,0,0,10,3,1,34,7,6,89,2,2,35,0.8,0.1,uniform,333,1
1103,32462.422620459893,30912.97029794736,3731,2.9478803851995928e-05,22990,4823,72726,0.9319621565461261,0.3680041874205497,0.9999676407441656,30902.559236863995,1.052114761321858,0.11493288851610493,0.9522693564609078,8193,0.9987819798378696,3.4045650728796995e-05,0.9987917579499922,827.1486307242178,122,1103,1,68,5.571905597203152,3.4275478663094883,-0.3142997736633292,9.628053010839299,32462.42262032864,3,1,10,8,3,34,12,9,89,1,1,35,0.8,0.1,uniform,334,1
1103,25139.631946524012,23529.525274433534,3713,3.767269141219306e-05,17940,4104,55784,0.9146992627618773,0.3681173560839775,0.9999574726247277,23513.765657019685,1.0723016999381492,0.1476950819287307,0.9359534508892003,8193,0.9987386432006563,4.5602176798667925e-05,0.9988329799281787,856.3831938583469,122,1103,1,68,4.228527707533601,2.4176299542431514,-0.32988243688131547,7.305922535539384,25139.631946448266,2,0,10,4,0,34,8,4,89,2,2,35,0.8,0.1,uniform,335,1
1103,16361.68887541398,14935.817267775054,3035,5.771734862767617e-05,11802,3004,35812,0.8982033165098589,0.3683058620221882,0.9999329699620214,14918.184664105434,1.1028973827594912,0.18549429848654356,0.9128530301183319,4097,0.9987521749634061,7.392725345329604e-05,0.9987537735185488,801.9222606242663,122,1103,1,68,2.6518313452945494,3.306063096090313,-0.3149300101682693,6.587754461721401,16361.688875377446,0,3,10,3,5,34,10,11,89,2,2,35,0.8,0.1,uniform,336,2
1103,15760.057524662048,14289.931403470238,3097,5.9759785990348166e-05,11402,2977,34368,0.8927935913182109,0.36839759674185024,0.9999299252440769,14269.974244501243,1.1116266039269855,0.19650943501657114,0.9067182261935726,4097,0.9988587479889043,7.789696294797688e-05,0.9988597383691824,876.4916171531979,122,1103,1,68,2.5352410965574887,2.435292225927857,-0.3224302587715462,5.615393840028438,15760.057524639627,0,0,10,3,1,34,9,7,89,2,2,35,0.8,0.1,uniform,337,1
1103,17259.979366891675,15780.658254361417,3197,5.45258908324139e-05,12443,3146,37810,0.8972024162312547,0.3683270812435501,0.9999365562183886,15761.486033397845,1.1010788600056571,0.18522617739233968,0.9142918377198114,8193,0.9987857786501129,6.985660673125559e-05,0.9988002476835256,833.0052712514256,122,1103,1,68,2.8125602610076847,2.503473178097399,-0.3170824165720812,5.950198272249247,17259.97936685241,2,1,10,5,1,34,9,8,89,2,2,35,0.8,0.1,uniform,338,1
1102,20361.84485471706,18845.83247937496,3394,4.628459626064443e-05,14602,3511,44905,0.9053828668318488,0.36821956994799604,0.9999468895924105,18828.201287596916,1.0858759373120763,0.16668430705647677,0.9255464135907657,8193,0.9987638525123774,5.767131362263862e-05,0.9988337936133823,856.9810583036596,122,1103,0,68,3.3800700999970523,3.7110928233568874,-0.31536453787307894,7.721891999100098,20361.844854664425,1,2,10,2,3,34,9,7,89,1,1,35,0.8,0.1,uniform,339,1
1103,25456.149558005432,23927.08181819331,3547,3.7335793036145725e-05,18132,4066,56619,0.9193001366813971,0.36808528245085215,0.9999581836547112,23913.59371021331,1.067221477089893,0.1393376477427452,0.9399332669566571,8193,0.9987857623954437,4.462730178596284e-05,0.9987931488060544,828.1024686135722,122,1103,1,68,4.297092177278008,2.638323366475211,-0.3187100997715933,7.572835743296406,25456.14955792855,4,1,10,6,2,34,12,4,89,2,2,35,0.8,0.1,uniform,340,1
1102,14780.0873703729,13333.134797581435,3036,6.349538507962067e-05,10718,2849,32142,0.8880807133112953,0.3684816688771665,0.999924880489333,13311.620787941927,1.1184499546021847,0.2054115056238265,0.9021012165535691,4097,0.9987988746504347,8.40174132954781e-05,0.9988208933770695,847.5996244330852,122,1103,0,68,2.364388654201662,2.8118247520073787,-0.3180228467678315,5.812259099744703,14780.08737034191,0,1,10,1,3,34,3,9,89,2,2,35,0.8,0.1,uniform,341,1
1103,16220.788822396096,14762.447524376634,3110,5.805065453617459e-05,11717,3017,35445,0.8945551440060457,0.36835965251616265,0.9999321736604675,14743.034834831562,1.1068884329919793,0.19172927001589546,0.9100943046613167,4097,0.9987419979133373,7.507619068101567e-05,0.998749818080373,799.3834841337637,122,1103,1,68,2.6290985916516934,2.606104286748007,-0.31211425011895133,5.859431378637604,16220.788822365104,1,1,10,2,2,34,4,9,89,2,2,35,0.8,0.1,uniform,342,1
1103,14984.536770345589,13579.520016290922,2953,6.287248759546868e-05,10843,2837,32668,0.8926636616816667,0.36838430297832403,0.9999262591441213,13560.503430597175,1.1122876999005633,0.1970698223947763,0.9062355563212875,4097,0.9986636773485684,8.202104697409709e-05,0.9987299535313025,786.8726593027079,122,1103,1,68,2.4081514682975227,3.815225920537936,-0.308899623328002,6.841176635491463,14984.536770314768,0,2,10,0,4,34,7,8,89,1,2,35,0.8,0.1,uniform,343,1
1102,17159.496000281735,15717.06002879947,3076,5.5199952318737314e-05,12359,3106,37628,0.9016198686570182,0.36827706571344176,0.9999363097663244,15700.494358971984,1.0985331558841438,0.1792593442108962,0.9159394907951502,4097,0.9986928189016985,6.99658333985755e-05,0.9987113544160313,775.5084494660491,122,1103,0,68,2.795657826188143,3.531541033291882,-0.3185882718606129,6.964375403201251,17159.496000248644,1,2,10,3,3,34,10,11,89,1,2,35,0.8,0.1,uniform,344,1
1103,19123.93470299272,17663.395977546927,3235,4.9341011280252646e-05,13726,3330,42127,0.9046809485755477,0.36822707997049586,0.9999433333478956,17646.563353784637,1.0883559933117113,0.16915974930063699,0.9236277079937304,8193,0.9987201557430018,6.16734904389453e-05,0.9987769779248389,817.1466276321273,122,1103,1,68,3.1591392124742765,2.555800899862002,-0.30848267382628725,6.331905459988853,19123.93470294761,2,0,10,7,3,34,12,9,89,2,2,35,0.8,0.1,uniform,345,1
1103,21342.325177626797,19813.59405419419,3425,4.430612934640456e-05,15284,3628,47147,0.9089570592604903,0.3681865213730564,0.9999494892382357,19797.261206874722,1.0820552978049789,0.16047923417409246,0.9283709197236307,8193,0.998801814531708,5.465543736333604e-05,0.9988228828982623,849.033052394423,122,1103,1,68,3.5540693661990668,2.4508955048881247,-0.3157992063439567,6.6365632837751045,21342.325177574774,2,0,10,4,2,34,5,11,89,2,1,35,0.8,0.1,uniform,346,1
1103,15486.705468358678,13949.136867866406,3215,6.05754966944193e-05,11237,3003,33650,0.8871365148327804,0.3684922764543735,0.9999281939360141,13925.900418858497,1.1204886832207692,0.20759741357312286,0.900716869470158,8193,0.9987891023540657,8.045788208308178e-05,0.9988995269649144,908.2000472905987,122,1103,1,68,2.4674927841176384,2.5806582086780034,-0.34061337514314544,5.729377743081932,15486.705468323222,0,1,10,1,2,34,7,6,89,2,2,35,0.8,0.1,uniform,347,1
1101,16120.017151014099,14707.950948080712,2984,5.872240955648193e-05,11629,2967,35274,0.8989995787233687,0.36830047151939416,0.9999319338443288,14691.089230395739,1.103412441989701,0.18511146558006475,0.9124029342087545,4097,0.998661154090045,7.510504304605453e-05,0.9987063219706281,772.4897530441609,122,1103,0,68,2.6173785252476462,3.6948368203489843,-0.31087163841880017,6.933958622434231,16120.017150983787,0,3,10,3,9,34,10,16,89,2,2,35,0.8,0.1,uniform,348,1
1103,20966.678512704588,19439.971088874478,3398,4.513376745387837e-05,15023,3586,46284,0.9084773200114107,0.3681790981365647,0.9999485178019815,19423.690074772032,1.0835787852038037,0.1620666810883283,0.9271841067766163,8193,0.9986707270727675,5.578501758862082e-05,0.9987839702581747,821.8482060534141,122,1103,1,68,3.4843073189692357,3.2712072407329775,-0.3174476243956434,7.3904098084935,20966.67851265731,2,1,10,4,2,34,11,6,89,1,1,35,0.8,0.1,uniform,349,1
1103,14712.691385868666,13274.781188352885,3007,6.385674066740087e-05,10667,2834,31999,0.8889258759275446,0.3684564448247183,0.9999245530673948,13253.849315412483,1.1181324368236123,0.20438136851617655,0.9022673581737143,4097,0.9987491450615096,8.43596626049114e-05,0.9987739804182865,815.1475553719791,122,1103,1,68,2.3535976493212973,2.5808969638820294,-0.3141614414936075,5.562817496190542,14712.691385844199,0,0,10,1,3,34,5,9,89,2,2,35,0.8,0.1,uniform,350,1
1103,16238.112794229492,14778.094863532611,3121,5.792001029276945e-05,11730,3019,35482,0.894077857433113,0.36837764549738766,0.9999322437631774,14758.288954512442,1.1069587524809295,0.19220213823795484,0.9100869695143561,4097,0.9987263977000068,7.50033593862351e-05,0.9987933244746644,828.2230971306878,122,1103,1,68,2.6304769736934057,2.5017929148242066,-0.31387711410432184,5.760024116726256,16238.112794204468,2,0,10,2,3,34,8,8,89,2,2,35,0.8,0.1,uniform,351,1
1103,15476.13919311158,14042.567948276002,3040,6.0720410029926734e-05,11194,2913,33762,0.8922661491021754,0.36841127567164556,0.999928688794952,14022.541665095241,1.110817458450345,0.1964314201408257,0.9073689356920711,4097,0.998763569543735,7.921373155035171e-05,0.9988110135010869,840.5523441911744,122,1103,1,68,2.489785314349768,3.372648074893545,-0.3164049291833643,6.495243247610041,15476.139193085224,0,3,10,1,5,34,9,8,89,1,2,35,0.8,0.1,uniform,352,1
1102,15705.079394770795,14205.202417059701,3160,5.97884132075613e-05,11375,2995,34203,0.890087047178567,0.36844853287894525,0.9999294981370714,14183.522351282358,1.1149577887619582,0.20120878860708988,0.9044973323592049,4097,0.9987693885335169,7.860660119468305e-05,0.9988571128947017,874.4769653123327,122,1103,0,68,2.522112161894539,2.639899481202151,-0.32817447962132,5.818360602339331,15705.079394752383,0,1,10,4,3,34,8,7,89,2,2,35,0.8,0.1,uniform,353,1
1103,19439.159408661533,17933.49042705442,3294,4.867510674395998e-05,13958,3405,42794,0.905371509360531,0.3682227066026854,0.9999441880900821,17916.82268635463,1.089687165684746,0.16945177158906818,0.9225445426958004,8193,0.9987252200331364,6.0817521930072895e-05,0.9987414749788397,794.0808395644644,122,1103,1,68,3.2052451049049155,2.9059307393635905,-0.31953447961259795,6.750244803493702,19439.159408614087,1,1,10,5,5,34,9,11,89,2,2,35,0.8,0.1,uniform,354,1
1103,16566.988689498863,15125.47274006672,3082,5.691399306000039e-05,11950,3039,36264,0.8975430582361391,0.368323858021941,0.9999338086387426,15107.211650559091,1.1027818006624346,0.18603260120250784,0.9129886561493302,4097,0.9987600978167669,7.299462855585923e-05,0.9987813563585328,820.084330102357,122,1103,1,68,2.691609925773888,3.479288540831672,-0.31237714393900623,6.795652754483572,16566.988689466612,1,2,10,4,4,34,8,10,89,1,2,35,0.8,0.1,uniform,355,1
1103,22784.791339577554,21268.636614177005,3464,4.154750100829687e-05,16279,3771,50485,0.9127020739246753,0.36813681288970546,0.9999529497535349,21253.373782720235,1.0754771790956108,0.15203123646706282,0.9334575988516093,8193,0.9987712638082936,5.0601466344141504e-05,0.9987812223027515,819.9940723785326,122,1103,1,68,3.811071697335977,2.3234793718856417,-0.320350123065769,6.775251315353157,22784.79133951563,2,0,10,4,0,34,8,2,89,2,2,35,0.8,0.1,uniform,356,1
1102,17542.251066377357,16032.546287089845,3259,5.3625200692631055e-05,12649,3203,38421,0.8969473733971013,0.36833956332694484,0.9999375519972223,16012.822367336825,1.1015816724288408,0.18578003402575943,0.9139389367091483,8193,0.9987776040940202,6.879157534009501e-05,0.9988355605637403,858.2822224168551,122,1103,0,68,2.8601534478368835,2.2954595458918776,-0.32355817944615356,5.802729352621069,17542.251066329536,1,0,10,4,0,34,8,4,89,2,2,35,0.8,0.1,uniform,357,1
1101,15255.000818861017,13791.136935118975,3088,6.147094374216189e-05,11052,2914,33213,0.8892695079875123,0.36846233820947794,0.9999273784506747,13769.517423906414,1.1156812312785274,0.20242542341800798,0.9040403929751255,4097,0.9988122190298085,8.102249956894558e-05,0.9988152295376552,843.5452515824353,122,1103,0,68,2.4533722686215333,2.8043983679627686,-0.3177450463353887,5.89326072925508,15255.000818837856,0,1,10,2,3,34,4,5,89,2,2,35,0.8,0.1,uniform,358,1
1103,18041.868341503152,16567.63129782095,3221,5.220663428696327e-05,12982,3226,39618,0.9002345399389337,0.36828243609525346,0.9999395764930633,16549.35038758998,1.095585258753605,0.1785291821795682,0.9182880056667471,8193,0.9987161530896399,6.619910348203901e-05,0.9988085772629658,838.8325480157332,122,1103,1,68,2.9589972748086963,2.7681782088960754,-0.3124203755025666,6.352016234709905,18041.868341466616,2,1,10,4,3,34,8,6,89,2,2,35,0.8,0.1,uniform,359,1
1103,16746.88509217449,15216.217080323218,3236,5.6315193296417276e-05,12105,3137,36562,0.8944071009848817,0.3683659494570511,0.9999341956552482,15196.064959519736,1.1089162811747855,0.19322996379261737,0.9085998379145431,8193,0.9987686725877334,7.297150926753674e-05,0.9988775974672506,890.4458645902805,122,1103,1,68,2.6979915193676973,2.5451777186994944,-0.33861502499102225,5.920399288049236,16746.88509213834,0,0,10,4,3,34,7,9,89,2,2,35,0.8,0.1,uniform,360,1
1102,15102.186701496581,13611.33204161364,3123,6.21385317070786e-05,10955,2922,32826,0.887459207719805,0.36849532262752943,0.9999264136966234,13588.985456698656,1.119647589588982,0.20679124564726248,0.9012821991046368,4097,0.9988236483921258,8.239072720258008e-05,0.998839821119576,861.4359519814153,122,1103,0,68,2.4164259107568062,2.647312109835173,-0.3244428190921328,5.712623658776244,15102.186701467654,0,1,10,2,2,34,3,10,89,2,2,35,0.8,0.1,uniform,361,1
1103,15420.086996510805,13987.97973333932,3036,6.094792785737642e-05,11155,2906,33635,0.8920501542374881,0.3684120785814625,0.9999284100744513,13967.945865933463,1.1111582947434062,0.1968860487419412,0.9071271605993185,4097,0.9987177090800735,7.954773959370863e-05,0.9988028520435585,834.8185377943014,122,1103,1,68,2.481278805967825,2.3290067188192642,-0.3147478479732513,5.439781220733591,15420.086996485035,0,0,10,3,2,34,8,4,89,2,2,35,0.8,0.1,uniform,362,1
1103,17701.697358423167,16238.913672411922,3183,5.325966433228597e-05,12743,3180,38849,0.8998305574393098,0.3682806297685964,0.999938352979969,16220.884248270857,1.096802508508604,0.1798132651095971,0.917364778281265,4097,0.9987764037387017,6.7614606212329e-05,0.9988110162534637,840.5542911424999,122,1103,1,68,2.8865025970633735,2.422534314895567,-0.323234004637814,5.955504921234569,17701.697358382047,1,0,10,6,2,34,11,7,89,2,2,35,0.8,0.1,uniform,363,1
1103,15152.192675481627,13676.346457428099,3079,6.21208298193189e-05,10984,2916,32961,0.8898392220555922,0.36845176884604997,0.9999267717491684,13655.43180497162,1.1175621073544386,0.20320491337087165,0.9025985050703814,4097,0.99874334193345,8.183711831732761e-05,0.9988047390334818,836.1372774539016,122,1103,1,68,2.4210807897670907,2.4501757633019787,-0.32637028465745604,5.523997122383982,15152.192675451375,0,0,10,0,1,34,4,7,89,2,2,35,0.8,0.1,uniform,364,1
1103,17286.41430963601,15783.390043138743,3238,5.4428459665776364e-05,12470,3170,37840,0.8962560948344482,0.3683532998384654,0.999936564532135,15763.551772935652,1.1028166869381864,0.1873147283178926,0.9130517040969317,8193,0.9987394380922756,6.995769250559351e-05,0.9987774788007217,817.4816235232582,122,1103,1,68,2.8184150039749363,2.8700176991794417,-0.3160209542475331,6.320474611649444,17286.41430959692,1,1,10,3,5,34,8,10,89,2,2,35,0.8,0.1,uniform,365,1
1103,17218.5455556477,15747.174995225541,3179,5.469099399881649e-05,12412,3135,37725,0.8975795845820059,0.36831012456355666,0.9999364224262025,15728.316624056402,1.1007008126049298,0.1846265115555759,0.9145473375978875,4097,0.9987799596753842,6.997988714247983e-05,0.9987824014199804,820.7886355067252,122,1103,1,68,2.8063048025651796,2.416495050932279,-0.31582494459832733,5.854449742694113,17218.54555560674,1,0,10,4,1,34,8,8,89,2,2,35,0.8,0.1,uniform,366,1
1103,17530.89533303983,16064.529039396872,3177,5.375547279130587e-05,12626,3164,38451,0.8992983410073576,0.36829643691392167,0.9999376819842315,16046.224006603905,1.0981907434758502,0.18122291757754241,0.9163553106794636,4097,0.9988200955658809,6.843706806915518e-05,0.9988557806464468,873.458203668718,122,1103,1,68,2.855729305685416,2.3445526981543483,-0.3230368471708395,5.846355698181442,17530.89533300225,0,0,10,5,2,34,13,4,89,2,2,35,0.8,0.1,uniform,367,1
1103,17884.25175373819,16479.01936401535,3057,5.2946243201119214e-05,12848,3151,39345,0.9049277534983446,0.36822854136213584,0.9999392614532643,16463.509322510126,1.0911472465040437,0.1709325076661942,0.9214262688161322,4097,0.9987490434001984,6.62746980272742e-05,0.9987581505090247,804.7504580236606,122,1103,1,68,2.933279630935467,3.384384612622249,-0.3095584023730816,6.93678104830388,17884.251753696644,1,2,10,7,4,34,14,5,89,1,2,35,0.8,0.1,uniform,368,1
1103,15244.238583731492,13750.393077654708,3133,6.160896583231577e-05,11054,2940,33149,0.8881057417430609,0.3684813501687349,0.9999271607288879,13728.357857714145,1.118554370664939,0.20552026805349977,0.9020058956784498,4097,0.9987885823566729,8.147468505874603e-05,0.9987888097779127,825.1340411616869,122,1103,1,68,2.440301450404775,3.017137296530901,-0.3238397252445015,6.105118197424678,15244.238583705759,0,1,10,2,2,34,7,12,89,2,2,35,0.8,0.1,uniform,369,1
1103,15337.355841818668,13893.296777111975,3047,6.129473385028834e-05,11101,2908,33429,0.8914240900270346,0.3684300513565625,0.9999279201586483,13873.004447485273,1.1129609265040625,0.1986652739510733,0.9058469347911107,4097,0.9988560323574541,8.022204701345126e-05,0.9988580935432927,875.2283798524857,122,1103,1,68,2.4631075592967733,2.6520908083270998,-0.31791797865297083,5.751034324929814,15337.355841792838,0,1,10,0,3,34,8,7,89,2,2,35,0.8,0.1,uniform,370,1
1103,15529.039799234473,14030.467701848014,3176,6.026676089138521e-05,11255,2972,33799,0.887711574484585,0.3684908884030545,0.9999286121331643,14007.482643281859,1.116593421228019,0.20452005024525505,0.9034987277538993,8193,0.99876751888264,7.971122246445798e-05,0.9988873950865721,898.2915518943066,122,1103,1,68,2.485747907186238,2.3057720460191238,-0.3300344680100115,5.451588889225385,15529.039799207316,0,0,10,2,0,34,6,5,89,2,2,35,0.8,0.1,uniform,371,1
1103,16406.16556381165,14985.206725064321,3041,5.750970874263021e-05,11832,3005,35921,0.897884901964561,0.3683199003077638,0.9999331904778487,14967.426239062659,1.1022022370914846,0.18535714443280818,0.913388729790607,4097,0.99872571215872,7.363760477411955e-05,0.9987513551168995,800.3681119243096,122,1103,1,68,2.6619798301928124,2.459030844472918,-0.3128462013181629,5.746703077302056,16406.16556378303,0,0,10,4,2,34,9,6,89,2,2,35,0.8,0.1,uniform,372,1
1103,19847.692111657274,18393.12998306055,3213,4.775081385571609e-05,14224,3403,43802,0.9090681194387145,0.36817116934530786,0.9999455888304709,18378.079405808516,1.0841268969414215,0.16188280138187391,0.9267137901770248,4097,0.9987597320846056,5.8988612380945e-05,0.9987597903557751,805.8151874365369,122,1103,1,68,3.2831486565213277,2.741005760147712,-0.3157075740515118,6.655569564772064,19847.69211160921,2,1,10,6,4,34,13,10,89,2,2,35,0.8,0.1,uniform,373,1
1103,16149.269742083756,14711.411515372305,3073,5.826587511484933e-05,11661,2990,35307,0.8951482734792956,0.368366583259065,0.9999319393397946,14692.275482877945,1.1056930357385493,0.1902872420287834,0.9109645049172408,4097,0.9987871037560564,7.525419799713158e-05,0.9987974741803929,831.0828759074052,122,1103,1,68,2.615500275949843,2.779102756227222,-0.3127444642233032,6.020091960623671,16149.269742054901,0,2,10,4,4,34,11,8,89,2,2,35,0.8,0.1,uniform,374,1
1102,15463.83225051809,14001.681279106004,3091,6.0733183379574156e-05,11195,2936,33696,0.890584501392936,0.3684308488755923,0.9999284753923133,13980.702161281684,1.1135953664412253,0.19988576893004265,0.9054470491062719,4097,0.9987393587534227,7.964947170658988e-05,0.9987936729025677,828.4624603364855,122,1103,0,68,2.487461048438525,2.524301877666236,-0.31904208232181847,5.6498470907483975,15463.832250489491,0,0,10,2,2,34,9,10,89,2,2,35,0.8,0.1,uniform,375,1
1102,15933.129192007127,14485.635437615016,3090,5.9007021092933457e-05,11515,2975,34796,0.8932079333321912,0.36839039803846363,0.9999308735773471,14465.74837832554,1.1082889312707112,0.1939355391375413,0.9091519476840589,4097,0.9987692250914183,7.661204908456843e-05,0.9987699880517866,812.5001300373386,122,1103,0,68,2.580959090187098,2.600065771500352,-0.31071589928246757,5.802456660252385,15933.129191977307,2,0,10,3,4,34,5,9,89,2,2,35,0.8,0.1,uniform,376,1
1103,16545.147788957132,15102.537145716064,3091,5.697148590212202e-05,11935,3038,36212,0.8969630356694097,0.3683323282097243,0.9999337072925231,15084.115453090477,1.1030504957906575,0.18682214504382078,0.9128076302706754,4097,0.9988101716021509,7.312420384991029e-05,0.9988137893379518,842.5204808189661,122,1103,1,68,2.685285481861218,3.008820186857559,-0.3147413157678327,6.323588300254443,16545.147788924216,0,1,10,4,4,34,10,9,89,2,2,35,0.8,0.1,uniform,377,1
1103,20886.2082629352,19387.83996675527,3327,4.5389481566071385e-05,14957,3553,46136,0.9102283956598666,0.3681707347330951,0.9999483818723544,19372.53899596759,1.0821129275970574,0.15929171815758036,0.9282603966542388,8193,0.9987293975185018,5.5856643223934614e-05,0.9987759783772056,816.4789294964532,122,1103,1,68,3.4771924363345663,2.9750201280033615,-0.3099713466010943,7.072155257540117,20886.20826289017,1,1,10,4,4,34,9,11,89,2,1,35,0.8,0.1,uniform,378,1
1103,15954.229690123046,14439.79600627648,3229,5.865810819734146e-05,11554,3033,34757,0.8884576120575605,0.3684797613141924,0.9999306385943113,14416.739524920093,1.1143382768179972,0.2023914700187005,0.905076351960501,8193,0.9988293455299281,7.729206929299297e-05,0.9988651137473703,880.6454806958316,122,1103,1,68,2.5589601405990257,2.4775571310857374,-0.3339192229717267,5.704355717628217,15954.2296900927,0,0,10,2,2,34,8,4,89,2,2,35,0.8,0.1,uniform,379,1
1101,18994.786450308176,17545.97649683378,3162,4.9915158142547566e-05,13631,3308,41846,0.9072532040266623,0.36819341061182653,0.9999429586564728,17530.643866751037,1.088046968488803,0.16646673066170212,0.9237259151470539,4097,0.998726505504876,6.206366090354751e-05,0.9987758575069741,816.3982620434604,122,1103,0,68,3.129939643196345,4.1291449089291525,-0.3205211107112969,7.900126773548091,18994.786450261567,1,2,10,3,4,34,14,7,89,1,2,35,0.8,0.1,uniform,380,2
1103,17324.95384445831,15847.637567408741,3167,5.447633362045766e-05,12486,3152,37963,0.8991797723982223,0.3683011881325811,0.9999368285243474,15829.429399888202,1.100347629271198,0.18279990979675947,0.9147289920473807,4097,0.9987542632129636,6.951058347191315e-05,0.9988090905842102,839.194328117813,122,1103,1,68,2.820003336275566,3.6347275323569974,-0.32142075156254446,7.097572371757652,17324.95384442718,0,1,10,4,6,34,9,15,89,1,2,35,0.8,0.1,uniform,381,1
1103,25579.901513801222,24054.94894679202,3524,3.720585804162121e-05,18216,4075,56910,0.9204282763330001,0.3680726441878494,0.9999584069047552,24041.95209381821,1.0666240272440661,0.13776440843991064,0.9403847365797543,8193,0.9987287880156264,4.4364194755848856e-05,0.9987449308521913,796.2687440942728,122,1103,1,68,4.326200271869555,2.4630818128879097,-0.31204116307451113,7.413364410906487,25579.901513716526,2,0,10,6,3,34,9,8,89,2,1,35,0.8,0.1,uniform,382,1
1103,16276.175295809362,14887.22863835368,2971,5.807139956429991e-05,11730,2964,35663,0.899539992171129,0.3682965469203792,0.9999327549021523,14870.472481706578,1.1003751665697759,0.18253674134149597,0.9146638179908706,4097,0.9987087643553623,7.399483574514591e-05,0.9987178221987566,779.4229264022648,122,1103,1,68,2.64315705685594,3.804357785393969,-0.3080986631403725,7.063712168530654,16276.175295779663,0,3,10,3,5,34,11,12,89,1,2,35,0.8,0.1,uniform,383,1
1099,16171.996075557423,14744.851402155009,3035,5.835025746085993e-05,11672,2985,35373,0.8970454555448837,0.36832988885086126,0.9999320989177812,14726.80576508193,1.1044608297606078,0.18767009253651382,0.9117521011794321,4097,0.9987103648807659,7.499408560907817e-05,0.9987237546633967,783.0483002361229,122,1103,0,68,2.631465711260751,3.019404147693485,-0.31157270102757434,6.274015261009384,16171.996075524348,1,1,10,5,4,34,9,10,89,2,2,35,0.8,0.1,uniform,384,1
1103,22491.986103113974,20978.758835957065,3410,4.218788304147674e-05,16074,3737,49814,0.9137552530822399,0.36813208488558974,0.9999523006463513,20964.14466113593,1.076339541961938,0.15160955481507665,0.9327214919918786,8193,0.9987318512039282,5.134070045813714e-05,0.9987963977114582,830.3391307707699,122,1103,1,68,3.760153155223317,2.393369988302086,-0.3181761472327489,6.789875437990901,22491.9861030452,1,0,10,6,2,34,13,7,89,2,1,35,0.8,0.1,uniform,385,1
1103,19988.183551471822,18425.915916206974,3450,4.716705220142486e-05,14359,3512,43984,0.9029130278187889,0.36825346287311495,0.999945675336831,18407.345376654717,1.0907734615889952,0.17260197711892436,0.9218404398157625,8193,0.9987358958921978,5.925590089470496e-05,0.9988059917019521,837.0150179100468,122,1103,1,68,3.301187647162953,2.923273397207622,-0.32314300586007844,6.870747056090732,19988.18355142202,1,1,10,4,5,34,7,9,89,2,1,35,0.8,0.1,uniform,386,1
1103,17074.91306180324,15595.564917030548,3178,5.518702452971944e-05,12315,3127,37384,0.8971645837378895,0.36832529681366544,0.9999358032479368,15576.612042566481,1.1023077705749431,0.18612100620935046,0.9133613073508404,4097,0.9988583685064546,7.076457864514837e-05,0.9988605089300172,877.0846674692112,122,1103,1,68,2.7802880797659086,2.629126154995713,-0.3157976975277776,6.041009629817177,17074.91306177468,1,1,10,3,3,34,7,10,89,2,2,35,0.8,0.1,uniform,387,1
1103,15772.975770891695,14347.64743775664,3009,5.985124556800444e-05,11395,2940,34457,0.8958704327027788,0.3683460739876088,0.9999302160841606,14329.449639037834,1.107392051430305,0.19076932873712846,0.9096347858616867,4097,0.9987247220607426,7.727815371852862e-05,0.9987458526579404,796.8543740097406,122,1103,1,68,2.550363391037882,3.3117114773850416,-0.3096503480121479,6.4813755644472195,15772.975770860916,1,3,10,3,7,34,5,15,89,2,2,35,0.8,0.1,uniform,388,1
1103,17805.320157816626,16390.385317773915,3080,5.311052927814724e-05,12797,3150,39151,0.9037019580029005,0.36824541834216495,0.99993893056363,16374.303160636671,1.0923909784966117,0.1729820060914695,0.9205330301560712,4097,0.9987349183313442,6.671170135247728e-05,0.9987364242952973,790.9047912936026,122,1103,1,68,2.921618618018648,2.8223941489147557,-0.3069072492122352,6.357827265357874,17805.32015777832,1,2,10,4,3,34,11,8,89,2,2,35,0.8,0.1,uniform,389,2
1103,17528.234582471036,16092.264207005617,3119,5.3849545916895354e-05,12613,3138,38485,0.90102268352271,0.36827662457553023,0.9999377938354078,16075.077175243441,1.095775839530659,0.1779414798064792,0.9180767253707656,4097,0.9988288249564775,6.816401222999129e-05,0.9988326337718414,856.129104260679,122,1103,1,68,2.8621596424251274,2.4686294604561105,-0.3161240533923378,5.963037209665914,17528.23458243332,1,0,10,5,2,34,9,9,89,2,2,35,0.8,0.1,uniform,390,1
1103,21475.990100332347,20002.96302239732,3284,4.4255466055657224e-05,15356,3594,47528,0.9136670045726818,0.3681315020378638,0.9999499738212463,19989.033974093218,1.0779639461294013,0.15291495221676318,0.9314105160668598,8193,0.9987233917227789,5.3926417059340275e-05,0.9987239191363917,783.1492911485009,122,1103,1,68,3.58406227596505,3.1962240214002606,-0.3100429099406383,7.400372117246587,21475.990100269868,1,1,10,3,1,34,10,6,89,1,1,35,0.8,0.1,uniform,391,1
1103,21949.66723940408,20454.18817803949,3375,4.3178438186426074e-05,15693,3663,48589,0.9124210550934171,0.3681380718469765,0.9999510758310735,20439.295335142684,1.0774687737824666,0.15376087314623132,0.931867802593385,8193,0.9987310749085946,5.2714264301918246e-05,0.9987739439082992,815.1232666877007,122,1103,1,68,3.6707956437434306,2.7613651459911153,-0.30919841597585174,7.0505576216862496,21949.667239351842,2,1,10,5,4,34,11,10,89,2,1,35,0.8,0.1,uniform,392,1
1103,39852.10614596146,38336.404222443765,3894,2.4056499853388134e-05,28100,5570,89786,0.9399063656898781,0.3679618694893896,0.9999739094326409,38327.528140523376,1.040809621925652,0.09771127241651721,0.9619668301101498,8193,0.9988232644200541,2.7155313549049338e-05,0.9988275851216337,852.440289174666,122,1103,1,68,6.912985536272614,3.6061752267345057,-0.3131443179029414,11.145449398813003,39852.10614577819,3,2,10,8,4,34,16,9,89,1,2,35,0.8,0.1,uniform,393,1
1103,20283.752764171175,18721.86740731825,3444,4.654694887719643e-05,14563,3544,44666,0.9046205559611301,0.36822573108678625,0.99994653678149,18703.94817263358,1.089172011554506,0.1697910657875605,0.9229982057555044,8193,0.9987749842086909,5.823064124893604e-05,0.9988288026601206,853.3269782335883,122,1103,1,68,3.353513547650842,2.4679691568980844,-0.32441079761218206,6.47030429977329,20283.752764125577,1,0,10,2,0,34,10,7,89,2,1,35,0.8,0.1,uniform,394,1
1102,16360.045764877581,14875.871240138993,3172,5.7420770664430285e-05,11823,3053,35731,0.8931124535687309,0.36839296916467607,0.9999326861691055,14855.287976013202,1.1081437081132783,0.19388698818983624,0.9092805395492918,4097,0.998769015768584,7.459339817516101e-05,0.9988462351866136,866.2276704944776,122,1103,0,68,2.6427760224816925,2.462857269617949,-0.326379288742279,5.7583918695842,16360.045764844084,1,1,10,2,1,34,7,5,89,2,2,35,0.8,0.1,uniform,395,1
1102,15220.242347514428,13779.214529352048,3050,6.166902793810137e-05,11020,2891,33163,0.8901942769758353,0.3684485163445565,0.9999273193710007,13758.324233191492,1.1138083474179075,0.2003910273148894,0.9053216246324941,4097,0.998760680587213,8.095229127517663e-05,0.998852410457837,870.8916025283407,122,1103,0,68,2.442743580054927,2.292708765508778,-0.31955085687682494,5.374554059317354,15220.242347493953,0,0,10,1,0,34,6,3,89,2,2,35,0.8,0.1,uniform,396,1
1103,17965.27006419698,16467.375909300663,3237,5.250125698605855e-05,12937,3239,39410,0.9000713641254097,0.3682959416799216,0.9999392079085948,16449.0080951697,1.0977851447746179,0.18018098188521103,0.9166227866576038,8193,0.9987921295629777,6.673665486455098e-05,0.9988122717221556,841.4433139933409,122,1103,1,68,2.9296689536290375,2.546804338036586,-0.3278596164802875,6.132192524626198,17965.270064152926,0,0,10,5,2,34,13,7,89,2,2,35,0.8,0.1,uniform,397,1
1103,16976.51586150269,15501.495467806206,3167,5.5417301793802535e-05,12246,3111,37163,0.896860971135019,0.36832943326614725,0.9999354115145019,15482.135828058601,1.1027163985910142,0.18655182405134987,0.9131140685326747,4097,0.9987687871457138,7.122278211899288e-05,0.998845915360987,865.9874785947314,122,1103,1,68,2.758275231607133,3.3426173594045574,-0.319968804922437,6.740830200856564,16976.51586146058,0,2,10,6,4,34,9,11,89,2,2,35,0.8,0.1,uniform,398,1
1103,18422.60142406763,16959.088024074885,3196,5.128130537574048e-05,13241,3259,40509,0.9031891698205374,0.3682366669319558,0.9999409773560761,16942.150027663753,1.0923996926456407,0.1734825569110281,0.9205588089160532,4097,0.9987551031783083,6.447631808182792e-05,0.9987683775812248,811.4370500812793,122,1103,1,68,3.0199557793329674,2.8453009987543165,-0.32049778803462203,6.506252354156528,18422.601424032255,1,1,10,5,4,34,13,5,89,2,2,35,0.8,0.1,uniform,399,1
