n_cluster,mfpt,sd,mode,f_mode,median,q10,q90,S_mode,S_mfpt,lam1,tau1,A1,ratio,cv,t_cert,lam2,w1,mu2,tau_rel,n_blocked,n_open,pocket_free,chem_dist,G_tt,G_ss,G_st,R_st,mfpt_tetali,blk_t_r3,blk_s_r3,nsite_r3,blk_t_r6,blk_s_r6,nsite_r6,blk_t_r10,blk_s_r10,nsite_r10,deg_s,deg_t,N,q,p,scheme,rep,attempts
806,44992.593125337145,40058.2502331782,10744,1.9720084512668152e-05,32939,8890,97133,0.8635920492324088,0.36960508802845654,0.9999749276288755,39884.040436275944,1.1420004310335412,0.23879486052448975,0.8903298843342236,16385,0.9997605517354208,2.863265863137588e-05,0.9997753719080007,4451.302919635813,368,857,0,70,9.67279422661295,12.158913062431377,-1.4916209409134584,24.814949170871245,44992.593125131425,1,3,10,11,11,34,28,26,89,1,2,35,0.8,0.3,uniform,0,1
810,37357.06907332456,33490.598493448575,8540,2.4366866748874737e-05,27205,7311,80958,0.8701466188845157,0.3689413545935073,0.999970058684254,33398.165857232154,1.1290956024616567,0.22860465801633592,0.8964996270910102,12289,0.999586028213397,3.3806607940594494e-05,0.9996373864819926,2757.25705918472,368,857,0,68,8.035239323160598,8.298697224203375,-1.1887283492279583,18.711393245819888,37357.06907317365,4,4,10,12,9,34,27,24,89,2,2,35,0.8,0.3,uniform,1,4
811,40901.43715992215,36810.32489906299,8845,2.2396945461934326e-05,29726,7891,88827,0.8786623467911381,0.3688134359432178,0.9999727683354716,36721.456489053744,1.1233925870190244,0.21625156997336265,0.8999763200284832,12289,0.9996327628132744,3.059185006371094e-05,0.9996453788743812,2819.4109338833746,368,857,0,70,8.902419544520328,11.718884410146892,-1.184248065775377,22.989800086217972,40901.43715974908,3,1,10,11,13,34,25,29,89,1,2,35,0.8,0.3,uniform,2,2
829,34506.438010781705,30803.503852075817,7839,2.6769143463712922e-05,25155,6897,74611,0.8748427103758034,0.36880713841976875,0.9999674580527087,30729.06854610723,1.133635004220003,0.22717499840321584,0.8926886003838215,12289,0.9995232813946134,3.689069055528e-05,0.9996257059648105,2671.1962983842873,368,857,0,68,7.17906282503085,5.764670403584506,-1.1457714356825983,15.235276099980553,34506.43801065724,3,1,10,9,11,34,24,26,89,2,1,35,0.8,0.3,uniform,3,1
845,43973.422093284644,38918.72082537371,10921,2.036743291830212e-05,32246,8939,94631,0.8598512176189118,0.3694747375054808,0.9999742011620211,38760.93571897486,1.1488891188349393,0.24835456237252432,0.8850509915469404,16385,0.9997140020187291,2.964000423278212e-05,0.9997402692225914,3849.640535345361,368,857,0,70,8.929383532310167,8.969416933629882,-1.4785270222656204,20.85585451047129,43973.4220930827,3,2,10,6,8,34,31,20,89,1,2,35,0.8,0.3,uniform,4,2
839,43697.857247239,34751.19313048879,17079,1.8758924421224436e-05,34136,10979,88877,0.7888006535877868,0.3794703838322969,0.9999703629232345,33741.019375843425,1.3931874219802156,0.390842962925353,0.7952608049833955,32769,0.9998798617247598,4.1290002574028304e-05,0.9999053054149163,10559.765915613965,368,857,0,70,7.335823260109419,13.71142147900948,-3.08082924216351,27.20890322344592,43697.85724703493,2,3,10,8,9,34,27,28,89,1,2,35,0.8,0.3,uniform,5,1
840,52227.44759293189,47458.483092137925,10214,1.7760650794959477e-05,37779,9720,114024,0.8912217799714536,0.36856884576859456,0.9999788914059267,47373.56937139204,1.109958363949139,0.19556766548519391,0.9086885398274879,16385,0.9997299966883709,2.342966054291029e-05,0.9997374436725598,3808.2065126332272,368,857,0,72,10.994935437398608,8.887072531620761,-1.4401711322712636,22.762350233561897,52227.44759261346,2,1,10,12,10,34,27,28,89,1,1,35,0.8,0.3,uniform,6,6
837,91127.60397455147,86966.1189439853,10244,1.0468136627142688e-05,64481,13367,204400,0.932479593756814,0.36800149338011007,0.9999884974612328,86936.82924736635,1.0497385137219828,0.11241379728211405,0.9543334308259842,16385,0.9995711259232207,1.207465794983562e-05,0.9996964235749524,3293.5634048313586,368,857,0,72,20.193526136738292,6.811397171740695,-1.5812896276029036,30.167502563684792,91127.6039737679,1,2,10,12,6,34,26,28,89,2,2,35,0.8,0.3,uniform,7,2
840,27960.379559949382,24972.76402319219,6391,3.327530615970211e-05,20356,5615,60475,0.8742393156697473,0.3685053722833513,0.9999598878536329,24929.60448041183,1.1311573039772107,0.22857343500281044,0.8931482482077364,12289,0.9996909334206643,4.537314734171893e-05,0.9997414160850104,3866.7165454201004,368,857,0,68,5.536907816742026,6.533142867788709,-1.1203254117876271,14.31070150810599,27960.379559824545,1,2,10,8,10,34,21,23,89,2,2,35,0.8,0.3,uniform,8,2
759,46211.037799116086,42349.764919899964,8582,2.0241676624650882e-05,33288,8332,101360,0.8949342200545289,0.3683615975704152,0.9999763570146579,42295.34316383993,1.0984374684556637,0.18571320638386862,0.9164426279279541,12289,0.9996610545604754,2.597034096592529e-05,0.9996646361081069,2981.3355964947827,368,857,0,68,10.8325817139164,7.521465116912701,-1.3442398404638143,21.042526511756726,46211.03779887291,5,2,10,10,11,34,23,23,89,2,2,35,0.8,0.3,uniform,9,2
841,32820.724638024,29098.388553315413,7867,2.7922907067373152e-05,24008,6707,70702,0.8677325101776144,0.36901410298854687,0.9999655324360754,29012.284369961053,1.1438034894613474,0.2396961092957038,0.8865858043732487,12289,0.9995609283259284,3.942411989036814e-05,0.99965084613649,2863.56680363317,368,857,0,70,6.623190888597348,7.95507719436622,-1.1819754937800908,16.94221907052375,32820.72463789713,4,2,10,10,9,34,29,28,89,1,2,35,0.8,0.3,uniform,10,3
849,27080.94775387783,22240.266103032547,9214,3.282260501325749e-05,20564,6793,56004,0.8220061147380686,0.37210006980509297,0.9999545655317175,22009.221641496082,1.2737626116087553,0.3402392000361439,0.8212513943441242,16385,0.9996751808901453,5.787272697672399e-05,0.9997442627919524,3909.7639861580005,368,857,0,68,4.894147208433753,10.98597738620343,-1.485345784218086,18.850816163073358,27080.947753807057,3,3,10,6,9,34,23,28,89,1,2,35,0.8,0.3,uniform,11,2
838,51140.307831290665,47575.79168214345,8382,1.8333086980214703e-05,36601,8605,113099,0.9040774749833038,0.3682323448561194,0.9999789613334278,47531.02945937046,1.0799206416068357,0.1639020247522131,0.9302992824973526,12289,0.9995012306913174,2.2720090303334962e-05,0.9997705767054142,4358.255275565424,368,857,0,68,10.576818195720785,9.147869706360991,-1.6285058689387248,22.981699639959224,51140.30783092334,3,4,10,6,10,34,28,32,89,1,2,35,0.8,0.3,uniform,12,1
804,42775.49864335214,38829.57568025463,9064,2.1116112857261086e-05,30994,7936,93330,0.8762212088911653,0.36886485916160705,0.9999741812623738,38731.06055972108,1.1130298950656334,0.21189700383326007,0.9077527302253727,16385,0.9996575792691651,2.8737026830869133e-05,0.9996938413121376,3265.7799777775253,368,857,0,68,9.404854197519354,7.143292227587475,-1.2358171067548207,19.01978063861647,42775.49864318218,3,4,10,12,7,34,26,21,89,1,1,35,0.8,0.3,uniform,13,9
843,35278.95194762935,31063.05908867407,8988,2.5453313797750878e-05,25926,7310,75710,0.85756482265399,0.3695338347988698,0.9999676715677789,30932.023825255812,1.1560651057851903,0.25476947312217335,0.8804983530912806,16385,0.9996508586610187,3.737377241562452e-05,0.9996937801826259,3265.127942566783,368,857,0,72,7.129119659549424,7.594958484314909,-1.2407384537344592,17.20555505133325,35278.951947491565,3,2,10,13,7,34,27,23,89,1,2,35,0.8,0.3,uniform,14,3
834,38110.378954767824,34642.76243035299,7954,2.3944646960750814e-05,27580,7067,83216,0.878786972267603,0.368700087352946,0.9999710724898324,34568.66942166575,1.110345944747465,0.2087095488984874,0.9090112294991751,12289,0.9995822084778703,3.211954360620583e-05,0.9995941476481838,2463.4502070045337,368,857,0,68,8.117731982920702,6.771397543258001,-1.021447622496663,16.932024771172028,38110.37895459041,4,2,10,13,11,34,27,26,89,2,1,35,0.8,0.3,uniform,15,1
806,42439.71824888668,37043.48312521625,11195,2.1273055847389397e-05,31295,9078,90653,0.855278519219555,0.36960317510912577,0.99997288573058,36880.44945312322,1.1681503177656405,0.26378591710593363,0.8728494121467926,16385,0.9997023234519449,3.167354243915924e-05,0.9997387126510296,3826.7040274842034,368,857,0,70,8.88831507508614,8.64715354452444,-1.6426323811647634,20.820733381940105,42439.71824869114,3,4,10,7,11,34,29,25,89,1,1,35,0.8,0.3,uniform,16,1
821,33849.761866609886,29690.37882112167,8370,2.7507714335683903e-05,24855,7223,72502,0.8685732015246481,0.36899154320321437,0.999966221386602,29604.03077576515,1.1577107935096307,0.2472690955104279,0.8771222361362867,12289,0.9996753176153067,3.9105865320890394e-05,0.9996887635185546,3212.4909298627776,368,857,0,72,6.7948127315030815,11.008901081139578,-1.4511706707981733,20.706055154239007,33849.76186644665,1,4,10,9,12,34,25,32,89,2,2,35,0.8,0.3,uniform,17,2
814,48684.338658840774,43728.96733066588,11349,1.795713759909487e-05,35542,9234,105601,0.862188440717167,0.3697290493515504,0.9999770260845036,43527.125933465984,1.1314509372679158,0.23311398105926806,0.8982142622312272,20481,0.9997941702480593,2.5993858221209793e-05,0.9998010572492628,5026.071679521004,368,857,0,68,10.38626896695796,7.433398580328281,-1.575485003193268,20.970637553672777,48684.3386585155,2,2,10,11,9,34,31,25,89,2,1,35,0.8,0.3,uniform,18,2
837,25825.426300221337,20818.09875228229,9452,3.4050247516102016e-05,19806,6710,52890,0.8088320906591605,0.37344498866390186,0.9999513052219371,20535.582914486633,1.313811299021181,0.3659958945157467,0.8061086198644423,16385,0.9996951515773347,6.397574962262149e-05,0.9997355330713215,3780.691089439244,368,857,0,72,4.627324155114161,17.502716819948848,-1.5436259763395084,25.21729292774203,25825.426300133608,1,3,10,7,10,34,23,35,89,1,2,35,0.8,0.3,uniform,19,1
807,49716.18468967767,46354.542009632656,7790,1.8948322676355063e-05,35543,8273,110086,0.9091418088276065,0.3681846250435026,0.9999784097216611,46316.64257052172,1.077047064924119,0.1566894171108307,0.9323833334953602,12289,0.9994792107416632,2.325374591611939e-05,0.999525232412193,2105.79370431761,368,857,0,68,11.19896800085694,9.43011446116351,-1.1222673620660677,22.873617186152586,49716.18468939434,2,3,10,11,8,34,37,27,89,1,2,35,0.8,0.3,uniform,20,1
840,35084.73985210946,31461.334917852717,7928,2.6132569046718793e-05,25536,6882,76045,0.8727321636886577,0.36882557748587386,0.999968136208414,31383.084631325266,1.1280916678065698,0.225967187826343,0.8967241897893427,12289,0.9996498671157921,3.594527779286392e-05,0.9996524959102707,2877.163945520872,368,857,0,68,7.176133751679874,5.005238852788081,-1.1773757368937887,14.536124078255533,35084.739852009385,1,1,10,11,8,34,30,18,89,2,2,35,0.8,0.3,uniform,21,1
839,28010.305739333413,23969.45387747948,8242,3.1641185756272225e-05,20879,6297,59197,0.8391974452486617,0.37063898037405585,0.9999579922116972,23804.609486972786,1.2022095090377334,0.29424884100519433,0.8557369598369082,12289,0.9997327526120694,5.05021625513645e-05,0.9997328673528313,3742.95855757941,368,857,0,68,5.357822353599452,6.170678382769579,-1.3192469525283772,14.166994641425784,28010.30573920624,3,0,10,8,10,34,22,22,89,2,2,35,0.8,0.3,uniform,22,1
825,43534.71278466777,39797.67281197846,8139,2.1571597804773396e-05,31390,7940,95361,0.8956877280995184,0.36835410956137604,0.9999748411889083,39747.00620384487,1.1014109834087535,0.18695425970207447,0.9141595353764357,12289,0.9996051673674949,2.7710190866068644e-05,0.9996210130453306,2638.1132179687625,368,857,0,70,9.227145802901008,6.2522676358743565,-1.3267239630150416,18.132861364805446,43534.7127844037,2,3,10,7,10,34,29,25,89,2,2,35,0.8,0.3,uniform,23,1
825,51678.49333467377,47279.24561439266,10271,1.7672522762245987e-05,37295,9327,113240,0.8833244049012173,0.3686286172585825,0.9999788079593893,47187.02754080653,1.10208991900577,0.1987480543111859,0.9148727558330455,16385,0.9997052364331833,2.3355534320452252e-05,0.999801603046075,5039.899950382665,368,857,0,68,10.90602448703884,5.966605682076744,-1.6220951091832574,20.1168203874821,51678.493334416155,3,3,10,14,6,34,27,18,89,1,2,35,0.8,0.3,uniform,24,2
828,58069.28596248306,53878.60732361133,9394,1.617323428086323e-05,41610,9874,128236,0.9077512720402119,0.36826494307998514,0.9999814210951643,53823.98582490318,1.0831959615252713,0.16177226642788756,0.9278331295208415,16385,0.9997909910475342,2.0124594687761884e-05,0.9998112213546417,5296.709306339289,368,857,0,74,12.55762469063708,8.02449739572398,-1.4687728847426995,23.51966785584646,58069.28596207229,3,2,10,11,9,34,30,25,89,1,2,35,0.8,0.3,uniform,25,3
846,53585.24160034675,47307.607926104094,13265,1.6969755645713553e-05,39289,11074,115167,0.8630136643670925,0.36921351392273066,0.9999787891878538,47145.2666527923,1.1505193799145381,0.24754950437536447,0.8828477116691392,20481,0.9997242398843899,2.4403450438150097e-05,0.99980695523566,5179.645653330794,368,857,0,80,10.65836734962327,8.466165404443732,-2.009538465998538,23.143609686064078,53585.24160008025,3,3,10,11,9,34,26,26,89,1,1,35,0.8,0.3,uniform,26,3
819,43977.645580427634,41045.9404982892,6730,2.1173162079366247e-05,31437,7248,97433,0.9109533919388156,0.36825203775049586,0.9999756130910558,41005.106829339835,1.076282388252054,0.1530322942753262,0.9333364703033762,12289,0.999576624692605,2.6247200600728433e-05,0.9996134828080545,2586.7070075708125,368,857,0,68,9.701719123354419,5.741037615912318,-1.0376326666729194,17.518022072612577,43977.64558016195,5,3,10,11,5,34,29,25,89,1,1,35,0.8,0.3,uniform,27,1
831,23604.945046236186,20500.33509222431,6489,3.8333684035137344e-05,17427,5158,50285,0.8494173025005236,0.36931775070391937,0.9999510375106418,20423.298154652995,1.1729386397520327,0.27490002570604044,0.8684762896956244,12289,0.9997355394257887,5.74299956669542e-05,0.9997374581008142,3808.415823936235,368,857,0,68,4.651762386409085,7.5563887982923355,-1.029331487518727,14.266814159738875,23604.945046170058,2,3,10,5,9,34,16,22,89,1,2,35,0.8,0.3,uniform,28,1
841,31228.294895068615,27288.42620165248,8287,2.8556392264943362e-05,23041,6607,66742,0.8523939323648541,0.3698696205268924,0.9999631703979823,27151.57184175053,1.1682856622953406,0.2653683151079963,0.8738365733174149,12289,0.9996556138303796,4.302749598549302e-05,0.9997007941160558,3341.680238424551,368,857,0,68,6.219111384355439,6.652899144940507,-1.207355891486892,15.28672231226973,31228.294894917002,4,3,10,12,10,34,24,27,89,1,1,35,0.8,0.3,uniform,29,7
803,27268.893995575618,23988.816849583403,6752,3.389771928244621e-05,20004,5748,58498,0.8661300151295229,0.3690146314992524,0.9999581905273027,23917.524680553524,1.1539691161055916,0.24760813552231026,0.8797135979726788,12289,0.9995353000453204,4.8246840253556775e-05,0.999613669701056,2587.9586072940506,368,857,0,68,5.579060242890038,7.395470639058047,-1.2126941769165838,15.399919235781251,27268.893995523584,1,4,10,5,12,34,22,29,89,1,2,35,0.8,0.3,uniform,30,5
832,26714.333790042303,23056.898826532375,7346,3.360217433989129e-05,19813,5890,56720,0.8514621079044445,0.3700922816101751,0.9999563883350183,22929.14509063285,1.186584467948481,0.27498346235151866,0.8630909162004546,12289,0.9996196314719633,5.174892428872081e-05,0.9996887650391039,3212.5066270421303,368,857,0,68,5.209126324723192,6.70645571295402,-1.2125885286335134,14.340759094944238,26714.333789963894,1,2,10,6,12,34,24,30,89,2,2,35,0.8,0.3,uniform,31,2
841,23625.082566782872,20099.977479829307,6929,3.833611343408867e-05,17618,5467,49780,0.8445396514844346,0.3702188619289666,0.999949954836459,19981.450882661673,1.207680015651909,0.29328998027470393,0.850789724142175,12289,0.9995798937045545,6.0438543888905484e-05,0.9996306416933055,2706.898129416491,368,857,0,68,4.4990918898434,7.5077374196853075,-1.1192392794184098,14.245307868365527,23625.08256674591,0,2,10,7,10,34,18,24,89,1,2,35,0.8,0.3,uniform,32,2
830,35384.077133010855,31566.758074952228,7988,2.585604597964786e-05,25825,7041,76480,0.875550491852834,0.3690470593862127,0.9999682268203807,31472.585536186914,1.135931592905441,0.22575126009285568,0.8921176029627932,12289,0.9997143269859463,3.60921585370693e-05,0.9997169785189226,3532.800686284305,368,857,0,68,7.424350520592868,7.599970608553323,-1.1019331258791893,17.22818738090457,35384.07713285904,3,3,10,7,8,34,25,22,89,1,1,35,0.8,0.3,uniform,33,1
824,37932.85083676533,33913.60295991763,8493,2.4476219871620996e-05,27627,7554,82088,0.877064657527929,0.36871763271150465,0.9999704484511028,33838.673824933016,1.1311912964980537,0.2238956422375827,0.8940430843401795,12289,0.9995371627966675,3.34284549107796e-05,0.9995898987109747,2437.9219526805205,368,857,0,68,8.006323617939701,10.297259333585187,-1.2006790123012094,20.704940976127308,37932.85083659255,4,4,10,11,9,34,31,29,89,1,1,35,0.8,0.3,uniform,34,1
836,25830.679671490438,22754.991027186665,6208,3.608332181665199e-05,18928,5431,55456,0.8720348877057446,0.36886075658602446,0.9999559405295151,22696.09596069426,1.1511819810847297,0.240334365140683,0.8809288534634093,8193,0.9994731032625314,5.072046851869126e-05,0.9995376442996536,2162.3369271371735,368,857,0,70,5.189937381753177,11.238872098896765,-0.989651056386252,18.408111593422447,25830.679671422815,3,2,10,6,13,34,21,34,89,2,2,35,0.8,0.3,uniform,35,1
806,36277.185799687664,32632.303143989633,7942,2.519148076880868e-05,26374,7009,78763,0.8765438029122704,0.36883775547692355,0.9999692796404465,32551.202338594405,1.1241882879553837,0.21892547133764653,0.8995268630862372,12289,0.9995809635882621,3.453546841208294e-05,0.9996463872641067,2827.4524125504154,368,857,0,68,7.816448056868464,7.231542437622044,-1.1853350199453159,17.41866053438114,36277.185799559535,2,2,10,13,9,34,27,26,89,2,2,35,0.8,0.3,uniform,36,1
818,34318.23100079105,30254.69584601127,8141,2.7430017602725718e-05,25127,7225,73709,0.8749338129332321,0.3687431673699924,0.9999668724477795,30185.85343933821,1.1493944794253999,0.23722085208332408,0.8815925227997295,12289,0.9995314509670437,3.807662563915875e-05,0.9997750501213276,4444.9346972066505,368,857,0,72,6.709579360264518,16.95716949885842,-1.681186165568105,27.02912119025915,34318.23100065543,2,4,10,8,14,34,21,37,89,1,2,35,0.8,0.3,uniform,37,1
842,29518.015629362,24753.661644175834,9287,3.0424537999522016e-05,22176,7075,61721,0.8336969564110907,0.37091439149118083,0.9999592942269959,24566.03997853573,1.2334658091768909,0.31462142024079987,0.8385950449715531,16385,0.9996689321533713,5.020917923665432e-05,0.9997188955129653,3556.896055690754,368,857,0,68,5.485964807870505,7.56790650873781,-1.5254403297185197,16.104751976045357,29518.015629249792,1,2,10,7,7,34,21,27,89,2,2,35,0.8,0.3,uniform,38,1
836,27475.203771345186,23625.83166234526,7679,3.341568383413108e-05,20365,6215,58224,0.851507555385257,0.369567429623675,0.9999574897652522,23523.246829034048,1.1883575208670698,0.27948837300375867,0.8598965037335021,12289,0.999556747260251,5.0517357176935155e-05,0.9995665464079191,2306.5520180464946,368,857,0,70,5.401644703345484,15.73131288027562,-1.1713705529339158,23.475698689488937,27475.203771247892,1,5,10,8,11,34,21,31,89,1,2,35,0.8,0.3,uniform,39,3
792,37077.95268097597,34050.88765097074,6813,2.573380799789324e-05,26655,6690,81424,0.8968158148846035,0.36807610349205455,0.9999706150157323,34030.48639823824,1.0942687253482024,0.18374800946050152,0.9183594343503664,12289,0.9996739012026844,3.2155069279107116e-05,0.9996791144634746,3115.8760207021733,368,857,0,68,8.387191121824038,6.135696941810219,-0.9759282420184376,16.474744547671133,37077.952680816205,5,1,10,11,8,34,26,28,89,2,1,35,0.8,0.3,uniform,40,1
835,33918.53330059261,30430.232385820673,7774,2.6347099820874115e-05,24725,6550,73531,0.8678556088852297,0.3692304709683775,0.9999670243233725,30324.882287220575,1.1299656390436181,0.22919623119034385,0.8971564930636022,12289,0.9996308250907876,3.7261381513314804e-05,0.9996632964750024,2969.471848551672,368,857,0,68,7.015488632124097,6.158121585761116,-1.1087109607950405,15.391032139475293,33918.5333004374,3,3,10,11,11,34,22,24,89,2,2,35,0.8,0.3,uniform,41,1
808,43340.12894278791,40006.53459674689,7488,2.165008337344901e-05,31121,7563,95440,0.9016124199895973,0.36828174625274057,0.9999749775443952,39963.60327360203,1.0893484610238375,0.1727729054494669,0.9230829619717651,12289,0.9995603742488226,2.725817350429115e-05,0.9995618900287464,2282.0318975053005,368,857,0,68,9.661562042098874,7.321925187861444,-1.0661926466524052,19.11587252326513,43340.128942555166,4,2,10,14,8,34,29,25,89,2,2,35,0.8,0.3,uniform,42,3
831,51147.1388978123,46773.83728530844,9781,1.81945325660741e-05,36887,9299,112055,0.8912208374361372,0.3684385830077456,0.9999785890688759,46704.6149792258,1.101458674696411,0.19123259307899154,0.9144956745040743,16385,0.9995691770343715,2.3583255820332414e-05,0.9996476244749061,2837.3815168398605,368,857,0,68,11.004388178507059,7.914473424023548,-1.3053925429249058,21.529646688380417,51147.13889754981,2,2,10,11,11,34,22,29,89,1,2,35,0.8,0.3,uniform,43,1
823,48920.03310198293,45593.7104750152,7715,1.925223155410209e-05,34980,8158,108299,0.9085101529677592,0.3681880045059065,0.9999780491721284,45555.868343344584,1.0775443432419896,0.15770635281289863,0.9320048982789241,12289,0.9994163418957099,2.3652990402499324e-05,0.9995004611795222,2001.3463795133398,368,857,0,68,10.922256504760725,7.731888491243843,-0.9659653911563156,20.5860757783172,48920.03310169862,5,4,10,16,12,34,30,27,89,1,1,35,0.8,0.3,uniform,44,2
833,42511.48619071908,39113.42901913012,7892,2.1411714609312617e-05,30613,7453,93441,0.8905923876946263,0.3686346851685335,0.9999743838653944,39037.39605033908,1.095304572330119,0.18564394489983618,0.9200673164813794,12289,0.9996816255048707,2.8057469359007836e-05,0.9996925296813034,3251.8464260216315,368,857,0,68,9.185449058457221,6.356445514389457,-1.021390363034695,17.584675298916068,42511.48619051384,3,5,10,9,6,34,25,24,89,1,2,35,0.8,0.3,uniform,45,1
836,34759.477581388404,31552.32002875854,7049,2.6688043408380527e-05,25151,6515,75844,0.8857613617740029,0.36854256702211463,0.9999682518620855,31497.41029032065,1.1111016287879518,0.2027936117133795,0.9077328609119516,12289,0.9995647582012153,3.527540774768054e-05,0.999578197169967,2370.2759027888355,368,857,0,68,7.288132119074432,5.017988592009251,-1.027532374042029,14.361185459167741,34759.477581226805,2,2,10,9,6,34,28,21,89,2,2,35,0.8,0.3,uniform,46,2
841,44360.63576510354,40144.22757201135,9992,2.0634664696621962e-05,32099,8485,96628,0.8690167477830608,0.36809224723806544,0.9999750699072145,40111.665187392806,1.1122304588863872,0.2252447429497898,0.9049515833041994,16385,0.9998461626558565,2.7728008538995716e-05,0.999847330047307,6549.577342777382,368,857,0,70,9.270202842784977,9.63417544927427,-1.2792943664606167,21.462967024980482,44360.63576487772,4,3,10,9,9,34,28,24,89,1,1,35,0.8,0.3,uniform,47,4
820,39874.379780860676,36400.58604837141,7663,2.3425769589576555e-05,28774,7311,87275,0.8917486577280758,0.36842156854067654,0.9999724888744197,36348.43079957644,1.103477196112118,0.1921785377506528,0.9128815607520333,12289,0.9994893356923684,3.0357899717397184e-05,0.999595244244766,2470.125737654527,368,857,0,68,8.527720395495242,5.224230792215253,-1.1977380876008548,16.147427362912204,39874.379780694,1,1,10,7,8,34,29,19,89,2,1,35,0.8,0.3,uniform,48,2
824,40340.50779764812,37157.795664370125,7257,2.3201325291075235e-05,28993,7117,88730,0.8967499908037515,0.3682845511484792,0.9999730583180549,37116.70752916561,1.0919549279318905,0.17989362048692625,0.9211038158160333,12289,0.9996473235351547,2.9419102366677188e-05,0.9996600864914954,2941.4248289639745,368,857,0,68,8.719800532943305,6.315618706313999,-1.0715848547905422,17.17858894883839,40340.50779746345,4,3,10,7,8,34,23,23,89,2,1,35,0.8,0.3,uniform,49,1
831,41078.28465652093,37811.86131483644,7475,2.255765944676345e-05,29546,7241,90317,0.8947154407841943,0.36840534801327973,0.9999735169439439,37759.49257118379,1.0934238621178696,0.18196962367106506,0.9204829663897378,12289,0.9996433482946238,2.895720543371572e-05,0.9996440854488929,2809.163123722778,368,857,0,68,8.905296151997405,4.846601862957525,-0.981174282733734,15.714246580422397,41078.284656307886,3,0,10,10,7,34,20,22,89,2,2,35,0.8,0.3,uniform,50,1
832,40994.88017601404,38079.717818116784,7471,2.4007672230332572e-05,29158,7305,90597,0.8959979848179355,0.36643675380893853,0.9999738235126158,38201.72267657023,1.0713891089241743,0.18224226947176822,0.9288895992528621,12289,0.9998388914661592,2.804520349334686e-05,0.9998455853774119,6475.570602977128,368,857,0,70,8.66832629078456,10.298556924979838,-1.1862122130167279,21.339307641797852,40994.880175813356,3,2,10,11,10,34,21,19,89,2,2,35,0.8,0.3,uniform,51,1
846,66054.66699452046,57542.3303175683,18547,1.3256736734528515e-05,48894,13987,140926,0.8402581476588427,0.3704075345580046,0.9999825107630981,57177.52358000482,1.1760039984629915,0.2807825827286141,0.8711319417043114,28673,0.9998376150884304,2.0567412526837033e-05,0.9998949253227019,9516.540877912365,368,857,0,72,12.467299067927648,11.207101334951796,-3.1484614507872246,29.97132330445389,66054.66699416391,5,1,10,9,7,34,26,30,89,2,1,35,0.8,0.3,uniform,52,4
831,43602.07720728345,39828.621885037566,8598,2.111478306310417e-05,31475,7941,95464,0.8861327645081905,0.36855058193102513,0.9999748483506609,39758.32402237374,1.10351296746343,0.1971924401474102,0.9134569826958714,12289,0.9996060967709564,2.7755171198927004e-05,0.9996395448860348,2773.7704997861306,368,857,0,68,9.382093334665402,5.244272021247709,-1.111788062944826,16.849941481802766,43602.07720707049,4,3,10,14,7,34,32,18,89,2,1,35,0.8,0.3,uniform,53,4
831,35468.44023563352,30634.436560418315,9636,2.575478607792726e-05,26257,7882,75339,0.8551759188188691,0.3696696443754118,0.9999672085782229,30495.28047290912,1.1828512151318304,0.27167814361115183,0.8637097193138281,16385,0.9997673644572468,3.878737309535009e-05,0.9997673693024265,4298.158800925126,368,857,0,72,7.099564972143586,14.381470181057722,-1.4367624010081494,24.354559955217606,35468.44023544546,1,1,10,10,5,34,26,25,89,1,1,35,0.8,0.3,uniform,54,2
820,56063.12221896198,52189.944617742694,9058,1.654139830317611e-05,40132,9356,124029,0.9049152910264505,0.3683309421324943,0.9999808167072401,52128.19409272091,1.0797287368112185,0.1615678835121379,0.9309139868077259,16385,0.9997416678165785,2.0712752459409652e-05,0.9997489067637935,3982.084357321419,368,857,0,70,12.261022429961313,7.045527203162827,-1.412909818482263,22.132369270088667,56063.12221861866,2,2,10,7,7,34,28,27,89,2,2,35,0.8,0.3,uniform,55,3
795,33917.73657364988,27400.577152262653,12306,2.543271043983782e-05,26067,8633,69539,0.8086293425022194,0.37453520250782046,0.9999629054698187,26957.65245530098,1.3191413079736576,0.36281902164309876,0.8078539407476175,20481,0.9997949155428701,4.893292706196379e-05,0.9998078176360781,5202.891073533039,368,857,0,74,6.599813640972752,18.6285385575689,-1.9329502768925477,29.094252752326746,33917.736573514565,3,5,10,9,11,34,24,32,89,1,1,35,0.8,0.3,uniform,56,1
835,28023.58330910994,24395.999259059776,7439,3.208673988269662e-05,20701,6022,59774,0.8548588550335001,0.36982089697532006,0.9999588081394871,24276.140758820227,1.1731096674377064,0.2654549890335302,0.8705524554074101,12289,0.9996301870634252,4.8322569787784476e-05,0.9996762130661142,3087.9507267201984,368,857,0,68,5.5960463084801315,6.887195262413452,-1.1161892146381003,14.715620000169784,28023.583309018617,3,3,10,4,10,34,17,23,89,1,1,35,0.8,0.3,uniform,57,7
835,48507.824956958095,44812.17998251344,8854,1.8781573199182616e-05,34863,8363,106860,0.8907763253536112,0.368546067440279,0.9999776459904199,44734.20391863459,1.089992636589437,0.18252725220840804,0.9238134264374073,16385,0.9997178770182034,2.4365705841117123e-05,0.9997194602655382,3564.057424846807,368,857,0,70,10.59196958294962,9.920620015318795,-1.0266711252404552,22.565931848749322,48507.82495669356,5,4,10,15,12,34,33,28,89,1,1,35,0.8,0.3,uniform,58,1
833,68199.2692403,60516.79005518281,16767,1.2883469225954267e-05,50043,13555,146962,0.858834862315713,0.3698891535206945,0.9999833926740668,60213.88996246184,1.148059175634113,0.24585307418649174,0.8873524706247514,28673,0.9998503104092147,1.906619292059838e-05,0.9999465486239842,18708.092262753526,368,857,0,80,11.346160697904534,14.766110246947262,-5.028213669301445,36.16869828345469,68199.26923941291,0,3,10,8,10,34,18,24,89,1,2,35,0.8,0.3,uniform,59,2
827,35882.09046547733,32255.026135752963,8054,2.5483204906158335e-05,26094,6966,77876,0.8723671841018095,0.3688432040171202,0.9999689192676741,32173.774062549564,1.1251006979662463,0.22445737958742587,0.8989171399248876,12289,0.9995367078297404,3.496895363286421e-05,0.9997025360887409,3361.2523160792966,368,857,0,68,7.360902935299931,7.426347820991309,-1.3167489305618758,17.42074861741499,35882.090465338566,2,3,10,8,6,34,26,22,89,2,1,35,0.8,0.3,uniform,60,2
826,34941.29462966706,30011.27376685841,9622,2.5946452753933247e-05,25956,7848,73998,0.854301022142115,0.37009852527327347,0.9999664942331351,29845.108487003497,1.1933829420493052,0.27537617314930274,0.858905603954846,16385,0.9997416483635774,3.99852106370438e-05,0.9997689079242448,4326.779471964263,368,857,0,70,6.916762142730535,10.948311156371174,-1.543599753039497,20.952272805180705,34941.29462953023,4,4,10,13,9,34,27,26,89,1,1,35,0.8,0.3,uniform,61,2
847,43224.85727575877,36694.58138942155,12713,2.0864046366003222e-05,32292,10024,90971,0.8445057361199477,0.37053872853988035,0.9999725666046176,36451.422410607884,1.2129810670175571,0.29411317471555115,0.8489231359475302,20481,0.9997987059908182,3.327618920318884e-05,0.9998063546600243,5163.57984308023,368,857,0,82,8.218467261780152,11.313732379157383,-1.9881106072786854,23.508420855494904,43224.85727546417,3,1,10,9,10,34,22,21,89,2,2,35,0.8,0.3,uniform,62,2
829,64036.1829879732,60623.51673430218,8138,1.4837592622298767e-05,45471,9833,142996,0.9250543425597234,0.3680495938012234,0.9999834973096113,60595.68016370194,1.0589071835855102,0.1270844016659834,0.9467072193495362,12289,0.9995599527710906,1.7474817401538114e-05,0.9995846461557256,2407.085723366635,368,857,0,70,14.145784436128352,6.6811617154940155,-1.303234378698332,23.433414909019028,64036.1829874566,2,3,10,10,10,34,30,27,89,2,2,35,0.8,0.3,uniform,63,1
841,30631.439898582237,27094.157224809598,7457,2.978102063466333e-05,22439,6295,65902,0.8655504582803462,0.36917200792646115,0.9999629694782042,27004.2504434179,1.1477597912181334,0.2434426858381262,0.8845211754496608,12289,0.9996546698563019,4.250214396529457e-05,0.9996617328285793,2955.743097026,368,857,0,68,6.20725997495883,7.189010966775533,-1.0772679438239412,15.550806829382246,30631.439898481553,2,4,10,10,10,34,26,28,89,2,1,35,0.8,0.3,uniform,64,6
837,80954.59722029883,76343.15557350342,10922,1.1741146047626824e-05,57582,12707,180386,0.9208933972379146,0.3680727104984153,0.9999868944113279,76302.82562755697,1.0634252919275928,0.13491512990026192,0.9430366921072257,16385,0.9996403008272615,1.3936814459576628e-05,0.9997409600993608,3859.909118208112,368,857,0,74,17.594749984236735,6.979509448970498,-1.7492397934506276,28.072739020108486,80954.59721962162,3,3,10,12,8,34,37,19,89,2,1,35,0.8,0.3,uniform,65,1
842,34681.51834124031,31239.72536825396,7268,2.70502588767545e-05,25166,6730,75360,0.8854454051931524,0.3685048483919345,0.999967936128459,31187.249696300405,1.1204782513536997,0.20956406603910166,0.9007600261579763,12289,0.9995693056402684,3.5926870715823716e-05,0.9996016099978491,2509.603118482205,368,857,0,68,7.122334992124542,9.113679082480731,-1.1155553501835063,18.467124774972284,34681.518341116884,3,4,10,9,12,34,27,29,89,1,1,35,0.8,0.3,uniform,66,4
842,35930.80318708862,32415.770198764818,7192,2.5055445504075162e-05,26160,6726,78132,0.8883209915362731,0.3695576050307979,0.9999690238741759,32282.426715792677,1.1248583968928878,0.20016251689537445,0.9021721565749219,12289,0.9997959643909138,3.484375523650047e-05,0.9998395984965409,6233.855515943507,368,857,0,68,7.096702426914556,6.977546051824578,-1.437930159047667,16.950108796834467,35930.80318690096,2,2,10,8,6,34,33,24,89,1,2,35,0.8,0.3,uniform,67,2
841,56390.87654219398,51404.10781153997,11252,1.632081380923917e-05,40743,10358,123324,0.8854095386586774,0.3685697312891289,0.9999805111275619,51310.831794368285,1.106146509315584,0.1995358236997928,0.9115678096097211,16385,0.9996783662049267,2.1557548218222182e-05,0.9997052867155344,3392.6283232588607,368,857,0,70,11.867433901404068,6.60845247192071,-1.543000472401105,21.561887318126985,56390.876541850754,4,2,10,13,9,34,26,20,89,2,1,35,0.8,0.3,uniform,68,2
839,68689.82127764152,64896.38438760262,8943,1.4105221264993359e-05,48801,10707,153217,0.9247621266472927,0.367981394629143,0.9999845864176317,64877.344493454104,1.0608221624462562,0.1301939622735769,0.9447743956894868,12289,0.9996419958159718,1.6351069778998633e-05,0.9997661201513711,4275.199686414376,368,857,0,70,14.780837263597641,6.691034512579547,-1.5933751981376256,24.65862217245244,68689.82127697945,3,0,10,11,4,34,31,21,89,2,2,35,0.8,0.3,uniform,69,1
828,36170.518527018045,31245.01225054704,10354,2.452091731745191e-05,26844,7923,76826,0.8411036571181252,0.3703153038072121,0.9999677973358356,31052.83132716297,1.1870014832177649,0.2862552272305951,0.8638253893763831,16385,0.9996951854618897,3.822461012676502e-05,0.9997474498221874,3959.1091491425645,368,857,0,68,7.1931508672771,6.582936944761188,-1.5436893565991652,16.863466525236618,36170.51852684774,2,1,10,12,7,34,29,22,89,2,2,35,0.8,0.3,uniform,70,1
847,33663.69871252392,28647.929443374655,10015,2.6853254736537913e-05,25104,7789,70940,0.8409601460753915,0.3702101155857408,0.9999648861944186,28478.32715471488,1.207331687967267,0.29750147437821844,0.8510036192997639,16385,0.9996470757141127,4.2394010163702346e-05,0.9996724684336965,3052.6408082119797,368,857,0,70,6.546555950201492,15.02067817710621,-1.402369365594167,24.371972858496036,33663.69871239462,3,1,10,8,12,34,24,32,89,1,1,35,0.8,0.3,uniform,71,2
844,38135.69359820491,32964.1848098293,10794,2.3871721052428403e-05,28201,8490,81037,0.8456057328758312,0.3693639075550633,0.9999695445915575,32834.39045340314,1.1799159967466752,0.2830419216633334,0.8643919042652723,16385,0.9997695725592688,3.5934823608885104e-05,0.9998021615270516,5054.128565591395,368,857,0,68,7.361298958184885,11.337740699034713,-1.6755952593631869,22.05023017594597,38135.693598052865,2,2,10,9,10,34,18,27,89,2,1,35,0.8,0.3,uniform,72,1
852,34261.846305862135,28048.294611104942,11965,2.5565760000056618e-05,26104,8574,70732,0.8150915944170081,0.37284880361482914,0.9999639095131085,27707.632697097964,1.2842851241287745,0.34922227754996416,0.8186451588368119,20481,0.9997578912683296,4.63504754374995e-05,0.9997753355604623,4450.582680690257,368,857,0,74,6.229811917022565,18.830345720551016,-1.8128750092154056,28.685907656004392,34261.84630577376,2,5,10,9,11,34,27,33,89,1,2,35,0.8,0.3,uniform,73,2
820,29614.98844036636,23802.36354464057,10859,2.8969551188281096e-05,22843,7577,60560,0.8070856227207162,0.3754658877014213,0.9999571934774388,23360.425859333023,1.3362049355450547,0.36667243756876733,0.8037269233641516,20481,0.9997925000111391,5.719828672009436e-05,0.9998185173297967,5509.667974355936,368,857,0,70,5.322851711002069,10.61370239403596,-1.900316201266513,19.737186507571053,29614.988440301186,2,3,10,5,9,34,19,26,89,2,2,35,0.8,0.3,uniform,74,1
808,60407.71659826021,56163.86665783848,9730,1.5651056089029495e-05,43235,10206,133553,0.9074386647458408,0.3681823350793732,0.9999821804721152,56117.70955286543,1.080338743831477,0.1610721369375553,0.9297465592244558,16385,0.9996172268060896,1.9251126370687544e-05,0.9997792386405423,4529.278211163195,368,857,0,70,13.298250085678774,9.742908329278634,-1.6541550127945317,26.34946844054647,60407.71659783215,5,1,10,13,9,34,29,32,89,2,1,35,0.8,0.3,uniform,75,1
830,39111.66851623158,34656.23420202091,9567,2.321585700471197e-05,28636,7979,84225,0.8633267681870845,0.36918544261949277,0.9999710476400617,34538.99875112725,1.1456190700064,0.2446073093514187,0.8860842688835524,16385,0.999646651164853,3.316837566713404e-05,0.9998015762209698,5039.218533766622,368,857,0,70,7.7442984557266845,6.608274792984492,-1.6801999818729068,17.71297321245699,39111.668516038306,3,2,10,8,9,34,21,30,89,2,1,35,0.8,0.3,uniform,76,1
795,30154.8859339231,26291.395941565883,8042,2.9689225560258666e-05,22271,6436,64371,0.852697102300686,0.3699222779412472,0.9999617686911694,26156.072465473284,1.1716855634593837,0.26668978346069805,0.8718784743267446,12289,0.9996908559148812,4.479507262908737e-05,0.9997219113222037,3595.4752172544686,368,857,0,68,6.282659842880313,8.969860624316706,-1.3034749832393497,17.859470433675718,30154.88593382566,3,3,10,9,9,34,27,26,89,2,2,35,0.8,0.3,uniform,77,1
841,50424.02668904756,46218.14659419792,9421,1.8479097988829104e-05,36328,9076,110610,0.8936128075786859,0.36840219513246714,0.9999783336659044,46154.05459828948,1.09848839678026,0.18683553493450583,0.9165897614487185,16385,0.9996031038768872,2.380021660487039e-05,0.9996240392146207,2659.3518438834167,368,857,0,68,10.807781017021416,8.050686765553289,-1.1836640932680293,21.225795969110766,50424.02668876712,4,3,10,10,11,34,27,25,89,2,1,35,0.8,0.3,uniform,78,1
834,41618.63698865888,38270.32922652573,7511,2.2411121012682886e-05,29940,7381,91456,0.8970783924539506,0.36835302675151715,0.9999738372524967,38221.785324412274,1.094358278157053,0.1804720323264492,0.9195478755576363,12289,0.9995647261159757,2.86314193099133e-05,0.999573423294457,2343.7442398719554,368,857,0,68,8.88093017245843,9.747275772930074,-1.099558313993977,20.82732257337646,41618.63698850654,2,2,10,8,13,34,31,29,89,1,1,35,0.8,0.3,uniform,79,1
823,30247.885796044924,26828.610328921033,7046,3.068802925830609e-05,22106,6199,65177,0.8740678171489924,0.3688309763545048,0.9999626337457652,26761.615185545616,1.1420887494105734,0.2329419003863504,0.8869581996513958,12289,0.9995592620136778,4.267557856900864e-05,0.9995796722067722,2378.5955568148433,368,857,0,68,6.255041189186685,8.502731961209232,-1.0955993444638505,16.94897183932362,30247.885795971953,1,4,10,7,12,34,25,27,89,1,1,35,0.8,0.3,uniform,80,1
828,38995.15831404166,35345.108416864234,8896,2.5303794369412542e-05,27922,7889,85015,0.8745873573211073,0.3650562594017144,0.999971893360806,35578.28240204184,1.0907917262328344,0.22813088559244707,0.9063973566209862,12289,0.9998634328476551,3.0658489485143746e-05,0.9998719341907749,7807.985377042292,368,857,0,78,7.979812696224492,10.925553542414104,-1.439307669442359,21.783981577523313,38995.15831386076,3,2,10,5,12,34,22,29,89,2,1,35,0.8,0.3,uniform,81,2
830,56672.995539077136,51828.31553645055,10470,1.6663812169311157e-05,40850,10332,124167,0.8976982494388154,0.36831699505297594,0.9999806831131878,51767.67619161986,1.100698730808388,0.18474407255887385,0.9145151944670706,16385,0.9996217810528351,2.1262072797526695e-05,0.9997898948046898,4759.0205575219425,368,857,0,74,11.723622858578441,4.960680610351543,-1.9325206447274732,20.54934475838493,56672.995538719544,4,1,10,10,5,34,21,21,89,2,2,35,0.8,0.3,uniform,82,1
839,30641.893966176216,27321.734994133512,6984,3.025877264455123e-05,22343,6161,66214,0.8751413575079755,0.36876011194924513,0.9999633146684839,27258.351387187246,1.1348762325162853,0.22792324807693762,0.8916464179496335,12289,0.9994789780487662,4.163331081995139e-05,0.9995786693408452,2372.932750442422,368,857,0,68,6.280420096664496,7.710519620563896,-1.0239646389891461,16.038868995206684,30641.89396606703,2,3,10,10,8,34,24,27,89,1,1,35,0.8,0.3,uniform,83,3
838,32983.840859945885,29538.98940224388,7343,2.7835210112540234e-05,24019,6493,71442,0.8763871969562788,0.3688304332465745,0.9999660627066406,29465.609430500688,1.1297407016871392,0.2226241640923333,0.8955594203740753,12289,0.9996617962310794,3.8340341613523685e-05,0.9996626681701527,2963.9400617882548,368,857,0,68,6.777006679175982,6.128247937427648,-1.0950317121882813,15.095318040980194,32983.840859816264,0,0,10,8,8,34,29,28,89,2,2,35,0.8,0.3,uniform,84,2
835,61158.56200248051,57270.71430414559,8997,1.551188207394372e-05,43635,9963,135748,0.9149566622759295,0.36811927529853505,0.9999825277593517,57233.14393289783,1.071699627903024,0.14710941044747083,0.9364300341434248,12289,0.9995928827585779,1.8724993801391555e-05,0.9997426882028716,3885.835588347834,368,857,0,70,13.072726100551431,8.674052434961354,-1.576031265166623,24.89884106584603,61158.56200187288,2,2,10,13,10,34,29,21,89,2,2,35,0.8,0.3,uniform,85,1
823,26852.499294043308,24121.93959430718,5744,3.468502909562643e-05,19513,5251,58261,0.8829083394799547,0.3686210023018147,0.9999584642903937,24075.169088955736,1.1245172067868625,0.2139093250539324,0.8983126423415697,8193,0.9995281810001255,4.670762014831703e-05,0.9995282186818805,2119.1260704713177,368,857,0,68,5.660367999811289,7.0241770063355995,-0.8651482320137115,14.414841470174311,26852.499293959878,2,2,10,7,14,34,20,26,89,2,2,35,0.8,0.3,uniform,86,1
808,49277.93926942021,45299.93318934157,9262,1.866313958686334e-05,35475,8724,108266,0.8899579959165889,0.36848950663466884,0.9999778896164794,45227.11891608511,1.095514902256169,0.18795428821325738,0.9192740983276625,16385,0.9996317317306236,2.4222254641734574e-05,0.9996854617818142,3178.763866635643,368,857,0,68,10.90828603146759,14.075177516535721,-1.2892236886145765,27.561910925232464,49277.93926913195,4,4,10,11,12,34,28,32,89,1,1,35,0.8,0.3,uniform,87,2
845,42987.60198865605,38929.77552493816,7714,2.055929767805881e-05,31338,7750,93664,0.9007398101918209,0.37030202519877975,0.9999741627447603,38703.301571229495,1.1246293136885377,0.17944708807054738,0.9056047261071062,16385,0.9998354162953487,2.9057334628119593e-05,0.9998683257650958,7594.0001638503045,368,857,0,68,8.465999135659613,9.032118462421064,-1.708581216623496,20.91528003132767,42987.60198839614,2,4,10,9,12,34,20,28,89,1,2,35,0.8,0.3,uniform,88,6
844,52965.20151231378,48908.21618238889,9247,1.7719239455620315e-05,38023,9240,116658,0.8998752817967729,0.368255496458975,0.9999795330794827,48858.828843402574,1.0887858563781414,0.17458632717276043,0.9234028151675834,12289,0.9997611711693082,2.2284093583008285e-05,0.9997814572610296,4575.26399349078,368,857,0,70,11.229820569926918,6.138499173110109,-1.3211750490263603,20.010669841089747,52965.201511982836,3,0,10,10,5,34,27,22,89,2,2,35,0.8,0.3,uniform,89,4
840,51742.5337085148,47124.144175037036,10253,1.7775238341009128e-05,37402,9526,113103,0.8870868179659389,0.36859513450286696,0.999978739718281,47035.5653343761,1.1074122973993856,0.1981541927915439,0.9107428801323318,16385,0.9996760862383527,2.3543897422195646e-05,0.999695701765104,3285.7497300526106,368,857,0,72,10.944060934921703,9.197465439455891,-1.3755899479683784,22.892706270314353,51742.53370813835,5,2,10,13,11,34,26,26,89,2,1,35,0.8,0.3,uniform,90,1
789,53812.61240541218,48561.52330045562,11552,1.7068156048102893e-05,39056,10296,117040,0.8785988653445446,0.3687217466503404,0.9999793621652948,48454.1956717956,1.1195001307133225,0.21467086401548055,0.9024189893366256,16385,0.9996705073975353,2.3104058650311473e-05,0.9998081038203389,5210.651147965248,368,857,0,72,11.620491457708482,6.6844526088981535,-2.020221445997175,22.345386958600987,53812.612405118816,2,2,10,11,10,34,31,26,89,1,1,35,0.8,0.3,uniform,91,1
830,40149.51920095229,33634.97051035017,13370,2.1262177923972865e-05,30376,9317,83885,0.8155517742431126,0.3729738821165052,0.9999698956195375,33217.25716896533,1.24950123441814,0.33300523309088303,0.8377427969187835,24577,0.9998040194515525,3.7615460549641865e-05,0.9998216221072156,5605.575852442238,368,857,0,68,7.7223892005998005,11.846615689485544,-1.9521937393590483,23.47339236880344,40149.51920082923,3,3,10,7,6,34,21,19,89,2,1,35,0.8,0.3,uniform,92,1
826,33921.32786598606,30871.217345575988,6581,2.7656194073956694e-05,24505,6307,74122,0.8924158450881535,0.36839500835432176,0.9999675634935433,30828.960664880356,1.1070480332055554,0.19400773536931518,0.9100828088906122,12289,0.999555797333489,3.59087706771554e-05,0.9995600117181087,2272.287765086548,368,857,0,70,7.2923118937437055,8.855823024371196,-0.9210846839415948,17.990304285998093,33921.32786584029,4,3,10,12,9,34,27,28,89,2,1,35,0.8,0.3,uniform,93,2
844,42888.258474961745,38722.219307328574,9633,2.078873838816944e-05,31178,8084,93297,0.8679075122341958,0.369155652023499,0.9999740908143168,38595.85004241148,1.1215045756158615,0.22460692838865828,0.9028629439438463,16385,0.9996895121878877,2.9057270294525443e-05,0.9997127868909065,3481.235204499731,368,857,0,68,8.943460027451042,5.830569486977865,-1.21963439785112,17.213298310131147,42888.258474775124,3,4,10,11,8,34,32,20,89,2,1,35,0.8,0.3,uniform,94,6
834,37711.012641128546,33572.76851021826,8695,2.4260917287955396e-05,27541,7574,81418,0.8728624452401708,0.36900015980829126,0.9999701279739122,33475.63573264426,1.1383306742224861,0.23056925261447428,0.8902643063369501,12289,0.99962575727094,3.4004243597298246e-05,0.9996613987253398,2952.826125093858,368,857,0,70,7.842421144651704,8.012997862375071,-1.2009871625378126,18.2573933321024,37711.01264098028,4,1,10,14,8,34,27,27,89,2,1,35,0.8,0.3,uniform,95,1
834,58231.43638667591,52574.01892465009,12867,1.555020390830893e-05,42291,11066,126677,0.8720775490643483,0.3689264040259072,0.999980927750792,52431.70078875152,1.1201344528986243,0.22096312229976406,0.9028459915627238,20481,0.9997471751740139,2.1363483432359318e-05,0.9998006454268652,5015.687895582522,368,857,0,70,12.20044126854882,5.6680440342841525,-1.7639319655609638,21.3963492339549,58231.4363862378,4,2,10,15,9,34,34,21,89,2,2,35,0.8,0.3,uniform,96,1
824,63492.68429198258,59535.87643034245,9274,1.490879452719632e-05,45275,10271,141032,0.914834864912722,0.36811853150043666,0.9999831926011844,59497.10643796602,1.0701628625886705,0.14606407184411727,0.9376808855104624,12289,0.9996115304772699,1.798665402895169e-05,0.9996965765684797,3295.224352321941,368,857,0,70,13.873830444587394,10.385227579783095,-1.5370152572053006,27.33308853878109,63492.68429138591,3,4,10,11,11,34,30,26,89,2,2,35,0.8,0.3,uniform,97,2
816,32239.38342287456,28756.77004634896,7399,2.7816264011583306e-05,23566,6352,69673,0.8709443269983834,0.36942451963288847,0.9999650908284954,28645.267195197506,1.1384543640522884,0.22950190774275928,0.8919764273762565,12289,0.9997678943718309,3.9742498644985505e-05,0.9997687835259178,4324.4513232733625,368,857,0,68,6.742589712375058,9.916093986573143,-1.1592199500600315,18.977123599068264,32239.383422735165,3,2,10,9,8,34,20,23,89,1,2,35,0.8,0.3,uniform,98,5
841,50223.348583751795,46380.64044321578,8887,1.8530290667223157e-05,36067,8737,110623,0.8972040440512792,0.3683435675307705,0.999978413023108,46323.7261740869,1.0891910599269545,0.17694957127719502,0.9234876158421025,12289,0.9996355397276694,2.3512342241796153e-05,0.9996549272026793,2897.43921120392,368,857,0,72,10.738187634267085,4.737501213029092,-1.2055337886722963,17.88675642464077,50223.3485834601,3,2,10,11,7,34,33,20,89,2,1,35,0.8,0.3,uniform,99,3
825,28898.73374202007,25652.948203209657,6844,3.198077479725722e-05,21116,5904,62296,0.8700500224544871,0.36885285675849155,0.9999609183508674,25586.95657022809,1.1412049961743338,0.23682698560762588,0.8876841605661464,12289,0.9996226913183549,4.460017324906889e-05,0.9997152263601029,3511.0609492591734,368,857,0,68,5.846027851603158,4.810625858727009,-1.1597257827996803,12.976105275929529,28898.733741911707,2,1,10,9,4,34,23,22,89,2,2,35,0.8,0.3,uniform,100,1
823,54772.120328463796,50410.57759331776,9493,1.7253247169490698e-05,39372,9697,120422,0.9035100354748079,0.36826304124450315,0.999980142763924,50358.975817259474,1.0927238488447155,0.17331810313479334,0.9203692917310808,12289,0.9996235215604267,2.1698475432364547e-05,0.9996737149208363,3064.304537461381,368,857,0,72,11.819918258593962,7.925684108805593,-1.4904390507992296,22.726480468998016,54772.12032815298,3,3,10,9,10,34,26,23,89,2,2,35,0.8,0.3,uniform,101,2
832,51056.254615869344,45739.32791758075,12142,1.7482110861005603e-05,37245,9933,110595,0.8615869488309257,0.3692837320782517,0.9999780582373357,45574.689890501475,1.1321079675073449,0.23781611266538172,0.8958614034991125,20481,0.9997310838574193,2.4840444333577903e-05,0.9997480515608329,3968.5660438912028,368,857,0,68,10.7779232748561,9.372396693334194,-1.495214853888047,23.14074967596639,51056.25461557565,3,4,10,9,7,34,25,19,89,1,2,35,0.8,0.3,uniform,102,1
809,33593.775202351535,30353.99224921199,6958,2.7689292377092987e-05,24353,6419,73118,0.8850770074020415,0.3685637982423896,0.9999669960237763,30298.87947870008,1.1169619483957423,0.20712170508043842,0.9035600216520838,12289,0.9996790576092771,3.6864185587765904e-05,0.9997297594119049,3699.906371086707,368,857,0,68,7.079245610816869,5.1899092016294786,-1.2257668001013073,14.720688412648963,33593.775202164026,2,3,10,6,11,34,16,21,89,2,1,35,0.8,0.3,uniform,103,3
823,89147.69178543764,83452.37049846305,13765,1.0479276045178981e-05,63636,14524,197831,0.9079453270740346,0.368203086671691,0.9999880067949658,83380.04732962696,1.0725682720853333,0.1544066898908596,0.936113642732532,20481,0.9996988470297732,1.2863531200180705e-05,0.9998382692520793,6182.616140107326,368,857,0,74,19.401864677601388,12.578517366343805,-2.262215950452482,36.504813944850156,89147.69178444167,4,5,10,9,17,34,24,31,89,1,2,35,0.8,0.3,uniform,104,1
836,30979.427339391987,25451.22526646577,10676,2.6676348286129646e-05,23791,7291,64076,0.8112819177253584,0.3765127516894382,0.9999598598067415,24912.185233629345,1.3093170919296804,0.34461579560655403,0.8215524769918258,20481,0.9998186961579294,5.255624110667811e-05,0.9998420758696778,6331.654534465989,368,857,0,68,5.620920885684093,10.894240424181884,-1.7904253677374766,20.09601204534093,30979.42733930216,2,0,10,9,12,34,23,26,89,2,2,35,0.8,0.3,uniform,105,1
832,44874.285705992195,41806.94743887334,7211,2.087967162077119e-05,32096,7492,99321,0.9058656267623796,0.36821942701292,0.9999760591196684,41769.05843309594,1.07816408665564,0.16069336562246592,0.9316459700948675,12289,0.9995191431309186,2.5812197376621506e-05,0.9995265013105625,2111.4382241589524,368,857,0,68,9.868953625800673,6.856169703011655,-0.9181342842397996,18.561391897291927,44874.285705768365,1,1,10,11,10,34,24,27,89,1,1,35,0.8,0.3,uniform,106,2
821,35488.06809113124,31106.10653700705,8992,2.5867633058692102e-05,26089,7547,75979,0.8628279323882093,0.3692167599444996,0.9999677410413869,30998.640793898194,1.1600388543632973,0.2533809385427542,0.8765229613832015,12289,0.9996267849287472,3.742164539280825e-05,0.9996631362347421,2968.059084342149,368,857,0,70,7.2806635638334285,12.154470591678836,-1.3644200149734462,22.163974185459157,35488.06809100222,3,4,10,13,8,34,29,25,89,2,2,35,0.8,0.3,uniform,107,1
837,52758.38826168317,49219.79324478583,8198,1.7848186248321137e-05,37708,8751,116860,0.9098602219412675,0.36818284135108514,0.999979666754101,49180.039345879304,1.076351068903551,0.1553876126643156,0.9329282956987655,12289,0.9994877901786452,2.188571095774953e-05,0.9996224065075019,2647.850694553787,368,857,0,70,11.51138895575369,5.777555272875915,-1.095155431668459,19.47925509196652,52758.388261361695,5,2,10,16,9,34,38,20,89,2,1,35,0.8,0.3,uniform,108,1
836,66267.25563909812,59005.799988501116,15811,1.2727348099413991e-05,48806,12551,143048,0.8586853241226021,0.3713361830572814,0.9999829103068172,58514.3012476468,1.1526633377983182,0.23859445886984046,0.8904216633001368,28673,0.9998909097321058,1.9698662786541714e-05,0.9999055775514801,10590.201839791334,368,857,0,76,13.448683120629155,9.055092557972385,-2.4047273192425402,27.31323031708662,66267.25563866369,3,1,10,10,8,34,26,27,89,1,1,35,0.8,0.3,uniform,109,1
842,47824.108335631085,44578.024907538354,7432,1.9796363838279825e-05,34189,7976,105881,0.9107458092169114,0.3681534925797707,0.9999775510681619,44545.049301377156,1.07718853498484,0.1554027928308039,0.9321245384166577,12289,0.9995775748140029,2.418173199872294e-05,0.9995828646135702,2396.803173091012,368,857,0,68,10.342916049878392,11.37577359417004,-1.0167296354904114,23.752148915029256,47824.10833540266,0,3,10,10,17,34,27,27,89,2,2,35,0.8,0.3,uniform,110,3
839,31704.77947410015,27487.81206414259,8500,2.8043696370916086e-05,23495,6841,67476,0.8537952435412379,0.3703195059263041,0.9999633993289134,27321.403402345444,1.181877678697796,0.2680983795185741,0.8669926906950282,16385,0.9997306312274749,4.325751618284584e-05,0.9997438501683573,3903.4650665338977,368,857,0,68,6.2719540180578335,8.004326625078326,-1.2858003261594146,16.84788129545499,31704.779473991355,1,3,10,11,12,34,27,24,89,2,1,35,0.8,0.3,uniform,111,5
843,56109.32069601692,49437.94167331957,14736,1.5382611956587427e-05,41388,11300,120439,0.847575714604724,0.3705983745692464,0.9999796364670863,49106.892327468464,1.1618285796928567,0.26263016228328845,0.8811003423327679,24577,0.9998377086892862,2.3658934522965797e-05,0.9998822374137714,8491.16132359482,368,857,0,68,10.952642130368826,7.176615335187789,-2.3591777262463025,22.84761291804922,56109.32069563277,2,2,10,9,11,34,22,28,89,1,1,35,0.8,0.3,uniform,112,4
824,49697.514192278184,43141.72125186186,13255,1.8210254115161073e-05,36741,10814,105846,0.8558718360403063,0.36977764408942143,0.9999767089428153,42934.43386862916,1.1766697087629943,0.266713541218919,0.8680860995370481,20481,0.9997901405053009,2.740588147442772e-05,0.9998430228100219,6369.852266376521,368,857,0,72,9.785550605845737,10.507014492414449,-2.276952838786383,24.846470775832948,49697.51419188434,3,0,10,9,8,34,26,21,89,2,2,35,0.8,0.3,uniform,113,1
822,29887.310646662496,26337.271526880388,7472,3.0432862564816783e-05,21931,6217,64171,0.8619942374654419,0.36924614100123065,0.9999618978314436,26244.72534457407,1.1531412598372106,0.25000576627105775,0.881219184899176,12289,0.9995335829360368,4.3937182651776485e-05,0.9995891431084565,2433.437476802027,368,857,0,68,6.201860528043147,10.25092384472347,-1.0699912107779135,18.592766794322444,29887.310646554557,3,3,10,9,14,34,21,33,89,1,2,35,0.8,0.3,uniform,114,2
843,42610.34400904476,38443.72724752749,9040,2.155073296685819e-05,30930,8149,92665,0.8808122181121795,0.368737957183622,0.9999739302229413,38358.0942332134,1.11983203718812,0.21215505789113337,0.9022158384679354,16385,0.9996610495899972,2.919377155272706e-05,0.999669470978583,3024.9529136578303,368,857,0,70,8.91416609227268,11.039983008193452,-1.19504956818606,22.344248236838254,42610.34400883359,2,4,10,9,11,34,22,30,89,2,2,35,0.8,0.3,uniform,115,1
836,62960.27502837706,58302.157480875896,11188,1.4654984157520573e-05,45175,10798,138882,0.8942784916353197,0.36838971084960914,0.9999828249990224,58223.659711964356,1.0862522222896942,0.17769935082013882,0.9260149745946681,16385,0.9996469634863003,1.8656382980097636e-05,0.9997293291509326,3694.0241696306043,368,857,0,70,13.594303778033005,5.9613773089860915,-1.467962975069413,22.491607037157923,62960.27502796811,5,3,10,17,9,34,31,24,89,1,1,35,0.8,0.3,uniform,116,1
832,40200.321951465274,36806.4920157682,7580,2.19072083670104e-05,29086,7043,88117,0.8882231153656818,0.3693195450661815,0.9999727341109292,36675.36255276191,1.1051951439884151,0.18855570383619066,0.9155770458805151,16385,0.9997607629977866,3.0134128197797463e-05,0.9997744269866542,4432.654396116775,368,857,0,68,8.430658625173288,9.65416607454593,-1.2328803054224275,20.550585310564074,40200.32195127818,2,3,10,7,9,34,26,31,89,1,2,35,0.8,0.3,uniform,117,4
811,38319.41344943426,34052.609154484446,8879,2.4154291376992578e-05,27986,7792,82653,0.873807791550157,0.3688465058231267,0.9999705600167774,33966.91065942001,1.1396858420257425,0.2317102272903159,0.8886516282254626,12289,0.9995540488802059,3.355233206815833e-05,0.9996550275846185,2898.2824692457903,368,857,0,70,8.093876728148906,6.720737169906377,-1.3560402753743508,17.526694448803983,38319.41344928681,3,2,10,8,11,34,29,29,89,2,1,35,0.8,0.3,uniform,118,3
826,44258.96271168839,40316.96466445932,8832,2.0854738059220965e-05,31986,8161,96756,0.8860052027526584,0.3685682735231625,0.9999751518052717,40243.87231294838,1.1069855696098407,0.19955280148641052,0.9109333385667436,12289,0.9996451061590871,2.7506592994965324e-05,0.9996603566359809,2943.7647680549226,368,857,0,68,9.471428777793022,9.637054493296883,-1.24502708454713,21.598537440184167,44258.96271146483,2,3,10,11,9,34,29,23,89,1,2,35,0.8,0.3,uniform,119,1
832,44451.750137652525,40894.581564864326,8002,2.1050910339016493e-05,31968,7878,97707,0.8973776840678085,0.3683219193187667,0.999975518097187,40845.99823128012,1.0936108441336465,0.18001540940953786,0.9199768611635579,12289,0.9996136619263336,2.6773674401532665e-05,0.9996319926685292,2716.837137593112,368,857,0,70,9.451795643226836,7.027277592797049,-1.2337212167402447,18.946515669504375,44451.75013746305,2,2,10,10,9,34,24,24,89,1,2,35,0.8,0.3,uniform,120,1
834,32887.21080774034,29301.173126477457,7668,2.7489856925396186e-05,24032,6549,71031,0.8693352714946635,0.3692097108602923,0.9999657559977263,29201.694063348667,1.138614969657034,0.2331605451379677,0.8909595069576751,12289,0.9996252767547904,3.899073360973346e-05,0.9997049085051792,3388.27944737016,368,857,0,68,6.721953857225997,5.4025631500074605,-1.1646674395658172,14.453851886365092,32887.210807621865,4,2,10,7,6,34,19,22,89,2,1,35,0.8,0.3,uniform,121,1
829,28051.13855873593,24788.51826883277,6686,3.3255331723140845e-05,20526,5841,60324,0.8719823091550744,0.3688101803668842,0.9999595604722841,24727.780876282406,1.1467351318555588,0.23835039658016974,0.8836902722122455,12289,0.9995207025032281,4.637342714766443e-05,0.9995764608409162,2360.556737259688,368,857,0,68,5.69229069959455,5.518802543021625,-1.075173367635874,13.361439977887924,28051.138558670107,3,1,10,9,4,34,22,26,89,2,1,35,0.8,0.3,uniform,122,1
840,50955.42914769572,45153.862679236525,13115,1.7543003401418078e-05,37309,10382,109720,0.8524308402538736,0.3689847438923072,0.9999777905076941,45025.29285401467,1.1436843873848064,0.25738179855155,0.8861442918743124,20481,0.999900458809203,2.5400649602251565e-05,0.999900604482816,10060.31589500498,368,857,0,70,10.408318020193365,10.15766588961358,-1.7239270149150903,24.013837939637128,50955.42914745551,4,0,10,9,5,34,26,17,89,2,1,35,0.8,0.3,uniform,123,1
843,39622.3008154504,36478.12159598075,7152,2.3523833837324673e-05,28490,6992,87126,0.8962326292721393,0.36835097182447785,0.9999725524013582,36432.55969993721,1.0928889589639423,0.1805044092040999,0.9206462230925369,12289,0.9995388590704253,2.99971775058439e-05,0.999539123200759,2169.2772245037063,368,857,0,68,8.484800675510192,5.993051453596815,-0.9155079402130489,16.308868009533104,39622.300815273455,3,3,10,8,10,34,28,29,89,2,2,35,0.8,0.3,uniform,124,1
835,34811.06145954041,29203.5506260393,11221,2.5018803967603842e-05,26248,8162,72794,0.8247490418301315,0.3720816233080394,0.9999654019999437,28902.90477113737,1.2410465569715399,0.3223400703549861,0.8389158331176282,20481,0.9997725614293689,4.293772884791725e-05,0.9998729584875037,7870.9427985414495,368,857,0,70,5.919135333148359,8.848291074726397,-2.418843459555983,19.60511332698672,34811.06145954063,1,3,10,5,12,34,18,28,89,1,2,35,0.8,0.3,uniform,125,4
833,84046.26887830709,79685.38203173433,10779,1.1287739916063992e-05,59646,12809,187832,0.922838716984364,0.3680598712650099,0.9999874446302948,79646.69665481654,1.0573074831164195,0.1282507854763572,0.948113260650666,16385,0.9995676128433537,1.3274886342684772e-05,0.9998593793487376,7110.831012725368,368,857,0,72,17.86561437917714,6.911173023643565,-2.3135618218391185,29.40391104649894,84046.26887723271,2,3,10,13,9,34,26,24,89,1,2,35,0.8,0.3,uniform,126,4
783,42785.91945149918,39255.54369431538,8263,2.1520049424123567e-05,30827,7653,93902,0.8868662480847618,0.3685005778006944,0.9999744842312007,39190.950895026224,1.0979212432087226,0.1931242826128041,0.9174874397362028,12289,0.999522484554748,2.8014304601759526e-05,0.9995793733224076,2376.9050447226887,368,857,0,68,9.764121042431775,6.330871541611322,-1.164594015365753,18.424180614774603,42785.91945127732,4,3,10,9,9,34,28,23,89,2,1,35,0.8,0.3,uniform,127,1
835,91853.13455372266,87082.05550676309,11636,1.0348615833636886e-05,65185,14001,205273,0.9243826402825558,0.3680501822912246,0.9999885113491257,87041.92220692281,1.057319704720557,0.12668048898423154,0.9480575260698471,16385,0.9995864549340759,1.2147176950346032e-05,0.9998433997499293,6385.185830672553,368,857,0,74,19.700204330080524,5.989521154823094,-2.3005464609865385,30.290818406876696,91853.13455270499,3,1,10,9,7,34,27,22,89,2,1,35,0.8,0.3,uniform,128,1
810,53331.16979023148,48145.05261995229,11058,1.7466716083800687e-05,38674,10229,116021,0.885531114165191,0.36856209573376747,0.999979192297768,48058.6267990044,1.1180219883854328,0.20734591128405105,0.9027563582295711,16385,0.9996362881939691,2.3263468623067242e-05,0.9997428751708604,3888.661532302914,368,857,0,78,11.440359322380262,7.8070321467278765,-1.7278307491794886,22.703052967467116,53331.169789816995,3,5,10,9,11,34,25,29,89,1,1,35,0.8,0.3,uniform,129,1
855,33721.74867911,29792.503185272875,8207,2.690044280945573e-05,24728,6931,72503,0.8658286064400473,0.36930456079496643,0.999966312163977,29683.805018088835,1.1501685930797043,0.24337409302513674,0.8834803754921754,12289,0.9996435096409853,3.874669096241681e-05,0.9997484437407902,3974.753877073771,368,857,0,68,6.535655707137876,11.088809717852813,-1.3524726388258792,20.32941070264245,33721.74867899505,0,3,10,8,13,34,27,31,89,1,2,35,0.8,0.3,uniform,130,2
844,71770.46596075727,68079.15407344265,8944,1.3272289653290522e-05,50919,10906,160441,0.9259318774706266,0.36803998453051817,0.999985305000886,68049.86136610612,1.0566506511880505,0.12461950581302356,0.9485678149375126,12289,0.9995178314194701,1.55274803834603e-05,0.9996438018381185,2806.9260241627844,368,857,0,72,15.737119801299082,6.085549432919707,-1.270099620543034,24.362868475304857,71770.46596017374,5,1,10,14,8,34,29,30,89,1,1,35,0.8,0.3,uniform,131,1
818,39492.70408292008,36415.05743934062,6965,2.2789697114885492e-05,28438,6791,86907,0.8960135380239227,0.3688241075834119,0.9999724733275688,36327.90120561102,1.0938381979860934,0.17636168912050376,0.9220705009938662,12289,0.9997252392203713,3.010972576885191e-05,0.999741633474513,3869.970420080104,368,857,0,68,8.657503684783375,5.8654979269519005,-0.9984141838598115,16.519829979454897,39492.704082750635,2,4,10,13,12,34,28,31,89,1,2,35,0.8,0.3,uniform,132,4
827,43729.27548859185,40228.08273701316,7956,2.1549019242828485e-05,31423,7801,96118,0.8966415540520304,0.36810024787738704,0.9999751255691637,40201.42488136609,1.0923288544489433,0.18193761298596342,0.9199348099766235,12289,0.9998542153006096,2.7171058540508058e-05,0.9998543250587562,6864.098603527422,368,857,0,68,9.071746734836983,8.491465300702048,-1.5036524159355096,20.57051686741005,43729.275488444255,1,3,10,8,10,34,23,31,89,1,1,35,0.8,0.3,uniform,133,3
826,36688.32162442488,33166.986955577166,7351,2.553481044893269e-05,26586,6998,79876,0.8909740793076002,0.36852345938354575,0.9999697991053683,33111.10189522795,1.1160285129383942,0.2003634855595614,0.9040202845773293,12289,0.9996649588248101,3.370505952530091e-05,0.9997540997466422,4066.189567437763,368,857,0,70,7.583910105242234,8.55573237215411,-1.2994607481106901,18.738563973617723,36688.321624347576,3,2,10,10,10,34,27,28,89,2,2,35,0.8,0.3,uniform,134,1
842,55518.25136327106,50972.0193557986,10166,1.69038211110752e-05,39960,9941,121896,0.8961912549003954,0.36834009149988955,0.9999803575118713,50909.54731255058,1.0961168089409026,0.18311095451261764,0.9181128386460656,16385,0.9995306049736341,2.1530461407295826e-05,0.9996414122290969,2788.2174924120877,368,857,0,68,11.736536054709475,10.231772663095342,-1.4506970481104973,24.86970281402581,55518.251362872084,3,2,10,13,9,34,33,29,89,2,2,35,0.8,0.3,uniform,135,2
841,31134.521392189832,28097.48754283721,6554,3.0096223983388055e-05,22571,6005,67721,0.8834919284111826,0.36845240256867895,0.9999643545321348,28053.557353849556,1.1178399088469242,0.2105058856515484,0.902454455262175,12289,0.9997349640031022,3.984592654952885e-05,0.9997364502378108,3793.849825643269,368,857,0,70,6.460610853696697,12.221562281782875,-0.9435559458426178,20.56928502716481,31134.52139206282,2,1,10,13,14,34,30,32,89,1,2,35,0.8,0.3,uniform,136,1
784,39843.154811985325,36481.47007342432,7389,2.350082637039717e-05,28711,7210,87351,0.895774617611329,0.36836439606570737,0.9999725538472379,36434.4790153213,1.099515301240072,0.18545218205906966,0.9156270442332101,12289,0.9994624367113807,3.01774649225804e-05,0.9995360915740685,2155.097799401278,368,857,0,68,9.047210693508111,8.290095405664903,-1.1168594115520312,19.571024922277076,39843.15481183576,2,4,10,8,10,34,28,27,89,1,2,35,0.8,0.3,uniform,137,1
841,29895.652568943424,25364.59889199883,9057,2.964437483946948e-05,22383,6876,62894,0.8362023778759349,0.3711192098865771,0.9999602562230431,25160.671796837625,1.2178747861085837,0.30295374817837917,0.8484377062352002,16385,0.9997492881526,4.8402943860709136e-05,0.9997521340689747,4033.93906446907,368,857,0,70,5.750935985652571,10.588313596933466,-1.3586127822049257,19.056475146995886,29895.652568840775,0,1,10,8,5,34,26,23,89,2,2,35,0.8,0.3,uniform,138,1
800,50880.15027446786,46904.73277543171,8895,1.8366610608718766e-05,36562,8920,111962,0.9004487066382012,0.3683269220050223,0.9999786551254487,46849.154588444355,1.0911742914140454,0.17482259686767465,0.9218670252035193,12289,0.999594007186266,2.3290978363999318e-05,0.9996290470048056,2695.259305047858,368,857,0,72,11.412228558332565,7.1830491278712225,-1.3078090102213433,21.210895706646472,50880.15027421563,2,0,10,11,6,34,31,27,89,2,2,35,0.8,0.3,uniform,139,4
812,30396.166101402792,26429.29670067027,8091,3.0107512573929026e-05,22427,6631,64797,0.8563722056140518,0.36940320323129255,0.9999620147944975,26325.538957847,1.1720497807882826,0.2661848857190775,0.86949441625306,12289,0.9995898809082181,4.452055178237827e-05,0.9996625144668349,2962.5899467849836,368,857,0,70,6.199334484415446,11.513708598351974,-1.2874059346309672,20.287854952029356,30396.166101328436,1,3,10,7,13,34,21,32,89,1,1,35,0.8,0.3,uniform,140,2
837,52154.963012216496,48617.51311533056,8023,1.8170595772200163e-05,37284,8692,115473,0.9121429952518045,0.3681545118561812,0.9999794161933488,48581.378799792656,1.0771373553004535,0.15383003911096124,0.9321742420552126,12289,0.9994947577823652,2.2171587058430166e-05,0.9996036676368537,2522.6348229272676,368,857,0,68,11.209349658419269,11.882621249002046,-1.2530070947260061,25.597985096873327,52154.96301191298,2,3,10,7,14,34,32,34,89,2,2,35,0.8,0.3,uniform,141,3
823,30780.378360351657,25322.193081055866,10639,2.7585771975175205e-05,23519,7410,63706,0.8126946329006718,0.3746060949369822,0.9999598517580548,24907.190882966246,1.2906548465197676,0.3456422749404583,0.8226732233309223,20481,0.9997981484459942,5.181752304595271e-05,0.9998252633080713,5722.3964702128505,368,857,0,68,5.681704536947253,8.508539358469601,-1.7983388069725,17.786921509361854,30780.37836022978,3,3,10,9,8,34,28,24,89,1,2,35,0.8,0.3,uniform,142,4
839,43883.75423587436,40825.42671933607,7252,2.1167524515000985e-05,31414,7364,97051,0.9023651509395073,0.3682737378303295,0.999975479849396,40782.28376434459,1.0801789448453512,0.16525477654032597,0.9303084348686342,12289,0.999585510052032,2.648615040707721e-05,0.9996150427158932,2597.190780078377,368,857,0,68,9.505709633968054,7.230558169059328,-0.9552568107617373,18.646781424550856,43883.75423564148,4,3,10,12,12,34,31,26,89,1,1,35,0.8,0.3,uniform,143,2
849,28924.252337097394,22687.159615221364,11397,2.9358763028570624e-05,22603,7707,58419,0.7946395846977609,0.37796320563955577,0.999954784533687,22115.826146185387,1.4034775813720042,0.3940291996893743,0.7843646000184932,20481,0.9998129394533047,6.345889330177382e-05,0.9998286590482677,5835.816347276721,368,857,0,70,4.91146436216033,21.015171536320683,-1.9022582142862177,29.731152327053447,28924.252337015594,2,4,10,7,17,34,24,37,89,2,2,35,0.8,0.3,uniform,144,1
831,29790.953210390704,27047.497994980018,6209,3.05630178927048e-05,21574,5540,65007,0.879558703963065,0.3687471613020259,0.9999629449006217,26986.338968509743,1.1121388152331269,0.20841897726972966,0.9079097873761957,12289,0.9995692368650657,4.1210414321059164e-05,0.9995968837029316,2480.17367587924,368,857,0,68,6.238231156339936,9.285480861872388,-0.9316733467404309,17.387058711693186,29790.953210298925,0,4,10,6,10,34,27,27,89,1,2,35,0.8,0.3,uniform,145,4
842,54172.05728817372,47639.82239228916,13795,1.6513462171218833e-05,39845,11238,116177,0.8580307445289346,0.36964897864613017,0.9999789150108487,47426.605263665864,1.1583884682202197,0.25465158036395236,0.879416894559945,20481,0.9997800930607645,2.4424608285555547e-05,0.9998251115815485,5717.431503442477,368,857,0,78,10.80225976594642,15.044151859453446,-2.065212273926183,29.97683617325223,54172.05728786366,2,3,10,12,10,34,31,24,89,2,2,35,0.8,0.3,uniform,146,2
839,40183.33292614501,36505.574024225294,8042,2.3149879605854152e-05,29063,7510,87719,0.8876916888110057,0.36851372369417273,0.9999725615095357,36444.65361511622,1.1099319029487382,0.20013272703836688,0.9084755137489651,12289,0.9995474786756179,3.0454855935408698e-05,0.9995724902862376,2338.6281006592494,368,857,0,68,8.503579457021049,7.249586010711768,-1.075284172529068,17.903733812790954,40183.33292596274,4,3,10,10,10,34,26,27,89,2,1,35,0.8,0.3,uniform,147,1
833,42938.40559977073,39272.23853914549,10163,2.2430433229545446e-05,30555,8587,93934,0.8648218399992108,0.3625785594759625,0.999974947990773,39916.4579927674,1.051309127669149,0.23668787552871468,0.91461799735189,16385,0.9999185463176827,2.6337405966987385e-05,0.9999208357670956,12631.467275990184,368,857,0,74,9.134276139315226,15.696367970899738,-1.1750649410096625,27.180773992234286,42938.40559955316,1,3,10,6,11,34,23,32,89,2,2,35,0.8,0.3,uniform,148,1
834,55903.99076619551,51629.73536621577,9718,1.6913981719477418e-05,40114,9778,123143,0.9010034106440258,0.3681629577724549,0.999980616203792,51588.98171125192,1.0880773213396768,0.17383374365245427,0.9235429288428487,16385,0.9997976287667804,2.1091069055943145e-05,0.9998182766321774,5502.369604661164,368,857,0,72,12.078259572900546,8.556157634212832,-1.3279732246557086,23.290363656424798,55903.99076580958,3,2,10,12,11,34,26,31,89,2,1,35,0.8,0.3,uniform,149,3
782,27186.6934612271,23470.501237214525,7587,3.330952436793605e-05,20139,6034,57732,0.8487602555779721,0.369759047823681,0.9999571880222288,23357.44915130723,1.1841814816935081,0.27907034780895174,0.8633084148569776,12289,0.9996065524378146,5.06971512715971e-05,0.9996980574438663,3311.388212136055,368,857,0,70,5.581368448736552,8.050333759293505,-1.3717500835222487,16.375202375074554,27186.69346113191,1,2,10,7,10,34,23,20,89,1,2,35,0.8,0.3,uniform,150,8
837,62155.389759793696,54130.04068604924,16882,1.4541771733507809e-05,45874,13426,132604,0.8502137164938323,0.36962384846178525,0.999981443188861,53888.06913390025,1.171330738276552,0.27160959114313876,0.8708824913694645,24577,0.9997734304752186,2.1736163291973178e-05,0.9998615247559502,7221.007391188695,368,857,0,76,12.082908264349474,9.1801684302448,-2.7690367199615924,26.80115013451746,62155.38975934181,2,2,10,10,5,34,27,23,89,1,1,35,0.8,0.3,uniform,151,1
825,39926.435562203886,35135.03446503377,10047,2.270408196135282e-05,29333,8324,85660,0.8611095326605656,0.36942631387413916,0.9999714262820287,34996.69570751835,1.156097694825108,0.25163778981339696,0.8799942687168933,16385,0.9997272708107319,3.303400947945167e-05,0.9997570839933894,4116.149244464647,368,857,0,70,8.003269061854398,10.26072474398641,-1.675866831970122,21.615727469781053,39926.43556202615,1,1,10,9,12,34,21,30,89,2,1,35,0.8,0.3,uniform,152,2
841,53195.21233183745,49436.574625391295,8986,1.7126691764816564e-05,38135,8899,117570,0.8985070535590025,0.3685107131441393,0.9999797392361087,49355.980601222145,1.0827421589358535,0.16892497663030964,0.9293425565631852,16385,0.9997400369256744,2.193718323753559e-05,0.9997451279141789,3923.0367473233487,368,857,0,68,11.338272013272729,7.55970568219863,-1.3121946529447255,21.52236700136081,53195.212331444396,1,4,10,7,7,34,29,20,89,1,2,35,0.8,0.3,uniform,153,3
842,61045.00389492011,49014.414241639104,23324,1.3280521908441291e-05,47565,14863,124778,0.7906263198388435,0.3796361485718336,0.999978975412452,47562.85874261109,1.3784360329531895,0.3820787699538654,0.8029226163374503,40961,0.9999165381712035,2.8981049054603593e-05,0.99993254967578,14825.225616379454,368,857,0,70,10.514992164302512,19.272562701837607,-3.9850087607752807,37.75757238769068,61045.0038945775,5,2,10,12,8,34,24,30,89,2,1,35,0.8,0.3,uniform,154,1
832,30171.075726841606,26533.213861440672,7571,3.076227004715544e-05,22123,6390,64715,0.8638538825075784,0.36893256634291705,0.9999622043814604,26457.593253170926,1.1541824810058237,0.2509356997591068,0.8794255167320891,12289,0.9998156858705829,4.362304077751347e-05,0.9998231567858507,5654.226432132851,368,857,0,68,5.983697086957435,9.737561101048403,-1.2689653473575842,18.259188882721006,30171.07572675048,1,5,10,5,10,34,16,22,89,1,1,35,0.8,0.3,uniform,155,1
844,62883.38010452837,59088.63904482513,8765,1.5129240805007188e-05,44796,10060,139842,0.9195412817079149,0.3680894883349858,0.9999830668831818,59055.37321664688,1.067569964685036,0.13938500101982929,0.9396543084453253,12289,0.9995826576512242,1.807728692371406e-05,0.9996260410305328,2673.59012750437,368,857,0,70,13.553126018368568,7.14711378500598,-1.348148887818211,23.396537579010968,62883.380104108204,1,3,10,11,11,34,31,24,89,1,2,35,0.8,0.3,uniform,156,3
789,41347.69435918989,35095.44005816444,12316,2.1868244125892852e-05,30870,9630,87013,0.8419522550206064,0.37030228867878734,0.9999713312847774,34880.72827159973,1.2116521950269719,0.2978642507369377,0.8487883206567276,20481,0.9997291655310502,3.4736511728348986e-05,0.9997794179926132,4532.961308977642,368,857,0,76,8.469063771504864,13.987698453803084,-2.0119740888346316,26.48071040297721,41347.694359039306,4,4,10,6,9,34,27,29,89,1,2,35,0.8,0.3,uniform,157,1
828,63723.929928632286,54392.36552044496,19198,1.3830450404703322e-05,47584,14392,134486,0.8344460037353226,0.3708791269304132,0.999981476913113,53986.18192145491,1.2074672754965539,0.30126829938926913,0.8535626346548585,28673,0.9998421869903593,2.2366021257477768e-05,0.9998694768838864,7660.978122463606,368,857,0,80,11.967537305852126,17.12867403381901,-3.424716299983661,35.94564393963846,63723.929928160156,3,3,10,10,5,34,30,22,89,1,2,35,0.8,0.3,uniform,158,2
818,31563.092615501573,27481.2782467205,8828,2.8048050793245837e-05,23341,6742,67324,0.8421781570429374,0.3701005072705729,0.9999634066201992,27326.847332568974,1.1747346498318472,0.2796937583886918,0.8706776164647322,16385,0.999632693704585,4.298751120650644e-05,0.9996812049809721,3136.311844108606,368,857,0,68,6.39064314118448,14.534401261549911,-1.3264944175961033,23.5780332379266,31563.09261541259,0,2,10,7,11,34,23,33,89,2,2,35,0.8,0.3,uniform,159,1
846,44662.997659257635,40454.77203861888,8765,2.049906358640205e-05,32409,8323,97335,0.8909301574493578,0.3690655315348011,0.9999752082434931,40335.48828178968,1.1168847685160663,0.1962474634342689,0.9057782540091891,16385,0.9998268396281238,2.7689535227422175e-05,0.9998307988403141,5909.624962917004,368,857,0,72,9.27487908236721,8.336976541584745,-1.283749205811369,20.17935403557469,44662.99765899539,3,3,10,10,9,34,25,31,89,2,1,35,0.8,0.3,uniform,160,4
826,57622.377732034176,50107.95615732718,16109,1.4591748097948287e-05,42948,11815,122807,0.837996347772128,0.37240961649174203,0.9999798221748084,49558.854909208654,1.1917342223080305,0.27956152859420236,0.8695919559298317,28673,0.9998832016175175,2.4046604812569706e-05,0.9999256785225074,13454.560815208366,368,857,0,68,10.634037256856368,7.67729999913919,-3.318112314961418,24.947561885918393,57622.377731607456,3,2,10,10,9,34,29,22,89,2,2,35,0.8,0.3,uniform,161,2
835,31609.664100692942,27896.752257226268,7753,2.8939262663072924e-05,23172,6557,67925,0.8655311968204957,0.3691224720907985,0.999964038034812,27806.656663036592,1.1504481796039976,0.2452730903847232,0.8825387124760595,12289,0.9996756160936484,4.137237738562761e-05,0.999675620202111,3082.3060123898076,368,857,0,70,6.497266438388295,6.832506002877071,-1.0739105916918577,15.477593624649082,31609.66410058464,2,2,10,7,10,34,20,28,89,2,1,35,0.8,0.3,uniform,162,2
806,81399.34301018692,76682.24902037786,11109,1.1669328289228123e-05,57925,12847,181272,0.9202221998800642,0.36808580100393323,0.9999869520416527,76639.84275447554,1.0646631707549088,0.13647530298383045,0.9420499746635703,16385,0.9996087213309419,1.3891680706100354e-05,0.9997717575204464,4380.805345150059,368,857,0,76,18.230340143361204,12.609787157383828,-1.9680079979469765,34.776143296638985,81399.34300947197,5,3,10,11,10,34,31,26,89,1,2,35,0.8,0.3,uniform,163,1
823,39888.10121068763,35494.40542598049,9521,2.2859860474185444e-05,29143,8031,86095,0.8661016370327157,0.3690573296898663,0.9999717407273935,35386.11500093281,1.13930761230175,0.2386927357035722,0.8898494625878584,16385,0.999774433039714,3.219600439878956e-05,0.9998265427807462,5764.610277880611,368,857,0,72,7.960395580599963,7.838378784161005,-1.732946147348222,19.26466665945741,39888.101210506786,2,3,10,10,9,34,23,19,89,2,2,35,0.8,0.3,uniform,164,2
835,34441.620864435325,30837.311421389917,7487,2.7217702450337027e-05,25057,6839,74594,0.8823740412941377,0.36858678299240216,0.9999675110053589,30779.153570616396,1.128540314002905,0.21738233602504847,0.8953501794461931,12289,0.9994818322965218,3.6665140214180844e-05,0.9995331196831312,2141.376506033939,368,857,0,70,7.139403597864106,6.464605203821735,-1.110086429510763,15.824181660707367,34441.62086429008,2,1,10,7,6,34,24,28,89,2,2,35,0.8,0.3,uniform,165,1
780,55734.25632967602,51956.53419555281,8718,1.6916195818365038e-05,39847,9282,123400,0.9095348881312686,0.3681818023492171,0.9999807377682023,51914.56417692785,1.0772302160038785,0.15642085449982135,0.9322190268086211,12289,0.9996222251515503,2.0749858120219472e-05,0.9996228993960398,2651.312215747103,368,857,0,70,12.970833954565922,5.799040379040996,-1.3200010016588213,21.40987633692456,55734.256329276504,4,2,10,14,6,34,31,23,89,2,1,35,0.8,0.3,uniform,166,3
833,30997.654831585176,25669.073559418463,10363,2.8530541636663858e-05,23462,7600,64381,0.822594195494536,0.3719010938547207,0.9999606527435887,25414.232590699576,1.2594533576734839,0.33431561375541813,0.8280972769998995,16385,0.9997062774358598,4.955603420283768e-05,0.9997319029895191,3729.4930805483955,368,857,0,68,5.889716401467699,16.377524120546614,-1.5526977237420359,25.372635969498383,30997.65483149855,2,2,10,7,12,34,20,32,89,2,2,35,0.8,0.3,uniform,167,2
828,57743.29371647471,53121.95085838811,10754,1.578901258088291e-05,41576,10141,126914,0.8903158690185249,0.36859759398167635,0.9999811404991769,53023.172755072985,1.0952303698947345,0.18623807732207318,0.9199674531768511,16385,0.9997457924663592,2.0655498062402805e-05,0.9997505322061687,4008.0334441586647,368,857,0,68,12.567254157818564,7.612811392031183,-1.3804013291486916,22.94086820814713,57743.293716044434,4,1,10,10,8,34,32,25,89,2,1,35,0.8,0.3,uniform,168,1
838,33171.638118992974,27775.779457391836,9790,2.6950147242652903e-05,25025,7802,69367,0.8469506580853282,0.3732707333657855,0.999963417024652,27334.619420303607,1.2658362246849868,0.2951316412195686,0.8373351764466631,20481,0.9998948832837544,4.63080554024179e-05,0.9998960425467627,9618.819904042452,368,857,0,72,6.249387476575102,16.543664367319174,-1.6674712630138935,26.127994369922064,33171.63811887789,4,2,10,14,13,34,27,32,89,2,2,35,0.8,0.3,uniform,169,1
841,27554.861312769728,24056.414321197666,7140,3.300238493097761e-05,20309,5904,58867,0.8594508266572028,0.3695087128948645,0.9999582583578339,23956.39167848233,1.1672388123684412,0.25911943155711387,0.8730370314021222,12289,0.9996449058718896,4.8722464828325453e-05,0.999708330956097,3428.0434598343736,368,857,0,68,5.380979610209544,6.147407983925551,-1.1719006068427757,13.872188807820647,27554.861312705005,1,2,10,6,8,34,22,25,89,2,2,35,0.8,0.3,uniform,170,1
813,45063.82726212665,41417.40012474827,8528,2.0475692814647702e-05,32439,8001,98996,0.8892101444826505,0.3684540461955636,0.9999758189348464,41354.171252105676,1.0955641256108553,0.18924269237928787,0.9190830571010337,12289,0.9996494703054449,2.6491907501304207e-05,0.9996655070909612,2989.09996954313,368,857,0,68,9.879392329428653,7.247407042888157,-1.2064200351219818,19.539639442560773,45063.827261898325,5,3,10,9,11,34,22,23,89,1,2,35,0.8,0.3,uniform,171,6
817,52901.202481899876,49250.4434457514,8451,1.7791489276454773e-05,37845,8869,117042,0.9074252384923108,0.36819935578074253,0.9999796784309238,49208.29860298203,1.0788670785184957,0.15975062198050236,0.9309891105519278,12289,0.9995739045410945,2.1924271860418172e-05,0.9995882824099659,2428.349313405078,368,857,0,70,11.720057352220147,8.3444639541641,-1.230053414384876,22.524628135154,52901.202481581524,3,2,10,11,8,34,32,26,89,1,2,35,0.8,0.3,uniform,172,1
840,26770.51954200961,22090.45983829164,8949,3.107524280526045e-05,20496,6263,55500,0.8178205674854422,0.3759115539306973,0.9999538227691105,21655.194387890693,1.2973331846652194,0.33428563035382225,0.8251786000501862,16385,0.9997881114559837,5.990725400958144e-05,0.9998251409360169,5718.391401298097,368,857,0,70,4.74784380366347,7.88934526334907,-1.6260894205994592,15.889367908211458,26770.5195419043,1,2,10,6,5,34,19,21,89,2,2,35,0.8,0.3,uniform,173,1
852,38531.72629479087,34522.327645623096,8544,2.3945925199507886e-05,28047,7590,83479,0.8771881999832561,0.36876914033815483,0.9999709659272797,34441.79163316908,1.1288198473388917,0.221739351479694,0.8959455224379654,12289,0.9995983329513903,3.2774237535905315e-05,0.9996552042523705,2899.767758423538,368,857,0,72,7.833721526051338,5.410785266393638,-1.2112846463991156,15.667076085243208,38531.72629463893,2,2,10,8,9,34,29,24,89,2,1,35,0.8,0.3,uniform,174,2
835,31825.383753338272,27998.34838485961,8007,2.8523066460224268e-05,23378,6648,68270,0.8614496009560428,0.3693619842801711,0.9999641483938669,27892.253149785545,1.1560638524137035,0.25159162453650286,0.8797489639672537,12289,0.9996115632419297,4.144674590171959e-05,0.9996347654180627,2737.4663326989357,368,857,0,68,6.542912246935297,9.184711762436114,-1.079934161025164,17.88749233142174,31825.383753234924,4,3,10,9,12,34,24,35,89,2,1,35,0.8,0.3,uniform,175,1
831,31828.18860129498,27745.36651351726,8265,2.8537720577032824e-05,23478,6843,67941,0.8596668426173976,0.3695989921466516,0.9999638011125153,27624.658378482516,1.1698011315416315,0.2596754752063938,0.8717230773349256,12289,0.9997022147974156,4.234549954006575e-05,0.9997069913551503,3412.368563510667,368,857,0,68,6.436655414003617,8.926754661373801,-1.2235584490979339,17.810526973573285,31828.188601186943,2,1,10,10,11,34,29,25,89,2,2,35,0.8,0.3,uniform,176,1
804,27774.30120027,23753.916096372966,8253,3.123680766296991e-05,20762,6157,58675,0.8352997620279363,0.3714238390025851,0.9999575340128678,23547.75749691435,1.208232930967128,0.29714518973819476,0.855248019566449,16385,0.9997123987385124,5.130880409943368e-05,0.9997443643438295,3911.317347915683,368,857,0,68,5.525721533363132,10.081217014821448,-1.3833086159469044,18.373555780078387,27774.30120022635,1,3,10,8,8,34,28,26,89,1,2,35,0.8,0.3,uniform,177,1
832,25219.005723291528,21649.928026608864,7235,3.531151783947508e-05,18763,5630,53390,0.8439082768879388,0.3704217721566529,0.9999535158818962,21512.223928343174,1.1962807439701444,0.2868868059028183,0.8584766689121939,12289,0.9996029855989574,5.5608055388194546e-05,0.9996354950799908,2742.9471636235917,368,857,0,68,4.973035462676278,9.554007453323598,-1.0892255284847088,16.705493972969293,25219.005723229704,1,2,10,8,8,34,24,25,89,1,2,35,0.8,0.3,uniform,178,3
820,44091.20492029734,40127.12488432844,8948,2.0894074397755958e-05,31878,8162,96340,0.8835862253268785,0.3685881596746505,0.9999750330221633,40052.40534112965,1.1082225290110306,0.20294296824446267,0.9100936333417361,12289,0.9995664449233485,2.76689673200877e-05,0.9996128062362851,2582.1861928507533,368,857,0,68,9.616621791959023,5.045892695393131,-1.1373306275784913,16.937175742509137,44091.20492010381,4,2,10,11,6,34,26,18,89,2,1,35,0.8,0.3,uniform,179,1
809,45071.974625569455,40253.55564597307,10557,1.9934040924650715e-05,32918,8876,97471,0.8666215349424279,0.36929453932448797,0.9999750678766172,40108.39825118494,1.136094239981468,0.23422537147975284,0.8930950103778484,16385,0.9997447446937886,2.8325241765877057e-05,0.9997505508256423,4008.332650534967,368,857,0,68,9.719273330016124,13.011877029711899,-1.4233656379365882,25.577881635601198,45071.97462536872,3,3,10,9,11,34,25,29,89,1,2,35,0.8,0.3,uniform,180,1
845,30062.4979374112,23419.53314373167,12101,2.8685348178852128e-05,23496,8238,60497,0.7924003244418248,0.37691696427019084,0.9999563387523592,22903.10568870624,1.4033394634996272,0.4025280941455281,0.7790281829703609,20481,0.9997865796341003,6.127155184007707e-05,0.9998164784309955,5448.450783374573,368,857,0,74,5.020783631472367,16.562685185156056,-2.094600495710715,25.77266980804985,30062.49793734852,0,3,10,6,13,34,25,33,89,2,2,35,0.8,0.3,uniform,181,1
833,41406.61567564098,37717.06365732928,8460,2.1631464873969472e-05,29981,7523,90511,0.879758278270966,0.36900145254393485,0.999973410948171,37608.96446583103,1.1096385212683693,0.20431517674063177,0.9108946249745734,16385,0.9997188800065763,2.950423615351877e-05,0.9997607546618881,4179.309743091994,368,857,0,68,8.702942946292117,5.69083635739576,-1.238621441570095,16.871022186828068,41406.61567544611,1,1,10,12,8,34,26,27,89,2,2,35,0.8,0.3,uniform,182,2
822,32794.63049171489,29602.369060110137,6951,2.8136976462415164e-05,23793,6276,71338,0.8810374851158632,0.3686546766830334,0.9999661500787655,29541.66622775235,1.1187724383636228,0.211955429769397,0.9026590211952157,12289,0.9995597372550814,3.7870358917993343e-05,0.9995629057227562,2287.335911239284,368,857,0,68,6.970690607180569,5.521208777421632,-1.0085382228946351,14.50897583039147,32794.63049160909,1,1,10,8,8,34,25,24,89,2,1,35,0.8,0.3,uniform,183,2
836,47437.90641018085,42697.3660710193,10260,1.9516951422979308e-05,34456,9200,103031,0.8793348909290392,0.36867447531985253,0.9999765304922275,42607.97775955227,1.1224551384152697,0.21628273202626114,0.9000685169751893,16385,0.9996324297513344,2.6343469595501816e-05,0.9996887621312126,3212.4766079635397,368,857,0,70,9.883390105218377,9.068156661754236,-1.4653913325657737,21.88232943210416,47437.90640993775,1,3,10,9,9,34,23,28,89,1,1,35,0.8,0.3,uniform,184,2
840,41871.53627111475,37802.44554679215,8879,2.2220094362398314e-05,30356,8049,91094,0.8815745088514819,0.36849013414758475,0.9999735030051309,37739.628828985195,1.1175658067918715,0.21205336108303277,0.9028196458334947,12289,0.9997617995022355,2.961213544852047e-05,0.9997649979682152,4254.782338634744,368,857,0,68,8.759443149939198,7.179645141530716,-1.2099702479012902,18.359028787272496,41871.53627093005,6,1,10,11,7,34,30,30,89,2,1,35,0.8,0.3,uniform,185,1
843,51102.38281498365,47066.59468232903,9509,1.7973059381111386e-05,36759,8968,112391,0.8902772922411958,0.36847983874759,0.9999787202541335,46992.542409194066,1.0931679578451026,0.18607742880458955,0.9210254412741142,16385,0.9996332800276154,2.3262336332530716e-05,0.9996569775440662,2914.7610066614816,368,857,0,68,10.992855798369321,7.0778414955334,-1.1310784399836202,20.33285417386996,51102.38281465765,3,2,10,13,8,34,29,23,89,1,1,35,0.8,0.3,uniform,186,1
820,28611.09217968908,25141.758772166762,7228,3.181026342466247e-05,21021,6009,61338,0.8614325686212457,0.3693042458060015,0.999960080002134,25049.601536168026,1.1572424043639644,0.2526292933735376,0.8787416647454939,12289,0.999578726283632,4.619711431297259e-05,0.9996128405022652,2582.414776357804,368,857,0,68,5.882529612744148,5.853060264054797,-1.0957855530109022,13.927160982820748,28611.092179595704,2,1,10,7,11,34,25,27,89,2,2,35,0.8,0.3,uniform,187,5
843,31448.517716545983,27792.934455137285,7432,2.9578720882129124e-05,23016,6532,67633,0.8734504431680942,0.3688528682141545,0.99996392778862,27721.67065808664,1.1469405940691573,0.23632274395208802,0.8837597595423269,12289,0.9996875147859564,4.137268354972026e-05,0.9996875150948755,3199.654552947598,368,857,0,68,6.262465840467504,7.663975739389998,-1.1986297031659219,16.323700986189348,31448.51771641489,2,1,10,7,11,34,23,31,89,1,2,35,0.8,0.3,uniform,188,1
847,48139.574127578715,43550.844188746065,10076,1.9178520426364494e-05,34893,9135,104845,0.8819759520024428,0.3686367720385812,0.9999769926048694,43463.785908023645,1.1158821626833828,0.20930804193025782,0.9046786345331665,16385,0.9996183653584285,2.567354183612536e-05,0.9996416200543853,2789.834675618634,368,857,0,70,10.096318194102201,8.634701943031871,-1.2707595219107555,21.272539180955583,48139.574127314874,4,1,10,10,9,34,28,29,89,2,2,35,0.8,0.3,uniform,189,2
827,44984.79896088818,40815.34552930842,9052,2.0738127383746614e-05,32550,8462,98132,0.8877569125006032,0.36849391497034406,0.999975459629437,40748.680921419436,1.1114117292017598,0.2012235290385585,0.9073141699442766,12289,0.9995159841621143,2.7274455682546553e-05,0.9995455114798419,2199.7755590724214,368,857,0,68,9.674857628002483,12.379756906200003,-1.20417476877314,24.462964071748765,44984.7989606672,3,1,10,12,11,34,30,35,89,2,2,35,0.8,0.3,uniform,190,3
848,35708.00704681119,30809.931360017294,9917,2.4770515181426252e-05,26554,7780,75800,0.847570572076103,0.37095975346283877,0.9999672945890188,30575.480240249028,1.193062814169578,0.27772482477107646,0.8628297658737215,16385,0.9998220682773674,3.9019609664254147e-05,0.9998248107605407,5707.613126861163,368,857,0,68,7.033244679590065,11.946776700573768,-1.3884550955706076,21.75693157130505,35708.00704668125,3,3,10,9,9,34,26,28,89,2,1,35,0.8,0.3,uniform,191,2
831,48085.701006745396,44419.92621267752,8684,1.911717644030954e-05,34544,8324,105929,0.8931002528807829,0.36844416201220853,0.9999774541612851,44353.582924337,1.0894634416267637,0.18059422693623248,0.9237658031947242,12289,0.9996460902609065,2.4562867040804557e-05,0.9996962113539443,3291.2622343421403,368,857,0,68,10.366551702064479,9.815773039819325,-1.2064208626848791,22.595166467253563,48085.701006533585,2,3,10,11,10,34,24,22,89,1,2,35,0.8,0.3,uniform,192,2
821,42659.76160137609,39403.00954487455,7606,2.1591015938840644e-05,30648,7385,93970,0.8952144184686043,0.3684423669433567,0.9999745838456445,39344.55535180719,1.0895840432586115,0.17829447972711246,0.9236575186018741,12289,0.9996851511056564,2.769303622675619e-05,0.9998034233719442,5086.57472841307,368,857,0,68,8.78671027941092,9.756194773811831,-1.6054362738548211,21.753777600932395,42659.761601155864,2,3,10,5,12,34,21,31,89,1,1,35,0.8,0.3,uniform,193,8
827,43712.48363819756,39020.84586725029,9953,2.074898120190796e-05,31916,8644,94510,0.8729165799631882,0.3691953792914593,0.9999742873338465,38890.838376813466,1.1360326544337447,0.22769239291868343,0.8926705284060421,16385,0.9997634646200366,2.9210428383092762e-05,0.9997669991288891,4291.329428394883,368,857,0,68,9.196753112166265,7.3634891931984985,-1.374585131600592,19.309412568565946,43712.48363797595,4,1,10,13,7,34,27,27,89,2,1,35,0.8,0.3,uniform,194,2
838,43322.154643142625,40137.44345235317,7064,2.1907521982947628e-05,31049,7444,95595,0.9083195073496431,0.36817897167635605,0.9999750657725017,40105.01359641656,1.0844012018213922,0.16305744850846532,0.9264877008767716,12289,0.9996221110323559,2.7038706265634837e-05,0.9996657249140602,2991.048077462855,368,857,0,68,9.088186512808283,6.7350980138344205,-1.2512298697555104,18.325744266153723,43322.154642942296,2,3,10,9,9,34,26,30,89,2,1,35,0.8,0.3,uniform,195,1
840,35499.01737005179,31438.551574745234,8615,2.5457173336605005e-05,26012,7224,76423,0.8647479828183976,0.36934414128932247,0.9999680732008642,31321.149115604123,1.1472454268053331,0.24268277372848956,0.8856175157475736,12289,0.9996783457946221,3.6627874301363167e-05,0.9997046883743946,3385.753388032362,368,857,0,68,7.228838243850067,8.66912361616129,-1.223308748982887,18.344579357977132,35499.01736989841,4,4,10,9,11,34,26,27,89,1,2,35,0.8,0.3,uniform,196,3
810,34818.44777179488,30705.75078114713,8587,2.6238738250563568e-05,25535,7236,74790,0.8647206511446539,0.3691713007655688,0.9999673247659404,30603.718414699364,1.1516672765422014,0.24662213710043693,0.8818816675113446,12289,0.9996117928915166,3.763099781975424e-05,0.9996453301589301,2819.0236067970873,368,857,0,68,7.35463458535239,7.996821643544103,-1.2425130125833224,17.836482254063135,34818.44777163963,2,1,10,10,11,34,28,24,89,2,2,35,0.8,0.3,uniform,197,6
842,46889.11417750989,42228.25344333471,10164,1.971368777744942e-05,34052,9071,101871,0.8784801341212476,0.3686929524416677,0.9999762687148681,42137.96803472513,1.1218267087253964,0.2167667310054475,0.9005982344530891,16385,0.9996073806107479,2.6622389493676908e-05,0.9996396068446788,2774.2474512471167,368,857,0,68,9.821149420746577,10.718514255577043,-1.3164073909562568,23.172478458236135,46889.11417726894,3,2,10,15,9,34,34,30,89,2,2,35,0.8,0.3,uniform,198,1
824,31011.95313795923,25444.992625906703,10945,2.6626304130832286e-05,23834,7327,64095,0.8056621570847948,0.3765328964026778,0.9999598493348518,24905.687635377268,1.3111879967240434,0.3529284321858177,0.8204898450836862,20481,0.9998143298602781,5.264507020317442e-05,0.9998373059264393,6146.005376059392,368,857,0,68,5.648541237196002,9.551646396521344,-1.8786318545056464,18.95745134272864,31011.953137810793,1,2,10,7,7,34,24,26,89,1,2,35,0.8,0.3,uniform,199,8
843,31538.852988980867,27659.08123620319,8090,2.873830836707873e-05,23206,6652,67540,0.8589377039498022,0.3694933168694506,0.9999636964633558,27545.025651981916,1.1611154511368034,0.2565090113716725,0.8769843737141233,12289,0.9996784211456813,4.2152597328465125e-05,0.9996918272147096,3244.4328422764493,368,857,0,68,6.321607107342258,6.246671166865334,-1.1609202921509476,14.890118858509489,31538.852988863862,1,2,10,11,3,34,27,22,89,2,2,35,0.8,0.3,uniform,200,2
835,26478.239349804462,22907.640879256458,7266,3.427417665670831e-05,19596,5842,56291,0.8516051917298205,0.36972978278632174,0.9999561406620036,22799.66173342105,1.180990987848253,0.27441401612882005,0.8651497018598265,12289,0.9995711148705937,5.179748290703336e-05,0.999627968659845,2687.445558692451,368,857,0,68,5.20346621460415,6.290284949662899,-1.1386270428070737,13.771005249881197,26478.23934969186,2,3,10,8,5,34,20,23,89,1,2,35,0.8,0.3,uniform,201,1
838,53393.64405130504,49361.775999455196,9296,1.7463470590409802e-05,38323,9244,117676,0.8990783717065411,0.36831102870338767,0.9999797181648119,49304.70294103553,1.0877504746627102,0.17410311967221478,0.9244878651103924,12289,0.9995491131250364,2.2061575852967356e-05,0.9995934377439635,2459.1478678851,368,857,0,70,11.570813891934925,5.183891629033353,-1.1722992467224764,19.09930401441323,53393.64405097451,2,0,10,10,11,34,27,25,89,2,1,35,0.8,0.3,uniform,202,4
819,34704.09020997301,31084.951488145656,7854,2.646195521282261e-05,25269,6838,75175,0.8731877832271416,0.36882744536227935,0.9999677506642318,31007.890594517765,1.129497252848453,0.2263133812896491,0.8957143466395407,12289,0.9996198897687375,3.6425536156621194e-05,0.9996275419315696,2684.3659572645743,368,857,0,70,7.269632657998191,8.285949029070961,-1.2051146459909023,17.965810979050957,34704.09020983533,1,5,10,6,8,34,24,26,89,1,2,35,0.8,0.3,uniform,203,1
817,32823.38727440215,25257.13614901383,12862,2.464225399962365e-05,26102,8575,65798,0.7966508271674081,0.3851380718330466,0.9999582414069634,23946.66696941878,1.5655523180443556,0.39185474346307453,0.7694859746760815,28673,0.9998895176737025,6.537526212651081e-05,0.9999061272950635,10652.223812971592,368,857,0,70,5.184282554077349,20.33489787270005,-2.850818369888012,31.220817166553424,32823.3872743985,1,1,10,4,9,34,20,30,89,1,2,35,0.8,0.3,uniform,204,1
807,56070.67937299412,50497.28405664054,11950,1.6601565483908803e-05,40705,10865,121822,0.8820108681042733,0.3686005704472101,0.9999801592906536,50400.92378533598,1.12126528310398,0.21312386676298412,0.9006005388435163,16385,0.9996396580242705,2.22466985821531e-05,0.9997038941578648,3376.6707625938325,368,857,0,74,12.177206675109563,13.918963758197672,-1.7188724755000777,29.53391538430739,56070.6793727099,4,3,10,12,7,34,29,26,89,2,1,35,0.8,0.3,uniform,205,6
842,44750.06830687523,37309.97507432591,14792,1.9926728621788777e-05,33722,10864,93279,0.823223950732686,0.3711965684796699,0.9999729733718313,37000.046042897884,1.244148215453731,0.3305469814830967,0.8337411871300706,24577,0.9997461736244937,3.362513120583898e-05,0.9998132551694076,5354.400555592948,368,857,0,80,8.287750275418196,19.732709852007563,-2.3417196311701813,32.70389938976612,44750.06830673706,4,1,10,11,12,34,26,25,89,2,2,35,0.8,0.3,uniform,206,3
810,46072.60672008764,42292.15316127045,8894,1.987257993583943e-05,33194,8202,101142,0.8862563301694307,0.3685396367782027,0.9999763138926978,42218.34107823796,1.0975670275174971,0.19304312547443117,0.9179457419940401,12289,0.9996048600006566,2.59970903852936e-05,0.9996432865281455,2802.8704031292286,368,857,0,68,10.073896258507698,7.440485747282929,-1.3020560179954621,20.11849404178155,46072.6067198378,2,3,10,9,9,34,25,26,89,1,1,35,0.8,0.3,uniform,207,4
842,48544.77951317301,42641.30042157377,12395,1.841129115495014e-05,35738,10099,104042,0.8579901774053829,0.3697789579140814,0.9999764360089815,42437.13287664396,1.1607724385394227,0.25533126577774484,0.8783910618031072,20481,0.9997805257329911,2.7352431316677237e-05,0.9997894113963615,4748.09502853445,368,857,0,70,9.911822370876248,15.183712943958303,-1.6190041167477722,28.333543548330095,48544.77951289713,3,1,10,11,11,34,26,30,89,2,2,35,0.8,0.3,uniform,208,2
792,29276.695811285477,25063.07045691269,8750,2.9863984299151258e-05,21848,6518,61883,0.8341949281900958,0.370990144209891,0.9999597910930235,24869.61150163404,1.2040334030275275,0.29887252497350064,0.8560757886909993,16385,0.9996660814212298,4.841286709926015e-05,0.9997218980064649,3595.303039175142,368,857,0,68,6.03029811834156,10.447563097042089,-1.3628068844867312,19.20347498435711,29276.695811200032,2,4,10,5,12,34,20,28,89,1,2,35,0.8,0.3,uniform,209,1
822,59380.80134600553,56323.04117331925,8575,1.6644633760156356e-05,41956,9385,132754,0.9134554195244028,0.3670722187276389,0.9999822775851904,56425.21910875496,1.0514358836765587,0.14440694307970683,0.9485059126287462,12289,0.9998619581703152,1.8633982876580488e-05,0.9998655630090574,7437.9288987887085,368,857,0,74,13.36633080249309,8.403103343126181,-1.0815527365903508,23.93253961879997,59380.80134563294,5,3,10,10,9,34,22,28,89,1,1,35,0.8,0.3,uniform,210,2
840,30479.835504992006,25465.46717806358,9461,2.917276477548364e-05,22980,7299,63607,0.8376831306126455,0.3717255840605512,0.9999603586296145,25225.671298945508,1.2447394117675876,0.31040193764990864,0.8354857155936039,16385,0.9997492247374763,4.934317605518789e-05,0.9997719448568991,4384.404379126885,368,857,0,72,5.7036934258940075,13.36371607511692,-1.5534102657407634,22.174230032492456,30479.835504866038,3,3,10,8,10,34,21,29,89,2,1,35,0.8,0.3,uniform,211,1
814,37592.59065043762,34315.82669920412,7779,2.541783694493786e-05,27019,7092,82284,0.8825568453969064,0.36734494780699634,0.9999708883703361,34350.03315374292,1.0973134348593037,0.20692907473003444,0.9128348460550868,12289,0.99979804081154,3.1944582340842666e-05,0.9998563594672999,6961.323236678586,368,857,0,70,7.8026044631451414,10.464139864523478,-1.4339042961267765,21.13455291992217,37592.5906502367,3,2,10,9,15,34,23,28,89,2,1,35,0.8,0.3,uniform,212,2
842,44437.65948317446,36582.6031583195,15294,1.9363254940977594e-05,33863,10816,92004,0.8149917418669126,0.3735759511510806,0.9999722815954188,36076.61248344361,1.2809941905127866,0.34416754117733867,0.8232342473430866,24577,0.9998345435258177,3.550711523899417e-05,0.9998559247145155,6940.315663886575,368,857,0,74,8.196822477561927,11.223171523124323,-2.358441057587622,24.136876115861497,44437.6594829796,2,3,10,9,8,34,29,20,89,1,1,35,0.8,0.3,uniform,213,4
838,33656.30818772234,30286.265107632655,7332,2.6887902851914252e-05,24483,6455,73086,0.8764550099751989,0.3690152541195001,0.9999668861857484,30198.37688894392,1.1247722599620382,0.21784920553688888,0.8998689023973503,12289,0.9996370640723808,3.724549969196927e-05,0.9996595760950089,2937.0140102663545,368,857,0,68,6.908827429828155,4.838171215100036,-1.1237043571950542,13.994407359318298,33656.30818762725,2,1,10,9,5,34,23,20,89,2,2,35,0.8,0.3,uniform,214,1
845,56026.86932002085,52045.6633591178,9331,1.6569158140695448e-05,40134,9464,123805,0.902190084453034,0.3683005887351565,0.9999807647637632,51987.42401911195,1.08203885330689,0.16654509011920868,0.9289411311175941,16385,0.9996893289248627,2.0813272960875517e-05,0.9997265904927989,3657.017267803581,368,857,0,70,11.881814185578852,5.9236345911995585,-1.378983286530738,20.56341534983989,56026.86931966302,3,2,10,9,7,34,27,26,89,2,1,35,0.8,0.3,uniform,215,1
831,54969.15655802803,50366.47492610029,10562,1.6956837750586775e-05,39597,9941,120557,0.8894732749887969,0.36834169610540396,0.9999801208162162,50303.37619755699,1.0985653647787614,0.19214411610718923,0.9162679233204364,16385,0.999776089419029,2.183858278493105e-05,0.9997893766955345,4747.312683123217,368,857,0,72,11.791942745386578,6.86349482808239,-1.4376978220622165,21.530833217593404,54969.15655774974,3,3,10,13,9,34,33,17,89,2,2,35,0.8,0.3,uniform,216,1
793,30687.736195521706,27100.571628566213,7437,2.914381477097612e-05,22541,6251,65962,0.8655798517087812,0.36971875204403826,0.9999629304766292,26975.838214087067,1.1532872879467524,0.24234436690332634,0.8831075533203074,12289,0.9996907123237021,4.27518100740675e-05,0.999711583559516,3466.7087048459803,368,857,0,68,6.578659544494225,7.3835802242554,-1.1609964947045652,16.28423275815876,30687.736195423204,3,4,10,7,10,34,21,30,89,2,2,35,0.8,0.3,uniform,217,3
850,32923.41307102782,29632.0410524111,6998,2.8101874629880274e-05,23915,6372,71505,0.8824315257062701,0.36869085930022033,0.9999661819720723,29569.527029465717,1.1225614466377816,0.21255390456945517,0.9000294407048252,12289,0.9995754881935466,3.7962814353184956e-05,0.9996013424701508,2507.918659824466,368,857,0,68,6.802752110895792,10.226102446920606,-0.9439333175504369,18.916721192917272,32923.41307089647,3,3,10,8,13,34,27,32,89,1,2,35,0.8,0.3,uniform,218,1
842,46849.78837659248,41681.96976237814,10938,1.9636361159636214e-05,34211,9468,101115,0.8712294052238895,0.368907460235305,0.9999759445336742,41570.09299574442,1.1386037473294033,0.23346957113396363,0.889693874971774,16385,0.9996423687109081,2.7389644102549435e-05,0.999688376136249,3208.4968331345567,368,857,0,72,9.642616122293727,13.589156921604053,-1.48559964406254,26.202972332022863,46849.78837635989,5,3,10,14,8,34,23,31,89,2,1,35,0.8,0.3,uniform,219,1
832,46150.67844326614,42349.15734701023,8390,2.025194806403664e-05,33229,8262,101299,0.8974036991018155,0.36836174376052444,0.9999763566352824,42294.66449529372,1.0968999810031876,0.18179581065777783,0.917628056087427,12289,0.9996225952158864,2.5934406309817567e-05,0.9996661572420396,2994.9221467022217,368,857,0,72,9.84316084570614,6.931288103772697,-1.250752241544005,19.275953432566848,46150.678442960605,2,3,10,10,6,34,27,21,89,2,1,35,0.8,0.3,uniform,220,2
821,40031.1022406854,35613.73419597761,9649,2.2664941261028926e-05,29258,8052,86392,0.8639764475434013,0.36911931530445735,0.9999718309217741,35499.419163655526,1.139987177440422,0.24103757977948678,0.8896516009439724,16385,0.9996148948043619,3.211238797824397e-05,0.9996660218522991,2993.707847391877,368,857,0,68,8.419476042979742,8.737958248070294,-1.3323150022099497,19.822064295469936,40031.10224050368,4,3,10,7,11,34,24,25,89,2,1,35,0.8,0.3,uniform,221,1
833,40564.31153572768,37157.001670333324,7563,2.3052058831669647e-05,29228,7328,88951,0.8945701537400713,0.3683780474672787,0.9999730519467795,37107.931980549954,1.0990981663179473,0.18644467793663316,0.9160022754880652,12289,0.999558761497545,2.9618555880846375e-05,0.9995611646482534,2278.258946762955,368,857,0,68,8.765242593796032,6.607698448975188,-0.9740879069337617,17.321116856638742,40564.311535539586,4,4,10,14,8,34,30,19,89,1,1,35,0.8,0.3,uniform,222,1
789,40429.4061174882,36521.91921744994,8763,2.257403511389182e-05,29340,7688,87980,0.8757917840429873,0.3687946172768471,0.9999725542785743,36435.051626725566,1.118628002574819,0.21674817519047018,0.9033503759940705,12289,0.9995986389526075,3.0701552537801614e-05,0.9997194983066269,3564.54084312998,368,857,0,68,8.769902753113662,7.5675667184679165,-1.478362422383352,19.294194316348282,40429.40611733572,3,3,10,11,7,34,29,26,89,1,2,35,0.8,0.3,uniform,223,1
837,42737.75642523312,39899.8759934881,6455,2.2719826160021027e-05,30499,7133,94707,0.91536391576883,0.3678984564791195,0.9999749345768406,39895.09616004867,1.0739151036847148,0.15103740907159213,0.9335978144592194,12289,0.9997050049797707,2.6918136511220153e-05,0.9997099496799694,3447.177606019263,368,857,0,72,9.175187249663363,7.932671446582015,-1.0369409283495459,19.181740552944472,42737.75642498402,3,1,10,10,10,34,28,32,89,2,1,35,0.8,0.3,uniform,224,2
787,35409.26723812598,30465.7502660402,9855,2.5457542306856042e-05,26288,7904,75056,0.850733336795241,0.3700638940173103,0.999966995686164,30298.569536115527,1.190769935855684,0.27831697091401236,0.860389176120454,16385,0.9996968799401625,3.93005446695199e-05,0.999743002504487,3890.588481228916,368,857,0,70,7.401482555590487,10.80211157775073,-1.59706057985292,21.39771529304706,35409.267237969805,4,4,10,13,12,34,22,33,89,1,1,35,0.8,0.3,uniform,225,1
797,44994.64549319078,41755.31860078623,7397,2.091255165870576e-05,32233,7662,99374,0.9055211332371277,0.36821910568865185,0.9999760291567807,41716.84764627668,1.0827497777548667,0.1643973392593885,0.9280063914961888,12289,0.9994269765139214,2.5954425168353235e-05,0.999481896688112,1929.6169374520728,368,857,0,68,10.301929100806845,4.9971020345762165,-0.9890735323060563,17.277178199995173,44994.645492954915,3,1,10,12,8,34,26,25,89,2,1,35,0.8,0.3,uniform,226,1
845,38862.29279891707,33069.05071907245,11849,2.232535887752962e-05,29124,8741,81878,0.8315775451872145,0.37167638692381405,0.999969477009739,32761.689791127515,1.2172647264767582,0.3048970903829478,0.8509289683493391,20481,0.9997879710363146,3.715455939143941e-05,0.9998033798543714,5085.448815575472,368,857,0,70,7.41046056442157,11.271065470915044,-1.7877152459279169,22.256956527192447,38862.29279872659,2,3,10,11,8,34,27,20,89,1,1,35,0.8,0.3,uniform,227,1
841,52647.255543307256,46334.996707122285,14016,1.6643853424194062e-05,38778,10782,112945,0.8466650548029515,0.3700737607467171,0.9999782987122432,46079.714739664414,1.1600623776508536,0.26622470355497524,0.8801027941334463,24577,0.9997865557604438,2.5174847473619872e-05,0.9998837529024589,8601.865306542479,368,857,0,70,9.882388017805075,7.60943546968664,-2.637767878287392,22.767359244066498,52647.25554306882,4,3,10,9,11,34,22,30,89,2,2,35,0.8,0.3,uniform,228,1
841,34142.034083877996,34743.79461823611,5647,3.5154781414685666e-05,22080,5422,79353,0.8920849284684327,0.35212194330977425,0.9999722508039911,36036.58012351796,0.9042945273454166,0.16539729256103508,1.0176252104042702,12289,0.9998425601271554,2.5093446089332694e-05,0.9998981856835231,9821.30142969052,368,857,0,70,7.42535475633706,12.374178934611242,-0.6940350376591113,21.187603766266523,34142.034083753904,1,4,10,6,13,34,24,31,89,1,2,35,0.8,0.3,uniform,229,1
820,48082.12407948144,43950.870673436664,9172,1.938964436981368e-05,34680,8761,105315,0.892018382494217,0.3684211296447948,0.9999772148848463,43887.8013409907,1.1019019885027788,0.19075696374890516,0.9140792241371104,12289,0.9995923679512049,2.510696369625035e-05,0.9996316005792457,2713.9450624830224,368,857,0,68,10.391782411592002,8.136169661406138,-1.3355649248010684,21.19908192260028,48082.124079211586,2,2,10,10,12,34,28,31,89,1,1,35,0.8,0.3,uniform,230,1
834,38955.5021272145,35055.990407472906,8363,2.3660566542498672e-05,28302,7537,84599,0.8804805276237995,0.3687150329424706,0.9999714118135206,34978.98359372509,1.1229578445287258,0.21468084207179472,0.899898306867995,12289,0.9995882662649932,3.210332826780745e-05,0.9996350816952723,2739.8393470408655,368,857,0,68,8.062240182756607,10.856581928824099,-1.2796068500999473,21.4780358117806,38955.50212701183,4,1,10,8,11,34,25,24,89,1,1,35,0.8,0.3,uniform,231,4
837,30802.939428113823,27716.7818568382,6743,2.9944048550654897e-05,22381,5975,66890,0.8770299558838173,0.3687208231535963,0.9999638412398499,27655.315513058144,1.1231114848766552,0.21890767976012276,0.8998096406195932,12289,0.9995329619910147,4.0610318803633645e-05,0.999576276967851,2359.532165264584,368,857,0,68,6.30434507179556,6.959635331060452,-1.0559749826998384,15.375930368255691,30802.93942806324,0,4,10,11,15,34,22,26,89,1,2,35,0.8,0.3,uniform,232,1
846,30419.26671463208,26233.753345624627,8405,3.00450995162034e-05,22528,6802,64562,0.8522545573966838,0.369619078236967,0.9999617114477672,26116.967012040775,1.1846427838745,0.27630514827489516,0.8624058427090827,12289,0.9996206022588269,4.535825710765379e-05,0.9996357524896438,2744.885927177955,368,857,0,68,5.994334986223373,11.832584847505625,-1.1969810219377115,20.22088187760442,30419.266714521385,2,2,10,10,9,34,26,32,89,2,1,35,0.8,0.3,uniform,233,2
830,69134.73460504651,66449.42232062678,6854,1.4222756019155933e-05,48743,9749,155690,0.9406311054751739,0.3678660414001037,0.9999849512477308,66450.19186415004,1.0411927088857655,0.0991397455874473,0.9611582759410243,12289,0.9996744894925672,1.5668651140732987e-05,0.9996882450793312,3207.1478207758482,368,857,0,72,15.694123646138879,4.892053191604741,-0.9648485477117889,22.515873933167196,69134.73460448028,3,3,10,11,8,34,30,19,89,2,2,35,0.8,0.3,uniform,234,9
841,46716.83385098397,42397.12409327747,10085,1.891253631364591e-05,33908,8567,101909,0.8713533587708319,0.3692481778770127,0.9999763317315473,42250.16155357191,1.1156526616701392,0.21587507475718168,0.907534192674842,16385,0.9997540012325081,2.6405566696512967e-05,0.9997747099903072,4438.223213396189,368,857,0,68,9.75691433283192,6.061350394011021,-1.3529153581905178,18.524095443223977,46716.83385074935,2,2,10,7,7,34,26,21,89,2,2,35,0.8,0.3,uniform,235,1
830,40894.77242883712,35282.73475916985,11588,2.133351337516437e-05,30428,8866,86800,0.8425057339139995,0.37094428011341773,0.9999714423245977,35016.35574346348,1.1927245494618306,0.2833614007796428,0.8627688250513428,20481,0.9997803021073798,3.406144052788522e-05,0.9998321012573117,5955.470733545734,368,857,0,70,7.832413045620056,10.531879474804848,-2.021748985376162,22.407790491177227,40894.7724286343,1,3,10,5,6,34,23,22,89,2,2,35,0.8,0.3,uniform,236,1
825,38927.870414988065,33547.7923799532,10927,2.27318978688382e-05,28938,8545,82580,0.8463421255975935,0.3705889727245977,0.9999699906879862,33322.489859449466,1.191964864477128,0.280698632715158,0.8617936717914212,16385,0.9997657453777781,3.577004552795242e-05,0.9997724310425797,4393.772430738925,368,857,0,76,7.914054600374812,14.785378537020708,-1.5230048941264305,25.74544292564838,38927.870414817626,3,5,10,10,13,34,23,26,89,1,1,35,0.8,0.3,uniform,237,1
814,29835.947789890157,26049.775055734284,7720,3.0833933835182834e-05,21966,6437,63745,0.8606786331012397,0.3692254134885549,0.9999614781179221,25958.771612298682,1.1653404032183565,0.25874827420819874,0.8731003030029832,12289,0.9995182272569593,4.489110559329926e-05,0.9995977024005677,2485.2219827346776,368,857,0,68,6.127120158344579,6.225683996082114,-1.2035795443114348,14.759963243049562,29835.947789809976,2,1,10,8,10,34,19,28,89,2,1,35,0.8,0.3,uniform,238,1
825,68098.9120666265,62834.519535109226,12166,1.3680297927513376e-05,48922,11901,149925,0.8963692293628903,0.36834368227054176,0.9999840656189539,62756.879598683874,1.0902262056633238,0.1786518995794977,0.9226949099221042,16385,0.9997528107474634,1.737207978730976e-05,0.9997529572125397,4047.3817665301244,368,857,0,70,14.861167832498003,8.808594137427386,-1.647659335040564,26.965080640006516,68098.91206609659,3,4,10,13,11,34,27,28,89,1,1,35,0.8,0.3,uniform,239,1
825,30803.137713673466,27444.027257176782,7085,2.9886301606997418e-05,22478,6191,66533,0.873337326042588,0.3688803222872821,0.999963467705778,27372.541337429047,1.1366007148504018,0.23000903563324263,0.8909490816253572,12289,0.9996044534582098,4.1522631728029784e-05,0.9996062189473426,2538.9822334061905,368,857,0,68,6.448408750148794,7.60029858768204,-1.0190185743539153,16.086744486538663,30803.137713573677,1,3,10,9,10,34,25,21,89,2,1,35,0.8,0.3,uniform,240,1
838,51074.32426995438,47340.7300919153,8555,1.827395817416461e-05,36617,8728,112726,0.9031433249388532,0.3682936689717404,0.9999788536148412,47288.90631943364,1.0845522724334316,0.16750099237304392,0.9268988042151064,12289,0.9995866063247331,2.2934360077785034e-05,0.9996650092696358,2984.6571999008106,368,857,0,70,10.914742642574902,5.646791894762068,-1.2748335554092658,19.111201648155504,51074.32426955367,2,2,10,11,8,34,26,30,89,1,2,35,0.8,0.3,uniform,241,2
832,43392.599073518344,39685.634111216576,8444,2.109295988177982e-05,31314,7837,95068,0.8871851719524898,0.3685834938973582,0.9999747555864675,39612.224560260875,1.102253437819346,0.1945953959958395,0.9145714928017746,12289,0.9996397250975719,2.7825741602266493e-05,0.9996552979080201,2900.555761956274,368,857,0,70,9.182719026348106,8.619327046676663,-1.248194212417944,20.298434497860658,43392.59907326677,2,3,10,10,10,34,25,22,89,1,2,35,0.8,0.3,uniform,242,1
854,42184.5414419633,36330.87361580041,11682,2.165664889571278e-05,31263,9466,89468,0.8524091514353551,0.3696816313499484,0.9999723480690801,36163.33979956019,1.1869717500526022,0.2769260871561654,0.8612366609646271,16385,0.9997702983626502,3.282206083641647e-05,0.9997780487497128,4504.993862279305,368,857,0,74,8.067249849695752,7.2019000713396,-1.8120338603324466,18.893217641700247,42184.54144182041,2,1,10,9,6,34,27,23,89,2,2,35,0.8,0.3,uniform,243,1
838,41704.98916423945,39410.27153482503,6056,2.378049997344408e-05,29513,6713,93044,0.9155799782931439,0.3670235153173319,0.9999746749938663,39486.163681982696,1.0552410168263557,0.14521044415455225,0.9449773833922475,8193,0.9998385012176888,2.6723985224024632e-05,0.9998409338436827,6286.192411780863,368,857,0,68,9.09578769513328,8.50567024253041,-0.8576703392399296,19.316798616143547,41704.98916402375,1,3,10,8,7,34,26,27,89,1,2,35,0.8,0.3,uniform,244,1
823,44855.42801033354,39522.94351309358,11136,2.0020558245298462e-05,32963,9250,96298,0.8624271669873043,0.3696190141671887,0.9999745873701393,39350.012144120636,1.1556033009115774,0.248264267981894,0.8811184123354816,16385,0.9997623646077791,2.9366918951660328e-05,0.9997709337698089,4365.049626378534,368,857,0,74,9.327518635320477,11.710771734407174,-1.5729498969083242,24.1841901635443,44855.42801012152,3,3,10,11,9,34,27,26,89,2,1,35,0.8,0.3,uniform,245,4
808,36377.236674400716,33339.003860095305,6730,2.5752597250386534e-05,26202,6561,79793,0.8956326983622388,0.36833975862356255,0.9999699686731602,33298.06204024853,1.0982482823339317,0.1850058062474002,0.9164798348621277,12289,0.9996238211087971,3.2981853118092095e-05,0.9996318569692609,2715.8355142056157,368,857,0,68,8.078803268065888,6.44098469982672,-0.9254632354569863,16.37071443880658,36377.236674232416,3,1,10,12,8,34,29,20,89,2,1,35,0.8,0.3,uniform,246,3
824,63782.29908068264,61268.00965971338,8227,1.599397170533992e-05,44771,9503,143609,0.9203274383155812,0.3668542295534588,0.9999837175448696,61415.29951970102,1.0363854797718168,0.12898562953325182,0.9605801381071454,12289,0.9998387692916992,1.6874900072356824e-05,0.999857235795721,7004.056943052249,368,857,0,68,14.308850893931762,5.853466931445773,-1.1722896595106225,22.50689714439878,63782.29908018262,5,3,10,12,8,34,31,18,89,1,1,35,0.8,0.3,uniform,247,1
839,33856.3300788281,29879.13977635842,8319,2.6967341123790203e-05,24826,7015,72751,0.8649871893934998,0.3692034407161625,0.9999664182169966,29777.54959924551,1.1509154531405996,0.24571475941517504,0.88252742417121,12289,0.9996490101583257,3.864979300272163e-05,0.9996822730681076,3146.856711721604,368,857,0,68,6.844537278307879,7.373865227282701,-1.2261015962289232,16.670605698048426,33856.33007868189,2,2,10,8,10,34,19,24,89,2,1,35,0.8,0.3,uniform,248,1
830,40163.56795061633,35508.57694616018,9722,2.2555097824080095e-05,29449,8225,86385,0.8663647978701925,0.3693576338344284,0.9999717317066236,35374.82268457089,1.149583063139654,0.2420601678604306,0.8840991664341237,16385,0.9997432171888323,3.249675128974869e-05,0.9997662519603715,4277.610725701074,368,857,0,68,8.227470246566405,11.757153795566834,-1.4504979342723894,22.88561991067802,40163.567950480996,2,3,10,9,11,34,27,31,89,1,1,35,0.8,0.3,uniform,249,2
828,32485.874943159888,28354.931560501063,8563,2.7978597640611782e-05,23942,6977,69392,0.8559598211855602,0.36946185635472245,0.9999645891851087,28239.460107221807,1.1672716247619903,0.2635914844523218,0.8728387833208531,12289,0.9996059066655838,4.133403943231147e-05,0.9996943365690562,3271.0722293802023,368,857,0,68,6.508202701353632,8.056838611261107,-1.3386269950390441,17.242295302692828,32485.87494306568,3,4,10,10,11,34,28,30,89,1,2,35,0.8,0.3,uniform,250,1
829,58052.18632488223,53915.957036533975,9485,1.625052966242931e-05,41572,9856,128269,0.906016573727746,0.368211382499166,0.9999814362764128,53868.00301196446,1.0817425225689146,0.16338747255647382,0.9287498102965437,12289,0.9995900939977787,2.0081169181734153e-05,0.9996603002039807,2943.2756575076837,368,857,0,68,12.66519699597748,8.271296033605843,-1.3401555551744428,23.61680413993221,58052.18632452472,5,0,10,11,8,34,31,24,89,2,2,35,0.8,0.3,uniform,251,1
845,49073.31472466281,44868.81230175886,9277,1.8801218351101457e-05,35411,8883,107499,0.8925831175442248,0.36854913414264334,0.9999776742127008,44790.75356504675,1.102328103221611,0.18904367989101115,0.9143220211128129,16385,0.9996988549679111,2.4610342766692518e-05,0.9997109160761862,3458.7030571685154,368,857,0,68,10.405731088625748,7.012569397670243,-1.2092546449556711,19.836809776207332,49073.3147243815,3,4,10,12,11,34,30,28,89,1,1,35,0.8,0.3,uniform,252,1
837,50389.733864015536,46250.57498351569,9484,1.795098367615043e-05,36352,8882,110609,0.8891868816306305,0.36884690826743227,0.9999783256759374,46137.04030210714,1.0994542032274426,0.18821294086597154,0.9178570997880242,16385,0.9998159901395814,2.382992669287973e-05,0.9998486343598058,6606.019133452436,368,857,0,68,10.299594281260811,5.618835463127418,-1.740963392293492,19.400356528975212,50389.73386382476,2,3,10,9,8,34,28,23,89,2,1,35,0.8,0.3,uniform,253,1
823,41905.09501866166,37945.61668645602,9000,2.181815484645237e-05,30372,7908,91310,0.8762322831193956,0.36870166032029117,0.9999735896467659,37863.43885293309,1.1151312389894843,0.21477101999153125,0.9055131999953142,16385,0.9997514271621828,2.9451009924192825e-05,0.9997935940897767,4844.3224925717495,368,857,0,68,8.791617965547088,6.259249104966778,-1.3918802163531852,17.834627503220236,41905.09501851962,3,3,10,9,5,34,25,16,89,1,2,35,0.8,0.3,uniform,254,1
825,31072.83518103739,25700.941951187924,10416,2.8506505764395026e-05,23528,7648,64498,0.8225464407755637,0.37190261217454834,0.9999607014753754,25445.747904320924,1.2612716110349864,0.3352124110759131,0.8271193086002099,16385,0.9997082291836104,4.956611346464369e-05,0.9997297791505793,3700.1766726471183,368,857,0,68,5.907782409596034,15.12460095776019,-1.625026119120724,24.282435605597673,31072.835180956627,2,2,10,9,9,34,24,27,89,2,2,35,0.8,0.3,uniform,255,1
834,35305.8326875349,28884.280195122235,12414,2.4304713879342518e-05,26994,8700,72860,0.811594864783105,0.3740683068182284,0.9999648519408196,28450.57306680564,1.2947464449429222,0.3516132903553609,0.8181163846425902,20481,0.9997987064056117,4.5507824670884705e-05,0.9998194113188477,5536.945596817334,368,857,0,72,6.472429612768839,13.878062712317394,-1.99419693097473,24.338886187035694,35305.832687410686,1,3,10,10,7,34,28,21,89,2,2,35,0.8,0.3,uniform,256,1
844,52505.16524474522,42971.55824137867,18495,1.660538583730179e-05,40036,13109,108376,0.812512692892457,0.37308158317306495,0.9999764299091868,42426.150278024514,1.2864169839448807,0.3522510578490371,0.8184253499836249,28673,0.999843615943914,3.0320965135056274e-05,0.9998888079728097,8992.950557905508,368,857,0,74,9.29658819584518,10.207091434811268,-3.1453940895537467,25.794467809763944,52505.165244383476,3,2,10,13,10,34,24,21,89,2,2,35,0.8,0.3,uniform,257,1
836,35546.40333662196,32396.157649858582,6980,2.6542530039077168e-05,25647,6607,77735,0.890103749172604,0.36823531604656673,0.9999691018572828,32363.90484704772,1.104384625075887,0.19636304505690455,0.9113765278323444,12289,0.9996749638792132,3.4123433760413945e-05,0.9997175797329919,3540.3223494231615,368,857,0,68,7.482719558629903,6.474266350214321,-1.0212046845478384,15.9993952779399,35546.40333648296,2,1,10,9,8,34,29,28,89,2,2,35,0.8,0.3,uniform,258,1
775,32786.93224767694,29572.37860708595,7006,2.8187692442128108e-05,23794,6301,71291,0.8801416905965302,0.3686539544719739,0.9999661160076722,29511.960935206735,1.1197174906150182,0.21368269367428844,0.9019562545129928,12289,0.9994104306445826,3.7940498861478953e-05,0.9995029529691355,2011.3820097720304,368,857,0,68,7.428455817494444,9.251911316257003,-1.0326879883383195,18.745743110428084,32786.93224760196,2,3,10,13,10,34,26,24,89,1,2,35,0.8,0.3,uniform,259,1
835,27931.247103606496,23898.772197226866,7999,3.260724607322193e-05,20763,6383,59032,0.847825739898769,0.3698743376671495,0.999957944207892,23777.437585478092,1.1973318054342974,0.2863817705786279,0.855628540629718,12289,0.9995499500979161,5.0354737493754284e-05,0.9996477685567285,2838.5423647913476,368,857,0,68,5.419229657335716,5.946796654310611,-1.2708894093767,13.907805130399726,27931.247103524336,2,1,10,8,8,34,25,29,89,2,2,35,0.8,0.3,uniform,260,1
843,35486.17828543916,31200.534032771804,8982,2.5081415945489155e-05,26126,7330,76094,0.8587922234676653,0.36989919651523084,0.9999677874361288,31043.287880774147,1.1602204449461198,0.25311263241005394,0.8792306058377141,16385,0.9997358939850551,3.737367518760249e-05,0.9997450224900608,3921.414504616507,368,857,0,68,7.10310060407808,7.072398578990534,-1.315921527660146,16.807342238388905,35486.17828527662,2,1,10,12,8,34,27,23,89,2,2,35,0.8,0.3,uniform,261,1
828,42659.86517391407,38780.49956033045,8525,2.1763081514399788e-05,30847,7947,93157,0.8874170732939339,0.36851497642703307,0.999974170737194,38715.27781580637,1.1091751841325987,0.1998365434406699,0.9090628721453203,12289,0.9996502821622024,2.8649177329083044e-05,0.9996509493623097,2864.4138029435226,368,857,0,70,9.161325069176835,9.120306798329667,-1.1429901901685016,20.567612247843506,42659.86517368969,5,5,10,13,12,34,28,26,89,2,1,35,0.8,0.3,uniform,262,1
838,39224.63341188784,33351.3796986868,11596,2.2042547878798146e-05,29450,8771,82612,0.8384392353337015,0.3723491893377318,0.9999696866054998,32988.2172456504,1.2234525116607802,0.29563055129753213,0.8502661923815193,20481,0.999831411266344,3.7086998638161094e-05,0.9998376946530886,6160.726458856868,368,857,0,72,7.587040612311749,16.225033303166484,-1.77444707544526,27.360968066368752,39224.63341170187,2,4,10,10,11,34,24,24,89,2,1,35,0.8,0.3,uniform,263,1
847,46719.84258209691,42136.065173038915,10364,1.9325920417753182e-05,33950,8898,101576,0.8717482907909245,0.3689595127777794,0.9999762011071569,42018.26139977137,1.1216818872266974,0.22183293922251987,0.9018879954271398,16385,0.9996768762935396,2.669478703839102e-05,0.9997015224447445,3349.835644899343,368,857,0,68,9.714316893623495,6.35440023667184,-1.3175231493159454,18.70376342892723,46719.842581848534,5,0,10,8,7,34,28,25,89,2,1,35,0.8,0.3,uniform,264,1
826,44761.50733263592,40690.485093844036,8990,2.0571922275838325e-05,32383,8310,97744,0.8860068700656358,0.36862079076987053,0.9999753765357515,40611.16982267455,1.109847133365899,0.2008422087574636,0.9090508233214999,12289,0.9996631383206883,2.7328281209807627e-05,0.9996781060807753,3106.1134886072264,368,857,0,68,9.589503607491606,5.112912310702396,-1.2486337611344518,17.199683440462906,44761.507332425615,3,0,10,10,5,34,32,20,89,2,1,35,0.8,0.3,uniform,265,3
841,30200.319089551085,26706.01512296444,7187,3.074322109220112e-05,22099,6259,64969,0.8715679991089926,0.3688712559411792,0.9999624587582777,26636.871434866218,1.1462081126579997,0.2379776180075729,0.8842957931594958,12289,0.9995861875158221,4.303007582195805e-05,0.9996480448373471,2840.7709793429726,368,857,0,68,5.983919596347936,8.760740854525272,-1.1980825652255982,17.140825581324407,30200.31908941671,1,2,10,7,7,34,23,24,89,2,2,35,0.8,0.3,uniform,266,2
819,38035.95596332546,33433.1087309889,9372,2.401758123637003e-05,27945,7977,81556,0.8666367781842395,0.3693278244915252,0.9999699790615368,33309.58459818928,1.1569951104985043,0.24639843439288206,0.8789869449640055,16385,0.999704839323176,3.473407901471937e-05,0.9997245054637534,3629.336029775473,368,857,0,72,7.740468308767422,11.740225823726705,-1.5479214258250795,22.576536984144287,38035.955963156295,3,1,10,9,11,34,27,28,89,2,2,35,0.8,0.3,uniform,267,2
823,49816.51108995028,45120.84305264263,10123,1.875063707596259e-05,36071,9442,108570,0.8872237067320793,0.3684980806500446,0.999977800916271,45046.40428512961,1.1135846794611217,0.2032057199212845,0.9057407286345484,16385,0.9996506268412748,2.4720559538773453e-05,0.9997656048678238,4265.800183527278,368,857,0,68,10.362997952874137,7.501228196092492,-1.74308007617994,21.35038630132651,49816.51108955753,4,3,10,6,7,34,23,24,89,2,1,35,0.8,0.3,uniform,268,1
833,32009.992675572845,28755.093683871073,6897,2.862873774323875e-05,23290,6207,69448,0.8802701052379494,0.3689253635969752,0.9999651307042138,28678.02583056223,1.126411207841813,0.21546396682755795,0.8983161594352498,12289,0.9997555663432577,3.927716558331443e-05,0.9997561019279269,4099.5733894374725,368,857,0,68,6.673278929348255,8.06982116075845,-1.0121935017335533,16.767487093573813,32009.99267545573,2,4,10,9,12,34,23,26,89,1,2,35,0.8,0.3,uniform,269,2
838,26990.836071988953,23482.41400559218,7206,3.353898669030162e-05,19922,5847,57552,0.8547485084829901,0.3694941683607985,0.9999572403794779,23386.0499187469,1.1715887424453173,0.2669795029979962,0.870014324230667,12289,0.9998294592429934,5.009669003518881e-05,0.9998294913788506,5864.306077463314,368,857,0,68,5.388884654929756,6.563847757236535,-1.0528423312028492,14.05841707457199,26990.836071895614,2,1,10,9,8,34,30,23,89,2,2,35,0.8,0.3,uniform,270,1
847,70889.05574785452,67099.68265705218,9551,1.3249130604690767e-05,50353,10895,158281,0.9177753031500212,0.3681037861169282,0.9999850879170284,67059.21271010069,1.0594185062247055,0.13473165778892554,0.9465450195262753,16385,0.9996480990511092,1.5798136666608647e-05,0.9996715048299909,3043.684762224635,368,857,0,70,15.322264650339294,4.661050957772471,-1.4165914883387198,22.816498584789205,70889.05574730139,2,1,10,13,5,34,32,21,89,2,2,35,0.8,0.3,uniform,271,1
819,33277.03600720061,29853.520462727953,7283,2.7569831897195688e-05,24219,6498,72145,0.8783932211056529,0.3688611506380564,0.9999664183949896,29777.707432172294,1.127699116693434,0.21885963636977998,0.8971207789139675,12289,0.999628198545343,3.786994630755476e-05,0.9996469304909666,2831.8034530730943,368,857,0,68,7.101119156899653,5.291622672422817,-1.0251411622884186,14.443024153899309,33277.036007075156,2,1,10,10,3,34,21,25,89,2,1,35,0.8,0.3,uniform,272,1
834,37096.72039462691,33453.45209828066,7780,2.516878325225576e-05,26911,7156,80656,0.8843117415115772,0.3685492661596333,0.9999700547421414,33393.769124255145,1.1193128610211454,0.20972204327601035,0.9017900165408169,12289,0.9995308112555407,3.351811224779771e-05,0.9995733272536588,2343.216568262409,368,857,0,70,7.760667840328161,11.717088094295583,-1.1354281775351138,21.748612289693973,37096.72039448986,2,3,10,5,13,34,24,31,89,1,1,35,0.8,0.3,uniform,273,1
797,31280.376099188445,26283.705197707724,9731,2.871544636701423e-05,23480,7455,65475,0.8355328115308863,0.37089619696203946,0.9999616658537381,26085.903308591518,1.2304462781119667,0.3110896099568466,0.8402618022994182,16385,0.9997935749024922,4.716810759266401e-05,0.9998033502726742,5084.68374459944,368,857,0,70,6.012675892034854,8.332749127345332,-1.836853869336276,18.019132758052738,31280.376099063953,2,1,10,8,7,34,26,21,89,2,2,35,0.8,0.3,uniform,274,2
816,45643.653980089715,40086.28314806876,11268,2.0172305837192966e-05,33520,9645,97827,0.8673983164948285,0.3691401842987433,0.9999749725263147,39955.59035587222,1.1569531097626238,0.24686892957595444,0.8782443922117816,16385,0.9996987915094809,2.8955613509621997e-05,0.9997352633487703,3776.838685496259,368,857,0,78,9.25386302126184,15.931289750684234,-1.9333070718195953,29.05176691558526,45643.65397977225,2,2,10,7,13,34,23,31,89,2,2,35,0.8,0.3,uniform,275,2
829,32383.836986774983,28498.504808579524,8087,2.8310780353597748e-05,23763,6795,69482,0.8636166918505601,0.3691112202615742,0.9999647980739147,28407.036493129657,1.1541234744895708,0.2497233420271537,0.8800224883857288,12289,0.9996590229177014,4.0627369242261986e-05,0.9996790385299883,3115.1387443560297,368,857,0,70,6.654717573826247,11.655733637857605,-1.1580295882147245,20.6265103881133,32383.836986659822,3,4,10,11,7,34,25,22,89,1,1,35,0.8,0.3,uniform,276,1
800,26628.486289978784,23412.924220556994,6711,3.429965468540196e-05,19554,5593,57105,0.8618688874209651,0.3692257745602035,0.9999571409960277,23331.82009996905,1.1559556969441895,0.2520233379741747,0.8792435276115594,12289,0.9995365807681703,4.954310980726494e-05,0.9995430681020204,2188.0099005318975,368,857,0,68,5.643893847943682,10.121825984481353,-1.0132277245325316,17.7921752814901,26628.486289904853,1,3,10,7,11,34,25,26,89,2,1,35,0.8,0.3,uniform,277,1
836,55904.47346866945,50923.50246310025,11282,1.6379835666523763e-05,40416,10280,122210,0.8835918421799972,0.36864928810242464,0.9999803235014876,50821.5504444133,1.1074900979979831,0.20180853695586226,0.9109021032393645,16385,0.9996993122342396,2.1791527265773118e-05,0.999710607540442,3455.015028095453,368,857,0,72,11.996543425133728,11.19422296052763,-1.377732524218933,25.946231434099225,55904.47346829413,4,4,10,15,10,34,27,26,89,2,1,35,0.8,0.3,uniform,278,5
842,52357.49385280261,47801.31316965601,10090,1.7649794676125827e-05,37799,9553,114601,0.8905233512921128,0.36853046558457153,0.9999790447264677,47720.18464876713,1.1039943867741666,0.19271357846819284,0.9129793970667158,16385,0.9996731920500262,2.3134504353367822e-05,0.9996914348375204,3240.3065253659975,368,857,0,72,11.031007898343045,8.33686354920525,-1.4054514490326877,22.17877434561367,52357.49385245184,4,2,10,11,12,34,34,25,89,2,2,35,0.8,0.3,uniform,279,2
808,41651.90758772812,37906.93664144379,8279,2.2223714257474696e-05,30108,7714,91011,0.8874518886318371,0.3685362074434029,0.9999735741417546,37841.22270413509,1.1079240924048486,0.19876640661805456,0.9100888491506278,12289,0.9995501844331947,2.9277845012643914e-05,0.9996200628001246,2631.5138914966233,368,857,0,68,9.097133218296172,6.713892698011744,-1.2127448974277393,18.236515711163396,41651.907587524605,2,3,10,8,10,34,26,23,89,1,1,35,0.8,0.3,uniform,280,3
831,35553.66439017975,33056.53945608965,5716,2.679962261685375e-05,25433,6028,78607,0.9083516839014358,0.3680636816752841,0.9999697328656908,33038.63709530121,1.0796474692186488,0.16077105125565655,0.9297646254775408,8193,0.9996308667647811,3.267783495746566e-05,0.9996807064878805,3131.4145348898323,368,857,0,68,7.696056440237416,8.613098905509823,-0.8607821614483367,18.03071966864391,35553.664390004305,3,4,10,8,12,34,29,30,89,1,1,35,0.8,0.3,uniform,281,4
837,32805.08382872557,29415.756325573548,7039,2.7884382807559312e-05,23903,6379,71102,0.8816016626150296,0.36914340468462215,0.9999658970751201,29322.49805438601,1.1300127203381476,0.21457040124483215,0.8966828580336021,12289,0.9997631124564459,3.8536738915082894e-05,0.9997657802135671,4268.99409636823,368,857,0,68,6.779676306596442,5.983302262359746,-1.0590534015515634,14.881085372059314,32805.0838285994,3,1,10,9,12,34,26,28,89,2,2,35,0.8,0.3,uniform,282,1
813,54715.15102494629,45010.980534414826,19415,1.549505655654422e-05,41801,13199,113228,0.8059417346469457,0.3743267724047632,0.999977430726654,44307.52820399433,1.2877763224333323,0.3548377302504039,0.8226419865658958,32769,0.9998688254351074,2.9064175829669348e-05,0.9998930991032008,9353.958465637585,368,857,0,74,10.270766768102987,11.113090461215442,-3.1892949845793646,27.762447198477158,54715.15102465376,2,2,10,8,11,34,30,26,89,2,1,35,0.8,0.3,uniform,283,1
830,39184.89780796114,36435.589694047165,6456,2.3882446223156555e-05,28047,6611,86636,0.9036944632357695,0.36820195425253743,0.9999725304543394,36403.45120813239,1.0803500114581694,0.16475735196860317,0.9298375581483486,12289,0.9996893061848872,2.9676723969325382e-05,0.9997006428370339,3339.9912801237906,368,857,0,68,8.472708342616794,5.16128958753696,-0.9694357074472735,15.5728693450483,39184.89780776588,2,1,10,9,10,34,26,26,89,2,2,35,0.8,0.3,uniform,284,4
842,35042.6527147859,31665.72032511536,7493,2.6094682260018952e-05,25424,6655,76271,0.8781764555379176,0.368753203805599,0.9999683480863052,31593.166328003063,1.118029678206025,0.21382513649825383,0.9036336541883521,12289,0.9995757457688852,3.5387778882964695e-05,0.9995880443615451,2426.9458036441324,368,857,0,68,7.392033495989108,5.778898631473169,-0.9316369825475002,15.034206092557277,35042.652714639116,4,3,10,9,8,34,22,22,89,1,1,35,0.8,0.3,uniform,285,1
841,35665.42245002334,32131.51486775335,7866,2.5812049362624004e-05,25890,6895,77501,0.8749998926610003,0.3686122572157824,0.9999688172722797,32068.53542528266,1.1209041908309156,0.22054974985989131,0.9009150224640707,12289,0.9997102516860255,3.4952850183580593e-05,0.9997240425697476,3623.2473031195796,368,857,0,68,7.3020940431542565,7.24737705333793,-1.1795759806006814,16.90862305769355,35665.42244988951,3,2,10,7,7,34,24,26,89,1,1,35,0.8,0.3,uniform,286,5
792,44345.101540366224,40858.56103852396,8118,2.082336518660443e-05,31886,7780,97551,0.8929440652785062,0.3684247187160147,0.9999754903336162,40799.72895013446,1.0923983463573201,0.18306418788127907,0.921377099595351,12289,0.9995725146245247,2.67743190275822e-05,0.9996279038354774,2686.9772808875223,368,857,0,68,10.05557035620269,5.854840657170563,-1.1426876084841298,18.19578623034151,44345.101540159805,4,2,10,10,8,34,25,25,89,2,2,35,0.8,0.3,uniform,287,1
829,36850.44250774598,30425.569514592335,12171,2.4558825826417952e-05,27849,9233,76428,0.8290444182721923,0.371143524468403,0.9999668639417242,30178.1045758582,1.2585359134135035,0.33028097281170093,0.8256500449946256,20481,0.9997216682552039,4.1702919369054175e-05,0.9997566014655199,4107.9881517408985,368,857,0,76,6.99965419065778,11.637902066068214,-1.890681758106217,22.418919772938427,36850.44250762677,2,2,10,10,6,34,27,20,89,2,2,35,0.8,0.3,uniform,288,3
814,53676.657334865886,49723.01743782528,9126,1.7408353886841262e-05,38490,9208,118430,0.9014213881604395,0.368279319483636,0.9999798671817625,49669.64494282965,1.0852024449129811,0.1700180386246252,0.92634340338342,12289,0.9995541084540701,2.1848183574618236e-05,0.9995692567187326,2321.068386610169,368,857,0,68,12.083420247189435,8.447358641775704,-1.1049476482702656,22.740674185505668,53676.65733452098,4,2,10,14,8,34,30,24,89,2,1,35,0.8,0.3,uniform,289,3
827,50627.03077964275,44833.32368171004,12217,1.802466026862339e-05,37069,10361,108990,0.8666835617809795,0.3691543933242142,0.9999776220246638,44686.2951605871,1.146144125398174,0.2413137766892797,0.8855609936290719,20481,0.9997696757587278,2.564838497030299e-05,0.9997809504877819,4564.677917426564,368,857,0,76,10.392014121425888,9.291291407944364,-1.8515241565510752,23.386353842472403,50627.03077943475,3,1,10,10,5,34,25,22,89,1,1,35,0.8,0.3,uniform,290,1
809,37725.506651406984,34311.26982930079,7254,2.488364088623934e-05,27262,7026,82406,0.8943205220035992,0.36840402747978734,0.9999708144118394,34262.98629424803,1.1079334524510493,0.19228369991233663,0.9094979199708414,12289,0.9995119957387053,3.233568945269711e-05,0.9995281463033272,2118.800936907223,368,857,0,70,8.31858081767932,10.4965103472122,-1.0078732370165493,20.830837638924617,37725.50665124479,4,3,10,13,11,34,28,24,89,1,1,35,0.8,0.3,uniform,291,2
825,27894.18741415542,22780.924938896278,9691,3.225144722616997e-05,21198,7153,57521,0.8198134622100296,0.3717392677231972,0.9999556796907075,22562.519432860103,1.2799090596940492,0.3474200504970481,0.8166907535487367,16385,0.9996450130355895,5.672596539195597e-05,0.9997073811520893,3416.9148384618393,368,857,0,70,5.177022516259763,13.513766992012481,-1.5852047356330954,21.861198979538436,27894.18741405804,2,3,10,8,10,34,21,30,89,2,2,35,0.8,0.3,uniform,292,2
832,49509.40992134435,45196.066779974004,9898,1.8518624381586247e-05,35755,9031,108359,0.8839494570181834,0.3685948546033429,0.999977832987084,45111.57729014326,1.1045318884467903,0.19992159098088552,0.9128783165013892,16385,0.9996046442298103,2.4484172637239212e-05,0.9997410411257991,3861.1170134997265,368,857,0,70,10.341670422001652,10.276889704255902,-1.559630039804484,23.737820205866523,49509.409921113525,2,4,10,12,10,34,27,19,89,2,2,35,0.8,0.3,uniform,293,1
847,29829.392641797498,25674.558056712158,8298,3.08635003700172e-05,22093,6742,63246,0.8523753075041409,0.3694481470155589,0.9999608929566901,25570.34134303642,1.1862479816193605,0.2781819965175117,0.8607134032201679,12289,0.9996891396059022,4.6390651193577144e-05,0.9997133674408174,3488.287163622449,368,857,0,68,5.704768097673838,12.987181306186617,-1.3387720774588745,21.369493558778203,29829.392641687038,2,4,10,7,15,34,24,32,89,2,2,35,0.8,0.3,uniform,294,1
826,47187.38311034155,42804.82716879785,10149,1.9145950357799608e-05,34199,8788,102917,0.8739989122239158,0.3688538789490885,0.999976579417309,42696.98593140033,1.1138308916057857,0.21507867847360565,0.9071244122333365,16385,0.9996750564589512,2.6086568500985427e-05,0.9997480695079964,3968.8487944131844,368,857,0,70,9.868841856789606,7.133647374916295,-1.5566746347384905,20.115838501182882,47187.38311001104,1,4,10,10,10,34,21,24,89,1,2,35,0.8,0.3,uniform,295,6
829,38473.43815446204,35498.28231731323,6840,2.4277747662973628e-05,27631,6734,84702,0.8974081448322954,0.3682784878452985,0.9999717998308393,35460.280190164805,1.0898545949131575,0.1777849947420599,0.9226698735578494,12289,0.9996939327311719,3.07340839373648e-05,0.9997933683405711,4839.029427413839,368,857,0,68,8.028050365864253,8.64123079411411,-1.2538406243120472,19.176962408602456,38473.43815428077,3,4,10,10,13,34,29,22,89,2,1,35,0.8,0.3,uniform,296,7
844,48467.70037692827,44831.7595275955,8708,1.926149396260847e-05,34752,8425,106852,0.8945426145737541,0.3681113402119149,0.9999776788825666,44800.12447333706,1.0859958430929872,0.1796660442372712,0.9249821877032244,12289,0.9998026364118121,2.4240640745879997e-05,0.9998623590197508,7264.778092403619,368,857,0,70,9.63152322194181,4.971472034523298,-1.8537138341065478,18.310422924678203,48467.70037652407,0,3,10,10,8,34,22,21,89,2,2,35,0.8,0.3,uniform,297,1
801,49323.991849488586,45104.131952633026,9452,1.8867911732757502e-05,35573,8970,108058,0.8909077789788965,0.36843761500327926,0.9999777964425262,45037.327885777224,1.101526066251607,0.1916308807454724,0.9144460993803503,16385,0.9995615211174727,2.445779732098909e-05,0.9995844260548322,2405.8105910103914,368,857,0,72,11.059038066900664,11.229432072519382,-1.2565653910772607,24.80160092157457,49323.99184920159,4,5,10,13,12,34,24,29,89,1,2,35,0.8,0.3,uniform,298,2
837,43018.9751450653,38803.78171079963,9033,2.1626521978603498e-05,31209,8279,93545,0.8837073776212507,0.3685847692199341,0.9999741815746946,38731.52908842593,1.1191982962198337,0.20997710823048685,0.9020154845611381,12289,0.9995545533986883,2.8895937613148482e-05,0.9996504038138039,2859.9430748922227,368,857,0,70,8.936413967523857,8.491359059166117,-1.3429110372210742,20.11359510113212,43018.97514485753,4,3,10,7,9,34,28,21,89,2,1,35,0.8,0.3,uniform,299,1
828,40989.51081757309,35944.62435266456,10558,2.2106973916845084e-05,30154,8653,87775,0.8581604059475446,0.3694247871943717,0.9999720687964798,35801.752459777985,1.1607991892103915,0.2575780922829056,0.8769225012867029,16385,0.9996744684610186,3.242251839995901e-05,0.9997306898658624,3712.691102732194,368,857,0,72,8.296893741507247,6.3208799028143865,-1.6039542820200634,17.825682208361762,40989.51081740307,2,1,10,7,4,34,24,19,89,1,1,35,0.8,0.3,uniform,300,1
833,90084.80445587449,85599.20307030667,10854,1.0659562778746969e-05,63854,13570,201577,0.9287881348303424,0.36799305818986733,0.9999883140223346,85572.1434380142,1.054478407849852,0.12048646900617437,0.9502069032323319,16385,0.9997063480210489,1.2322611122971103e-05,0.9997880194166417,4716.9131725307,368,857,0,78,19.61777860089692,8.736411091059026,-2.011226070124544,32.37664183220503,90084.8044548044,3,1,10,11,8,34,29,26,89,2,2,35,0.8,0.3,uniform,301,2
803,63610.472130045455,59396.62310316727,9438,1.4956315596001984e-05,45435,10511,140969,0.9160133611510326,0.36812193184915376,0.999983153271214,59358.20474794587,1.0749653039690172,0.1483717960889352,0.9337554197324086,12289,0.999503614702663,1.810964893081996e-05,0.999715872888291,3519.0514685549906,368,857,0,76,14.22968682959908,13.13802371545324,-1.6135191802615438,30.594748905575408,63610.47212959041,3,3,10,8,14,34,27,25,89,1,1,35,0.8,0.3,uniform,302,4
839,50756.998203254814,47216.0278177111,8015,1.8484268098046033e-05,36335,8514,112247,0.9092177137946122,0.3682781756663627,0.9999787987327154,47166.49179067846,1.0802661922399495,0.15790925948583845,0.9302368045611364,12289,0.9997339671437689,2.290301228018809e-05,0.9997902397495453,4766.847455798768,368,857,0,68,10.64734302985256,5.103486525431588,-1.4520605942370868,18.654950743758324,50756.99820305607,2,1,10,8,9,34,21,26,89,2,2,35,0.8,0.3,uniform,303,3
838,58096.67793619458,53510.99538752369,10310,1.6113251813976463e-05,41760,10239,127782,0.8988434175099335,0.3683150380488204,0.9999812906101119,53448.59726882158,1.0921551732234356,0.17746281485015528,0.9210680763243093,16385,0.9995696676623052,2.0433556954142154e-05,0.9996523264161965,2875.7610578155454,368,857,0,70,12.417504214281067,7.560046227113804,-1.448051378955459,22.87365319930579,58096.67793566104,3,3,10,11,13,34,32,26,89,2,2,35,0.8,0.3,uniform,304,1
848,31328.7127527482,26584.269574972524,9287,2.8576924064263922e-05,23425,7245,65917,0.8422776420406715,0.3707305569780149,0.9999621158911574,26395.79201874543,1.2149049226034496,0.2964373312524732,0.8485592684506488,16385,0.9997108891064157,4.602559032180673e-05,0.9997243819217227,3627.709005443972,368,857,0,74,5.981690608070493,11.341245479864417,-1.4071567392522528,20.137249566439415,31328.712752648444,2,2,10,7,7,34,30,24,89,1,2,35,0.8,0.3,uniform,305,1
796,75865.25063479923,71076.12039397273,12654,1.1771997380932916e-05,54228,12132,168417,0.893852567792881,0.3685715367578007,0.9999859056044788,70949.68714892546,1.0737513434393793,0.16679573182871207,0.9368732034659655,20481,0.999803983704893,1.5133876126024022e-05,0.9998636910370272,7335.774714753687,368,857,0,70,16.819103485142705,5.64013795779519,-2.2425172772693442,26.944275997476584,75865.25063439996,1,2,10,8,7,34,29,26,89,2,2,35,0.8,0.3,uniform,306,3
843,40187.81538859605,35646.75666827236,9430,2.2898700534181723e-05,29386,8203,86595,0.8719846639700229,0.36896672894027815,0.9999718678995502,35546.08144767574,1.1428671639874306,0.2346482362580952,0.887004091254677,16385,0.9996603565748905,3.2151253858265996e-05,0.9997061610257352,3402.7244881938905,368,857,0,74,8.03835653660918,9.894033717411151,-1.4961192376280754,20.924628729276485,40187.81538841003,3,4,10,11,12,34,28,30,89,1,2,35,0.8,0.3,uniform,307,1
835,30180.10960971967,26122.565095041682,8210,3.0166836488331166e-05,22324,6658,64179,0.8535547855098824,0.3696452697052577,0.9999615462734971,26004.78195365331,1.179802523262923,0.27203347191807165,0.8655556733507941,12289,0.9996094453383924,4.536780355713619e-05,0.9996831226738305,3155.2953474280675,368,857,0,68,5.904075722019859,8.125151521617784,-1.3246930467558409,16.678613337149322,30180.109609638544,0,4,10,7,8,34,23,22,89,1,2,35,0.8,0.3,uniform,308,1
840,53917.53411111209,49551.98414800355,9476,1.7566242322579592e-05,38780,9617,118449,0.9024713864939681,0.36825660643091396,0.9999797987578838,49501.406576496905,1.0944438018782583,0.1757498772193859,0.9190328334728345,12289,0.9996762730869261,2.210912422447152e-05,0.9998095662285632,5250.669419335566,368,857,0,74,11.150358887278045,10.387078057180311,-1.687149234317098,24.91173541309255,53917.5341106996,4,3,10,11,8,34,20,28,89,2,2,35,0.8,0.3,uniform,309,2
848,40812.86610363223,36579.7974353342,9109,2.23667456990239e-05,29726,7985,88436,0.8749158486248467,0.3689595041889979,0.9999725865234671,36477.908666526506,1.1294990415305741,0.22318942210209844,0.8962810242841215,16385,0.9997124997013692,3.09634954689052e-05,0.9997466884304246,3947.207545803014,368,857,0,68,8.342832956135966,6.993324956450579,-1.2828430116537606,17.901843935894068,40812.866103428445,3,1,10,8,7,34,23,26,89,2,2,35,0.8,0.3,uniform,310,1
841,29216.349476991814,25102.037270141802,8520,3.0466015511445263e-05,21728,6517,61878,0.8397161733704545,0.3703772871271215,0.9999599117017228,24944.435126753866,1.1948525624092994,0.29161754129172063,0.859177745320644,12289,0.9996463048467911,4.789960591975869e-05,0.9996695473206474,3025.6518619176572,368,857,0,68,5.740466926369502,10.765029276378112,-1.2075353273558456,18.920566857459306,29216.349476915086,4,3,10,12,10,34,23,25,89,2,1,35,0.8,0.3,uniform,311,1
829,43103.24300526272,39034.7556975348,9656,2.0232192522268607e-05,31352,7912,93913,0.8648567753733618,0.36957301460362424,0.9999742730424904,38869.234191174866,1.120217318297867,0.22402026684676707,0.9056106449523723,16385,0.9997662689591593,2.8819783349303565e-05,0.9997723055139651,4391.349855889458,368,857,0,68,9.145649085402695,6.788764805079923,-1.2532032680494525,18.440820426581524,43103.24300505915,3,2,10,14,8,34,27,26,89,2,2,35,0.8,0.3,uniform,312,1
803,29437.340689946774,26400.89787279378,6583,3.09218499430056e-05,21436,5740,63809,0.8739966731702385,0.36896891976903723,0.9999620169083823,26327.00408902776,1.1287249016705787,0.22362753719286124,0.8968506411929398,12289,0.9996641911887748,4.287246135168651e-05,0.9997178168255207,3543.2973763278533,368,857,0,68,6.154854204693622,7.290785168978301,-1.1769865648892879,15.799612503450499,29437.340689875382,2,3,10,6,12,34,22,26,89,2,2,35,0.8,0.3,uniform,313,1
825,35755.02962665642,31140.042197240036,9446,2.5135854700016337e-05,26414,7664,76283,0.8555238809366648,0.3699223785896742,0.9999677221873893,30980.533689404245,1.17314375546456,0.2641866081117083,0.8709276015820786,16385,0.9997696902123722,3.786651430441137e-05,0.9998063674288373,5163.920380676179,368,857,0,70,7.127972118876397,7.743763399073591,-1.5399138511958816,17.95156322034175,35755.02962654815,3,1,10,6,7,34,27,19,89,1,1,35,0.8,0.3,uniform,314,1
802,51885.265445649515,47203.59470573027,10273,1.7450006001339952e-05,37566,9506,113343,0.8866181010420484,0.36888610678288575,0.9999787609991805,47082.69418884664,1.1104117553954804,0.1979945541718602,0.9097687811807891,16385,0.9997667501887458,2.3584036182980176e-05,0.9997803230109995,4551.63812119306,368,857,0,72,11.431302433671686,5.577678144087234,-1.5076665053003429,20.024313588359604,51885.26544527783,3,0,10,11,8,34,34,21,89,2,1,35,0.8,0.3,uniform,315,2
839,42187.372850591455,38627.862613500954,8017,2.156943370927105e-05,30451,7540,92483,0.889704171875523,0.36875156839093,0.9999740546215071,38542.0096118179,1.1017958038624782,0.1900331653358122,0.915626169714415,12289,0.9997416778196773,2.8586509153416765e-05,0.9997477745636715,3964.2071653604303,368,857,0,68,8.982959647625444,7.055311327029957,-1.073625060458834,18.18552109557307,42187.37285041355,3,3,10,11,12,34,27,26,89,2,2,35,0.8,0.3,uniform,316,1
841,35029.373189479265,30454.346137114855,9351,2.584123344543028e-05,25874,7595,74666,0.8549474143724414,0.36968433402831746,0.9999670134921262,30314.92483176676,1.1739822928668964,0.2669473972434221,0.8693945498933885,16385,0.9996750987685404,3.872557614738445e-05,0.9997605593899583,4175.900966602006,368,857,0,68,6.7634660951009815,9.041985485193178,-1.566943700226705,18.93933898074757,35029.37318935292,3,3,10,9,11,34,27,23,89,1,2,35,0.8,0.3,uniform,317,2
809,33801.83339079118,28854.986229816262,10064,2.6086217818214333e-05,25238,7625,71342,0.8371574413578425,0.3708678321609868,0.999965085452889,28640.856759365797,1.2072301103063883,0.2977353294316216,0.8536515134021513,16385,0.9997123263307703,4.2149892560410245e-05,0.9997735925583431,4416.315933299381,368,857,0,74,6.680481280478576,9.395579348482515,-1.6759670237730844,19.42799467650726,33801.83339069797,1,3,10,8,13,34,24,29,89,1,2,35,0.8,0.3,uniform,318,2
823,30180.70059847028,27214.54792790309,6294,3.084442553236801e-05,21898,5811,65617,0.885112466323907,0.3685843685998453,0.9999631868730781,27163.723294789754,1.1196228726033337,0.20854386661650304,0.9017202181609552,12289,0.9995879629388554,4.121681891428643e-05,0.999595868752594,2473.943619011765,368,857,0,70,6.391636108006373,6.81806067889042,-0.9426775246495868,15.095051836195966,30180.700598379273,3,2,10,8,6,34,27,21,89,1,1,35,0.8,0.3,uniform,319,5
837,35972.520739072905,31834.85052956899,8659,2.5493150909557306e-05,26338,7396,77415,0.8679272376243743,0.36907875856876726,0.999968490187213,31735.645393099985,1.1465712227994886,0.24071151595986717,0.8849769178113329,12289,0.9996644964706201,3.6128244577420745e-05,0.9997131551670758,3485.7053569103996,368,857,0,68,7.187259602492166,5.803684884762748,-1.408324803458814,15.807594094172543,35972.52073890485,1,2,10,9,7,34,27,20,89,2,2,35,0.8,0.3,uniform,320,1
834,25088.243132714153,21930.56210650004,6335,3.7040778146600254e-05,18448,5412,53637,0.8659597152092547,0.36904217485057306,0.9999542640839657,21864.154445224834,1.1625368384860604,0.2525087136029622,0.8741370206949003,12289,0.9995493138682625,5.316968723200753e-05,0.9995496507093461,2219.998630391952,368,857,0,68,5.047829681142272,11.173471061179978,-0.9685355784864409,18.15837189929513,25088.243132651733,1,5,10,8,15,34,21,30,89,1,1,35,0.8,0.3,uniform,321,2
834,39420.8157990969,34074.58473292696,10959,2.2451581062731147e-05,29271,8575,83759,0.8469699721181096,0.37057761926286636,0.9999704553296608,33846.552224500265,1.1877624317840487,0.27800033504763394,0.8643805066486621,16385,0.9997882652970316,3.5092049488285644e-05,0.9997969667058163,4924.800555187174,368,857,0,68,7.924225717347093,11.243724845369117,-1.5292073279569227,22.226365218630058,39420.81579891774,3,1,10,13,7,34,28,22,89,2,1,35,0.8,0.3,uniform,322,2
828,38708.206770250465,34911.14628710307,8186,2.3946433342861853e-05,28087,7444,84165,0.8822484154505824,0.3686253597859803,0.9999713000550756,34842.77243714722,1.1195860027140094,0.21147970115452167,0.9019055440701619,12289,0.9995378862319445,3.2132056616106636e-05,0.9995546846563815,2245.0996583122596,368,857,0,72,8.278359140845364,7.542719422439953,-1.0714492577261843,17.963977078737685,38708.20677008621,4,5,10,13,9,34,26,23,89,1,1,35,0.8,0.3,uniform,323,1
835,37623.10290965206,33829.718296619896,8056,2.4534293623343246e-05,27344,7302,81670,0.8815076334801731,0.3687298768345724,0.999970375045651,33754.8262748167,1.1240130167183022,0.21412375314565735,0.8991740627523047,12289,0.9996260619907268,3.3298834308170346e-05,0.999636509810705,2750.6058577040967,368,857,0,70,7.881732707739682,10.056135317170984,-1.1297889472285636,20.197445919367794,37623.10290949242,2,3,10,10,13,34,26,28,89,2,1,35,0.8,0.3,uniform,324,1
845,65570.19730932421,60102.168226942646,12677,1.3885768196465907e-05,47287,11707,143828,0.8865371638722497,0.36863468085349776,0.9999833291162578,59984.322366851105,1.0998456262051464,0.1933347850121126,0.9166080123781478,20481,0.9997533439712744,1.83353985693166e-05,0.9998505069306114,6688.773303620635,368,857,0,72,13.420911423843169,7.185876661340009,-2.0986619037062257,24.80411189259563,65570.1973088962,2,4,10,11,13,34,32,24,89,1,2,35,0.8,0.3,uniform,325,2
810,41177.9482099303,36509.17323769362,10148,2.191844164712282e-05,30156,8360,88701,0.8610264178828082,0.3692963387762827,0.9999725098033729,36376.10412193715,1.1455120856661207,0.24644258495504037,0.8866195336291482,16385,0.9996940781128755,3.1490352473772e-05,0.9997443983532628,3911.837840229423,368,857,0,68,8.648892130673957,6.624717901506363,-1.518502489013832,18.310615010207982,41177.94820973554,3,1,10,6,8,34,25,20,89,2,2,35,0.8,0.3,uniform,326,1
830,33764.39134232809,30247.845355857087,7315,2.7607223095492074e-05,24566,6673,73149,0.8822783515259277,0.36865879534037393,0.9999668728683152,30186.23664304933,1.1282178721499851,0.2166483596826959,0.895850455267572,12289,0.9995253265241328,3.7374622019947016e-05,0.9995687600409446,2318.394535399378,368,857,0,68,7.096229780716575,8.609122345349828,-1.0397681330663837,17.78488839219917,33764.39134219928,2,4,10,10,10,34,25,24,89,2,1,35,0.8,0.3,uniform,327,1
838,34158.464499436894,30718.834615966385,7413,2.6896290030517968e-05,24829,6619,74154,0.8786792020821093,0.368779154345086,0.99996737109001,30647.16797963974,1.1241182482059433,0.21701795173264313,0.899303732358133,12289,0.999762012182533,3.667875313907026e-05,0.9997620125209759,4201.401710880054,368,857,0,68,7.05738567427266,7.7818922132859045,-1.094992487858375,17.029262863275314,34158.464499329035,3,3,10,4,10,34,22,29,89,1,2,35,0.8,0.3,uniform,328,1
842,26657.831774137747,23359.07821594929,6715,3.465386031237229e-05,19589,5691,57066,0.864695665952208,0.3690798635504983,0.9999570563829533,23285.847741938804,1.1595979354436294,0.25189595526349584,0.8762557440478425,12289,0.9995003772481298,4.979732966803286e-05,0.9995506374480337,2224.87454176662,368,857,0,68,5.304723040460974,7.098430665995905,-1.027303509199661,14.457760724856202,26657.831774071274,1,1,10,8,6,34,24,21,89,1,2,35,0.8,0.3,uniform,329,3
785,46634.1540387144,43197.65163263567,7994,2.002853939757731e-05,33441,8005,102890,0.9002147650840809,0.36828428446491634,0.9999768258363553,43151.00334165054,1.0852564763357215,0.17141942777312097,0.9263093224929987,12289,0.9995659132409849,2.5149911179285817e-05,0.9996864591494963,3188.877046722389,368,857,0,68,10.596900936941463,5.303978214522942,-1.28441219388266,18.469703539229727,46634.15403848469,4,3,10,10,9,34,29,22,89,1,2,35,0.8,0.3,uniform,330,1
837,49509.64047811834,44456.01317035678,11326,1.8110290593311842e-05,36070,9552,107382,0.8679928152389471,0.36917702117221446,0.9999774309922091,44308.04954832865,1.1285413455006663,0.228763527479173,0.8979263985971562,16385,0.9997418015032637,2.5470058418773682e-05,0.9997483527550909,3973.3165823484514,368,857,0,72,10.396746636499815,11.644430809429688,-1.4335139316887797,24.90820530930706,49509.64047786927,4,1,10,12,9,34,26,30,89,2,2,35,0.8,0.3,uniform,331,1
830,26638.220847506476,23930.734162228797,6012,3.394461991488103e-05,19391,5151,57793,0.8708446959346346,0.3690227280152269,0.9999580902587003,23860.301065381598,1.126954390391802,0.2256907484331021,0.8983608289466104,12289,0.9995637430824877,4.7230366958001705e-05,0.9996340205423289,2731.8937665779767,368,857,0,68,5.465567506457184,6.2286125117968085,-0.9532808905044149,13.60074179926282,26638.220847390632,2,3,10,7,9,34,22,23,89,1,2,35,0.8,0.3,uniform,332,2
827,71969.70952061248,68837.67910898736,7406,1.3426625734847345e-05,50868,10415,161632,0.9399698167961028,0.3679611405672448,0.9999854698141152,68821.74411369151,1.0470399972341278,0.10290440310696106,0.9564812692383023,12289,0.9994753483902987,1.5213685788812731e-05,0.9995436756445156,2190.923645538085,368,857,0,72,16.293136849486167,10.376931311870363,-1.1118714987565343,28.8938111588696,71969.70951998357,4,1,10,12,8,34,33,29,89,2,1,35,0.8,0.3,uniform,333,3
832,25918.26274283954,22471.949577607465,6869,3.56716909254519e-05,19131,5730,55169,0.8596237663258368,0.3692531841166918,0.9999553421977576,22392.003652690928,1.174911910095433,0.26502547906679064,0.8670314750866476,12289,0.9996260621946216,5.246898373335163e-05,0.9996803765988728,3128.1820300347963,368,857,0,70,5.0491331185682995,8.079956922990883,-1.1812185022956587,15.4915270461505,25918.262742794068,1,3,10,5,7,34,20,28,89,1,2,35,0.8,0.3,uniform,334,3
844,37728.58313683432,34458.40880100715,7149,2.4940388096347944e-05,27206,6924,82602,0.8943841934192083,0.3682811408301056,0.9999709476210186,34420.089121765595,1.1021066959484644,0.18948498474146117,0.9133236908482124,12289,0.9997243678668016,3.201882140872588e-05,0.9997256906600943,3645.019303398458,368,857,0,70,7.757182657396347,5.294793710489239,-1.1832398868432794,15.418456141572145,37728.583136691224,2,2,10,9,9,34,24,25,89,2,2,35,0.8,0.3,uniform,335,1
834,29905.746393904687,24288.898160344303,10440,3.0235569954362343e-05,22770,7786,61494,0.8213092931885547,0.3717993650129142,0.9999584254613461,24052.683324046524,1.2892045829596321,0.3490967877039128,0.8121816402915396,16385,0.9996802386841146,5.359808576735939e-05,0.9997093339647825,3439.8744221782727,368,857,0,78,5.514473242258541,16.840254191909068,-1.6571685788028712,25.66906459177335,29905.746393826088,2,2,10,6,10,34,22,31,89,2,2,35,0.8,0.3,uniform,336,3
844,40188.77636461511,34551.335276349644,11572,2.22654515312566e-05,29862,8974,85148,0.8427982025786314,0.37019614894093184,0.9999708874558989,34348.95418912211,1.192802292565623,0.28794108820363995,0.8597259832665858,16385,0.9997137863837294,3.472550934649807e-05,0.999738228536384,3819.6260766759215,368,857,0,72,7.891270962344297,11.831484739213762,-1.6321357590928385,22.987027219743734,40188.77636446471,3,4,10,6,9,34,23,26,89,1,1,35,0.8,0.3,uniform,337,4
849,52123.22563562776,48091.842594439804,9271,1.7268694117276506e-05,37519,8949,114741,0.8944400756808758,0.3687945586468999,0.9999791583896013,47980.43721322833,1.092887457161976,0.17786696596273197,0.9226566853446541,16385,0.9998460548376098,2.2777534592219514e-05,0.9998595131609723,7117.604480649408,368,857,0,70,10.971230476182578,8.232217132751547,-1.307503477967823,21.81845456486977,52123.22563536845,2,3,10,11,13,34,28,29,89,1,2,35,0.8,0.3,uniform,338,3
840,41036.21926897489,37261.5224793997,8215,2.265265327006712e-05,29686,7682,89556,0.8879132970778073,0.3685173828415682,0.9999731179026592,37198.978420969215,1.1105786534898496,0.20018900732921285,0.9080154834724498,12289,0.9996591614238148,2.9854683467908993e-05,0.9996594158007102,2935.6314835421363,368,857,0,70,8.64920612445786,8.086341799264424,-1.1213222728691237,18.978192469460534,41036.21926877333,3,5,10,10,12,34,31,27,89,2,1,35,0.8,0.3,uniform,339,1
845,40197.28591677061,35519.12909632997,9694,2.1988177529504386e-05,29557,8104,86426,0.8651732340667838,0.3700655453566583,0.9999716940847024,35327.80468192675,1.1546459764813577,0.24116056044359924,0.8836200824571372,16385,0.999780392939231,3.2683311208993056e-05,0.9997988600452276,4971.162630428397,368,857,0,72,8.09273933372918,7.319648392327035,-1.4214111790691775,18.25521008419457,40197.28591657306,3,1,10,8,9,34,23,28,89,2,2,35,0.8,0.3,uniform,340,1
808,23287.849990519593,19417.420495838312,7512,3.8453865632247115e-05,17541,5659,48546,0.829838093297355,0.37108079003988836,0.9999480867394788,19262.401034051905,1.2431413828274154,0.3225716415666586,0.8338004798099902,12289,0.9996992596843184,6.453552247158366e-05,0.9997033927052111,3370.9612224201173,368,857,0,68,4.490780719300279,6.607502096836128,-1.2735385852710202,13.645359986678448,23287.84999046805,2,1,10,8,6,34,19,23,89,2,2,35,0.8,0.3,uniform,341,2
837,33238.87064044821,30098.289256480635,6758,2.8017160305818177e-05,24072,6297,72431,0.8870704623997855,0.3685215563638666,0.9999667193691578,30047.007351942193,1.1140223758572625,0.20331617379852326,0.9055147986843508,12289,0.9995771566762937,3.707536744096285e-05,0.99958414406637,2404.178891693589,368,857,0,68,7.034118711254527,6.280306155036781,-0.908263759547595,15.130952385386498,33238.87064030688,3,3,10,10,9,34,24,29,89,2,1,35,0.8,0.3,uniform,342,2
798,55503.946271573164,51690.48696761737,8679,1.7196495342504803e-05,39682,9323,122826,0.9110546823415596,0.36809267452958994,0.9999806428074454,51659.883970776275,1.077874953535999,0.15636726004192295,0.9312939068278665,12289,0.99972006277882,2.0864633025533514e-05,0.9997270335032651,3662.9532286980534,368,857,0,74,12.491104901717838,7.3333201108215675,-1.4196585747937858,22.66374216212698,55503.946271281384,3,4,10,8,9,34,29,25,89,1,1,35,0.8,0.3,uniform,343,1
841,35183.71568166592,29536.54813153513,10984,2.443597310587246e-05,26586,8116,73602,0.830835989870754,0.37303029273236243,0.9999657152691124,29167.003259097462,1.2471544592219925,0.3121898806646995,0.839494850366998,20481,0.9998108190266519,4.275835500990987e-05,0.9998345458415221,6043.470166226348,368,857,0,70,6.564277650405162,11.51640516871419,-1.8028366614947984,21.68635614210895,35183.71568153934,1,5,10,11,9,34,25,27,89,1,2,35,0.8,0.3,uniform,344,3
844,25067.519514187632,21383.940390043852,7254,3.536978689118614e-05,18730,5661,52891,0.8442096474515163,0.37115397809709083,0.9999528542327548,21210.311876583724,1.2105299136749335,0.2893784522993751,0.8530537047329729,12289,0.999761867678577,5.707136155346614e-05,0.9997831560801649,4611.1118766046175,368,857,0,68,4.73372868668105,6.853058521789628,-1.2064418142963043,13.999670837063286,25067.519514124433,2,1,10,6,9,34,20,24,89,1,2,35,0.8,0.3,uniform,345,2
840,58533.283805976345,54706.40930524903,9210,1.597413021353531e-05,41811,9619,129779,0.906517608886371,0.36821425832632904,0.9999817044562882,54657.618705003435,1.074453940243628,0.15734637459481887,0.9346205397699456,12289,0.9996159825637001,1.965771903018401e-05,0.9996498186893343,2855.1635072225386,368,857,0,68,12.708885415046929,5.6582186889956345,-1.2276107291347438,20.822325562312052,58533.28380556303,3,2,10,12,5,34,31,19,89,2,1,35,0.8,0.3,uniform,346,1
828,73873.15243723114,70378.95180694142,8648,1.276965136126608e-05,52322,10928,165538,0.9289782888158198,0.36805887150082084,0.9999857844952375,70345.22578932722,1.051941043933495,0.11706553348116652,0.9526999929607892,12289,0.999709560445619,1.495387292004825e-05,0.9997222603124063,3599.993693338124,368,857,0,72,16.693121232412828,8.389173116978972,-1.1506353947834425,27.383565138958687,73873.15243659256,3,2,10,18,8,34,35,25,89,2,1,35,0.8,0.3,uniform,347,1
832,47558.61150856731,45024.60108895902,6147,2.0650592098875555e-05,33737,7375,106206,0.9252359915533852,0.367830201954819,0.9999777917994591,45027.911830031066,1.0576798359276087,0.12925104003283752,0.9467181580952629,12289,0.9996557253869973,2.3489165904719357e-05,0.9996784397494589,3109.337082472645,368,857,0,68,10.527223050049097,12.017680027311284,-0.9051354855921244,24.35517404854463,47558.61150826748,2,5,10,12,11,34,30,34,89,2,2,35,0.8,0.3,uniform,348,6
791,50897.260959556945,48420.9767408243,6631,1.9438108853185145e-05,35986,7781,113974,0.9222561505009614,0.3675547970119596,0.9999793634012003,48457.09757558978,1.0507125480388295,0.13028205987880181,0.9513473972459873,12289,0.9997502179637222,2.1683133307949588e-05,0.999785886595956,4669.922202870603,368,857,0,68,11.864146592340816,9.240392999181577,-1.0049459384329906,23.114431468388375,50897.260959210405,4,3,10,11,9,34,26,21,89,2,2,35,0.8,0.3,uniform,349,2
824,78668.58141300843,74701.24237306273,9201,1.2435508311510718e-05,55762,11907,175969,0.9333609024388627,0.3679343845731041,0.9999866111794237,74688.67775720978,1.0548952971576155,0.11695901762477373,0.9495689515599977,12289,0.9996779053649488,1.4123803860679848e-05,0.9998031515491879,5079.5501230508835,368,857,0,80,17.25009772782319,6.5714723889974955,-1.8442181488764053,27.510006414573496,78668.58141200233,4,4,10,12,10,34,27,28,89,2,2,35,0.8,0.3,uniform,350,2
837,43057.01459223418,42013.882711705606,6817,2.4937939979021488e-05,29419,6824,97791,0.9001718526211591,0.3613590272659293,0.9999765557465671,42653.87595678803,0.9901097345182805,0.1583249573747624,0.9757732418188436,12289,0.9998693700172048,2.321238354255593e-05,0.9999076120125647,10823.417990304586,368,857,0,72,9.208322137729967,4.9278829924588905,-1.0800923406360219,16.2963898114609,43057.01459196166,1,1,10,11,7,34,31,23,89,2,2,35,0.8,0.3,uniform,351,2
833,42094.70420185528,37757.05876061265,9286,2.2026968854473593e-05,30619,8279,91255,0.8778518804650246,0.36870189956776167,0.9999734575802881,37675.04016535854,1.1269909138176706,0.2205978204638561,0.8969550796593683,12289,0.9996250265492387,2.991306584608835e-05,0.999641424002653,2788.309057722857,368,857,0,68,8.738497118359373,7.701832270603602,-1.3682745987190452,19.176878586401067,42094.70420163161,2,3,10,9,10,34,28,26,89,2,2,35,0.8,0.3,uniform,352,3
836,44553.455801346936,40415.93678161544,9468,2.050224740157451e-05,32271,8341,97175,0.8769337982842347,0.3687176610304851,0.9999752033393092,40327.51079222928,1.1129956524378817,0.21250876794418638,0.907133600630674,16385,0.9997719717120122,2.759857554406297e-05,0.9998148738569717,5401.222202955634,368,857,0,68,9.098407196576908,6.708156212679422,-1.560314286938684,18.9271919831337,44553.45580109517,2,3,10,10,6,34,27,21,89,2,2,35,0.8,0.3,uniform,353,2
844,38756.82816009232,34562.5430441502,8259,2.320148827563253e-05,28414,7508,83764,0.8825816621391305,0.37066651046620597,0.9999708582337168,34314.50994863326,1.148564721598983,0.21309793375981795,0.8917794537102768,16385,0.9998854799458364,3.347120467803686e-05,0.9998895138536051,9050.408476876579,368,857,0,72,7.7644450948294805,5.45902989125032,-1.4196374075316314,16.062749801143063,38756.82815996389,4,2,10,12,9,34,28,21,89,2,1,35,0.8,0.3,uniform,354,1
838,38961.230980772176,35946.11801059247,6947,2.387594017432668e-05,27989,6808,85772,0.8966768573439498,0.3683338413557223,0.9999721472704455,35902.623892321324,1.090263723103812,0.1783054545537441,0.9226124818369394,12289,0.9997067441355987,3.036682062308898e-05,0.9997071598387045,3414.3321337783073,368,857,0,68,8.423341647973645,4.611582809141347,-0.8752814977511746,14.785487452617343,38961.230980586995,4,0,10,13,6,34,29,19,89,2,2,35,0.8,0.3,uniform,355,6
802,53244.65805544454,49744.20921018036,8337,1.752826166841897e-05,38043,8755,118028,0.9073202322517812,0.36822857892689304,0.9999798784899595,49697.55933818049,1.075009163680824,0.1565790880151497,0.9342572762582284,12289,0.9996174167969605,2.1630807680785278e-05,0.9996495041985113,2852.601194118376,368,857,0,68,12.052084960530395,7.78572774586472,-1.225884629267615,22.289581964930345,53244.65805509002,3,2,10,10,11,34,30,30,89,1,1,35,0.8,0.3,uniform,356,1
798,25898.521598221672,22636.652557970385,6564,3.572333966742938e-05,19051,5577,55366,0.8649086655239114,0.3691057347245785,0.9999556825644597,22563.98252575516,1.1631486654847525,0.2534507606971171,0.8740519211538598,12289,0.9994346797465324,5.1547766006531784e-05,0.9995595358146251,2269.8321110611378,368,857,0,68,5.411940652243323,6.1095471613114665,-1.0789168911478584,13.679321595850505,25898.521598130814,3,2,10,8,9,34,24,27,89,2,2,35,0.8,0.3,uniform,357,2
793,44368.898143481536,39358.482396444255,10741,2.0313459727720814e-05,32492,8971,95601,0.8642106342335837,0.36934160618114603,0.9999744975531543,39211.42370264408,1.1451099581900945,0.24208399237829656,0.8870736944867451,16385,0.9997226194324543,2.9203105841416494e-05,0.9997351032710877,3774.556031299112,368,857,0,68,9.685166085698944,9.030384914088467,-1.504972159770705,21.72549531932882,44368.89814328716,4,0,10,10,7,34,29,25,89,2,2,35,0.8,0.3,uniform,358,2
829,45845.36006358934,42865.90035919524,6958,2.107339939888647e-05,32701,7592,101678,0.9133367794755305,0.36793230879120675,0.9999766672609879,42857.734493402095,1.072342480545146,0.15177108414786092,0.9350106597426333,12289,0.9997055937190186,2.5020687230203552e-05,0.9997161999156022,3523.1071032508853,368,857,0,68,9.899258667575449,7.258166136103214,-1.1611418302179273,19.479708464114516,45845.360063353546,3,1,10,5,13,34,29,31,89,2,2,35,0.8,0.3,uniform,359,3
793,34301.89393041768,28199.310401400227,11589,2.497986104976421e-05,26179,8329,70971,0.8198948727658225,0.3740823204134116,0.9999639976290668,27775.448471525287,1.2873400739012608,0.3378530650088476,0.8220919363404041,20481,0.9998041185020272,4.6347294858073886e-05,0.9998313224908596,5927.972638260382,368,857,0,74,6.67676267779507,12.623010461572049,-1.9744085530521838,23.248590245471487,34301.893930309365,3,1,10,10,8,34,27,22,89,1,1,35,0.8,0.3,uniform,360,1
816,37364.665962126615,33635.638699621275,8248,2.4530439417642847e-05,27150,7219,81157,0.8748204947625671,0.36877089734335033,0.9999702001120808,33556.67318931194,1.122894375976852,0.2207433088886783,0.9001991007684871,12289,0.999653598127812,3.346212654954672e-05,0.9996583197687244,2926.2130455172746,368,857,0,68,8.044160642803654,6.942445431358067,-1.1138457204245993,17.21429751501092,37364.665961971274,2,4,10,14,9,34,30,24,89,2,1,35,0.8,0.3,uniform,361,3
829,36659.52501496194,32890.63364173547,8464,2.4656956546540726e-05,26699,7134,79478,0.867326431301075,0.369018729769867,0.9999695061719047,32793.02125938286,1.12863956152231,0.2308813329290428,0.8971920293105744,12289,0.9996023952800231,3.4416540770713315e-05,0.9996598269073415,2939.179862801431,368,857,0,68,7.706304949314937,6.097486019394367,-1.1379712906850319,16.079733550079368,36659.525014799874,5,2,10,11,6,34,29,23,89,1,1,35,0.8,0.3,uniform,362,1
829,34526.297242925706,30898.11984875502,7716,2.6524990638741928e-05,25158,6803,74753,0.8758185782519454,0.36892805803422535,0.9999675484709452,30814.68896142613,1.131208743024281,0.2234818273651101,0.8949155373180342,12289,0.9996483248435082,3.670945339153744e-05,0.9996601604317547,2942.0649153725594,368,857,0,68,7.234034104583828,8.270424539021667,-1.0955912857154626,17.69564121503642,34526.29724279056,2,3,10,8,13,34,27,32,89,1,1,35,0.8,0.3,uniform,363,4
817,55970.91973007821,50477.60651953193,12205,1.630282638071528e-05,40648,10709,121691,0.8756683634419101,0.3688182472008892,0.9999801408905147,50354.22515554177,1.1208574497831376,0.2180596648913231,0.9018541550319705,20481,0.999709870342663,2.225923081281873e-05,0.9997573719093412,4121.034288871985,368,857,0,72,11.866749412779479,9.20147055922509,-1.8348221244806275,24.737864220965825,55970.91972970754,2,1,10,12,8,34,27,22,89,1,1,35,0.8,0.3,uniform,364,2
844,30648.70238775091,26860.532752239214,7876,2.984170770815138e-05,22537,6516,65612,0.8596748619767519,0.3692562280192533,0.9999626376895381,26764.440056448067,1.1605274583966365,0.256976621729595,0.8764003256129473,12289,0.9995836227080623,4.33599872000403e-05,0.9995931864223709,2457.6283447662304,368,857,0,68,6.177704697307111,12.36208336703796,-1.0850209869667482,20.709830038278568,30648.702387635687,2,1,10,11,13,34,30,33,89,2,2,35,0.8,0.3,uniform,365,1
829,27916.358737137303,24430.097324577695,7044,3.354869019397999e-05,20500,6032,59721,0.8662107319367855,0.3687882478654887,0.9999589678836434,24370.653346512627,1.159438743174603,0.25232517128494,0.8751176166853805,12289,0.9996547615425172,4.757422541870126e-05,0.9996576461909309,2920.454765919639,368,857,0,70,5.572587435299557,16.311807763731306,-1.1623603902849284,24.209115979600718,27916.358737047693,1,3,10,8,12,34,25,29,89,2,2,35,0.8,0.3,uniform,366,2
844,66873.20085528596,63340.990981244955,8786,1.405011508354532e-05,47487,10231,149370,0.920247588885032,0.36810246454540047,0.9999842031593,63303.29719416481,1.0586521357916023,0.1313829738614271,0.9471804874170038,12289,0.9997397449435375,1.6723359145780412e-05,0.9997736228799277,4416.907533983151,368,857,0,68,14.397113315322127,8.530307647894528,-1.4496167450303405,25.826654453277335,66873.20085468741,2,5,10,10,10,34,30,28,89,1,2,35,0.8,0.3,uniform,367,1
776,62659.224745570005,60212.733549080636,6991,1.619068393653411e-05,44070,9087,141103,0.9336047514044015,0.3673195345096908,0.9999834142162246,60292.09837939023,1.03845179047215,0.11157176023781339,0.9609556101847185,12289,0.9998372227860226,1.722353685803054e-05,0.999843345890345,6382.990354366311,368,857,0,68,14.46036671081801,11.386424735819093,-1.6889180172575553,29.22462748115221,62659.22474493319,3,3,10,9,12,34,24,28,89,2,1,35,0.8,0.3,uniform,368,2
847,60595.51073689044,55680.74973638567,12397,1.461552184321845e-05,43715,10595,133087,0.8737227366068975,0.3689290116259909,0.9999819918948282,55530.050850919026,1.0986454937952748,0.20458611288596215,0.9188923248482057,20481,0.9997562873960603,1.9784523598986836e-05,0.9997877071135636,4709.97340789429,368,857,0,68,12.621794269089706,6.937568062628188,-1.6864727289121932,22.93230778954228,60595.510736538046,2,1,10,12,5,34,32,20,89,1,2,35,0.8,0.3,uniform,369,1
839,26940.773670616665,23516.152888306427,6804,3.468780465473765e-05,19816,5852,57555,0.8671202879350008,0.3689723540915247,0.9999573543445418,23448.547484537252,1.1640526213643327,0.2525539942982736,0.8728833542725853,12289,0.9995720196777759,4.96417870262281e-05,0.9995837928077229,2402.149459492173,368,857,0,68,5.252827072022664,8.934459490014175,-1.1692882248820917,16.52586301180102,26940.77367051545,2,2,10,4,8,34,17,21,89,2,2,35,0.8,0.3,uniform,370,2
836,55981.18770897918,50491.787847300955,12562,1.5835207715459833e-05,40738,10547,121708,0.8681994569686157,0.36931027074969175,0.9999801229250231,50308.71305731621,1.123707150647224,0.22439681103773904,0.9019420614972457,20481,0.9997852488096305,2.2336011285531548e-05,0.9998311946753236,5923.483734173801,368,857,0,68,11.634539733105864,6.935934253418842,-1.7580889053338598,22.086651797192427,55981.18770867805,5,1,10,11,8,34,23,23,89,2,1,35,0.8,0.3,uniform,371,2
832,42449.766511709786,35761.96687261247,13514,2.0756158408875792e-05,31891,9942,88967,0.827092724527636,0.3713322837965579,0.9999717958461942,35455.27033865351,1.2295759461906928,0.3183527522176631,0.8424537944807663,20481,0.9997696926592555,3.46791491027258e-05,0.9998512932680153,6724.145110616865,368,857,0,70,7.843695882677178,10.812245736078523,-2.3605749133519387,23.377091445459577,42449.76651148113,4,1,10,8,8,34,22,24,89,1,2,35,0.8,0.3,uniform,372,3
829,33299.05964251546,29598.36651883713,7775,2.7791554662344814e-05,24317,6770,71834,0.8721512768915678,0.36883694708134984,0.9999661298880487,29524.055494277793,1.139351627808608,0.23349007700124547,0.888864936024999,12289,0.9996340788263123,3.8589967185907724e-05,0.9996341086683143,2732.551871533461,368,857,0,70,6.810826319291487,5.449079410895677,-1.222722448480569,14.705350627148302,33299.059642415166,2,1,10,9,8,34,24,22,89,2,2,35,0.8,0.3,uniform,373,1
826,43533.01455585347,39392.47880149615,9019,2.1182761907239924e-05,31552,8241,94824,0.8835378000361338,0.3686471379199387,0.9999745636713462,39313.349634351755,1.115629073373752,0.20717609593584418,0.9048874561846629,12289,0.9996227558483346,2.8377507766291324e-05,0.9996639147560205,2974.9355732633917,368,857,0,70,9.297244925472839,5.605140011984654,-1.2434365649971206,17.389258067451735,43533.01455564093,3,2,10,12,8,34,28,20,89,1,1,35,0.8,0.3,uniform,374,3
830,40328.09341418158,36156.44479956966,8836,2.3073434764100834e-05,29333,7952,87405,0.8796328216735433,0.3686584650786658,0.999972285894283,36082.20857256956,1.1272547951789287,0.2191028449882725,0.8965572567051995,12289,0.999650098224129,3.1240858563629485e-05,0.999672672830348,3054.547315910549,368,857,0,70,8.456853458150867,8.858834918749304,-1.2607594126869621,19.837207202274094,40328.09341397699,4,1,10,8,9,34,24,31,89,2,1,35,0.8,0.3,uniform,375,1
843,91321.97493061786,84923.62712196281,15016,1.0222547910057804e-05,65378,15373,201919,0.9036444297433079,0.36826017095022895,0.9999882128538483,84837.67771660392,1.0805460343966984,0.16442920788132814,0.9299363837289304,20481,0.9998045316934778,1.2736554031339038e-05,0.9998767842714114,8115.346979838511,368,857,0,82,19.04530685050793,5.49695057889865,-2.620642124473797,29.783541678354176,91321.97492954799,2,2,10,9,7,34,28,20,89,2,1,35,0.8,0.3,uniform,376,1
827,35748.81725946134,30513.267352571038,10379,2.4598208797889085e-05,26722,8022,75448,0.8426168342108322,0.37128655692477874,0.9999669519376551,30258.460100939727,1.2102601702031015,0.2903312835406625,0.8535462063292554,16385,0.9997819513347665,3.9996753558649285e-05,0.9997860433611697,4673.344203441812,368,857,0,74,7.064316435377875,16.0571287977118,-1.5811049090880862,26.28365505126585,35748.81725936675,3,3,10,10,11,34,25,36,89,2,2,35,0.8,0.3,uniform,377,3
834,25973.483536230233,22367.443649450615,7317,3.452774400925031e-05,19281,5770,55080,0.8470838921634625,0.37012052150042357,0.9999550401573062,22241.570699440443,1.1898780760767258,0.281710383198833,0.8611645649398711,12289,0.9995785321793479,5.3496731125313046e-05,0.999652750680391,2879.275232030923,368,857,0,68,5.092883261777825,6.085499420301219,-1.1357698644018728,13.449922410882788,25973.483536169337,1,2,10,8,11,34,23,28,89,2,2,35,0.8,0.3,uniform,378,2
821,43728.60032713511,40060.20819683139,8722,2.1172877757809155e-05,31487,7938,95895,0.8834056307816341,0.3681897243949039,0.9999750141384726,40022.134354626476,1.0979516794010402,0.19945756175021448,0.916110003456311,16385,0.9998067441678742,2.7433268625611294e-05,0.9998074259226161,5192.306895372589,368,857,0,68,9.403049036563356,6.985709948488762,-1.2494723585354697,18.887703702123055,43728.60032688068,2,0,10,9,4,34,32,20,89,2,2,35,0.8,0.3,uniform,379,1
824,35403.46558453692,31603.061958519633,8075,2.5865129389857234e-05,25834,7035,76548,0.8731588936298351,0.3691058163227536,0.9999682582421233,31503.74131521461,1.1356608590705108,0.22808501559595615,0.8926544742648815,12289,0.9998537170112032,3.604787201851156e-05,0.9998537661017857,6837.859712959043,368,857,0,68,7.4290300772389015,6.118053024975751,-1.1640440937300178,15.87517128967469,35403.465584391946,3,2,10,8,7,34,25,24,89,2,1,35,0.8,0.3,uniform,380,1
840,72828.44615587339,69043.90965063713,9344,1.2997355102306668e-05,51687,11100,162754,0.9227448199317811,0.3680638375049257,0.9999855094265533,69009.88138068728,1.0574160513980437,0.12830151531725953,0.9480349134850923,12289,0.9996527328340343,1.532256495667963e-05,0.9997123464638973,3475.904311423253,368,857,0,72,16.093893839094427,4.18597755146285,-1.246212388354942,22.77229616726716,72828.44615528734,5,0,10,13,6,34,26,19,89,2,1,35,0.8,0.3,uniform,381,1
839,45018.678193440755,41272.0948831179,8345,2.0728331209909182e-05,32429,8096,98764,0.8948233480917225,0.36839026609069425,0.999975737759014,41215.80811143999,1.0981892438122653,0.1853675037757077,0.9167771364982293,12289,0.9995936414707907,2.6644532081876427e-05,0.9996016713205792,2509.9895490560584,368,857,0,68,9.614260057867401,6.510307685365122,-1.1172484506462201,18.359064644524967,45018.67819321465,5,3,10,11,7,34,26,28,89,2,1,35,0.8,0.3,uniform,382,5
822,39500.183689766694,36318.07267179651,6954,2.3866532412219318e-05,28408,7023,86797,0.9016387565390569,0.3682844945873575,0.9999724361053213,36278.843379889324,1.0940531536760303,0.17604981421394178,0.9194406020244767,12289,0.9995262896679095,3.0156365901222628e-05,0.9995371969395154,2160.2462601907146,368,857,0,70,8.536430684958635,7.33780560918614,-1.074319604478376,18.022875503101528,39500.18368958611,3,2,10,7,12,34,28,27,89,1,1,35,0.8,0.3,uniform,383,1
840,26212.824123089536,22542.722893756138,7352,3.443164353064063e-05,19462,5865,55549,0.8492549868661161,0.3700383263538197,0.9999553975918926,22419.814110066538,1.1913129126516686,0.2804734036087321,0.8599883319668484,12289,0.9996337001811599,5.313542471404103e-05,0.9996558611671879,2905.303980206071,368,857,0,68,5.091981612577966,7.112156059911698,-1.1491669881375108,14.502471648764686,26212.824123005,0,5,10,7,7,34,23,24,89,1,2,35,0.8,0.3,uniform,384,2
843,55257.48352507041,52618.8611588357,8238,1.8683921946333276e-05,38758,8926,123817,0.912830148946785,0.36564556246853436,0.999981092678022,52889.06316161892,1.0392193948145763,0.14908387922266503,0.9522485969699007,12289,0.9998761613820736,1.964885570353586e-05,0.9998997390411413,9973.472028047923,368,857,0,72,11.875606907060352,12.746575421248222,-1.2341163491074296,27.090415026523434,55257.4835247472,5,4,10,12,9,34,26,26,89,2,1,35,0.8,0.3,uniform,385,1
830,94190.07180933795,90707.20898656604,8346,1.052089781476344e-05,66361,13077,212342,0.9487626446678501,0.3678912102458651,0.9999889751235158,90703.46402390338,1.039220415452296,0.08860806494440512,0.9630230367610079,12289,0.9996485609811171,1.1457276720266617e-05,0.9998303753782574,5894.8705383605175,368,857,0,74,20.741266119817,5.328889603758256,-1.9551367255928636,29.98042917476098,94190.07180845093,2,2,10,10,9,34,33,24,89,1,2,35,0.8,0.3,uniform,386,2
844,27493.090251592035,24193.149595089417,6741,3.337779282812804e-05,20181,5758,58987,0.8673034225180342,0.3692163898617168,0.9999585248819888,24110.34157942614,1.154809087607537,0.24518887976260328,0.8799719992803817,12289,0.9996797986933106,4.7895843188967806e-05,0.9996817835794916,3142.01536725349,368,857,0,70,5.38568311951617,12.464474551288964,-1.1292671770450977,20.108692024895326,27493.090251488546,1,5,10,7,12,34,24,22,89,1,2,35,0.8,0.3,uniform,387,8
845,59206.41495191353,52758.29832876602,13675,1.555462021835415e-05,43208,11897,127892,0.8724351625459157,0.36891487897145,0.9999809948754598,52616.88737113855,1.1365984983194237,0.230971593384038,0.8910909125576246,20481,0.9998273872150405,2.1601196013206722e-05,0.9998516112146764,6738.55373633128,368,857,0,78,11.537385438931272,6.981881593389387,-2.4759672123582623,23.471201457037182,59206.41495169828,4,4,10,10,9,34,26,25,89,1,2,35,0.8,0.3,uniform,388,4
833,44346.60262275621,39613.447243401104,10309,2.0316145801424465e-05,32375,8739,95914,0.8682191209439647,0.3692054163215688,0.9999746702349265,39478.744953275476,1.135317383167022,0.23246425634215312,0.8932690420590119,16385,0.999716915532821,2.8757322599698863e-05,0.9997619000339422,4199.416580551841,368,857,0,68,8.957845669039365,9.087247022023302,-1.6895979377970132,21.424288566656692,44346.60262247351,2,2,10,6,9,34,21,27,89,2,1,35,0.8,0.3,uniform,389,1
823,36022.9231503459,32329.917408437635,7785,2.589431958911375e-05,26187,7078,78118,0.8816974129100847,0.3686218765281762,0.9999690085349541,32266.4482852151,1.1257381650498854,0.21611238953341982,0.897481786070079,12289,0.9995804281603924,3.488827499348166e-05,0.9995838717638906,2402.605338191816,368,857,0,68,7.60525634576269,11.994694119986102,-1.1487954525856765,21.897541370920145,36022.92315020353,4,4,10,10,13,34,28,30,89,1,2,35,0.8,0.3,uniform,390,2
837,39586.671509528314,35022.8819385131,9561,2.2936142937464262e-05,29014,8098,85177,0.8665766379880395,0.3693183850298764,0.9999713424346702,34894.29962530962,1.1484263162080635,0.2415206844985367,0.8847139858697962,16385,0.9997402463055067,3.2911102183178806e-05,0.9997565943933505,4107.8687792872515,368,857,0,70,7.727672224807786,13.191057492122187,-1.7315085420524048,24.381746801034783,39586.6715093099,2,2,10,7,12,34,21,28,89,1,2,35,0.8,0.3,uniform,391,2
835,45862.51727110408,42397.19864029315,7767,2.0500258481278197e-05,32910,7949,101077,0.903719341457831,0.368255862312873,0.9999763897774209,42354.03505794248,1.0874887267158135,0.1693539836482905,0.9244411594259726,12289,0.9996286296838099,2.56758508899605e-05,0.9996289675897978,2694.682310302275,368,857,0,70,9.937321837472638,9.058300838652492,-1.0477122393738032,21.091047154872737,45862.517270833894,2,4,10,12,9,34,31,28,89,1,2,35,0.8,0.3,uniform,392,1
827,65424.34175820957,62999.07024290479,8458,1.6015342123781655e-05,45759,9809,147516,0.9215479052473207,0.3662652970220826,0.9999841864932333,63236.58047376221,1.0306243924870702,0.129279099685228,0.9629301350211834,12289,0.9998655482499637,1.6297785804693183e-05,0.9998965220390353,9663.393545884343,368,857,0,68,14.549897808094485,7.922871569010553,-1.272192097041508,25.017153571188054,65424.34175773733,4,1,10,12,9,34,33,21,89,2,1,35,0.8,0.3,uniform,393,1
818,57162.136911672445,48557.73781510511,17531,1.5264497347543298e-05,42834,12982,120327,0.8315402395418358,0.37144288456826086,0.9999792240992541,48132.19047608467,1.2181371349372156,0.3066890243639613,0.8494738027400385,28673,0.9998429535084673,2.530789621030332e-05,0.9998915000367617,9216.092975456255,368,857,0,76,10.927588490673607,8.90269006843576,-3.0484841037730486,25.927246766655465,57162.13691128682,2,0,10,10,2,34,29,23,89,2,2,35,0.8,0.3,uniform,394,2
807,56589.78918352376,52717.569834425034,8604,1.673048722085372e-05,40466,9450,125248,0.9141283650564963,0.36815853583652186,0.9999810168815645,52677.883868652294,1.0779092002057944,0.15204156304765087,0.9315738862970331,12289,0.9995878977798199,2.0462078010384334e-05,0.9996724884565965,3052.8274664700702,368,857,0,76,12.505391369229665,12.852757547511175,-1.5193395311857087,28.396827979112256,56589.789183176035,3,2,10,10,12,34,28,30,89,1,2,35,0.8,0.3,uniform,395,1
833,27599.820395331306,24697.486270129986,6179,3.343739490900489e-05,20100,5463,59755,0.8761179232971968,0.36877760336143384,0.999959415049744,24639.17538591842,1.1304388223569604,0.22387826846312447,0.8948422821732467,12289,0.9994782442806782,4.587880337337767e-05,0.9995160673952455,2065.9034013302107,368,857,0,68,5.713839769571286,8.236959377342236,-0.9127677683036209,15.776334683520764,27599.82039524899,4,5,10,7,13,34,29,26,89,2,2,35,0.8,0.3,uniform,396,4
830,41444.097458034994,36151.23635305153,10879,2.203233856633908e-05,30542,8939,88499,0.8575501670200137,0.36939398851410665,0.999972230563209,36010.31316354687,1.1676597053102464,0.26249817627264627,0.8722891453881255,16385,0.9996601758120529,3.242525237984272e-05,0.9996812099677115,3136.3609123408346,368,857,0,70,8.540165461068982,14.258725118250217,-1.4463640468470704,25.69161867301334,41444.09745785162,5,4,10,10,13,34,23,32,89,1,1,35,0.8,0.3,uniform,397,1
836,46984.201433848066,43617.22246252319,7687,1.973680661973296e-05,33670,7944,103786,0.90505407458835,0.3683316012166561,0.9999770463284824,43565.51510084476,1.0829578304358563,0.1636081866970326,0.9283380611232597,12289,0.9996489353756604,2.485785830734636e-05,0.9996540386794693,2889.9965112582267,368,857,0,70,10.167657637535084,10.046949995442231,-1.072581939884745,22.359771512746807,46984.20143361489,2,3,10,8,11,34,27,28,89,2,1,35,0.8,0.3,uniform,398,2
815,37068.27906845844,33437.52926652437,7852,2.3992236567932378e-05,26977,6956,80597,0.8785205644984947,0.3693613304706893,0.9999699829104677,33313.855772174946,1.1238024376380864,0.21182531796252987,0.9020523775806066,16385,0.9997243668185842,3.373327838721498e-05,0.9997524839629398,4039.642233898311,368,857,0,68,7.941780275219862,9.675436493043893,-1.154729925587244,19.926676619438243,37068.27906828896,3,4,10,9,14,34,22,33,89,1,2,35,0.8,0.3,uniform,399,1
