n_cluster,mfpt,sd,mode,f_mode,median,q10,q90,S_mode,S_mfpt,lam1,tau1,A1,ratio,cv,t_cert,lam2,w1,mu2,tau_rel,n_blocked,n_open,pocket_free,chem_dist,G_tt,G_ss,G_st,R_st,mfpt_tetali,blk_t_r3,blk_s_r3,nsite_r3,blk_t_r6,blk_s_r6,nsite_r6,blk_t_r10,blk_s_r10,nsite_r10,deg_s,deg_t,N,q,p,scheme,rep,attempts
1001,16872.483918398488,15008.448521574239,3921,5.4676648445626394e-05,12319,3415,36412,0.8723984362150851,0.3688676186238732,0.9999332015819693,14969.914406648932,1.1385358749611192,0.23239020519820272,0.8895221707817648,8193,0.9991344579435484,7.605239531899077e-05,0.9991544418991327,1182.150771565426,220,1005,0,68,2.913761218968986,2.940300617477319,-0.4573644390459115,6.768790714538129,16872.483918364564,0,1,10,4,4,34,14,11,89,2,2,35,0.8,0.18,smart,0,1
1005,21666.89966866197,20020.101232944897,3647,4.3550203634967105e-05,15549,3766,47740,0.9051658348692241,0.36822052256705884,0.9999500047502731,20001.40028559925,1.0878473997836573,0.16832126680656842,0.9239947357074383,8193,0.999101948509651,5.4387202416980814e-05,0.9991282549463828,1146.624302563824,220,1005,1,68,3.868892986798598,3.2071102400180735,-0.44292784277683495,7.961858912370342,21666.899668616552,0,2,10,4,7,34,15,18,89,2,2,35,0.8,0.18,smart,1,1
1004,19820.01075386591,17896.008703048523,4112,4.695728870997612e-05,14372,3797,43123,0.8852173777007318,0.36855321235113137,0.9999440229747919,17863.972004743177,1.1177587020837056,0.2074670922768269,0.9029262862310955,8193,0.9992188565620289,6.256880704324132e-05,0.9992317193434633,1301.107612120633,220,1005,0,68,3.4655025967841055,3.249761644217773,-0.48270671672670146,7.680677674455281,19820.010753824252,0,1,10,5,5,34,19,10,89,2,2,35,0.8,0.18,smart,2,1
1003,26474.85636558567,24411.155589378686,4586,3.554585272012349e-05,19018,4646,58265,0.9021224723119279,0.36826163992105054,0.999958993404323,24385.820867442148,1.0905806547336996,0.1732209586587704,0.9220505392849057,8193,0.999179124144403,4.472099996201111e-05,0.9992250062434314,1289.83291101197,220,1005,0,68,4.783286725395695,3.083364814310902,-0.4958471460900285,8.858345831886654,26474.856365500902,2,0,10,5,5,34,15,10,89,2,1,35,0.8,0.18,smart,3,1
1000,23532.756629380507,21763.42776975298,3945,4.0096926958003225e-05,16881,4074,51876,0.9051545443260911,0.3682172733380988,0.9999540096511074,21743.19240290603,1.0867957308267138,0.1676386690318588,0.9248142116330507,8193,0.999088083812632,4.9982114835766645e-05,0.9991304490770823,1149.5188322579595,220,1005,0,68,4.2459367951042735,3.252960343804794,-0.4606145307598233,8.420126200428713,23532.756629320484,0,1,10,6,4,34,21,15,89,2,2,35,0.8,0.18,smart,4,1
999,18334.512810944263,16430.52801991579,3956,5.113291716885057e-05,13333,3628,39728,0.8832002433165257,0.36855847316594564,0.9999390272369378,16400.265677466316,1.1272869233329437,0.2157679367208808,0.8961529651394967,8193,0.9990533908391175,6.873379847936716e-05,0.9991113071003853,1124.7480295383536,220,1005,0,68,3.196153484593652,3.2950020746441306,-0.4744196507217289,7.4399948606812405,18334.51281090033,1,0,10,5,3,34,13,13,89,2,2,35,0.8,0.18,smart,5,1
1004,16213.395709851211,14291.05813602917,3982,5.673991912942242e-05,11887,3386,34818,0.8663277034240742,0.3690575938139945,0.9999298144629211,14247.449666108427,1.1516038707999823,0.24559938406860377,0.8814352274980846,8193,0.9991733925565262,8.082593617454193e-05,0.9992045574151102,1256.6616936879245,220,1005,0,68,2.7640208168091944,3.3113565273814705,-0.4657392847477286,7.006855913686122,16213.395709815753,1,0,10,4,5,34,11,17,89,2,2,35,0.8,0.18,smart,6,1
1000,24368.40057201919,22373.42805569455,4453,3.8426589355610797e-05,17540,4358,53504,0.8963438136342454,0.36834243663535265,0.9999552501777741,22345.957485011895,1.096086192916725,0.1827366546622317,0.9181328084939907,8193,0.9991666152879409,4.904966227749948e-05,0.999253487833736,1339.0628346517879,220,1005,0,68,4.3781937357648655,3.5228142857220868,-0.4954863786226248,8.8919807787322,24368.40057193745,3,0,10,9,6,34,19,16,89,2,2,35,0.8,0.18,smart,7,1
1001,24179.50596054523,22064.986973337407,4564,3.879082843617173e-05,17448,4440,52913,0.8951789551506609,0.3683725584805154,0.9999546194291807,22035.362083159827,1.103698304593627,0.18875489050302685,0.9125491235983821,8193,0.9991370414180833,5.008645907480661e-05,0.999219249222374,1280.3183838423133,220,1005,0,68,4.306329717295443,3.7588597485896313,-0.5247404046747897,9.114670275234655,24179.505960461018,1,0,10,8,6,34,18,18,89,2,2,35,0.8,0.18,smart,8,1
1001,18752.21403212496,16586.622451829153,4424,4.9523163780081755e-05,13720,3881,40347,0.8731648638366407,0.36886404884485763,0.9999395566901852,16543.928204866166,1.1458424500421303,0.2359188089694965,0.8845154190014113,8193,0.9993109271339286,6.925851020707588e-05,0.9993202378628415,1470.6027678898024,220,1005,0,68,3.2032482712725496,5.466534509881008,-0.5434478390344937,9.756678459222545,18752.21403208675,1,1,10,4,10,34,7,24,89,2,2,35,0.8,0.18,smart,9,1
1004,19812.32757617065,17988.581899601682,3890,4.7374014947943535e-05,14327,3719,43237,0.8918674616592668,0.36842390580869566,0.9999443303753278,17962.61733068696,1.1100845898944376,0.19634240273105075,0.9079489439311268,8193,0.9990988649642659,6.179799247397481e-05,0.9991277060459516,1145.9024620635614,220,1005,0,68,3.4872843282230823,3.0241886940890366,-0.45939447180272247,7.4302619659175635,19812.32757612954,0,1,10,5,5,34,16,10,89,2,2,35,0.8,0.18,smart,10,1
1004,21506.21843586953,19541.807263375616,4162,4.381030452484502e-05,15545,4027,46954,0.8940554953014105,0.36838163798764556,0.9999487603180518,19515.624256823477,1.10888279178561,0.193525422073196,0.9086584571642993,8193,0.9991586390584964,5.681880156901075e-05,0.9991621454719991,1193.024541618754,220,1005,0,68,3.811306372693425,3.661346181984573,-0.4728008854344837,8.418254325546965,21506.218435802104,2,0,10,4,8,34,14,14,89,2,2,35,0.8,0.18,smart,11,1
1003,16963.059614976657,14934.7738646538,4100,5.48453731417029e-05,12434,3571,36406,0.8710636167774634,0.368900225767458,0.9999328644711794,14894.742760295412,1.1521493314345572,0.24170167959441213,0.8804292505974519,8193,0.9991704319983236,7.735015464625886e-05,0.9991848168831258,1226.2181739912585,220,1005,0,68,2.896918831783505,4.768814143791634,-0.485545697616291,8.636824370807721,16963.05961493998,0,2,10,6,6,34,11,19,89,2,2,35,0.8,0.18,smart,12,1
1002,18838.657066072567,16927.66449413244,3989,4.9718282680463565e-05,13685,3686,40880,0.8849343072914294,0.36854631839226754,0.9999408205179023,16897.24841317314,1.123811894245676,0.21174545436064973,0.898560042510582,8193,0.9991879729211701,6.650660587689831e-05,0.9993023886246933,1432.9628058367368,220,1005,0,68,3.2377478432014715,2.926119017359581,-0.5224631480224927,7.2087931566060375,18838.65706603206,0,0,10,1,4,34,13,12,89,2,2,35,0.8,0.18,smart,13,1
1004,18208.58349230126,16474.967342229786,3670,5.153623857321232e-05,13187,3468,39662,0.8895484796474663,0.36844183447880813,0.9999392104145075,16449.686188809075,1.1145812619881463,0.20155329499143668,0.9047912677664103,8193,0.9990689837348002,6.775493291383337e-05,0.999085520868515,1093.01858981723,220,1005,0,68,3.188638697637774,3.3756104696656846,-0.438569169347626,7.44138750599871,18208.583492266705,1,1,10,4,5,34,16,17,89,2,2,35,0.8,0.18,smart,14,1
1001,20909.32016849598,18720.725901025362,4629,4.3057326233169376e-05,15255,4067,45280,0.8758193232323503,0.3692842042170691,0.9999463954192919,18654.62212856121,1.132770412258009,0.221384529133305,0.8953292479222655,8193,0.9995100879527238,6.072168298797318e-05,0.9995261882928979,2110.0429990396096,220,1005,0,68,3.643609449678641,3.3045264693520995,-0.53407689766461,8.01628971435996,20909.32016845297,0,1,10,8,2,34,17,17,89,2,2,35,0.8,0.18,smart,15,1
1004,24585.410032329204,22639.110277007956,4227,3.847607280364851e-05,17668,4343,54069,0.9044304415454726,0.368242534551646,0.9999557869016578,22617.231788359186,1.0919767175783026,0.1719312386672258,0.9208351720487105,8193,0.9991241456281519,4.8279674002147994e-05,0.9991445619540551,1168.491657237006,220,1005,0,68,4.430934481745772,3.632770747059115,-0.46655755655074416,8.996820341906375,24585.41003224851,1,0,10,6,9,34,15,15,89,2,1,35,0.8,0.18,smart,16,1
1002,17193.830420484217,15355.82942487066,3787,5.4476302211616604e-05,12522,3445,37188,0.8813632320985266,0.3686144414865008,0.9999347518480943,15325.604578270437,1.1319131723261173,0.22025342273285894,0.8931011327514422,8193,0.9990738609011932,7.385524261208222e-05,0.9990873960019041,1095.2654499113814,220,1005,0,68,2.972927806096967,3.368869148925648,-0.4589744734338775,7.259745901890369,17193.83042044953,0,1,10,4,5,34,14,17,89,2,2,35,0.8,0.18,smart,17,1
1003,20049.798566750895,18273.353312147283,3841,4.676220547305664e-05,14476,3703,43846,0.8935120957831936,0.36838541590101864,0.9999452018839613,18248.302550867007,1.1052889215094979,0.19157299696614563,0.9113983490313196,8193,0.9990963416623465,6.056775057708568e-05,0.999105989056562,1118.0544659218547,220,1005,0,68,3.5450048573594417,3.3646659679178197,-0.45296095853476553,7.815592742346793,20049.798566709447,0,0,10,3,4,34,17,15,89,2,2,35,0.8,0.18,smart,18,1
1003,24086.318215727413,22135.027813499895,4225,3.926985634707724e-05,17324,4295,52913,0.9027152746711876,0.36825976174524844,0.9999547777930401,22112.529572311574,1.0944806850855695,0.17541078558205056,0.9189876018098356,8193,0.9990180679852856,4.9494832054800436e-05,0.9990798030267015,1086.2237759101047,220,1005,0,68,4.328623650170433,3.1923204795972904,-0.4742314277270956,8.469406985221916,24086.31821565611,1,0,10,7,2,34,19,16,89,2,2,35,0.8,0.18,smart,19,1
1003,18686.662920832852,16853.54194238813,3780,5.06324918127982e-05,13548,3612,40633,0.8914530613552979,0.368408624020333,0.9999405811484643,16829.1756645458,1.1183232919996666,0.20228330847590031,0.9019021755670957,8193,0.9990644555570942,6.644948565649716e-05,0.9990835007116079,1090.6082448571408,220,1005,0,68,3.2675981696995944,5.698901445588203,-0.4585559520931671,9.883611519474133,18686.6629207907,1,2,10,3,10,34,16,18,89,2,2,35,0.8,0.18,smart,20,1
1003,23467.76723104929,21533.447677960805,4259,3.9996278002260136e-05,16894,4209,51510,0.8979684184824684,0.3683183529380945,0.9999535062559274,21507.769978386274,1.096729891770887,0.18148296589396382,0.9175754755855401,8193,0.9991831806651773,5.099107890474105e-05,0.9992185919383435,1279.2410190227752,220,1005,0,68,4.22686723962455,3.3266241617367105,-0.45264766186662825,8.458786725094516,23467.767230978257,2,0,10,6,5,34,17,14,89,2,2,35,0.8,0.18,smart,21,1
1005,16783.24996249555,14838.71568535274,3999,5.519634191331225e-05,12283,3477,36102,0.8712465704894655,0.36889775453747126,0.9999324312077218,14799.231738613307,1.1466098303921746,0.23827327894992378,0.8841383950374251,8193,0.9991074348877897,7.74750414539971e-05,0.9991872747135644,1229.9279953190721,220,1005,1,68,2.8612750245800918,2.922421356696567,-0.4786752167048913,6.741046814686442,16783.24996245704,1,0,10,5,3,34,9,12,89,2,2,35,0.8,0.18,smart,22,1
1003,23754.27820900275,21917.349173480216,4028,3.992118351603239e-05,17055,4162,52298,0.905324918088238,0.3682103612084092,0.9999543343736143,21897.809055896083,1.0894415081325293,0.16956945458664405,0.9226695494866122,8193,0.9991675337131875,4.9750028879538344e-05,0.999284014797625,1396.1768502309474,220,1005,0,68,4.206817650385742,2.8576352576947253,-0.5298280542846855,8.124109016649838,23754.27820892219,0,0,10,4,3,34,17,11,89,2,2,35,0.8,0.18,smart,23,1
1005,19334.79767912815,17451.46064906935,3976,4.842815895625177e-05,14018,3716,42059,0.8874127851212231,0.3684948523875597,0.9999426048143673,17422.56412464883,1.1178858035554957,0.20563959685453956,0.9025933934601315,8193,0.999075564900972,6.416126321162464e-05,0.9991020102944783,1113.0984372895134,220,1005,1,68,3.3813365993422,3.2338800475974003,-0.4663843318197068,7.547985310579015,19334.797679088584,0,1,10,7,4,34,15,13,89,2,2,35,0.8,0.18,smart,24,1
1004,18042.558773451026,16250.302330073842,3726,5.213748842359105e-05,13091,3502,39203,0.8882842595946876,0.3684687693798654,0.9999383655443577,16224.191031367893,1.120422038799518,0.20651172856272884,0.900665062761806,8193,0.999023945325197,6.905660245126978e-05,0.9990732748384432,1078.5684982790874,220,1005,0,68,3.1392675953357285,3.9273102649794,-0.45486761849196483,7.976313097299058,18042.55877341502,0,1,10,2,5,34,15,16,89,2,2,35,0.8,0.18,smart,25,1
1005,18704.16640874376,16737.116209628624,4138,4.968315085807673e-05,13616,3712,40496,0.8788355137027923,0.368686193386287,0.9999401270195886,16701.524733518545,1.1298539029037407,0.2212341309188514,0.8948335811321917,8193,0.999153013750907,6.764772059673162e-05,0.9991899208633283,1233.9472287000324,220,1005,1,68,3.245896046888535,3.27025121909269,-0.4763261239971018,7.468799513975428,18704.166408700323,1,1,10,7,4,34,12,16,89,2,2,35,0.8,0.18,smart,26,1
1005,19860.167769555457,17835.809867317414,4208,4.721791660571477e-05,14429,3896,43084,0.8852527461133602,0.36854678269794416,0.9999438351684999,17804.2360426255,1.124431144687258,0.21188139238433987,0.8980694460526526,8193,0.9991083073478926,6.315348577487334e-05,0.9991554461505981,1183.5570512393742,220,1005,1,68,3.447987734193464,3.9531756609495963,-0.5042844587433237,8.409732312629707,19860.16776950736,0,1,10,6,6,34,15,18,89,2,2,35,0.8,0.18,smart,27,1
1002,19914.98744396327,17922.197402937483,4208,4.68633525568831e-05,14459,3870,43251,0.8841648139431216,0.36856652934665424,0.999944102608989,17889.422618093457,1.1219784652237175,0.21129814978997388,0.8999351595559328,8193,0.9991151926224676,6.271566897688716e-05,0.9991675247504148,1200.7368448467225,220,1005,0,68,3.4753839359577614,3.305721910522179,-0.4996634580383768,7.7804327625566945,19914.987443920654,1,1,10,3,4,34,14,13,89,2,2,35,0.8,0.18,smart,28,1
996,15778.118648609328,13752.798543507099,4068,5.8566369591890005e-05,11620,3427,33681,0.8626698652205187,0.3691692236760602,0.9999270453572999,13706.646831869011,1.1672146979864062,0.2578254157290515,0.8716374144340244,8193,0.9992049782655178,8.51537312461239e-05,0.9992071166173314,1260.71945477641,220,1005,0,68,2.674174390819929,4.39303938976147,-0.4941225265661032,8.055458833713606,15778.11864858244,0,0,10,2,7,34,9,22,89,2,2,35,0.8,0.18,smart,29,1
1002,18072.974842844804,16067.114757506124,4143,5.1495707556629105e-05,13192,3676,38992,0.8760088656438173,0.36874785133331367,0.9999376197139404,16030.205577712484,1.1385913905788758,0.22923730243780194,0.8890132862585812,8193,0.9992467728789138,7.102565664934561e-05,0.9992487198355295,1330.5613007492602,220,1005,0,68,3.10306203546159,3.9418382238766134,-0.5043181726825929,8.053536604703389,18072.974842802356,0,0,10,4,7,34,16,16,89,2,2,35,0.8,0.18,smart,30,1
1002,19779.533288473984,17718.711617520003,4291,4.732666617473672e-05,14387,3918,42851,0.8823307896190579,0.3685793868297414,0.9999434572259284,17685.225827082504,1.1278898898419878,0.21694141805158115,0.8958103995226787,8193,0.9991474644903208,6.377402321925835e-05,0.9992563782942205,1344.2697211225934,220,1005,0,68,3.4160605010717626,3.417253845000243,-0.5319501353410003,7.897214616754007,19779.53328842794,1,0,10,4,6,34,13,15,89,2,2,35,0.8,0.18,smart,31,1
1004,19281.14817326219,17445.604434658544,3854,4.863268184316031e-05,13965,3668,41998,0.8909300987670982,0.36847013514778476,0.9999425905721934,17418.241797837993,1.114657680671065,0.1998843619356896,0.90480111857918,8193,0.9991788635029676,6.399185964766625e-05,0.999195027039993,1241.777685912658,220,1005,0,68,3.386569553877759,3.2147469135348308,-0.4542966160839972,7.509909699580584,19281.148173208014,1,0,10,7,3,34,15,17,89,2,2,35,0.8,0.18,smart,32,1
1004,20032.734038323404,18117.24882201675,4056,4.688911368431326e-05,14510,3824,43624,0.8891126345017907,0.36844442587631354,0.9999447208827354,18089.513900902588,1.1151308736758612,0.20246861922295345,0.9043822369606538,8193,0.9992179698393149,6.164345033158724e-05,0.9992182924780775,1278.750769646522,220,1005,0,68,3.519786141722609,4.33190228787522,-0.4707983280531312,8.793285085704092,20032.734038274215,1,1,10,4,7,34,17,20,89,2,2,35,0.8,0.18,smart,33,1
999,21378.732387192154,19532.479361325808,4006,4.3926229398748646e-05,15419,3908,46815,0.89566706780839,0.3683505561035686,0.9999487388317121,19507.4439891912,1.1021032621446725,0.1873824849596773,0.9136406690336597,8193,0.9991139616148638,5.6495100791652355e-05,0.9991821047577911,1222.1503990052006,220,1005,0,68,3.828499572886969,2.759300157257201,-0.45152693104580033,7.49085359223577,21378.73238714418,1,0,10,4,5,34,12,11,89,2,1,35,0.8,0.18,smart,34,1
998,17697.77446775995,15517.634760977087,4439,5.218888523012824e-05,13002,3769,37898,0.8651941647839201,0.36907559193743095,0.9999353565064211,15468.960950942253,1.158752389152583,0.25082249794099987,0.8768127760496425,8193,0.9991930339937588,7.490580262816203e-05,0.9993069700764946,1442.4390796054627,220,1005,0,68,2.9954945445429653,3.8826494570415258,-0.551153645382659,7.98045129234981,17697.774467728865,1,1,10,2,4,34,13,17,89,2,2,35,0.8,0.18,smart,35,1
1005,17098.893355921336,15330.817681797498,3687,5.462865368687716e-05,12434,3372,37061,0.8827635059496697,0.368599895784531,0.9999346483558037,15301.333824415426,1.126866526878274,0.21562798967473495,0.8965970699202265,8193,0.9992358372285712,7.364258032147216e-05,0.9993056670137582,1439.7310989485054,220,1005,1,68,2.945978390021873,2.9126721594265725,-0.45678645692050546,6.772223463289456,17098.89335588545,0,0,10,3,4,34,11,8,89,2,2,35,0.8,0.18,smart,36,1
1004,23369.061750525165,21108.040159326985,4816,4.002224714314897e-05,16940,4479,50854,0.886520986013635,0.36851465488453033,0.9999525455939621,21072.358840822653,1.1170748518347133,0.2060844398210284,0.9032472242430799,8193,0.9991250255026168,5.301012359391825e-05,0.9992116659383873,1267.9977053314592,220,1005,0,68,4.120015669972178,3.877325237072154,-0.535175913782622,9.067692734609576,23369.061750449095,2,0,10,6,6,34,15,18,89,2,2,35,0.8,0.18,smart,37,1
1003,21763.971837385598,19941.66694140623,3994,4.308551222239367e-05,15678,3927,47733,0.8970752121139269,0.36833629606646595,0.9999497931886809,19917.116226111808,1.098526309437739,0.18351429738294406,0.9162696538299568,8193,0.9990607981299052,5.5153503147373665e-05,0.9990610095949257,1064.473530172684,220,1005,0,68,3.891654077980222,4.380957764261617,-0.44812096435937776,9.168853770960594,21763.971837333094,0,3,10,6,6,34,19,15,89,1,2,35,0.8,0.18,smart,38,1
1003,18996.7094290204,17043.839282605855,4035,4.948840671738717e-05,13806,3743,41190,0.8855582034452765,0.36852216025099754,0.9999412275350413,17014.270444210673,1.1255579811432166,0.21240520707422708,0.8971995569174083,8193,0.9991744223375981,6.615181700600052e-05,0.9991851965231666,1226.7897368312852,220,1005,0,68,3.3024757204970854,4.710371299048616,-0.48550223144624477,8.983851482438192,18996.7094289958,0,1,10,5,7,34,17,17,89,2,2,35,0.8,0.18,smart,39,1
1002,16831.879446643954,14705.464760073559,4250,5.523912058521302e-05,12379,3637,35976,0.8662876645516753,0.3690260876168171,0.9999317948534044,14661.15017637347,1.1632063478860255,0.2524970555707843,0.8736674241690595,8193,0.99910447408109,7.933665947865075e-05,0.9992296393136216,1297.59317662292,220,1005,0,68,2.829010689021382,3.442289177873627,-0.5306458871505145,7.332591641196038,16831.879446621202,0,0,10,3,3,34,9,18,89,2,2,35,0.8,0.18,smart,40,1
1001,27391.134649911477,25489.754304186692,4313,3.449475254029515e-05,19596,4602,60588,0.9099451147594887,0.3681730218510325,0.999960738141264,25469.51166181713,1.0792219895401363,0.15745970567210288,0.930584097007061,8193,0.9990433554837966,4.237226129835096e-05,0.9991034756119554,1114.91855004239,220,1005,0,68,4.990789060803451,3.1132431893393364,-0.4819651149818548,9.067962480106496,27391.134649805455,2,1,10,9,6,34,23,10,89,2,2,35,0.8,0.18,smart,41,1
1004,16565.644112468766,14649.61304294505,3889,5.6353286483916756e-05,12118,3438,35639,0.8746155563162789,0.3687786914752687,0.9999315768515117,14614.436928554096,1.1456568114871688,0.23476298136048904,0.8843370619026192,8193,0.9990688739772099,7.838944612943858e-05,0.9991477839773933,1172.9113334232306,220,1005,0,68,2.8240841416740987,3.2195884459874597,-0.4758449643884534,6.995362516438465,16565.644112434013,0,0,10,3,3,34,13,16,89,2,2,35,0.8,0.18,smart,42,1
1002,20139.4690419197,17958.62616606385,4476,4.631161108429921e-05,14681,4050,43522,0.8802896698153876,0.36871204446298456,0.9999441969664609,17919.6727275123,1.1344062565908608,0.22225014923101202,0.8917129904807077,8193,0.9992621114840795,6.330331038330025e-05,0.9993592512755253,1560.1741419509979,220,1005,0,68,3.4679444585022137,5.470739187027456,-0.5519096416734351,10.04250292887654,20139.46904188,1,2,10,5,8,34,13,18,89,2,2,35,0.8,0.18,smart,43,1
1003,20312.671629959183,18406.23073105302,4097,4.5721167316054266e-05,14709,3831,44280,0.8878163160809904,0.36854301535713513,0.9999455754602407,18373.5644234192,1.1133326784833715,0.20169675730677053,0.9061452410772814,8193,0.9991993514622831,6.059261862580106e-05,0.9992627128025874,1355.8235035048124,220,1005,0,68,3.5803040231327077,3.655332707132753,-0.47007915331781513,8.175795036901091,20312.67162989937,1,1,10,8,6,34,19,20,89,2,2,35,0.8,0.18,smart,44,1
1001,17813.561381179352,15966.631003993343,3823,5.273661004939144e-05,12952,3524,38604,0.8842117996549006,0.3685356435047778,0.9999372595084237,15938.170140256609,1.1269065739248938,0.2146117734794533,0.8963188585558554,8193,0.999148196531595,7.07026724085877e-05,0.9991515809752981,1178.1627961829756,220,1005,0,68,3.0753697492542793,3.000445124221459,-0.4837833738515884,7.043381621178915,17813.561381144867,0,0,10,1,3,34,9,11,89,2,2,35,0.8,0.18,smart,45,1
1004,16884.95775637286,15006.872683056328,3832,5.548345457498522e-05,12323,3445,36424,0.8785688320722977,0.3686779269631831,0.9999332241594928,14974.976040931866,1.1385048588948543,0.2269475621609829,0.8887717043527876,8193,0.9990404533544172,7.60246188743242e-05,0.9990607329517869,1064.1598625484855,220,1005,0,68,2.907418286737226,3.6296994210268276,-0.45611911492486074,7.449355937613776,16884.957756343676,0,0,10,4,4,34,12,14,89,2,2,35,0.8,0.18,smart,46,1
1003,18295.45843668334,16451.979261773817,3879,5.095064338581504e-05,13289,3563,39717,0.8839170666101466,0.36860435210225356,0.9999391033969084,16420.777196473802,1.123114774925659,0.212019830682264,0.8992384267773661,8193,0.9991965433443614,6.839387467519471e-05,0.9992335621507176,1304.237170750665,220,1005,0,68,3.1807516650753556,3.494631404968944,-0.46739558051641633,7.610174231077132,18295.458436642737,0,1,10,4,5,34,14,15,89,2,2,35,0.8,0.18,smart,47,1
1000,21249.122050037804,19180.27929440822,4329,4.423664525487434e-05,15404,4087,46225,0.8892825413415176,0.3684667358684321,0.9999477827673547,19150.26592753135,1.1176051158582565,0.2037260640607172,0.9026386713409695,8193,0.9991130569971807,5.835824634044118e-05,0.9991518579616145,1178.5477240495918,220,1005,0,68,3.730531050415844,3.489773433766619,-0.5192933595819418,8.258891203346348,21249.122049988928,1,0,10,3,5,34,15,16,89,2,2,35,0.8,0.18,smart,48,1
1005,22304.483800287497,20382.54031002555,4120,4.22671564444165e-05,16082,4075,48848,0.8980887803773028,0.36832819731880734,0.9999508813118315,20358.349901871476,1.1016281588604904,0.18471622284066913,0.9138315189236895,8193,0.9991431919714491,5.4110530012687515e-05,0.999159324771582,1189.0199326408824,220,1005,1,68,3.9715007813724754,3.998005242835622,-0.467202462453397,8.903910949114891,22304.48380022501,1,1,10,7,9,34,19,19,89,2,2,35,0.8,0.18,smart,49,1
999,20971.243220381002,19087.962684359223,4042,4.478886588397703e-05,15149,3897,45828,0.893465741380492,0.3683938027959685,0.9999475404682696,19061.812734892766,1.106890685469214,0.19274012310685346,0.9101970009011433,8193,0.999047278445308,5.8066967036398505e-05,0.9990893577174017,1097.6259600745536,220,1005,0,68,3.7488250400975263,3.046655926464668,-0.44962205105910735,7.694725068680409,20971.243220327386,2,0,10,8,2,34,17,16,89,2,2,35,0.8,0.18,smart,50,1
1002,18100.86537607328,16238.760952103092,3874,5.180791491836163e-05,13157,3566,39245,0.8840581497163871,0.3685525279062211,0.9999383094049964,16209.426320607025,1.1258337512182288,0.21402291655739653,0.8971262210241273,8193,0.9991100219847433,6.945335398763935e-05,0.999124773290727,1142.0610365199714,220,1005,0,68,3.1454759377767716,3.170047132695928,-0.4674712430681623,7.250465556609024,18100.865376033118,0,0,10,3,2,34,11,13,89,2,2,35,0.8,0.18,smart,51,1
1004,18471.114195164588,16625.894155971033,3873,5.055930694847912e-05,13410,3586,40120,0.8854815846277205,0.36855920792769614,0.9999397460773811,16595.929846114297,1.1216825488567876,0.20967874266154898,0.9001023966558227,8193,0.9991860314030319,6.758577350163857e-05,0.9992493227778662,1331.6304064350268,220,1005,0,68,3.2037205769318633,2.8797230722955693,-0.47578424281202425,7.035012134851481,18471.114195114314,1,0,10,3,2,34,10,11,89,2,2,35,0.8,0.18,smart,52,1
997,60467.201543546515,58588.415357704485,4840,1.6000402925839347e-05,42499,8066,136781,0.9507576061631596,0.3679269809794481,0.9999829296517142,58580.61288846659,1.0328590959652506,0.08004339338433562,0.9689288384796676,8193,0.999011325883185,1.763126449852876e-05,0.9990133189649715,1012.9986721445928,220,1005,0,70,11.668608899965992,3.4284337790721082,-0.46122089804254024,16.019484475123182,60467.20154307254,2,2,10,11,9,34,23,16,89,2,1,35,0.8,0.18,smart,53,1
999,20640.144964387564,18831.06368061174,3855,4.5680580466227313e-05,14893,3798,45163,0.8973561239417522,0.36833948086203655,0.9999468321051587,18807.84294358828,1.1036956824668576,0.18677194402710853,0.9123513285930304,8193,0.9990896489415633,5.868117598248326e-05,0.9991045522047731,1116.259612879277,220,1005,0,68,3.668004818181177,4.117437216104459,-0.4641563358393103,8.713754705964256,20640.144964332332,1,1,10,4,9,34,19,15,89,2,2,35,0.8,0.18,smart,54,1
1002,17891.693379017404,15931.31967418472,4038,5.2136380277519066e-05,13050,3620,38634,0.8782357396391018,0.3686974471887281,0.9999370951094959,15896.515186843451,1.1362698251755652,0.22569132582696672,0.8904310696978674,8193,0.9991093824497488,7.147692893602937e-05,0.999172906237699,1208.5526957759184,220,1005,0,68,3.0921782343498827,4.481834625275906,-0.47901804887802574,8.532048957381841,17891.69337897182,1,2,10,6,6,34,13,15,89,2,2,35,0.8,0.18,smart,55,1
995,21608.001089829602,19790.652669650808,4006,4.332263734732655e-05,15569,3905,47380,0.895605279586594,0.3683556059888196,0.9999494075923265,19765.31162614151,1.0991332481724607,0.18539428905737762,0.9158946534376945,8193,0.9991075439747279,5.560779737912575e-05,0.999119484754746,1135.1986045984202,220,1005,0,68,3.8926090169315386,2.8973745295368794,-0.45070778503389847,7.691399116536215,21608.00108977805,1,1,10,6,3,34,18,10,89,2,2,35,0.8,0.18,smart,56,1
1002,16507.84316143495,14533.338100430743,4015,5.6349795610697684e-05,12101,3477,35428,0.8697906168692013,0.3688993781589492,0.9999310089519031,14494.13411831528,1.152244976164419,0.24321772146343767,0.8803898824519379,8193,0.9991700966259823,7.949458857014653e-05,0.9992002329700589,1249.8640550799284,220,1005,0,68,2.808786121317216,4.009500070554192,-0.48619255361321806,7.790671299097844,16507.843161401473,0,1,10,3,5,34,9,17,89,2,2,35,0.8,0.18,smart,57,2
1005,17233.182340743097,15334.150619206464,3868,5.4486912448737376e-05,12569,3504,37199,0.8801639601472229,0.36863907319246253,0.9999346567178188,15303.292008348293,1.1367352501524655,0.22445070930719413,0.8898037701924097,8193,0.999077637823678,7.427801221620854e-05,0.9991258178987178,1143.4263453490275,220,1005,1,68,2.9535031316551614,3.9740250201032823,-0.47598589137222996,7.8794999345029035,17233.182340712643,0,1,10,3,6,34,11,17,89,2,2,35,0.8,0.18,smart,58,1
1003,18862.79772738974,16976.010361814508,3989,4.943800648483066e-05,13696,3664,40967,0.883934460388824,0.36857152151118283,0.9999409857330687,16944.55501310916,1.1219839137685799,0.2114744619356104,0.8999730902677537,8193,0.9991009644995562,6.621305817988067e-05,0.999137383124634,1158.7631288831603,220,1005,0,68,3.297672926542024,3.452553041057911,-0.46360279177318214,7.677431551146299,18862.797727350757,0,0,10,4,7,34,19,17,89,2,2,35,0.8,0.18,smart,59,1
998,24614.87920081529,22671.074896239337,4234,3.845972904645033e-05,17687,4345,54140,0.9042651102216995,0.36823169742945855,0.9999558494365334,22649.267552648376,1.0917120856718456,0.17200978178514734,0.9210313287049742,8193,0.9990899007982894,4.8199703725810295e-05,0.9991123395985441,1126.0568821915417,220,1005,0,68,4.465548386699256,3.652563965619718,-0.467293136498977,9.052698625316928,24614.879200759184,1,1,10,8,7,34,18,16,89,2,1,35,0.8,0.18,smart,60,1
1003,16668.915268098208,14615.170850709343,4063,5.619003664063078e-05,12236,3567,35696,0.8721723793490976,0.3688797807342716,0.9999313992389602,14576.597753014938,1.1574981646390892,0.2437471145933515,0.8767919577034852,8193,0.99915749553475,7.940525499650273e-05,0.9991980237696969,1246.4196823993273,220,1005,0,68,2.8187708146421757,6.4386047517636,-0.5050408041154257,10.267457174636627,16668.915268069373,0,2,10,2,12,34,9,21,89,1,2,35,0.8,0.18,smart,61,1
1000,17225.622625979366,15275.60971804951,3973,5.4244528916135754e-05,12585,3540,37114,0.8765496530651786,0.36872929898471785,0.9999343891048016,15240.871065235868,1.1417450739489103,0.23064478342907588,0.8867957954106761,8193,0.9990723748315842,7.491091639027542e-05,0.9991373173121503,1158.6746908093482,220,1005,0,68,2.9619171730385867,4.391201136957198,-0.4832073521506634,8.319533014297111,17225.62262594625,0,1,10,2,6,34,12,15,89,2,2,35,0.8,0.18,smart,62,1
1003,19820.01469971508,17875.48653057017,4047,4.749294115603973e-05,14372,3826,43097,0.8894873212686787,0.3684583692619489,0.9999439721657787,17847.77155353302,1.1185970175854976,0.20418753776495316,0.901890679769634,8193,0.9990513353163307,6.267256826171434e-05,0.9991843374576861,1225.497140555718,220,1005,0,68,3.44798083979686,5.966794212209891,-0.504165660634043,10.423106373274836,19820.014699660976,0,3,10,2,7,34,17,17,89,1,2,35,0.8,0.18,smart,63,1
1003,19289.419523086413,17469.776630457087,3822,4.885125428232122e-05,13962,3662,42038,0.8921578831058089,0.36841592587467803,0.9999426785434515,17444.974346603332,1.1131151436737792,0.19813971049909848,0.9056662700268663,8193,0.9991151169870908,6.380538134152132e-05,0.999115806458142,1130.474031680894,220,1005,0,68,3.3735305484381652,4.183033315016208,-0.47281432155874425,8.502192506571863,19289.4195230345,0,2,10,3,8,34,15,20,89,2,2,35,0.8,0.18,smart,64,1
995,18798.7498727121,16834.156823082412,4106,4.947428530884336e-05,13681,3718,40717,0.8808341728484673,0.3686696745307277,0.9999404735953196,16798.767569966854,1.1288687146757415,0.2184187793232033,0.8954934204172028,8193,0.9991995182316071,6.719749594090819e-05,0.9992268700659394,1292.9435805863768,220,1005,0,68,3.279766882177866,3.664359015602074,-0.4988763083104604,7.941878514400861,18798.749872679422,0,2,10,4,6,34,16,14,89,2,2,35,0.8,0.18,smart,65,1
1005,15285.13363951673,13482.819599076083,3669,6.079018164448357e-05,11196,3196,32838,0.8712966503631954,0.3688832138422837,0.9999256383422551,13447.290566611095,1.1495666503738164,0.24003715548253476,0.8820871257689814,8193,0.9991060923287974,8.54836818101047e-05,0.9991396100881518,1161.76367198575,220,1005,1,68,2.59301139646074,3.0231075482197904,-0.4488062432413719,6.513731431163274,15285.133639503112,0,1,10,0,4,34,7,13,89,2,2,35,0.8,0.18,smart,66,1
1002,17191.08047315437,15272.335853608025,3917,5.4421532562871054e-05,12549,3512,37076,0.8779639322674554,0.36869964036986524,0.9999343817874867,15239.171446991646,1.139177779838485,0.22785071631284587,0.8883872004122917,8193,0.9990174947313702,7.475080964823336e-05,0.9991271697267486,1145.1980436312638,220,1005,0,68,2.958867967429835,3.421158149642014,-0.4724854204177927,7.324996957907435,17191.080473116617,1,0,10,5,4,34,13,18,89,2,2,35,0.8,0.18,smart,67,1
1004,16677.773228033395,14850.174377334612,3742,5.608129220202377e-05,12163,3377,36013,0.8795535324795076,0.36866784478473535,0.9999325207367372,14818.867480736591,1.136096135393054,0.22437048092908074,0.8904170943140777,8193,0.9990079218095229,7.666293021238106e-05,0.9991283835317063,1146.793532234899,220,1005,0,68,2.8585375111280995,3.3061697744377563,-0.4637280721383853,7.092163429842626,16677.773227997754,0,1,10,2,2,34,7,15,89,2,2,35,0.8,0.18,smart,68,1
1003,17574.179497045363,15687.946028689883,3901,5.3143962351702744e-05,12804,3524,38000,0.8799945862355139,0.3686591228021737,0.9999361272893829,15655.638435303063,1.1327542108764295,0.22197337865223526,0.8926701830561933,8193,0.9991410497196211,7.235208191214031e-05,0.9991475705130806,1172.617489207274,220,1005,0,68,3.044185997956586,3.8848327975103536,-0.4601369326525278,7.8492926607719955,17574.179497004705,1,2,10,6,6,34,13,16,89,2,2,35,0.8,0.18,smart,69,1
1004,17576.915709640918,15536.561859111149,4091,5.356012877377804e-05,12855,3665,37806,0.8771869068043867,0.36869365282924416,0.9999354976894247,15502.820590131865,1.1456870407592363,0.23274845641753242,0.8839185506584276,8193,0.9991064830592623,7.389946132537028e-05,0.9991421102574645,1165.1508861930167,220,1005,0,68,2.9967326167364288,6.501970258657768,-0.5046450146590995,10.507992904712397,17576.915709605553,1,1,10,2,8,34,11,21,89,2,2,35,0.8,0.18,smart,70,1
1004,20671.747045956185,18798.25093731412,3963,4.5651385437256195e-05,14936,3859,45151,0.8952291096286108,0.36835435162788693,0.9999467360546425,18773.92598461235,1.1078173312119484,0.19171093721250057,0.9093692417734688,8193,0.9991141335123594,5.9006721795952e-05,0.9991207380308501,1136.817398719485,220,1005,0,68,3.6602672639715976,4.536734039366733,-0.4576106336199783,9.112222570578288,20671.747045909713,1,0,10,5,8,34,19,19,89,2,2,35,0.8,0.18,smart,71,1
998,17706.08876983884,15782.426109483635,3966,5.27819663672576e-05,12907,3572,38255,0.8791978778354694,0.36866849005396085,0.9999365076936654,15749.439754806877,1.134705366703975,0.2239907441758578,0.8913558671618071,8193,0.9991127033356123,7.20450607424789e-05,0.9991442860850271,1168.1147922288656,220,1005,0,68,3.0642123552417164,3.3266849676978945,-0.48410202748515924,7.359101377909929,17706.08876980711,0,1,10,5,8,34,16,16,89,2,2,35,0.8,0.18,smart,72,1
1004,15512.142597949212,13613.390735495464,3824,5.9950746164192154e-05,11387,3302,33235,0.8688054298345247,0.36895425329981246,0.999926338182079,13575.054171363598,1.1567352737955652,0.24651655797088617,0.8775957705091769,8193,0.9990538602328364,8.52072231213156e-05,0.9990987388705221,1109.056264630565,220,1005,0,68,2.6306709634789573,3.6736734448286863,-0.4593972831178501,7.223138974543344,15512.142597915974,0,1,10,3,7,34,7,18,89,2,2,35,0.8,0.18,smart,73,1
1004,18305.123133650424,16427.830407327972,3922,5.107055587726191e-05,13305,3598,39696,0.8834315513312369,0.3685830920298893,0.9999390157195622,16397.16825994593,1.1255391773638843,0.21425695808569364,0.8974444087255872,8193,0.99907238375988,6.864019683606025e-05,0.9991089252399304,1121.7402189066536,220,1005,0,68,3.183517997034373,3.4778207310273537,-0.4629208741996937,7.587180476461114,18305.123133595014,1,2,10,3,6,34,14,11,89,2,2,35,0.8,0.18,smart,74,1
1003,22821.97748924288,20955.44582034358,4098,4.1221654734312106e-05,16423,4082,50112,0.8993234557678199,0.3682988800864667,0.9999522266730685,20931.682538667177,1.0957602504256412,0.17956375611761027,0.9182134120595339,8193,0.999049789560151,5.234811268247368e-05,0.9990712780154138,1076.2484184571829,220,1005,0,68,4.100307911947218,2.9185718924411033,-0.45043535608600044,7.919750516560322,22821.97748918659,2,0,10,7,4,34,23,11,89,2,2,35,0.8,0.18,smart,75,1
1002,20829.804471055864,18905.246357800654,4128,4.489683853641507e-05,15068,3912,45448,0.8902914708010397,0.3684509317859676,0.9999470245966159,18876.18494971748,1.110776311956755,0.198177568384575,0.9076055602956097,8193,0.9992010751645827,5.884382319553682e-05,0.9992161982087234,1275.3326912672603,220,1005,0,68,3.691675799282419,3.3049642390695255,-0.4659698037117205,7.928579645775386,20829.80447100064,1,1,10,7,6,34,14,18,89,2,2,35,0.8,0.18,smart,76,1
1004,16919.308247635323,14965.398398743133,3940,5.540302878519691e-05,12372,3513,36404,0.8763872233624453,0.3687369865432483,0.9999330304661767,14931.663067822155,1.1450219702453597,0.23287004068565642,0.8845159730945104,8193,0.999051801173874,7.668158756486961e-05,0.9991629540377971,1194.1774570856574,220,1005,0,68,2.878506640072164,3.3603632730358335,-0.4918734889309845,7.222616890969967,16919.308247595807,0,0,10,2,6,34,8,20,89,2,2,35,0.8,0.18,smart,77,1
1003,17715.962944515337,15802.30181147494,4000,5.2440020609659385e-05,12914,3558,38290,0.8768511915189676,0.3687222330669573,0.9999365784933366,15767.021969674572,1.1341680331354023,0.22578507375114798,0.8919809699854421,8193,0.9991878693891553,7.193064547100051e-05,0.9992426957836916,1319.9732400198623,220,1005,0,68,3.0485680014536425,4.418864840478045,-0.48402680303074086,8.435486447993169,17715.962944489183,0,2,10,4,7,34,13,17,89,1,2,35,0.8,0.18,smart,78,1
1004,17181.28291473485,15187.785610132405,4091,5.399916708513552e-05,12575,3564,36954,0.8715920601873852,0.36888769145616584,0.9999339859286959,15147.785507641982,1.1467848061457118,0.23810794690375042,0.8839727327408828,8193,0.9991613074234829,7.570393396363289e-05,0.9991887595222021,1232.1800406331195,220,1005,0,68,2.935607180231933,3.5754933937187334,-0.4869591374381353,7.485018848826937,17181.28291470374,0,1,10,6,4,34,13,12,89,2,2,35,0.8,0.18,smart,79,1
1003,17413.368556391182,15477.24112524425,3960,5.381993159586701e-05,12707,3554,37565,0.8781741257260667,0.3686729088590984,0.9999352558024951,15444.899559935606,1.1383521416001356,0.22741148487014431,0.8888137338346107,8193,0.9992294211848533,7.370169588603562e-05,0.9992444578677022,1323.0528631215561,220,1005,0,68,2.9818995271971116,4.857200138752928,-0.49035741325442167,8.819814492458882,17413.36855636444,0,2,10,4,7,34,12,18,89,2,2,35,0.8,0.18,smart,80,1
1003,25569.411951057955,23460.50484685019,4573,3.688740783377155e-05,18405,4590,56121,0.9006026382841026,0.3682980113616793,0.9999573286661901,23434.436538522885,1.096610170353901,0.17884650647238637,0.9175222680817066,8193,0.9991431439871016,4.679381863871342e-05,0.9992614020418391,1353.416489307152,220,1005,0,68,4.530864191493864,2.940045289319938,-0.5677224388123272,8.606354358438455,25569.411950985545,0,0,10,4,3,34,16,12,89,2,2,35,0.8,0.18,smart,81,1
1004,17442.590056837398,15437.907089131448,4043,5.3832779023199893e-05,12751,3616,37543,0.8770610532840807,0.36869631989696794,0.99993508391128,15404.001709320508,1.1440632027149638,0.23178897095131618,0.8850696507127893,8193,0.9991123469047284,7.426810836878197e-05,0.9991430737806904,1166.461537932576,220,1005,0,68,2.9891193955790922,6.027435235839055,-0.48550013764978145,9.98755490671771,17442.590056808946,1,1,10,4,9,34,11,17,89,2,2,35,0.8,0.18,smart,82,1
1005,21940.47846766123,19956.73795798684,4263,4.2790633448992955e-05,15854,4088,47928,0.8925132661531299,0.3684092691060563,0.9999498226825735,19928.82366810373,1.107779045169857,0.19429840631248638,0.9095853578308108,8193,0.9991153499059946,5.558538078836902e-05,0.9991619028324795,1192.6790014277997,220,1005,1,68,3.8888300396001263,3.728471647171881,-0.4774343320607677,8.572170350893543,21940.478467595993,1,1,10,2,6,34,15,15,89,2,1,35,0.8,0.18,smart,83,1
1002,22314.04561926857,20300.78966809539,4353,4.189737387980827e-05,16125,4149,48749,0.8914426174271662,0.36843591230551115,0.9999506687922802,20270.64368409035,1.1077326009319075,0.19507892357453585,0.9097762913312905,8193,0.999157532734161,5.464578703476832e-05,0.9992166155010053,1276.0123003100719,220,1005,0,68,3.9792734084225927,3.271012813700607,-0.4746279127772539,8.199542047677708,22314.04561921123,2,1,10,2,5,34,11,14,89,2,1,35,0.8,0.18,smart,84,1
1005,21532.138400764212,19670.4180764939,4066,4.353914559423093e-05,15531,3937,47147,0.8943768476033712,0.368371134822038,0.9999490965660616,19644.54007713065,1.1023191807095993,0.18883400823095634,0.913537601810871,8193,0.999141290531834,5.611183159438453e-05,0.9991602959885527,1190.395753246651,220,1005,1,68,3.8133128438753148,2.990910956154755,-0.4716898229333001,7.74760344589667,21532.13840071329,2,0,10,5,3,34,14,8,89,2,2,35,0.8,0.18,smart,85,1
1002,17756.919609411267,15774.536334804456,4048,5.264358173978243e-05,12963,3626,38295,0.8778280075989677,0.36870581907595107,0.9999364692602488,15739.911705894252,1.13927830270694,0.2279674678402293,0.8883599566697291,8193,0.9990696287204245,7.237919335362427e-05,0.9991404989390231,1162.9656242019405,220,1005,0,68,3.055399861243257,3.0146676221914617,-0.4888954699688748,7.047858423372468,17756.91960937278,0,0,10,5,2,34,16,13,89,2,2,35,0.8,0.18,smart,86,1
1001,18694.996270036998,16777.580103420412,4011,5.0013760003843066e-05,13589,3675,40541,0.8831967557149024,0.36857801053990075,0.9999402872943807,16746.35461546287,1.1255361172750238,0.21454938755075034,0.8974369323790835,8193,0.9990405026450883,6.72088068349102e-05,0.9991441933770813,1167.9881983380994,220,1005,0,68,3.2516296530822753,2.9360615860061308,-0.48363433692787317,7.154959912944152,18694.996270000793,1,0,10,3,3,34,16,11,89,2,2,35,0.8,0.18,smart,87,1
1001,23800.455495803024,21511.9246608685,4951,3.893587372218981e-05,17255,4536,51811,0.8838528424949645,0.3686088866486997,0.9999534263778617,21470.881307835425,1.1167904467663992,0.20802122887408858,0.9038450824885228,8193,0.9992325883663697,5.2012976275610934e-05,0.9992720864894477,1373.2895248987393,220,1005,0,68,4.216518638709675,3.983018563905881,-0.538817124671327,9.27717145195821,23800.45549572192,2,0,10,7,4,34,23,12,89,2,2,35,0.8,0.18,smart,88,1
1005,21666.351673179965,19863.194973431768,3943,4.33822400672988e-05,15603,3902,47533,0.8981801274750787,0.36832799595033605,0.9999495968091514,19839.513756117893,1.0977708356929938,0.18198726114470415,0.9167761731671575,8193,0.9991213557651079,5.5331152939542496e-05,0.999297942846667,1423.8853996278585,220,1005,1,68,3.795288388205789,3.0343535879458323,-0.5164233875457092,7.86248875124304,21666.35167315128,0,1,10,2,4,34,11,13,89,2,2,35,0.8,0.18,smart,89,1
1004,19754.865204162263,17833.549250555254,4076,4.729016610635672e-05,14323,3792,42976,0.8865714028736554,0.36851607234367284,0.9999438317195082,17803.142749625,1.117802374744283,0.20632891988254137,0.9027421380125542,8193,0.9991320979647665,6.278503731926597e-05,0.9991337964290025,1153.9629587425586,220,1005,0,68,3.4726433654474564,3.239125498011652,-0.46258874692581836,7.636946357310745,19754.865204113838,1,1,10,6,4,34,17,13,89,2,2,35,0.8,0.18,smart,90,1
1002,27956.873906747423,25975.61774164233,4440,3.3836921141875395e-05,20014,4733,61786,0.9098945962623773,0.36817247607399856,0.9999614721958135,25954.78141279306,1.0810565025984966,0.15881603983370976,0.9291316986400645,8193,0.9990938585923554,4.165073324670375e-05,0.9991853529635594,1227.025418913361,220,1005,0,68,5.034723924620601,3.0734659196261824,-0.5454904280083066,9.199170700263398,27956.873906670826,1,0,10,3,5,34,19,13,89,2,2,35,0.8,0.18,smart,91,1
1003,19184.967208901362,17159.965283543934,4228,4.853518495486669e-05,13967,3815,41528,0.8799551318822535,0.3686637758689581,0.9999416051228497,17124.289853427257,1.1302831836292346,0.22038088227945002,0.8944485073491355,8193,0.9990778549576603,6.60027476534562e-05,0.999228151315308,1295.09066455357,220,1005,0,68,3.3126222361806104,2.875899529153041,-0.5128946549189001,7.214311075171452,19184.967208864044,0,1,10,4,2,34,16,8,89,2,2,35,0.8,0.18,smart,92,1
1000,18289.622499729576,16555.31790127962,3656,5.1404906020855424e-05,13242,3478,39848,0.8908360067865188,0.3684211075521541,0.999939508830454,16530.838494536434,1.113923284886069,0.19989477639869585,0.9051754841590854,8193,0.9990712058433493,6.738252228748133e-05,0.9991136530600353,1127.726306668608,220,1005,0,68,3.2162273279147686,3.375764093430727,-0.44169717202403885,7.475385765393574,18289.622499694036,0,2,10,4,5,34,16,20,89,2,2,35,0.8,0.18,smart,93,1
1005,19669.297080693264,17642.140930929956,4218,4.75444689195713e-05,14300,3874,42641,0.8836342230438702,0.3685900493486087,0.9999432128214674,17609.10881612666,1.1262668650706023,0.2144458941616297,0.8969380480935896,8193,0.9992312351078533,6.395751754239442e-05,0.9992392647299936,1314.0176662397912,220,1005,1,68,3.4153359040184403,3.2219460488673795,-0.4989520722305037,7.6351860973468275,19669.297080650944,1,0,10,3,3,34,18,14,89,2,2,35,0.8,0.18,smart,94,1
1003,20087.44458657336,18343.847553478852,3768,4.6837825730366426e-05,14489,3681,43976,0.895918484771073,0.3683519799340919,0.9999454189713458,18320.884268652906,1.1026128852987296,0.18757985784406678,0.9131996593404447,8193,0.9990813225179259,6.018174548696247e-05,0.9990843193666559,1091.583739330968,220,1005,0,68,3.565848548412551,3.4767282278176457,-0.43962395139192123,7.92182467901404,20087.444586519425,0,2,10,6,9,34,20,14,89,2,2,35,0.8,0.18,smart,95,1
1005,19553.002711156187,17446.451231076604,4349,4.775868811283348e-05,14248,3927,42269,0.8798770117959834,0.3686666872260304,0.9999425636077641,17410.06429203168,1.1334019754745865,0.22242108100965122,0.8922645533681809,8193,0.9992153584513576,6.509852042447464e-05,0.9992843516029666,1396.834167798936,220,1005,1,68,3.3449633555547984,3.154087590091769,-0.546181462578179,7.591413870802926,19553.002711118213,0,1,10,5,5,34,15,13,89,2,2,35,0.8,0.18,smart,96,1
1002,18310.390521759407,16439.241124589716,3941,5.092050587561451e-05,13309,3591,39715,0.8821799395850676,0.36861424464558845,0.9999390540987402,16407.49428705263,1.1251865799628502,0.21523298453501893,0.8978094216534549,8193,0.9991479900302735,6.857551020160382e-05,0.9991481370427884,1173.397668675435,220,1005,0,68,3.196354036290585,3.1482283128472237,-0.45841453091872997,7.261411410975269,18310.390521718666,1,1,10,6,2,34,16,10,89,2,2,35,0.8,0.18,smart,97,1
1005,16377.301090570492,14491.98990714311,3810,5.720920099765555e-05,11974,3395,35246,0.8763112370465296,0.36873686004503664,0.9999308427785379,14459.305909785873,1.1444852465036184,0.23263906421026062,0.8848826694336784,8193,0.9991687729131562,7.914941965285089e-05,0.9991736678304889,1209.6670248007433,220,1005,1,68,2.794031221276584,4.072646375268618,-0.4651331748505227,7.796943946246247,16377.301090538713,0,2,10,2,8,34,9,19,89,2,2,35,0.8,0.18,smart,98,1
1005,20379.476304717944,18453.266219197103,4120,4.5872960399063917e-05,14757,3865,44408,0.8883090928145735,0.36849121529193046,0.99994572319366,18423.575902533117,1.113823454285497,0.20216417430933692,0.9054828467267869,8193,0.9992284987742822,6.045477992515817e-05,0.9992287568664131,1296.1079137224606,220,1005,1,68,3.5858101400410263,3.25662915350964,-0.4698070350167713,7.782053363584208,20379.476304665433,1,1,10,5,4,34,13,15,89,2,2,35,0.8,0.18,smart,99,1
1004,19761.15621663689,17879.19087757441,3992,4.733016451811515e-05,14314,3759,43043,0.8889546721821826,0.3684906249090512,0.9999439797779271,17850.196815125903,1.1148352241815724,0.202012471144737,0.9047644116350815,8193,0.9991823185750807,6.245331683354892e-05,0.9991982532577062,1246.7765945403023,220,1005,0,68,3.46584976693058,3.2151592190322282,-0.4706355351793189,7.622280056321446,19761.15621659169,1,1,10,6,4,34,21,11,89,2,2,35,0.8,0.18,smart,100,1
1000,18412.651498500927,16406.81886654182,4151,5.06313593258663e-05,13426,3716,39774,0.8779903226023292,0.36869215483639,0.9999389188309311,16371.157827329143,1.1353360282107485,0.22544281579097694,0.8910622605265509,8193,0.9990217193436572,6.934765188917663e-05,0.9991929116615917,1238.521675951427,220,1005,0,68,3.179265000735378,2.782035254679653,-0.5032652989565646,6.96783085332816,18412.651498459712,0,0,10,4,1,34,13,8,89,2,2,35,0.8,0.18,smart,101,1
1003,20127.435898053693,18290.756586307816,3889,4.683686959236476e-05,14547,3768,43946,0.8942911268332416,0.3683805757438431,0.9999452564318032,18266.486107947396,1.1087300432829326,0.19321884912206147,0.9087474767750481,8193,0.9991066659247839,6.0695838736500446e-05,0.9991247807215828,1142.0707371831325,220,1005,0,68,3.544563490118462,3.8574690515027754,-0.4688833489645712,8.339799239550379,20127.43589800141,1,2,10,6,8,34,15,12,89,2,2,35,0.8,0.18,smart,102,1
995,17001.963252121306,15086.350881263495,3911,5.49223783362296e-05,12419,3486,36644,0.8766739606033719,0.3687361768523117,0.9999335662842296,15052.097736486392,1.1409596543581897,0.23003225815771783,0.8873299311114083,8193,0.9991102137985778,7.579818938333238e-05,0.9991641834374327,1195.9347041512583,220,1005,0,68,2.940649452893394,3.39082970308464,-0.4768305977779126,7.285140351533859,17001.96325208975,0,1,10,4,6,34,10,15,89,2,2,35,0.8,0.18,smart,103,1
1004,19669.53675517702,17825.337964982293,3952,4.755063796645607e-05,14237,3719,42881,0.8888852100451888,0.36845647966745687,0.9999438134487009,17797.353340615697,1.1126981575507215,0.20091983096449048,0.9062408630589973,8193,0.9991728807131767,6.25186721098763e-05,0.9991929713467014,1238.613309813864,220,1005,0,68,3.452255424972604,3.285203807371118,-0.4659789883987638,7.66941720914125,19669.536755124267,1,2,10,4,4,34,16,10,89,2,2,35,0.8,0.18,smart,104,1
1002,20167.014993453737,18373.212078984154,3871,4.656585523740859e-05,14562,3733,44093,0.893533476265014,0.3683816672603588,0.9999455007675175,18348.382253970405,1.1057017853513058,0.19194709783557637,0.9110526314850336,8193,0.9991122774783711,6.0259898656366336e-05,0.9991123068470403,1126.0153177876075,220,1005,0,68,3.5836052154407896,3.4402209811675557,-0.4417470786487699,7.907320353905885,20167.014993388693,0,0,10,6,6,34,16,18,89,2,2,35,0.8,0.18,smart,105,1
999,24035.46712057294,21930.46565732739,4615,3.887949071355219e-05,17348,4415,52593,0.8922235564935233,0.36841743800927024,0.999954337593978,21899.35344496607,1.1040468079038348,0.19200791800088765,0.9124210296107043,8193,0.9992544315388393,5.0413433610143396e-05,0.9992544341688351,1340.7631210551783,220,1005,0,68,4.296827341943945,4.504694314818773,-0.5150779874877225,9.831677631738161,24035.467120511177,1,2,10,6,7,34,19,15,89,2,2,35,0.8,0.18,smart,106,1
1004,16828.351363779508,15081.091420368391,3649,5.546730584690502e-05,12240,3324,36465,0.8819823544993406,0.36861784774154355,0.9999335649331557,15051.791615439148,1.127509963432513,0.21683645183769593,0.8961716507077556,8193,0.9991118079608751,7.490619978840213e-05,0.9991118487128101,1125.434228390754,220,1005,0,68,2.925733470292089,3.097926953333757,-0.4265277575443802,6.876715938714606,16828.351363739075,1,0,10,5,5,34,14,18,89,2,2,35,0.8,0.18,smart,107,1
1004,21805.23248823303,19909.162465244746,4154,4.2899705813219974e-05,15733,3995,47731,0.8931454898139196,0.3683989338426206,0.9999497036102667,19881.642736121303,1.1031298865481605,0.1905047333130552,0.9130451819758639,8193,0.9991029216752326,5.548345070058662e-05,0.9991340998101192,1154.3674422033791,220,1005,0,68,3.8708924785881136,2.92494970142605,-0.47277933180524506,7.741400843624654,21805.232488174657,1,0,10,7,3,34,12,10,89,2,2,35,0.8,0.18,smart,108,1
1002,17069.53362212509,15214.626988930842,3877,5.4320342287172125e-05,12449,3434,36879,0.875988251666823,0.3687576678776994,0.9999341213706601,15178.929348451336,1.1353826471681396,0.2271298141956692,0.8913323190746134,8193,0.9991759843539061,7.479745257173574e-05,0.9992061961167206,1259.2569356016222,220,1005,0,68,2.943770111771622,3.2697666656199713,-0.4633224275685424,7.140181632528678,17069.533622094223,0,1,10,5,3,34,11,13,89,2,2,35,0.8,0.18,smart,109,1
1004,18210.838706680595,16334.210909692729,3925,5.11616357117352e-05,13242,3582,39479,0.8824456531447049,0.3686289219827849,0.9999386582515388,16301.611119629417,1.1265547711729311,0.215530984773377,0.8969499523215573,8193,0.9992395790169796,6.910483940142102e-05,0.9992437326740594,1321.7836925773033,220,1005,0,68,3.1688788738586346,3.4425009150390187,-0.45877823901737913,7.528936266932412,18210.838706637587,0,0,10,6,5,34,11,14,89,2,2,35,0.8,0.18,smart,110,1
1005,17200.552623376927,15295.68738687495,3891,5.440396141982401e-05,12551,3501,37116,0.878784670952464,0.368672467043673,0.9999344844869844,15263.060546405743,1.1378296291312884,0.22621366215361127,0.8892555792705688,8193,0.9990718127829941,7.454549187716382e-05,0.9991482566976232,1173.562580507726,220,1005,1,68,2.948838367410946,3.8063181267446686,-0.4741571795225428,7.703470853200701,17200.552623340784,1,2,10,2,5,34,11,17,89,2,2,35,0.8,0.18,smart,111,1
999,18482.073428002477,16432.23905809984,4126,5.119179914443354e-05,13480,3778,39878,0.8821805511629861,0.3685737320058913,0.9999390327801938,16401.756866379365,1.1373670728670213,0.22324335070266701,0.8890906705955999,8193,0.9990125000481493,6.934210833181054e-05,0.9991254019044347,1142.882247570785,220,1005,0,68,3.185760685793365,7.76094045095216,-0.5143541146009487,11.97540936594742,18482.073427969597,0,1,10,4,9,34,11,19,89,2,2,35,0.8,0.18,smart,112,1
1002,27576.057009921795,25065.98575569206,5294,3.417251705450653e-05,19929,5154,60217,0.8951967843356817,0.3683792396280122,0.9999600527614209,25032.519438524538,1.1084523082013944,0.19197813516614184,0.9089764264221453,8193,0.9992368205977493,4.427960880932469e-05,0.9992692105423403,1367.8831163653144,220,1005,0,68,4.927848418621063,6.8737056803421,-0.5763545773548143,12.95426325367279,27576.057009839144,1,3,10,7,6,34,16,23,89,2,1,35,0.8,0.18,smart,113,1
1001,19887.837263363825,17872.985457599854,4231,4.7010457879187906e-05,14447,3889,43160,0.8838991328161511,0.36856503135763635,0.9999439483542567,17840.18935848907,1.1237241097024402,0.21274309237204456,0.8986892451359902,8193,0.9991433617183711,6.298658571022733e-05,0.9991482222135715,1173.515048815425,220,1005,0,68,3.487733428499638,3.311292110586515,-0.48586043030430254,7.770746399694758,19887.837263313722,1,0,10,4,3,34,17,16,89,2,2,35,0.8,0.18,smart,114,1
1004,18707.703823208707,16594.43735246747,4352,4.963559727460106e-05,13671,3833,40313,0.8742886892562513,0.3688059513565576,0.999939592229218,16553.661604556888,1.1418594984588961,0.23263143575113293,0.8870376348315111,8193,0.9990950888412463,6.897718684828318e-05,0.9992302741850996,1298.6638467227478,220,1005,0,68,3.2005086851046793,3.480382718527732,-0.5261255426157885,7.733142488863988,18707.70382315675,0,2,10,4,5,34,12,14,89,2,2,35,0.8,0.18,smart,115,1
1004,24193.294143519586,21968.506988132154,4794,3.860650516218892e-05,17498,4534,52800,0.8899408397894746,0.36847178953751697,0.9999544099805193,21934.125411831395,1.1102590423075778,0.1981540823486462,0.9080411645396639,8193,0.9991921320460508,5.0616731367632375e-05,0.9992646643225616,1359.4230740538346,220,1005,0,68,4.273344285683504,3.8352241440319452,-0.5460370177929365,9.200642465301321,24193.29414345173,1,1,10,8,5,34,16,12,89,2,2,35,0.8,0.18,smart,116,1
1002,19102.841148878502,17112.638471528197,4149,4.8866742925529495e-05,13897,3779,41385,0.8819314079230584,0.36861739960403933,0.9999414501088245,17078.951039748645,1.1280779873637596,0.21719282318607258,0.8958164043851065,8193,0.999100554558049,6.60488433975657e-05,0.9991946113184963,1241.1364531680813,220,1005,0,68,3.314797585918504,3.015259279734615,-0.4981447591577658,7.326346383968651,19102.84114883211,0,1,10,4,3,34,18,16,89,2,2,35,0.8,0.18,smart,117,1
1000,24024.912672089744,21809.843607045033,4694,3.918278234262168e-05,17373,4516,52426,0.8929993987399277,0.3683952959834567,0.9999540864939672,21779.583601334623,1.1101537983529381,0.1953805228791995,0.9078011606003462,8193,0.9992323537391928,5.097105311793509e-05,0.9992326579105492,1302.6996610911917,220,1005,0,68,4.276113658794219,6.031111355887494,-0.5288688756098097,11.364962765901332,24024.912672020142,1,0,10,6,6,34,19,16,89,2,1,35,0.8,0.18,smart,118,1
1003,23849.47668990822,22009.90736450952,4088,3.945208176643088e-05,17126,4167,52513,0.9030965360128629,0.36826475765400574,0.999954520544417,21987.45009766942,1.0894914765203407,0.17140837315436006,0.9228675182555639,8193,0.9991654022449709,4.95494792145108e-05,0.9992147653695077,1273.0046440451733,220,1005,0,68,4.29997460860923,3.682480841018662,-0.45565384399940256,8.893763137626697,23849.476689832296,1,2,10,7,4,34,21,17,89,1,2,35,0.8,0.18,smart,119,1
1002,19376.288828025965,16750.303038188747,5361,4.663610573051273e-05,14349,4276,41175,0.8498480989051165,0.3698190723001417,0.9999400054960943,16667.69349438764,1.182640947721491,0.2766783695051976,0.8644742647498639,8193,0.9993764637658964,7.095195695717998e-05,0.9994134171281317,1704.2889041376848,220,1005,0,68,3.2287924715167415,4.997858952813083,-0.6387302486397273,9.504111921609278,19376.28882798391,0,0,10,4,2,34,10,15,89,2,2,35,0.8,0.18,smart,120,1
1000,20724.627269564484,18608.061893972994,4433,4.511810468001713e-05,15061,4067,44954,0.8834673440901107,0.3685736734629715,0.9999461608242018,18573.3355933883,1.1249429228873813,0.21390010745863497,0.8978719690317515,8193,0.999107130505278,6.056599978856568e-05,0.9992428207529084,1320.1911785370137,220,1005,0,68,3.6084363534957755,3.0706282472998163,-0.5364891004089011,7.752042801613394,20724.627269523382,2,0,10,5,2,34,16,12,89,2,2,35,0.8,0.18,smart,121,1
1004,18162.102353083315,16379.79940255651,3750,5.146744175031184e-05,13174,3499,39491,0.887073486997029,0.3685307141349686,0.999938845328877,16351.480663538654,1.1190654448800093,0.20647389421651266,0.90186692510164,8193,0.9992920559524414,6.8436079247249e-05,0.9993209646729514,1472.1773729274444,220,1005,0,68,3.168397746423418,3.666697067632858,-0.4495509294838507,7.734196673023978,18162.102353054488,0,2,10,6,7,34,10,14,89,2,2,35,0.8,0.18,smart,122,1
1003,18834.2691932593,16713.293625007605,4356,4.9487395675795956e-05,13758,3859,40594,0.8754529429401321,0.3687674271524859,0.999940029405111,16674.338753065644,1.1410295294682524,0.23128054268009468,0.8873874241422235,8193,0.9992075345168284,6.842821966847841e-05,0.9992346047735791,1306.0144864284662,220,1005,0,68,3.2320285001905797,3.5067216902166907,-0.5235585772222889,7.785867344851848,18834.269193225537,0,1,10,5,6,34,13,13,89,2,2,35,0.8,0.18,smart,123,1
1003,22178.197872493907,19892.567055254633,4742,4.22469594225515e-05,16123,4371,48080,0.884304676200946,0.36857198550308756,0.9999496390281597,19856.146193399716,1.1261610201935244,0.21381358518228283,0.8969424463439392,8193,0.9991927002768691,5.671456342567271e-05,0.9992919633959694,1411.8562998243367,220,1005,0,68,3.849523901427935,6.375751715343981,-0.5728485556844402,11.370972728140796,22178.19787241856,0,3,10,6,11,34,16,16,89,1,2,35,0.8,0.18,smart,124,1
1002,18922.125370861173,16869.345159023218,4242,4.940186199540664e-05,13793,3815,40886,0.8789483478230334,0.3686701910196954,0.9999405983371173,16834.045552730448,1.1344850262401682,0.22418200476212893,0.8915142896685855,8193,0.9991099302742942,6.739029707417634e-05,0.9992052948442866,1257.8282493639213,220,1005,0,68,3.2493799952087583,4.6918917873060435,-0.527491336293662,8.996254455102125,18922.125370827125,0,1,10,4,9,34,13,22,89,2,2,35,0.8,0.18,smart,125,1
1001,18694.180685323685,16677.658775489355,4124,5.0224354357692026e-05,13620,3763,40410,0.8818856694355248,0.36861093479130785,0.9999399249618025,16645.348753550406,1.1332197659320609,0.22060340966093503,0.8921310356533866,8193,0.9990267612779059,6.807822072471117e-05,0.9991137007224827,1127.7869792150536,220,1005,0,68,3.2386453723133926,4.104756580906394,-0.4964556637091453,8.336313280638077,18694.180685292802,0,2,10,5,5,34,15,18,89,2,2,35,0.8,0.18,smart,126,1
1003,17539.633616148498,15658.444284970974,3918,5.305325966678617e-05,12781,3512,37927,0.8784837973192468,0.36869126343962355,0.9999359997631673,15624.442174390062,1.1329268697812729,0.22337980859490428,0.8927463724529834,8193,0.99918680086613,7.250758798061435e-05,0.9992443993734575,1322.9504012790694,220,1005,0,68,3.0225390929334224,3.1113303499605127,-0.47489532702929027,7.083660096952516,17539.633616113006,0,0,10,5,5,34,11,13,89,2,2,35,0.8,0.18,smart,127,1
1005,22516.62947217158,20545.756634187772,4275,4.168536974201569e-05,16248,4139,49272,0.8943142911869276,0.36836545335694054,0.999951264805622,20518.552248899934,1.103754289432142,0.1898596770570611,0.9124703437333008,8193,0.9991186193075382,5.379167984139759e-05,0.9991514933206432,1178.0410348633282,220,1005,1,68,3.989741020360965,3.1503555462246324,-0.49118026761724726,8.122457101820093,22516.629472090517,1,1,10,8,5,34,14,14,89,2,2,35,0.8,0.18,smart,128,1
1002,16919.30720014206,15106.402484739869,3780,5.501807001654836e-05,12327,3387,36588,0.8784196191943192,0.3686954370460752,0.9999336628529867,15074.010205157148,1.1327078252933631,0.22341340311902735,0.8928499439157315,8193,0.9990727717047027,7.514060553001357e-05,0.9991368398023922,1158.0334224834676,220,1005,0,68,2.9172611543496227,4.271491876655396,-0.45984607122021126,8.108445173445443,16919.307200104868,0,3,10,2,7,34,11,17,89,1,2,35,0.8,0.18,smart,129,1
1004,26961.760460540594,25089.074697871107,4274,3.50201909750146e-05,19290,4532,59637,0.908999072983089,0.36817376133636814,0.9999601104479908,25068.721124302672,1.0793114351704538,0.15852080602285362,0.9305428973968438,8193,0.9990665645122025,4.305324962741789e-05,0.9990796475759858,1086.0402244702075,220,1005,0,68,4.900696496613367,3.3803366569245075,-0.4701721210081041,9.221377395554082,26961.760460459784,2,1,10,10,5,34,24,15,89,2,2,35,0.8,0.18,smart,130,1
1003,20443.20570639321,18378.161221909475,4443,4.516101713209884e-05,14858,3976,44372,0.8789385399836229,0.3687082551425656,0.9999454705238403,18338.205415464636,1.1241496727249285,0.21733382052749872,0.8989862688786654,8193,0.9991996697994859,6.129929277891111e-05,0.9992473450446192,1328.1299992123684,220,1005,0,68,3.5718015073094365,3.0392516799150053,-0.5046103982436054,7.6202739837116535,20443.205706348504,1,0,10,5,5,34,19,10,89,2,2,35,0.8,0.18,smart,131,1
1002,20548.50812815179,18600.755415928008,4128,4.563513799077877e-05,14880,3905,44770,0.8897912572424918,0.3684509853182573,0.9999461564605654,18571.830315931762,1.114062332206962,0.20089049649033028,0.9052119647773685,8193,0.9991291962653617,5.998505911706885e-05,0.9991481219963986,1173.3769345750447,220,1005,0,68,3.634876966923411,4.1332612404256075,-0.4666216614411787,8.701381530231377,20548.508128106598,2,0,10,7,6,34,19,18,89,2,2,35,0.8,0.18,smart,132,1
1000,17482.992543175187,15620.28108839533,3854,5.34623129594732e-05,12732,3495,37821,0.8808247862326996,0.3686362275963654,0.9999358536251121,15588.845483731799,1.1315202591701108,0.22044280980400469,0.8934557999621752,8193,0.9990979977913447,7.258292273794121e-05,0.99913630516656,1157.316278495312,220,1005,0,68,3.023966321092504,3.9376065501579305,-0.4726321875358296,7.906837246322093,17482.992543141667,0,2,10,1,7,34,14,15,89,2,2,35,0.8,0.18,smart,133,1
1001,22774.667939597584,20642.124437489743,4540,4.115541820445358e-05,16483,4305,49654,0.8903046296123869,0.36844180522298564,0.9999514828471932,20610.767190078823,1.1124140327020648,0.19934428954313962,0.9063633547692673,8193,0.9990756836409056,5.3971161609182154e-05,0.99919247890118,1237.8576690422922,220,1005,0,68,4.012130776870234,3.141703172691949,-0.5382524278314859,8.230338805225154,22774.667939532108,0,0,10,5,1,34,19,13,89,2,2,35,0.8,0.18,smart,134,1
1002,20787.524655697023,18570.682438493073,4593,4.497115549929699e-05,15139,4159,44967,0.8804760530674558,0.3686294186901263,0.9999460443921543,18533.254686202723,1.1316718034396822,0.22094982813363706,0.8933570853710856,8193,0.9992786889927393,6.106004003637295e-05,0.9993075246629277,1443.5946940491513,220,1005,0,68,3.598064770945393,3.7559042054817215,-0.5511417471513319,8.456252470729778,20787.52465566459,0,1,10,5,4,34,21,17,89,2,2,35,0.8,0.18,smart,135,1
1003,20486.210873471384,18369.00292127252,4424,4.55694456415829e-05,14897,4038,44404,0.8824295243738451,0.3686107423808326,0.9999454566862654,18333.55290735977,1.1268100882527445,0.21595013481623673,0.8966520473075603,8193,0.9990817237508113,6.145995616294092e-05,0.9991998744418138,1249.303779416144,220,1005,0,68,3.587104601559076,3.4765373677076874,-0.4978826114840122,8.059407192234788,20486.210873411088,1,1,10,3,6,34,14,13,89,2,1,35,0.8,0.18,smart,136,1
1001,19798.205430798946,18000.68055812456,3893,4.725558133369271e-05,14311,3693,43238,0.8905452818242591,0.3684399922515893,0.9999443650625428,17973.816957064315,1.1085066056844872,0.19663398349952874,0.9092076865775887,8193,0.9991400492582693,6.167169567818396e-05,0.9991442263835442,1168.0332659428166,220,1005,0,68,3.5157915994157296,3.126055340849038,-0.4398938013346425,7.521634542934052,19798.205430755614,1,0,10,5,2,34,17,12,89,2,2,35,0.8,0.18,smart,137,1
1004,19731.130675010278,17655.11200382481,4333,4.7321235482235805e-05,14361,3922,42719,0.8805784490781239,0.36863360759727,0.9999432475096955,17619.872152251715,1.129599451580756,0.21960221496519702,0.8947846068540425,8193,0.9991086048330237,6.410758192389533e-05,0.9992659886382415,1361.876670423723,220,1005,0,68,3.386622796533311,4.216351326667749,-0.5438813219890052,8.69073676717907,19731.130674982025,0,3,10,3,8,34,15,16,89,2,2,35,0.8,0.18,smart,138,1
997,17718.778786448835,16060.584239803062,3518,5.296755236985452e-05,12822,3349,38633,0.8910253337242787,0.3684251501889115,0.9999376454080265,16036.811255306766,1.1122419525755118,0.19854641464853862,0.9064159800948616,8193,0.9990960645537343,6.935339312862403e-05,0.9990988486361703,1109.1914152655265,220,1005,0,68,3.142632402110374,3.418370596400624,-0.4117866122150066,7.3845762229410115,17718.778786412022,2,1,10,6,7,34,17,17,89,2,2,35,0.8,0.18,smart,139,1
1003,36265.4433609801,33986.57655106585,5156,2.6269826947240382e-05,25863,5882,80530,0.9190190156950017,0.36809511218673,0.9999705600578058,33966.95799744129,1.0706236213873959,0.14217391329475962,0.9371614793942875,8193,0.9990430504193043,3.151909752559104e-05,0.9991237281492974,1140.6982881595966,220,1005,0,68,6.679909107679964,6.637768755615697,-0.5514853810183821,14.420648625332424,36265.4433608222,0,0,10,8,12,34,17,20,89,2,2,35,0.8,0.18,smart,140,1
1003,18779.06473524759,16782.272257201344,4148,4.9718835000283226e-05,13675,3750,40630,0.8802353544856766,0.3686487505104501,0.9999402933644218,16748.057174910362,1.1312841477310327,0.22088426971628475,0.8936692265457533,8193,0.9991710744095768,6.75451703441696e-05,0.9991783274017721,1216.529685389869,220,1005,0,68,3.24084184064987,3.495561415016324,-0.5037373687636485,7.7438779931934905,18779.064735208794,0,1,10,4,4,34,14,17,89,2,2,35,0.8,0.18,smart,141,1
1000,17917.00286753348,15971.442315546497,4023,5.211597023989783e-05,13062,3613,38712,0.8786398771491616,0.36867801811344764,0.999937257214184,15937.587330151124,1.1346975820029594,0.22453532154587533,0.8914126114523073,8193,0.9991025039992442,7.119408735401319e-05,0.9991464181254379,1171.0337087848475,220,1005,0,68,3.104034155521681,3.6508544136096304,-0.47936641797691165,7.713621405085134,17917.00286749296,0,1,10,6,7,34,14,17,89,2,2,35,0.8,0.18,smart,142,1
1004,17819.306095155625,15916.475961378674,3947,5.2461990450441055e-05,12979,3567,38543,0.8800907913897684,0.3686486458018949,0.9999370463877792,15884.212002913568,1.1318964078868008,0.2215013300138009,0.8932152507165104,8193,0.9991418047221476,7.125696753640685e-05,0.9991720242543041,1207.264778190651,220,1005,0,68,3.0646787394397252,3.420589942190862,-0.48498382930977313,7.455236340250133,17819.30609512248,0,2,10,3,5,34,12,11,89,2,2,35,0.8,0.18,smart,143,1
1005,25246.846733856208,23135.68068481072,4681,3.70658429010529e-05,18187,4553,55375,0.8952364149178419,0.3683562008746805,0.9999567220018192,23105.929175991863,1.0985140386487384,0.1854092928651856,0.9163790206634241,8193,0.9991099571592554,4.7541488566385656e-05,0.9992020076699224,1252.6448100705309,220,1005,1,68,4.459856434392107,4.238030418680729,-0.5643916718332253,9.826670196739288,25246.846733782295,0,1,10,2,4,34,18,19,89,2,2,35,0.8,0.18,smart,144,1
1001,24519.731579539675,22602.13299187965,4225,3.845447891755713e-05,17614,4309,53955,0.9032189515603312,0.3682465271232149,0.9999557128282949,22579.402064976497,1.0908343287621092,0.1723102060189567,0.9217936549819268,8193,0.9990429716445959,4.8309967219967266e-05,0.9991156127614907,1130.2263280713873,220,1005,0,68,4.4113653050919535,3.1572181990559507,-0.48768196353310167,8.543947431214107,24519.7315794684,0,0,10,6,5,34,20,14,89,2,2,35,0.8,0.18,smart,145,1
1001,23244.89395724739,21229.051856976064,4359,4.043161750817489e-05,16767,4257,50890,0.8958556346705148,0.3683515098943228,0.9999528357482458,21201.998982191788,1.1025672011820824,0.18752505423415505,0.9132780685522199,8193,0.9991700261167463,5.200175705262439e-05,0.9992035776531517,1255.115128177775,220,1005,0,68,4.1074470870754265,3.49241199355978,-0.536887369905992,8.67363382044719,23244.893957192002,1,1,10,3,6,34,18,16,89,2,2,35,0.8,0.18,smart,146,1
1003,19140.809616570776,17335.86925889236,3925,4.8537651634696465e-05,13862,3622,41714,0.885284392236081,0.3685263577459658,0.9999422174963171,17305.77674440992,1.1138291879249613,0.20505924663719602,0.9057019847208644,8193,0.9993080258632762,6.435983915365235e-05,0.9993109753190985,1450.826763963082,220,1005,0,68,3.368934829352854,3.0055312254035407,-0.4477769585881742,7.270019971932744,19140.809616524257,1,1,10,7,4,34,21,14,89,2,2,35,0.8,0.18,smart,147,1
1003,21959.4712991961,19947.008327395306,4317,4.2641245465059344e-05,15878,4112,47934,0.8912293869415678,0.3684412575125535,0.999949794139821,19917.49356139787,1.109627274474003,0.1965894324677133,0.908355581772387,8193,0.9991292056127473,5.570979179339902e-05,0.9991573216546952,1186.192343966372,220,1005,0,68,3.89462815368136,3.257822466203092,-0.4841298321855571,8.120710284255566,21959.47129912259,2,2,10,4,5,34,16,15,89,2,2,35,0.8,0.18,smart,148,2
1000,17208.30766106205,15256.581864066127,4028,5.398943251652373e-05,12577,3534,37071,0.8734009262032091,0.3688215626236063,0.9999342945633839,15218.940751652095,1.1425401515976354,0.23407298842723057,0.8865823510691774,8193,0.9990838608166721,7.507109951249496e-05,0.999141579213889,1164.42978122871,220,1005,0,68,2.9572764565618157,3.6159493380977286,-0.4843850756421476,7.54199594594384,17208.30766101982,0,1,10,4,4,34,13,16,89,2,2,35,0.8,0.18,smart,149,1
999,17131.11174935837,15212.729536636241,3930,5.4503855674632444e-05,12509,3503,36938,0.8767482814541346,0.3687274631843399,0.9999341201494534,15178.647969235224,1.1398850340448508,0.22940717785856451,0.888017646444109,8193,0.9990667599612387,7.509545568345282e-05,0.9991261822697022,1143.903348283596,220,1005,0,68,2.958468682002432,3.3699471403679357,-0.4711833198639133,7.270782462098195,17131.111749322397,0,1,10,5,5,34,13,18,89,2,2,35,0.8,0.18,smart,150,1
1003,21305.543006678126,19368.082498920594,4081,4.431846481804952e-05,15396,3983,46527,0.8956230060750479,0.3683477212643679,0.9999483035596716,19343.19162410852,1.1082087098291484,0.19154639704422596,0.9090630777563264,8193,0.9990830835098052,5.729044543959874e-05,0.9991112587706668,1124.6868385797857,220,1005,0,68,3.7649040529966706,3.6721129703471616,-0.48345945779809646,8.403935938940025,21305.543006635755,1,0,10,8,5,34,20,15,89,2,2,35,0.8,0.18,smart,151,1
1004,18019.474834538287,16199.296420300574,3832,5.1829908047901175e-05,13089,3517,39112,0.8836855594450878,0.3685792643357672,0.9999381572509999,16169.54444093141,1.1233097514863377,0.21265880583018598,0.8989882651436134,8193,0.9989932668317235,6.946856301082464e-05,0.9990516517264698,1053.9648552951396,220,1005,0,68,3.144292596719955,3.949711332069499,-0.4452442229008453,7.984492374591145,18019.474834496417,0,0,10,7,5,34,13,19,89,2,2,35,0.8,0.18,smart,152,1
999,23338.776787980914,21427.282677155334,4133,4.053317264858555e-05,16793,4180,51243,0.9018982629537282,0.3682589228615747,0.9999532830569645,21405.01018200278,1.0956888028231406,0.17708725858025373,0.9180979308302923,8193,0.9990281014067989,5.118723138620554e-05,0.9990756392599657,1081.3286470348944,220,1005,0,68,4.1795072665614565,3.4524395859810397,-0.4929205188049317,8.61778789015236,23338.776787905106,0,1,10,7,2,34,17,17,89,2,2,35,0.8,0.18,smart,153,1
1002,20852.79068639948,18857.195430222215,4268,4.464880472968129e-05,15111,3970,45407,0.8867027254436931,0.3685360026744198,0.9999468780453071,18824.108498434234,1.1157922355207122,0.20467284519302528,0.9043008062475387,8193,0.9991782173166539,5.927306458219789e-05,0.9992208711220226,1282.9846424759326,220,1005,0,68,3.6704166760336467,3.348263431509448,-0.49181699389666483,8.002314095336423,20852.79068635086,1,1,10,6,2,34,17,14,89,2,2,35,0.8,0.18,smart,154,1
1001,21996.67578011051,20091.770674055784,4119,4.271287944384343e-05,15866,4025,48161,0.8959776913995887,0.368345262941361,0.9999501663622542,20066.26704787282,1.102393007032684,0.1872555672127703,0.9134003189801457,8193,0.999100822750515,5.4936253766289616e-05,0.9991356610307618,1156.453432977359,220,1005,0,68,3.912015047907997,3.3692310009020274,-0.4829251678874905,8.247096384585005,21996.675780056416,1,1,10,6,4,34,21,18,89,2,2,35,0.8,0.18,smart,155,1
997,20899.588537615145,19073.88825256067,3902,4.514861436571947e-05,15077,3842,45739,0.8972512804545587,0.36831853479451954,0.9999475102844021,19050.851076673465,1.1032459708142008,0.1867022402367955,0.9126441995846678,8193,0.9991466680960143,5.790906724274913e-05,0.9991468034227834,1171.562764919175,220,1005,0,68,3.7397243120017145,4.232544972737568,-0.452770881089461,8.877811046918204,20899.588537559506,0,2,10,7,8,34,18,19,89,2,2,35,0.8,0.18,smart,156,1
1003,25921.257891398323,23822.606931865237,4556,3.6478711108252766e-05,18644,4621,56945,0.9023570535399442,0.3682632956042468,0.9999579807517855,23798.11711825903,1.094444246989076,0.17576307519828568,0.9190374568886374,8193,0.9991742658396393,4.59877244713091e-05,0.9991750166516696,1211.6456091010466,220,1005,0,68,4.622650933710707,4.432145587287113,-0.5460944085246228,10.146985338047067,25921.257891310182,1,2,10,5,8,34,20,15,89,2,2,35,0.8,0.18,smart,157,1
1003,21249.393556006413,19309.283138290786,4150,4.4174359307639706e-05,15361,3975,46394,0.8922551955415687,0.3684171149637918,0.9999481390147693,19281.81782191634,1.109027087652725,0.19529969121527938,0.9086980806015883,8193,0.9990238178082633,5.751523741312699e-05,0.9991603218454285,1190.4324254489445,220,1005,0,68,3.736677446717354,3.235239608371893,-0.5004897628440578,7.972896580777362,21249.393555950483,0,2,10,2,4,34,17,12,89,2,2,35,0.8,0.18,smart,158,1
1004,20369.739792602522,18297.405481243037,4291,4.619703383708119e-05,14796,3997,44195,0.8863950006587986,0.3685021224704115,0.9999452570001912,18266.675771206665,1.123935788405608,0.21065561188750778,0.8982640754148428,8193,0.9991516253759598,6.152761665007933e-05,0.9991791229214054,1217.7091203420855,220,1005,0,68,3.549069139758354,3.4597723459080694,-0.5086479503919892,8.0261373864504,20369.739792554723,1,0,10,7,4,34,18,14,89,2,2,35,0.8,0.18,smart,159,1
1004,26785.532078727876,24821.08637595984,4375,3.532225590979301e-05,19197,4595,59111,0.9077395446530057,0.3681885346756713,0.9999596778313992,24799.753422970625,1.0842963319163335,0.16333444439860392,0.9266601948770646,8193,0.9991108695916613,4.3721179509165694e-05,0.9991140362056048,1128.214221603898,220,1005,0,68,4.873551740300027,3.8474486874950884,-0.4622116219797073,9.64542367175453,26785.532078644264,3,0,10,10,5,34,18,20,89,2,2,35,0.8,0.18,smart,160,1
1003,17209.504875674986,15332.66390017924,3891,5.413164500468161e-05,12550,3474,37173,0.8774619657527603,0.36869619308700635,0.9999346383265236,15298.985867745958,1.135563342845319,0.22609598754347593,0.8909416052899585,8193,0.9991537423399732,7.422232042702161e-05,0.9991862744609566,1228.4155210417412,220,1005,0,68,2.9571301201392655,2.7815130443800666,-0.47447603651982556,6.687595237558983,17209.50487564534,0,0,10,3,4,34,10,11,89,2,2,35,0.8,0.18,smart,161,1
1004,19754.077844936623,17908.26599696602,3922,4.755689388695844e-05,14294,3733,43074,0.8910001005367529,0.36842459952037687,0.9999440797590889,17882.112511093343,1.1119999189244643,0.19854128503423354,0.9065604650108371,8193,0.9991143046560976,6.218330335934765e-05,0.9991452607621982,1169.4473884739182,220,1005,0,68,3.4753848944421892,3.479967402910499,-0.4596903734637738,7.8747330442802355,19754.077844887935,2,1,10,5,6,34,13,15,89,2,2,35,0.8,0.18,smart,162,1
1004,25181.477401667275,23232.93140906418,4348,3.7328421611977514e-05,18085,4406,55438,0.9021283177536625,0.36827263629542645,0.9999569136988715,23208.73295001232,1.0898583864878164,0.17266659658786015,0.9226198700925275,8193,0.9991041189459902,4.695796662781075e-05,0.9991398400009396,1162.0743343209808,220,1005,0,68,4.544045147429143,2.8214842541109895,-0.47218541065582564,8.309900222851784,25181.477401586544,3,0,10,11,3,34,22,10,89,2,2,35,0.8,0.18,smart,163,1
1004,34143.230699335785,32238.670693431068,4490,2.7880646330125153e-05,24271,5322,76132,0.9230947843060023,0.3680583775385939,0.9999689667375079,32222.989237536578,1.0619123683803267,0.13150483735821014,0.9442185180811912,8193,0.9990182198254023,3.2954605271906255e-05,0.9990525638994311,1054.9800736019447,220,1005,0,68,6.350910900131648,2.8745690235871653,-0.45052947819301686,10.126538880104848,34143.23069918982,3,0,10,7,2,34,14,15,89,2,2,35,0.8,0.18,smart,164,1
1000,19128.485825033527,17118.209070260422,4200,4.86750009362942e-05,13923,3796,41417,0.8803372750837294,0.36867062815238716,0.9999414633592282,17082.81715877713,1.1296072484807738,0.21956782352858495,0.8949066448248482,8193,0.9991965405713527,6.612341371780499e-05,0.9992181756741786,1278.5596506344357,220,1005,0,68,3.3249785466370008,3.0595255947549336,-0.5007186183603344,7.385941378112603,19128.485824986677,1,0,10,4,2,34,16,13,89,2,2,35,0.8,0.18,smart,165,1
1004,17872.58064075525,15896.780442707493,4185,5.1289594274680555e-05,13055,3609,38568,0.8705167119069371,0.368952579487079,0.9999369178133379,15851.835700178039,1.1393027732717604,0.23415756706431357,0.8894507604826638,8193,0.9992154278453312,7.186971020840305e-05,0.9992751907195379,1379.173223233945,220,1005,0,68,3.0730358790532506,3.1342112275094602,-0.48723914897849957,7.18172540451971,17872.580640719385,1,0,10,4,4,34,14,12,89,2,2,35,0.8,0.18,smart,166,1
1004,20450.525349857035,18571.605306426503,3991,4.594584051245816e-05,14787,3836,44634,0.892837596332818,0.3684035854176637,0.9999460786641784,18545.034611125553,1.1098209897604947,0.19515391080297603,0.9081236295260422,8193,0.999213173780553,5.984303029087461e-05,0.9992372454429029,1310.5376623700272,220,1005,0,68,3.61976816772462,4.341988414082059,-0.45404166291492987,8.869839907636539,20450.52534981054,2,1,10,5,8,34,13,14,89,2,2,35,0.8,0.18,smart,167,1
1000,22781.080623280537,20914.530410000323,4048,4.146120896221889e-05,16393,4080,50018,0.9013001357996888,0.3682732660034762,0.9999521366137376,20892.296726227814,1.0957859321836039,0.17769130740283018,0.9180657737819188,8193,0.9990880299547827,5.24480253330822e-05,0.9990887990378166,1096.9526721104767,220,1005,0,68,4.121489895408074,5.413132182350663,-0.43472622923442206,10.404074536227581,22781.08062321248,1,2,10,6,10,34,13,21,89,1,1,35,0.8,0.18,smart,168,1
1005,20415.600796421357,18478.36746179798,4134,4.586610128924402e-05,14785,3881,44477,0.8883876728388465,0.36846219780228906,0.9999457984481057,18449.156233194208,1.1142613481627819,0.20249220393869807,0.9051101481685049,8193,0.9991661776813838,6.039469428647688e-05,0.9991771821322726,1214.8357173922575,220,1005,1,68,3.5796844731289363,3.295873786892248,-0.4831216555005632,7.8418015710223115,20415.600796363233,1,2,10,6,5,34,14,11,89,2,2,35,0.8,0.18,smart,169,1
998,20365.131666014277,18496.999995242222,4061,4.5669207106754915e-05,14730,3808,44451,0.8884214282284019,0.3685057215912639,0.9999458487672149,18466.30026149499,1.1101783511496097,0.19940946450039776,0.9082681270413965,8193,0.9991814570470284,6.011752632642641e-05,0.9992059944389086,1258.9369566725277,220,1005,0,68,3.608288922027345,2.804414427863587,-0.47289978858586185,7.3585029270626565,20365.1316659599,0,0,10,6,0,34,11,11,89,2,2,35,0.8,0.18,smart,170,1
1005,19169.75083389112,17280.595334417387,3985,4.875884263291847e-05,13907,3701,41671,0.8861588529051184,0.3685271982088888,0.9999420323897092,17250.513017513786,1.1196661243361292,0.20787959293423508,0.9014512230313497,8193,0.9990470298497645,6.490436955132312e-05,0.9991263079559168,1144.0679780798464,220,1005,1,68,3.3530714217009883,2.9516029827892045,-0.4618043661277221,7.228283136745637,19169.75083383927,1,0,10,4,4,34,14,11,89,2,2,35,0.8,0.18,smart,171,1
1005,19265.6417818902,17468.624146803995,3808,4.874360508205583e-05,13940,3637,42013,0.8916208188696737,0.3684176730151093,0.9999426721729394,17443.035731248703,1.1117902711477037,0.19765757316112556,0.9067242267124778,8193,0.9990434452072386,6.373652039224334e-05,0.9990955057716501,1105.0901745416727,220,1005,1,68,3.380745517925435,3.0428234952318514,-0.4532130456265623,7.329995104410411,19265.641781848786,0,0,10,4,7,34,13,13,89,2,2,35,0.8,0.18,smart,172,1
1005,18545.029820544554,16839.111401077003,3619,5.06945860331504e-05,13409,3481,40473,0.8929630531190105,0.36839891101921957,0.9999405331799207,16815.60011048087,1.109884592826783,0.19514662607826058,0.9080120961802013,8193,0.9989649697403457,6.600130739075867e-05,0.9990101118412602,1009.7150525531001,220,1005,1,68,3.2572952816841956,3.020011763662392,-0.43325791642594597,7.143822878198479,18545.029820503463,0,1,10,4,4,34,17,12,89,2,2,35,0.8,0.18,smart,173,1
1003,17301.85022115383,15299.610788116139,4095,5.3857266061241496e-05,12658,3591,37221,0.872910117532683,0.3688105291894246,0.9999344791401111,15261.814953411365,1.145918875392372,0.2366798895873757,0.884275993177326,8193,0.999194354562191,7.508159007869761e-05,0.999194360003866,1240.7491319805936,220,1005,0,68,2.955003826866483,3.74842046923924,-0.49501615740540067,7.693456610916525,17301.850221123495,1,0,10,4,6,34,11,20,89,2,2,35,0.8,0.18,smart,174,1
1005,19143.880939575225,17056.595191062166,4386,4.841327663204739e-05,13964,3859,41351,0.8745544960372958,0.3687751423200041,0.9999412340172936,17016.14727889748,1.1359631086831066,0.2291071498952458,0.8909685159920675,8193,0.999087428806575,6.675598840013551e-05,0.9992135289816614,1271.0026048225513,220,1005,1,68,3.2775856216981336,3.8049016772638646,-0.5321419284580508,8.1467711558781,19143.880939534825,0,1,10,5,4,34,12,10,89,2,2,35,0.8,0.18,smart,175,1
1005,17636.440822824017,15436.329731731626,4416,5.246293005188033e-05,12966,3778,37731,0.8666628975352882,0.3691080403729264,0.9999350139370679,15387.414800934284,1.16121408113623,0.25039065672962085,0.8752519789454831,8193,0.9992838462627586,7.546273135468924e-05,0.9993013775517673,1430.8882438829244,220,1005,1,68,2.9743798437615987,8.16788074094872,-0.5353596234614696,12.212979831633257,17636.440822795917,0,2,10,4,8,34,14,16,89,2,2,35,0.8,0.18,smart,176,1
1002,17367.036229257057,15342.130257609422,4113,5.3690512763765844e-05,12710,3616,37341,0.8733983768556689,0.36881859310770126,0.9999346603167036,15304.134935380855,1.1472192738880793,0.23682797373745962,0.8834052082970603,8193,0.9990385615398442,7.495894402770453e-05,0.9991746208242701,1211.064299912645,220,1005,0,68,2.9608451513012093,3.4098803964973134,-0.5056291459479947,7.381983839694513,17367.03622921851,0,1,10,4,5,34,9,12,89,2,2,35,0.8,0.18,smart,177,1
998,18027.298530894204,16207.32543534102,3853,5.167590891234399e-05,13096,3516,39130,0.8825661240338116,0.3686046518529558,0.999938183269489,16176.350367457864,1.1234159904427292,0.2137314136889084,0.8990434927100023,8193,0.9991076358570398,6.944590353294281e-05,0.9991138138799835,1127.9310507014045,220,1005,0,68,3.176750995841696,3.22971105680053,-0.4359340804829754,7.278330213608177,18027.29853086011,1,0,10,5,2,34,14,17,89,2,2,35,0.8,0.18,smart,178,1
1002,23350.723806939157,21477.95521099932,4056,4.052432163298213e-05,16789,4147,51322,0.9036563338047459,0.368240955221248,0.9999533953934295,21456.606355076652,1.0933777330743193,0.17369911243584982,0.9197982635817351,8193,0.9990303403351499,5.0956439082701944e-05,0.9990798836246602,1086.3189679234858,220,1005,0,68,4.1848735142485545,3.979265763588398,-0.47594960089608773,9.116038479629127,23350.723806874656,2,0,10,5,8,34,18,18,89,2,2,35,0.8,0.18,smart,179,1
1004,22234.566265969857,20282.131862441984,4262,4.1972900201304054e-05,16051,4086,48646,0.8925742863840166,0.3684189396047496,0.9999506245625163,20252.485102689316,1.1044587460735302,0.19168352325914348,0.9121892291411104,8193,0.9991446626850513,5.4533133770491274e-05,0.9991968435682055,1244.5873909943691,220,1005,0,68,3.969051586840343,2.8813988111005044,-0.4601448804737376,7.770740158888322,22234.56626591668,2,0,10,6,2,34,16,11,89,2,1,35,0.8,0.18,smart,180,1
1004,21518.61471838371,19563.7406785769,4248,4.3385897573018195e-05,15556,4013,46994,0.889778793081959,0.3684462750251777,0.9999488077718093,19533.715155785114,1.1086836212550102,0.19741047718889002,0.9091542803572422,8193,0.9991112760458354,5.6755984930792735e-05,0.999154559775783,1182.3156642734969,220,1005,0,68,3.8218312056845662,3.3874593137003868,-0.4647454314310105,8.138781382246973,21518.614718320194,1,2,10,4,5,34,14,15,89,2,1,35,0.8,0.18,smart,181,1
1004,20387.071427599367,18507.967676959546,3984,4.616591511654906e-05,14742,3831,44488,0.892929773381474,0.3683973664274039,0.9999458955262458,18482.2599340321,1.1101161213529671,0.19541796447559348,0.9078286571314039,8193,0.9991031616989249,6.0062248552031186e-05,0.9991097413783085,1122.7690249311217,220,1005,0,68,3.5903237823106884,3.3327946261917085,-0.4708458247687217,7.86481005803984,20387.071427538638,0,0,10,5,5,34,13,14,89,2,2,35,0.8,0.18,smart,182,1
995,17269.80570009109,15355.889946658088,3971,5.381428949999024e-05,12606,3510,37263,0.8752112718630423,0.3687631933635668,0.999934727244426,15319.827613735875,1.1384830216903428,0.2299388927102437,0.889175605871298,8193,0.9990737863047908,7.431192400011046e-05,0.9991348428376849,1155.3592833264904,220,1005,0,68,3.0010657047199243,3.9672302554992096,-0.47025202393464693,7.908800008088428,17269.80570005649,1,1,10,5,5,34,11,13,89,1,2,35,0.8,0.18,smart,183,1
1003,21497.938616594714,19511.66965476974,4234,4.361375049980432e-05,15549,4040,46906,0.8915202639852564,0.3684317508241757,0.9999486739227189,19482.773469428364,1.1106401216184725,0.19694911570413015,0.9076065385966015,8193,0.9991432876384234,5.7004800713721346e-05,0.9991844150967587,1225.613848566379,220,1005,0,68,3.8033885592649193,3.541777860953371,-0.4833389814211866,8.311844383060663,21497.93861654082,1,0,10,8,6,34,16,19,89,2,2,35,0.8,0.18,smart,184,1
1005,19073.69821414659,17107.242697879145,4107,4.9015027996852474e-05,13868,3758,41349,0.8828921126502722,0.3685826532552519,0.9999414363153127,17074.928314565663,1.1263543035556527,0.21532268959534645,0.8969022423344749,8193,0.9990557926884266,6.596345827984421e-05,0.9990797503981724,1086.161626812928,220,1005,1,68,3.3306904898475533,4.923017665847244,-0.4650703487776633,9.183848853250124,19073.698214091713,1,2,10,6,7,34,15,18,89,2,2,35,0.8,0.18,smart,185,1
994,17954.754757379615,15594.056820957867,4702,5.1650554173891565e-05,13241,3952,38254,0.8614978642905241,0.36917723031504684,0.9999356562882723,15541.034251038458,1.1721624084876994,0.2618804914652161,0.8685196223328268,8193,0.9992103359993096,7.542128011005955e-05,0.9992321910847545,1301.9073190577765,220,1005,0,68,3.0326677830234634,8.186671801126488,-0.5799589287141658,12.379257441578282,17954.754757336017,0,1,10,3,8,34,14,23,89,2,2,35,0.8,0.18,smart,186,1
1001,20817.057300493787,18813.831367837796,4272,4.47882381646891e-05,15088,3975,45315,0.8866925036232401,0.3685306578681057,0.9999467569758401,18781.303166570364,1.116454647473186,0.20521632516708627,0.9037699755666968,8193,0.9992342755479522,5.944342176900286e-05,0.9992422526534767,1319.2010279502704,220,1005,0,68,3.6837114023626176,2.9600363976230457,-0.4755408055185975,7.594829411022858,20817.05730044548,1,0,10,2,4,34,12,11,89,2,1,35,0.8,0.18,smart,187,1
1003,19302.471913425034,17352.977791252244,4138,4.82319430164737e-05,14023,3765,41897,0.8820007440864341,0.36861473817600926,0.9999422633846122,17319.53154334541,1.1235137753152231,0.21437668805112914,0.8990028774077946,8193,0.9991132199062392,6.486788272827944e-05,0.9991743957174358,1210.73395831821,220,1005,0,68,3.369653175198478,3.1067541952845468,-0.479294364857506,7.4349961001980365,19302.47191338076,1,0,10,6,4,34,13,13,89,2,2,35,0.8,0.18,smart,188,1
1000,19315.61517321864,17265.13354859032,4265,4.838487162222503e-05,14064,3857,41796,0.8802491345502356,0.368627626465724,0.9999419647915473,17230.419408761056,1.1309662215811034,0.2208058072058445,0.8938433176349805,8193,0.9990586325501384,6.563586042258064e-05,0.9991154673501867,1130.0404441344704,220,1005,0,68,3.364547600483848,3.9585502051133803,-0.49857543415190986,8.320248673901048,19315.615173178787,1,0,10,5,3,34,14,18,89,2,2,35,0.8,0.18,smart,189,1
994,22465.59657231934,20581.811726178268,4043,4.208510784732302e-05,16180,4061,49269,0.9007530432086571,0.36827068032314975,0.9999513620998604,20559.59813194425,1.0983275039910758,0.17996406135866982,0.9161480159194993,8193,0.999134372443282,5.3420343460031805e-05,0.9991427970695007,1166.0848344197855,220,1005,0,68,4.039040626301929,3.702026207895558,-0.48120013270494166,8.703467099607371,22465.59657226415,1,1,10,6,7,34,14,15,89,2,2,35,0.8,0.18,smart,190,1
1005,21036.910042593794,18841.03749112637,4579,4.4376936913994456e-05,15305,4166,45569,0.8816760086881807,0.36862291301321876,0.9999468206406331,18803.788198835435,1.1283798680109212,0.21766504637462536,0.895618104226267,8193,0.9990584337853862,6.000651850340426e-05,0.9992305246050441,1299.0866498074736,220,1005,1,68,3.6405369575480067,3.2351117743949485,-0.545912802161114,7.967474336265183,21036.910042538333,0,0,10,7,4,34,18,15,89,2,2,35,0.8,0.18,smart,191,1
1002,20506.009462205635,18597.600849805174,4060,4.5772643939924754e-05,14836,3867,44724,0.891157904569768,0.3684275778555191,0.999946151940219,18570.27123715656,1.1115183080685795,0.197990740591578,0.9069341786895289,8193,0.9990654518268498,5.985310430078898e-05,0.9991039336467225,1115.488709319412,220,1005,0,68,3.619792667009044,2.8187764898604684,-0.4732231937023527,7.385015544274218,20506.009462164096,0,0,10,7,1,34,17,13,89,2,2,35,0.8,0.18,smart,192,1
1003,20619.58399917648,18722.246925229283,4015,4.572231439312254e-05,14908,3874,45000,0.8935299673226141,0.36837241363693796,0.9999465168364555,18696.972877235905,1.1098129255941933,0.19471779838819028,0.907983736528197,8193,0.9990652055622461,5.935630620357936e-05,0.9991458624128015,1170.2714941546687,220,1005,0,68,3.612421934594672,3.5840627554776447,-0.49916011907043606,8.19480492821319,20619.58399913052,0,0,10,5,5,34,15,15,89,2,2,35,0.8,0.18,smart,193,1
1004,18140.08361983862,16197.186528515245,4013,5.1565560732255975e-05,13214,3636,39230,0.8805927007252966,0.3686393980081054,0.9999381381092999,16164.541002846745,1.1323250171793553,0.2212227950047179,0.892894810628185,8193,0.9990719407432647,7.004776644971686e-05,0.9991027360350493,1113.9991573740476,220,1005,0,68,3.139301163577563,4.236849055664616,-0.4742613104845275,8.324672840211234,18140.083619791698,1,1,10,4,5,34,17,11,89,1,2,35,0.8,0.18,smart,194,1
1003,20757.332312356866,18780.488698132383,4196,4.517617737063299e-05,15034,3953,45213,0.8890243180259911,0.36846970503649035,0.9999466713284055,18751.139031390616,1.1146895892933046,0.2021454364587166,0.9047640812182949,8193,0.9991646769717025,5.9444915037618954e-05,0.9991652224920833,1197.423916757459,220,1005,0,68,3.655000898903712,3.114828187737646,-0.48404841561563394,7.7379259178726265,20757.33231231452,1,0,10,5,3,34,15,10,89,2,2,35,0.8,0.18,smart,195,1
1002,25329.512504996954,22916.941231927645,5181,3.670273719426655e-05,18353,4811,55170,0.8864023647331926,0.36855298993886826,0.9999562863501729,22875.649756316132,1.1152963827996407,0.20454400766607345,0.9047525580054744,8193,0.9993528022121352,4.875367553136103e-05,0.9993881421998312,1633.8666265544896,220,1005,0,68,4.488337288164971,3.746374929621613,-0.5674536309790956,9.369619479744774,25329.51250491177,2,3,10,5,5,34,18,15,89,2,1,35,0.8,0.18,smart,196,1
1002,22818.57781696186,20603.319933846113,4725,4.0938660612332395e-05,16544,4379,49647,0.8858219950308027,0.3685173261013552,0.9999513817108765,20567.89139819904,1.1175962338986953,0.20706811957788795,0.9029186700027787,8193,0.9991472186838959,5.43356168230795e-05,0.9992658924642708,1361.69818814511,220,1005,0,68,4.006832592456436,2.921386512329078,-0.5477737582222798,8.023766621230074,22818.577816900368,2,0,10,5,4,34,18,11,89,2,2,35,0.8,0.18,smart,197,1
1005,18913.723223268502,17008.20138991883,4041,4.9274948341507383e-05,13738,3686,41060,0.882520083813868,0.368586232651676,0.9999410948362638,16975.94037099035,1.123090767492258,0.21365439011122794,0.899251891821838,8193,0.999056821646448,6.615584554990947e-05,0.9991605249182619,1190.7205174432916,220,1005,1,68,3.2853211435761236,3.0150783636296627,-0.4786038759706113,7.257607259147009,18913.723223222343,1,1,10,3,4,34,13,7,89,2,2,35,0.8,0.18,smart,198,1
994,22589.59724787951,20551.84086481372,4417,4.1372841950702784e-05,16324,4200,49352,0.8910218056434592,0.3684273221162458,0.9999512714286856,20521.34114632202,1.107708462890148,0.19553248123600897,0.909792265851173,8193,0.9991341043176719,5.397705082983049e-05,0.9991833673858939,1224.0407875336907,220,1005,0,68,4.045525583142514,3.1992430553710833,-0.4996650099798114,8.24409865847322,22589.597247817957,1,1,10,8,4,34,18,10,89,2,2,35,0.8,0.18,smart,199,1
1004,22366.761718182337,20242.562833187196,4528,4.1827195150980856e-05,16199,4252,48726,0.8884343636012217,0.3684786725932277,0.9999505206843303,20209.965449279447,1.1144475253391608,0.20244325294166785,0.9050287693963163,8193,0.9991538123549369,5.514210090377849e-05,0.9992833637658848,1394.9080321126885,220,1005,0,68,3.896082067923239,2.9271389763318334,-0.5594481548122486,7.94211735387957,22366.761718132148,0,0,10,3,4,34,17,10,89,2,2,35,0.8,0.18,smart,200,1
1000,19157.735453932964,17428.875430037795,3663,4.924932787023917e-05,13839,3570,41854,0.8953777487254055,0.368347381848019,0.9999425521074534,17406.57892659667,1.1072611415753717,0.19120213914677525,0.9097565561413865,8193,0.9990272360374092,6.360981908250487e-05,0.9990272536427036,1027.517132737492,220,1005,0,68,3.3973649023489756,3.4153816526457907,-0.43418218843158973,7.681110931857946,19157.735453902827,1,1,10,6,7,34,14,17,89,2,2,35,0.8,0.18,smart,201,1
1004,21813.778167921064,19947.427624505184,4087,4.2907224639378165e-05,15728,3969,47790,0.8949096722039271,0.3683691398509601,0.9999498029703374,19920.99747727968,1.101150720958586,0.1873586486732622,0.9144416648482976,8193,0.9991314092328122,5.527449540323946e-05,0.9991778866880787,1215.8772671644379,220,1005,0,68,3.883990461626659,2.991715976488554,-0.4613836753971632,7.798473788909539,21813.778167859586,1,0,10,8,5,34,18,11,89,2,2,35,0.8,0.18,smart,202,1
1002,19191.65317084012,17181.470937575956,4192,4.861982891036953e-05,13966,3806,41563,0.8812233793715534,0.3686313391347387,0.999941681966273,17146.85452840218,1.128979503375436,0.21842829081391188,0.8952574738939925,8193,0.9991043169408964,6.583986475510854e-05,0.9991467923709557,1171.5475828734056,220,1005,0,68,3.336190617242071,4.2293419543610336,-0.4944786783254476,8.554489928254,19191.65317079327,0,2,10,6,4,34,20,17,89,2,2,35,0.8,0.18,smart,203,1
1004,17136.78836323923,15095.146141576819,4089,5.482534009219516e-05,12552,3615,36790,0.8740814358642102,0.3687612692084421,0.9999335993952696,15059.603800150442,1.150663964350596,0.2386094706503739,0.8808620274472191,8193,0.9991094269849828,7.640478307461963e-05,0.9991152107231264,1129.7125385910092,220,1005,0,68,2.9124946385838815,5.578715040941145,-0.5012082226103617,9.493626124745749,17136.7883631951,0,1,10,3,8,34,13,18,89,2,2,35,0.8,0.18,smart,204,1
1003,20847.720520735234,18969.876093287196,3994,4.516476935700888e-05,15060,3880,45551,0.894811352340267,0.36836615729843347,0.9999472163269044,18944.752217613408,1.107145650715423,0.19157969793520352,0.9099256714622432,8193,0.9991118114769805,5.843921409671141e-05,0.9991188610749681,1134.3947445883666,220,1005,0,68,3.6886479633335405,3.1836990159392022,-0.4684249221478806,7.809196823568504,20847.720520689327,0,0,10,8,5,34,20,15,89,2,2,35,0.8,0.18,smart,205,1
1002,20289.485107776316,18002.288952129322,4633,4.614134210989756e-05,14818,4163,43729,0.8783353219296031,0.36871783975726186,0.9999443311133577,17962.85547658434,1.1408503394195286,0.22834487792025426,0.8872718482752239,8193,0.9991007690398703,6.350986822141232e-05,0.9992580678959342,1347.332165006751,220,1005,0,68,3.4700123912259917,4.7911565025197325,-0.5797850354692117,9.420738964684148,20289.48510774297,0,0,10,4,8,34,13,14,89,2,2,35,0.8,0.18,smart,206,1
1004,22788.4735458271,20727.019165966303,4446,4.0951078101523575e-05,16471,4238,49779,0.8914628427704978,0.36846878773352254,0.9999516802681591,20694.97908703737,1.1082003409991006,0.19509863137867464,0.9095396023031004,8193,0.9992535749686108,5.354794330356802e-05,0.9992919029864531,1411.7358081877596,220,1005,0,68,4.033344797245785,3.399949451245603,-0.5061917656553184,8.445677779802025,22788.47354576354,1,0,10,7,6,34,20,15,89,2,2,35,0.8,0.18,smart,207,1
1002,17691.52200784303,15777.018636482175,3962,5.2778678193675686e-05,12895,3562,38234,0.8788808079096672,0.3686636584972219,0.999936484581192,15743.708547008997,1.134146015817219,0.2239490756218465,0.8917841342021272,8193,0.9993008282878416,7.203575918414586e-05,0.9993026759545314,1433.5534590229026,220,1005,0,68,3.0452175196325504,3.07512902069833,-0.4860243980928014,7.092395336516483,17691.52200780401,0,0,10,3,2,34,11,11,89,2,2,35,0.8,0.18,smart,208,1
993,19307.680365491706,17273.40957879791,4298,4.800689576275896e-05,14059,3832,41798,0.8776320789700347,0.36871567182259835,0.9999419800450656,17234.949438913874,1.1303782720123998,0.222605715375408,0.894639296477602,8193,0.9991526837115217,6.558449640136079e-05,0.9991922562171743,1237.5162705913697,220,1005,0,68,3.398862955702948,3.060653880398414,-0.4898944190082761,7.439305674117914,19307.68036544123,2,0,10,6,1,34,13,9,89,2,2,35,0.8,0.18,smart,209,1
1003,18073.977437142734,16142.235846452359,3999,5.167243863163529e-05,13165,3617,39092,0.8802960664075892,0.3686481462710253,0.9999379258727146,16109.27138801676,1.1320724491189487,0.2212573305409742,0.8931202831580076,8193,0.9990069686986919,7.02724093029641e-05,0.9991299117791806,1148.8086711863032,220,1005,0,68,3.130371354259289,3.6681316978195357,-0.47361218255154514,7.745727417181915,18073.977437106332,1,0,10,5,6,34,18,15,89,2,2,35,0.8,0.18,smart,210,1
1001,19540.007025282208,17625.0394104507,3999,4.814240954038037e-05,14169,3770,42491,0.8889729266325592,0.36846433554795005,0.9999431750731528,17597.41090307067,1.1184896686162107,0.2046570400320644,0.9019975984474421,8193,0.9990070817670911,6.355809359853474e-05,0.9990826067500158,1089.5450050737218,220,1005,0,68,3.4326816501772357,3.5580156225965496,-0.4714156575631297,7.933528587900044,19540.007025240528,1,1,10,8,5,34,21,13,89,2,2,35,0.8,0.18,smart,211,1
1004,17772.913560976307,15914.53696092086,3870,5.254822076073392e-05,12931,3522,38495,0.8817359598461387,0.36861665704924523,0.9999370426051876,15883.257621307583,1.1286011678265033,0.2177470782560545,0.8954377067282961,8193,0.9990963718908681,7.1053789308903e-05,0.9991139669525972,1128.1260004422002,220,1005,0,68,3.0854642937466954,3.3388352811802147,-0.4549567343275963,7.3342130435821025,17772.913560932942,1,1,10,4,5,34,13,15,89,2,2,35,0.8,0.18,smart,212,1
1002,37430.37222028531,35536.55446906177,4544,2.5489945186750532e-05,26544,5658,83716,0.9282475032774908,0.3680257513696354,0.9999718492360555,35522.51464736912,1.055585468025601,0.1213987393247826,0.9494042501079594,8193,0.9990229854115246,2.9715537333989155e-05,0.9990540937298589,1056.6871198760105,220,1005,0,68,7.020934075465918,3.1294587501295092,-0.45019810419567546,11.05078903398678,37430.37222010458,4,0,10,8,3,34,24,11,89,2,2,35,0.8,0.18,smart,213,1
1000,17771.67367795427,15863.717527184011,3910,5.280788536817717e-05,12945,3569,38427,0.882013529584469,0.3685969178281453,0.9999368430290272,15833.064913967946,1.132479571430246,0.22001304271360486,0.8926406040677488,8193,0.9990422401259672,7.152397942022357e-05,0.9990591823473337,1062.4051478464262,220,1005,0,68,3.084187285811925,3.9917241172453246,-0.47014744977071216,8.016206302598674,17771.673677913186,0,1,10,3,4,34,16,16,89,2,2,35,0.8,0.18,smart,214,1
1004,24951.309653598964,22944.893620995572,4415,3.770490522770912e-05,17944,4432,54832,0.9006275639522848,0.3682904043624828,0.999956370486809,22919.764901027036,1.0938900783634553,0.17694461979326134,0.9195867447256827,8193,0.99913034305986,4.7725891603677744e-05,0.9991365882356209,1157.6958679575923,220,1005,0,68,4.491797317796768,3.435502950006422,-0.47858309127173704,8.884466450346665,24951.309653523895,1,1,10,8,6,34,18,13,89,2,2,35,0.8,0.18,smart,215,1
1002,17731.434786463153,15663.896059159397,4178,5.27632200740913e-05,12975,3697,38125,0.8746567428278614,0.36878577294800957,0.9999360092463471,15626.757729803927,1.1469623329052436,0.23562673017243044,0.8833969866396716,8193,0.9990917164631672,7.339498409409026e-05,0.9992095758085153,1264.64339855526,220,1005,0,68,2.9994230892699423,4.829303657714032,-0.5397854509343852,8.908297648852745,17731.43478642368,0,1,10,0,7,34,8,18,89,2,2,35,0.8,0.18,smart,216,1
1005,18686.752254783154,16745.462121170753,4048,5.0118011974580185e-05,13590,3697,40491,0.8824261830832536,0.3685759538369484,0.9999401720795497,16714.10402057209,1.127417165852405,0.2166240524200161,0.8961140969204267,8193,0.9991395350408576,6.745102451332224e-05,0.9991968794277726,1244.6429845144226,220,1005,1,68,3.2203469157888485,3.7368911154994775,-0.49840975182302866,7.954057534934384,18686.752254749685,0,1,10,4,8,34,16,19,89,2,2,35,0.8,0.18,smart,217,1
1001,23194.690149586375,21204.348562268267,4254,4.0733247784445093e-05,16720,4233,50808,0.899112722368229,0.3682990373019012,0.9999527867811353,21180.00884605171,1.1010633501263323,0.18340404517435904,0.9141897747078289,8193,0.999090029764292,5.1984744933430726e-05,0.9991146618095419,1129.011801738711,220,1005,0,68,4.128028863108583,3.2612312160289716,-0.5062748630691566,8.40180980527587,23194.69014951959,2,2,10,7,2,34,24,12,89,2,2,35,0.8,0.18,smart,218,1
1001,19251.851526891867,17439.556480682277,3774,4.9132960448580005e-05,13932,3654,41962,0.8940909505757553,0.36837095861485386,0.9999425840633583,17416.267159376523,1.1126433019063713,0.19603309295878912,0.905863857111193,8193,0.999092953537504,6.38834573272823e-05,0.9991215364835611,1137.8511289316739,220,1005,0,68,3.363733266593333,3.0625030997722376,-0.4827905149942039,7.391817396353978,19251.85152684562,0,1,10,2,3,34,14,13,89,2,2,35,0.8,0.18,smart,219,1
1003,28255.282566717236,26145.57342448526,4851,3.299536852778875e-05,20272,4868,62304,0.9005474178777692,0.3683057526891337,0.9999617100073317,26115.984496106154,1.0866098499262802,0.17168471023234932,0.9253339924224624,8193,0.9992203253845493,4.160628318713817e-05,0.9992583609678487,1347.8647850175262,220,1005,0,68,5.143905076575079,3.3310100882067304,-0.490248974596645,9.4554131139751,28255.282566626196,3,0,10,6,5,34,19,18,89,2,2,35,0.8,0.18,smart,220,1
1002,26943.1727549813,24777.052304385794,4844,3.469552020293073e-05,19380,4780,59209,0.8977613544840044,0.36833512410937586,0.9999595918173512,24746.962872914602,1.0941497420888535,0.17978580488834348,0.9196041063799723,8193,0.9991390533703067,4.421260262333925e-05,0.9992603016290186,1351.402334272009,220,1005,0,68,4.835986604180143,2.915081622574643,-0.5418921892098062,8.8348526051744,26943.172754883646,1,0,10,7,3,34,13,15,89,2,2,35,0.8,0.18,smart,221,1
1002,21030.588910877537,19032.38506774379,4325,4.3870033730215024e-05,15242,3978,45812,0.8847640460837027,0.3686363633675782,0.9999473535523556,18994.133911947094,1.1154880981939446,0.20565282400451487,0.9049858350804325,8193,0.9993123539988016,5.8726485759519136e-05,0.9993512152057279,1540.8430982668792,220,1005,0,68,3.695339895541111,3.2897115000621495,-0.5023824419459155,7.989816279495091,21030.588910810002,2,3,10,7,6,34,20,11,89,2,2,35,0.8,0.18,smart,222,1
1004,17726.012681530185,15841.012516224582,3892,5.279547249498828e-05,12907,3542,38352,0.8815192925770023,0.3686171665718466,0.9999367506109612,15809.929394872903,1.1311077549250221,0.21956432447187135,0.8936590986832759,8193,0.9990438590848475,7.154187443643407e-05,0.9991295154229968,1148.2853584607624,220,1005,0,68,3.0577042860403774,3.4569787213641403,-0.47337393736386485,7.461430882132247,17726.012681489297,0,1,10,2,7,34,14,18,89,2,2,35,0.8,0.18,smart,223,1
1005,39385.59577076479,37369.52081622566,4874,2.417892532305596e-05,27940,5975,88058,0.9265049155894195,0.3680284195599203,0.99997322927575,37353.73780857379,1.0563406750919582,0.12375082576808147,0.9488118710638973,8193,0.9990932093777621,2.8279004926994107e-05,0.9991167171995285,1131.6401644205137,220,1005,1,68,7.349010678765993,4.191826303732874,-0.48891882782007606,12.51867463813902,39385.595770595,2,1,10,6,5,34,19,15,89,1,2,35,0.8,0.18,smart,224,1
1004,16954.59490423218,15100.678858439253,3811,5.506870057093423e-05,12365,3428,36616,0.8789269690504681,0.3686798408714807,0.9999336374531007,15068.24052242992,1.135857302581129,0.2247768243078874,0.8906540642070925,8193,0.9992391229920746,7.537838351357593e-05,0.9992440635983457,1322.362545279766,220,1005,0,68,2.907824180680156,3.0587909911060684,-0.4695851627852713,6.905785497356767,16954.594904196445,0,0,10,1,2,34,10,11,89,2,2,35,0.8,0.18,smart,225,1
1005,16644.872406855015,14823.707595010312,3820,5.547374288622703e-05,12146,3354,35944,0.8742043507441933,0.36882221124757963,0.9999323744811441,14786.817221924599,1.1368079387709884,0.22950010709765328,0.8905870368165348,8193,0.9990641032416886,7.687722669903344e-05,0.9991384702629814,1160.2259681844027,220,1005,1,68,2.855656002668948,3.11344100853814,-0.4567564165991802,6.882609844405449,16644.872406822342,0,2,10,1,4,34,11,14,89,2,2,35,0.8,0.18,smart,226,1
1000,19433.942118399882,17602.88409521682,3912,4.8043311508621226e-05,14071,3679,42355,0.8887694973043162,0.36848806023533315,0.999943100161462,17574.242309032183,1.1134640895701309,0.20129729604865673,0.9057804118162196,8193,0.9991844691466926,6.335592691458552e-05,0.9992016540398004,1252.0897251559873,220,1005,0,68,3.4360162198886672,2.886123128489889,-0.4507722037828516,7.2236837559442595,19433.942118357594,2,0,10,2,4,34,11,13,89,2,2,35,0.8,0.18,smart,227,1
1005,19200.17245577891,17268.005144845385,4078,4.8581153028811324e-05,13945,3740,41685,0.8835728309929495,0.3685832736940588,0.9999419830731735,17235.84901776213,1.1228484309092677,0.2123939255958399,0.8993671897800076,8193,0.9990855713912686,6.514421525367004e-05,0.9991313006290776,1150.646150853465,220,1005,1,68,3.357918293108511,3.1169040609866476,-0.46301154882786016,7.400845451750879,19200.172455730266,1,0,10,5,4,34,13,13,89,2,2,35,0.8,0.18,smart,228,1
1000,40846.936162526465,38826.75142589007,4826,2.341503739202334e-05,28951,6132,91418,0.9303994938883101,0.36800869920867996,0.9999742356031094,38812.750866700415,1.0541799596906385,0.11814839626643621,0.9505425638633397,8193,0.9990478433871454,2.7160310875620447e-05,0.9990939377235799,1103.176819553336,220,1005,0,68,7.630985623914259,5.818971853306493,-0.5384016085487026,14.526760694318158,40846.93616231481,1,3,10,10,6,34,16,19,89,2,2,35,0.8,0.18,smart,229,1
1002,23284.954616795367,21293.95014852354,4332,4.035145598015967e-05,16786,4240,51015,0.8962602820971025,0.3683416633886417,0.999952980819152,21267.41623715499,1.1008944961693705,0.18604287924509597,0.9144939510925343,8193,0.9992227598465225,5.176315741004247e-05,0.999224997134002,1289.8177443614354,220,1005,0,68,4.1596370542196315,3.241002247487002,-0.4880584780606369,8.376756257827907,23284.954616724146,0,0,10,6,4,34,20,16,89,2,2,35,0.8,0.18,smart,230,1
1001,22316.442562716533,20413.558741621193,4069,4.237502857595141e-05,16083,4063,48900,0.8997149555609333,0.3683013591776818,0.9999509592075461,20390.68761669437,1.1002829732546395,0.1823319280644652,0.9147317581757213,8193,0.9990708759403136,5.39587489319257e-05,0.9990711076782237,1076.0509678785047,220,1005,0,68,3.9867806251792564,5.5967688362789545,-0.47204905766931277,10.527647576796838,22316.44256265709,2,2,10,6,8,34,18,18,89,1,2,35,0.8,0.18,smart,231,1
999,27234.45108106977,25165.00672045208,4569,3.4713282762734754e-05,19543,4735,60007,0.9057388459025774,0.36822747268418304,0.9999602262592182,25141.716452670422,1.0878085838142535,0.1677654521620169,0.9240137297257249,8193,0.9991429995400721,4.326621663280776e-05,0.9991815672760024,1221.3474589741732,220,1005,0,68,4.912657196998118,5.656576085641092,-0.5396853617561532,11.648604006151517,27234.451080977586,1,3,10,5,8,34,21,16,89,2,2,35,0.8,0.18,smart,232,1
1005,20689.228152018393,18190.109452790006,5082,4.494767256457767e-05,15175,4379,44370,0.8685099504257864,0.36893840471735584,0.9999448738521005,18139.711820533536,1.1542038038586808,0.24563506974058924,0.879206769780603,8193,0.9991832437487395,6.362680959788087e-05,0.9992311806717851,1300.1956433391927,220,1005,1,68,3.5227518577737786,8.775248357469223,-0.594507475949576,13.487015167142154,20689.22815195986,2,0,10,6,9,34,15,21,89,2,2,35,0.8,0.18,smart,233,1
1003,18722.616113752665,16801.340522824536,4029,4.984771550942942e-05,13610,3679,40599,0.882560510283159,0.3685902872799993,0.999940368656286,16769.20427665858,1.1257408530769315,0.21519428564475587,0.8973820977124634,8193,0.9990623883669024,6.712943974288014e-05,0.9991065485751198,1118.7549539927059,220,1005,0,68,3.2626457138521676,3.1203010051280478,-0.47067753913049976,7.3243017972412146,18722.616113708074,0,0,10,6,2,34,16,15,89,2,2,35,0.8,0.18,smart,234,1
1003,22703.50230600944,20740.33167782301,4267,4.1294045079114406e-05,16376,4150,49712,0.8951586349352284,0.3683607216511085,0.9999517224166091,20713.047148980655,1.102332196034548,0.1879445709515293,0.9135300535694534,8193,0.9991139980829279,5.3217934518831516e-05,0.9991591349582231,1188.7514153529546,220,1005,0,68,4.066190761536243,3.0953367364729156,-0.460928342342165,8.08338418269349,22703.502305950216,2,0,10,5,3,34,12,16,89,2,1,35,0.8,0.18,smart,235,1
1004,17834.007189934797,16146.94096008868,3605,5.244212169480642e-05,12913,3384,38860,0.888415153587608,0.3684644671982657,0.9999379733707512,16121.60774291795,1.1138318716860853,0.20214189450560496,0.9054017298592171,8193,0.9991837655135382,6.908723655088988e-05,0.9991964348346803,1243.954077063965,220,1005,0,68,3.112507897058119,4.309392838814089,-0.4400831766265385,8.302067089125286,17834.00718989698,0,1,10,1,9,34,13,18,89,1,2,35,0.8,0.18,smart,236,1
1001,20176.04840595033,18304.402047790605,3993,4.649849499412191e-05,14595,3800,44012,0.8909849822827272,0.368428948353026,0.9999452893267653,18277.469190045427,1.1111164731596128,0.1979079312092839,0.9072342452545,8193,0.9991731802945791,6.0789930288746106e-05,0.9991737203617553,1209.7439619667132,220,1005,0,68,3.5731123906102127,3.831042958018606,-0.45806611206715026,8.32028757276312,20176.0484059002,1,2,10,5,6,34,8,20,89,2,2,35,0.8,0.18,smart,237,1
1004,18175.268599749557,16322.787203272008,3876,5.1415360415672514e-05,13207,3562,39429,0.8838377633359591,0.36858393993779826,0.999938623684632,16292.429832802614,1.1246388514337917,0.2132568208677482,0.8980768077065405,8193,0.9990721549505237,6.902618882084885e-05,0.9991011982104339,1112.0922803647854,220,1005,0,68,3.1628684258286803,3.4821067317868413,-0.45770300837818373,7.560381174371889,18175.26859971846,0,1,10,6,5,34,16,13,89,2,2,35,0.8,0.18,smart,238,1
1002,16372.48614911688,14497.409768274865,3848,5.6730434997804013e-05,11973,3376,35247,0.8732919722734845,0.3688435743707786,0.9999308510592674,14461.037501611509,1.1442655345101316,0.2350284474180214,0.8854739369595891,8193,0.999136556644588,7.912474962844662e-05,0.9991514541291693,1177.9866020183795,220,1005,0,68,2.801185722632695,2.9396620699131453,-0.4667755845705228,6.674398961686886,16372.486149088121,0,0,10,2,3,34,12,11,89,2,2,35,0.8,0.18,smart,239,1
982,19109.91312433779,17223.934282279584,3925,4.921899067191688e-05,13861,3698,41538,0.8888056196024648,0.36847246083367635,0.9999418502861713,17196.489183206755,1.1195021067350184,0.2053907819707062,0.9013088741017729,8193,0.9990171333899788,6.509872713750551e-05,0.9991463601229308,1170.9541062470794,220,1005,0,68,3.3926870315606084,3.6781589906702523,-0.499352301291226,8.069550624813312,19109.913124302508,0,1,10,2,6,34,17,16,89,2,2,35,0.8,0.18,smart,240,1
1005,19518.774209629988,17537.03242830172,4088,4.812099292365289e-05,14178,3822,42354,0.8871634638472642,0.36852219969887473,0.9999428809231502,17506.785741989974,1.1237651508802582,0.20943938159718561,0.8984699674249762,8193,0.9992042152516886,6.41884280145431e-05,0.9992242473728886,1288.5706584582606,220,1005,1,68,3.388071376297069,4.694098670766764,-0.49626179974134565,9.074693646546525,19518.774209593033,0,2,10,6,9,34,17,16,89,2,2,35,0.8,0.18,smart,241,1
1003,25199.974849141203,23139.841121849655,4539,3.729616625988735e-05,18135,4506,55334,0.8987630462514871,0.368304854943164,0.9999567357758768,23113.285584077734,1.0957485746893345,0.18011922738703393,0.9182485800234139,8193,0.999189053382173,4.7406711918105915e-05,0.9992056980308156,1258.466975027929,220,1005,0,68,4.508147220877253,3.5659884128424753,-0.5167729883086669,9.10768161033706,25199.97484906739,1,0,10,8,4,34,18,17,89,2,2,35,0.8,0.18,smart,242,1
998,26539.702120578397,24771.920081718887,3973,3.58940205513768e-05,18959,4397,58803,0.9151644860264819,0.36810449677208856,0.9999596069491009,24756.233586730752,1.0753700127354602,0.14970024840329346,0.933391036914133,8193,0.9991495430614193,4.3437475660069645e-05,0.9991748926387076,1211.4634245860514,220,1005,0,68,4.847659549748492,3.417628147321523,-0.4709180295102615,9.207123756090539,26539.702120501184,0,0,10,8,6,34,21,14,89,2,2,35,0.8,0.18,smart,243,1
1002,18314.602475690517,16600.850536643065,3688,5.1046209530339794e-05,13255,3460,39932,0.8883469066244796,0.3684556773476568,0.9999396692561701,16574.797041181508,1.1124402771569157,0.2013693720568156,0.9064270195696488,8193,0.9991809607393264,6.711434938741473e-05,0.9992022210125547,1252.9799269952382,220,1005,0,68,3.2154994760495876,3.3277232692756833,-0.44010980052554693,7.423442346376365,18314.602475641423,1,1,10,2,6,34,13,14,89,2,2,35,0.8,0.18,smart,244,1
1003,18121.70749413434,16274.558115096335,3875,5.1547384348422595e-05,13168,3551,39313,0.8833197175437976,0.36857168446886934,0.9999384416835736,16244.258754567036,1.1246524927906032,0.21383194719671228,0.898069793939898,8193,0.9990593521672245,6.923171402110846e-05,0.9991203174224639,1136.2736056404622,220,1005,0,68,3.1558133493298417,2.9036394477405905,-0.45768764650180965,6.974828090074052,18121.70749409573,1,0,10,3,4,34,11,19,89,2,2,35,0.8,0.18,smart,245,1
995,22775.57283382944,20973.699452369914,3969,4.1356350528280726e-05,16369,4020,50090,0.9020959838945339,0.3682568680748435,0.9999522726380208,20951.841766668826,1.0920861484949678,0.17426564982395046,0.9208857052858345,8193,0.9990339153396515,5.212239092176967e-05,0.999076689868804,1082.5596298451694,220,1005,0,68,4.127233041164341,4.014790708791642,-0.45077154853753343,9.043566847031048,22775.572833766822,1,1,10,8,7,34,17,14,89,2,2,35,0.8,0.18,smart,246,1
1001,20035.80735860068,18151.556818864985,4003,4.688813636298685e-05,14502,3797,43672,0.8903407181561377,0.36842766830567075,0.9999448280051465,18124.637624653624,1.1128738356416743,0.19979229827649797,0.9059558466493814,8193,0.9991394829292026,6.139946953248078e-05,0.9991713848060162,1206.3327373428506,220,1005,0,68,3.514515977706563,3.2192723433230452,-0.4886423356905817,7.711072992410772,20035.80735855271,1,0,10,3,4,34,15,13,89,2,2,35,0.8,0.18,smart,247,1
1004,16967.27881127212,15162.444457009155,3728,5.524961039972803e-05,12353,3394,36710,0.8815338987135496,0.3685994389398206,0.9999339238184576,15133.546433875572,1.1310052362615008,0.21971702365869789,0.8936285320505293,8193,0.9991931436005954,7.473250731702621e-05,0.9992007025612765,1250.59865025465,220,1005,0,68,2.9202508708197388,3.2757315474677884,-0.45968514735192384,7.115352712991375,16967.278811221746,0,0,10,2,2,34,9,15,89,2,2,35,0.8,0.18,smart,248,1
1003,24779.505488882027,22752.95303926327,4470,3.7779967784439425e-05,17835,4426,54410,0.8983019047572216,0.36832919764217537,0.9999559966433939,22725.039071692492,1.0959800508896282,0.18039100909441402,0.9182165902976546,8193,0.9992291458689302,4.822680101273196e-05,0.9993300256164439,1492.094324687739,220,1005,0,68,4.431817403630697,3.091431248683962,-0.5092604605386275,8.541769573391914,24779.50548880916,2,1,10,6,2,34,21,11,89,2,2,35,0.8,0.18,smart,249,1
1004,18658.455703817526,16725.66066828921,4062,4.997770046578882e-05,13570,3682,40436,0.8810157730973411,0.36863034058588684,0.9999400954311101,16692.717533011364,1.1272398135734667,0.21770290448897728,0.896411843176664,8193,0.9991472948385934,6.752681506802883e-05,0.9991517385766544,1178.3817839531162,220,1005,0,68,3.245808835957739,3.246398743632147,-0.47101500941650726,7.4342375984229,18658.455703778716,1,0,10,6,2,34,12,16,89,2,2,35,0.8,0.18,smart,250,1
1000,19731.615865362408,18075.1744748794,3620,4.7567810272051e-05,14215,3565,43270,0.8973409165276044,0.3683241837856465,0.9999446093407568,18053.085449373517,1.0987871312083801,0.18346191334257014,0.916051406950873,8193,0.9992219652176859,6.0862543565727274e-05,0.9992229445886461,1286.4094469340494,220,1005,0,68,3.5374778478686317,2.6772247454108027,-0.40884532519292976,7.032393243665294,19731.61586530781,2,0,10,6,2,34,18,11,89,2,2,35,0.8,0.18,smart,251,1
1004,22919.688658675164,20967.41704879484,4227,4.104652406471586e-05,16520,4167,50225,0.8975065925613402,0.36832327846166857,0.9999522503125982,20942.045474578026,1.1003790518146253,0.18442658898859296,0.9148211985357234,8193,0.9991851250394242,5.254275574803702e-05,0.9992151594243699,1273.6440487397974,220,1005,0,68,4.0750537873669295,3.138777841038377,-0.49062124422730274,8.195074116859912,22919.688658603045,1,1,10,7,5,34,15,12,89,2,2,35,0.8,0.18,smart,252,1
1001,17450.66581063783,15642.349409430948,3736,5.377720239403702e-05,12688,3449,37819,0.8845521341080993,0.36854488975471034,0.999935957860169,15614.218719529821,1.1268683504815646,0.21408925255577096,0.896375506766937,8193,0.9990299946646957,7.216706047271484e-05,0.999054582739093,1057.2339412238975,220,1005,0,68,3.0427461542831673,4.393283494420268,-0.4439003613210474,8.32383037134553,17450.665810599094,0,2,10,4,10,34,14,18,89,2,2,35,0.8,0.18,smart,253,1
1004,16583.181680312304,14749.546032413731,3737,5.652037067732864e-05,12098,3374,35788,0.8795172254554792,0.36866324933499256,0.9999320627986537,14718.975924793067,1.137427607682352,0.22534879446183712,0.8894279949863011,8193,0.9989743497318676,7.727364840022405e-05,0.9990611505019285,1064.6333664941603,220,1005,0,68,2.8539496821689787,3.9923634288341256,-0.44947296330471637,7.745259037612537,16583.18168027795,0,2,10,3,8,34,9,19,89,2,2,35,0.8,0.18,smart,254,1
1003,15999.867589330539,14223.773029853764,3661,5.817511617331164e-05,11679,3255,34519,0.8763872002188651,0.36874237621691014,0.9999295360658433,14191.157215206505,1.1386070516632205,0.22881439359168987,0.8889931713771708,8193,0.9990901738180543,8.023073231889983e-05,0.9990972070572659,1107.1736256059373,220,1005,0,68,2.7454569722045172,3.254431095123975,-0.44494533872143316,6.889778744771359,15999.867589293643,0,1,10,1,6,34,10,14,89,2,2,35,0.8,0.18,smart,255,1
1002,16978.445822017686,15176.65520330669,3769,5.4776397475499886e-05,12365,3383,36739,0.87888406534769,0.3686925389980309,0.9999339710723322,15144.377176673019,1.131205568267017,0.22198733850611654,0.8938777649262555,8193,0.9990668403882633,7.469229064474582e-05,0.9991117246135159,1125.2769262032352,220,1005,0,68,2.942396082177249,2.9842107398645297,-0.44651525953517296,6.8196373411121245,16978.445821979236,0,1,10,5,4,34,11,14,89,2,2,35,0.8,0.18,smart,256,1
1004,18285.14198942524,16348.836675554807,4114,5.053237365235063e-05,13320,3633,39571,0.8757369232598836,0.3687702635066627,0.9999386920143246,16310.588819352026,1.1314154978037243,0.2249914166583574,0.8941049889035455,8193,0.9992186174638455,6.936480513244742e-05,0.9992756643898475,1380.0754435458095,220,1005,0,68,3.1562622293660167,3.050038336958736,-0.48619633425465975,7.178693234834072,18285.141989375796,0,0,10,4,4,34,15,11,89,2,2,35,0.8,0.18,smart,257,1
1002,17209.536142014207,15197.6374026454,4110,5.4023483186708954e-05,12599,3585,36995,0.8717156251514872,0.36885025051073317,0.9999340317455034,15158.306417857375,1.14796014578471,0.23882107955054765,0.8830939589093809,8193,0.999170447181568,7.572892704923754e-05,0.9992042074341516,1256.1088075214486,220,1005,0,68,2.936626792533316,3.175705411260552,-0.4984103615552022,7.1091529269042715,17209.536141983473,1,0,10,3,2,34,14,14,89,2,2,35,0.8,0.18,smart,258,1
1003,21696.73945436232,19837.86176411654,4114,4.295578970530143e-05,15647,3946,47530,0.8927851752190088,0.3684074594152375,0.9999495206627776,19809.58576603947,1.1015431918251501,0.1896137439753808,0.9143245604181307,8193,0.9991347112990697,5.5605170245159354e-05,0.9992002118089288,1249.8309724218914,220,1005,0,68,3.8529120829058727,2.9180058762256835,-0.47345670160200426,7.7178313623355645,21696.739454307004,1,0,10,5,4,34,18,10,89,2,2,35,0.8,0.18,smart,259,1
1005,19150.93672999726,17028.721489915104,4343,4.886464944390535e-05,13975,3900,41323,0.8783678733514059,0.36868545822401294,0.9999411513935842,16992.255829181297,1.1379534288257014,0.2267774188401604,0.8891847814024678,8193,0.9991017415661502,6.696697345286542e-05,0.9991379857663665,1159.5735800333175,220,1005,1,68,3.2864422709333234,4.09508778254578,-0.5246894166185385,8.43090888671618,19150.93672994811,0,0,10,6,3,34,19,19,89,2,2,35,0.8,0.18,smart,260,1
1001,21428.144248865454,19388.280672267992,4275,4.396735932787364e-05,15516,4084,46675,0.8915724581705966,0.3684227905772788,0.999948348852039,19360.15391097187,1.114365595055858,0.19950397712234677,0.9048044686974951,8193,0.9989945369212878,5.755826223292873e-05,0.9991203670547417,1136.337746792775,220,1005,0,68,3.7734371259753057,4.038288943782929,-0.5079103762836606,8.827546822325557,21428.144248806126,0,2,10,7,9,34,17,21,89,2,2,35,0.8,0.18,smart,261,1
1002,20156.32807833519,18222.13188188129,4107,4.6398724022490296e-05,14605,3848,43884,0.8879571163363453,0.3685033236374074,0.9999450326518325,18192.118583340467,1.115883841357343,0.20375735024944172,0.9040402503403956,8193,0.9991005919548744,6.133717562258861e-05,0.99915516934951,1183.1691056563966,220,1005,0,68,3.55176471803488,3.2904777509661454,-0.4714544592682129,7.785151387537451,20156.328078288498,0,0,10,7,6,34,17,13,89,2,2,35,0.8,0.18,smart,262,1
998,18658.064363439982,16725.75415634745,4042,5.005306872595055e-05,13569,3683,40436,0.8820125602877597,0.3686064864286778,0.9999400981285513,16693.469245317614,1.1271101392383105,0.21663554810756253,0.8964356554113488,8193,0.9991451563413628,6.751600666933375e-05,0.999146171179869,1170.6948761212986,220,1005,0,68,3.2513110399918013,3.054032935688244,-0.48778001479700894,7.2809040052740635,18658.064363396163,0,1,10,6,2,34,14,10,89,2,2,35,0.8,0.18,smart,263,1
1001,20492.49892395888,18678.123851935892,3891,4.584072108162145e-05,14794,3784,44816,0.8950601766985469,0.3683824074031808,0.9999463918055543,18653.364583595947,1.105098904783952,0.18987435424241128,0.9114615021449773,8193,0.9991032686208109,5.924235696949254e-05,0.999140113782964,1162.4444902645355,220,1005,0,68,3.6476991256943885,3.293322869172673,-0.446706253709425,7.8344345022859105,20492.498923916086,0,0,10,9,6,34,17,14,89,2,2,35,0.8,0.18,smart,264,1
1005,30241.61706715906,28225.360366050998,4677,3.1123403593900135e-05,21611,5005,67001,0.9101731657608884,0.36816877254419983,0.9999645431950244,28202.83080159141,1.0758272295496933,0.15465442835327073,0.9333284097662351,8193,0.9991723667123461,3.814539626555779e-05,0.9992011021949312,1251.224488974078,220,1005,1,68,5.553738003464496,3.343161246149176,-0.4644942486826976,9.825887746979067,30241.61706703965,3,0,10,7,5,34,20,18,89,2,2,35,0.8,0.18,smart,265,1
1001,22886.616618030377,20853.00377583285,4414,4.0955689262074245e-05,16526,4233,50041,0.892563848753931,0.3683897048258482,0.9999519798064691,20824.07246167591,1.1056690617693157,0.19286380654983284,0.9111440159051112,8193,0.9991510269329578,5.3094442327677494e-05,0.9991614546435766,1192.0412665144133,220,1005,0,68,4.064459665792354,5.503298320780783,-0.5082909072314251,10.584339801035988,22886.61661798401,0,2,10,6,7,34,18,23,89,1,2,35,0.8,0.18,smart,266,1
1003,20617.922070212913,18792.724479062806,3955,4.543734859071075e-05,14886,3806,45090,0.893194927204214,0.36839440581910393,0.9999467154436689,18766.66385792785,1.1052251761769536,0.19182340424663163,0.9114751920715132,8193,0.9990447215548947,5.889143315862588e-05,0.9990806249057278,1087.1952570938179,220,1005,0,68,3.661994332302924,3.2923336099158216,-0.4492563297434666,7.852840601705678,20617.922070162647,1,2,10,7,4,34,18,7,89,2,2,35,0.8,0.18,smart,267,1
1002,19148.618012820483,17114.756581520363,4238,4.870577719154585e-05,13944,3821,41433,0.8797084279506862,0.36864975495314006,0.99994145168428,17079.410624514047,1.1311855735274667,0.22132145500853126,0.8937854716231532,8193,0.9990724672246466,6.622901009704395e-05,0.9991575709341401,1186.5434928712182,220,1005,0,68,3.335923503844436,3.472987147485973,-0.48615593982300936,7.781222530976428,19148.618012773903,2,0,10,8,4,34,14,15,89,2,2,35,0.8,0.18,smart,268,1
1004,22296.090619094037,20193.220683990483,4553,4.174030982831006e-05,16146,4221,48590,0.886142593377654,0.36852933282770495,0.9999503940921335,20158.38918888243,1.113831402410841,0.20420620268294384,0.9056843654329837,8193,0.9991382099405678,5.525261792691254e-05,0.9992197962971144,1281.2164870600382,220,1005,0,68,3.9344628842318383,3.0466283341525924,-0.5069894303184378,7.995070079021306,22296.09061904239,2,0,10,6,4,34,13,12,89,2,2,35,0.8,0.18,smart,269,1
1005,15896.60327887489,13987.929858929629,3837,5.8674015066221715e-05,11654,3356,34107,0.8718305365453674,0.368873109954833,0.9999283228612897,13950.94975881606,1.152795492003886,0.24137231914814258,0.8799319963855604,8193,0.999139123768141,8.262908238519481e-05,0.9991637020606916,1195.246031037392,220,1005,1,68,2.6930332662052336,4.7962066832585615,-0.4704698738623395,8.430179697188475,15896.603278839555,0,0,10,2,7,34,9,17,89,2,2,35,0.8,0.18,smart,270,1
1005,21951.441335180396,19912.298979059706,4358,4.260336298352394e-05,15883,4131,47881,0.8903331269060292,0.3684730506284133,0.999949702531577,19881.216339661834,1.111510382789248,0.1985291049210362,0.9071066758221171,8193,0.9991747963642993,5.5906158380409315e-05,0.9992576832880224,1346.6338283620364,220,1005,1,68,3.8739557425880213,3.1317292440181026,-0.4944902942539698,7.994665575114063,21951.441335131007,2,1,10,7,4,34,15,16,89,2,2,35,0.8,0.18,smart,271,1
1005,17275.11046372135,15438.977174731715,3815,5.404115899950809e-05,12580,3449,37377,0.8802348946675689,0.36864685567317906,0.9999350990233872,15407.588627303774,1.1312063527467053,0.2208379511095864,0.8937122114011593,8193,0.9990905484325456,7.34163970442274e-05,0.9990948061346404,1104.2356483028095,220,1005,1,68,2.9957486657910155,3.1144157044012126,-0.44208426230670633,6.994332894805641,17275.110463691053,1,0,10,3,4,34,11,15,89,2,2,35,0.8,0.18,smart,272,1
1004,24814.832898789842,22733.277881744143,4567,3.77998553515495e-05,17877,4482,54419,0.8967494129955745,0.36833879718794243,0.9999559579191979,22705.057540107533,1.0987533104103102,0.1840431494593188,0.9161165007422954,8193,0.999122813997343,4.839138207875078e-05,0.9992235547098166,1287.4206846696843,220,1005,0,68,4.423668860316994,3.3788654736084425,-0.519524944208166,8.841584222341769,24814.832898716304,1,1,10,4,3,34,17,13,89,2,2,35,0.8,0.18,smart,273,1
1004,24635.581064498638,22580.127887650528,4450,3.826973747273868e-05,17741,4443,54041,0.8997024477301523,0.3682903922178838,0.9999556642918387,22554.682747904444,1.0978955128525676,0.18063304406538716,0.9165656709510237,8193,0.9991712495888064,4.867597504992731e-05,0.9991750275635357,1211.661642087689,220,1005,0,68,4.394511505107661,2.991570398542502,-0.5129747627033326,8.412031429056828,24635.581064411188,1,0,10,6,1,34,22,14,89,2,2,35,0.8,0.18,smart,274,1
1000,20500.657152478398,18640.03155113557,3935,4.607401140709124e-05,14813,3831,44774,0.8951701031313932,0.36835036872890914,0.9999462841876368,18615.992160581194,1.1079780107638413,0.19194506647921206,0.9092406849446828,8193,0.999079384441447,5.951593892880997e-05,0.999202929505938,1254.0941099128129,220,1005,0,68,3.5972246865166526,5.9558653522989715,-0.5029067439683953,10.558903526752415,20500.65715242524,0,4,10,3,5,34,15,20,89,1,2,35,0.8,0.18,smart,275,1
994,18110.21293035244,16197.843290643255,3957,5.162680067860832e-05,13183,3606,39201,0.8818701992319372,0.3686224009122235,0.9999381439386301,16166.064400236328,1.1300540436849655,0.21849549838081297,0.8944038014868348,8193,0.9990650969506739,6.990069227757396e-05,0.9991185193847777,1133.9548228874835,220,1005,0,68,3.1674038226637355,3.91728310348055,-0.47650219953215006,8.037691325208586,18110.21293031355,0,1,10,3,9,34,16,15,89,2,2,35,0.8,0.18,smart,276,1
1003,16766.2595601157,14902.181904651927,3874,5.521558100115359e-05,12243,3406,36168,0.8742171777159244,0.36883052679528777,0.9999327307808958,14865.14007937247,1.139347461447854,0.23105928821569946,0.8888197066984385,8193,0.9991490115793926,7.664301402003848e-05,0.9991742413837523,1210.5075795485059,220,1005,0,68,2.883984017735499,3.53101647339651,-0.4592382275456481,7.333476946223305,16766.259560084953,0,1,10,4,8,34,16,20,89,2,2,35,0.8,0.18,smart,277,1
1003,16751.326393670664,14973.338669880432,3659,5.59760722182307e-05,12195,3346,36248,0.8824829891541178,0.36860138719547464,0.9999330894372987,14944.823417646576,1.1306773357582147,0.2184304641919293,0.8938598841664246,8193,0.9989538088355304,7.565425676922846e-05,0.9990408891206555,1042.1322387134496,220,1005,0,68,2.8981152554446994,3.5080914820124955,-0.4421292896473167,7.2904653167518285,16751.32639363646,0,1,10,3,9,34,11,15,89,2,2,35,0.8,0.18,smart,278,1
1005,18905.410537778753,16754.050816701623,4419,4.9198403639845396e-05,13820,3890,40718,0.8740145522098424,0.3688194122060883,0.999940167875723,16712.929646467583,1.143063579253787,0.2337426098824723,0.8862040199138729,8193,0.9991067826887559,6.839192213066763e-05,0.9992204266717225,1282.2529022128697,220,1005,1,68,3.2343895655511834,3.7107463302361055,-0.5278811882300182,8.000898272247325,18905.410537750537,0,1,10,5,5,34,13,17,89,2,2,35,0.8,0.18,smart,279,1
1004,19422.5466826521,17150.95775100341,4598,4.818134790606438e-05,14215,4057,41752,0.8739721382404149,0.36877275641305357,0.9999415562997815,17109.984038098755,1.1475285060035516,0.23673517562487612,0.8830437136404138,8193,0.9991023366748911,6.706581199716982e-05,0.9991507618668222,1177.0259503857135,220,1005,0,68,3.327576094755611,5.507814897537192,-0.5414571089517478,9.918305210196298,19422.54668261094,0,0,10,5,5,34,16,22,89,2,2,35,0.8,0.18,smart,280,1
1004,22328.33151597101,20385.716709782133,4215,4.199792997765256e-05,16109,4092,48875,0.8948310950026078,0.36837763381768074,0.9999508823345746,20358.773820096052,1.1030504521371807,0.18877362139598716,0.9129977622914025,8193,0.9990601366919595,5.417926305567754e-05,0.9991107069844096,1123.9886854343542,220,1005,0,68,3.984638548420593,3.2471144422152816,-0.463236255544724,8.158225501725322,22328.33151590589,1,1,10,7,5,34,17,17,89,2,2,35,0.8,0.18,smart,281,1
1002,18175.739520099876,16397.295395552974,3742,5.160694966642104e-05,13180,3502,39527,0.887622438751744,0.3684818061404533,0.9999389166612571,16370.576307703453,1.1184242042177555,0.2058788307271823,0.9021528602684811,8193,0.9990092492056987,6.831708452453177e-05,0.9990237860519585,1023.8655323213842,220,1005,0,68,3.187275653257425,3.3120870227535435,-0.44061646651524905,7.380595609041467,18175.7395200611,1,1,10,5,5,34,16,14,89,2,2,35,0.8,0.18,smart,282,1
1004,21882.101608177218,19785.98739179088,4446,4.2841834279298374e-05,15853,4178,47646,0.8884965383134648,0.3684742764335579,0.9999493802208959,19754.623737878937,1.115503269945853,0.20317975300592495,0.9042087339726532,8193,0.9991352690218837,5.646652911484024e-05,0.9991521275067173,1178.9225523175396,220,1005,0,68,3.8612945450099585,3.4990750550537517,-0.4976898390759936,8.355749278215697,21882.10160811148,2,1,10,3,5,34,16,17,89,2,1,35,0.8,0.18,smart,283,1
1001,19201.685124555668,17150.315032905786,4304,4.831616099798437e-05,13991,3835,41531,0.8773666213742901,0.36872641465826855,0.9999415620284917,17111.66138933971,1.1325349012374448,0.22414699397897744,0.8931671841120584,8193,0.9991508037550004,6.61830422909554e-05,0.9992035879623733,1255.1313815935227,220,1005,0,68,3.34168701384592,3.0498064722893736,-0.4948135105306517,7.381120507196597,19201.68512450474,1,0,10,5,2,34,10,8,89,2,2,35,0.8,0.18,smart,284,1
1002,23859.408117670908,22009.43959906486,4034,3.9695713998893726e-05,17133,4181,52523,0.9058230503299182,0.3682227660767995,0.999954524354263,21989.292198034847,1.089763741297703,0.16907376662928672,0.9224637715452835,8193,0.9990316640744435,4.9557709836565015e-05,0.9990634707927788,1067.27227999359,220,1005,0,68,4.321799631555546,3.7108659893645153,-0.44055727814511414,8.91378017721029,23859.40811760031,2,1,10,6,7,34,16,19,89,2,1,35,0.8,0.18,smart,285,1
1005,19922.542053975267,17899.488265581942,4249,4.6862470244978996e-05,14475,3897,43229,0.8834990344570063,0.3685809425079424,0.9999440283210678,17865.678374775627,1.1241869193387413,0.21327599602944097,0.8984540334806494,8193,0.9991487903735942,6.292262930940807e-05,0.999299183675978,1426.4073433079416,220,1005,1,68,3.438770579375489,3.058548389493056,-0.5259144064805639,7.549147781829673,19922.542053926667,1,0,10,4,4,34,11,14,89,2,2,35,0.8,0.18,smart,286,1
1004,25557.54842582177,23724.4915507295,4115,3.695917967712494e-05,18304,4346,56455,0.9085054908409955,0.3681813803738148,0.9999578148851241,23704.543895091123,1.082215498216009,0.16100918333162417,0.9282772805688881,8193,0.9990692690001298,4.565338511298857e-05,0.9991410892457974,1163.7652436278097,220,1005,0,68,4.615587301446176,3.25498224574664,-0.4755578032836955,8.821685153760207,25557.548425743957,1,2,10,6,4,34,21,12,89,2,2,35,0.8,0.18,smart,287,1
1002,19859.548203081056,17866.07906838256,4195,4.6998145506818284e-05,14422,3864,43123,0.8844253489262202,0.36856473571002335,0.99994392611331,17833.11309098467,1.1224566419094837,0.21123340556907422,0.8996216271229562,8193,0.9992083271679543,6.294050655306507e-05,0.9992223424547177,1285.413003289265,220,1005,0,68,3.4797776131719727,3.2095483073491504,-0.48420406408053174,7.657734048682186,19859.548203035047,1,0,10,6,4,34,15,15,89,2,2,35,0.8,0.18,smart,288,1
1003,25781.500320662763,23843.64724522311,4332,3.655534268185182e-05,18495,4462,56834,0.9047316657548824,0.3682223708486437,0.9999580210994005,23820.99092928277,1.086818344802112,0.16802745946201156,0.9248355196037003,8193,0.9990014213269893,4.5623439266498765e-05,0.99909232381646,1101.2144103223816,220,1005,0,68,4.655325185731283,3.194615150788439,-0.4855522460909989,8.82104482870172,25781.500320588748,1,1,10,8,5,34,17,14,89,2,2,35,0.8,0.18,smart,289,1
995,17464.23828418986,15354.409598368355,4331,5.2673567845186605e-05,12818,3679,37452,0.8657685448013704,0.36909765439488756,0.9999346678741071,15305.905324754147,1.1552348304481872,0.24799249354727343,0.8791914853949567,8193,0.9991835466354381,7.547394737919046e-05,0.9992374573821735,1310.9020490761886,220,1005,0,68,2.9982729160999133,4.0281844460030545,-0.512126739006683,8.050710840116334,17464.238284155315,0,0,10,5,6,34,15,21,89,2,2,35,0.8,0.18,smart,290,1
1001,18503.88466775338,16597.02834276404,3959,5.065516011302639e-05,13451,3647,40115,0.8841966191206077,0.3685579229508523,0.9999396404393286,16566.88366835196,1.126110463853301,0.21395507327709018,0.896948324136909,8193,0.999116651259315,6.797153286584972e-05,0.999139880375657,1162.1289065162148,220,1005,0,68,3.222620294445942,3.5278134564010797,-0.4744595592415902,7.699352869330202,18503.884667706097,0,0,10,6,8,34,18,19,89,2,2,35,0.8,0.18,smart,291,1
1004,22312.97617001304,20441.21797529695,4100,4.203523680846149e-05,16075,4029,48932,0.8969900434966381,0.36834211402370004,0.9999510194375256,20415.76206973845,1.0987651322475172,0.18374958000941582,0.9161134677662771,8193,0.9991624145563497,5.3818134204863394e-05,0.9991774132858049,1215.1772366155694,220,1005,0,68,4.004423861720808,2.8771804254495157,-0.4403921083880409,7.762388503946405,22312.976169946418,2,1,10,8,2,34,20,10,89,2,1,35,0.8,0.18,smart,292,1
1001,17073.87717493799,15033.332519869702,4166,5.4292984831443895e-05,12518,3590,36645,0.8688284488662086,0.3689583915094803,0.9999332940071558,14990.656821020006,1.1524669960249505,0.24399847540868413,0.8804873296111375,8193,0.9992400936878327,7.687645519031067e-05,0.9992564953578004,1344.4814529171,220,1005,0,68,2.9160287446838233,4.626192220567296,-0.4953353262254063,8.532891617701932,17073.877174900692,0,2,10,4,5,34,13,19,89,2,2,35,0.8,0.18,smart,293,1
1005,18236.560034524493,16094.673817783783,4373,5.0748336538186413e-05,13359,3798,39190,0.8709090967152578,0.36893596938273565,0.9999376958201386,16049.787507207535,1.1492904257504226,0.23979303068787464,0.8825498771322111,8193,0.9992670413673456,7.160559739906838e-05,0.9993163775468974,1462.2956652143776,220,1005,1,68,3.1036034305456903,3.202365359432221,-0.5255627454723896,7.35709428092269,18236.560034490853,1,2,10,4,4,34,17,15,89,2,2,35,0.8,0.18,smart,294,1
1002,19808.26803592508,17992.855066937653,3834,4.768212065156092e-05,14318,3717,43239,0.8943978616174462,0.3683678239150976,0.9999443513268008,17969.38036287309,1.109208027158921,0.193555539184269,0.9083507469863129,8193,0.999125217832177,6.172595501333737e-05,0.9991432392870032,1166.686967882857,220,1005,0,68,3.4910242201280384,3.9447233100287127,-0.46272189481792575,8.361191319792603,19808.26803587928,1,1,10,4,6,34,15,22,89,2,2,35,0.8,0.18,smart,295,1
996,17284.071406503495,15409.131134965304,3894,5.387291182504596e-05,12601,3480,37347,0.8777287108215299,0.3687069012333299,0.9999349632103698,15375.412700078236,1.1347123378257027,0.22529413981330815,0.891522070961087,8193,0.9991908179327805,7.379804760609488e-05,0.999196684214304,1244.340402750934,220,1005,0,68,2.9973963447250704,3.3242631758618826,-0.4733007248480806,7.268260970283115,17284.071406474293,0,2,10,5,7,34,10,15,89,2,2,35,0.8,0.18,smart,296,1
1003,20167.202012139158,18100.121964596954,4396,4.591034617578066e-05,14665,3951,43734,0.8795752416221244,0.36869492140828825,0.9999446347431288,18061.368692681233,1.1261405084665577,0.21797768462645112,0.8975028838260273,8193,0.9991608392107851,6.234905852445135e-05,0.9992690655310954,1367.611640651252,220,1005,0,68,3.5127425916989408,3.7849998352428376,-0.5086336818991282,8.315009790740035,20167.202012094316,1,2,10,5,5,34,14,17,89,2,2,35,0.8,0.18,smart,297,1
1003,19588.03018260743,17553.748303196007,4229,4.7858378540942856e-05,14245,3876,42445,0.8830955783413162,0.3685726310468341,0.999942928322784,17521.32603541519,1.1273101850146552,0.21589715558816153,0.8961466844574449,8193,0.999137098105264,6.433748300182532e-05,0.9991662821338875,1198.9464586861588,220,1005,0,68,3.385479257794392,3.7794873967830647,-0.5204091136036949,8.205784881784847,19588.030182561408,0,0,10,0,4,34,12,20,89,2,2,35,0.8,0.18,smart,298,1
1001,20122.437534694374,18175.852273650722,4131,4.6458057148080804e-05,14586,3855,43790,0.8871490880908126,0.36851666863434523,0.9999448910821983,18145.383454749546,1.1170182588621347,0.2052932202113924,0.9032629492482002,8193,0.9990933205446545,6.155766741087545e-05,0.9991793764557538,1218.085490106778,220,1005,0,68,3.5246269841126248,3.129513247219698,-0.49584005577569185,7.645820342883706,20122.437534641023,0,1,10,3,4,34,20,15,89,2,2,35,0.8,0.18,smart,299,1
1001,23738.09436777701,21879.739471287423,4212,3.934900268523048e-05,17059,4168,52231,0.8982419402009955,0.3683212524304655,0.9999542424980942,21853.839904384284,1.091351327835961,0.1774363154321911,0.9217142341883944,8193,0.9991168364199622,4.993751046341061e-05,0.9991538793031143,1181.3644124832097,220,1005,0,68,4.273299433008927,2.777826808971367,-0.4695765645375077,7.990279371055309,23738.094367719903,0,0,10,7,1,34,15,8,89,2,2,35,0.8,0.18,smart,300,1
1000,20722.00988344256,18723.038196004996,4217,4.525010672413704e-05,15017,3968,45102,0.8886960462418305,0.36848157733750614,0.9999465052617218,18692.927278042574,1.1164824335249082,0.20350342576419173,0.9035338898745148,8193,0.9992448443489853,5.972593557397462e-05,0.9992482875516725,1329.7958533118747,220,1005,0,68,3.651900728768244,3.490419769935496,-0.4925012479103951,8.12732299452453,20722.00988339319,1,0,10,7,2,34,15,16,89,2,2,35,0.8,0.18,smart,301,1
1002,21414.74324683584,18849.59072574548,5253,4.3264294807950266e-05,15703,4508,45954,0.8679022597917327,0.3689672112751148,0.9999467974485515,18795.591024556124,1.152940318731926,0.2452982947052687,0.8802155836507927,8193,0.9992080861658666,6.133936662452837e-05,0.9993286270699427,1488.985079984237,220,1005,0,68,3.662158804920845,4.939019031239605,-0.6122410447344985,9.825659925629447,21414.74324677327,2,1,10,4,7,34,13,13,89,2,2,35,0.8,0.18,smart,302,1
993,22009.591672583552,20067.7848631488,4186,4.2716016985341365e-05,15887,4061,48142,0.894620970701813,0.36835884649293366,0.9999501047539094,20041.489530977644,1.1046450648717132,0.1901898073472362,0.9117745191132474,8193,0.9990532076510262,5.5116537354789936e-05,0.99908075430603,1087.348369711901,220,1005,0,68,3.962865269526738,3.296764207545032,-0.47008370782013903,8.199796892712047,22009.591672527244,2,0,10,8,4,34,16,15,89,2,2,35,0.8,0.18,smart,303,1
1005,25543.525091232787,23651.340337383182,4209,3.699836480741249e-05,18314,4397,56346,0.9069456219655789,0.36819659441261193,0.9999576826610902,23630.475520039414,1.0852807592412237,0.1647775702440005,0.9259231156588074,8193,0.9990890041399925,4.5926193701054234e-05,0.9991420002570274,1165.0014431147783,220,1005,1,68,4.591268711247716,3.1225246164066327,-0.4920198641043235,8.697833055862995,25543.525091143998,0,2,10,6,3,34,22,13,89,2,2,35,0.8,0.18,smart,304,1
999,18720.22581433262,16914.8084416138,3801,5.016488393730413e-05,13565,3586,40746,0.889171531171934,0.36846596086472083,0.9999407896073722,16888.42701647787,1.1163276597764735,0.20304242254865695,0.9035579276326596,8193,0.9991135198317805,6.609819903672643e-05,0.9991203318358961,1136.2922317680225,220,1005,0,68,3.2849717436316723,2.9742858247936765,-0.4628212121814451,7.18489999278824,18720.22581428652,0,0,10,5,5,34,13,16,89,2,2,35,0.8,0.18,smart,305,1
1003,19592.4102904768,17395.810200304746,4488,4.77177269137278e-05,14307,4010,42242,0.8772229212907859,0.3687343795151678,0.9999423875205717,17356.850519319632,1.140078921612408,0.22906829397001058,0.8878851525868797,8193,0.99914647685977,6.568277341828275e-05,0.9991879352856369,1230.928884098048,220,1005,0,68,3.3787472014214193,5.874937895204083,-0.5280145713460628,10.309714239317628,19592.41029042892,2,0,10,5,8,34,14,18,89,2,2,35,0.8,0.18,smart,306,1
1004,16154.088446600475,14382.489852677934,3691,5.7392416090101266e-05,11787,3264,34880,0.8755091193293421,0.36877609727575666,0.999930308833079,14348.520740728869,1.1368539436365084,0.22848704909602915,0.8903312557821631,8193,0.9991094885556168,7.922867795109471e-05,0.9991101937897182,1123.340137814229,220,1005,0,68,2.777439951797209,3.3720075493435453,-0.44050595389177905,7.030459408924312,16154.08844655872,0,0,10,2,8,34,10,16,89,2,2,35,0.8,0.18,smart,307,1
1003,17838.194463879143,15681.925616458948,4382,5.189375752202861e-05,13088,3767,38253,0.8682154014410948,0.369001160813087,0.9999360474798908,15636.100370905324,1.154729521845744,0.2456526645044253,0.8791206782846516,8193,0.9991856636340922,7.384786296634202e-05,0.999218838231641,1279.6445099262241,220,1005,0,68,3.042534566125485,6.512120067133178,-0.5144334226775074,10.583521478613678,17838.19446384701,0,4,10,5,10,34,13,21,89,2,2,35,0.8,0.18,smart,308,1
1003,16527.78704187605,14464.085942243442,4204,5.5655580674571694e-05,12155,3536,35356,0.863019959842195,0.3691676238731948,0.999930632081277,14415.385873580508,1.1618905000082869,0.2543595212927434,0.875137482446751,8193,0.999096724752683,8.059792576982377e-05,0.9992031665482414,1254.467327061792,220,1005,0,68,2.802778491282778,3.572894082157919,-0.492891905895832,7.361456385232361,16527.78704185073,1,1,10,4,4,34,12,16,89,2,2,35,0.8,0.18,smart,309,1
1003,20195.14861499132,18250.17548905088,4116,4.639736811252973e-05,14634,3864,43960,0.8882752577328116,0.3684833710983678,0.9999451193315165,18220.852388413387,1.1162622413123802,0.203811325109269,0.9036910714043151,8193,0.9990768856569661,6.126121800657447e-05,0.9991501542473467,1176.1840472706726,220,1005,0,68,3.538931579533189,3.376338634516427,-0.48801729682790984,7.891304807705436,20195.148614950907,0,1,10,6,7,34,14,14,89,2,2,35,0.8,0.18,smart,310,1
1000,20104.859405357554,18308.02824539141,3890,4.6600809406267285e-05,14521,3726,43946,0.8923535099962648,0.3683987675649696,0.9999453039158883,18282.344484969137,1.1063933887022865,0.19348556095664068,0.9106270218687865,8193,0.9991537428098626,6.0515385849399136e-05,0.999154470902443,1182.1913388167527,220,1005,0,68,3.5699965560271676,3.4116682310088158,-0.45097532503441057,7.883615437104805,20104.85940530789,0,0,10,7,6,34,17,15,89,2,2,35,0.8,0.18,smart,311,1
1003,20523.280021110964,18081.995937303647,4987,4.5166590896518145e-05,15043,4306,44063,0.8693331211212972,0.36895020695643477,0.9999445430657868,18031.510134205946,1.1515175305493084,0.24299234795170155,0.881048054633756,8193,0.9992007041627228,6.385963193720039e-05,0.9993721448052532,1592.2238884162105,220,1005,0,68,3.4665618340771016,3.4819500227268008,-0.6258170335349794,8.200145923873862,20523.280021074585,0,1,10,3,3,34,14,14,89,2,2,35,0.8,0.18,smart,312,1
1004,17112.732867422674,15356.123899972581,3640,5.483156292072619e-05,12437,3368,37108,0.8850611396553554,0.368532588264917,0.9999347664917624,15329.044994005499,1.125414377522904,0.2127071127797144,0.8973507632556965,8193,0.9990383673198507,7.341472806717766e-05,0.9990438552465212,1045.3666641643622,220,1005,0,68,2.9685543539851853,3.430431753308335,-0.44035657577535703,7.279699258844235,17112.732867397925,0,1,10,3,7,34,15,16,89,2,2,35,0.8,0.18,smart,313,1
1004,18960.59476133342,17020.48023785018,4042,4.939538049427884e-05,13779,3725,41123,0.8843179143401415,0.36855135704641223,0.999941142181759,16989.59629641251,1.1250874066951042,0.21317896674016268,0.8976764944399456,8193,0.9990441552793048,6.622019008865508e-05,0.9991107010238344,1123.9811484861543,220,1005,0,68,3.302545774938606,3.5988075466147396,-0.4744651336836374,7.850283588920621,18960.59476128366,0,1,10,6,4,34,16,19,89,2,2,35,0.8,0.18,smart,314,1
997,17862.777826845442,15965.463633363623,3956,5.214546399685436e-05,13009,3563,38650,0.8794950519133325,0.36866230919533577,0.9999372356201282,15932.103838570318,1.131247607192553,0.22146611452865098,0.8937839225302124,8193,0.9990751165465612,7.100205454712498e-05,0.99912019799176,1136.119291728778,220,1005,0,68,3.113674897627573,5.094442052219751,-0.46963058417993486,9.147378118207195,17862.777826810427,0,2,10,4,5,34,16,10,89,2,2,35,0.8,0.18,smart,315,1
999,17260.358240673773,15356.181830115154,3952,5.39048287388179e-05,12596,3502,37254,0.8757815650034529,0.3687552266887357,0.9999347319455999,15320.931117202428,1.1376232207649684,0.2289639615177379,0.8896792068850891,8193,0.9991073673598297,7.425045425979081e-05,0.9991243736955063,1141.5396246053926,220,1005,0,68,2.982874728092496,3.3377606383443537,-0.472652447210575,7.265940260858,17260.358240638838,1,2,10,4,4,34,14,14,89,2,2,35,0.8,0.18,smart,316,1
1001,20001.182788276557,18094.01685516686,4047,4.6883566186786235e-05,14487,3811,43562,0.8889354469702908,0.368468690552653,0.9999446478373563,18065.64144746085,1.1148609752618863,0.2023380338472832,0.90464734244479,8193,0.9991682509380838,6.170996602809118e-05,0.9992238249771597,1287.8691440071598,220,1005,0,68,3.4862857440308757,2.879206476063675,-0.5099545732966163,7.385401366687783,20001.182788224098,0,1,10,2,5,34,14,10,89,2,2,35,0.8,0.18,smart,317,1
1004,26174.428407194315,24240.610210240688,4331,3.605168746445788e-05,18765,4501,57744,0.9061145341585074,0.36821924610412676,0.9999587104097034,24218.6795238165,1.0850860660441042,0.16546684162965636,0.9261180352491634,8193,0.9990774737645306,4.480275910394474e-05,0.9991238539153459,1140.8621010443521,220,1005,0,68,4.719762256053327,3.034953273557088,-0.4942673071137573,8.74325014383793,26174.428407098763,0,0,10,6,6,34,17,10,89,2,2,35,0.8,0.18,smart,318,1
1001,18863.237935836652,16852.15119756823,4153,4.96020827730441e-05,13737,3774,40806,0.8811852329902335,0.36863144164402817,0.9999405441411878,16818.700322452492,1.131553276893775,0.22016368632609307,0.8933859210646052,8193,0.9991141762103811,6.727747186970692e-05,0.9991596727607476,1189.512526571271,220,1005,0,68,3.27496555690951,3.859999734285863,-0.49391315154107157,8.122791594277516,18863.23793579516,0,0,10,4,5,34,12,16,89,2,2,35,0.8,0.18,smart,319,1
1000,21166.624828991462,19128.70218603402,4313,4.424873768487069e-05,15338,4048,46075,0.8882735619769649,0.36847910264473444,0.9999476390523839,19097.70286492693,1.116257885817782,0.2037641822843942,0.9037199997910794,8193,0.9990451404558129,5.844832068555577e-05,0.9991656914939789,1198.0973231161713,220,1005,0,68,3.7349204659156676,3.7300953035196383,-0.49840449987237545,8.461824769180057,21166.624828940214,1,0,10,4,6,34,18,15,89,2,2,35,0.8,0.18,smart,320,1
1005,20789.295454167714,18811.619332266513,4302,4.448108690806686e-05,15065,3941,45284,0.883926466618986,0.36861069895388965,0.9999467406511583,18775.546300073238,1.1154120545054762,0.20693341962858874,0.9048704595948812,8193,0.9992224997661078,5.94061197134515e-05,0.9992660728969621,1362.0330784990683,220,1005,1,68,3.6515694844611986,3.154185231545624,-0.48560374023949004,7.776962196485802,20789.295454120962,1,0,10,4,4,34,11,13,89,2,2,35,0.8,0.18,smart,321,1
1005,18446.412685814772,16551.810643756315,3932,5.086057283811594e-05,13407,3632,39999,0.884709278090819,0.3685551007039577,0.9999394777727764,16522.355247868505,1.1255386682830775,0.2131579764028425,0.8972915723871124,8193,0.9990634710639164,6.812010703096331e-05,0.999120510937757,1136.523731668564,220,1005,1,68,3.1992660445641037,3.457352639318822,-0.47166185309946185,7.599942390081849,18446.412685759416,0,1,10,5,7,34,13,18,89,2,2,35,0.8,0.18,smart,322,1
1002,25329.807318150422,23230.76195454102,4574,3.716900010015443e-05,18237,4555,55582,0.8992637230695661,0.36830101766447265,0.9999569052518518,23204.183698476954,1.097197059175793,0.18057776526086866,0.917131412124667,8193,0.9990796168762701,4.728343093445439e-05,0.9991400796507197,1162.398330279692,220,1005,0,68,4.572562575014091,4.799974899386882,-0.48328718907125373,10.33911185254348,25329.807318067575,2,2,10,3,6,34,15,14,89,1,1,35,0.8,0.18,smart,323,1
1004,19419.739671758794,17347.69697252706,4273,4.823211671129284e-05,14142,3888,42007,0.8814202949376588,0.3686132443325546,0.9999422435874251,17313.594749660497,1.131624967103676,0.22003384557281275,0.8933022412115541,8193,0.9991498493303562,6.535859848031901e-05,0.999208636711166,1263.1420742548678,220,1005,0,68,3.3423500896012386,3.122136516845993,-0.5261239485891902,7.516734503625612,19419.73967171595,1,0,10,5,3,34,13,14,89,2,2,35,0.8,0.18,smart,324,1
1004,16680.98791539533,14752.99946525458,3921,5.5931298267975656e-05,12202,3460,35889,0.8742762130752696,0.3687925874205871,0.9999320553855504,14717.369955053275,1.145569322979378,0.23505802053733305,0.8844200079803811,8193,0.9990529625558349,7.783526597530159e-05,0.9991198611520249,1135.684293783334,220,1005,0,68,2.8471533704494076,3.5948396142868506,-0.4757525887874394,7.393498162311136,16680.987915368973,0,0,10,3,7,34,10,17,89,2,2,35,0.8,0.18,smart,325,1
1004,19084.95314570299,17127.810991449776,4090,4.897212448564834e-05,13872,3750,41387,0.8833702335820216,0.368583744801243,0.9999415073756796,17095.672574449927,1.1255559084757731,0.21430495368655753,0.8974510369864928,8193,0.9992212800467429,6.583671890624588e-05,0.9992229826753518,1286.472526796905,220,1005,0,68,3.316794374061743,2.9023357128020653,-0.4849891210878982,7.1891083290396045,19084.953145651198,2,0,10,5,3,34,14,14,89,2,2,35,0.8,0.18,smart,326,1
1004,18160.684488787596,16251.077854230827,3956,5.1530123479180246e-05,13216,3611,39321,0.882202408417957,0.3685960857652794,0.9999383487156306,16219.762236408207,1.129335760548431,0.21783319909788829,0.8948494129868421,8193,0.9991747094269432,6.962500012245158e-05,0.9991832192685158,1223.8187257441286,220,1005,0,68,3.1346523999339864,3.3310858572780697,-0.48301383288320415,7.431765922978465,18160.684488742296,0,1,10,2,3,34,13,12,89,2,2,35,0.8,0.18,smart,327,1
1000,18282.298359772823,16435.538346412097,3894,5.1075064990030604e-05,13280,3569,39683,0.8833918850927238,0.3685798711190087,0.9999390453851562,16405.148731488374,1.1233422462895637,0.21299291387608593,0.8989864415830661,8193,0.9991340683474347,6.84728939605327e-05,0.9991419827440713,1164.9776541082572,220,1005,0,68,3.19119407733225,2.886556035082777,-0.4652655946134494,7.008281301641926,18282.298359728495,1,0,10,3,5,34,10,9,89,2,2,35,0.8,0.18,smart,328,1
998,21452.960406164017,19525.19804470453,4083,4.387988205442939e-05,15496,3986,46879,0.8957315133807942,0.3683745855694473,0.9999487171877928,19499.210658219654,1.106877976703222,0.19032338300623738,0.9101400307947435,8193,0.9991177324086601,5.676381541586185e-05,0.9991707740159457,1205.4438101368073,220,1005,0,68,3.811459102326433,3.376214811741309,-0.48773135982008675,8.163136633707914,21452.96040611113,1,1,10,7,4,34,19,19,89,2,2,35,0.8,0.18,smart,329,1
1005,17717.322549307475,15710.356195547407,4091,5.268333314317502e-05,12945,3641,38172,0.8763116521207035,0.36875725091336825,0.9999362029551934,15674.20723278418,1.1419206189292583,0.2309039635427254,0.8867229318552697,8193,0.9991984835522798,7.285116089167842e-05,0.9992045969851467,1256.7242354919247,220,1005,1,68,3.0348655933766167,3.9342773183449804,-0.49096973981209635,7.95108239134579,17717.32254927328,0,0,10,3,6,34,17,18,89,2,2,35,0.8,0.18,smart,330,1
1005,17548.329408328023,15553.670629028478,4038,5.341579757016351e-05,12821,3617,37799,0.8775389370805554,0.3687138659402341,0.9999355672398903,15519.555294099851,1.1422136041708393,0.2301073741004463,0.8863334091305052,8193,0.9990623754357025,7.359597515167107e-05,0.9991264645140435,1144.2731116367568,220,1005,1,68,3.0021513351878863,3.8617288043532763,-0.49005352218244425,7.8439871839060515,17548.32940828591,1,1,10,3,7,34,13,22,89,2,2,35,0.8,0.18,smart,331,1
1002,20679.90212188692,18731.957260941872,4085,4.559584466241162e-05,14967,3924,45073,0.8926326366205496,0.3683996451144526,0.9999465416720621,18705.65932700697,1.1128906666152458,0.19753478405860403,0.9058049284051781,8193,0.9991253372867351,5.949327421489571e-05,0.9991277123883175,1145.9107975079535,220,1005,0,68,3.649199577115148,3.7783292169717657,-0.47852539730106247,8.38457958868904,20679.902121825216,2,1,10,8,6,34,20,17,89,2,2,35,0.8,0.18,smart,332,1
1005,19579.87099897027,17725.742805069007,3907,4.8039272646797404e-05,14175,3722,42662,0.8910853615266457,0.36842375970083446,0.9999435034652312,17699.700619847907,1.113726854379941,0.19954166195504935,0.9053043713107827,8193,0.9990129362715272,6.292170795153236e-05,0.9991006507569195,1111.4150210678363,220,1005,1,68,3.4225120537220532,2.8407956406838064,-0.4739796873578668,7.211267069121593,19579.8709989266,0,0,10,4,2,34,17,11,89,2,2,35,0.8,0.18,smart,333,1
999,19748.86666623611,17840.03659624844,4073,4.722107934063259e-05,14316,3779,42979,0.8861177557886585,0.36853093609292237,0.9999438500504726,17808.95500670777,1.1170662948015755,0.20623968295676703,0.9033448297440214,8193,0.9990693588345473,6.272321607199224e-05,0.999163536025281,1195.0086792655914,220,1005,0,68,3.482058404173827,3.4946031716526713,-0.4716686561236024,7.919998888073703,19748.86666618566,0,2,10,9,5,34,15,13,89,2,2,35,0.8,0.18,smart,334,1
1005,21664.25397678047,19864.183342991113,3901,4.348500101216824e-05,15599,3899,47533,0.8999013345847056,0.3683046390095255,0.9999496021578279,19841.619358477878,1.0974633890022276,0.18006620510362611,0.9169105644847658,8193,0.999215387703626,5.5309786668949215e-05,0.9992268355654952,1292.8858640380029,220,1005,1,68,3.8508067851208043,3.175067355563356,-0.4604875386048609,7.946849217893882,21664.253976721466,0,1,10,8,3,34,18,14,89,2,2,35,0.8,0.18,smart,335,1
1001,18836.712704905367,16901.005383460928,4009,4.982865565588303e-05,13691,3709,40844,0.8850674021067013,0.3685363839152993,0.9999407287164712,16871.07659107572,1.1255934641332257,0.2128290675132501,0.8972375195306582,8193,0.9990662291674913,6.671536935104561e-05,0.9991020912010272,1113.1987786812522,220,1005,0,68,3.277790310363192,3.7220043890973527,-0.48578865164465646,7.971372002749857,18836.71270484928,1,0,10,3,4,34,15,17,89,2,2,35,0.8,0.18,smart,336,1
1002,25530.526233696997,23386.239863413666,4589,3.70835800937169e-05,18388,4620,55986,0.9011296402877819,0.36826781951821136,0.9999571949115084,23361.208504414568,1.0984886382070318,0.17974560954968147,0.916010882397984,8193,0.9992023151222008,4.702090336569934e-05,0.999203537270294,1255.051465019977,220,1005,0,68,4.567772648422008,4.729490913499346,-0.5281407714593045,10.353545104839963,25530.52623360538,0,2,10,7,7,34,19,17,89,2,2,35,0.8,0.18,smart,337,1
1004,19797.28725816801,17919.83260688237,4016,4.722382152001395e-05,14337,3761,43132,0.8879351895051967,0.36848917396749503,0.9999441072379373,17890.90423257323,1.114266107681378,0.20285607556374016,0.9051660650874763,8193,0.99915451047534,6.2279410431646e-05,0.9991751400048505,1211.8268786915664,220,1005,0,68,3.473406075362935,3.4141073179969004,-0.47027664537954833,7.828066684118932,19797.287258127268,1,1,10,5,7,34,20,16,89,2,2,35,0.8,0.18,smart,338,1
1005,22679.721526338533,20716.86085138754,4270,4.1384852508124595e-05,16359,4150,49658,0.8949985054864642,0.3683561760139543,0.9999516686992735,20690.02528639977,1.1023843791086425,0.1882739166369896,0.9134530522047428,8193,0.9991485504410044,5.327967094314315e-05,0.9991668523869389,1199.7674273496348,220,1005,1,68,4.0364141324016884,3.7555259494290345,-0.47696328576194447,8.745866653354613,22679.721526272257,2,2,10,7,5,34,15,16,89,2,2,35,0.8,0.18,smart,339,1
1004,19499.598563555886,17549.98516409402,4089,4.8095657589323346e-05,14154,3794,42352,0.8857971745018036,0.36850984468261133,0.999942924040838,17520.01151500419,1.1215650938745356,0.2096966246085808,0.900017767385959,8193,0.999035986425993,6.401440349559932e-05,0.9991663202877258,1199.0013520593313,220,1005,0,68,3.395070277830624,4.104830488151901,-0.48931190613517384,8.478524578252873,19499.598563508305,1,1,10,3,5,34,12,19,89,1,2,35,0.8,0.18,smart,340,1
1001,30107.33887595482,28055.575303891022,4619,3.1496834382037886e-05,21525,5025,66646,0.9127735702360953,0.3681474429213109,0.9999643314548554,28035.406590538267,1.0774749343289995,0.15341774372789077,0.9318517129488838,8193,0.9991207778329554,3.843196333767314e-05,0.9991220808695496,1138.5570054330879,220,1005,0,68,5.513997742000119,3.0581838905501857,-0.5014545808480428,9.575090794246389,30107.338875855054,1,0,10,7,4,34,20,11,89,2,1,35,0.8,0.18,smart,341,2
1002,16816.943602212792,15003.57025566068,3749,5.557887653917388e-05,12254,3381,36352,0.8795569523458142,0.3686516338398914,0.9999332140045186,14972.698983118045,1.1334594681807517,0.22292992642888465,0.8921698621672545,8193,0.9990353610093146,7.569921892035393e-05,0.9990637575971019,1067.5993766405677,220,1005,0,68,2.9008727342167817,3.6808718801039357,-0.45580263547726346,7.4933498852752445,16816.943602167168,0,0,10,2,5,34,12,15,89,2,2,35,0.8,0.18,smart,342,1
1004,18829.67785494226,16937.18992809495,3992,4.948404767907838e-05,13676,3664,40883,0.8837416269979222,0.36858587198890963,0.9999408480370818,16905.10972747113,1.1227520452219804,0.2120057512801374,0.8994944076353073,8193,0.9991893160303448,6.641298734552665e-05,0.9992200772181877,1281.6781496965737,220,1005,0,68,3.288074192862329,3.0438324653292548,-0.46285765074389074,7.257621959679366,18829.677854903224,2,0,10,4,3,34,13,10,89,2,2,35,0.8,0.18,smart,343,1
1000,18916.00116387963,16837.562660566127,4253,4.9532693018781494e-05,13796,3838,40839,0.8794770307567287,0.3686557394849182,0.9999404880056398,16802.835368882632,1.1364056639039857,0.2248361037385197,0.8901227333775855,8193,0.9992646553702509,6.762976746096941e-05,0.9992855556616765,1399.1891063557714,220,1005,0,68,3.2440260559531877,3.698609919625841,-0.5391741768170795,8.020984329213187,18916.001163851335,0,2,10,3,6,34,12,18,89,2,2,35,0.8,0.18,smart,344,1
1003,17708.740201257417,15853.84270140286,3862,5.2750037184505225e-05,12886,3513,38351,0.8815868659163246,0.368610330099135,0.999936801904782,15822.761701432888,1.1288452717417081,0.218084401042022,0.8952552536897657,8193,0.9990755862682689,7.134087097019163e-05,0.9991310589867387,1150.3260305241276,220,1005,0,68,3.0646087074700983,2.7892944356194707,-0.4665458690444293,6.786994881178428,17708.740201220357,0,0,10,3,3,34,13,11,89,2,2,35,0.8,0.18,smart,345,1
1002,18144.644475706733,16149.214765956456,4100,5.149371401675025e-05,13236,3680,39171,0.8783925137504057,0.368682095128779,0.9999379459847828,16114.492658879708,1.1367627258261805,0.2259619914564518,0.890026519261819,8193,0.9990652414117417,7.054069148697129e-05,0.9991435196870394,1167.0690891098611,220,1005,0,68,3.1271647637676883,3.354793490021424,-0.49452076031906683,7.470999774427246,18144.644475674642,1,0,10,4,2,34,15,19,89,2,2,35,0.8,0.18,smart,346,1
1003,19979.98116484229,18049.341861487064,4094,4.6777550858943736e-05,14482,3825,43483,0.8873943013139056,0.36850725475342655,0.9999445048775001,18019.101627960565,1.116868107186085,0.20490509806906093,0.9033713151465593,8193,0.9991516579987665,6.198073242473176e-05,0.9991537992159643,1181.2525570399196,220,1005,0,68,3.5062489929971115,2.9594720814491136,-0.47779510766063815,7.421311289767502,19979.981164798613,1,0,10,4,1,34,20,12,89,2,2,35,0.8,0.18,smart,347,1
1004,22330.352395090773,20320.98215903111,4348,4.18802075308423e-05,16135,4148,48792,0.8916151997261988,0.36843222173105544,0.9999507189616677,20291.280239159096,1.1073548883228022,0.19471255639279064,0.9100161878098524,8193,0.9991445945385768,5.457159869932629e-05,0.99914897905306,1174.5591371656883,220,1005,0,68,3.9717991389023206,3.8934899032795647,-0.4764782306252171,8.818245503432319,22330.35239502824,1,1,10,7,8,34,20,17,89,2,2,35,0.8,0.18,smart,348,1
1000,27944.67470780006,25856.14204214894,4676,3.374086054769543e-05,20043,4826,61618,0.9050576358452003,0.36822038692652587,0.9999612889992202,25831.950201008494,1.0862443684117589,0.16733062914111543,0.9252618723427773,8193,0.9991662405873377,4.204960659284961e-05,0.9991662463192211,1198.8949353397734,220,1005,0,68,5.097131599967393,3.0964152711686,-0.49180334157424394,9.17715355428448,27944.67470770818,3,2,10,6,3,34,18,8,89,2,1,35,0.8,0.18,smart,349,1
998,18363.03560605703,16514.570501193808,3900,5.080148769937938e-05,13337,3577,39866,0.8836037760571418,0.36857718332862105,0.9999393367175878,16483.936053080746,1.1228706768467867,0.21238318563808636,0.8993377160226435,8193,0.9990902984454175,6.811702098200772e-05,0.9991463085478409,1170.8833337706853,220,1005,0,68,3.223636697829946,3.273376515221629,-0.4563303574845488,7.409673928020673,18363.03560601933,2,2,10,5,6,34,11,16,89,2,2,35,0.8,0.18,smart,350,1
1004,18752.962487831617,16698.763203436847,4177,5.012102170714455e-05,13673,3803,40496,0.8812578228500539,0.3686177652615535,0.9999399990339711,16665.89832463332,1.135685957681893,0.22273814085163146,0.890460012079281,8193,0.999040165568921,6.814225456634939e-05,0.9991032613202309,1114.6520008211255,220,1005,0,68,3.243025811883424,4.4433902910234035,-0.492624086083085,8.671664275072997,18752.962487791872,1,0,10,5,7,34,13,19,89,2,2,35,0.8,0.18,smart,351,1
1002,23097.657178124955,21102.19068830964,4318,4.0712802151997196e-05,16658,4224,50578,0.8961536762326715,0.36833834001166216,0.9999525533121641,21075.786784697408,1.1020766177846462,0.18694536708638304,0.9136074072609773,8193,0.9991180643606158,5.228988525553042e-05,0.9991196117682769,1135.3624517550247,220,1005,0,68,4.117087815995111,3.6477072383402493,-0.4932229979865628,8.751241050308487,23097.657178048186,2,2,10,2,4,34,17,13,89,2,2,35,0.8,0.18,smart,352,1
1004,19480.369187060973,17567.687702776806,4009,4.820709554372498e-05,14128,3761,42356,0.8880081328011836,0.3684912445124226,0.9999429867288894,17539.27591969272,1.1188617289913063,0.20579692106979225,0.9018149263025987,8193,0.9990375596448587,6.378996709046242e-05,0.9991392033431967,1161.2144773070065,220,1005,0,68,3.385020126962683,3.1049267866789942,-0.4955315039168618,7.481009921475401,19480.369187015316,0,0,10,2,5,34,16,14,89,2,2,35,0.8,0.18,smart,353,1
1002,21063.594183663423,19017.529979201197,4358,4.4255131407264595e-05,15273,4039,45827,0.8858568052606627,0.36853538459739554,0.9999473253790048,18983.974513055,1.1177848264659227,0.2068972636863652,0.9028625320720849,8193,0.9991447829819311,5.887889208849236e-05,0.9992277829524241,1294.4726419879923,220,1005,0,68,3.700441521138847,3.136047494841217,-0.5038686951472797,7.844226406274624,21063.594183593494,0,1,10,6,3,34,15,15,89,2,2,35,0.8,0.18,smart,354,1
1001,19485.103351243757,17568.54364532828,4040,4.808704796551486e-05,14134,3763,42362,0.886652947895947,0.3685113562782246,0.9999429857471126,17538.97388741652,1.1192632298208993,0.20733787895162087,0.9016397464582531,8193,0.999057268421227,6.381395683269169e-05,0.9990799259654501,1086.3689821380403,220,1005,0,68,3.435060945761476,3.7594665479176728,-0.45806659693499485,8.110660687549139,19485.103351195834,1,0,10,8,5,34,16,17,89,2,2,35,0.8,0.18,smart,355,1
1002,21367.96739842104,19415.215490966177,4162,4.397119377125496e-05,15447,3999,46650,0.892831765859123,0.368401545491301,0.9999484229671031,19387.974745661268,1.1090953489095383,0.19477753416581617,0.9086131183633704,8193,0.9991011404645284,5.72038472967221e-05,0.9991502257039895,1176.2829934287354,220,1005,0,68,3.7978655252094,3.1540952716886674,-0.46719782775671864,7.886356452411505,21367.96739836025,1,0,10,2,5,34,15,13,89,2,1,35,0.8,0.18,smart,356,1
1004,19066.746364509632,17145.65758517919,4076,4.882789862375e-05,13850,3714,41392,0.8823374451550207,0.3685983741166413,0.9999415654793414,17112.671947767456,1.1231709847100424,0.21377533020457884,0.8992440166453197,8193,0.999135410432101,6.563195810944864e-05,0.9992160198247942,1275.0423930186998,220,1005,0,68,3.2972834860909925,3.071935308961572,-0.5008731602188605,7.370965115490286,19066.746364475464,0,0,10,3,4,34,15,10,89,2,2,35,0.8,0.18,smart,357,1
1004,20658.117060059947,18632.891169027043,4249,4.545679161601097e-05,14981,3985,44921,0.8879973733550748,0.3684881056711737,0.9999462457437359,18602.678041315034,1.118667704810487,0.20568186285549445,0.9019646425109846,8193,0.9991168373099159,6.013315047914271e-05,0.9991454335509149,1169.6839455405666,220,1005,0,68,3.6280402541762675,4.801972904875623,-0.48712250678365676,9.404258172619205,20658.11706001882,1,1,10,8,8,34,22,16,89,2,2,35,0.8,0.18,smart,358,1
1004,18253.99212649114,16417.288899514664,3848,5.130546013576628e-05,13255,3560,39631,0.885191837124719,0.3685371256261806,0.999938983245773,16388.441240134107,1.1225692030379444,0.2108032025726352,0.8993807374162852,8193,0.9991054850128942,6.84955291649581e-05,0.9991355072994785,1156.2476938681941,220,1005,0,68,3.168413574193203,2.9834570220984182,-0.46783983745143426,7.087550271194489,18253.992126456076,1,0,10,2,3,34,13,16,89,2,2,35,0.8,0.18,smart,359,1
1003,17749.082348939322,15887.180913507533,3875,5.2612635541657764e-05,12916,3523,38435,0.8814720645440167,0.3686251989760352,0.999936933426349,15855.760167279741,1.129109246091634,0.2183211460637326,0.8950987212280833,8193,0.9990790441296821,7.120905142872814e-05,0.9990819310942356,1088.742782814409,220,1005,0,68,3.0843138000285397,3.3264802087149636,-0.454885073132929,7.320564155009361,17749.082348904765,0,1,10,2,4,34,12,15,89,2,2,35,0.8,0.18,smart,360,1
1005,16630.685436134987,14668.475227867992,3958,5.619360048771247e-05,12178,3485,35728,0.8734768379295279,0.36880715813291903,0.9999316599705149,14632.212440211837,1.1492626006645055,0.23799379858391748,0.8820126677398681,8193,0.999126532508627,7.854064001570567e-05,0.999150788211749,1177.0624805412335,220,1005,1,68,2.8293796958721678,4.133986460761647,-0.4802094456403076,7.923785047914429,16630.68543610019,0,1,10,3,5,34,9,24,89,2,2,35,0.8,0.18,smart,361,1
1002,18727.436439566885,16775.806780738752,4035,5.006762412457781e-05,13621,3710,40571,0.8837243908263088,0.3685807202654765,0.9999402820335149,16744.879298083728,1.1278083237107859,0.2154592815210387,0.8957876768063794,8193,0.99910487014285,6.735041967708869e-05,0.9991513717413952,1177.8721904387976,220,1005,0,68,3.2434449201508833,3.1668288268116425,-0.49456634522280085,7.399406437408127,18727.436439522156,0,0,10,5,3,34,12,12,89,2,2,35,0.8,0.18,smart,362,1
1003,17405.895475268946,15399.852207260114,4129,5.3378059583209084e-05,12733,3602,37455,0.8719359640378068,0.3688349366605726,0.9999349018847732,15360.927841077402,1.145371020275069,0.2372184761115372,0.8847492063330435,8193,0.9991805830124967,7.456149465525964e-05,0.9992562844079065,1344.0999579962634,220,1005,0,68,2.962592091634616,3.1191585333588185,-0.5081747030286835,7.098100031050802,17405.895475236448,1,0,10,2,1,34,11,11,89,2,2,35,0.8,0.18,smart,363,1
999,21736.084754842148,19679.618726482793,4362,4.3193809941261396e-05,15737,4129,47362,0.8899232985819526,0.3684463681609764,0.9999491102537518,19649.823955368425,1.1137219923465405,0.20068011554050816,0.9053893076166242,8193,0.9991367647801095,5.667702958187406e-05,0.9992623234510687,1355.1076251641277,220,1005,0,68,3.8104794469450254,3.5383229975843635,-0.5410890725294053,8.430980589588199,21736.084754774784,1,0,10,5,7,34,13,19,89,2,2,35,0.8,0.18,smart,364,1
992,26829.415213781806,24525.756567787255,5075,3.4760899496709714e-05,19350,4885,58767,0.8933670867367896,0.36841989877228365,0.9999591692162484,24490.825122350012,1.101793713261758,0.18915805505119845,0.9141368297579889,8193,0.9992342665783321,4.498710084518409e-05,0.9993175259145419,1464.7570441576756,220,1005,0,68,4.815563624269856,3.3411069458240363,-0.5935926688137642,9.343855907721421,26829.41521369476,2,0,10,6,3,34,17,7,89,2,2,35,0.8,0.18,smart,365,1
1001,16936.263385376504,15012.300229391258,3929,5.5114944911591945e-05,12376,3486,36482,0.875607246488556,0.3687590678930953,0.9999332358203682,14977.591622534283,1.1424146213157604,0.23198741721225635,0.8863997853477835,8193,0.9992259007652191,7.627237499169432e-05,0.9992267837521684,1292.7991940653487,220,1005,0,68,2.9091511195825652,3.7793436927125947,-0.4747176886783848,7.637930189651929,16936.263385346057,0,1,10,4,7,34,9,16,89,2,2,35,0.8,0.18,smart,366,1
1004,18484.11081185429,16519.65839002392,4035,5.0763855199259555e-05,13457,3695,39994,0.8827452551347021,0.3685930966972897,0.9999393529781889,16488.355838768104,1.1308522857281362,0.21829559674638288,0.8937221031714156,8193,0.999129224775339,6.858282323787692e-05,0.9991295266682126,1148.3001990543848,220,1005,0,68,3.193008590417631,4.72212549592007,-0.48908519679591805,8.893304479929537,18484.110811812017,0,1,10,3,6,34,15,13,89,2,2,35,0.8,0.18,smart,367,1
1005,29140.344580470402,27188.384321336576,4530,3.2302041622176446e-05,20827,4831,64549,0.9097054795443041,0.36818071401319347,0.9999631906233312,27166.49086985028,1.0762293475283984,0.155454579045574,0.9330151963802785,8193,0.9991781219251374,3.961533143545496e-05,0.999181972079982,1221.9520945337629,220,1005,1,68,5.332481148245071,3.3038900803578364,-0.4665924000851065,9.569556028773121,29140.344580359142,3,1,10,6,2,34,15,12,89,2,2,35,0.8,0.18,smart,368,1
1004,20979.256795549718,18799.318417870476,4563,4.455121655995139e-05,15260,4149,45457,0.8815726743103061,0.3686147512760216,0.9999467045087305,18762.8132924124,1.1276239194979745,0.21750055516589792,0.8960907719980973,8193,0.9991015380352718,6.009727075710615e-05,0.9991670858854005,1200.1039093773495,220,1005,0,68,3.6720927184687593,4.960529712149161,-0.5070421013532843,9.64670663332449,20979.25679550666,1,1,10,4,7,34,10,22,89,2,1,35,0.8,0.18,smart,369,1
1001,17325.69991306194,15381.490825895755,3971,5.39703874615398e-05,12652,3548,37352,0.8771828615015441,0.3687063734391844,0.9999348447645287,15347.46079565963,1.140152132490695,0.2291970898679967,0.8877846726584225,8193,0.9990817011958376,7.428688066581771e-05,0.9990978325896038,1107.9416491000848,220,1005,0,68,2.9951229994889355,3.580801716833385,-0.46655530481404933,7.5090353259504194,17325.69991303644,1,0,10,2,4,34,13,17,89,2,2,35,0.8,0.18,smart,370,1
1003,19976.822762314277,18040.471730022073,4095,4.6879082129684506e-05,14481,3832,43468,0.887656969391037,0.3684880395607722,0.9999444797817202,18010.95655990141,1.1171839250852984,0.20498755226106846,0.9030701200420581,8193,0.9991320827070095,6.202629537959304e-05,0.9991753192601621,1212.0903940697629,220,1005,0,68,3.479280647849213,2.7995015215045385,-0.5041336616716777,7.287049492697108,19976.82276224727,0,0,10,3,2,34,15,12,89,2,2,35,0.8,0.18,smart,371,1
996,19586.7960940291,17472.28494620274,4361,4.7700659921529376e-05,14274,3939,42336,0.8798631379274415,0.3686585779153256,0.9999426490475638,17436.002050047005,1.1336936245979283,0.22264999232464674,0.8920440516317544,8193,0.9991637623336642,6.501840914190074e-05,0.9992160815266667,1275.1427904003747,220,1005,0,68,3.4107300967346594,3.6208835854352297,-0.5223614884030824,8.076336658976054,19586.796093985955,0,1,10,4,3,34,13,15,89,2,2,35,0.8,0.18,smart,372,1
1004,21796.75684672044,19707.618692025375,4492,4.273805708488764e-05,15795,4156,47458,0.8856346360151538,0.3685269556707199,0.9999491712787185,19673.41613585653,1.1159436566185639,0.20608570493256068,0.9041537156474084,8193,0.9991383008218291,5.6721989088322294e-05,0.99932939540069,1490.6916254980347,220,1005,0,68,3.788076595999486,2.916931012085664,-0.5539068395931885,7.812821287271527,21796.756846675227,0,0,10,5,2,34,15,8,89,2,2,35,0.8,0.18,smart,373,1
1003,27499.003671439998,25690.52875482798,4126,3.4483467617431405e-05,19639,4532,60958,0.9139755842998915,0.3681287215753661,0.9999610493020205,25672.980880848823,1.0744441835863707,0.1500417996701893,0.9342348930812258,8193,0.9990591486236426,4.185035089101274e-05,0.9990850203956565,1092.4204601450374,220,1005,0,68,4.999888874665524,2.847418112394867,-0.48346180755659474,8.81423060217358,27499.00367134393,1,0,10,6,4,34,19,9,89,2,2,35,0.8,0.18,smart,374,1
1001,19622.074612806035,17604.19222043214,4240,4.741039373003203e-05,14268,3855,42544,0.8817278125745078,0.3686468419784362,0.9999430816402409,17568.52349194308,1.1263335300479274,0.21608316570322444,0.8971626378865691,8193,0.9991818982297229,6.410905707219002e-05,0.9992460584976667,1325.8627874554209,220,1005,0,68,3.435262615834148,3.186709255582256,-0.4852318122898703,7.592435495996145,19622.074612760713,2,0,10,6,4,34,12,14,89,2,2,35,0.8,0.18,smart,375,1
1003,17511.352655757717,15499.697399525798,4116,5.311675828270246e-05,12807,3618,37691,0.8736128653089719,0.36883000309210623,0.9999353240411468,15461.195773564501,1.1447175381802743,0.23504751922443085,0.885122794579179,8193,0.9990303640033661,7.403570439785796e-05,0.9991471039255414,1171.9757204324178,220,1005,0,68,3.000813411568012,4.117152054494083,-0.49098173413854407,8.099928934339184,17511.35265571838,1,1,10,2,4,34,14,16,89,1,2,35,0.8,0.18,smart,376,1
1004,17490.376108273427,15504.411884547413,4096,5.2991282868608516e-05,12786,3589,37676,0.873211762025542,0.36886465241773986,0.9999353384052218,15464.630470118846,1.142984048572703,0.23418593028782725,0.8864538869014601,8193,0.9991843461640327,7.39071713868742e-05,0.9992096778979693,1264.8068228248287,220,1005,0,68,2.998148926137696,3.561904518300282,-0.48598974084230373,7.532032926122586,17490.376108239598,0,0,10,6,5,34,17,17,89,2,2,35,0.8,0.18,smart,377,1
1005,17370.830822007534,15536.447622221775,3778,5.4059586538587046e-05,12642,3464,37601,0.8830210894545515,0.3685678218424999,0.9999355180093599,15507.706085547568,1.1297792257678538,0.21749103648016413,0.8943986491733179,8193,0.9991475952783339,7.285041346153446e-05,0.9991485659410865,1173.9890036917923,220,1005,1,68,2.9895125642056284,3.329324972011059,-0.46736919141034,7.253575919037368,17370.83082197024,0,0,10,4,4,34,11,10,89,2,2,35,0.8,0.18,smart,378,1
997,20100.287214644864,18109.836422268778,4180,4.660918435112613e-05,14585,3892,43682,0.8865665154258624,0.3685238524872605,0.9999446886807828,18078.981992067365,1.1202349322571852,0.20795722744471504,0.9009740124048643,8193,0.9991079724270725,6.196167193642193e-05,0.9992098084909872,1265.0159370102094,220,1005,0,68,3.532861907139501,4.325550302839458,-0.4992919974946264,8.856996204968212,20100.28721460112,1,2,10,7,6,34,13,14,89,1,2,35,0.8,0.18,smart,379,1
1003,35118.68549178709,33181.773223185235,4744,2.682249355276949e-05,24963,5450,78335,0.9188866457017763,0.3680906609451223,0.999969845771847,33162.345185433995,1.0613867368087393,0.1350847827464795,0.9448466751679865,8193,0.9992742490047763,3.200529782048661e-05,0.9992921189801459,1412.1667196605758,220,1005,0,68,6.460340725295319,2.9518845434843497,-0.542388186295585,10.497001641370838,35118.685491628385,1,0,10,9,3,34,21,12,89,2,2,35,0.8,0.18,smart,380,1
1002,32177.713605003926,30275.14502623534,4430,2.9550976625886275e-05,22910,5112,71609,0.9200949633568932,0.36807377514966194,0.9999669521584509,30258.662263979113,1.0660488311830008,0.13767292649752141,0.9408730961396611,8193,0.9990545367963312,3.5230612856684746e-05,0.9991250029828112,1142.3609658386913,220,1005,0,68,5.930507389982409,3.1487708117077897,-0.4921899363453764,10.06365807438095,32177.7136049022,1,1,10,5,2,34,23,12,89,2,1,35,0.8,0.18,smart,381,1
1005,20033.082475925097,17838.6705247511,4531,4.651329710860112e-05,14613,4051,43259,0.8777241768941128,0.36872753777679856,0.9999438180483243,17798.810453111124,1.1363568437249467,0.2261758770995508,0.8904605941790962,8193,0.9992314295059418,6.384274528054961e-05,0.9993630808075041,1569.5578314575055,220,1005,1,68,3.42254499338366,5.11486385499374,-0.5641380863953466,9.665685021168093,20033.08247588951,0,1,10,5,8,34,15,15,89,2,2,35,0.8,0.18,smart,382,1
1003,17231.663583952017,15334.012888843834,3935,5.392685292137411e-05,12575,3491,37196,0.8760737346925733,0.3687570011927126,0.9999346347697434,15298.153362325473,1.1374547658237948,0.228358682887977,0.8898742024609,8193,0.9991177293287827,7.434999267471489e-05,0.9991794322902009,1218.1684071578281,220,1005,0,68,2.9671153845380402,2.907082439627733,-0.46890925831643493,6.8120163407986425,17231.663583915193,1,0,10,4,3,34,14,10,89,2,2,35,0.8,0.18,smart,383,1
1005,16473.711993304405,14657.091544504912,3718,5.679764308329706e-05,12017,3346,35558,0.8789102991824136,0.36866136348446177,0.9999316325382764,14626.34110833153,1.137061488203103,0.22569291010496895,0.8897261012249187,8193,0.9991203067936056,7.773800777237376e-05,0.9991718516685768,1207.013080543583,220,1005,1,68,2.819422529839062,3.7091252588075414,-0.45892811558815605,7.446404019822916,16473.71199327177,0,2,10,1,6,34,11,15,89,2,2,35,0.8,0.18,smart,384,1
1004,15886.15848578999,13938.790652494843,3959,5.787937007084586e-05,11671,3366,34031,0.865809937183345,0.36914770692241483,0.9999280242005432,13893.058767179473,1.1582275456381066,0.24921065741231813,0.8774173230717137,8193,0.9992120597425297,8.336435355024794e-05,0.9992707050559413,1370.6872868554165,220,1005,0,68,2.68424260188783,4.547033560497877,-0.4803308016498794,8.191937765685466,15886.1584857593,0,3,10,1,6,34,11,16,89,2,2,35,0.8,0.18,smart,385,1
1003,18083.136139951646,16158.337975436181,4014,5.156481594906499e-05,13170,3612,39122,0.8792866959903819,0.3686674809008819,0.9999379851583886,16124.672195809084,1.1315506901325483,0.22197477079939373,0.8935583877918749,8193,0.999163461060208,7.017293682402556e-05,0.9991943307761849,1240.7041025360131,220,1005,0,68,3.1197583246737306,4.95364963118792,-0.48605147391374437,9.04551090368914,18083.136139916187,0,2,10,3,8,34,12,18,89,1,2,35,0.8,0.18,smart,386,1
1005,18046.9465985924,16111.528220496994,4000,5.176530760385148e-05,13148,3618,39025,0.8802287681378433,0.36865202894292654,0.9999378068384547,16078.438179544813,1.1326191764016602,0.22164414230116836,0.8927564633982813,8193,0.9991210648937731,7.044116740741748e-05,0.999162178148649,1193.071091357396,220,1005,1,68,3.1228134096600217,3.168420512467379,-0.46861874925463676,7.228471420636674,18046.946598546157,1,0,10,5,4,34,16,15,89,2,2,35,0.8,0.18,smart,387,1
1005,24616.33024867966,22435.670522621273,4768,3.78425765646403e-05,17778,4537,53832,0.8912603826064073,0.3684569100836753,0.9999553611785116,22401.525109318613,1.105637677271623,0.1936925590383538,0.9114141017759806,8193,0.9993312930053949,4.935436290703989e-05,0.9993923812302891,1645.2687271571024,220,1005,1,68,4.3462787034371155,3.5032016738630163,-0.5524934853405201,8.954467347981172,24616.330248607617,1,1,10,6,7,34,16,14,89,2,2,35,0.8,0.18,smart,388,1
1002,19834.277327771193,17956.336306618625,4015,4.708688463333506e-05,14364,3763,43216,0.8881318932098521,0.36849794827878984,0.9999442196727146,17926.967413820126,1.1141120660605657,0.20242733998573023,0.9053184045922789,8193,0.9990643802308141,6.214553567766498e-05,0.9991187601109578,1134.2647192219445,220,1005,0,68,3.491186239427502,3.4203238485876977,-0.46775135093623854,7.847012789887677,19834.277327722342,0,1,10,3,7,34,20,13,89,2,2,35,0.8,0.18,smart,389,1
1002,22977.50324158855,21235.11121987297,3852,4.1212452281781245e-05,16486,3994,50633,0.9058429541483896,0.3681859827765958,0.9999528686262539,21216.789468400802,1.0874583092497485,0.16764223508096399,0.9241696539699794,8193,0.9992241415490861,5.125340400679005e-05,0.9992497243754908,1332.3434516675586,220,1005,0,68,4.1132040863314066,3.4521796227361135,-0.4731239059877527,8.511631521043025,22977.50324151899,0,1,10,4,7,34,14,15,89,2,2,35,0.8,0.18,smart,390,1
1004,28177.963033316602,26152.314152106777,4759,3.301719839540075e-05,20192,4785,62236,0.9008465661922268,0.3682963047490674,0.999961720389162,26123.067559486182,1.083066133451651,0.16889084545867034,0.9281123025530706,8193,0.9993230097905909,4.145935010041017e-05,0.9994530249885762,1827.737038577705,220,1005,0,68,5.079604957267657,2.880072992755114,-0.5335350891883268,9.026748128399424,28177.96303320904,1,0,10,7,3,34,13,10,89,2,2,35,0.8,0.18,smart,391,1
1002,18569.542203910085,16819.776886331503,3666,5.072734326738249e-05,13440,3522,40472,0.8926866537950962,0.3683960592633021,0.9999404635994519,16795.947055887118,1.1129645261835108,0.19742005267249244,0.9057722964645761,8193,0.9989904956532042,6.626190182683166e-05,0.9990114928512818,1011.1263901859825,220,1005,0,68,3.27744500315389,4.104348052234128,-0.42905044672097925,8.239893948829977,18569.542203873094,0,1,10,6,8,34,16,18,89,2,2,35,0.8,0.18,smart,392,1
1004,19826.684842072773,17955.763465832977,3995,4.7229076480617525e-05,14355,3760,43208,0.8888847512390395,0.3684600165226034,0.9999442214577305,17927.541125740976,1.113523069925603,0.20149611656319363,0.9056361973198036,8193,0.9991034815646634,6.211069362413118e-05,0.9991491956241924,1174.8582469562543,220,1005,0,68,3.490904137835132,3.0466817707603595,-0.4586346753153905,7.454855259226273,19826.684842015624,2,1,10,5,5,34,15,14,89,2,2,35,0.8,0.18,smart,393,1
998,22659.75988203636,20560.215450565298,4477,4.14215832844102e-05,16391,4266,49433,0.8912372526851439,0.36842211342071796,0.9999512921959773,20530.090936454606,1.1109547370512682,0.19757490914761036,0.907344806723416,8193,0.9990829225404113,5.411216561061281e-05,0.9991777222254338,1215.6339811954506,220,1005,0,68,4.02756647128133,3.4614892006502544,-0.5134675732042348,8.515990818340054,22659.759881982965,1,1,10,7,5,34,15,14,89,2,2,35,0.8,0.18,smart,394,1
1004,16434.43005398196,14580.823799448224,3787,5.6835337788340736e-05,12005,3372,35418,0.8764283392981046,0.3687423934484428,0.999931263879338,14547.891587632652,1.1410983208989647,0.2304308690694408,0.8872120147492052,8193,0.9991512438168115,7.843467187273783e-05,0.9991525665921206,1179.5336531831097,220,1005,0,68,2.8099663760955327,3.7964783118066534,-0.4638244713042144,7.534093630510616,16434.43005394673,0,2,10,2,6,34,13,18,89,2,2,35,0.8,0.18,smart,395,1
1004,18878.629491271968,16889.708465677297,4087,4.974207774413346e-05,13738,3760,40871,0.8837174481286333,0.3685611394311096,0.9999406850121254,16858.645311149125,1.1294064190643753,0.21648817261282213,0.8946469590647883,8193,0.9991009898362774,6.69907280526431e-05,0.9991309824897046,1150.2247267089538,220,1005,0,68,3.2699680771688797,3.499418781297876,-0.4907150884150154,7.750817035296787,18878.629491231153,1,2,10,5,5,34,15,17,89,2,2,35,0.8,0.18,smart,396,1
1002,19336.75973929123,17536.496386854244,3850,4.847031361528233e-05,13991,3647,42172,0.8901307721277318,0.36843690401151763,0.9999428915078099,17510.030594986765,1.111658052247449,0.19910264449203516,0.9068994300643376,8193,0.9990429966126201,6.348511519500702e-05,0.9990811249430454,1087.7871637858184,220,1005,0,68,3.4034491040353694,2.8726885536328752,-0.4561835784479534,7.188504814564151,19336.759739241446,1,0,10,4,2,34,17,12,89,2,2,35,0.8,0.18,smart,397,1
1001,18120.52527559925,15814.935006639607,4626,5.11999337782919e-05,13335,3927,38708,0.8643753593804638,0.36907762049829523,0.9999365699833921,15764.906555797146,1.1649795641117253,0.25529061269704373,0.8727636073516971,8193,0.9991279856808437,7.389467309966752e-05,0.9991705081218276,1205.0572440822907,220,1005,0,68,3.072546052853227,6.867323447565694,-0.5479385176881715,11.035746535795264,18120.5252755597,0,0,10,5,5,34,14,18,89,2,2,35,0.8,0.18,smart,398,1
1004,17848.667097292626,16080.365689761487,3741,5.230181733018948e-05,12953,3454,38787,0.8849559734685575,0.3685369542492651,0.9999377037614864,16051.833552338569,1.1204673868928399,0.20959548293482674,0.9009280974376309,8193,0.999068771724741,6.980090358103499e-05,0.9991088395066431,1121.6322547894924,220,1005,0,68,3.1044635744491873,2.852397364391109,-0.4510477995058102,6.858956537851917,17848.66709725409,0,0,10,4,5,34,15,10,89,2,2,35,0.8,0.18,smart,399,1
