n_cluster,mfpt,sd,mode,f_mode,median,q10,q90,S_mode,S_mfpt,lam1,tau1,A1,ratio,cv,t_cert,lam2,w1,mu2,tau_rel,n_blocked,n_open,pocket_free,chem_dist,G_tt,G_ss,G_st,R_st,mfpt_tetali,blk_t_r3,blk_s_r3,nsite_r3,blk_t_r6,blk_s_r6,nsite_r6,blk_t_r10,blk_s_r10,nsite_r10,deg_s,deg_t,N,q,p,scheme,rep,attempts
1176,14537.706144811735,13289.768227072513,2679,6.486864022499389e-05,10481,2652,31844,0.8982400999730397,0.36830199890930626,0.9999246684277024,13274.146592761235,1.101154992843087,0.18427941611380627,0.9141585401913912,4097,0.9985313040258074,8.29517369545279e-05,0.9985640931466201,695.9238841145157,49,1176,1,68,2.2206851373121697,2.205136242961434,-0.2517138669046297,4.929249114082863,14537.706144794782,0,0,10,2,1,34,3,2,89,2,2,35,0.8,0.04,smart,0,1
1176,16653.946026644757,15384.33766483033,2789,5.6822856584921496e-05,11952,2899,36689,0.9062253956183356,0.36820580418381527,0.9999349422909177,15370.468540909944,1.0880565095639667,0.16746781786958242,0.9237653130505423,4097,0.9985521351986894,7.078646386465805e-05,0.9985746847869323,701.0990718525734,49,1176,1,68,2.578720998625159,2.285025689513602,-0.2535827473975224,5.370912182933806,16653.94602661337,1,1,10,2,1,34,5,1,89,2,2,35,0.8,0.04,smart,1,1
1176,14373.99565649953,13128.734684166682,2666,6.562891666079058e-05,10366,2633,31471,0.8977822361099695,0.3683155687870645,0.9999237433071922,13113.1030516882,1.1022354150102571,0.18547382813452482,0.9133670969373241,4097,0.9985224062899438,8.405282744415275e-05,0.9985510776423296,689.6679856282884,49,1176,1,68,2.192319067701217,2.17217612054415,-0.25223801673283863,4.868971221711044,14373.995656472249,0,0,10,0,0,34,3,2,89,2,2,35,0.8,0.04,smart,2,1
1176,14912.81461829537,13625.962867661472,2753,6.329684675906682e-05,10753,2727,32657,0.8983336015681904,0.3683031392132689,0.999926527443883,13610.024152142434,1.1017364776050504,0.1846063315655087,0.9137083251168991,4097,0.9985817794668508,8.094739517742064e-05,0.998597561163547,712.5434568620924,49,1176,1,68,2.277104960403752,2.348942944203934,-0.2590880018876929,5.144223908383072,14912.814618273696,0,0,10,1,2,34,3,4,89,2,2,35,0.8,0.04,smart,3,1
1176,14439.611518651935,13197.539998070888,2657,6.538910068458902e-05,10410,2637,31626,0.8986776276176577,0.36829223616464546,0.999924143359608,13182.261513728892,1.1013458136795906,0.18400772046864974,0.9139816525550817,4097,0.9985263927811258,8.354439333587851e-05,0.9985653313718061,696.524949665858,49,1176,1,68,2.2038743863619397,2.2949308471772727,-0.25184185830312045,5.002488950145453,14439.611518630552,0,0,10,0,2,34,3,5,89,2,2,35,0.8,0.04,smart,4,1
1176,14273.881981894703,13022.115247750684,2673,6.607156004003537e-05,10299,2628,31232,0.8969627384109033,0.3683241728041425,0.9999231165807464,13006.205596805494,1.1037177915794105,0.18726510443273178,0.9123036931556681,4097,0.9985436466058021,8.485759770806627e-05,0.9985537504070917,690.9434620927134,49,1176,1,68,2.174859510058331,2.236103779407604,-0.2526714392389746,4.916306167943883,14273.881981868157,0,0,10,0,0,34,1,5,89,2,2,35,0.8,0.04,smart,5,1
1176,14450.522917836233,13207.942030135398,2672,6.523146587696622e-05,10419,2638,31651,0.8977704616486925,0.3683022739975631,0.9999242006419465,13192.223859427153,1.1013831053838519,0.1849068033864684,0.9140113548301341,4097,0.9985302994368758,8.348413235929063e-05,0.9985598426335252,693.8684421692151,49,1176,1,68,2.2052013650675693,2.142765822145444,-0.25237055973108924,4.852708306675192,14450.522917816113,0,0,10,0,0,34,2,1,89,2,2,35,0.8,0.04,smart,6,1
1176,15548.117984438193,14269.992575805878,2758,6.0793868930515356e-05,11189,2788,34132,0.9017969707897552,0.36826535326780124,0.9999298517896137,14255.031168690472,1.0960919696916513,0.17738481292465288,0.9177954907525422,4097,0.9985550554618972,7.68888900928443e-05,0.9985621967471608,695.0053312254025,49,1176,1,68,2.3850861710711944,2.1624451877685646,-0.25915158138021555,5.06583452160019,15548.117984414292,0,0,10,2,0,34,5,0,89,2,2,35,0.8,0.04,smart,7,1
1176,16264.602103626454,15005.898847367958,2751,5.818710216837774e-05,11678,2848,35807,0.9056050778920475,0.368205136164944,0.9999333002166177,14992.052433016548,1.0895808682950623,0.16914031972455204,0.9226108792432218,4097,0.9985261752326867,7.267480789295509e-05,0.9985263780010017,678.0999527577911,49,1176,1,68,2.5158632801680083,2.319969197388341,-0.25022551296156365,5.3362835034794776,16264.602103601885,1,0,10,3,2,34,6,5,89,2,2,35,0.8,0.04,smart,8,1
1176,15611.897116154349,14365.39227337852,2698,6.0646119213097003e-05,11222,2768,34320,0.9041849077001798,0.36822841497300973,0.9999303233329774,14351.506809836936,1.092838220087533,0.17281692160322112,0.9201567347323848,4097,0.9985854770912741,7.614532477062539e-05,0.9985907665563959,709.1055227236749,49,1176,1,68,2.4020956968865463,2.2770279697725004,-0.2529888466723716,5.18510136000379,15611.897116126436,0,0,10,3,1,34,7,5,89,2,2,35,0.8,0.04,smart,9,1
1176,15011.448451111675,13736.836798333086,2738,6.287727374745897e-05,10817,2727,32901,0.8992765049683982,0.36830818588378267,0.9999271227528466,13721.203804920007,1.099840304702837,0.18239412465205762,0.9150906951497944,4097,0.9985479725011631,8.015333371537294e-05,0.9985734068057978,700.4705600346548,49,1176,1,68,2.2966476865736087,2.249129242206764,-0.2563197370811264,5.058416402942625,15011.448451089842,1,0,10,1,1,34,3,3,89,2,2,35,0.8,0.04,smart,10,1
1176,15550.844957347023,14299.388062342501,2724,6.0737590837145666e-05,11183,2765,34173,0.9024437609308401,0.3682488018984699,0.9999299977410623,14284.753287059486,1.0937878412256334,0.17516733061588668,0.9195248297801806,4097,0.9985120365407104,7.656761968458083e-05,0.9985207056961319,675.4978828356788,49,1176,1,68,2.395312203411772,2.255775281378888,-0.24938931994291802,5.149866124676496,15550.844957325577,1,0,10,2,1,34,5,2,89,2,2,35,0.8,0.04,smart,11,1
1176,13984.710806688352,12720.263655982048,2685,6.734558920569255e-05,10104,2607,30549,0.8946904033957165,0.3683555607484323,0.9999212847140466,12703.512789535076,1.1075717351270278,0.19199538961619908,0.9095836039668717,4097,0.9985659439210686,8.718282584440135e-05,0.9985854566195079,706.4417926155643,49,1176,1,68,2.1251486442288177,3.1594163478389463,-0.2532035337744922,5.790972059616749,13984.710806659463,0,1,10,0,3,34,1,7,89,1,2,35,0.8,0.04,smart,12,1
1176,14377.110785440673,13124.189746018961,2681,6.558127803534757e-05,10371,2639,31468,0.8972435703516475,0.36832726851464326,0.9999237152281658,13108.276174733857,1.1029678365834767,0.18647696606156636,0.9128530719335827,4097,0.998543177130221,8.413964975439341e-05,0.998559992311872,693.9406167536523,49,1176,1,68,2.192065852336908,2.18034952205148,-0.2530210159313175,4.878457406251023,14377.110785417166,0,0,10,0,0,34,3,2,89,2,2,35,0.8,0.04,smart,13,1
1176,14204.226374646349,12943.09525521862,2686,6.639003432293556e-05,10254,2628,31059,0.8961365062960661,0.3683457051025787,0.9999226448078984,12926.880468368967,1.1052397526862514,0.1890986477654525,0.911214374780821,4097,0.9985561170965657,8.549603338773952e-05,0.9985755191512281,701.5100211569181,49,1176,1,68,2.160808794073821,2.400879376906038,-0.25487596351607444,5.071440098012008,14204.226374628584,0,1,10,0,2,34,1,5,89,2,2,35,0.8,0.04,smart,14,1
1176,15364.566004429795,14110.20658510969,2720,6.145007981650114e-05,11055,2747,33740,0.9016298732050821,0.36825286963868725,0.9999290570953941,14095.342355714245,1.0953686412502264,0.17703070813817912,0.9183602440213113,4097,0.9985404054087832,7.770863302459682e-05,0.9985409217051274,684.864058923695,49,1176,1,68,2.3621273174428534,2.278348429608921,-0.2508941118771462,5.142263970806067,15364.566004401599,0,0,10,3,1,34,6,3,89,2,2,35,0.8,0.04,smart,15,1
1176,14386.96130112608,13143.244245895667,2664,6.555571661116253e-05,10375,2632,31503,0.897902242530724,0.36831329383406186,0.9999238277763448,13127.645031490318,1.1019817623183779,0.18516766287482028,0.9135524848368732,4097,0.9985301373707582,8.394040126336154e-05,0.9985437962316064,686.2169587560979,49,1176,1,68,2.1963375403311973,3.0705892637918333,-0.25042458570721293,5.767775975537457,14386.961301105854,0,1,10,1,2,34,2,2,89,1,2,35,0.8,0.04,smart,16,1
1176,15535.015620522003,14287.70351286052,2711,6.08283306009121e-05,11170,2759,34142,0.9029106523251889,0.3682473218094357,0.9999299415848044,14273.302751592966,1.093512628459662,0.17450899736584274,0.9197096328623086,4097,0.9985047470053258,7.660976174631129e-05,0.9985249731563292,677.4536405376947,49,1176,1,68,2.391334081340582,2.495978949009818,-0.2506753779276819,5.388663786205764,15535.01562049739,0,1,10,2,2,34,6,4,89,2,2,35,0.8,0.04,smart,17,1
1176,14766.25265908111,13517.418977683295,2686,6.393431970423863e-05,10639,2678,32370,0.8994738366375004,0.3682982390100002,0.999925940713722,13502.195607799218,1.0993704308368826,0.18190126242680363,0.9154264991781924,4097,0.9985255448934139,8.141858946299808e-05,0.9985654574074468,696.586188709397,49,1176,1,68,2.2589041423019727,2.3219614651147347,-0.2523633167199848,5.085592240856677,14766.25265904911,0,1,10,1,1,34,2,3,89,2,2,35,0.8,0.04,smart,18,1
1176,14476.349594981584,13210.884889341442,2696,6.520391490986473e-05,10444,2661,31680,0.8977172534164406,0.36832791422301536,0.9999242170141243,13195.074019227663,1.1032875535365254,0.18623479505735366,0.9125839910581579,4097,0.9985629856588366,8.361042508667954e-05,0.9985948661058269,711.1758335257208,49,1176,1,68,2.2052636859163206,2.1712360190521673,-0.25670053091326483,4.889900766795018,14476.349594957963,0,0,10,0,0,34,5,1,89,2,2,35,0.8,0.04,smart,19,1
1176,14889.03952513174,13657.475208573152,2656,6.346978057787709e-05,10718,2677,32675,0.9012700462736009,0.36826856558832405,0.9999267047568586,13642.950198037244,1.096792554856695,0.17838625490360496,0.9172838305332062,4097,0.9984915590443092,8.038967698421191e-05,0.9985064772421263,669.0578013156828,49,1176,1,68,2.2836778921029137,2.225398541888246,-0.24847168699707153,5.006019807985303,14889.039525107914,0,0,10,1,1,34,4,4,89,2,2,35,0.8,0.04,smart,20,1
1176,15037.75973705897,13783.90059234672,2706,6.277696939211955e-05,10828,2712,32988,0.9003239409010234,0.3682744940074848,0.9999273744793735,13768.764453242984,1.0977422039393898,0.17994701653141518,0.9166192859417585,4097,0.9985231076228784,7.972409907494243e-05,0.9985514105862554,689.8266139579382,49,1176,1,68,2.3038774427693154,2.144070985692932,-0.2535646893781075,4.955077807218462,15037.759737026847,0,0,10,2,0,34,4,0,89,2,2,35,0.8,0.04,smart,21,1
1176,14328.301127089444,13076.933874249855,2678,6.578439945660509e-05,10337,2633,31358,0.8969899466373652,0.3683367893147459,0.9999234387375647,13060.935609907421,1.1032431850970708,0.18690282792402418,0.9126646458822866,4097,0.9985589784153538,8.446569102448259e-05,0.9985788618316537,703.1612300274227,49,1176,1,68,2.184280623755272,2.21147496621856,-0.252505282208903,4.900766154391639,14328.30112706935,0,0,10,0,2,34,3,2,89,2,2,35,0.8,0.04,smart,22,1
1176,14778.664387095234,13538.954829903798,2661,6.396940486552192e-05,10644,2672,32410,0.900677358020231,0.3682663149462031,0.9999260615710868,13524.266677391812,1.098370282528031,0.1800568664597047,0.9161149123682683,4097,0.9985286694250192,8.12117730553616e-05,0.9985535399869461,690.8428760526833,49,1176,1,68,2.261107570269092,2.269315195998293,-0.25227072685183993,5.034964219971065,14778.66438707108,0,0,10,1,2,34,3,4,89,2,2,35,0.8,0.04,smart,23,1
1176,14311.120956553956,13062.386434685053,2666,6.592326585934067e-05,10324,2629,31322,0.8975219847690776,0.3683231932836003,0.9999233551683548,13046.694155767227,1.103086035608487,0.18628869171698756,0.9127437657986512,4097,0.998514860173862,8.454584348960027e-05,0.9985426689777808,685.6857790988604,49,1176,1,68,2.1820558788340843,2.341689872588847,-0.2518082294198452,5.027362210262622,14311.120956533106,0,0,10,0,3,34,2,4,89,2,2,35,0.8,0.04,smart,24,1
1176,15276.669240064311,14022.130678888145,2706,6.188091516801583e-05,10993,2738,33538,0.9019613860123807,0.36825146572033285,0.999928612228793,14007.501407917995,1.0959709323527005,0.17713285255291739,0.9178787901039294,4097,0.9985499840890871,7.823892216844942e-05,0.9985749149712114,701.2123964107797,49,1176,1,68,2.343637841988986,2.291952508573755,-0.2544351580175657,5.144460666597872,15276.669240038524,0,0,10,2,2,34,7,3,89,2,2,35,0.8,0.04,smart,25,1
1176,14004.54666337285,12755.864581488995,2647,6.742037811580105e-05,10111,2596,30616,0.896554205283596,0.3683198064695433,0.9999215106766531,12740.086322388655,1.105704221239284,0.18901004535354932,0.9108373793241286,4097,0.9985159264872463,8.678597614687795e-05,0.9985524417439602,690.3183633248202,49,1176,1,68,2.1308241407902346,2.459152309872726,-0.2509014822289518,5.091779415120865,14004.546663352816,0,1,10,0,3,34,0,8,89,2,2,35,0.8,0.04,smart,26,1
1176,14185.296767702044,12914.619895671576,2704,6.642765315297367e-05,10245,2634,31003,0.8953253112438709,0.36836128505010834,0.9999224715360561,12897.988485755139,1.1063793359075922,0.19061991048059237,0.9104229616877932,4097,0.9985035523765532,8.577589045247612e-05,0.9985612810027366,694.5626420344656,49,1176,1,68,2.1575409770906906,2.2531839734023773,-0.25492445958952703,4.920573869672122,14185.296767679678,0,0,10,0,1,34,2,3,89,2,2,35,0.8,0.04,smart,27,1
1176,14476.16355670273,13210.492888985413,2706,6.512811082375587e-05,10444,2661,31680,0.8970500860018249,0.3683318801724828,0.9999242129674798,13194.36944227262,1.1033640703363297,0.18692797918458667,0.9125686399742777,4097,0.9985495550906996,8.362068868057291e-05,0.9985610263973024,694.4396607743869,49,1176,1,68,2.205771047709011,2.2440203417487092,-0.25616152995896274,4.962114449375646,14476.163556687685,0,0,10,0,1,34,4,2,89,2,2,35,0.8,0.04,smart,28,1
1176,15495.203192976336,14231.606047208199,2722,6.108595498584035e-05,11147,2770,34029,0.9029053599504525,0.3682523107297001,0.9999296653782975,14217.249031450116,1.0951445272095457,0.17566726722459683,0.9184523668369253,4097,0.9985568161003868,7.702657603107239e-05,0.9985707924232445,699.188306949008,49,1176,1,68,2.379840050585171,2.5004653310118394,-0.2553985876715637,5.391102556940138,15495.2031929496,0,0,10,3,2,34,7,3,89,2,2,35,0.8,0.04,smart,29,1
1176,16666.426150233146,15412.346576648188,2768,5.67528509952502e-05,11955,2886,36738,0.9066913529183033,0.36821201717256896,0.9999350614327177,15398.66942271797,1.086764497640673,0.16608239673274397,0.9247541397129453,4097,0.9985212507872179,7.057292945024684e-05,0.998561621057212,694.7269653826055,49,1176,1,68,2.5821862032499547,2.2381766479953438,-0.25224001277181324,5.324842876788925,16666.426150207997,1,0,10,4,1,34,5,3,89,2,2,35,0.8,0.04,smart,30,1
1176,14751.659026322457,13483.652085876345,2707,6.406457048411888e-05,10635,2694,32311,0.8991291331110741,0.3682875033873281,0.9999257541645474,13468.268900572915,1.1012257083440014,0.18350478377853657,0.9140430958861295,4097,0.9985628330776776,8.176142273824619e-05,0.9985773566790961,702.4167582110754,49,1176,1,68,2.252546585662318,2.343530751519372,-0.2562389630279294,5.108555263237549,14751.659026298656,0,0,10,0,1,34,5,7,89,2,2,35,0.8,0.04,smart,31,1
1176,14127.123427155162,12869.4298321259,2687,6.662984965308782e-05,10200,2616,30886,0.8952351332041876,0.3683590990389678,0.9999221987781141,12852.76856384817,1.1056612976781626,0.19020149529061575,0.9109731289944191,4097,0.9985378669903513,8.602179995161269e-05,0.9985829401437104,705.1863745766486,49,1176,1,68,2.149551032633305,2.239666876575053,-0.25302097878360763,4.895259866775574,14127.123427131448,0,0,10,0,1,34,2,3,89,2,2,35,0.8,0.04,smart,32,1
1176,15112.91757945633,13858.584002540938,2704,6.2510033280202e-05,10880,2720,33161,0.9009913611212902,0.36826989376508606,0.9999277675182902,13843.687211816461,1.0971870986731194,0.1789197873794845,0.9170025529272743,4097,0.9985457563215248,7.9252547037037e-05,0.9985489294288434,688.6462374627187,49,1176,1,68,2.3190633974644213,2.435396691105769,-0.251160680670664,5.256781449911518,15112.917579434301,0,0,10,3,4,34,3,6,89,2,2,35,0.8,0.04,smart,33,1
1176,14938.112397571223,13679.079822572368,2706,6.321168073501423e-05,10761,2706,32752,0.8999407139131838,0.3682899580951793,0.999926816810682,13663.840251801415,1.098961633941757,0.18114738515690687,0.9157167558062048,4097,0.9985215611530017,8.04255173100602e-05,0.998531222870391,680.3383654220727,49,1176,1,68,2.287974456555589,2.299366423392592,-0.25252084914929934,5.09238257824678,14938.112397544744,0,0,10,1,1,34,4,4,89,2,2,35,0.8,0.04,smart,34,1
1176,14393.411188802795,13139.716305499052,2682,6.551061270604508e-05,10383,2642,31505,0.8973416500560601,0.36833501304022276,0.9999238055040616,13123.807565788398,1.102904074595007,0.18633525887778668,0.9128980012549741,4097,0.9985048454273711,8.403522003234517e-05,0.998547810356866,688.1151742387277,49,1176,1,68,2.195806983783306,2.2792508499591975,-0.25205206192766727,4.979161957597839,14393.411188780525,0,0,10,1,1,34,1,4,89,2,2,35,0.8,0.04,smart,35,1
1176,14444.956247847565,13172.07030693264,2708,6.536166339627497e-05,10424,2665,31598,0.8971546786004676,0.3683228368040124,0.9999239924925508,13156.095092756254,1.104259220148823,0.18747028052809211,0.9118802494743037,4097,0.9986090880759014,8.393199090138222e-05,0.9986206840721424,724.4969504094132,49,1176,1,68,2.198419352768328,2.255830532924116,-0.2582058594476357,4.970661604587715,14444.956247829865,0,0,10,0,0,34,2,5,89,2,2,35,0.8,0.04,smart,36,1
1176,15293.66267101467,14038.340348130372,2707,6.184526314749596e-05,11005,2741,33576,0.902079940440993,0.3682482707098233,0.9999286951935017,14023.800025272943,1.0959007995112628,0.17700141936113475,0.9179187909470863,4097,0.9985146450037993,7.814299445071119e-05,0.9985191399653572,674.7831420427002,49,1176,1,68,2.3506568830897625,2.2689065480295416,-0.2503061561941538,5.120175743507612,15293.662670989428,1,0,10,1,1,34,3,6,89,2,2,35,0.8,0.04,smart,37,1
1176,14554.062548192287,13307.111063028937,2671,6.484649059777815e-05,10491,2654,31883,0.8988333276161475,0.3683043013354288,0.999924768090168,13291.73200315841,1.1008918540525994,0.18352264126635598,0.9143227891845064,4097,0.998520289032073,8.282219669923569e-05,0.9985510301842131,689.6453805444448,49,1176,1,68,2.2229270429279713,2.2165888237271294,-0.25225366254171483,4.94402319173853,14554.062548161755,0,0,10,0,1,34,4,3,89,2,2,35,0.8,0.04,smart,38,1
1176,15750.092741290073,14492.308376382261,2731,6.005499083362779e-05,11322,2792,34624,0.903632215847028,0.3682406789781762,0.9999309322155231,14478.03014507541,1.0929021032768593,0.1733958043840894,0.9201411454797067,4097,0.9985442415631942,7.548432692351111e-05,0.998566542748966,697.1139873878226,49,1176,1,68,2.4237149285881734,2.2433499919895654,-0.25487227230605725,5.176809465189853,15750.092741258075,0,0,10,3,1,34,5,4,89,2,2,35,0.8,0.04,smart,39,1
1176,14411.97486692333,13141.19119075212,2725,6.52848376299603e-05,10402,2658,31525,0.8955833541055717,0.36835025142482714,0.9999238086373613,13124.3472908698,1.1044977744945934,0.18907887539091534,0.9118244593190512,4097,0.9985464639850462,8.415319047031146e-05,0.9985879525586004,707.691385365164,49,1176,1,68,2.1975027592887186,2.213616300534796,-0.25351337453755807,4.918145808898631,14411.974866898508,0,0,10,2,0,34,2,1,89,2,2,35,0.8,0.04,smart,40,1
1176,14668.089655557611,13387.205331543322,2750,6.419860629836829e-05,10582,2695,32101,0.8964191902174976,0.36833899425047284,0.9999252115720871,13370.552547046074,1.103278387018849,0.18748181014547105,0.912675450307943,4097,0.9985991937865663,8.2512456115587e-05,0.9986085199648163,718.1591350584498,49,1176,1,68,2.234978008872216,2.154311197322182,-0.2595950617968613,4.908479329788121,14668.089655534177,0,0,10,1,0,34,2,2,89,2,2,35,0.8,0.04,smart,41,1
1176,14939.391123384336,13674.284956550311,2721,6.317955055073724e-05,10764,2711,32747,0.8993378984480468,0.36830468860241766,0.9999267897583681,13658.791067248683,1.0995303246645955,0.18213593696873442,0.9153174211461819,4097,0.9985594690275122,8.049688075024529e-05,0.9985600354007991,693.9613969252447,49,1176,1,68,2.28482860522883,2.1876977154037793,-0.2558841708526315,4.984294662337872,14939.391123358993,0,0,10,1,0,34,4,3,89,2,2,35,0.8,0.04,smart,42,1
1176,14451.548417636885,13205.258357317327,2660,6.537904518493123e-05,10420,2643,31648,0.8988290522048388,0.3682879647401948,0.9999241881739975,13190.054195178609,1.10162229668836,0.18406332132228104,0.9137607940476076,4097,0.9985381539043302,8.351599787717448e-05,0.9985381892568123,683.5829611190459,49,1176,1,68,2.205100398639464,2.438610706635083,-0.2526459308873949,5.149002967049337,14451.54841761793,0,1,10,0,3,34,3,5,89,2,2,35,0.8,0.04,smart,43,1
1176,14705.02489124268,13462.721326271143,2677,6.41501177265471e-05,10594,2666,32237,0.8992359213817437,0.3682962336703997,0.9999256390236846,13447.413799538357,1.099275287295903,0.18204661466396024,0.9155184316817193,4097,0.998501969545209,8.174318360291555e-05,0.9985372704102496,683.1532388341128,49,1176,1,68,2.2511226383460006,2.2653523352586618,-0.24973193499088078,5.015938843586424,14705.024891220863,0,1,10,2,2,34,2,3,89,2,2,35,0.8,0.04,smart,44,1
1176,15246.201785710919,13988.210142643255,2710,6.199915255293467e-05,10973,2738,33463,0.9017001221929399,0.368269036283989,0.9999284384541238,13973.48543211397,1.0965016975547701,0.17774918882025245,0.917488194059803,4097,0.9985468592599976,7.846735653296265e-05,0.998556794278374,692.4017889270292,49,1176,1,68,2.339510749809625,2.3080820248436487,-0.2533807103416325,5.154354195336539,15246.201785689393,0,0,10,4,2,34,6,5,89,2,2,35,0.8,0.04,smart,45,1
1176,14590.035795011609,13309.513952430336,2744,6.45352874445764e-05,10528,2686,31922,0.8962133952778559,0.3683419647383396,0.9999247741565226,13292.803913949276,1.1038927760524888,0.18807356188517266,0.912233125362236,4097,0.998569260280424,8.304126518735075e-05,0.9985891763651169,708.3056999393416,49,1176,1,68,2.2249527997399325,2.229206603466495,-0.2563458048494824,4.9668510129053915,14590.035794985759,0,0,10,1,1,34,2,3,89,2,2,35,0.8,0.04,smart,46,1
1176,14260.433276874444,12994.101453705216,2704,6.603448206617546e-05,10295,2638,31182,0.8956107858133155,0.3683624171573923,0.9999229463252178,12977.466363476142,1.1053253666734326,0.18961555708023017,0.9111996249635145,4097,0.9985399378230593,8.51693813320719e-05,0.9985850578980926,706.2425809829177,49,1176,1,68,2.1696283389364686,2.2168851591196157,-0.2556154156309915,4.897744329318067,14260.433276856666,0,0,10,0,1,34,1,2,89,2,2,35,0.8,0.04,smart,47,1
1176,14615.113933340825,13341.673676014208,2714,6.460651968501988e-05,10542,2684,31989,0.8980002516563235,0.36831626084582364,0.9999249608940026,13325.884772837047,1.102879380407532,0.18569817603738756,0.9128682634199948,4097,0.9985737508064793,8.275908272905834e-05,0.9985743809077101,700.9495217702989,49,1176,1,68,2.2283857044478164,2.242100987880371,-0.2571778896530777,4.984842471634343,14615.113933313258,0,0,10,0,0,34,4,4,89,2,2,35,0.8,0.04,smart,48,1
1176,14572.479022183521,13290.429819115423,2748,6.458647616589744e-05,10517,2685,31880,0.8959024274884161,0.3683593919273127,0.9999246651429193,13273.567785862555,1.1042039643619166,0.18857464099394142,0.9120225734333569,4097,0.9985652066286883,8.318504784324854e-05,0.9985872605243449,707.344475782971,49,1176,1,68,2.223282466996076,2.61340095685317,-0.2550302918743593,5.346744007597965,14572.479022158159,0,1,10,1,3,34,2,6,89,2,2,35,0.8,0.04,smart,49,1
1176,14673.965175368146,13414.580997829295,2696,6.432684779038948e-05,10578,2677,32143,0.8987675136945623,0.36830204020062934,0.9999253707161683,13399.065803024701,1.1010883068742778,0.18372675468288086,0.9141756054012677,4097,0.9985154936198176,8.217343177778405e-05,0.9985459397224227,687.2292771844277,49,1176,1,68,2.2427743546078616,2.294725566703166,-0.25279795412420686,5.043095829559442,14673.965175344563,0,1,10,2,1,34,4,4,89,2,2,35,0.8,0.04,smart,50,1
1176,14066.661881396409,12815.017691962912,2657,6.708287925901024e-05,10156,2605,30755,0.8964998294012977,0.3683256150246763,0.9999218725024565,12799.090809035693,1.10547436606627,0.18888632018048035,0.9110205249840522,4097,0.9985282303423277,8.636794581945976e-05,0.998539241783398,684.0758666196912,49,1176,1,68,2.1407305921490614,2.3186851881244737,-0.25155884345935087,4.9625334671922365,14066.661881377464,0,0,10,0,2,34,1,6,89,2,2,35,0.8,0.04,smart,51,1
1176,14615.410462048681,13364.012727216212,2679,6.462446020906101e-05,10535,2665,32019,0.8990345710359327,0.3683090594627469,0.9999250893177671,13348.730973811998,1.1007896346384853,0.18329967584259535,0.9143782011403696,4097,0.9985434922084503,8.246090252587406e-05,0.998554481058852,691.2929591104422,49,1176,1,68,2.2327231478212424,2.3370199229724307,-0.2528908763334722,5.075524823460618,14615.410462029722,0,0,10,1,2,34,1,5,89,2,2,35,0.8,0.04,smart,52,1
1176,14651.977005162635,13382.452792434195,2712,6.442131169240793e-05,10567,2684,32079,0.8981588170649133,0.36831062388806196,0.9999251899246154,13366.683422727621,1.1022236250520212,0.18509447558131062,0.9133547498551818,4097,0.9985614584646912,8.245743248089767e-05,0.9985705525863571,699.0709111488369,49,1176,1,68,2.2361003029168875,2.3119604726716743,-0.25573252108714584,5.059525817762854,14651.977005143717,0,0,10,2,2,34,2,5,89,2,2,35,0.8,0.04,smart,53,1
1176,14569.87694684724,13329.278121017309,2671,6.472712458372632e-05,10500,2650,31928,0.8985787108627455,0.368300389429939,0.9999248929560707,13313.83041714311,1.1002025829123634,0.1833234425894019,0.9148517979694823,4097,0.9985960682110488,8.263296372613102e-05,0.9986035212510169,715.5866845284189,49,1176,1,68,2.2264679165996633,2.2900986089564173,-0.25140231245206446,5.019371150460209,14569.876946824159,0,1,10,1,1,34,2,1,89,2,2,35,0.8,0.04,smart,54,1
1176,14700.213923377149,13440.937221526396,2699,6.421641095589148e-05,10597,2680,32204,0.89876721987372,0.3683081192191475,0.9999255171758648,13425.414110370764,1.1008723177781476,0.18360277027723323,0.9143361648738882,4097,0.998523909707776,8.19960792405913e-05,0.9985382079787755,683.5917225436573,49,1176,1,68,2.245634916676639,2.286754243642331,-0.2544014648467113,5.041192090012393,14700.2139233573,0,0,10,1,1,34,3,5,89,2,2,35,0.8,0.04,smart,55,1
1176,14483.514101934094,13246.475089250513,2643,6.525650498344056e-05,10439,2638,31734,0.8996318481941482,0.3682761846000583,0.999924426227811,13231.603818011925,1.1004616347562841,0.1824833380489518,0.9145898568553615,4097,0.9985490572326815,8.316603688806832e-05,0.9985681362743793,697.8903643423201,49,1176,1,68,2.212125072650858,2.3632690010541633,-0.2510575977425769,5.077509269190176,14483.514101913399,0,1,10,0,3,34,2,6,89,2,2,35,0.8,0.04,smart,56,1
1176,15129.108753343204,13848.550183708925,2754,6.238108631203088e-05,10901,2745,33164,0.8993936573525085,0.368297595262968,0.9999277109139073,13832.846824751277,1.0994797687815996,0.18203319474396837,0.9153579638753471,4097,0.9985641497417425,7.948038766277714e-05,0.9985939248681979,710.6994320306726,49,1176,1,68,2.3158353369879348,2.2675179865824746,-0.2571423421474004,5.097638007865211,15129.108753315772,0,0,10,2,1,34,4,7,89,2,2,35,0.8,0.04,smart,57,1
1176,14684.111129221184,13414.675711450778,2722,6.420622822927642e-05,10589,2687,32153,0.8977103082776259,0.3683213867541771,0.9999253682609167,13398.624981127157,1.1020079937293117,0.18537043039556247,0.9135504078796948,4097,0.9985316993764427,8.224477305604222e-05,0.9985567522463659,692.3816093953792,49,1176,1,68,2.243091150647522,2.222992303617057,-0.2542066604411273,4.974496775146834,14684.111129201257,0,0,10,1,0,34,4,4,89,2,2,35,0.8,0.04,smart,58,1
1176,14717.561575358484,13478.400440194968,2673,6.409186516625349e-05,10602,2664,32270,0.8994009705248843,0.3682816411978364,0.9999257258991762,13463.143294882711,1.0988888256172338,0.18161975992513502,0.9158039102592759,4097,0.99852669671131,8.161897942827575e-05,0.9985379068449894,683.4508264570152,49,1176,1,68,2.2521423632737987,2.136865249808269,-0.2508442991976085,4.890696211477285,14717.561575331873,0,0,10,2,0,34,3,0,89,2,2,35,0.8,0.04,smart,59,1
1176,15096.799088230027,13827.533987994144,2734,6.252956610811965e-05,10874,2732,33104,0.8998154476290597,0.3682826365182018,0.9999276023052657,13812.094492584687,1.0986948360273012,0.18109799196649032,0.9159248862743729,4097,0.9985308103236149,7.954297334521796e-05,0.9985558598442854,691.9534451328974,49,1176,1,68,2.3126196285561114,2.285208784518519,-0.25486320957407577,5.107554832222782,15096.7990882055,0,0,10,2,0,34,5,7,89,2,2,35,0.8,0.04,smart,60,1
1176,15156.014494420879,13908.33453798402,2704,6.225841126839996e-05,10908,2719,33269,0.9008782479407583,0.3682749265812422,0.9999280254589727,13893.301687316622,1.096320821052723,0.17841101966452835,0.917677569066977,4097,0.9984866201540762,7.890718791414378e-05,0.9985357420979785,682.4396787393441,49,1176,1,68,2.3273595365925344,2.258576965972939,-0.25019394884977375,5.086324400265021,15156.014494400772,0,0,10,2,2,34,5,3,89,2,2,35,0.8,0.04,smart,61,1
1176,14189.546414383627,12923.32256930257,2694,6.641410906137806e-05,10246,2631,31019,0.895755156539081,0.36833459567422167,0.9999225248288685,12906.860963447984,1.1058914381301455,0.18985807730042395,0.9107636137123091,4097,0.9985426675870581,8.567912842185482e-05,0.9985666264673452,697.1547326165038,49,1176,1,68,2.1581303057828096,2.3306384407881913,-0.25505785992521557,4.998884466421432,14189.546414363187,0,1,10,0,1,34,1,3,89,2,2,35,0.8,0.04,smart,62,1
1176,15231.959866097555,13966.848051449406,2728,6.202195987149202e-05,10966,2743,33421,0.9008784575904589,0.36827234471640913,0.9999283271711579,13951.788694709794,1.0972720079760259,0.179097110547923,0.9169435958491484,4097,0.9985376723738794,7.864458882133201e-05,0.9985487824503146,688.576441079872,49,1176,1,68,2.336483354710523,2.2013751674004594,-0.25398601026807804,5.045830542647138,15231.959866074176,1,0,10,2,0,34,3,3,89,2,2,35,0.8,0.04,smart,63,1
1176,14326.373011377184,13071.411155621186,2689,6.576177571238832e-05,10337,2636,31349,0.8964561300060144,0.3683455951343932,0.9999234050269893,13055.187079767196,1.1036335297136808,0.18769579696581615,0.9124019837568533,4097,0.9985593323955547,8.453278042216455e-05,0.9985682324482171,697.9372762202298,49,1176,1,68,2.1826388309868108,2.2344591295861687,-0.25381916414156364,4.924736288856106,14326.37301135484,0,0,10,0,1,34,2,4,89,2,2,35,0.8,0.04,smart,64,1
1176,14747.54534281257,13499.85473729502,2673,6.408098538195893e-05,10625,2675,32328,0.9001266819862027,0.3682710934799716,0.999925845878051,13484.927016848931,1.0993615431241572,0.1812505022269842,0.9153967269457741,4097,0.9985107198830324,8.152218993507523e-05,0.9985126651102622,671.843412647266,49,1176,1,68,2.256600598182044,2.2892761137799673,-0.2514853444689137,5.048847400899838,14747.545342787631,0,0,10,1,1,34,5,5,89,2,2,35,0.8,0.04,smart,65,1
1176,19461.77114647953,18182.500202100768,2888,4.8834058361478404e-05,13898,3207,43143,0.9155288807196544,0.3681084812171314,0.9999449678179443,18170.685702489875,1.0743203194533455,0.14839348270326438,0.9342674962751183,4097,0.9985251060510049,5.912219140654364e-05,0.9985260808909486,677.9631617087915,49,1176,1,68,3.060752320605344,2.223685302787069,-0.2490727042997763,5.782583031991965,19461.771146442108,2,0,10,4,1,34,6,5,89,2,2,35,0.8,0.04,smart,66,1
1176,15466.912611624184,14190.454187534671,2738,6.122141004847398e-05,11132,2779,33947,0.9024502021816596,0.3682507115561644,0.9999294603027015,14175.914669788079,1.096457676356337,0.1770230471168662,0.9174716728450261,4097,0.9985396924823428,7.734379259108229e-05,0.9985464216969885,687.4573131533142,49,1176,1,68,2.375737400907047,2.505617511030052,-0.25468991399059876,5.3907347399182965,15466.912611598158,1,0,10,2,2,34,4,9,89,2,2,35,0.8,0.04,smart,67,1
1176,14914.921300224069,13638.406260286996,2756,6.31229523879739e-05,10752,2717,32676,0.8975207395943428,0.36831917287909066,0.9999265920077363,13621.994890721335,1.1008856519138488,0.18478139740225089,0.914413558459883,4097,0.9985490025908021,8.08138054193297e-05,0.9985993026147346,713.4299658218704,49,1176,1,68,2.2815518501623897,2.210831630080258,-0.25499939136754246,5.002382262977733,14914.921300196002,1,0,10,2,0,34,3,3,89,2,2,35,0.8,0.04,smart,68,1
1176,14234.407819414553,12982.225238620264,2663,6.632854574747722e-05,10272,2624,31141,0.8973869837965176,0.36833335186499316,0.9999228814810414,12966.553996987159,1.1040446869492626,0.18708189576863807,0.9120312838665184,4097,0.9985312762745842,8.514229112173447e-05,0.9985420437035547,685.3914942598168,49,1176,1,68,2.1686134069769336,2.3272211676342147,-0.25220424938243796,5.000243073376025,14234.407819393105,0,0,10,0,1,34,1,7,89,2,2,35,0.8,0.04,smart,69,1
1176,16385.357349152244,15123.881995291858,2769,5.772103924685967e-05,11763,2863,36082,0.9054043933849684,0.36822521897130384,0.9999338202664981,15109.866070101405,1.0890767252370082,0.1689923473132714,0.923012032818091,4097,0.998568050427618,7.207480743960456e-05,0.9985692624465305,698.4400864391637,49,1176,1,68,2.535513671250231,2.167552253086727,-0.2511117282594652,5.205289380855888,16385.357349117014,1,0,10,2,0,34,5,3,89,2,2,35,0.8,0.04,smart,70,1
1176,15288.133903498625,14044.459596211738,2703,6.173915553901883e-05,10998,2729,33578,0.9016006643669446,0.3682681798879212,0.9999287249002161,14029.645206513394,1.0949938024694335,0.17680378894257526,0.9186510063859215,4097,0.9985273829796092,7.804579253388626e-05,0.9985641962794669,695.9739078060837,49,1176,1,68,2.351348005682753,2.241740225208683,-0.2486747670175079,5.090437764926452,15288.133903477536,1,0,10,2,1,34,3,3,89,2,2,35,0.8,0.04,smart,71,1
1176,14777.751272157835,13530.511121461372,2698,6.374787526757233e-05,10647,2677,32398,0.8986375398656097,0.3682979474352156,0.9999260098350939,13514.809782231725,1.099223566308109,0.18257175603457293,0.915600139173655,4097,0.9984895742198628,8.133173293991599e-05,0.9985405838552207,684.705399403269,49,1176,1,68,2.2640777983819693,2.207523111462875,-0.24914520708393337,4.969891324012711,14777.751272139509,0,0,10,2,1,34,3,3,89,2,2,35,0.8,0.04,smart,72,1
1176,14491.003790618575,13234.90587062748,2681,6.51621785640932e-05,10451,2655,31726,0.8982821194859844,0.36830920336765943,0.9999243563283364,13219.376528081362,1.1022587015807157,0.1850113379816842,0.9133187777644302,4097,0.9985397818706915,8.337889531096111e-05,0.9985444970843935,686.5476263621891,49,1176,1,68,2.210570052893228,2.1928527799301816,-0.2538863740786687,4.911195580980746,14491.003790594752,0,0,10,1,0,34,3,3,89,2,2,35,0.8,0.04,smart,73,1
1176,14796.966461756783,13537.481026983698,2695,6.385634375668706e-05,10663,2691,32426,0.8997161061438513,0.3682884123905532,0.9999260508606536,13522.307816050752,1.100073457338652,0.18213192595693925,0.914882186289449,4097,0.9985305307589516,8.134948538851482e-05,0.9985347613434742,681.9825542956371,49,1176,1,68,2.264344652623261,2.6509065468104493,-0.25214624222995397,5.419543683893618,14796.966461736905,0,1,10,1,3,34,4,7,89,2,2,35,0.8,0.04,smart,74,1
1176,14054.620357677664,12820.053569919168,2633,6.71319356943324e-05,10142,2589,30750,0.8970253510256054,0.3683153568992392,0.9999219050290794,12804.42184968637,1.1039028196823735,0.18734052809627563,0.9121593642275734,4097,0.9984891248998603,8.620925860248184e-05,0.998525983012483,677.9181100181307,49,1176,1,68,2.1420072185214987,2.3239115206501895,-0.24823433890170665,4.962387416975101,14054.620357648448,0,0,10,0,3,34,0,6,89,2,2,35,0.8,0.04,smart,75,1
1176,14314.944366925416,13074.08052571174,2653,6.59289806556439e-05,10324,2623,31341,0.8979681210310709,0.36831070171122454,0.9999234252081607,13058.627886495355,1.102281053674752,0.1853307936096307,0.9133168939111854,4097,0.9985401284536889,8.44069422337271e-05,0.9985571405752259,692.5680904997865,49,1176,1,68,2.183822151842346,2.2484846245449646,-0.2506921962702563,4.933691168927823,14314.944366902102,0,0,10,0,1,34,2,3,89,2,2,35,0.8,0.04,smart,76,1
1176,14233.872133202158,12977.727326798784,2677,6.624207948859644e-05,10273,2627,31134,0.8966417310177023,0.3683306340570509,0.9999228522786179,12961.645629044575,1.1044955832721322,0.1880725058472028,0.9117496072292746,4097,0.9985314461535155,8.520931752649023e-05,0.9985692342281441,698.4263015356124,49,1176,1,68,2.167886940393865,2.568863235101265,-0.2528396128689187,5.242429401232967,14233.872133185168,0,1,10,0,2,34,1,3,89,2,2,35,0.8,0.04,smart,77,1
1176,14782.957736380959,13543.62856406251,2662,6.392718072960365e-05,10647,2672,32421,0.9006023009308608,0.36827607795092226,0.9999260867661808,13528.876917677864,1.0983151329934884,0.1800722187988673,0.9161650060550163,4097,0.9985300592612871,8.118002323228803e-05,0.9985620388125332,694.9289422280315,49,1176,1,68,2.262702015240215,2.240372820846751,-0.251406443323843,5.005887722734652,14782.957736356662,0,0,10,1,1,34,4,3,89,2,2,35,0.8,0.04,smart,78,1
1176,14799.580554647673,13551.850287500964,2689,6.375007313903066e-05,10662,2681,32448,0.8994292213356986,0.368281820160247,0.9999261285318064,13536.526188845884,1.099033651172225,0.18169433857066605,0.9156915114898394,4097,0.9985461642232883,8.118722940670627e-05,0.998556886854565,692.4462388240329,49,1176,1,68,2.266864710721115,2.3310041628987404,-0.25007075775281323,5.098010389125482,14799.580554626698,0,1,10,2,1,34,4,3,89,2,2,35,0.8,0.04,smart,79,1
1176,14792.711825469798,13544.264794694005,2685,6.381795950326227e-05,10657,2681,32431,0.8996906794655821,0.36828186344206115,0.9999260878320704,13529.072025229865,1.0991271981180109,0.18150830163385054,0.9156039105266526,4097,0.998516048199937,8.123887404344358e-05,0.9985243868006097,677.1842459977611,49,1176,1,68,2.264615425797101,2.2323892291770338,-0.2511518914548783,4.999308437883892,14792.71182544164,0,0,10,1,1,34,3,3,89,2,2,35,0.8,0.04,smart,80,1
1176,14216.730585682464,12940.27063343082,2709,6.631468682581805e-05,10268,2643,31068,0.8955684828983086,0.36834274456738714,0.9999226256999022,12923.68798279417,1.106643522430142,0.1905501397577449,0.910214240569688,4097,0.9985550293343327,8.562576800596477e-05,0.9985592333477603,693.574800618625,49,1176,1,68,2.1614794910759856,2.274719360092142,-0.25633183301595575,4.9488625172000384,14216.730585660614,0,0,10,0,1,34,2,3,89,2,2,35,0.8,0.04,smart,81,1
1176,14624.105700982433,13366.086140816955,2705,6.443482447954066e-05,10544,2670,32030,0.8977233874146838,0.36832116788270625,0.9999250969836883,13350.0971958521,1.101444779248098,0.18496857553609455,0.913976308303012,4097,0.9985506014597926,8.250153626667153e-05,0.9985809983721372,704.2207081713077,49,1176,1,68,2.235087492859192,2.2769110720983132,-0.2520053134270775,5.01600919181166,14624.105700963266,0,0,10,2,2,34,3,4,89,2,2,35,0.8,0.04,smart,82,1
1176,14945.672406095564,13683.686067862887,2711,6.318733772309118e-05,10767,2709,32766,0.8998461620783686,0.3682787340125456,0.9999268413173349,13668.417524548235,1.0991690352909431,0.1813902999034238,0.9155617556746408,4097,0.9985363700328919,8.04137586482338e-05,0.9985516766613599,689.9534356319068,49,1176,1,68,2.2861986005033326,2.2423620320680353,-0.2555824209365848,5.039725474444538,14945.672406066713,0,0,10,1,1,34,5,4,89,2,2,35,0.8,0.04,smart,83,1
1176,15393.117832073165,14128.745491726315,2742,6.13008907368582e-05,11078,2759,33793,0.9009939200953223,0.36827618730795886,0.9999291485342079,14113.534034466194,1.0960722822865387,0.17813155397841218,0.9178611926355557,4097,0.9985337022800387,7.765832781441877e-05,0.9985722538192455,699.9044860961139,49,1176,1,68,2.3645287961161547,2.1453990340872897,-0.2533483862047034,5.016624602612851,15393.117832046644,1,0,10,2,0,34,5,2,89,2,2,35,0.8,0.04,smart,84,1
1176,16570.448805964283,15313.360763960765,2762,5.7118545062253095e-05,11890,2879,36514,0.9066568658017411,0.36821395743981816,0.9999346414304633,15299.712454654851,1.0875590555664596,0.16668226867855623,0.924136753522871,4097,0.9985066693887451,7.10813041587474e-05,0.9985443344561471,686.4708687645019,49,1176,1,68,2.5674254776071175,2.2512294653157263,-0.2506780608171814,5.320011064557207,16570.448805934877,1,0,10,2,2,34,6,3,89,2,2,35,0.8,0.04,smart,85,1
1176,14478.033072122234,13239.497360446408,2661,6.513911992058116e-05,10436,2638,31719,0.898452757068797,0.3683079413100582,0.9999243830111629,13224.041401379842,1.1007461465179458,0.18379568458949117,0.9144541454280379,4097,0.9985145250219642,8.323510907405826e-05,0.9985461957283849,687.3503821095435,49,1176,1,68,2.2132224990032725,2.334647570827204,-0.24902802346200892,5.045926116754495,14478.033072095854,0,1,10,1,2,34,3,4,89,2,2,35,0.8,0.04,smart,86,1
1176,14282.049458420921,13034.221339335763,2671,6.601642544883277e-05,10304,2625,31256,0.8969306536951637,0.36832867726499424,0.999923188024329,13018.303263068183,1.1032839886868673,0.18701797720110375,0.9126296178487592,4097,0.9985483737413137,8.474542289732885e-05,0.9985486673265735,688.5217816023264,49,1176,1,68,2.1773099920934667,2.193678496830375,-0.2516099838248883,4.874208456573618,14282.049458399928,0,0,10,0,0,34,2,2,89,2,2,35,0.8,0.04,smart,87,1
1176,14590.842840340072,13320.70848605835,2715,6.463523124205062e-05,10525,2677,31938,0.897539381690729,0.3683167020115494,0.99992484126803,13304.673907525259,1.1028195897904265,0.18607561123841979,0.9129498982217727,4097,0.9985403288141799,8.288652196029814e-05,0.998558821467752,693.376438217796,49,1176,1,68,2.227353887324204,2.583421278233176,-0.2540819698721339,5.318939105301648,14590.842840314466,0,1,10,1,3,34,4,4,89,2,2,35,0.8,0.04,smart,88,1
1176,14389.892162615986,13135.545383517972,2687,6.547949201029609e-05,10381,2642,31496,0.8970000207911004,0.3683258006474768,0.999923780273754,13119.463148223214,1.1030248363901627,0.18672829300143423,0.9128313982535098,4097,0.9985180833639061,8.407225107260928e-05,0.998564365848307,696.0561713222958,49,1176,1,68,2.1946653346762517,2.2498330195838747,-0.2525952371929664,4.949688828646059,14389.892162591002,0,0,10,0,2,34,2,4,89,2,2,35,0.8,0.04,smart,89,1
1176,15550.619357539093,14277.928038067666,2753,6.075644534301061e-05,11189,2783,34145,0.9018140135971859,0.36825187335497966,0.9999298908989445,14262.983407071752,1.0956159479240613,0.17703474933719077,0.9181581588353641,4097,0.998596729033803,7.68126492114783e-05,0.9985970499630303,712.2836412638143,49,1176,1,68,2.390399353955526,2.242783475790047,-0.2542638020836046,5.141710433912783,15550.61935751009,1,0,10,2,1,34,4,4,89,2,2,35,0.8,0.04,smart,90,1
1176,14514.770917410666,13255.904163569556,2705,6.489648560876694e-05,10469,2659,31777,0.896988038927956,0.36832132903728154,0.9999244725286761,13239.715540068357,1.1024369108176166,0.18636188027985448,0.9132699536903416,4097,0.9985230369599869,8.326427216831135e-05,0.9985566978080442,692.3554753499783,49,1176,1,68,2.2160630320320798,2.2184347585986517,-0.25243542330505186,4.939368637240834,14514.770917382335,0,0,10,2,1,34,2,4,89,2,2,35,0.8,0.04,smart,91,1
1176,14410.223917521058,13147.721357441227,2699,6.541166144760212e-05,10397,2651,31532,0.8968452510775861,0.36833757990013816,0.9999238503481024,13131.536386210284,1.1036278972999722,0.1872975753498423,0.9123884148292253,4097,0.998571236043896,8.404088020371616e-05,0.9986137432256689,720.8669633672911,49,1176,1,68,2.1949003509683522,2.1829134668898678,-0.25581800234695395,4.889449822552128,14410.223917494,0,0,10,0,0,34,3,3,89,2,2,35,0.8,0.04,smart,92,1
1176,14215.095541463066,12952.553079476877,2693,6.627705304917149e-05,10263,2630,31082,0.8957996635272043,0.36834901297229544,0.9999226999117221,12936.095827770883,1.1053243718627048,0.18944649314139095,0.91118297739867,4097,0.9985726235264071,8.544167152085677e-05,0.9985796748729144,703.5640292143302,49,1176,1,68,2.1633940656076485,2.1920153513620404,-0.2541391897400657,4.86368779644982,14215.09554144456,0,0,10,0,0,34,2,2,89,2,2,35,0.8,0.04,smart,93,1
1176,16982.485294046983,15721.15641632943,2789,5.572603562907198e-05,12176,2927,37457,0.9076386376146268,0.36820308952973113,0.9999363387072003,15707.632142542749,1.085466521653473,0.16422802385571048,0.9257276625960219,4097,0.9985598696740862,6.910220205947399e-05,0.9986008728212542,714.2311923798517,49,1176,1,68,2.6353651499495756,2.3184918516885578,-0.25281262114128855,5.459482243920711,16982.48529401428,1,1,10,3,2,34,7,2,89,2,2,35,0.8,0.04,smart,94,1
1176,14443.099226366414,13193.486871257395,2678,6.52976960482172e-05,10416,2644,31624,0.8977354478905217,0.36831956168269475,0.9999241173568205,13177.744162566745,1.1020920715358,0.18541726799960023,0.9134803177957952,4097,0.9985464996947824,8.362965941521898e-05,0.998608925299304,718.3685396478068,49,1176,1,68,2.2022653881292973,2.2094808072282075,-0.25404400410555134,4.919834203568608,14443.09922634091,0,0,10,0,1,34,3,3,89,2,2,35,0.8,0.04,smart,95,1
1176,14126.858506006998,12882.903431298198,2658,6.670841838597104e-05,10195,2605,30904,0.8963998144776322,0.3683324548845846,0.999922283981868,12866.860211355099,1.1042512613049706,0.1881522348984928,0.9119439701204732,4097,0.9985113186411367,8.581801104602875e-05,0.9985546099934719,691.3546698548805,49,1176,1,68,2.1520616431547146,2.247717740923244,-0.2504653136451183,4.900710011368195,14126.858505983018,0,0,10,0,1,34,2,2,89,2,2,35,0.8,0.04,smart,96,1
1175,14050.479306588546,12780.963625206683,2705,6.694545933965924e-05,10152,2618,30694,0.8941149182748254,0.3683878778345351,0.9999216565122176,12763.802787573683,1.1075498607635068,0.19252012269300822,0.9096460943658654,4097,0.9985620840788662,8.676931898562232e-05,0.9985821844139079,704.8102266428474,49,1176,0,68,2.1369050288455598,2.2200286645944316,-0.2546659169537279,4.866265527347447,14050.479306570815,0,0,10,0,1,34,1,3,89,2,2,35,0.8,0.04,smart,97,1
1176,15119.062401385774,13857.828753682361,2715,6.250054459317396e-05,10887,2727,33166,0.9007340741667019,0.36827666871123527,0.9999277630183253,13842.824795442282,1.0977576163165794,0.17957462757420395,0.9165799032889889,4097,0.998571943223966,7.929869681309803e-05,0.9985881408592084,707.7858373603717,49,1176,1,68,2.3185360439198504,2.325736615375516,-0.2527330719579505,5.1497388032112665,15119.062401361469,1,0,10,1,2,34,4,5,89,2,2,35,0.8,0.04,smart,98,1
1176,14282.942780901856,13035.161490961711,2665,6.605026479726682e-05,10304,2625,31258,0.8973348946134327,0.3683205738871015,0.9999231945932278,13019.416715939107,1.1032409432509236,0.18658619871833765,0.9126383610800016,4097,0.9985674120948868,8.47348694142424e-05,0.9986045810382045,716.1305353438742,49,1176,1,68,2.176232320092638,2.460049088157551,-0.25283958141808155,5.1419605710863525,14282.94278088303,0,1,10,0,1,34,3,3,89,2,2,35,0.8,0.04,smart,99,1
1176,15977.13679760645,14714.280022358278,2742,5.9261693020579665e-05,11481,2821,35140,0.9046578827135485,0.36822913951925773,0.999931976363926,14700.272515684415,1.0917705398387645,0.17162023676299634,0.9209585051911577,4097,0.9985283772372321,7.426620187852026e-05,0.9985327956158522,681.0681791043493,49,1176,1,68,2.4639382315242675,2.212075720412381,-0.2532619041177573,5.1825377601721625,15977.136797575105,1,0,10,2,1,34,6,2,89,2,2,35,0.8,0.04,smart,100,1
1176,14367.939802877092,13122.74876082954,2655,6.574086213850339e-05,10362,2632,31457,0.8984822753250269,0.3683040467207938,0.9999237104966504,13107.463161492125,1.1022162545734253,0.18478640893723347,0.9133354496795559,4097,0.9985241356331148,8.40875306453617e-05,0.9985469007702363,687.6841263356578,49,1176,1,68,2.1919221967177998,2.351009953556876,-0.251604980638533,5.046142111551742,14367.939802855237,0,0,10,0,2,34,3,5,89,2,2,35,0.8,0.04,smart,101,1
1176,14061.493235893106,12797.362992597147,2677,6.7113428297338e-05,10156,2616,30727,0.8958589576594346,0.3683584829600318,0.9999217628826195,12781.157005920597,1.1067596006843692,0.19037807401327334,0.9100998576688027,4097,0.9985265329557598,8.658968079080777e-05,0.9985313816620305,680.4119798366553,49,1176,1,68,2.1386966371151064,2.435122723750617,-0.2527137771474524,5.0792469151606285,14061.493235863847,0,0,10,0,3,34,1,8,89,2,2,35,0.8,0.04,smart,102,1
1176,14212.725595296071,12956.055949091193,2683,6.632486406550331e-05,10259,2625,31085,0.8961328655555237,0.36833123797178324,0.9999227222345474,12939.832754772504,1.1047495736072275,0.1887744881874017,0.9115813755933772,4097,0.9985388563927652,8.537257843333107e-05,0.9985630734934142,695.4296966336683,49,1176,1,68,2.164561550900797,2.3496021513568177,-0.2525686523769432,5.019301007011501,14212.725595273112,0,0,10,0,1,34,2,7,89,2,2,35,0.8,0.04,smart,103,1
1176,15192.38204866683,13929.973469130908,2726,6.212596520922157e-05,10938,2736,33333,0.9005591638781322,0.3682894404311192,0.9999281363648256,13914.74374104573,1.0973579741238406,0.1794320331905564,0.9169051584213747,4097,0.9985647676250711,7.886013310817833e-05,0.9985887730882392,708.1031492069942,49,1176,1,68,2.3302772917658765,2.164539701879462,-0.25346115187997786,5.001739297405294,15192.382048637624,0,0,10,3,0,34,7,0,89,2,2,35,0.8,0.04,smart,104,1
1176,14327.12492951948,13082.934965162069,2657,6.588221872686358e-05,10333,2627,31364,0.8979844566642405,0.36831620767510354,0.9999234769523581,13067.458351464264,1.1024932477040592,0.18545242071042048,0.9131584340558172,4097,0.9985118205165279,8.436614331910806e-05,0.998529617281442,679.5949215992624,49,1176,1,68,2.186747194190042,2.418537666445384,-0.24983867817353203,5.104962216982489,14327.124929497813,0,0,10,1,4,34,2,5,89,2,2,35,0.8,0.04,smart,105,1
1176,15087.418440133857,13839.804239754663,2680,6.273580927988267e-05,10860,2713,33111,0.9020108070162501,0.3682682482723054,0.9999276722987361,13825.46131343753,1.0966979727919786,0.17763144905366746,0.91730764243534,4097,0.9985511402465229,7.932164335310502e-05,0.9985553125101352,691.6911022023143,49,1176,1,68,2.311994101222397,2.5520303789787726,-0.25389338859180316,5.371811257384777,15087.418440107498,0,1,10,1,1,34,6,5,89,2,2,35,0.8,0.04,smart,106,1
1176,14427.412664827598,13156.7509518248,2701,6.544157783782357e-05,10411,2661,31561,0.8973479314313385,0.36833450347329627,0.9999239042347788,13140.835744651025,1.1041895206315795,0.18721305494953594,0.9119272635695431,4097,0.9985531994329708,8.402414652189869e-05,0.9985540131523314,691.0691019226044,49,1176,1,68,2.196744544200843,2.288131678649088,-0.2568970654596801,4.998670353769291,14427.412664803876,0,0,10,0,2,34,2,4,89,2,2,35,0.8,0.04,smart,107,1
1176,14178.025673398934,12913.487682038809,2689,6.650536078938432e-05,10237,2628,30994,0.8959296249155921,0.3683447046739758,0.9999224665117574,12897.152642305557,1.105808046879259,0.1896596932424202,0.9108100083545008,4097,0.9985292108573074,8.573715520153855e-05,0.998556228061814,692.1300475298483,49,1176,1,68,2.156896366494196,2.273573603786732,-0.2543324895219024,4.939134949324733,14178.02567337466,0,0,10,0,0,34,1,4,89,2,2,35,0.8,0.04,smart,108,1
1176,14702.915409076406,13460.33481208936,2675,6.417800349168342e-05,10593,2666,32232,0.8993715441834175,0.3682917148413157,0.9999256261307657,13445.08256595889,1.099306706766865,0.1819367061275935,0.9154874688172405,4097,0.998537530700872,8.175969325754103e-05,0.9985516986844253,689.9639347637567,49,1176,1,68,2.2498817063067347,2.19419369511271,-0.250614111561135,4.945303624541715,14702.915409063075,0,0,10,1,1,34,4,2,89,2,2,35,0.8,0.04,smart,109,1
1176,14415.946255342866,13161.074884869739,2679,6.54631303850055e-05,10398,2646,31555,0.8977855490087374,0.368314714212112,0.9999239305902125,13145.388765413374,1.10278722779214,0.18583587594932272,0.9129525493334824,4097,0.9985575290338135,8.388837353951352e-05,0.9985689236413916,698.2746133862677,49,1176,1,68,2.1990814015819553,2.357817885988479,-0.25261013843828206,5.0621195644469985,14415.946255318995,0,1,10,1,1,34,2,4,89,2,2,35,0.8,0.04,smart,110,1
1176,14706.806445160737,13459.674332852537,2680,6.417956501404821e-05,10597,2670,32235,0.8993384328910815,0.36828904598715206,0.9999256224178557,13444.411365876978,1.099685889795462,0.18222854907306216,0.9152003450267364,4097,0.9985226540620112,8.179197760147727e-05,0.9985492055718607,688.7774090363648,49,1176,1,68,2.2496175448040536,2.173543979654314,-0.2515400138930075,4.926241552244383,14706.80644513872,0,0,10,1,0,34,4,2,89,2,2,35,0.8,0.04,smart,111,1
1176,14355.567446798323,13119.957782521959,2645,6.57345467041083e-05,10350,2622,31441,0.8984696738980211,0.36829464304045806,0.9999236940844936,13104.643852579482,1.1014390135246863,0.1842490733858038,0.9139281906580475,4097,0.9984843362668997,8.404631230183923e-05,0.9985227926437831,676.4529096994177,49,1176,1,68,2.193641766800797,2.2733560163728392,-0.24778126836572253,4.962560319905081,14355.567446779134,0,0,10,2,2,34,3,4,89,2,2,35,0.8,0.04,smart,112,1
1176,14115.310072591412,12860.631484304313,2673,6.678267757538413e-05,10191,2613,30863,0.8959467944456377,0.3683514480937929,0.9999221481533566,12844.410462752281,1.105396194661084,0.18936884746090932,0.9111122191553278,4097,0.9985414406276534,8.605713502695268e-05,0.9985790370634243,703.2480048768206,49,1176,1,68,2.1471079702696185,2.3496890006769102,-0.2534549672409037,5.003706905428336,14115.310072561871,0,1,10,0,1,34,0,5,89,2,2,35,0.8,0.04,smart,113,1
1176,16754.8397824408,15497.61465202168,2773,5.648174906850072e-05,12017,2899,36938,0.9070780111660761,0.36819393150506885,0.9999354194082467,15484.028284791255,1.0864736455494812,0.1655044175896045,0.9249634644828595,4097,0.998520022463758,7.016511095429271e-05,0.9985481340698077,688.2687102626293,49,1176,1,68,2.597144170380502,2.26016880060664,-0.25231837764852005,5.361949726284182,16754.83978241065,1,1,10,3,1,34,7,2,89,2,2,35,0.8,0.04,smart,114,1
1176,14704.065454568943,13468.19290408951,2644,6.435308606555285e-05,10591,2661,32244,0.9010613076045246,0.3682721655959067,0.9999256740780066,13453.756236851717,1.0985552860237637,0.17981421588261762,0.9159502823013199,4097,0.9984858282646117,8.16511344947174e-05,0.9985021446827476,667.1210988988986,49,1176,1,68,2.250648270966744,2.3982510597724285,-0.2500431328684307,5.1489855964760345,14704.065454550828,0,0,10,0,2,34,5,8,89,2,2,35,0.8,0.04,smart,115,1
1176,14767.465010852371,13527.023009763905,2669,6.395501468412012e-05,10637,2671,32383,0.9001073273476148,0.36829587406351677,0.9999259948672119,13512.07624801343,1.0985658729187469,0.18073514973887495,0.9160016969617408,4097,0.9985136410265076,8.129951330232204e-05,0.9985348946917185,682.0446712523429,49,1176,1,68,2.2593294554548797,2.1544961771237157,-0.25214418584271514,4.918114004264025,14767.46501082986,0,0,10,0,0,34,5,2,89,2,2,35,0.8,0.04,smart,116,1
1176,14712.414480265279,13452.71858622921,2705,6.410642966229181e-05,10605,2681,32231,0.8984593131965095,0.3683188796687774,0.9999255814136955,13437.003306585404,1.1008479946150729,0.18385833294925133,0.914378710868581,4097,0.9985292696984716,8.192355149580521e-05,0.9985442138399585,686.4139511763046,49,1176,1,68,2.249622854245183,2.217215223779684,-0.25248845191758934,4.971814981860046,14712.414480237101,0,0,10,1,0,34,4,3,89,2,2,35,0.8,0.04,smart,117,1
1176,14623.203779874464,13345.724790868248,2730,6.449525571133367e-05,10550,2688,32003,0.8972285795186709,0.3683302288892993,0.9999249814337817,13329.5334829296,1.1032520875369431,0.18668959559718562,0.9126402799115487,4097,0.9985797991271549,8.276438978465805e-05,0.998579873218003,703.6623638778312,49,1176,1,68,2.2309490752134518,2.2698048254892824,-0.25599034312893504,5.012734586960605,14623.203779853235,0,0,10,1,2,34,2,3,89,2,2,35,0.8,0.04,smart,118,1
1176,14602.570282831302,13343.494183002604,2692,6.465669772685302e-05,10529,2670,31979,0.8985221993460479,0.3682936646142902,0.9999249726137434,13327.96643637873,1.101630513300944,0.18435110722699746,0.9137770902353379,4097,0.9985110399617368,8.265245803383105e-05,0.998535350902972,682.2572714390622,49,1176,1,68,2.2294612094383983,2.220533503973801,-0.2539691107665386,4.957932934945276,14602.570282805029,0,0,10,1,0,34,5,3,89,2,2,35,0.8,0.04,smart,119,1
1176,14310.851175734011,13062.274435617208,2661,6.599817124276683e-05,10323,2629,31321,0.897883554506603,0.3683086102221375,0.9999233558575076,13046.811470792896,1.1030314815009012,0.18594281830783668,0.912753146211601,4097,0.998532025215857,8.454090204182787e-05,0.998532055075757,680.7243455332175,49,1176,1,68,2.1811749013536788,2.27462092862973,-0.2526433258078928,4.961082481599194,14310.85117571004,0,0,10,0,1,34,2,6,89,2,2,35,0.8,0.04,smart,120,1
1176,14417.416029366665,13159.069907853263,2676,6.553796291851227e-05,10400,2649,31554,0.8982281616470195,0.368321587187235,0.9999239202142297,13143.595890818919,1.1030567098474844,0.18560884936310967,0.9127204126626928,4097,0.9985102803018978,8.392031817803517e-05,0.9985126896731471,671.8545163824368,49,1176,1,68,2.1987907937760878,2.34834695617841,-0.25315070781241245,5.053439165579323,14417.416029340382,0,0,10,0,1,34,3,5,89,2,2,35,0.8,0.04,smart,121,1
1176,14652.821282804722,13396.534908141428,2691,6.441895228552893e-05,10563,2672,32099,0.8987725762416006,0.36829762840364355,0.9999252702637297,13381.05397628233,1.1009702624992568,0.18365063956372168,0.9142631749601995,4097,0.9985502497849134,8.227521735797913e-05,0.9985582798219986,693.1157528489438,49,1176,1,68,2.239707978442681,2.325514979507644,-0.252268430193322,5.069759818336969,14652.8212827797,0,0,10,1,3,34,3,4,89,2,2,35,0.8,0.04,smart,122,1
1176,15250.180174292434,13985.973309200657,2728,6.194108398888216e-05,10979,2744,33464,0.9009447726500607,0.3682773632099277,0.999928425333612,13970.923829664409,1.097059925284771,0.17888313244971688,0.9171021685879568,4097,0.9985494658381823,7.852169815986936e-05,0.9985639123753829,695.8362199300319,49,1176,1,68,2.3392852001717204,2.261630642263967,-0.25428285667622924,5.109481555788147,15250.180174265945,0,0,10,2,1,34,5,3,89,2,2,35,0.8,0.04,smart,123,1
1176,20572.1369356452,19273.78762348527,2963,4.6206432491416294e-05,14673,3342,45675,0.9174375589750817,0.36809935269596106,0.9999480860059402,19262.128851550628,1.0710077322285545,0.14402976264784773,0.936887970548636,4097,0.9985176630081585,5.56002890492459e-05,0.9985430208758002,685.851510713091,49,1176,1,68,3.247533835265189,2.1479332289377404,-0.2511289088835793,5.897724881970088,20572.136935594754,1,0,10,3,0,34,9,1,89,2,1,35,0.8,0.04,smart,124,1
1176,14255.749018351491,12980.747954956827,2718,6.602943368762021e-05,10295,2645,31160,0.8951279317236224,0.3683521742589827,0.9999228652438887,12963.824383961384,1.1062320510157788,0.19065992228827164,0.9105623238909896,4097,0.9985918345385908,8.532893945787311e-05,0.9986236467278505,726.0575359640015,49,1176,1,68,2.168261722603794,2.3152745447261176,-0.2561853893570736,4.995907046044059,14255.749018329901,0,1,10,0,1,34,4,1,89,2,2,35,0.8,0.04,smart,125,1
1176,14892.427773618834,13657.912707660009,2662,6.344890829985003e-05,10721,2680,32679,0.9010796479519017,0.3682815847987766,0.9999267066105865,13643.2952665852,1.0970422548451901,0.1787485586947479,0.9171045121235568,4097,0.9985209441015028,8.040594518771107e-05,0.9985281744184055,678.9282093270261,49,1176,1,68,2.2825217438989354,2.3047885303760833,-0.2502040679369538,5.087718410148927,14892.427773595029,0,1,10,2,2,34,5,4,89,2,2,35,0.8,0.04,smart,126,1
1176,14777.42254553345,13512.437366933662,2715,6.383770101921886e-05,10652,2693,32374,0.89857273952856,0.36831725473416216,0.9999259106548103,13496.717406659434,1.100812128577657,0.18372622097218316,0.9143974414548945,4097,0.9985238651165815,8.155844978346908e-05,0.9985472244669988,687.8374625167215,49,1176,1,68,2.2600164844045407,2.224429153657442,-0.25315061517235576,4.990746868406695,14777.422545512152,0,0,10,1,0,34,4,4,89,2,2,35,0.8,0.04,smart,127,1
1176,15351.892596625932,14115.5644288918,2680,6.159740083040766e-05,11039,2730,33735,0.9030745898409493,0.36824192788411686,0.99992908761294,14101.40858099885,1.0938137286239014,0.17457130989758327,0.9194673777221543,4097,0.9984927919180103,7.75649424959164e-05,0.9985122051998169,671.6355762760087,49,1176,1,68,2.3611729412732716,2.415817300033815,-0.24969314658379105,5.276376534474668,15351.892596599528,1,1,10,2,1,34,7,1,89,2,2,35,0.8,0.04,smart,128,1
1176,14416.49872433184,13178.903520218266,2654,6.541998933241302e-05,10393,2630,31579,0.8984097365140674,0.36832252624094597,0.9999240350486172,13163.465504030006,1.1011510498056494,0.18409463010048613,0.9141542459248592,4097,0.9985266834042387,8.36488859639821e-05,0.9985403353021177,684.5887219300236,49,1176,1,68,2.203489608526235,2.3370828451710977,-0.24829588880617381,5.0371642313096805,14416.498724314562,0,0,10,1,4,34,5,4,89,2,2,35,0.8,0.04,smart,129,1
1176,15164.196094397428,13919.2964122184,2698,6.225876222506239e-05,10913,2717,33291,0.9011773603464935,0.36827418077059726,0.9999280831642197,13904.44991497341,1.095990534635989,0.17791909199834235,0.9179053294728252,4097,0.9985320140593346,7.882017129639574e-05,0.998550127476556,689.2156877764676,49,1176,1,68,2.326408150286779,2.135009871888292,-0.2525367637220289,4.966491549619128,15164.19609437179,0,0,10,2,0,34,5,1,89,2,2,35,0.8,0.04,smart,130,1
1176,14667.655657839947,13397.682178651254,2713,6.435439204413719e-05,10578,2686,32115,0.8982283774034977,0.36830089535900756,0.9999252751388484,13381.927001187176,1.1021360853845632,0.18496480032580298,0.9134167375609281,4097,0.998543700416784,8.235696595053028e-05,0.9985553627867055,691.7151919920863,49,1176,1,68,2.2395546264396566,2.2614585383629326,-0.2549446350934648,5.01090243498952,14667.655657814756,0,0,10,1,0,34,5,4,89,2,2,35,0.8,0.04,smart,131,1
1176,14182.723603850569,12926.513079808545,2676,6.648802952940226e-05,10238,2622,31016,0.8963440825085224,0.368328606871332,0.9999225461577482,12910.415332636829,1.104939523554682,0.18868026161586296,0.9114267076528964,4097,0.9985453362485536,8.558181155551115e-05,0.9985527252459974,690.4536855787647,49,1176,1,68,2.1589716503343834,2.2272180679545643,-0.25305617344690234,4.8923020651827525,14182.723603833962,0,0,10,0,1,34,2,4,89,2,2,35,0.8,0.04,smart,132,1
1176,15193.005779052843,13950.666033143258,2690,6.216541509781006e-05,10932,2718,33361,0.9017232777142609,0.36826305876336596,0.9999282460290323,13936.010914790226,1.0955312788643132,0.17705515545243866,0.9182294955997157,4097,0.9985191062759556,7.86087195779309e-05,0.998522242388266,676.2008404791139,49,1176,1,68,2.332736903018893,2.1815512702715654,-0.251107617223669,5.016503407737796,15193.005779026264,0,0,10,2,0,34,8,3,89,2,2,35,0.8,0.04,smart,133,1
1176,14921.931864406406,13689.80399141363,2652,6.336963274914084e-05,10740,2681,32750,0.9017827901416158,0.36825971322535855,0.999926878985779,13675.459096142873,1.0965674714782612,0.17772497717442812,0.9174283943802346,4097,0.9985292931069433,8.018212567622863e-05,0.9985300965917372,679.8166889707761,49,1176,1,68,2.2868976974847746,2.226468305518824,-0.25084581686671714,5.015057636737033,14921.931864386772,0,1,10,0,1,34,7,2,89,2,2,35,0.8,0.04,smart,134,1
1176,14225.752929690258,12965.765037977926,2687,6.624616478829541e-05,10269,2629,31110,0.8961315716055376,0.36833421204952344,0.999922779700822,12949.462770772392,1.1049651819125372,0.18888279680381775,0.9114290893466427,4097,0.9985580800004068,8.532574192881522e-05,0.9985731979753407,700.3679641246393,49,1176,1,68,2.1660168546880327,2.480041268741109,-0.2533288816503107,5.152715886729763,14225.75292966946,0,1,10,0,1,34,2,4,89,2,2,35,0.8,0.04,smart,135,1
1176,14793.912653060532,13554.421379366617,2666,6.386591848097101e-05,10654,2673,32446,0.9004327930311714,0.3682759318417756,0.999926145402798,13539.618522485654,1.0982548862045418,0.1802092565044626,0.9162161287036198,4097,0.9985216537857379,8.111117224611901e-05,0.9985314728327708,680.4542529882862,49,1176,1,68,2.2650635208751004,2.1713395549585193,-0.25090801875641594,4.9382191133464515,14793.912653033316,0,0,10,2,0,34,5,3,89,2,2,35,0.8,0.04,smart,136,1
1176,14321.094211616482,13069.439513227975,2675,6.585186506229568e-05,10332,2632,31341,0.8971668377464643,0.3683274725674779,0.9999233955178668,13053.56644185817,1.1033069024549913,0.18678740328585977,0.9126006239541924,4097,0.998540733286818,8.451825389702333e-05,0.9985639329073062,695.8461756812861,49,1176,1,68,2.182218258262837,2.2665756822055982,-0.25334198180408646,4.955477904076608,14321.09421159351,0,0,10,0,1,34,2,3,89,2,2,35,0.8,0.04,smart,137,1
1176,14186.712980019654,12949.167908520549,2646,6.64730388371217e-05,10234,2606,31050,0.8972858997461362,0.3683150884861375,0.9999226843348921,12933.489484612239,1.1030766802020806,0.18651254901164105,0.9127673145116811,4097,0.9985052195202638,8.528510719495682e-05,0.9985291956675377,679.3999686933814,49,1176,1,68,2.163849615204794,2.359443623699339,-0.24885667391133107,5.021006586726795,14186.712980002816,0,1,10,0,1,34,2,6,89,2,2,35,0.8,0.04,smart,138,1
1176,14830.371272562166,13581.570613988517,2689,6.365688619715892e-05,10683,2685,32517,0.8997200274064966,0.3682983344191319,0.9999262911240697,13566.387120801275,1.098868418453215,0.18131710599686393,0.9157943765788205,4097,0.9985365542826451,8.099635591939401e-05,0.9985603981423511,694.1363828706557,49,1176,1,68,2.269334311425433,2.1743315781201664,-0.25283767370003635,4.9493412369456715,14830.371272537759,0,0,10,2,0,34,2,2,89,2,2,35,0.8,0.04,smart,139,1
1176,14439.70296179934,13177.008924997135,2698,6.530524003918994e-05,10418,2655,31599,0.8971437514899436,0.3683178829979775,0.9999240206051581,13160.963072971308,1.1033767413448927,0.18684594878008493,0.9125540158171744,4097,0.9985417526809797,8.383389709016487e-05,0.9985648381167365,696.285386998946,49,1176,1,68,2.2012777422215,2.2073788716796017,-0.2544540539993813,4.917564721899864,14439.702961778783,0,0,10,0,1,34,3,4,89,2,2,35,0.8,0.04,smart,140,1
1176,14469.036395106667,13219.495665919323,2684,6.515605592250495e-05,10434,2647,31684,0.8975267652085296,0.36831958000152165,0.9999242662884128,13203.659396976187,1.1018915296701788,0.18549956795379346,0.913640363112921,4097,0.9985320272333634,8.345033530867993e-05,0.9985409940479127,684.8980417614754,49,1176,1,68,2.2087548197821105,2.222820499307044,-0.2519656555728564,4.935506630234867,14469.036395087205,0,0,10,1,1,34,2,2,89,2,2,35,0.8,0.04,smart,141,1
1176,14535.953418549167,13280.426976788416,2691,6.48975934970004e-05,10482,2659,31830,0.8978995181680015,0.36831199092859374,0.9999246147976872,13264.702836195444,1.1018776816322233,0.1851271755291982,0.9136261375082155,4097,0.9985707283395565,8.30652719539719e-05,0.9985708570019687,699.2199237946447,49,1176,1,68,2.2175461760951407,2.184375003566966,-0.25455474542234025,4.911030670506788,14535.95341852279,0,0,10,1,1,34,1,2,89,2,2,35,0.8,0.04,smart,142,1
1176,14088.956721178354,12840.78798900652,2669,6.683754583220914e-05,10171,2604,30811,0.895612555381759,0.36834693799812046,0.9999220267204321,12824.406237553969,1.1050364809025366,0.18943915101875433,0.9114080086358983,4097,0.9985370773072314,8.61633184582906e-05,0.9985780938332988,702.7811691894572,49,1176,1,68,2.144878097030927,2.2541880129542213,-0.25120297799580354,4.901472065976756,14088.956721157178,0,0,10,0,1,34,1,2,89,2,2,35,0.8,0.04,smart,143,1
1176,14378.106269964845,13119.110417719687,2684,6.56317393649331e-05,10374,2645,31462,0.8974226044583944,0.36832503707239617,0.9999236860987714,13103.272489871719,1.1035074121634136,0.18667270568216232,0.9124366012737617,4097,0.9985310798519059,8.421295565714025e-05,0.998571838443898,699.7007760504505,49,1176,1,68,2.191570677978492,2.3142625442070703,-0.25368549037948984,5.013204202944542,14378.106269944934,0,0,10,0,2,34,3,3,89,2,2,35,0.8,0.04,smart,144,1
1176,14884.607856375122,13629.478180709155,2709,6.33681445949944e-05,10723,2696,32634,0.8991535796468044,0.3682856683464865,0.9999265486817435,13613.959526210476,1.099072517187172,0.18200009205077763,0.9156759998128946,4097,0.998552558845674,8.072832524686064e-05,0.9985945666427917,711.0241929841421,49,1176,1,68,2.2778724694762427,2.1311164159352507,-0.2535234244604368,4.916035734332367,14884.607856347677,1,0,10,1,0,34,2,1,89,2,2,35,0.8,0.04,smart,145,1
1176,15044.544986891666,13795.313650539674,2708,6.268062612418764e-05,10832,2708,33010,0.8999645057881772,0.36827358680736677,0.9999274336618174,13779.994160312006,1.0973201694116812,0.17999879706295435,0.916964498597967,4097,0.9985051747411682,7.962850650816545e-05,0.9985537847980739,690.9599046166513,49,1176,1,68,2.3075371694908138,2.2001934560902487,-0.2510589167105876,5.009848459002238,15044.544986864239,1,0,10,2,1,34,4,2,89,2,2,35,0.8,0.04,smart,146,1
1176,14443.491866547574,13199.954334969598,2664,6.53247910067202e-05,10414,2639,31633,0.8983089445154797,0.3683222053502718,0.9999241561900675,13184.491634916794,1.1014819751368432,0.18444293281807175,0.9139032622396444,4097,0.9985205826985818,8.354058956645943e-05,0.99852806507881,678.8777394106228,49,1176,1,68,2.206356094558377,2.3631846395717586,-0.2500200732178534,5.069580880565843,14443.491866524235,0,1,10,1,2,34,5,3,89,2,2,35,0.8,0.04,smart,147,1
1176,19809.21766489521,18531.60894293551,2894,4.8003364655289506e-05,14138,3242,43945,0.9166686937962547,0.3681074210766583,0.9999460059727516,18520.067009329738,1.0727399577518233,0.14609360394522722,0.9355043321966314,4097,0.9984990641749389,5.7921550509468784e-05,0.9984990707838557,665.7538122187217,49,1176,1,68,3.119376498067483,2.177905190724245,-0.24953807078435783,5.796357830360443,19809.217664848824,2,0,10,4,0,34,8,3,89,2,2,35,0.8,0.04,smart,148,1
1176,14160.164524242864,12919.516897482292,2654,6.65747614073905e-05,10217,2606,30985,0.896738457868222,0.3683349290696475,0.9999225054717039,12903.636866009574,1.1036274318286405,0.18742720082497827,0.9123846601756268,4097,0.9985234746506629,8.552508724486646e-05,0.9985469994656297,687.730871416207,49,1176,1,68,2.157277942663088,2.18245234192514,-0.2509133029525596,4.841556890493347,14160.164524220008,0,0,10,0,1,34,1,2,89,2,2,35,0.8,0.04,smart,149,1
1176,14687.050767018643,13395.996212627877,2745,6.427788479691756e-05,10598,2707,32132,0.8974939253837468,0.3683233109144085,0.999925263480628,13379.839463731903,1.1039582336256677,0.18689933353837065,0.9120957246712887,4097,0.9985843331388362,8.250599591332552e-05,0.9985952967819893,711.3940304472314,49,1176,1,68,2.2388569145855493,2.2945399598925222,-0.2589408349034302,5.051278544284933,14687.0507669952,0,0,10,1,1,34,3,5,89,2,2,35,0.8,0.04,smart,150,1
1176,14212.396564599801,12966.23534232052,2664,6.631237893386025e-05,10255,2616,31098,0.8967574931182216,0.3683433482045477,0.9999227843534223,12950.243066003573,1.1037256094238834,0.18744199740636874,0.9123187129900937,4097,0.9985435071119755,8.522488657645478e-05,0.9985759064573934,701.7009446413415,49,1176,1,68,2.165888113955286,2.1890076666601974,-0.25118613172213466,4.857268044059753,14212.396564583232,0,0,10,0,0,34,2,3,89,2,2,35,0.8,0.04,smart,151,1
1176,14081.913982430444,12804.365001183884,2699,6.69956844763406e-05,10175,2629,30756,0.89530381510618,0.3683520024090619,0.9999218036092964,12787.814019258765,1.1079244054561188,0.1916642867842721,0.9092773196285308,4097,0.9985338145983841,8.663568967964807e-05,0.9985730601832531,700.3002849614405,49,1176,1,68,2.1392435979760362,2.5346766918614088,-0.2556397323655364,5.185199754568519,14081.913982408449,0,0,10,0,2,34,1,7,89,2,2,35,0.8,0.04,smart,152,1
1176,16107.29435398774,14806.103400157344,2834,5.860094021288228e-05,11585,2868,35389,0.901945584833356,0.3682682730827628,0.9999323920273834,14790.654961703498,1.0942342727732133,0.175945130058319,0.9192172859553998,4097,0.9985705685841021,7.39789607498702e-05,0.9986150213279253,721.5326638994965,49,1176,1,68,2.4827842593386404,2.2656624779022185,-0.2565515151439998,5.261549767528859,16107.294353957925,1,0,10,2,2,34,2,4,89,2,2,35,0.8,0.04,smart,153,1
1176,19306.77487801177,18004.5174822464,2940,4.9130590464666e-05,13799,3211,42756,0.9132664862895876,0.36812915640760735,0.9999444207813075,17991.836403207828,1.0765660182026147,0.15227815202570819,0.9325492007860674,4097,0.9985474335091379,5.983469816264492e-05,0.9985672893032272,697.4774989290596,49,1176,1,68,3.0326416658654547,2.228524055156339,-0.25082344943568824,5.76281261989317,19306.77487797072,1,0,10,1,1,34,1,2,89,2,1,35,0.8,0.04,smart,154,1
1176,14668.432234848398,13420.380717077076,2677,6.43751361375831e-05,10571,2667,32145,0.8993327634729348,0.36830607271888516,0.9999254046601179,13405.163156935885,1.100059522881994,0.1825007578955944,0.9149158207373876,4097,0.9984998426760162,8.205931400003461e-05,0.9985183631807466,674.4291080866558,49,1176,1,68,2.243635758909982,2.2070373525551745,-0.25099557354311997,4.952664258551396,14668.432234824237,0,0,10,2,0,34,3,4,89,2,2,35,0.8,0.04,smart,155,1
1176,15011.0719256703,13775.837976816312,2665,6.297265365871775e-05,10803,2693,32951,0.9017251288236454,0.36826362846366345,0.9999273356127718,13761.399572889695,1.0961987714514432,0.17753562258552685,0.9177118093251139,4097,0.9985344593017371,7.965461200789927e-05,0.9985472068287087,687.8291054426325,49,1176,1,68,2.302401161948865,2.2853288129582547,-0.25050222676559053,5.0887344284383005,15011.071925641001,0,0,10,1,2,34,4,4,89,2,2,35,0.8,0.04,smart,156,1
1176,14500.86334070879,13248.02954603899,2679,6.508158707123576e-05,10456,2653,31753,0.8982727910235531,0.3683056506971031,0.9999244312205342,13232.478044547117,1.101884796759762,0.1847476206798769,0.91360281348541,4097,0.9985029200949768,8.326808920328887e-05,0.9985299429849965,679.7456024307182,49,1176,1,68,2.2156273243064915,2.6893989263835945,-0.25050589689752095,5.406038044485128,14500.863340679594,0,2,10,1,4,34,3,4,89,2,2,35,0.8,0.04,smart,157,1
1176,14121.970327711762,12877.537261136818,2654,6.676567038452508e-05,10192,2605,30892,0.8966681998230257,0.3683318679109837,0.9999222523607997,12861.626873328021,1.104313541341625,0.1879341153119416,0.9118796430174496,4097,0.998525338109972,8.585777077669174e-05,0.9985391895681324,684.0513971042144,49,1176,1,68,2.1511685214607135,2.273339708385711,-0.25052711250049564,4.925562454847415,14121.970327691908,0,0,10,0,2,34,1,6,89,2,2,35,0.8,0.04,smart,158,1
1176,14679.246976958777,13451.323674324165,2644,6.434943741000816e-05,10571,2651,32197,0.9004028112061025,0.36828544263822854,0.9999255792762883,13436.617373553481,1.098082495363079,0.18011823114292883,0.9163497075454881,4097,0.9985118168812054,8.172009399989437e-05,0.9985299490076449,679.748389328298,49,1176,1,68,2.246331186677952,2.130537224242428,-0.2501393876317175,4.877147186183816,14679.246976940856,0,0,10,0,0,34,5,2,89,2,2,35,0.8,0.04,smart,159,1
1176,14865.294537363707,13592.317755430406,2739,6.340536590571275e-05,10716,2709,32566,0.8980839721971529,0.36832073606613025,0.9999263447241291,13576.25994997047,1.1008964966722015,0.18425467407427162,0.9143658554000601,4097,0.9985624135656964,8.108683516791565e-05,0.9985789652681824,703.2124492537321,49,1176,1,68,2.2717097890971814,2.1764178750082896,-0.256401526776878,4.9609307176592266,14865.294537339469,0,0,10,1,1,34,4,1,89,2,2,35,0.8,0.04,smart,160,1
1176,15842.935544075768,14569.196286587805,2779,5.958422156061719e-05,11392,2815,34816,0.9021395818060322,0.3682544145053908,0.9999312935397996,14554.172103463676,1.093706743172518,0.17540941148619177,0.9196020678147454,4097,0.9985642873286323,7.514471882097686e-05,0.9985715394192504,699.5542005240494,49,1176,1,68,2.4416808743814644,2.269181898935793,-0.2526959188243563,5.21625461096597,15842.935544050226,1,0,10,1,2,34,1,3,89,2,2,35,0.8,0.04,smart,161,1
1176,14295.180500639583,13043.895883779793,2674,6.59704677007186e-05,10314,2629,31282,0.8970237579762621,0.36833145018384267,0.9999232451950698,13028.000305857799,1.1034923126662473,0.18705605010586346,0.9124680785385112,4097,0.998532103590861,8.469833720085432e-05,0.9985553810433859,691.7239400123608,49,1176,1,68,2.17855117285276,2.2039915093263427,-0.25260197351071834,4.887746629200539,14295.18050061725,0,0,10,0,0,34,2,4,89,2,2,35,0.8,0.04,smart,162,1
1176,15879.68833528709,14618.736045467178,2740,5.957003278502987e-05,11413,2809,34918,0.9040559110248961,0.36822604010729476,0.9999315303339195,14604.507689580842,1.0922908986756574,0.17254746706276985,0.9205933855126184,4097,0.998521676459804,7.478879309521388e-05,0.9985623687225206,695.0885304592108,49,1176,1,68,2.4482956855567566,2.2189217076026777,-0.2523315823445991,5.171880557848633,15879.68833525997,1,0,10,2,0,34,5,4,89,2,2,35,0.8,0.04,smart,163,1
1176,14464.904604715559,13207.994313132986,2692,6.51680113988652e-05,10433,2652,31665,0.8973740729486069,0.36832050944239203,0.9999241994622724,13192.018542742024,1.1026259541812085,0.18610561725532623,0.9131062163263198,4097,0.9985243030623466,8.357964023986645e-05,0.9985568323290069,692.4200580175531,49,1176,1,68,2.206772222152949,2.223225007471313,-0.253245567760188,4.936488365144638,14464.904604689244,0,0,10,1,1,34,3,2,89,2,2,35,0.8,0.04,smart,164,1
1176,15241.765021985639,13990.550138273911,2705,6.196994774197248e-05,10968,2731,33462,0.9015934086308064,0.36825890326233646,0.9999284501768847,13975.774937282156,1.0959618437799192,0.17747288428198082,0.9179087932462612,4097,0.9985472094111556,7.841587606374665e-05,0.9985483947073283,688.3923795775072,49,1176,1,68,2.3395960042031576,2.1865904545113444,-0.25254090429322756,5.031268267300957,15241.765021958745,0,0,10,1,0,34,6,2,89,2,2,35,0.8,0.04,smart,165,1
1176,14911.252287464415,13659.091576081435,2705,6.323704537591433e-05,10741,2696,32699,0.899408656944955,0.368301208805385,0.9999267083052223,13643.610735684877,1.0986018631758807,0.18140662821955192,0.9160257846059217,4097,0.998562840797245,8.051839243822091e-05,0.9985698687499608,698.7364018414247,49,1176,1,68,2.284499936703364,2.186629523993311,-0.2514273230663671,4.973984106829409,14911.25228744602,0,0,10,1,0,34,5,3,89,2,2,35,0.8,0.04,smart,166,1
1176,14448.436816176556,13186.452426362199,2691,6.533375924525738e-05,10423,2656,31621,0.8976536689728276,0.3683294543222667,0.999924076768075,13170.699041000084,1.103186724207197,0.1862485218461239,0.9126559913802279,4097,0.9985556431690744,8.375750151883222e-05,0.9985578768435559,692.9219328609398,49,1176,1,68,2.2037193029796183,2.316286074016718,-0.25349784262379904,5.027001062243934,14448.436816148094,0,0,10,1,1,34,3,6,89,2,2,35,0.8,0.04,smart,167,1
1176,14633.415921010972,13378.299669567525,2705,6.438092147330389e-05,10550,2669,32055,0.8976342651566963,0.36832936659653037,0.9999251654129641,13362.305076387904,1.1011089022166178,0.18485089295631263,0.914229441832421,4097,0.9985552727359152,8.24010299791238e-05,0.998562160427084,694.9877626341229,49,1176,1,68,2.2366008022945545,2.2125149619872237,-0.25207537474410996,4.953266513769998,14633.415920987347,0,0,10,1,0,34,1,4,89,2,2,35,0.8,0.04,smart,168,1
1176,15541.481802733151,14297.63926271977,2694,6.089499270517525e-05,11173,2758,34161,0.9038370214111766,0.3682475643640067,0.9999299924071914,14283.664895160555,1.0931093474278917,0.1733425444365433,0.9199662840518439,4097,0.9985426587530946,7.652595409040328e-05,0.9985446148268775,686.6032093956226,49,1176,1,68,2.3911944367119378,2.328945963751404,-0.25191471340772803,5.223969827278798,15541.481802703636,0,1,10,2,2,34,6,4,89,2,2,35,0.8,0.04,smart,169,1
1176,16845.60713297104,15579.521238293177,2792,5.618091372530554e-05,12083,2916,37135,0.906961455666571,0.368189364873791,0.9999357587690534,15565.826873267366,1.0866337822217795,0.16574053864377272,0.9248417771657622,4097,0.9985383241721324,6.980669175837727e-05,0.9985496827989626,689.0042159553041,49,1176,1,68,2.610887782001326,2.1581535876373037,-0.25401139026714303,5.277064150172915,16845.6071329386,0,0,10,3,0,34,5,2,89,2,2,35,0.8,0.04,smart,170,1
1176,15050.807579075463,13810.31123984301,2681,6.275599795857024e-05,10833,2701,33036,0.9012527697395035,0.36826320978569865,0.999927515750936,13795.600704289234,1.0964115510257986,0.17812997647563358,0.9175794167379386,4097,0.9984999388009379,7.947256794127101e-05,0.9985222058939783,676.1841292714709,49,1176,1,68,2.310259386979403,2.2735102993548466,-0.2494017659203565,5.082573218174963,15050.807579050586,0,0,10,2,2,34,6,2,89,2,2,35,0.8,0.04,smart,171,1
1176,14648.887247059898,13381.846389480035,2717,6.435396867585464e-05,10564,2681,32075,0.8976426063692672,0.3683156116309684,0.9999251851021209,13365.821787269679,1.1020690529006967,0.18547483874895104,0.9135059997247119,4097,0.9985815796796833,8.245118364841757e-05,0.9985846247123811,706.0262772981176,49,1176,1,68,2.237508679122369,2.353277157073648,-0.25379867581645227,5.098383187828922,14648.88724704027,0,0,10,1,2,34,4,5,89,2,2,35,0.8,0.04,smart,172,1
1176,14859.572221879416,13605.08160760371,2697,6.354978733764338e-05,10705,2693,32577,0.8997337702123154,0.36827685128044946,0.999926418461536,13589.865469695922,1.099154866119616,0.18149916832928098,0.9155769361631704,4097,0.9985570290894801,8.087750605944189e-05,0.9985752108959798,701.3581401900724,49,1176,1,68,2.2735314697090336,2.2020289997391314,-0.25360666325978204,4.98277379596773,14859.572221856637,0,0,10,2,0,34,4,4,89,2,2,35,0.8,0.04,smart,173,1
1176,14201.406404371937,12930.114898373211,2710,6.630589239393209e-05,10256,2636,31039,0.8950642291042974,0.3683695183413474,0.9999225634261136,12913.294468330743,1.1063326726526082,0.190826170509825,0.9104812953168246,4097,0.9985474233172885,8.567061174918032e-05,0.9985810607071348,704.2516670563261,49,1176,1,68,2.158954069176719,2.1836866485821287,-0.25625110163092074,4.855142921020689,14201.406404348922,0,0,10,0,0,34,1,2,89,2,2,35,0.8,0.04,smart,174,1
1176,14327.774764993937,13065.243507068551,2691,6.58215797288753e-05,10340,2643,31342,0.8967806742921254,0.368325157436598,0.9999233695857344,13049.148877586276,1.1043020377899375,0.18781702282023127,0.9118822511776189,4097,0.9985108034568588,8.46231226302073e-05,0.9985467580741211,687.6165524277908,49,1176,1,68,2.18325860449076,2.243216135991209,-0.2534377841092813,4.933350308700532,14327.774764968244,0,0,10,0,1,34,4,4,89,2,2,35,0.8,0.04,smart,175,1
1176,14638.413565657807,13403.865768516534,2647,6.456234375067045e-05,10545,2652,32094,0.9003086434875205,0.3682921507006929,0.9999253153719597,13389.13620459968,1.0989944695560732,0.18082560573435005,0.915663825755165,4097,0.998496599122632,8.207799317765307e-05,0.9985006395647338,666.4509138686354,49,1176,1,68,2.2408177109816947,2.4249221106499497,-0.24870840562274588,5.163156632877136,14638.41356563411,0,1,10,1,3,34,4,6,89,2,2,35,0.8,0.04,smart,176,1
1176,14637.020295713724,13357.742286955552,2748,6.431559942431121e-05,10560,2690,32032,0.8962280253568802,0.3683400839724068,0.9999250460320568,13341.021829630361,1.1033971297293133,0.1877431297136835,0.9125998336469621,4097,0.9985402590391084,8.270399309035574e-05,0.9985760073345243,701.7506893081177,49,1176,1,68,2.2341144795979235,2.2944051165981345,-0.2551746863356634,5.038868968867385,14637.020295689492,0,0,10,1,1,34,2,4,89,2,2,35,0.8,0.04,smart,177,1
1176,14318.680874185218,13077.973475046041,2641,6.601343678412145e-05,10326,2624,31350,0.8988126256584006,0.3682915464835305,0.9999234503252389,13062.912779117418,1.1021649038675454,0.1844443648968664,0.9133504398875167,4097,0.9984928338781527,8.437036492458619e-05,0.9985035705521038,667.7572403648625,49,1176,1,68,2.186302614464206,2.4312503099015386,-0.24884719406601782,5.115247312497781,14318.680874157717,0,0,10,1,3,34,2,10,89,2,2,35,0.8,0.04,smart,178,1
1176,14962.516256825384,13711.748300294026,2694,6.31125381601564e-05,10775,2701,32819,0.9004080772360658,0.3682674149504186,0.9999269924121204,13696.706394550369,1.0980177216997518,0.1800499296882027,0.9164065766036645,4097,0.9985286923319787,8.016362531072236e-05,0.9985512175083116,689.7346147167511,49,1176,1,68,2.292383743177618,2.291563002075796,-0.2522618787276816,5.088470502708777,14962.516256803163,0,0,10,2,2,34,3,4,89,2,2,35,0.8,0.04,smart,179,1
1176,14173.840382359478,12916.193356499733,2681,6.648612948200404e-05,10232,2621,30994,0.8960095584748982,0.3683384653622284,0.9999224829714155,12899.891278662348,1.105188523237354,0.18915127641318208,0.9112698469904464,4097,0.998544162433415,8.567093034717146e-05,0.9985498638814374,689.0903162682491,49,1176,1,68,2.157857188979085,3.1000178286410733,-0.25265988284663043,5.763194783313419,14173.840382335207,0,1,10,0,2,34,1,6,89,1,2,35,0.8,0.04,smart,180,1
1176,16256.64756412209,14990.389964287746,2774,5.815424338689975e-05,11676,2854,35779,0.9045945284431401,0.3682176534742554,0.9999332292096895,14976.108708367226,1.0902945763950804,0.17063788761233473,0.922108319391205,4097,0.9985490315198121,7.279983053746379e-05,0.9985503980059838,689.3444048012308,49,1176,1,68,2.5129040605147823,2.163968311208413,-0.2518319197736665,5.180536211270528,16256.647564096078,1,0,10,2,0,34,4,1,89,2,2,35,0.8,0.04,smart,181,1
1176,14346.347771427463,13091.838986849112,2683,6.571246879299022e-05,10350,2638,31395,0.8969785365014332,0.36833762862817787,0.9999235259895277,13075.837873963932,1.1033850952221782,0.18701623874917686,0.9125555294932371,4097,0.9985480299755934,8.438028332699273e-05,0.9985496871486553,689.0062838763848,49,1176,1,68,2.1880899016146205,2.2316452369955817,-0.251765161549626,4.923265461709454,14346.347771405768,0,0,10,1,0,34,2,5,89,2,2,35,0.8,0.04,smart,182,1
1176,14882.292409190855,13628.60854161503,2695,6.343886443262563e-05,10721,2695,32631,0.8999529361650952,0.3682953953678716,0.9999265456918512,13613.40536175483,1.0989082709483369,0.18108769307177766,0.9157600298995882,4097,0.9985357867905239,8.071954676156075e-05,0.9985571850603921,692.5894593247609,49,1176,1,68,2.278579092238789,2.2574560641611456,-0.2524230181636283,5.040881192727191,14882.292409166213,0,0,10,1,1,34,4,3,89,2,2,35,0.8,0.04,smart,183,1
1176,15724.693442565409,14469.52061433985,2738,6.0058924285192654e-05,11304,2786,34568,0.9028795020579332,0.36824009780684,0.9999308217258827,14454.905434153254,1.0929121986996895,0.17412104153257874,0.9201782322300851,4097,0.99853077985181,7.56057796680662e-05,0.998583980428503,705.7048102427125,49,1176,1,68,2.4204660924772203,2.136876724004843,-0.2538014997907227,5.064945816063509,15724.693442535505,0,0,10,3,0,34,6,0,89,2,2,35,0.8,0.04,smart,184,1
1176,14948.524760261114,13706.624499330217,2682,6.315473634804542e-05,10762,2692,32798,0.9005723893119953,0.36826459957896757,0.9999269657082871,13691.698227737543,1.097325569797168,0.17941569773692853,0.9169215503972444,4097,0.9985415564092343,8.014239576911536e-05,0.9985419453891005,685.3452455998957,49,1176,1,68,2.2920524595105585,2.3018164129336016,-0.2502136561762336,5.094296184796628,14948.524760238339,0,1,10,2,1,34,7,2,89,2,2,35,0.8,0.04,smart,185,1
1176,14101.215691322857,12845.772065117231,2676,6.680830008048749e-05,10181,2612,30829,0.8956659461909888,0.3683549812418932,0.9999220568494297,12829.363717040005,1.1056252569596732,0.18977087214166002,0.9109691211249141,4097,0.9985119394295484,8.617591587758522e-05,0.998569719013469,698.6631985740665,49,1176,1,68,2.1453633211013305,2.203980490141689,-0.2528026127943531,4.854949036831726,14101.21569130662,0,0,10,0,1,34,1,2,89,2,2,35,0.8,0.04,smart,186,1
1176,14703.012908409584,13452.00471764484,2686,6.4209287438661e-05,10596,2673,32221,0.8991575043794054,0.36829623946476886,0.9999255796962535,13436.693201265189,1.1000710595558751,0.18268364563998352,0.9149148410221953,4097,0.998524760791699,8.186762239507133e-05,0.9985489279249765,688.6455232427902,49,1176,1,68,2.247441806492376,2.1915955527833875,-0.2530705928929855,4.945178545061735,14703.012908385925,0,0,10,1,1,34,2,4,89,2,2,35,0.8,0.04,smart,187,1
1176,14282.596433294932,13040.175919719146,2657,6.604954897026262e-05,10302,2620,31264,0.8975515193232768,0.3683074084094897,0.999923224801662,13024.539611174607,1.1027255793370723,0.1860306011171837,0.9130115788555425,4097,0.998532541523709,8.466197506607368e-05,0.9985480449286983,688.2264240860464,49,1176,1,68,2.177977274291398,2.3594498091871765,-0.2510357245642164,5.039498532607007,14282.596433271012,0,1,10,0,2,34,2,5,89,2,2,35,0.8,0.04,smart,188,1
1176,15359.03785000242,14098.909112826246,2737,6.141126916678097e-05,11053,2751,33720,0.9008381950923462,0.3682761205365261,0.9999289982312374,14083.656169730364,1.0959620783977793,0.17820126668934336,0.9179552293911447,4097,0.9985175108645494,7.781524606297002e-05,0.9985535496294974,690.847484791165,49,1176,1,68,2.3603767778288938,2.1858910061899617,-0.2517044891732816,5.049676762365419,15359.03784997279,1,0,10,2,0,34,4,2,89,2,2,35,0.8,0.04,smart,189,1
1176,16121.033013460383,14827.494410073006,2816,5.861430650786956e-05,11591,2863,35431,0.9027275575536237,0.3682501517826287,0.9999324915837621,14812.467854197635,1.0934601339430787,0.17467863242068662,0.9197608117105569,4097,0.9985502241206737,7.381776186197742e-05,0.9985729510744593,700.2467034069612,49,1176,1,68,2.4845068402810107,2.2239185971073714,-0.2571654409149518,5.222756319218285,16121.03301343226,1,0,10,1,0,34,4,3,89,2,2,35,0.8,0.04,smart,190,1
1176,14219.876494455119,12974.491192636602,2674,6.618637287256806e-05,10260,2615,31116,0.8960753592884438,0.36833869105146105,0.9999228314642153,12958.149394285643,1.1036540221604472,0.18804664028148882,0.9124194009487958,4097,0.9985221362661764,8.516736490314823e-05,0.9985763129720399,701.9014487266862,49,1176,1,68,2.166470530371454,2.1381157463621157,-0.25187581221884897,4.808337901171268,14219.876494430984,0,0,10,0,0,34,1,1,89,2,2,35,0.8,0.04,smart,191,1
1176,14668.911149010539,13401.37739410589,2706,6.43752834846791e-05,10577,2684,32121,0.8985630457023748,0.368303518032116,0.9999252965913359,13385.770016556033,1.101879470291052,0.1844717697524896,0.9135904674840063,4097,0.9985518545892811,8.231415236826531e-05,0.9985604566000124,694.1645910041617,49,1176,1,68,2.2384410955739464,2.3680198362404488,-0.2562716848660622,5.11900430154652,14668.91114898725,0,0,10,1,2,34,4,4,89,2,2,35,0.8,0.04,smart,192,1
1176,15139.51884361635,13887.586190942344,2706,6.236871472089996e-05,10898,2721,33225,0.9009006556983868,0.36826069113344106,0.9999279181102706,13872.61019898375,1.0967979199601992,0.17873751655859246,0.9173069721960226,4097,0.9985150656983053,7.905926672220772e-05,0.9985522574673151,690.2304321271306,49,1176,1,68,2.3246774019222984,2.251697868196283,-0.25007070072972254,5.076516671578027,15139.518843593884,1,0,10,2,2,34,2,3,89,2,2,35,0.8,0.04,smart,193,1
1176,14173.724778386397,12909.58322033313,2698,6.644266153778133e-05,10235,2627,30985,0.8952468513027987,0.3683455010282504,0.9999224411849074,12892.940910672527,1.1058644739609371,0.19035222160615095,0.9108109140103409,4097,0.9985565605273896,8.576953825359898e-05,0.9985685396557054,698.0871687656611,49,1176,1,68,2.156136589017043,2.261116352232134,-0.25436082226946705,4.925974585788111,14173.72477836468,0,0,10,0,1,34,1,3,89,2,2,35,0.8,0.04,smart,194,1
1176,14826.47022209944,13553.601714520759,2731,6.361948474933171e-05,10689,2705,32477,0.8983333845062239,0.3683218167841605,0.999926135035001,13537.718011198498,1.1011600310409566,0.18419758439398046,0.9141489182178087,4097,0.998582363996532,8.133714715116756e-05,0.9985842017931762,705.8152277079525,49,1176,1,68,2.2653829775240757,2.296585525861861,-0.25612556364588507,5.074219630677707,14826.47022207937,0,1,10,2,1,34,4,4,89,2,2,35,0.8,0.04,smart,195,1
1176,14788.440053066623,13494.42360172368,2753,6.386721808399837e-05,10669,2720,32362,0.8978809366703049,0.3683271717196424,0.9999258098925813,13478.385990789797,1.1033823505055282,0.1861589180549926,0.9124981102334314,4097,0.9985712484777548,8.186005510823791e-05,0.9985861462709921,706.7866257543822,49,1176,1,68,2.2555213185567364,2.308598704245707,-0.25951950678989266,5.083159036382229,14788.440053038179,0,0,10,1,0,34,4,4,89,2,2,35,0.8,0.04,smart,196,1
1176,14439.782259340382,13192.848942569599,2670,6.533238949728348e-05,10412,2641,31620,0.898082235535544,0.3683063095131436,0.9999241145616499,13177.258754006889,1.101846032722604,0.18490583528521762,0.9136459751001991,4097,0.9985231773842381,8.36140691876409e-05,0.9985354583006555,682.3073393720128,49,1176,1,68,2.2051234406192783,2.2825707921898726,-0.2506218415772899,4.988937915963731,14439.782259315822,0,0,10,1,1,34,4,5,89,2,2,35,0.8,0.04,smart,197,1
1176,14857.367143919615,13595.11193516132,2722,6.345149858923236e-05,10707,2699,32562,0.8985230247545145,0.36831563094866776,0.9999263612117405,13579.299765636191,1.099963223256069,0.18320877270061808,0.9150417973432882,4097,0.9985454498559253,8.09999588907385e-05,0.9985855716594325,706.4992904437158,49,1176,1,68,2.2730886000923203,2.2096347856030425,-0.25367451961788556,4.9900724249311335,14857.367143896012,0,0,10,2,0,34,2,4,89,2,2,35,0.8,0.04,smart,198,1
1176,14195.502683355458,12936.059690299227,2691,6.63461639744677e-05,10248,2625,31041,0.8956058970878876,0.36833412493237366,0.9999226009428014,12919.554012217171,1.105209306865804,0.18956708050608573,0.9112787323457763,4097,0.9985561280139503,8.554215835896762e-05,0.9985957097052882,711.6033587672927,49,1176,1,68,2.1591842651322883,2.153687845638619,-0.25501687148865987,4.822905853748227,14195.502683331175,0,0,10,0,0,34,1,2,89,2,2,35,0.8,0.04,smart,199,1
1176,15033.455179276363,13786.472804772886,2687,6.284639187533428e-05,10823,2705,32987,0.9011195771366208,0.36828267210145155,0.9999273900120369,13771.709961924349,1.0971117826239898,0.17873469325295444,0.9170528425014068,4097,0.9985546411309495,7.966127333039976e-05,0.9985562424406923,692.1369456732151,49,1176,1,68,2.3056148431882755,2.2939037683525147,-0.25109522130953477,5.10170905415986,15033.455179247125,0,0,10,2,3,34,6,5,89,2,2,35,0.8,0.04,smart,200,1
1176,15072.586856139242,13818.883198456442,2716,6.255764084541576e-05,10853,2715,33069,0.8998911127627186,0.36827644791874004,0.9999275571121597,13803.477579797975,1.097516385838134,0.18019468230124952,0.9168222635139667,4097,0.9985236093681871,7.950725644259184e-05,0.9985451807539588,686.8704937694758,49,1176,1,68,2.3115985948168998,2.1536994801296405,-0.2517665167669997,4.96883110848054,15072.58685611333,0,0,10,2,0,34,5,0,89,2,2,35,0.8,0.04,smart,201,1
1176,14097.003902994365,12825.685541834388,2705,6.679878845612047e-05,10184,2625,30799,0.8946123835090932,0.368364012917336,0.9999219317076024,12808.797715883113,1.1072594674482426,0.19188474505745345,0.9098164141892636,4097,0.998576489177761,8.644185586501576e-05,0.998586126314708,706.7766426719635,49,1176,1,68,2.141825545149434,2.266343259657736,-0.25562409821256654,4.919417001232303,14097.003902968563,0,0,10,0,2,34,1,3,89,2,2,35,0.8,0.04,smart,202,1
1176,14826.742379402673,13555.284738084982,2726,6.365244784602659e-05,10688,2704,32479,0.8985922958512559,0.3682973088102787,0.9999261450988628,13539.562800810972,1.1010037853303678,0.18385697479892565,0.9142456509473044,4097,0.9985890503613148,8.131452571757252e-05,0.998589286880159,708.3612276839219,49,1176,1,68,2.265751718452843,2.408438304342958,-0.25580310797201056,5.1857962387398215,14826.742379378138,0,1,10,1,2,34,3,4,89,2,2,35,0.8,0.04,smart,203,1
1176,14446.468208346685,13156.654662501358,2752,6.518083819391426e-05,10432,2679,31579,0.8951834445826471,0.3683688419410786,0.9999238972134403,13139.623308536593,1.1060024683366838,0.19049638709688135,0.9107177251045957,4097,0.9985830895779205,8.416986978283237e-05,0.9986147644732314,721.3987823070257,49,1176,1,68,2.19532963016066,2.1977279143018107,-0.2615527181937355,4.916162980849942,14446.468208323848,0,0,10,0,0,34,1,1,89,2,2,35,0.8,0.04,smart,204,1
1176,14211.557311283204,12961.720496953678,2665,6.635748448005528e-05,10255,2619,31091,0.8969127306845248,0.3683171597558355,0.9999227579121991,12945.809815967938,1.104061978254793,0.18752343192425047,0.9120549010250112,4097,0.9985119022212618,8.528005226208479e-05,0.9985372821917186,683.1587453249816,49,1176,1,68,2.165908053025011,2.21323265259532,-0.2510234624952919,4.881187630610915,14211.557311259381,0,0,10,0,1,34,3,3,89,2,2,35,0.8,0.04,smart,205,1
1176,14314.384326348405,13059.6732573186,2677,6.588158248711243e-05,10328,2634,31321,0.8971525363785395,0.3683381499486447,0.9999233377499067,13043.729699668325,1.1036596755165673,0.18701467970735294,0.9123461379529775,4097,0.9984938908617198,8.460903406228323e-05,0.9985371121874596,683.0792963481656,49,1176,1,68,2.183391862711525,2.2483768360459933,-0.25102724040489094,4.9338231795673,14314.384326324525,0,0,10,1,2,34,2,3,89,2,2,35,0.8,0.04,smart,206,1
1176,15316.898367923732,14047.94187060406,2735,6.171155324571268e-05,11026,2755,33611,0.9012291241638376,0.3682658562148571,0.9999287418066315,14032.973938995567,1.096968505471482,0.1785609549860022,0.9171531685568216,4097,0.9985629211415596,7.81679938821346e-05,0.9985647716899185,696.2531375988866,49,1176,1,68,2.3483109827318693,2.235520769040692,-0.2566037056863982,5.097039163145358,15316.898367899414,0,0,10,2,0,34,6,5,89,2,2,35,0.8,0.04,smart,207,1
1176,14890.139766119264,13643.46721005248,2676,6.347301018686995e-05,10723,2690,32658,0.9008451167993192,0.36827886888761413,0.9999266280538877,13628.687346621658,1.098157227629835,0.1797162445774296,0.9162752952189583,4097,0.9984883978245075,8.057393292883022e-05,0.9985082666882626,669.8609864808072,49,1176,1,68,2.281581683683555,2.430336604484061,-0.2507550112308626,5.213428310629342,14890.139766096778,0,1,10,1,3,34,6,4,89,2,2,35,0.8,0.04,smart,208,1
1176,14326.725310396789,13091.140823788026,2653,6.581213422902998e-05,10330,2619,31375,0.8977348301406314,0.3683085731811659,0.9999235241935982,13075.530794087568,1.1017244107321393,0.1851783950987557,0.9137566708484242,4097,0.9985341264346151,8.425526274333216e-05,0.9985674427300955,697.5522523372935,49,1176,1,68,2.185620726184858,2.145049799891868,-0.2508971837431787,4.832464893563084,14326.725310376856,0,0,10,0,0,34,1,1,89,2,2,35,0.8,0.04,smart,209,1
1176,14552.9836382704,13297.305788653086,2685,6.484721879888001e-05,10493,2661,31870,0.8984113128023332,0.36830827452141995,0.999924711404138,13281.724061664338,1.1017294744150532,0.18449824906963946,0.9137168101862478,4097,0.9985247938570095,8.294766514892245e-05,0.9985409752316142,684.8892025292579,49,1176,1,68,2.222770253422239,2.277922263735627,-0.25222696396639205,5.0051464450906495,14552.983638245149,0,0,10,1,2,34,3,5,89,2,2,35,0.8,0.04,smart,210,1
1176,15637.375309505993,14383.5036198476,2732,6.0402507990643e-05,11243,2776,34369,0.9026346456218399,0.3682603701504463,0.9999304074914377,14368.862741120756,1.0933986367175117,0.17470962651508476,0.9198157194004186,4097,0.9985350705315129,7.609235398817752e-05,0.9985666056479209,697.1445994840213,49,1176,1,68,2.407471939093161,2.239331313833024,-0.2519456305453222,5.15069451401683,15637.375309474282,0,0,10,3,2,34,4,2,89,2,2,35,0.8,0.04,smart,211,1
1176,15404.992179273191,14148.304693000127,2727,6.128976257824601e-05,11083,2753,33830,0.9015932492858634,0.3682640995280785,0.9999292481012793,14133.396300504966,1.0952872116062173,0.17702053777534993,0.9184233609697064,4097,0.9985577697312463,7.749364986585678e-05,0.9985765590698013,702.0228864898659,49,1176,1,68,2.3670993994472997,2.2712356053665617,-0.252797229677028,5.1439294641679165,15404.992179251045,1,1,10,2,2,34,3,2,89,2,2,35,0.8,0.04,smart,212,1
1176,14402.758472809748,13125.527418202028,2721,6.544441411375405e-05,10397,2663,31495,0.89618669779327,0.368334179304961,0.9999237196696525,13109.039444311607,1.1051077554677506,0.188922143291984,0.9113203865065889,4097,0.9985379738228508,8.429798465697652e-05,0.9985540624447651,691.0926777235562,49,1176,1,68,2.1945874543161374,2.3539038148387768,-0.25486126554518407,5.058213800245282,14402.75847278457,0,0,10,1,2,34,2,6,89,2,2,35,0.8,0.04,smart,213,1
1176,14188.829093529595,12916.005188901749,2720,6.6306450054935e-05,10248,2636,31008,0.8943820259715295,0.3683623371024012,0.9999224769567728,12898.890398914493,1.106640540190607,0.19170010309309998,0.9102939434792204,4097,0.9985880091165004,8.579014243460761e-05,0.9986122375353433,720.0842965680421,49,1176,1,68,2.156113738208794,2.166139167105821,-0.25695243415604735,4.836157773626709,14188.829093505266,0,0,10,0,0,34,2,1,89,2,2,35,0.8,0.04,smart,214,1
1176,15246.986953435951,14005.189114579647,2690,6.196659855907995e-05,10969,2724,33486,0.9020587599081982,0.3682580126664207,0.9999285262101728,13990.642795030943,1.0950810238493325,0.17642830076625735,0.918554541782666,4097,0.9984871479904198,7.826959094240928e-05,0.998503859015392,667.8860836723339,49,1176,1,68,2.345512130742173,2.2614145162075037,-0.24751286133572878,5.101952369621134,15246.986953418063,0,0,10,2,1,34,3,4,89,2,2,35,0.8,0.04,smart,215,1
1176,14275.541202062204,13028.178193329582,2667,6.60418787385222e-05,10299,2624,31241,0.8971030446926772,0.3683138800697125,0.9999231525068696,13012.286218162933,1.1032906326405465,0.18682303964873379,0.9126223663903943,4097,0.9985186764920032,8.47851193128716e-05,0.9985617240026115,694.7767266540714,49,1176,1,68,2.1765908765578823,2.182921640043735,-0.25122225303992923,4.861957022681476,14275.541202035132,0,0,10,0,0,34,2,3,89,2,2,35,0.8,0.04,smart,216,1
1176,15377.102629104083,14106.446661394826,2751,6.138555822988935e-05,11069,2763,33748,0.9006929206229652,0.3682784385053784,0.9999290360247576,14091.157015608313,1.0967330070238426,0.17890236323149789,0.9173670100045831,4097,0.9985940408330006,7.782853395820534e-05,0.998594199388552,710.8383128810094,49,1176,1,68,2.3624427671388175,2.2318044283625684,-0.25271074120837883,5.099668677918143,15377.102629081513,1,0,10,2,0,34,4,3,89,2,2,35,0.8,0.04,smart,217,1
1176,14140.451964512231,12868.195027372481,2715,6.653103702594252e-05,10215,2630,30898,0.8943053846196211,0.36838248291018133,0.9999221884809025,12851.067622562156,1.107011634593506,0.1920023494873951,0.9100271377228475,4097,0.9985508075647486,8.613825694660453e-05,0.9985795561929097,703.5052036909176,49,1176,1,68,2.148876648948486,2.198515942992467,-0.25596212052234407,4.859316832985641,14140.45196448848,0,0,10,0,0,34,0,3,89,2,2,35,0.8,0.04,smart,218,1
1176,14428.700420033829,13173.648053179104,2677,6.543829722081115e-05,10407,2648,31584,0.8980381734205362,0.36830432974707533,0.9999240038641348,13158.063762936577,1.1026806983765793,0.18553299479993804,0.913016950222896,4097,0.9985384208077683,8.379947216992099e-05,0.998550160262083,689.2312844659609,49,1176,1,68,2.1997502967274487,2.23809019813795,-0.25411031891913777,4.946061132703674,14428.700420001927,0,0,10,0,0,34,2,4,89,2,2,35,0.8,0.04,smart,219,1
1176,14521.41870195082,13255.429901300771,2706,6.493162959434879e-05,10475,2666,31783,0.8973860770471979,0.3683355964364623,0.9999244705718074,13239.37250340595,1.1030106969442526,0.18634542915813546,0.9128192068120744,4097,0.9985397593586591,8.330976723039414e-05,0.998586945903209,707.1868718329886,49,1176,1,68,2.215166702272136,2.3619322355526844,-0.2544623286678306,5.086023595160481,14521.418701927003,0,0,10,1,2,34,5,4,89,2,2,35,0.8,0.04,smart,220,1
1176,14690.67216196249,13442.67863350961,2673,6.43242062703769e-05,10586,2670,32197,0.8997584203429638,0.3682788139915867,0.9999255296276638,13427.658986813452,1.0998458108122557,0.18195219187594483,0.9150485754025455,4097,0.9985347819676664,8.190592704382252e-05,0.9985639389383753,695.8491001483944,49,1176,1,68,2.246062178097986,2.2735494859142515,-0.25235145488458555,5.0243145737814086,14690.67216193752,0,0,10,1,2,34,4,5,89,2,2,35,0.8,0.04,smart,221,1
1176,14197.723943531862,12946.503133445354,2670,6.640474993324015e-05,10246,2619,31057,0.8965592172495137,0.3683262385684012,0.9999226662407906,12930.463265269274,1.104332362375274,0.1880583120660257,0.9118717327465341,4097,0.9985815202268135,8.54021729993648e-05,0.9986129782471114,720.469110604787,49,1176,1,68,2.1613711297335363,2.2949202056822613,-0.2532077722238924,4.962706879863583,14197.723943509682,0,0,10,0,3,34,1,4,89,2,2,35,0.8,0.04,smart,222,1
1176,14726.619098558827,13502.735703107925,2642,6.410761909581208e-05,10603,2652,32311,0.9006071613084121,0.368266774231715,0.9999258629469698,13488.031829489764,1.0973620689019006,0.17940302402868225,0.9168931180157519,4097,0.9984829948192547,8.135518989569377e-05,0.998504295289671,668.08104178382,49,1176,1,68,2.2575448546746086,2.207686671092125,-0.2469822028987524,4.959195931564238,14726.619098531364,0,0,10,2,1,34,4,3,89,2,2,35,0.8,0.04,smart,223,1
1176,14583.400992368177,13331.093343767781,2687,6.467879883392859e-05,10514,2661,31944,0.8982982619681785,0.36831994781275795,0.9999249021982737,13315.468996992986,1.101187420995797,0.18425057374518933,0.9141278739262703,4097,0.9985351094664522,8.269675460551819e-05,0.9985451913041244,686.8754785314861,49,1176,1,68,2.22856782996974,2.2358115561903684,-0.25160240682383755,4.967584199807783,14583.400992346234,0,0,10,2,1,34,3,3,89,2,2,35,0.8,0.04,smart,224,1
1176,15599.298944612798,14364.601005559738,2701,6.054212303334856e-05,11211,2755,34306,0.9032445017400821,0.3682499239281293,0.9999303174712838,14350.299519175658,1.092012373898576,0.17314880685280973,0.9208491392185634,4097,0.9984925693073348,7.609418360263458e-05,0.9985296401221624,679.6054862670048,49,1176,1,68,2.4060131897419277,2.16057605527735,-0.24692880763649064,5.060446860292259,15599.2989445851,0,0,10,4,1,34,5,2,89,2,2,35,0.8,0.04,smart,225,1
1176,14432.432714101178,13192.111773610102,2657,6.539948590859547e-05,10405,2635,31612,0.898521282391404,0.368316924166463,0.9999241118008284,13176.779345619298,1.1012529148978867,0.18409924734337987,0.9140601612312231,4097,0.9985136860399092,8.357210054426527e-05,0.998543478559118,686.0671833005496,49,1176,1,68,2.202631866406697,2.189692878223301,-0.2518634931305357,4.896051730891069,14432.432714078926,0,0,10,0,1,34,3,3,89,2,2,35,0.8,0.04,smart,226,1
1176,14385.766614301347,13136.225951882061,2659,6.568308636813552e-05,10375,2638,31493,0.8986045389420456,0.3682987061859084,0.9999237888556826,13120.94055140683,1.1024713413329135,0.18483547462507863,0.9131404883784867,4097,0.998501529862988,8.402060250048734e-05,0.9985156733738102,673.2060419298913,49,1176,1,68,2.196415649749005,2.5135500550638756,-0.2501432982583952,5.210252301329671,14385.766614283513,0,1,10,1,3,34,3,10,89,2,2,35,0.8,0.04,smart,227,1
1176,15198.13113659367,13927.693156634941,2737,6.213480040858858e-05,10945,2743,33336,0.9003726610512247,0.36828410859466987,0.9999281243292469,13912.41363394834,1.0980162019134723,0.1800879315621854,0.9164082762189226,4097,0.9985471901549673,7.892065101059817e-05,0.9985740249758835,700.7744357484697,49,1176,1,68,2.3277462571694456,2.2158680253831444,-0.25696992251955986,5.057554127591709,15198.13113657135,0,0,10,2,2,34,6,2,89,2,2,35,0.8,0.04,smart,228,1
1176,15136.18200133215,13863.258641190805,2750,6.228891491162245e-05,10903,2738,33190,0.8992431767572878,0.36830165699437634,0.9999277872389336,13847.467932510239,1.0987782290145,0.18168386187203417,0.9159019520226888,4097,0.9985683311299061,7.934580971709453e-05,0.9986325128352012,730.7681755264309,49,1176,1,68,2.316060761079719,2.141024170382732,-0.25811985138818255,4.973324634238816,15136.182001311261,0,0,10,3,0,34,3,1,89,2,2,35,0.8,0.04,smart,229,1
1175,14217.523151702044,12964.663711820447,2674,6.629255300221997e-05,10261,2622,31101,0.8965192396341308,0.3683226194163341,0.9999227741653953,12948.534537755959,1.104334922629185,0.18807776653276512,0.9118792052234772,4097,0.9985226349128218,8.528318608328663e-05,0.9985827562889426,705.094827973171,49,1176,0,68,2.166902662844675,2.188625210525883,-0.2531012778668727,4.861730429104304,14217.523151680343,0,0,10,0,0,34,2,3,89,2,2,35,0.8,0.04,smart,230,1
1176,15016.561281638385,13764.756174546823,2689,6.296266958813419e-05,10812,2708,32942,0.9011688451499252,0.3682577140739802,0.9999272756354273,13750.04983889449,1.0976474634434306,0.1790689592355605,0.9166383645620508,4097,0.9985201530082429,7.98257143042365e-05,0.9985437298333596,686.1856480698809,49,1176,1,68,2.3002191045478284,2.4591464645053622,-0.2536178481079319,5.266601265269055,15016.561281615872,0,0,10,3,3,34,5,5,89,2,2,35,0.8,0.04,smart,231,1
1176,14131.895079348385,12884.722168585526,2666,6.664877142813936e-05,10200,2608,30911,0.8960739996200755,0.36833943076101805,0.9999222937660344,12868.480369567647,1.1045486248585237,0.1886512732390685,0.9117476528264483,4097,0.9985382442875528,8.583031386981547e-05,0.9985417924392296,685.2733079815548,49,1176,1,68,2.153260124148153,2.2419283173049114,-0.2501233927452856,4.895435226943635,14131.895079333419,0,0,10,0,1,34,3,3,89,2,2,35,0.8,0.04,smart,232,1
1176,14724.696499686204,13453.087946654108,2730,6.40136194518863e-05,10618,2693,32244,0.8976027789344007,0.36831082292937467,0.9999255811968809,13436.964157253084,1.1018929702875448,0.1854028027034838,0.9136411026835632,4097,0.9985749447587307,8.200155601460503e-05,0.9986049082055548,716.2985946719427,49,1176,1,68,2.246194635363499,2.1454905591880316,-0.25800544961311045,4.907696093777752,14724.696499662465,0,0,10,1,0,34,2,0,89,2,2,35,0.8,0.04,smart,233,1
1176,14393.16380928841,13139.39870741055,2674,6.558953724910562e-05,10382,2642,31504,0.8978970697681576,0.3683188941688354,0.9999238054685516,13123.801449296667,1.102856373627734,0.18578264205360984,0.91289162560154,4097,0.9985179396254517,8.403162464365545e-05,0.9985458273965214,687.1761543034565,49,1176,1,68,2.195827073436255,2.3908555225309747,-0.2519899009298022,5.090662397826834,14393.163809272417,0,0,10,1,3,34,3,8,89,2,2,35,0.8,0.04,smart,234,1
1176,14323.994918986125,13090.93754275016,2637,6.59042443275653e-05,10327,2617,31372,0.8986364273954391,0.36830452000194136,0.9999235253400939,13075.726827816909,1.1014414528966667,0.1840966863584067,0.9139166564069653,4097,0.9984860289849582,8.423236051696618e-05,0.998507935780256,669.7123146627863,49,1176,1,68,2.187570102389746,2.2974436634475386,-0.24848345525646456,4.981980676350214,14323.99491895972,0,0,10,0,2,34,3,5,89,2,2,35,0.8,0.04,smart,235,1
1176,15612.434507471104,14357.242252081905,2737,6.0477292389451644e-05,11227,2775,34310,0.9022399502327954,0.36826598869153304,0.9999302794534505,14342.474188887007,1.0936987632477344,0.17530898199702605,0.9196030411023633,4097,0.9985692679034738,7.62532755345655e-05,0.9985926200508214,710.0400609178176,49,1176,1,68,2.402594812406084,2.1302242452513016,-0.252581124233092,5.037981306123569,15612.434507438355,1,0,10,2,0,34,4,0,89,2,2,35,0.8,0.04,smart,236,1
1176,15277.653296627557,14014.291532007472,2722,6.186564624189412e-05,10997,2746,33528,0.9014560570000056,0.36825782533418816,0.9999285710269226,13999.421271312494,1.0967583272115073,0.17816872442057996,0.917306556177776,4097,0.9985614610089792,7.834032102719444e-05,0.9986241871271523,726.3429172952373,49,1176,1,68,2.3401603369239004,2.250432328376473,-0.25808001964074284,5.10675270458186,15277.653296600103,0,0,10,1,2,34,5,3,89,2,2,35,0.8,0.04,smart,237,1
1176,14367.227593039448,13119.426469881902,2665,6.56800628436676e-05,10362,2634,31452,0.8979412588111472,0.36832108761049753,0.9999236894189327,13103.842615778643,1.1025170041512253,0.18549159764762993,0.9131494844724202,4097,0.9985538616410973,8.413371322379307e-05,0.9985697782457246,698.6921542428336,49,1176,1,68,2.1926993376286683,2.2994407355688713,-0.2507067156045473,4.993553504406634,14367.227593011308,0,0,10,1,1,34,4,5,89,2,2,35,0.8,0.04,smart,238,1
1176,14727.92381694208,13450.743084579837,2730,6.40678632673204e-05,10622,2699,32244,0.8979607433713032,0.36831269717050197,0.999925569055109,13434.77213046387,1.1023417423043111,0.1853621755470774,0.9132816853049542,4097,0.9985735898730178,8.204833747263157e-05,0.998573714244672,700.6216557545843,49,1176,1,68,2.2477753422510953,2.207941023654777,-0.25697360620449994,4.969663578314872,14727.9238169189,0,0,10,1,1,34,3,1,89,2,2,35,0.8,0.04,smart,239,1
1176,14103.987807380017,12847.958754264238,2682,6.67515526924584e-05,10184,2612,30835,0.8953013849694853,0.36835356512103423,0.9999220690917122,12831.37917945332,1.105688628244176,0.19015898458141203,0.9109451121009512,4097,0.9985580453599586,8.616731908300155e-05,0.9985806419194375,704.0437269804463,49,1176,1,68,2.145768645960362,2.187871476797427,-0.25286873624184963,4.839377595241488,14103.987807349004,0,0,10,0,1,34,1,1,89,2,2,35,0.8,0.04,smart,240,1
1176,14526.75017553921,13262.173527371924,2703,6.492895232412087e-05,10478,2666,31797,0.897552500574554,0.3683132063458079,0.9999245097101642,13246.236788274236,1.1028163622389555,0.18607052281737674,0.912948413589666,4097,0.9985425267537509,8.325192682131341e-05,0.9985709173702145,699.2494818327157,49,1176,1,68,2.215678451137326,2.3758243023552543,-0.25485729299727056,5.101217339487121,14526.750175511428,0,1,10,1,2,34,2,2,89,2,2,35,0.8,0.04,smart,241,1
1176,16532.34298492542,15268.638938516744,2756,5.7364822933386435e-05,11865,2882,36417,0.9071704257415586,0.3682040745319709,0.999934451233235,15255.317141867536,1.088248785658773,0.1667035339463369,0.9235617088539143,4097,0.998532258487711,7.133336583331715e-05,0.9985361136605367,682.6130220503005,49,1176,1,68,2.559097427699598,2.3426001556575153,-0.2525255289148467,5.406748641186807,16532.342984892934,1,0,10,2,3,34,4,6,89,2,2,35,0.8,0.04,smart,242,1
1176,14066.309867191105,12794.439954864456,2708,6.689623710530725e-05,10163,2622,30727,0.8941874606744282,0.3683809150839309,0.9999217394312615,12777.326887905989,1.107625413221699,0.19251673150726342,0.909580414171508,4097,0.9985474269389039,8.668339478833502e-05,0.9985709928301423,699.2864327063352,49,1176,1,68,2.1374089001714305,2.2661877016550718,-0.25482066907468337,4.913237939975868,14066.309867167149,0,0,10,0,1,34,2,4,89,2,2,35,0.8,0.04,smart,243,1
1176,15211.909842494711,13950.97591981207,2730,6.201100343710828e-05,10951,2736,33380,0.9003498181961732,0.36827937192024746,0.9999282440982075,13935.635907847027,1.0971067380834072,0.1794646450226586,0.9171087696588759,4097,0.998544204082369,7.872388335430398e-05,0.9985602166236919,694.0488075377705,49,1176,1,68,2.332544256094196,2.157058251673762,-0.2545152409237577,4.998632989615474,15211.90984246557,0,0,10,2,0,34,4,1,89,2,2,35,0.8,0.04,smart,244,1
1176,14741.5891798234,13472.778912723661,2712,6.40632179657852e-05,10628,2693,32287,0.8987615037752592,0.3682912991069646,0.999925693154196,13457.210238131798,1.1014099608463137,0.18396931069764683,0.913929885603084,4097,0.9985361904732316,8.184230012792916e-05,0.998536264355839,682.6833502960708,49,1176,1,68,2.2511808531344393,2.2804815064730826,-0.2558921366280703,5.043446632863662,14741.589179803557,0,0,10,1,0,34,5,6,89,2,2,35,0.8,0.04,smart,245,1
1176,14465.754610590238,13218.536672250588,2676,6.519375959775668e-05,10430,2644,31680,0.8978922255496952,0.36830691113959996,0.9999242617545692,13202.868969448602,1.1016755633859945,0.1849886211978825,0.9137813427702849,4097,0.9985327246333304,8.343897420502058e-05,0.9985463864065559,687.4406111082566,49,1176,1,68,2.2084072053157024,2.271256078426431,-0.2517551434184479,4.983173570579029,14465.754610556804,0,0,10,1,2,34,2,4,89,2,2,35,0.8,0.04,smart,246,1
1176,15042.992453657094,13734.532477510988,2798,6.269366012092359e-05,10851,2760,32929,0.8975590316524177,0.3683214704240196,0.9999271056850556,13717.990945693326,1.1027311724102382,0.18600022625948867,0.9130186377360039,4097,0.9985688365802529,8.0382833380864e-05,0.9986108362670137,719.3574331651096,49,1176,1,68,2.2977402698406912,2.2571491331920233,-0.26059178009679773,5.076072963226309,15042.992453632434,1,0,10,1,0,34,3,4,89,2,2,35,0.8,0.04,smart,247,1
1176,16886.42234239596,15623.297705945626,2768,5.616699839958476e-05,12110,2919,37233,0.9084297172545427,0.3681929483644003,0.9999359413963615,15610.205554902088,1.0860856289216243,0.1639186764297912,0.9251988010936417,4097,0.9985339196651161,6.957312882071513e-05,0.9985699945200471,698.7979002439673,49,1176,1,68,2.6171894574608476,2.1606494504482567,-0.25465107695515543,5.2871410618194155,16886.4223423661,1,0,10,2,0,34,4,3,89,2,2,35,0.8,0.04,smart,248,1
1176,17468.3792238278,16219.377619934305,2779,5.426069523033701e-05,12508,2968,38592,0.9102171830172021,0.36817188977557364,0.9999382988252133,16206.646835379646,1.0817975060689484,0.15908745536101573,0.9284992850286997,4097,0.9985028392755225,6.674817700604992e-05,0.9985188991662759,674.6733536906521,49,1176,1,68,2.7225623824047194,2.1505379654925374,-0.2482504107574795,5.369601169412216,17468.37922379373,1,0,10,4,0,34,7,2,89,2,2,35,0.8,0.04,smart,249,1
1176,14412.955705762233,13151.513030416707,2694,6.54276047527412e-05,10399,2651,31539,0.8971404608364064,0.3683252430774724,0.9999238732531103,13135.487551991337,1.1034787066227758,0.18691516542460138,0.9124785574105936,4097,0.9985223540348416,8.400424419749902e-05,0.9985539111325471,691.0203125592396,49,1176,1,68,2.197826382038984,2.288368796937846,-0.25335656111460325,4.992908301206037,14412.955705743094,0,0,10,1,1,34,3,5,89,2,2,35,0.8,0.04,smart,250,1
1176,14386.285374935502,13113.266890044159,2704,6.562483020984626e-05,10384,2659,31463,0.8969922710183669,0.36833591228220613,0.9999236509022738,13097.231725655203,1.104773237858677,0.18795678867256746,0.9115116618561412,4097,0.9985412999359454,8.434843990267226e-05,0.9985427804322607,685.738261585351,49,1176,1,68,2.1908422297764845,2.3343496056859494,-0.2558049428278258,5.036801721118086,14386.285374913345,0,0,10,0,1,34,3,6,89,2,2,35,0.8,0.04,smart,251,1
1176,14576.289199698776,13330.40253702112,2677,6.471949775840065e-05,10506,2655,31936,0.898542848838155,0.368312955398635,0.9999248990561687,13314.911877855135,1.1006381905936924,0.18365442420388592,0.9145264857462212,4097,0.9985362886745365,8.265896693074414e-05,0.9985581115761082,693.0348186805975,49,1176,1,68,2.2273370703076694,2.1683143333966535,-0.2516236779370796,4.898898759578482,14576.289199679124,0,0,10,1,0,34,3,2,89,2,2,35,0.8,0.04,smart,252,1
1176,14076.201322343048,12814.832370349326,2685,6.692197253833981e-05,10166,2614,30764,0.8952184048239672,0.3683609040433571,0.9999218673808059,12798.251786460673,1.1064377396013862,0.1907474849580419,0.9103899608204977,4097,0.9985406400028203,8.644887857028464e-05,0.9985500982517928,689.2017856035806,49,1176,1,68,2.1408759439735467,2.2005100448732247,-0.25303584553746844,4.847457679921709,14076.20132232477,0,0,10,0,0,34,1,1,89,2,2,35,0.8,0.04,smart,253,1
1176,14730.430668433097,13442.309104037784,2755,6.39950416227535e-05,10628,2708,32236,0.8969666404582376,0.3683411343535416,0.9999255195429361,13425.840800773507,1.1033954696652803,0.1870277972187119,0.912553706446905,4097,0.9985821804760433,8.218139890277293e-05,0.9985826734600537,705.0535928353786,49,1176,1,68,2.247692435157362,2.3096941688802253,-0.25748284858583126,5.07235230120925,14730.430668409977,0,0,10,1,1,34,3,4,89,2,2,35,0.8,0.04,smart,254,1
1176,14827.616538965847,13582.703095957046,2686,6.364971271009373e-05,10680,2681,32516,0.8996751912406725,0.3682783365019456,0.9999262971683541,13567.499725602334,1.0985483053108074,0.18114846664272688,0.9160408930364996,4097,0.9984980704500338,8.096612080123923e-05,0.9985292506265752,679.4253752391816,49,1176,1,68,2.2713622020087465,2.2071424889916638,-0.2503412910089593,4.979187273018328,14827.61653894411,0,0,10,1,1,34,2,2,89,2,2,35,0.8,0.04,smart,255,1
1176,14692.5999845183,13435.757081024225,2691,6.42645336738109e-05,10590,2677,32190,0.8990863702821426,0.368287206451103,0.9999254892671904,13420.385311817001,1.1006872891010056,0.1831534243657029,0.9144574204144659,4097,0.9985377629111447,8.201301650539105e-05,0.998540431701717,684.6339697624378,49,1176,1,68,2.24663441493613,2.3955568788879718,-0.25210707902567836,5.1464054518754585,14692.599984495435,0,1,10,1,2,34,5,6,89,2,2,35,0.8,0.04,smart,256,1
1176,15031.112448344702,13773.061577714703,2709,6.284405817669858e-05,10825,2715,32968,0.9003453631175482,0.36828300935271424,0.9999273174763246,13757.965570422159,1.098150200730699,0.18022618148255076,0.9163035420729261,4097,0.998543774970938,7.981632796413627e-05,0.9985529261507071,690.5496142683992,49,1176,1,68,2.303274217211975,2.236511405266307,-0.253037423659483,5.0458604697972484,15031.112448324173,0,0,10,2,1,34,3,6,89,2,2,35,0.8,0.04,smart,257,1
1176,14583.078098435059,13332.004502659329,2692,6.462062551232228e-05,10513,2660,31945,0.8978825640027435,0.3683173253348227,0.9999249061050608,13316.16176510957,1.1011168403508436,0.1845975165070867,0.9142105948188,4097,0.9985096683929529,8.26871523252852e-05,0.9985426529732846,685.6782434458102,49,1176,1,68,2.2291123823169365,2.173146775830139,-0.25100294054191413,4.9042650392309035,14583.078098410042,0,0,10,2,0,34,3,1,89,2,2,35,0.8,0.04,smart,258,1
1176,15158.199518351641,13901.841533733168,2699,6.242383419671546e-05,10912,2728,33262,0.9017607136543127,0.36826630623268874,0.9999279943281325,13887.294858829422,1.0969705417782518,0.17805544759668787,0.917116938387212,4097,0.9985367467080742,7.898810087996131e-05,0.9985367482330888,682.9092697217616,49,1176,1,68,2.3245544448249964,2.3840587069858348,-0.2533706433258777,5.215354438462587,15158.199518327141,1,0,10,1,2,34,4,6,89,2,2,35,0.8,0.04,smart,259,1
1176,15293.638160720462,14035.852878945052,2712,6.182657723380001e-05,11006,2743,33572,0.901892949105641,0.3682507704318145,0.999928681979764,14021.201615769462,1.0961297499075855,0.17732863635844262,0.917757614731212,4097,0.9985297928313174,7.817380368540589e-05,0.9985298145151211,679.6861602037338,49,1176,1,68,2.349379301888319,2.268176613717812,-0.25157956897790196,5.120715053561935,15293.638160693381,1,0,10,1,1,34,4,6,89,2,2,35,0.8,0.04,smart,260,1
1176,14867.938004254982,13612.33132700148,2712,6.339758979208864e-05,10712,2694,32595,0.8988524147401121,0.368299775572297,0.9999264551844027,13596.651497733255,1.0992701556147955,0.18240592604192096,0.915549373632432,4097,0.9985515506235006,8.08456208864655e-05,0.9985537079356721,690.9231573448802,49,1176,1,68,2.2768521858745285,2.166046022656215,-0.25170869919954764,4.946315606929838,14867.938004235566,1,0,10,1,0,34,3,2,89,2,2,35,0.8,0.04,smart,261,1
1176,14337.213010779798,13077.09174320954,2695,6.574431400425917e-05,10346,2642,31367,0.8964514793305334,0.36834004329651504,0.9999234384927872,13060.89385072468,1.1040172951522746,0.18797237635889874,0.9121083528142601,4097,0.9985799334383882,8.452522810576336e-05,0.9985911911568184,709.319390563889,49,1176,1,68,2.183056099978456,2.1987090129736875,-0.2552454324630443,4.892255977878232,14337.213010756022,0,0,10,0,1,34,3,3,89,2,2,35,0.8,0.04,smart,262,1
1176,14408.385748210048,13158.195083267854,2672,6.549155218015762e-05,10392,2641,31544,0.8979201942749098,0.36832472391056253,0.9999239144001298,13142.591481490597,1.1024033952768437,0.185447561350302,0.9132317327707925,4097,0.998518098789712,8.387702362864918e-05,0.9985411222082892,684.9582530435497,49,1176,1,68,2.1978601808003604,2.3227544220672964,-0.25254555868754547,5.0257057202427475,14408.385748188886,0,0,10,0,2,34,5,3,89,2,2,35,0.8,0.04,smart,263,1
1176,15116.978007658752,13857.803541734645,2723,6.241631684979275e-05,10885,2725,33164,0.9000764730495586,0.36828383567971507,0.9999277611222794,13842.461451219093,1.0976518481289304,0.1801285943936969,0.9167046174648023,4097,0.998546318170947,7.929313763692024e-05,0.9985680278330797,697.8374761742404,49,1176,1,68,2.3178426069303977,2.1837843042306933,-0.25307202021880926,5.00777095159871,15116.978007637337,0,0,10,2,0,34,3,2,89,2,2,35,0.8,0.04,smart,264,1
1176,14685.810513168872,13430.806094184602,2696,6.422520760805034e-05,10585,2675,32176,0.8985892241067783,0.3683011613469213,0.9999254602234607,13415.155988856413,1.1006244021084521,0.1835785636470304,0.9145430606054124,4097,0.9985526358106065,8.204029698707933e-05,0.9985984595404707,713.0005125203685,49,1176,1,68,2.2438202326571304,2.2034602737849482,-0.2537665893066957,4.95481368505547,14685.810513147297,0,0,10,1,1,34,4,1,89,2,2,35,0.8,0.04,smart,265,1
1176,14926.488294713095,13683.386745724787,2676,6.33030734985306e-05,10747,2691,32746,0.900893414158977,0.3682864961158814,0.9999268424350799,13668.626366441118,1.097566697676927,0.17927860506532062,0.9167184186632424,4097,0.9985193022987058,8.029530693968999e-05,0.9985261665611788,678.0025990798924,49,1176,1,68,2.2898603825726123,2.3642545557122934,-0.2486580348918818,5.151431008068669,14926.488294691224,0,0,10,2,3,34,4,6,89,2,2,35,0.8,0.04,smart,266,1
1176,14645.446419313917,13407.013764272468,2670,6.438916840919338e-05,10552,2656,32105,0.8990433985953747,0.3683111962515325,0.9999253293968224,13391.651087321461,1.0994001989949054,0.1823092259228708,0.9154390641579729,4097,0.9985030012777502,8.209287599274728e-05,0.9985402683334196,684.5572918273682,49,1176,1,68,2.2409750160089486,2.1555773276697616,-0.24974716414254122,4.896046671963792,14645.446419290758,0,0,10,3,0,34,3,2,89,2,2,35,0.8,0.04,smart,267,1
1176,14297.245598183059,13031.749044594055,2695,6.594707245308907e-05,10320,2642,31268,0.8964575473319641,0.3683439180627121,0.9999231715426643,13015.510397535993,1.1048619933055932,0.18849784607060885,0.911486688474469,4097,0.9985849679743227,8.488484251457052e-05,0.9985984964408169,713.0192983624723,49,1176,1,68,2.1770929108412136,2.3140675458418203,-0.25441144258809584,4.999983341859225,14297.245598164338,0,0,10,0,2,34,3,5,89,2,2,35,0.8,0.04,smart,268,1
1176,16593.796622980924,15320.600391601798,2785,5.706167120330849e-05,11911,2896,36546,0.9062998779728914,0.3682021106585995,0.9999346716503289,15306.790091956876,1.0886852418251314,0.1678338033951208,0.9232727590733598,4097,0.9985109074860188,7.112201016005178e-05,0.9985138264001667,672.3687792031518,49,1176,1,68,2.5714967778501565,2.4335495288217306,-0.25057747775417083,5.5062012621802285,16593.796622953443,2,0,10,3,4,34,6,7,89,2,2,35,0.8,0.04,smart,269,1
1176,15172.962608898986,13911.842285457204,2725,6.220281588463395e-05,10924,2732,33290,0.9004281065883315,0.3682792347024765,0.9999280425251151,13896.596877962109,1.0973917322721638,0.17959577639779983,0.9168837124331848,4097,0.9985315888675242,7.8965538013965e-05,0.998547257331278,687.8530342507911,49,1176,1,68,2.3260084426759557,2.1659902103968247,-0.25442737516021663,5.000853403393213,15172.962608876695,0,0,10,2,0,34,5,2,89,2,2,35,0.8,0.04,smart,270,1
1176,14673.017805688834,13412.851734884249,2702,6.43036694156236e-05,10578,2678,32140,0.8984179664503701,0.3683079228425882,0.9999253602204033,13397.181570600107,1.1011933072448366,0.18414753091572036,0.9141167762833349,4097,0.998530348482285,8.219282574634973e-05,0.9985666875645989,697.1844712846075,49,1176,1,68,2.2416063887728224,2.251712619027305,-0.2538048026664146,5.000928613132956,14673.017805662712,0,0,10,1,1,34,4,5,89,2,2,35,0.8,0.04,smart,271,1
1176,14372.199853996744,13114.12771340195,2693,6.555994448723191e-05,10370,2643,31450,0.8966965018102295,0.3683387970757569,0.9999236549178191,13097.920631006446,1.10353789542835,0.18737562985189823,0.9124648868388133,4097,0.998568829644443,8.424969131652402e-05,0.998581923763341,704.6805865238385,49,1176,1,68,2.1912492021994616,2.196219475465701,-0.2530024736456901,4.893473624956544,14372.199853969492,0,0,10,1,0,34,3,2,89,2,2,35,0.8,0.04,smart,272,1
1175,15686.265036718418,14425.405803333746,2756,6.013655471735187e-05,11280,2787,34472,0.9018375041329623,0.3682671989743732,0.9999306078989804,14410.362114056838,1.0937101725300757,0.17569510610389114,0.9196201753296115,4097,0.9985783001061352,7.589484677893954e-05,0.9985838499781401,705.6397573152567,49,1176,0,68,2.4162287891895953,2.14412036169303,-0.2537737702475987,5.067896691377824,15686.265036693516,0,0,10,4,0,34,5,0,89,2,2,35,0.8,0.04,smart,273,1
1176,16084.8184894451,14817.113735395087,2768,5.877081440304246e-05,11557,2836,35381,0.9039856942283357,0.3682291045806858,0.9999324470850152,14802.71019224965,1.09152453234861,0.17208773613555967,0.9211862567873002,4097,0.9985266873630961,7.373566393765534e-05,0.9985287660700695,679.2014391429658,49,1176,1,68,2.4827467810028128,2.2579247683513155,-0.2527665675373223,5.246204684428773,16084.818489415995,1,0,10,4,1,34,6,4,89,2,2,35,0.8,0.04,smart,274,1
1176,15199.885317249637,13940.692513963328,2724,6.209505927445773e-05,10942,2734,33355,0.9005699771436922,0.3682748389241973,0.9999281918746258,13925.500635149994,1.0970194612869117,0.17921187845467887,0.917157743166831,4097,0.9985298285104117,7.877491101434971e-05,0.9985414382425696,685.1067749567069,49,1176,1,68,2.3328651053965723,2.2266991625248274,-0.25214940433513233,5.063863076591664,15199.885317222423,0,0,10,2,0,34,6,4,89,2,2,35,0.8,0.04,smart,275,1
1176,14343.029477776088,13089.271305819613,2684,6.569217379908307e-05,10348,2636,31388,0.8968256527755771,0.36833235602367936,0.9999235102717892,13073.15084048938,1.1033649158898242,0.18712922567430704,0.9125876319295642,4097,0.9985271150016201,8.439608253412408e-05,0.9985729210991641,700.2319844615321,49,1176,1,68,2.1861430185103012,2.2171389526229217,-0.253147708998661,4.909577389130545,14343.029477752698,0,0,10,1,2,34,2,2,89,2,2,35,0.8,0.04,smart,276,1
1176,16115.775191921573,14829.670342650452,2801,5.864682817536749e-05,11585,2856,35429,0.9031891923376171,0.36823799554322345,0.9999325025138355,14814.866563175847,1.0928624744757847,0.17380485683394675,0.9201959053191675,4097,0.9985599357218289,7.376546975077406e-05,0.9985663882505913,697.0388064581313,49,1176,1,68,2.485013955994692,2.2016016650747785,-0.25576413786366764,5.1981438967968066,16115.775191887156,1,0,10,1,0,34,3,3,89,2,2,35,0.8,0.04,smart,277,1
1176,14909.484103501682,13658.30714699223,2687,6.338820784965461e-05,10738,2696,32696,0.9005363389675798,0.3682906498973329,0.999926707284645,13643.420745868083,1.098426055365798,0.18022085682823352,0.9160818075378211,4097,0.9985809411362274,8.050662821465311e-05,0.9986028840285757,715.2600783889852,49,1176,1,68,2.2820725595469202,2.3189406475909804,-0.2535539886644101,5.108121184466721,14909.484103482622,0,0,10,1,2,34,5,4,89,2,2,35,0.8,0.04,smart,278,1
1176,14471.057200233652,13208.726208782196,2707,6.509987916945273e-05,10440,2657,31672,0.8967433438600134,0.3683334406505683,0.9999242019419102,13192.45011934024,1.103126707301381,0.187063043324595,0.9127685715020826,4097,0.998550272823105,8.36148622404923e-05,0.9985632778097062,695.5286648441181,49,1176,1,68,2.206778344342686,2.2091772464165103,-0.2542858053536146,4.924527201466426,14471.057200214247,0,0,10,1,1,34,3,2,89,2,2,35,0.8,0.04,smart,279,1
1176,14340.036116461995,13093.225403069684,2677,6.567568091445974e-05,10344,2630,31391,0.8968543882471081,0.3683314667374579,0.9999235335947748,13077.138429161763,1.1027401805677597,0.18668014349886278,0.9130538651878983,4097,0.9985417079277733,8.432257750549056e-05,0.9985618972607364,694.8604914507528,49,1176,1,68,2.1871412405574207,2.126315338341556,-0.25164041189727154,4.81673740269352,14340.03611643359,0,0,10,0,0,34,4,0,89,2,2,35,0.8,0.04,smart,280,1
1176,14339.801975421226,13092.434418271754,2667,6.578710943789561e-05,10343,2631,31389,0.8975915312195982,0.3683130561635983,0.9999235312884556,13076.744003668895,1.1027215335907528,0.1859858319223169,0.9130136134873068,4097,0.9985394768584684,8.432369486612388e-05,0.998543803074321,686.2201856615743,49,1176,1,68,2.1872849214510484,2.2088939490191906,-0.25145691110013524,4.899092692670509,14339.80197540096,0,0,10,0,1,34,3,3,89,2,2,35,0.8,0.04,smart,281,1
1176,14921.071630020098,13661.979859109499,2704,6.329265209567729e-05,10749,2704,32713,0.8999560831001723,0.3682886765981653,0.9999267252475544,13646.76547927236,1.0990920600094072,0.18122022781257555,0.9156165319669534,4097,0.9985419275275489,8.053569861219137e-05,0.9985494342451404,688.8860696610949,49,1176,1,68,2.284375493705462,2.2314919083829685,-0.2532217222809926,5.022310846650416,14921.071630000355,0,0,10,1,2,34,4,4,89,2,2,35,0.8,0.04,smart,282,1
1176,16602.167683211872,15353.858656603014,2740,5.707652727070455e-05,11908,2875,36598,0.9076728608647106,0.3681947956062571,0.9999348159334958,15340.672364274387,1.0866265613526918,0.16503868966283786,0.9248104795453217,4097,0.9985039863124439,7.08307380407157e-05,0.9985111663408541,671.1665820930233,49,1176,1,68,2.5748738513773297,2.5204309018585183,-0.24862405392583972,5.592552861087527,16602.167683182637,1,1,10,3,2,34,6,5,89,2,2,35,0.8,0.04,smart,283,1
1176,14818.24698490106,13544.625584282485,2734,6.362442908354344e-05,10683,2705,32457,0.8981081587469406,0.3683199380865273,0.9999260852958722,13528.607791815868,1.1013153568984444,0.1845022560891169,0.9140504675137132,4097,0.9985468444486927,8.140339875686614e-05,0.9985839641571527,705.6966953988627,49,1176,1,68,2.2641531474317413,2.1784714252611708,-0.2559568840097701,4.954538340712452,14818.246984876087,0,0,10,2,0,34,5,2,89,2,2,35,0.8,0.04,smart,284,1
1176,14853.472358179553,13595.560375979869,2697,6.360152385777135e-05,10702,2696,32559,0.8998846793720259,0.36829991886869456,0.999926367194127,13580.403072912923,1.0994946407261335,0.18157370444863072,0.9153119249246138,4097,0.9985554854000691,8.095887543946848e-05,0.9985641411355444,695.9471598314854,49,1176,1,68,2.2709976508756293,2.2471691383690517,-0.25510309030753564,5.028372969859753,14853.47235815701,0,1,10,2,1,34,4,1,89,2,2,35,0.8,0.04,smart,285,1
1176,14639.592218191747,13396.16956242343,2674,6.444248098645453e-05,10549,2660,32085,0.89903586887544,0.3682879136324675,0.9999252689025214,13380.810234621915,1.0998940716783279,0.182655360897087,0.9150643926937262,4097,0.9985260532613672,8.21962910868926e-05,0.9985435172497099,686.0854215530343,49,1176,1,68,2.2397459636645514,2.174343960809841,-0.24998060405171732,4.9140511325778276,14639.59221817166,0,0,10,2,1,34,3,2,89,2,2,35,0.8,0.04,smart,286,1
1176,13972.417682799458,12715.408614550677,2687,6.728146327490655e-05,10094,2598,30531,0.8939884642075043,0.36838712717571603,0.9999212524084923,12698.301072349705,1.107033322141688,0.19230744893260615,0.9100363947897003,4097,0.9985343190416497,8.717620783764302e-05,0.998578393299225,702.9293176314195,49,1176,1,68,2.123892705961283,2.181575960410728,-0.25236880471456247,4.810206275801136,13972.41768277397,0,0,10,0,1,34,0,1,89,2,2,35,0.8,0.04,smart,287,1
1176,14212.333174588777,12943.954377340395,2712,6.619504641647308e-05,10263,2634,31068,0.8948171363311225,0.3683713764756415,0.99992264545266,12926.988219994671,1.105990899627303,0.19082018178753185,0.9107550617011846,4097,0.9985331002287908,8.555342540313233e-05,0.9985809651972597,704.2042328664155,49,1176,1,68,2.162295253260434,2.1796630116048172,-0.2547682118012721,4.851494688467795,14212.33317456283,0,0,10,0,0,34,2,2,89,2,2,35,0.8,0.04,smart,288,1
1176,15956.800587585582,14676.857362109075,2805,5.9069966244153116e-05,11474,2832,35070,0.9015888768436381,0.3682603706377248,0.9999317958936508,14661.37379528247,1.0935234206933697,0.17578711876504208,0.9197869761891801,4097,0.9985647729665245,7.458278768044307e-05,0.9986097876460487,718.8144529238135,49,1176,1,68,2.4572956831707122,2.183987440483492,-0.2564459133521735,5.154174950358552,15956.80058755457,0,0,10,4,0,34,6,2,89,2,2,35,0.8,0.04,smart,289,1
1176,14704.594817603509,13444.223936826458,2688,6.429018876502946e-05,10599,2682,32213,0.8995899646279156,0.3682799952633754,0.9999255375494269,13429.087555093218,1.100868409326255,0.1828000045796623,0.9142872757521883,4097,0.998533454992147,8.197335951724839e-05,0.9985335623095852,681.4245217178989,49,1176,1,68,2.248357205759981,2.591413636937127,-0.2524242258003886,5.344619294297885,14704.594817574973,0,1,10,1,5,34,4,9,89,2,2,35,0.8,0.04,smart,290,1
1176,16141.801873417717,14902.37362247639,2715,5.863616018448729e-05,11587,2818,35550,0.9059962230569059,0.36820473513024515,0.9999328377873488,14888.824817466922,1.08877443767679,0.16819683584836065,0.9232162393851201,4097,0.9984946576743977,7.312450031277527e-05,0.9985257683248502,677.8193141278131,49,1176,1,68,2.4958543870380097,2.2123749459069533,-0.2493500131991203,5.206929359343204,16141.801873394323,1,0,10,4,1,34,7,3,89,2,2,35,0.8,0.04,smart,291,1
1176,15054.642928688396,13802.683202276052,2692,6.27957678818244e-05,10839,2712,33030,0.9012383413812057,0.36825889041512194,0.999927475667301,13787.975706657402,1.0973787067466145,0.17881526733989,0.9168389624156023,4097,0.9985709325269666,7.95866584249887e-05,0.9985773282801393,702.4027267876123,49,1176,1,68,2.3052216361792217,2.1653507786153288,-0.2550917870630564,4.980755988920663,15054.642928664594,0,0,10,1,1,34,6,2,89,2,2,35,0.8,0.04,smart,292,1
1176,14706.88044743302,13432.62371067629,2732,6.409873809239833e-05,10607,2693,32200,0.8974973991371816,0.3683176533299976,0.9999254674743373,13416.461127315764,1.1022804625982188,0.18576339215954193,0.9133564224370135,4097,0.9985522397220494,8.215574686610336e-05,0.9985581695867927,693.0627224084757,49,1176,1,68,2.246613649085183,2.3974679207185194,-0.25455649503189376,5.15319455986749,14706.88044740841,0,0,10,1,3,34,3,5,89,2,2,35,0.8,0.04,smart,293,1
1176,14552.277414639126,13312.264025714441,2662,6.485795810688359e-05,10488,2647,31888,0.899019801946389,0.36830613417806946,0.9999247980063402,13297.01979783822,1.100252569154908,0.18292669416280596,0.9147890496042035,4097,0.9984734674428697,8.274118672997094e-05,0.9985131689155339,672.0712329317927,49,1176,1,68,2.2260668155911567,2.2336705329070603,-0.248810295738125,4.957357939974467,14552.277414616176,0,0,10,1,1,34,4,4,89,2,2,35,0.8,0.04,smart,294,1
1176,14520.953256335039,13264.017775169359,2687,6.499008730359301e-05,10472,2659,31794,0.8981331038591513,0.36831057833670905,0.9999245218235822,13248.362743971158,1.1021151870435018,0.18504294811552718,0.9134398782932989,4097,0.9985352862983076,8.318564452064874e-05,0.9985691998780095,698.4095219586595,49,1176,1,68,2.2163158697980134,2.4766931738914266,-0.2532340037245885,5.199477051138617,14520.9532563129,0,1,10,1,1,34,3,2,89,2,2,35,0.8,0.04,smart,295,1
1176,14361.672279884779,13077.63086299861,2724,6.569791363529342e-05,10371,2665,31392,0.8961108586664157,0.36833200348648537,0.9999234402056215,13061.18606681333,1.1060811750913964,0.18967150530340984,0.9105924858984131,4097,0.998566785290302,8.468134733094573e-05,0.9985882884744595,707.8598991106348,49,1176,1,68,2.1838704731180716,2.5731080910707202,-0.2585907989667776,5.274160162122347,14361.672279858913,0,0,10,0,3,34,2,6,89,2,2,35,0.8,0.04,smart,296,1
1176,14950.504902286966,13687.810791797729,2715,6.315280107568324e-05,10771,2710,32776,0.8996613860936518,0.3682763777356203,0.9999268629521009,13672.460944956692,1.0992085221589751,0.1815992180695308,0.9155417078726161,4097,0.9985043633759313,8.039286633652004e-05,0.9985217381473334,675.9700150765104,49,1176,1,68,2.2901371311609364,2.273974060906708,-0.2524657433731659,5.069042678813976,14950.504902260524,0,0,10,1,1,34,3,5,89,2,2,35,0.8,0.04,smart,297,1
1176,15906.38801693853,14640.479574333232,2734,5.9578059812359206e-05,11432,2816,34973,0.9048753185072262,0.36823333610276254,0.9999316338564606,14626.62313198613,1.0924584075214547,0.1718806304164462,0.9204150910151792,4097,0.998537672251608,7.468716829973057e-05,0.9985515387813804,689.8877108905896,49,1176,1,68,2.4544693364024193,2.794405821732367,-0.2506986936845964,5.750272545503979,15906.388016911651,1,0,10,5,4,34,6,7,89,2,2,35,0.8,0.04,smart,298,1
1176,14298.124825409186,13040.299290457378,2690,6.588620084230711e-05,10318,2635,31280,0.896332580899427,0.3683420642156817,0.9999232216168229,13023.999320363251,1.1041504518186833,0.18813655866394474,0.9120286366001976,4097,0.9985505779534422,8.47748864749462e-05,0.9985713881055558,699.4800531478724,49,1176,1,68,2.1781193273836585,2.1576744472908485,-0.2535345544843685,4.842862883643243,14298.124825383999,0,0,10,0,0,34,3,1,89,2,2,35,0.8,0.04,smart,299,1
1176,14515.502824775285,13276.17859119384,2666,6.495042775528793e-05,10462,2642,31805,0.8984298361089463,0.3682941942069482,0.9999245917493079,13260.648353772647,1.1005325749005894,0.18366570088427317,0.9146206474180042,4097,0.9985513089662048,8.298923630296682e-05,0.9985777413572563,702.6068761041937,49,1176,1,68,2.2194632596855848,2.2003172298581237,-0.2491596696950483,4.918099828933805,14515.502824758123,0,0,10,1,1,34,2,4,89,2,2,35,0.8,0.04,smart,300,1
1176,17715.5305117005,16468.387574665954,2780,5.3533454757453046e-05,12679,2992,39164,0.9113389691986454,0.36814150807836404,0.9999392335839727,16455.95843657632,1.0803473982198244,0.1569244566604373,0.9296017166287597,4097,0.9985243026007985,6.564883945427033e-05,0.9985317633392496,680.5889871893665,49,1176,1,68,2.759082856896163,2.1657211434433443,-0.25376246821738124,5.432328936774271,17715.530511667643,0,0,10,4,1,34,8,2,89,2,2,35,0.8,0.04,smart,301,1
1176,14495.024396160012,13226.662801221608,2712,6.503352897536881e-05,10458,2665,31719,0.8969424102522562,0.36832980666225473,0.9999243052677286,13210.458933532129,1.1034704234968058,0.18709868475409097,0.9124967602486812,4097,0.9985197107856546,8.352689827615192e-05,0.9985715790453451,699.5736208660892,49,1176,1,68,2.2094807552291,2.209691728907851,-0.255659448195653,4.930491380528257,14495.024396137547,0,0,10,0,1,34,4,3,89,2,2,35,0.8,0.04,smart,302,1
1176,14260.13418723919,13007.317591414925,2678,6.609652234634696e-05,10290,2627,31199,0.8965764290508376,0.368337462737585,0.9999230278934951,12991.219272257129,1.10396554858447,0.18779626929432633,0.9121455254645949,4097,0.9985369673342007,8.497455378336018e-05,0.9985647898330534,696.2619455705633,49,1176,1,68,2.1724712378125965,2.2602740914786588,-0.2527216511697458,4.938188631630747,14260.134187216174,0,0,10,0,1,34,2,3,89,2,2,35,0.8,0.04,smart,303,1
1176,14629.625571966842,13377.682621849188,2696,6.441409360021273e-05,10546,2666,32051,0.8980034420481542,0.3683029927955764,0.9999251628745353,13361.851818341416,1.1008237755174166,0.18428359541655331,0.9144241290415104,4097,0.9985480006470516,8.238248700329659e-05,0.9985756101712598,701.554880362415,49,1176,1,68,2.2357211583684387,2.145275871311089,-0.25231040148460915,4.885617832648745,14629.625571935921,0,0,10,1,0,34,3,2,89,2,2,35,0.8,0.04,smart,304,1
1176,16551.769064635846,15277.716056452897,2788,5.718278276008092e-05,11882,2892,36448,0.9059219911147446,0.36820593308180577,0.9999344875048887,15263.763678905088,1.0890278785116705,0.1684412094630284,0.9230261730206795,4097,0.9985136916734377,7.134493356736892e-05,0.9985233596838734,676.7128643915689,49,1176,1,68,2.5631749847184455,2.3000595696423267,-0.2517517269491317,5.366738008259036,16551.769064605352,1,0,10,2,2,34,4,5,89,2,2,35,0.8,0.04,smart,305,1
1176,20224.08961156457,18902.440750131453,2994,4.697706902751592e-05,14440,3326,44843,0.9155339851747282,0.3681147958960492,0.9999470638469979,18890.181378519897,1.0738482065759782,0.1480412744160294,0.9346497722855535,4097,0.998544170638613,5.684539296429965e-05,0.9985557108718971,691.8820214287322,49,1176,1,68,3.185906310757512,2.2473777830446076,-0.25356471160912936,5.940413517020378,20224.08961151585,1,0,10,2,1,34,4,4,89,2,1,35,0.8,0.04,smart,306,1
1176,14794.889889705893,13531.255332060411,2715,6.375552386290671e-05,10664,2694,32416,0.8986198218333361,0.36830212852235017,0.9999260138015419,13515.534346730465,1.1005550303101808,0.18350930762175285,0.9145897964049936,4097,0.9985290389319138,8.142588288658432e-05,0.99857533922529,701.4213615569251,49,1176,1,68,2.2616664866619027,2.193192436393569,-0.2544712496791594,4.96380142241379,14794.889889685444,0,0,10,1,1,34,3,2,89,2,2,35,0.8,0.04,smart,307,1
1176,14531.61211801528,13290.765987514043,2655,6.500776821406006e-05,10473,2646,31840,0.8993980370882946,0.36828293275159585,0.999924677287422,13275.708002879639,1.1004586943700465,0.18270512441689218,0.9146105662314697,4097,0.9985388793895691,8.288953394019975e-05,0.9985396246745759,684.2553534602723,49,1176,1,68,2.2198701021289144,2.222921903676376,-0.2514925029716271,4.945777011748545,14531.612117991186,0,0,10,0,2,34,5,5,89,2,2,35,0.8,0.04,smart,308,1
1176,14261.880138403169,13014.094090905115,2666,6.612062922873156e-05,10290,2623,31209,0.8971017629419102,0.36832283913638914,0.9999230694598982,12998.238838738991,1.1034372972799742,0.18693187532976271,0.9125090075509664,4097,0.9985529269097554,8.488802724823095e-05,0.9985694796443709,698.5462074940483,49,1176,1,68,2.174015685062978,2.3538949310970456,-0.25147413438916333,5.03085888493835,14261.880138378592,0,1,10,0,1,34,3,6,89,2,2,35,0.8,0.04,smart,309,1
1176,19743.183351460983,18424.044574352523,2982,4.805365050398662e-05,14107,3272,43738,0.9139008109981424,0.3681321969973889,0.9999456871069572,18411.33453376366,1.0757470967209388,0.15103947255695896,0.9331851022388017,4097,0.9985169741400525,5.842693700565177e-05,0.9985620381204691,694.9286075309606,49,1176,1,68,3.10359411031163,2.1609688045781548,-0.2540901331276046,5.772743181144994,19743.1833514227,1,0,10,2,0,34,4,3,89,2,1,35,0.8,0.04,smart,310,1
1176,14478.291318446314,13217.118405942074,2709,6.502928985958317e-05,10444,2657,31690,0.8965783494133142,0.36834264038674014,0.999924249566166,13200.74451977505,1.1029789276012243,0.18710771460638814,0.9128921441926354,4097,0.9985830386096816,8.355113227614197e-05,0.9985948145631226,711.1497289930485,49,1176,1,68,2.208564130046832,2.1320009696843876,-0.2537303118618833,4.848025723454986,14478.291318423246,0,0,10,1,0,34,2,0,89,2,2,35,0.8,0.04,smart,311,1
1176,15261.857223626675,14006.71678403488,2713,6.190219133531893e-05,10984,2737,33503,0.9014586934448473,0.3682620123344534,0.9999285326145834,13991.896584045064,1.0961604896479205,0.17776342421812472,0.9177596526293844,4097,0.9985284769188403,7.833972419233542e-05,0.9985522310934014,690.2178491305568,49,1176,1,68,2.3422912519480694,2.1462551498314486,-0.25326269764430326,4.995071797068124,15261.85722360315,0,0,10,2,0,34,5,0,89,2,2,35,0.8,0.04,smart,312,1
1175,15071.354476165721,13814.908136813778,2711,6.26681152902721e-05,10852,2718,33062,0.9004034630343041,0.3682879270166328,0.9999275379218536,13799.821839271823,1.0977090347971485,0.1798776615789413,0.91663348232311,4097,0.9985635182219116,7.954227786159345e-05,0.9985820598916987,704.7482869201865,49,1176,0,68,2.3090217565385185,2.2608289057940634,-0.25631517557165456,5.082481013475891,15071.354476147266,0,0,10,1,1,34,5,3,89,2,2,35,0.8,0.04,smart,313,1
1176,14368.13199377643,13097.79577045015,2712,6.557992920092545e-05,10371,2653,31425,0.8961263061873559,0.36834540947676714,0.9999235580154043,13081.316292479374,1.10475793466195,0.1887510499746735,0.9115865427825602,4097,0.998554291483526,8.444988902369775e-05,0.9985741187973193,700.8205788609541,49,1176,1,68,2.1890441985624487,2.2483117852217136,-0.25451566432090256,4.946387312425967,14368.131993754105,0,0,10,0,0,34,3,3,89,2,2,35,0.8,0.04,smart,314,1
1176,14750.660042705242,13489.347598866088,2709,6.39510238968098e-05,10632,2687,32317,0.8985667142260018,0.36829607875700276,0.9999257838994658,13473.665205982568,1.10068666175163,0.18365279873287452,0.9144911183508077,4097,0.998552614453169,8.168867194535784e-05,0.9985535083205335,690.8277412567378,49,1176,1,68,2.254584573347883,2.2035953823594348,-0.2540310801699159,4.966242116047149,14750.660042684656,0,0,10,1,1,34,6,3,89,2,2,35,0.8,0.04,smart,315,1
1176,14895.11670016588,13657.999936109258,2674,6.336945298964782e-05,10724,2682,32682,0.9004538200431187,0.368281859889533,0.9999267054354611,13643.076516811114,1.097303535552601,0.17952192344825477,0.9169448088954654,4097,0.9985183853504235,8.04263848053102e-05,0.9985379004865115,683.4478520440076,49,1176,1,68,2.282580150354994,2.203604315827844,-0.2506029619142244,4.987390390011287,14895.116700143006,0,0,10,1,1,34,5,1,89,2,2,35,0.8,0.04,smart,316,1
1176,14086.602717213464,12818.824883368743,2692,6.689980998386685e-05,10175,2621,30780,0.8952124328927321,0.36834430998544626,0.9999218915785762,12802.216803946316,1.1069618088403401,0.19110356514210808,0.910001164986677,4097,0.9985361235351711,8.64630394648351e-05,0.9985624951216849,695.1496932702944,49,1176,1,68,2.1414772249565095,2.305670125811941,-0.2542035092587976,4.9555543692860455,14086.602717186006,0,0,10,0,2,34,1,3,89,2,2,35,0.8,0.04,smart,317,1
1176,14055.016824023947,12797.717598169122,2679,6.702342627173148e-05,10150,2608,30721,0.895233034441017,0.3683545871130255,0.9999217630789644,12781.189083022446,1.1062254113397936,0.1906080962792475,0.910544452447346,4097,0.9985327257233059,8.654767015481766e-05,0.9985555770000126,691.8178501172522,49,1176,1,68,2.138249788541275,2.2882476699911716,-0.25205919513231345,4.930615848797074,14055.0168240007,0,0,10,0,1,34,1,6,89,2,2,35,0.8,0.04,smart,318,1
1176,14459.381878911774,13215.486278199774,2676,6.516148930730974e-05,10425,2640,31669,0.8976287378999419,0.36832974089879855,0.9999242432449064,13199.642987720468,1.1014546417170432,0.18507015185087553,0.9139731137106107,4097,0.998519714237842,8.34426295396692e-05,0.998550841440574,689.5554934886881,49,1176,1,68,2.2087335441209457,2.195784735612377,-0.2503450067115817,4.905208293156486,14459.381878895261,0,0,10,0,0,34,3,4,89,2,2,35,0.8,0.04,smart,319,1
1176,15170.45939391397,13899.346298197179,2749,6.215834869286318e-05,10926,2741,33271,0.8994478544107676,0.3683053567083295,0.9999279754005991,13883.645248781388,1.0983506122423292,0.1812074327230218,0.9162112983719707,4097,0.9985606539309305,7.910826284873029e-05,0.9985829647334151,705.1986203024935,49,1176,1,68,2.323991290505111,2.21472747126858,-0.2560188104963497,5.05075638276639,15170.459393888588,0,0,10,2,1,34,6,1,89,2,2,35,0.8,0.04,smart,320,1
1176,15980.283314497732,14722.19773291257,2741,5.9191885288817036e-05,11481,2817,35153,0.9044530451253012,0.36823525321104456,0.9999320125395009,14708.09467722585,1.0913803623790908,0.1715238676346428,0.9212726359836315,4097,0.9985948492748028,7.420017927711767e-05,0.9985959446015692,711.7224925891252,49,1176,1,68,2.4621300767758068,2.2204950215420993,-0.2556051807876032,5.193835459893113,15980.28331447285,0,0,10,3,2,34,5,2,89,2,2,35,0.8,0.04,smart,321,1
1175,14692.463761773966,13440.676969436212,2678,6.432982557065012e-05,10588,2673,32196,0.8996691269893016,0.36830189525790313,0.9999255182646344,13425.61036959432,1.1001803276383058,0.1822703151371706,0.9148007568618557,4097,0.9985355317712279,8.194334001802828e-05,0.9985675111532535,697.5855949745056,49,1176,0,68,2.2471536899092563,2.432454102892402,-0.2536912057077947,5.186990204217247,14692.463761750174,0,0,10,1,4,34,2,6,89,2,2,35,0.8,0.04,smart,322,1
1176,16877.515937549346,15588.943072550643,2842,5.599147633025326e-05,12113,2939,37179,0.9054181430980195,0.3682054297245946,0.999935794541145,15574.499657193297,1.0882601854244045,0.16838970915601842,0.9236515095132058,4097,0.9985501606253943,6.98722445587884e-05,0.9985609594865895,694.4073483247178,49,1176,1,68,2.6164717821478938,2.2551957319825684,-0.25385405756617296,5.3793756292628085,16877.51593751871,1,0,10,2,1,34,4,2,89,2,2,35,0.8,0.04,smart,323,1
1176,15208.471909414935,13944.30053996956,2726,6.209375332751582e-05,10950,2739,33368,0.900775132671405,0.36828878169256823,0.9999282107598512,13929.16407636161,1.0973761794624526,0.17924220238802863,0.916877160507968,4097,0.9985580533702193,7.877980208130377e-05,0.9985973089575125,712.4152504957201,49,1176,1,68,2.3342256483995825,2.3368621239613696,-0.2522491661215406,5.175586104604033,15208.471909384203,1,0,10,1,2,34,4,3,89,2,2,35,0.8,0.04,smart,324,1
1176,14493.063256080215,13227.95515910525,2709,6.50370026945038e-05,10456,2663,31719,0.8969486092467027,0.36833039569802045,0.9999243127404731,13211.763276189988,1.1031856471686363,0.18691700657992397,0.9127094062434165,4097,0.9985376197861733,8.349709838374958e-05,0.9985475233694165,687.9791142306672,49,1176,1,68,2.211465247670637,2.2521257395706162,-0.2533414285300613,4.970273844301376,14493.063256060106,0,0,10,1,0,34,2,4,89,2,2,35,0.8,0.04,smart,325,1
1176,14499.169414159169,13253.226280360619,2681,6.499391632391679e-05,10453,2646,31758,0.8977128339583464,0.3683216507419424,0.9999244593831231,13237.411482169398,1.1013163024324208,0.1849071435348475,0.9140679649841305,4097,0.9985295524797293,8.319411286268894e-05,0.9985595431454345,693.7240746720066,49,1176,1,68,2.214420769984975,2.210297822445369,-0.2514243684732968,4.927567329376937,14499.169414134638,0,0,10,1,1,34,4,1,89,2,2,35,0.8,0.04,smart,326,1
1176,14376.336802618509,13114.925908167914,2693,6.559906421875055e-05,10373,2647,31455,0.8969487641104907,0.3683382027051274,0.9999236604156231,13098.863949598806,1.1037859278357784,0.1873217104589186,0.912257836487189,4097,0.998517709002152,8.426255897207284e-05,0.9985474704850664,687.954047763535,49,1176,1,68,2.192528030858144,2.2790574884319628,-0.2524272076783533,4.976439934646813,14376.336802594602,0,0,10,1,1,34,1,5,89,2,2,35,0.8,0.04,smart,327,1
1176,15338.901118105265,14101.14814724307,2693,6.156963628796904e-05,11031,2730,33703,0.9022426177068558,0.3682523805044103,0.9999290132238343,14086.630781176325,1.094084619462677,0.1755666836408065,0.9193062813736237,4097,0.9985182622971955,7.766553998847396e-05,0.9985346839968037,681.9465294572728,49,1176,1,68,2.359279475289214,2.4870364483978036,-0.24937717744534343,5.345070278577704,15338.901118079197,0,1,10,3,2,34,6,2,89,2,2,35,0.8,0.04,smart,328,1
1176,14165.011720466126,12925.319934730636,2647,6.658103142597886e-05,10220,2605,30997,0.8971840294238459,0.3683253891092515,0.999922541324188,12909.609668375886,1.1034659799662887,0.18686888879700098,0.9124821207211331,4097,0.9985056534173988,8.547301361194183e-05,0.9985251369588074,677.5289360218629,49,1176,1,68,2.159540418928172,2.5058527089826557,-0.2494751797871468,5.164343487485121,14165.011720446075,0,1,10,0,2,34,2,4,89,2,2,35,0.8,0.04,smart,329,1
1176,15318.6758511644,14050.969306367053,2733,6.169041409637012e-05,11027,2754,33617,0.9012803379711312,0.36825981654516243,0.999928757218575,14036.009798956424,1.0968478550571246,0.17840967630320737,0.9172443782273135,4097,0.9985382193907099,7.814249199468068e-05,0.9985628064326458,695.3003782260565,49,1176,1,68,2.350464113613701,2.164262065890182,-0.2547528678727438,5.024231915249371,15318.675851140293,0,0,10,3,0,34,3,2,89,2,2,35,0.8,0.04,smart,330,1
1176,16793.087143561545,15543.701213862045,2770,5.630961740214122e-05,12042,2896,37036,0.9070527711654733,0.36819959597918633,0.9999356109311177,15530.086433586233,1.0856624343405687,0.16494882544940617,0.9256011763043513,4097,0.9985179795897067,6.990479326770248e-05,0.9985405962711968,684.7112288367169,49,1176,1,68,2.607735893289575,2.147980004821059,-0.24823130799161194,5.252178514093858,16793.08714353338,1,0,10,4,0,34,7,1,89,2,2,35,0.8,0.04,smart,331,1
1176,14072.55759662047,12785.645582361944,2736,6.683914264222762e-05,10173,2635,30722,0.8932359397622187,0.3683742721846431,0.999921682518579,12768.041344095165,1.1091004306484313,0.19442094880159178,0.9085516612440386,4097,0.9985370491087563,8.686195237138959e-05,0.9985766000166958,702.0430959465245,49,1176,1,68,2.1357813377228827,2.2905149087636434,-0.25751077054204197,4.94131778757061,14072.557596597757,0,0,10,0,1,34,2,5,89,2,2,35,0.8,0.04,smart,332,1
1176,15365.003044215578,14103.710995207395,2716,6.157946000340418e-05,11057,2754,33732,0.9023116551560401,0.36825468126165223,0.9999290261641025,14089.199210065484,1.0958947773014807,0.1767653408322939,0.9179113700544942,4097,0.9985498810755941,7.777985608524608e-05,0.9985502482244893,689.2731333161055,49,1176,1,68,2.359389148076763,2.2987602025624283,-0.2537066077369597,5.165562566113111,15365.003044184688,1,1,10,1,1,34,5,4,89,2,2,35,0.8,0.04,smart,333,1
1176,14395.210936059346,13146.127055832907,2672,6.552063998285013e-05,10382,2638,31515,0.8977468455401239,0.36832372852590284,0.9999238437935744,13130.40615264527,1.1024305211803036,0.1856172870177791,0.9132292061731766,4097,0.9985445526375857,8.395692634121936e-05,0.9985804010734401,703.9241956181162,49,1176,1,68,2.1953575476359175,2.159532254687116,-0.25280757754018884,4.8605049574034105,14395.210936035504,0,0,10,0,0,34,2,1,89,2,2,35,0.8,0.04,smart,334,1
1176,14611.55233514217,13368.538063377264,2682,6.448660017880016e-05,10530,2656,32021,0.8982717662035122,0.36829705114989414,0.9999251124518036,13352.854778153902,1.100134414332159,0.1835533924447942,0.9149293488293273,4097,0.9985271462006203,8.238636897617465e-05,0.9985510255481753,689.6431724025609,49,1176,1,68,2.2344786853182406,2.1439902382466482,-0.2504791948034321,4.879427313171752,14611.552335115435,0,0,10,1,0,34,4,1,89,2,2,35,0.8,0.04,smart,335,1
1176,14875.351976089749,13630.607111189525,2687,6.343902225579839e-05,10713,2686,32626,0.8999137227085823,0.3682958050571963,0.9999265566871186,13615.443512317113,1.098164942594679,0.18063438124482792,0.9163216529665319,4097,0.9985033360800046,8.065287147457501e-05,0.9985507911156227,689.5315307448361,49,1176,1,68,2.279836661606282,2.213210049801189,-0.24998510302988772,4.993016917467247,14875.35197606068,0,0,10,2,1,34,3,2,89,2,2,35,0.8,0.04,smart,336,1
1176,14495.76086263094,13234.009646514562,2695,6.507875056887204e-05,10456,2660,31730,0.8976921917746208,0.3683119610524084,0.9999243493590216,13218.158647043856,1.1027953619906041,0.18591642243130005,0.912957227421633,4097,0.9985306912487043,8.342717600283478e-05,0.9985520428052788,690.1280301683304,49,1176,1,68,2.2103430078617565,2.320153504071702,-0.25492244496295885,5.040341401859377,14495.760862609328,0,0,10,0,3,34,3,3,89,2,2,35,0.8,0.04,smart,337,1
1176,14947.78507712254,13676.560508182863,2726,6.319219075777131e-05,10772,2718,32758,0.8994396892028118,0.3682864390579558,0.9999268022862419,13661.128870783981,1.0999945174090784,0.18236815594653685,0.9149556564814894,4097,0.9985518120929372,8.05170838213896e-05,0.9985577643221714,692.8678329490925,49,1176,1,68,2.284802750560694,2.2124312180756194,-0.2573375686736344,5.011909105983583,14947.785077097853,0,0,10,1,0,34,2,3,89,2,2,35,0.8,0.04,smart,338,1
1176,16544.569120385786,15277.291242563406,2777,5.720953625285454e-05,11875,2885,36441,0.9061682448797086,0.3681979924483522,0.9999344862188618,15263.464043431975,1.0885282494240276,0.1678496417642121,0.923402183000289,4097,0.9985204433913304,7.131360149537853e-05,0.9985267073520457,678.2516522074387,49,1176,1,68,2.5605999204196834,2.2198350683801342,-0.25310231093250424,5.286639610664826,16544.569120350865,0,0,10,5,1,34,6,3,89,2,2,35,0.8,0.04,smart,339,1
1176,14537.996403977268,13281.40832692516,2685,6.49500514480714e-05,10483,2661,31834,0.8983836580820811,0.3683070640455695,0.9999246215605565,13265.89297535588,1.1019207362113022,0.1846884484897413,0.9135652505245955,4097,0.9985460201455968,8.306106548632822e-05,0.9985672916482689,697.4786413715067,49,1176,1,68,2.218964340456338,2.2387943337637175,-0.25348402756388855,4.9647267293478325,14537.996403958932,0,0,10,1,0,34,4,4,89,2,2,35,0.8,0.04,smart,340,1
1176,14828.694795110689,13576.429891533897,2699,6.360187660390945e-05,10683,2687,32509,0.8992301524440753,0.3682883081713247,0.9999262616404906,13560.962530492412,1.099238040050835,0.1820119732243672,0.915551238940484,4097,0.9985308479693376,8.105600978380295e-05,0.9985440422149855,686.3329793025083,49,1176,1,68,2.269468801350268,2.3340482014949315,-0.252418068563234,5.108353139971667,14828.694795091395,0,0,10,2,2,34,5,4,89,2,2,35,0.8,0.04,smart,341,1
1176,14462.160669445968,13201.13037608219,2698,6.518324301200374e-05,10433,2656,31653,0.8972017175710714,0.36833075269764326,0.9999241594321447,13185.055274707189,1.1030443253838873,0.18655580322102436,0.9128048483081825,4097,0.9985332062634709,8.365550800666688e-05,0.998575353026907,701.4281615946257,49,1176,1,68,2.2056569949889897,2.3283247522792054,-0.2538941392671343,5.041770025802463,14462.160669426008,0,0,10,1,3,34,1,4,89,2,2,35,0.8,0.04,smart,342,1
1176,21856.621648274122,20545.37799806317,3015,4.3569883040173605e-05,15567,3489,48616,0.9205833529533628,0.3680648002531656,0.99995130229098,20534.34691426905,1.0670688263640993,0.137944465916034,0.9400070298460561,4097,0.998569612514549,5.196380721052744e-05,0.9985857698782216,706.5983836449046,49,1176,1,68,3.4656907033468736,2.6017703909205965,-0.2514218218603664,6.570304737988203,21856.621648218574,2,1,10,4,3,34,8,4,89,2,1,35,0.8,0.04,smart,343,1
1176,20563.26310448618,19253.84082697548,2978,4.6241313260080656e-05,14671,3351,45640,0.9171791643783098,0.3681038061456366,0.9999480319387156,19242.08814087241,1.071711296611075,0.14482137318713317,0.9363222524140621,4097,0.9985568562060824,5.569475834163716e-05,0.9985568608197349,692.4337377817976,49,1176,1,68,3.2451415492998494,2.2846996764046668,-0.25201203989008897,6.033865305484694,20563.26310443684,1,0,10,3,1,34,5,4,89,2,1,35,0.8,0.04,smart,344,1
1176,14616.7619972783,13393.469069245399,2633,6.462151547758342e-05,10526,2640,32059,0.9004112294321023,0.3682718703374696,0.9999252578716996,13378.83535308861,1.0981343385605045,0.18013565524910888,0.9163088973973386,4097,0.998496443214466,8.207689762386386e-05,0.9985185100960964,674.4960390067006,49,1176,1,68,2.238751156350569,2.4537300691974457,-0.2470927207336134,5.186666667015242,14616.761997254995,0,1,10,1,2,34,4,4,89,2,2,35,0.8,0.04,smart,345,1
1176,14458.570653976136,13195.110784222546,2698,6.52342183767738e-05,10431,2658,31642,0.8973281483365099,0.36831177008600335,0.9999241253160026,13179.126547830268,1.103280682574497,0.1866021244124878,0.9126151609318217,4097,0.9985338099790416,8.371107315103895e-05,0.9985583543092029,693.1515907226534,49,1176,1,68,2.2042028166383663,2.2227230014839625,-0.25473777076754317,4.936401359657415,14458.570653946746,0,0,10,0,0,34,3,3,89,2,2,35,0.8,0.04,smart,346,1
1176,14334.385917571415,13078.583599252168,2683,6.578354610122196e-05,10343,2637,31366,0.8969737087436258,0.36833914318619804,0.9999234483865986,13062.581953198882,1.1036045076756715,0.18717230130598883,0.9123923183357401,4097,0.9985337733001459,8.448270561989251e-05,0.9985839923136418,705.7107377140483,49,1176,1,68,2.183620778018506,2.2931484655903187,-0.25419995625835906,4.985169156125543,14334.385917547967,0,0,10,0,2,34,1,3,89,2,2,35,0.8,0.04,smart,347,1
1176,14316.91100933682,13062.43429300961,2692,6.574471800370342e-05,10331,2634,31327,0.8961296629821622,0.3683393423905791,0.9999233510665999,13045.995954361102,1.1037066518134138,0.1880293869427842,0.9123779762611433,4097,0.9985183403272228,8.459793764846518e-05,0.9985567366266123,692.3741106643957,49,1176,1,68,2.183146671744416,2.1884921802613824,-0.25170213936354857,4.875043130732895,14316.911009314832,0,0,10,1,0,34,3,2,89,2,2,35,0.8,0.04,smart,348,1
1176,14524.751499234058,13267.446434849027,2696,6.49203249760664e-05,10475,2659,31802,0.897589091257838,0.3683124722670011,0.9999245398406286,13251.526073828365,1.1021651679391202,0.18561419106840965,0.9134370688234265,4097,0.9985392971175041,8.316955922648839e-05,0.9985627270826657,695.2619639732329,49,1176,1,68,2.2171947862415062,2.3214007707143525,-0.25300104695795356,5.044597650871765,14524.751499212825,0,0,10,1,2,34,2,5,89,2,2,35,0.8,0.04,smart,349,1
1176,16463.77024494632,15178.1885265494,2813,5.7429512542703295e-05,11826,2893,36231,0.904547059799189,0.36822169929483733,0.9999340551937159,15163.696484705064,1.0905487527040494,0.1708600131165868,0.9219145007935506,4097,0.998564607448544,7.191602624052295e-05,0.9985721948150522,699.8755418002228,49,1176,1,68,2.5463970286043947,2.347923483706435,-0.2535638974014468,5.401448307113723,16463.770244914347,1,1,10,2,2,34,5,2,89,2,2,35,0.8,0.04,smart,350,1
1176,17256.951833441046,15986.239109388189,2808,5.490090146597892e-05,12369,2965,38077,0.9085663169519315,0.36818023698187596,0.9999373960192345,15972.925131204569,1.0845965000797673,0.16271703294428697,0.9263651694507004,4097,0.9985126745954057,6.790005842957866e-05,0.9985511250995376,689.6905917601708,49,1176,1,68,2.6855104773698772,2.361386810649642,-0.24934527661109745,5.545587841241714,17256.951833408133,2,0,10,2,3,34,4,6,89,2,2,35,0.8,0.04,smart,351,1
1176,15612.786355917588,14347.451408607332,2743,6.05294127463949e-05,11230,2784,34297,0.9024319752009208,0.36824821384088663,0.9999302320789527,14332.734881923789,1.0945315654832408,0.17568933164581113,0.9189552128322908,4097,0.9985528880781855,7.636319184478072e-05,0.998554862534135,691.4755728845802,49,1176,1,68,2.397492452655718,2.1680615962367726,-0.25774332215579737,5.081040693204085,15612.786355891709,0,0,10,2,0,34,5,2,89,2,2,35,0.8,0.04,smart,352,1
1176,14880.902347465852,13625.534777820169,2691,6.352414658406612e-05,10720,2697,32625,0.9003328183510932,0.3682778380046053,0.9999265304287823,13610.577116366325,1.099024779326107,0.18083580801524882,0.9156390156770657,4097,0.998553664372273,8.074487929503277e-05,0.9985541076860708,691.114317348006,49,1176,1,68,2.275259956846674,2.174538692088713,-0.2555057484997008,4.960810145934788,14880.902347436684,0,0,10,1,0,34,3,3,89,2,2,35,0.8,0.04,smart,353,1
1176,15174.521212904485,13915.263303980126,2718,6.224589687770688e-05,10925,2731,33296,0.9008005481286254,0.36826135151313666,0.9999280613560398,13900.23463328796,1.097182787193488,0.17911603021046885,0.9170149824659061,4097,0.9985554459255558,7.892984188715361e-05,0.9985951128213528,711.3008126258505,49,1176,1,68,2.3270121179707077,2.259427822225181,-0.25368876857294514,5.093817477341779,15174.52121287668,0,0,10,2,1,34,3,2,89,2,2,35,0.8,0.04,smart,354,1
1176,14085.27166794813,12832.724800621376,2674,6.686077668564416e-05,10169,2607,30796,0.8955033691329127,0.3683579777009961,0.9999219773283127,12816.287452500199,1.105493847878558,0.18984369368500328,0.9110740000722174,4097,0.9985618096288528,8.625358354562511e-05,0.9985706228676031,699.1053084614701,49,1176,1,68,2.1432943428942894,2.2409640994827345,-0.2521600224006226,4.888578487178269,14085.271667934083,0,0,10,0,1,34,1,3,89,2,2,35,0.8,0.04,smart,355,1
1176,14306.866410162513,13046.856227463337,2680,6.597482769092127e-05,10325,2639,31297,0.8972326573008452,0.3683209676932679,0.9999232629231397,13031.010195911003,1.104197645569221,0.18732264097303175,0.9119296884044321,4097,0.9985330594398537,8.473289959698737e-05,0.9985401169520257,684.4862553393908,49,1176,1,68,2.1801548242518485,2.3129888446175824,-0.25298572169092254,4.999115112251276,14306.866410143493,0,0,10,0,2,34,3,5,89,2,2,35,0.8,0.04,smart,356,1
1176,15026.877617255797,13759.104751447536,2721,6.286979203081041e-05,10825,2723,32945,0.9000914834736605,0.3682812152680162,0.9999272429077465,13743.864550392158,1.0990565609484653,0.18107554139360243,0.9156329812420618,4097,0.9985637529896413,7.996415959706218e-05,0.9985842866082025,705.8575428863074,49,1176,1,68,2.299054916828649,2.2136638266855875,-0.2565365146727985,5.025791772859833,15026.877617228512,0,0,10,1,0,34,5,3,89,2,2,35,0.8,0.04,smart,357,1
1176,14678.658224845138,13422.938187596936,2681,6.43945435650636e-05,10580,2675,32159,0.8995938647089332,0.3682814830463944,0.9999254195206281,13407.8342981695,1.1006489377200408,0.18264612193654947,0.9144526687648625,4097,0.9985623567496179,8.208692539560604e-05,0.9985877117266307,707.5706202308634,49,1176,1,68,2.24073054353649,2.3416934500063915,-0.255639902861362,5.093703799265606,14678.658224819372,0,0,10,0,2,34,3,4,89,2,2,35,0.8,0.04,smart,358,1
1176,14922.998279511981,13654.089468389684,2720,6.329823749751841e-05,10754,2713,32704,0.8995146252602256,0.3682915876735797,0.9999266819487836,13638.705938536663,1.099972404945912,0.1822690017819228,0.9149695800163429,4097,0.9985184810881632,8.064783312269025e-05,0.998541308513728,685.0458004428439,49,1176,1,68,2.2814611658693367,2.2821869103659465,-0.2564637115947538,5.076575499424791,14922.998279488853,0,0,10,1,2,34,4,3,89,2,2,35,0.8,0.04,smart,359,1
1176,16498.044942059325,15206.990422724812,2816,5.7352613368677175e-05,11851,2901,36302,0.904866125342885,0.36822463438919273,0.999934180732703,15192.619594097687,1.0907438580304905,0.1706868910764708,0.9217449992487801,4097,0.9985366585890544,7.179196154453005e-05,0.9985676669194571,697.6615117997347,49,1176,1,68,2.548770346801394,2.2323898311008237,-0.25701960932526885,5.295199396552755,16498.04494202478,1,0,10,2,2,34,5,4,89,2,2,35,0.8,0.04,smart,360,1
1176,16363.481967896218,15103.96900371994,2770,5.7745973828665755e-05,11748,2859,36034,0.9050842743482511,0.3682326700219579,0.9999337322815308,15089.803736639029,1.0890811097426838,0.16927937497865725,0.923029037056579,4097,0.9985332719666106,7.217092037071623e-05,0.99857216349156,699.8601771452472,49,1176,1,68,2.5317872955485172,2.26175718849201,-0.25111780102802655,5.29578008609658,16363.481967870077,1,0,10,4,1,34,5,3,89,2,2,35,0.8,0.04,smart,361,1
1176,14923.220800456322,13659.410205704728,2706,6.334531563999889e-05,10752,2709,32712,0.9001381098821921,0.3682889817268334,0.9999267121478178,13644.326117518423,1.0994689868895808,0.1813281486739951,0.9153124776715125,4097,0.9985215327479366,8.057772059023608e-05,0.9985429072682199,685.7979967806976,49,1176,1,68,2.286104115628737,2.4261300879983154,-0.2518586055320482,5.215951414691149,14923.220800425419,1,0,10,1,3,34,2,8,89,2,2,35,0.8,0.04,smart,362,1
1176,15438.42691634857,14175.230254108048,2741,6.114520723989461e-05,11109,2763,33899,0.901302952912854,0.36827989821466584,0.9999293816571112,14160.126809937125,1.0956331733566085,0.1775439955671526,0.9181784083906337,4097,0.998562723844057,7.737179911667668e-05,0.9986054003799287,716.5515633441134,49,1176,1,68,2.370876726135154,2.1729047923395983,-0.2547060827630175,5.053193684000787,15438.426916321248,1,0,10,1,1,34,3,3,89,2,2,35,0.8,0.04,smart,363,1
1176,14597.060919453726,13346.33166631464,2689,6.457905031328512e-05,10523,2661,31977,0.8981619638817829,0.3683135221974071,0.9999249873674141,13330.587912236037,1.1009569176507092,0.18421516597333157,0.9143163640927044,4097,0.9985467144199909,8.258567675718826e-05,0.9985725082740422,700.0293353953917,49,1176,1,68,2.229176009767669,2.1327227341186177,-0.25331734387769284,4.868533431641673,14597.060919434729,0,0,10,0,0,34,5,0,89,2,2,35,0.8,0.04,smart,364,1
1176,19544.35445877655,18224.581420661907,2971,4.856079454776592e-05,13969,3252,43280,0.913589489172017,0.3681383170152365,0.9999450922842217,18211.876631839925,1.0766445531203468,0.15201320699880413,0.9324729276222276,4097,0.9985310539846571,5.911609311727971e-05,0.9985423855339685,685.552345199403,49,1176,1,68,3.0708440171834055,2.264611368624452,-0.2530257887239197,5.841506963255696,19544.35445873507,1,0,10,2,1,34,3,6,89,2,1,35,0.8,0.04,smart,365,1
1176,14446.250825201274,13203.894381846509,2653,6.540398838872964e-05,10415,2639,31641,0.8990232546384856,0.36830541994175175,0.9999241807715576,13188.76636507856,1.1012912538107156,0.18364626449458293,0.9140014624979726,4097,0.9984962076317383,8.349905315442815e-05,0.9985382718448708,683.6216120156291,49,1176,1,68,2.2045711736242244,2.2090025487883693,-0.25227420480696194,4.918122132026517,14446.250825175375,0,0,10,0,0,34,2,3,89,2,2,35,0.8,0.04,smart,366,1
1176,14668.01299720843,13397.771147393514,2721,6.428380660734483e-05,10578,2686,32115,0.8977069403668055,0.3683188170288243,0.9999252740726265,13381.736054923871,1.102206954716784,0.18550569872809985,0.9134005505683241,4097,0.9985647569219307,8.236343684890125e-05,0.9985813251335071,704.3830255470193,49,1176,1,68,2.2379271440009343,2.5122894256989787,-0.2566328895324508,5.263482348764814,14668.012997176304,0,1,10,2,2,34,3,2,89,2,2,35,0.8,0.04,smart,367,1
1176,14730.347843669559,13469.122319686989,2691,6.416774489903611e-05,10618,2685,32271,0.8996134114376503,0.3683006010583525,0.9999256752155987,13453.962163531074,1.1007468877235973,0.18268407701970668,0.9143791078549046,4097,0.9985529069660205,8.181277511077194e-05,0.9985533220864097,690.7387450400375,49,1176,1,68,2.2517285238698412,2.3368936507706084,-0.2534326740280606,5.095487522696571,14730.347843639664,0,0,10,0,2,34,6,7,89,2,2,35,0.8,0.04,smart,368,1
1176,14748.721098304704,13506.857911524563,2674,6.399959531824816e-05,10624,2670,32338,0.8997188850136709,0.3682810203236153,0.9999258833463459,13491.744323513789,1.098865239488343,0.18130385558022136,0.9157985849415182,4097,0.998533971123753,8.144421436787623e-05,0.9985349515519284,682.0711616030245,49,1176,1,68,2.2563226477437204,2.190137640506167,-0.25196325332426134,4.950386794898411,14748.721098279733,0,0,10,0,1,34,6,2,89,2,2,35,0.8,0.04,smart,369,1
1176,14867.568626132015,13599.066328507857,2728,6.34337611417879e-05,10716,2706,32577,0.8985647253889125,0.3682938336395543,0.99992638265237,13583.254804292364,1.100438588079372,0.18348662572877752,0.9146799097066503,4097,0.9985475741096114,8.101137008419642e-05,0.9985727957777282,700.1704538361734,49,1176,1,68,2.273320973086584,2.1719738271365694,-0.25517709257791327,4.95564898537898,14867.568626107244,0,0,10,2,0,34,2,2,89,2,2,35,0.8,0.04,smart,370,1
1176,14380.191909640249,13134.01256245123,2673,6.554677948301539e-05,10371,2634,31484,0.8973968146765111,0.3683270292392359,0.9999237727875779,13118.174653598022,1.1023067459481761,0.1858806903827246,0.9133405621413438,4097,0.9985384097261095,8.402577047803868e-05,0.9985676028000643,697.6302594993706,49,1176,1,68,2.192634716746633,2.136180427057253,-0.25297615223655784,4.834767448277002,14380.191909621164,0,0,10,0,0,34,1,0,89,2,2,35,0.8,0.04,smart,371,1
1176,14268.568959107102,13006.742976041185,2694,6.603304463291663e-05,10299,2635,31206,0.8960909699502574,0.3683302447570876,0.999923022729765,12990.347771723913,1.1047903711809284,0.18880660055825144,0.9115660451526542,4097,0.9985258959676799,8.504374695569558e-05,0.9985592913313243,693.6027347495157,49,1176,1,68,2.1726729218123415,2.239051392343448,-0.2539544521816092,4.9196332185190075,14268.56895908443,0,0,10,1,1,34,1,3,89,2,2,35,0.8,0.04,smart,372,1
1176,14583.172592368343,13343.041879972674,2657,6.478578541601094e-05,10509,2651,31959,0.8995945659847365,0.36829464949565466,0.9999249731310593,13328.05833716865,1.099973284498516,0.1821962939251271,0.9149615281214835,4097,0.9985107571306466,8.252755145449556e-05,0.998535233510007,682.2025521853675,49,1176,1,68,2.229347619000417,2.2553364644398,-0.25078377425620085,4.9862516319526184,14583.172592348912,0,0,10,1,1,34,4,3,89,2,2,35,0.8,0.04,smart,373,1
1176,14808.697669197023,13555.571219593408,2705,6.363354125008932e-05,10670,2686,32462,0.8987366502984648,0.3682963511516865,0.9999261466513417,13539.84742787959,1.099512902597167,0.18266292285962202,0.9153790240305741,4097,0.9985211557457218,8.120270974999373e-05,0.99855177971092,690.0025655524403,49,1176,1,68,2.267144150789615,2.157850037764161,-0.2513418473687573,4.927677883291291,14808.69766917123,0,0,10,1,0,34,5,1,89,2,2,35,0.8,0.04,smart,374,1
1176,14644.820556728364,13414.83177203988,2662,6.435831681366494e-05,10549,2648,32115,0.8990690995690933,0.3682923598265036,0.999925373236637,13399.518364344698,1.098638330286325,0.18177074889299208,0.9160120276022514,4097,0.9985155279375695,8.198782269623938e-05,0.9985575996211851,692.788660475719,49,1176,1,68,2.242972515626217,2.1477091353268234,-0.24764322530960609,4.885968101572252,14644.820556702638,0,0,10,2,0,34,3,2,89,2,2,35,0.8,0.04,smart,375,1
1176,14470.400227988435,13213.940293846532,2690,6.516600176685213e-05,10437,2653,31678,0.8975329908557278,0.36833153158755616,0.9999242341104827,13198.051563144962,1.102524014975345,0.18589672418300093,0.9131703398423163,4097,0.9985329484667528,8.353371270923884e-05,0.9985706953570822,699.1407900796925,49,1176,1,68,2.2071350779327967,2.1776736118845883,-0.25381734178842097,4.892443373394227,14470.40022796076,0,0,10,0,0,34,3,1,89,2,2,35,0.8,0.04,smart,376,1
1176,16533.63246625038,15239.48618102691,2826,5.720843315501992e-05,11877,2908,36380,0.9046515034729364,0.3682177239981452,0.9999343205530146,15224.963147737566,1.0907862490966094,0.1709243268694058,0.9217264392525253,4097,0.9985419305882429,7.164223761985764e-05,0.9985688030796526,698.2157497105748,49,1176,1,68,2.554040467666343,3.055590228042234,-0.2578017884931819,6.125234272694941,16533.63246621801,1,1,10,2,1,34,7,1,89,1,2,35,0.8,0.04,smart,377,1
1176,15095.40365159158,13845.359654860495,2693,6.261488761227679e-05,10866,2715,33126,0.9013413240712727,0.3682779006249784,0.9999276994496139,13830.653348407843,1.0969118279945782,0.17839867433528778,0.917190422622499,4097,0.9985478835399588,7.93073288892977e-05,0.9985500321570636,689.1703465141452,49,1176,1,68,2.3154355131339113,2.2740312823510145,-0.2518100058397991,5.093086807164524,15095.403651565417,0,0,10,1,1,34,5,4,89,2,2,35,0.8,0.04,smart,378,1
1176,14564.163289832773,13280.823190708017,2733,6.478265996054668e-05,10511,2686,31859,0.8969529697465538,0.36833324593265665,0.9999246140115533,13264.564505103173,1.104282420475423,0.18765238658838057,0.9118837056694733,4097,0.9985520491268226,8.324742179200502e-05,0.9985626441006046,695.2217959245695,49,1176,1,68,2.2210789685242815,2.4287794931086473,-0.2558195501503254,5.16149756193358,14564.16328980669,0,0,10,1,2,34,1,6,89,2,2,35,0.8,0.04,smart,379,1
1176,14284.165916557,13015.932084055876,2691,6.612006347206189e-05,10311,2644,31234,0.896849034215519,0.3683329515143748,0.9999230798545253,12999.995427251213,1.105172716140069,0.18839041885398572,0.9112140085805714,4097,0.9985659885935685,8.501004610014443e-05,0.9985663279942565,697.0094893297294,49,1176,1,68,2.173812698982891,2.513946873530574,-0.2554672187949799,5.1986940101034245,14284.16591653388,0,0,10,0,4,34,1,7,89,2,2,35,0.8,0.04,smart,380,1
1176,14602.292412348294,13354.31783706886,2676,6.464100350505026e-05,10525,2660,31993,0.8989185037965771,0.3683084258469896,0.9999250344478393,13338.960201509166,1.1005977562634128,0.1832588969206688,0.9145357085012148,4097,0.9985675662410357,8.250691850535952e-05,0.9985684907246036,698.063290016083,49,1176,1,68,2.23179263043311,2.2925693648766723,-0.2515904328869684,5.0275428610837185,14602.292412322062,0,1,10,1,1,34,3,2,89,2,2,35,0.8,0.04,smart,381,1
1176,13965.036352702726,12708.422984106699,2675,6.740892276172441e-05,10088,2598,30514,0.8947432280275524,0.3683647106362493,0.9999212114421624,12691.698295389753,1.1069890778622362,0.19154980570331945,0.9100171788415841,4097,0.9985385674991815,8.721807298717914e-05,0.9985819353263646,704.6863366300831,49,1176,1,68,2.122837212691787,2.2563894122255954,-0.25216896973644815,4.883564564390279,13965.036352678022,0,0,10,0,1,34,0,3,89,2,2,35,0.8,0.04,smart,382,1
1176,14111.211750926412,12836.620948817177,2705,6.677463823369022e-05,10195,2629,30827,0.8949183414301136,0.3683654299801563,0.999921999142291,12819.871837745908,1.1074202537559736,0.1916915462502655,0.9096753117587115,4097,0.9985293656763673,8.637972963735517e-05,0.9985669728995291,697.3233896749899,49,1176,1,68,2.1444295854018076,2.6076635333099065,-0.2554363586301543,5.2629658359720235,14111.211750907936,0,1,10,0,3,34,2,4,89,2,2,35,0.8,0.04,smart,383,1
1176,14045.790291540063,12802.376601405063,2647,6.71655344452002e-05,10138,2596,30718,0.8965355773680272,0.3683272012887558,0.9999217957781287,12786.533430697515,1.1048569313499337,0.1884550420487424,0.9114742805975167,4097,0.9984919698856832,8.640447659544621e-05,0.998522933107848,676.5172856546234,49,1176,1,68,2.1392049938702744,2.3374839637094054,-0.24953485162493394,4.975758660829547,14045.790291511825,0,0,10,0,2,34,2,6,89,2,2,35,0.8,0.04,smart,384,1
1176,14934.418202352254,13692.557862342905,2680,6.322166762576738e-05,10753,2690,32766,0.9006030895163518,0.36828854823584,0.9999268906971382,13677.649844289388,1.0974240844009924,0.1794512490334498,0.9168457503209767,4097,0.9985147552697379,8.023190975449918e-05,0.9985400940951308,684.4755309054505,49,1176,1,68,2.289308874394312,2.232460995113653,-0.25055816681748094,5.022886203142927,14934.418202325343,0,0,10,2,2,34,6,4,89,2,2,35,0.8,0.04,smart,385,1
1176,14157.271630260473,12890.705383208553,2684,6.665073766155447e-05,10223,2628,30944,0.8962321642019359,0.36834767843309935,0.9999223303153739,12874.536178033848,1.1061487863647996,0.1895845520307092,0.9105359930832508,4097,0.9985233456893622,8.591422738681697e-05,0.9985415267882078,685.1483989718379,49,1176,1,68,2.153225585962903,2.64978567152437,-0.25447367087937206,5.311958599246017,14157.271630232577,0,1,10,0,3,34,2,5,89,2,2,35,0.8,0.04,smart,386,1
1176,15001.809893571926,13745.637302645908,2708,6.292761141662095e-05,10804,2710,32902,0.9000873575115244,0.36827925240444265,0.999927171654554,13730.417453010214,1.09822675136346,0.18051155288671814,0.916265264002294,4097,0.998536386157236,7.998203722657742e-05,0.9985743523277926,700.9354598273084,49,1176,1,68,2.2969885672836026,2.184552227092801,-0.25433964590423347,4.990220086184871,15001.809893544476,0,0,10,1,1,34,4,2,89,2,2,35,0.8,0.04,smart,387,1
1176,14592.222672776325,13335.092770542688,2701,6.457522313306519e-05,10522,2666,31958,0.8977015315267372,0.3683250640210065,0.9999249227716983,13319.117974066294,1.1016164899764394,0.185098600848455,0.9138493202561269,4097,0.9985764670476936,8.270631271903534e-05,0.9985838312673263,705.6304275979548,49,1176,1,68,2.22961836266286,2.2080974625817316,-0.2520521599129659,4.9418201450705235,14592.222672745856,0,0,10,1,1,34,2,3,89,2,2,35,0.8,0.04,smart,388,1
1176,14342.968180695852,13084.283935203233,2678,6.582433601647494e-05,10349,2641,31382,0.8975546610720807,0.36831882222479934,0.9999234834328193,13068.565123517577,1.103749214930855,0.1867117019477398,0.9122438096748567,4097,0.9985243928091018,8.445510095494035e-05,0.9985349558374155,682.0731582328968,49,1176,1,68,2.1866262727286885,2.44016133794282,-0.2526540301061802,5.132095670883869,14342.96818066903,0,0,10,1,3,34,3,7,89,2,2,35,0.8,0.04,smart,389,1
1176,14327.554827517672,13084.30131728787,2658,6.585357354411976e-05,10333,2626,31367,0.8978553966630307,0.36830255333628287,0.9999234844727763,13068.742751070935,1.1024179413478465,0.18551665179427643,0.9132264000943137,4097,0.9985200499485598,8.435209000299664e-05,0.9985325151188839,680.9379032295686,49,1176,1,68,2.186338004778022,2.5002880359575066,-0.25032097949016424,5.187267999715858,14327.554827496937,0,1,10,1,2,34,2,3,89,2,2,35,0.8,0.04,smart,390,1
1176,14148.348607698208,12891.052167083191,2676,6.665456529157248e-05,10214,2619,30936,0.8961628275238516,0.3683500724229828,0.9999223323453373,12874.87268687536,1.1053512341140652,0.18913868142490997,0.9111347567495677,4097,0.9985478495762542,8.585003793250162e-05,0.9985667047296004,697.192826687273,49,1176,1,68,2.153090043465476,2.31404666738366,-0.25309169253489194,4.97332009591892,14148.348607682163,0,0,10,0,1,34,0,7,89,2,2,35,0.8,0.04,smart,391,1
1176,15264.090733554516,13988.566249521185,2749,6.185085358068042e-05,10992,2755,33481,0.9003315396403917,0.3682843041464235,0.9999284368773351,13973.177535790894,1.097987016529354,0.18009588962655795,0.9164362616615355,4097,0.9985623242065822,7.857537954849144e-05,0.998586376824842,706.9019801938097,49,1176,1,68,2.3373034437893865,3.011555040875802,-0.258630354430388,5.866119193525964,15264.090733532274,0,1,10,2,1,34,5,1,89,1,2,35,0.8,0.04,smart,392,1
1176,14868.408346166803,13612.59098547848,2704,6.34665900715779e-05,10712,2695,32596,0.8994042180918667,0.36830460351373445,0.9999264580863686,13597.188041697536,1.099237132978461,0.18186210232093292,0.9155378752418996,4097,0.9985428659644319,8.08400022941602e-05,0.9985620809817956,694.9493367949192,49,1176,1,68,2.274920626560712,2.181648058073424,-0.2537202486331373,4.96400918190041,14868.408346139833,0,0,10,2,1,34,3,2,89,2,2,35,0.8,0.04,smart,393,1
1176,14993.566219974984,13743.57507565068,2685,6.305923507606271e-05,10796,2704,32892,0.9011706182193637,0.3682585059544217,0.9999271634198217,13728.865067796114,1.0976607586562395,0.1790768093866117,0.9166314987385044,4097,0.998537371971131,7.994985585668673e-05,0.9985571901168132,692.5918883026854,49,1176,1,68,2.2971048702964754,2.2622479135132463,-0.2528213575863009,5.064995498982324,14993.566219950724,0,0,10,2,1,34,5,6,89,2,2,35,0.8,0.04,smart,394,1
1176,14718.234491225634,13470.142407348927,2684,6.410829796433767e-05,10605,2672,32260,0.8992062170461124,0.36830300592976506,0.9999256797909164,13454.790450203449,1.099698655543203,0.18235882854020863,0.9152009648561609,4097,0.9985098961872378,8.172983400914769e-05,0.9985513572612116,689.8012027859178,49,1176,1,68,2.2519179995828287,3.0293753817685083,-0.25118310436369623,5.783659590078729,14718.234491205565,0,1,10,1,1,34,2,2,89,1,2,35,0.8,0.04,smart,395,1
1176,14817.072543456134,13557.816281126947,2706,6.367350060300478e-05,10678,2692,32473,0.8990993336308617,0.36830097137700685,0.9999261599405352,13542.284320520399,1.0999599155982074,0.182627168225284,0.9150131540062325,4097,0.9985568177990527,8.122110557697444e-05,0.9985588448091816,693.387676475637,49,1176,1,68,2.2670283472898607,2.2442476726466776,-0.252881949212872,5.017039918362283,14817.07254343607,0,0,10,2,2,34,5,2,89,2,2,35,0.8,0.04,smart,396,1
1176,15297.06815760742,14036.009064965878,2723,6.176384476846175e-05,11010,2746,33576,0.9013904731588342,0.36826870029107855,0.9999286815526811,14021.117648302923,1.096424849473261,0.17800796675183922,0.9175620400165111,4097,0.9985113792146686,7.819531786638239e-05,0.9985390590936101,683.9902607858752,49,1176,1,68,2.349646966413681,2.363687227136945,-0.251895237256538,5.217124668063702,15297.068157580889,1,1,10,2,2,34,4,4,89,2,2,35,0.8,0.04,smart,397,1
1176,14094.867729215435,12835.368200360748,2687,6.67979908025614e-05,10179,2614,30809,0.8951074460414302,0.3683532010523587,0.9999219920064208,12818.699079619702,1.1061135243102143,0.19063676592228418,0.9106412665197253,4097,0.9985190613980574,8.628569670215088e-05,0.998576360336293,701.9248175131527,49,1176,1,68,2.1430770147608764,2.1681448805083265,-0.2540093337418289,4.81924056275286,14094.867729195907,0,0,10,0,0,34,0,2,89,2,2,35,0.8,0.04,smart,398,1
1176,15487.834740623837,14227.004744911297,2742,6.0923193204573236e-05,11142,2766,34016,0.9014157486512429,0.3682630437755238,0.9999296389369152,14211.906063031249,1.0950857619637615,0.17704217832386004,0.9185922359821257,4097,0.9985506047094779,7.705139838103959e-05,0.9985751500084715,701.328147974727,49,1176,1,68,2.381507553619872,2.21793137726119,-0.25247794648176414,5.10439482384459,15487.834740597624,1,0,10,2,1,34,5,2,89,2,2,35,0.8,0.04,smart,399,1
