n_cluster,mfpt,sd,mode,f_mode,median,q10,q90,S_mode,S_mfpt,lam1,tau1,A1,ratio,cv,t_cert,lam2,w1,mu2,tau_rel,n_blocked,n_open,pocket_free,chem_dist,G_tt,G_ss,G_st,R_st,mfpt_tetali,blk_t_r3,blk_s_r3,nsite_r3,blk_t_r6,blk_s_r6,nsite_r6,blk_t_r10,blk_s_r10,nsite_r10,deg_s,deg_t,N,q,p,scheme,rep,attempts
1053,24543.822643433614,22773.695939982557,3939,3.8596631666178606e-05,17580,4184,54203,0.909420072268199,0.3681733840822354,0.9999560550335588,22755.23474783704,1.0826455800110886,0.16048844783572574,0.9278789319346459,8193,0.9988794788343273,4.757682368138004e-05,0.9989246709343902,929.4478044146553,172,1053,1,68,4.269753459007164,3.6838375312563794,-0.3919412500820383,8.737473490427622,24543.82264335465,2,1,10,8,3,34,17,11,89,1,1,35,0.8,0.14,uniform,0,1
1053,34742.82607614985,32942.897978585184,4317,2.7427567224298557e-05,24653,5290,77650,0.9265621479128514,0.36802951899105185,0.9999696321024073,32929.01041048031,1.0570645321114622,0.12425586768727259,0.948192812708455,8193,0.9989628923125272,3.2100827460164604e-05,0.9989727205511577,972.9448724150435,172,1053,1,68,6.193957354929796,2.7847532234585044,-0.40487000993168115,9.788450598251663,34742.826075995676,2,1,10,9,5,34,19,8,89,2,2,35,0.8,0.14,uniform,1,1
1052,23310.275171816113,21544.26251780904,3885,4.059245657645691e-05,16725,4048,51368,0.9065939241979979,0.36821473707533076,0.9999535431854571,21524.86736882333,1.0874597977087677,0.16666469920943958,0.9242388757322644,8193,0.998881477134014,5.051991814521049e-05,0.9989366875096133,939.9572172068922,172,1053,0,68,4.0443000493730725,3.4930152936558465,-0.38731120000955827,8.311937743048036,23310.27517175264,2,1,10,4,5,34,12,20,89,2,2,35,0.8,0.14,uniform,2,1
1050,17139.866156168395,15442.812952431259,3544,5.4759831305321756e-05,12435,3320,37249,0.88769765925692,0.36848997789538507,0.9999351404022816,15417.4186246431,1.1200662038220555,0.2067694092654606,0.9009879547322841,8193,0.998995671827351,7.264704339827203e-05,0.9990018004917638,1001.3036561568571,172,1053,0,68,2.869573874341441,4.510994526973413,-0.39516253635041765,8.170893474015688,17139.866156132255,0,2,10,3,4,34,13,14,89,2,2,35,0.8,0.14,uniform,3,1
1052,26204.548214712,24420.209558829963,4040,3.6151139974522865e-05,18735,4373,58009,0.9120051451511122,0.3681418827353153,0.9999590209644388,24402.221688415317,1.077443134351389,0.15417170969319846,0.9319072917700503,8193,0.9989486330796177,4.4152580518036426e-05,0.9989779422700876,977.9182278931098,172,1053,0,68,4.595387542825859,3.2751543959980913,-0.3864657299159911,8.643473398655932,26204.54821462213,2,1,10,4,8,34,13,19,89,2,1,35,0.8,0.14,uniform,4,1
1052,16588.796297775258,14979.904709435506,3416,5.631417185540932e-05,12026,3181,36095,0.8867277265896922,0.36850760863855664,0.9999331328649081,14954.529825245661,1.1173972227430442,0.20592211385814194,0.9030133615809411,8193,0.9988648444477765,7.471715104476531e-05,0.9989353681897365,938.7917775477429,172,1053,0,68,2.7847068775359087,2.8728457389619746,-0.3690566771677151,6.3956659708333135,16588.79629774106,0,1,10,3,4,34,10,12,89,2,2,35,0.8,0.14,uniform,5,1
1051,30515.74539084204,28732.59384953772,4150,3.119096520068586e-05,21719,4829,67938,0.9211118524045928,0.36806666308388547,0.9999651786111168,28717.481446765192,1.0651725414869175,0.1359953672062502,0.9415661810496212,8193,0.9989197714700156,3.709078729508388e-05,0.998955977576729,957.3337465086466,172,1053,0,68,5.415377692633048,3.2632287092531387,-0.39161476992208394,9.461835941730355,30515.74539072722,3,2,10,5,8,34,13,14,89,2,1,35,0.8,0.14,uniform,6,1
1051,16985.66725471309,15293.744690827118,3542,5.5201565322891224e-05,12327,3298,36900,0.8865267761558618,0.36850140985358576,0.9999345054272037,15267.94068062568,1.1209947993899612,0.20852875232306137,0.9003911628248512,8193,0.9989886998845132,7.341907549297233e-05,0.9989924953432687,992.0511596273283,172,1053,0,68,2.8530760624390505,4.207692857992985,-0.3792107605250272,7.819190441482091,16985.667254676227,1,2,10,3,7,34,9,17,89,1,2,35,0.8,0.14,uniform,7,1
1053,18880.519056204237,17248.898793727465,3570,4.9616529421023514e-05,13618,3451,41342,0.8940767205825456,0.3683617333397965,0.999941949900032,17225.999183829237,1.1022856623753485,0.18908378468688758,0.913581811092179,8193,0.9989840883466993,6.398779289433708e-05,0.9989851917578773,984.9077574744668,172,1053,1,68,3.2114406015739956,2.7874788467288947,-0.3746029038700532,6.748125256042997,18880.519056162917,1,1,10,6,2,34,12,14,89,2,2,35,0.8,0.14,uniform,8,1
1050,35092.63423034414,33288.00453065838,4250,2.7268133597482432e-05,24895,5331,78449,0.9292996318842752,0.3680113986506571,0.9999699482077288,33275.385541185715,1.0565216248136418,0.12110803572349324,0.9485752569088893,8193,0.9989068150863106,3.1750368399191415e-05,0.9989240208618081,928.8859592397718,172,1053,0,68,6.29143632837617,3.795200944358936,-0.392874953566607,10.87238717986832,35092.634230199576,2,1,10,7,8,34,20,16,89,2,2,35,0.8,0.14,uniform,9,1
1052,19545.632288859284,17839.4665696901,3615,4.841869986147093e-05,14099,3593,42777,0.8989160299188313,0.36829592218939006,0.9999438815375032,17818.94756229451,1.1030220372895891,0.1849518064483642,0.9127085942294293,8193,0.9989609553612416,6.189990083257018e-05,0.9989881471055688,987.7858665917483,172,1053,0,68,3.321393440478768,4.270494208885732,-0.39450623419965647,8.380900117763813,19545.632288808512,1,2,10,2,8,34,10,17,89,2,2,35,0.8,0.14,uniform,10,1
1052,17922.821510496477,16333.618416958021,3410,5.2489941131464195e-05,12939,3313,39193,0.8949068418288867,0.3683567594047935,0.9999386987084786,16312.370004347777,1.1052077979717119,0.19026022203049547,0.9113307526603587,8193,0.9989245114007715,6.775066541531666e-05,0.998963150146583,963.9597113746232,172,1053,0,68,3.035017156289741,2.674056237546483,-0.3723633590070673,6.4538001118503585,17922.82151046121,0,0,10,3,4,34,11,10,89,2,2,35,0.8,0.14,uniform,11,1
1053,18229.992077403596,16477.359000511056,3705,5.1443913714533406e-05,13209,3486,39686,0.8887128405915745,0.36847052598684904,0.9999392161485603,16451.238019333225,1.115975305371761,0.20323651180257035,0.9038599101167487,8193,0.9988862776053852,6.783327717237877e-05,0.9989957236362329,995.2417619181319,172,1053,1,68,3.0604947313496567,3.1191177377187187,-0.40199189303061705,6.98359625512961,18229.99207736214,1,1,10,4,6,34,14,16,89,2,2,35,0.8,0.14,uniform,12,1
1052,20387.91667327124,18710.740538091657,3655,4.621286597551234e-05,14674,3656,44754,0.9000033041593695,0.3682889082587425,0.999946496600218,18689.9010555403,1.0963307533556748,0.17927285355211114,0.9177367574109042,8193,0.9989204693054637,5.865742259008835e-05,0.9989509206035364,952.7166122114854,172,1053,0,68,3.496099374809644,4.206367260398615,-0.3799304109734239,8.462327457155107,20387.916673218937,1,2,10,7,6,34,13,16,89,1,2,35,0.8,0.14,uniform,13,1
1053,19584.644622393655,17879.496548689393,3648,4.8103740926179083e-05,14128,3593,42868,0.8973292806049512,0.36832908554304544,0.9999440024927448,17857.437768231568,1.1029224186557804,0.18626837863724982,0.9129344388636725,8193,0.9989252839603999,6.176090614068616e-05,0.9989840182898034,983.7696023972358,172,1053,1,68,3.3192881396196423,3.889596386677712,-0.40049241543171094,8.009869357160776,19584.644622345375,1,1,10,4,4,34,18,14,89,1,2,35,0.8,0.14,uniform,14,1
1053,18671.930274000286,17044.024679452705,3541,5.020296341690251e-05,13472,3425,40867,0.8941773675176157,0.36837466828273957,0.9999412514923237,17021.20896361351,1.1033264040140214,0.18964295324788474,0.9128153559562957,8193,0.9988987556655136,6.4818779715935e-05,0.998925243164703,929.9429344832844,172,1053,1,68,3.176473278640386,2.83362533450527,-0.36995222448723075,6.7500030621201175,18671.9302739669,2,1,10,4,4,34,14,12,89,2,2,35,0.8,0.14,uniform,15,1
1053,18633.593640145235,16933.94470802787,3643,5.029855205158411e-05,13470,3483,40685,0.8919158926216625,0.368410268962257,0.9999408630515142,16909.401936326565,1.1089708047577664,0.195507107772884,0.9087857680627129,8193,0.9989747978046091,6.558114935354058e-05,0.9990156562584179,1015.4051934526615,172,1053,1,68,3.1515691644270567,3.6185691544914684,-0.3875749267599667,7.545288172438458,18633.59364009968,1,1,10,5,6,34,10,13,89,1,2,35,0.8,0.14,uniform,16,1
1053,21412.080791097957,19818.51037623235,3540,4.4122851367567206e-05,15354,3692,47222,0.9066960716390328,0.3682072466661867,0.9999494984227915,19800.861760605974,1.0857356196758983,0.16532722973246722,0.9255761067589409,8193,0.998848350521988,5.483136122543786e-05,0.9988754565716047,888.7496895246858,172,1053,1,68,3.7028728183377817,3.2867502112478064,-0.3639991267781161,7.7176212831418205,21412.0807910352,2,1,10,9,5,34,17,12,89,2,2,35,0.8,0.14,uniform,17,1
1051,16629.19941480953,14928.621901501981,3555,5.628102226105146e-05,12085,3266,36068,0.8837079454916944,0.3685704094469578,0.9999328938565284,14901.265291397274,1.1250438243678473,0.21378058626406332,0.8977354549135386,8193,0.9989349645905258,7.54973522899561e-05,0.9990559199464292,1058.7321296363098,172,1053,0,68,2.7606000950510925,3.02782370065334,-0.4038526955829487,6.596129186870329,16629.199414781888,0,1,10,2,4,34,9,11,89,2,2,35,0.8,0.14,uniform,18,1
1051,21126.928797915953,19489.028709207712,3586,4.474523619380438e-05,15171,3701,46508,0.9051238401443529,0.368225880291774,0.999948641754595,19470.570163978577,1.0898224473971654,0.16973598170850737,0.9224733464870762,8193,0.99888815626213,5.5971368701804314e-05,0.9989420065315499,944.6853309986302,172,1053,0,68,3.639839589686283,3.323750832052335,-0.38050842132436247,7.724607264387343,21126.928797860946,2,1,10,5,8,34,17,11,89,2,2,35,0.8,0.14,uniform,19,1
1053,15771.410402185407,14004.795087852679,3596,5.9371603276740586e-05,11515,3228,34006,0.8781532586016846,0.36870224207551877,0.9999284439902343,13974.56656460338,1.1397219364429654,0.22800750904952108,0.8879862187792709,8193,0.9989739089870743,8.155395401448812e-05,0.9990113627588734,1010.993272668781,172,1053,1,68,2.5862057031618373,3.0791162270307995,-0.40931384140712535,6.483949613006887,15771.410402155589,0,0,10,2,3,34,9,14,89,2,2,35,0.8,0.14,uniform,20,1
1051,16941.975337398577,15114.49504992184,3770,5.517682842741329e-05,12346,3406,36622,0.8799437675204644,0.36865109384828276,0.9999337044142603,15083.46054543498,1.1335025256163223,0.22252422901820135,0.8921329862024611,8193,0.999060913741548,7.514621387354762e-05,0.9990712994896832,1076.2733160303435,172,1053,0,68,2.797044140443076,3.404461454442885,-0.42692833098633637,7.055362256858634,16941.97533736156,0,0,10,2,7,34,10,13,89,2,2,35,0.8,0.14,uniform,21,1
1051,15060.399797786058,13414.01615161683,3414,6.17397076618342e-05,10985,3041,32525,0.8769957376861135,0.36874616322883613,0.9999252845496254,13383.612583417484,1.136109783403732,0.22668720922680102,0.8906812788322357,8193,0.9989605274308284,8.488495414218966e-05,0.9990004377887057,999.9378971101171,172,1053,0,68,2.4905830221367036,3.5863291472917758,-0.37533511254548174,6.8275823945194425,15060.399797754882,1,1,10,1,3,34,9,10,89,1,2,35,0.8,0.14,uniform,22,1
1053,18323.66534779499,16727.70536567985,3420,5.1423010129317346e-05,13218,3363,40107,0.897033198573435,0.3683265133721073,0.999940147125829,16707.13540685966,1.1029533215157101,0.18664388020006878,0.9129017065187127,8193,0.9989888766087791,6.601492636909926e-05,0.9990167089152407,1016.4927653045092,172,1053,1,68,3.1085270084075174,2.9304030668003787,-0.37175131025604713,6.78243269571999,18323.66534776367,1,1,10,6,4,34,14,13,89,2,2,35,0.8,0.14,uniform,23,1
1053,25506.230607061225,23749.209776250616,3910,3.72924477452804e-05,18241,4276,56437,0.9135972639952197,0.36813683438681444,0.9999578648499231,23732.653863866886,1.078338253956745,0.1532958773970131,0.9311140537432375,8193,0.9989405520065603,4.543594416433326e-05,0.9989475761279005,949.6874046783438,172,1053,1,68,4.439708849118582,5.655507515328635,-0.4047793953229242,10.904775155093066,25506.23060698453,1,3,10,5,6,34,13,13,89,1,1,35,0.8,0.14,uniform,24,1
1052,15744.893794867867,14074.789023147263,3440,5.9510911406556804e-05,11462,3143,34071,0.8823409978789777,0.3685978631052717,0.9999288165257222,14047.704442437596,1.130629623383231,0.2184835315384145,0.893927212626548,8193,0.9989759695276866,8.048214471385004e-05,0.9989980428279661,997.5465674678508,172,1053,0,68,2.6050451392458567,2.768092924696534,-0.3882806772623398,6.14969941846707,15744.893794833115,0,0,10,2,1,34,10,12,89,2,2,35,0.8,0.14,uniform,25,1
1053,17052.430579625518,15343.913654604863,3578,5.495964587769592e-05,12380,3320,37032,0.8857830694731955,0.3685357371314033,0.9999347168612845,15317.390948893537,1.1219035359157654,0.20982346084288092,0.8998080117058495,8193,0.9989166861745358,7.324138416078943e-05,0.9990349991491899,1035.7684359509637,172,1053,1,68,2.8301742663932985,2.9530760028455445,-0.40865395385151154,6.600558176941867,17052.430579588927,0,0,10,2,3,34,8,13,89,2,2,35,0.8,0.14,uniform,26,1
1051,21271.59271829916,19540.297330253612,3778,4.432502766325735e-05,15304,3798,46719,0.9008750664206859,0.3682700754790995,0.9999487697094808,19519.201911623164,1.095115619509408,0.17760776308724296,0.918609978529902,8193,0.9988761033085193,5.6103091339932255e-05,0.998947115521412,949.2717251107694,172,1053,0,68,3.658219694122107,2.9150798923594126,-0.389657131424391,7.352613849330302,21271.592718246844,3,1,10,7,2,34,16,11,89,2,2,35,0.8,0.14,uniform,27,1
1051,15391.068735995743,13791.833393871362,3310,6.088656069740983e-05,11193,3044,33349,0.8838094076874214,0.3685680105791048,0.9999273625966063,13766.511936540648,1.1273535077078756,0.21505978933475642,0.8960932882858108,8193,0.9989179050923213,8.18880315068355e-05,0.998917957527347,923.6780499866711,172,1053,0,68,2.559784668963366,3.4528871048265777,-0.36905809715845045,6.750787968106844,15391.068735970146,0,2,10,2,6,34,9,12,89,2,2,35,0.8,0.14,uniform,28,1
1051,29905.084297389953,28117.572801662674,4132,3.181205602254973e-05,21297,4768,66526,0.920167941403266,0.3680784255696644,0.9999644162687036,28102.23019331014,1.0668295015561162,0.13817048495531684,0.9402271708064275,8193,0.9989159991560955,3.796177432261715e-05,0.9990007976779856,1000.2982314751944,172,1053,0,68,5.287603622630808,2.824323654027931,-0.4031831132903449,8.918293503239429,29905.084297265657,2,1,10,5,4,34,15,10,89,2,2,35,0.8,0.14,uniform,29,2
1053,18640.497511748104,17014.039341577758,3513,5.0415738962903324e-05,13449,3422,40797,0.895406458558457,0.368366673702486,0.9999411510302431,16992.150913713478,1.1032944226584949,0.18846063511909728,0.9127459892556367,8193,0.998871854426352,6.492774011219871e-05,0.9989237444109751,928.6472338153877,172,1053,1,68,3.163817125481721,2.6497163372965904,-0.3766382423636191,6.56680994750555,18640.497511705715,1,0,10,6,2,34,15,9,89,2,2,35,0.8,0.14,uniform,30,1
1052,22439.36340072141,20785.484741411256,3749,4.189819146968475e-05,16088,3854,49509,0.904359894592721,0.36823694388765854,0.9999518447326762,20765.660284858808,1.0849711348335815,0.1670724758563994,0.9262956515398747,8193,0.9990339427735223,5.2247075036726036e-05,0.9990555146195728,1058.277559028814,172,1053,0,68,3.89467256329019,3.2446525083552493,-0.37136610603571957,7.882057283716878,22439.36340065428,2,2,10,6,5,34,13,10,89,2,1,35,0.8,0.14,uniform,31,1
1052,20035.647301294586,18384.80440420099,3575,4.71395586402764e-05,14420,3596,43978,0.9009767461017905,0.36826662138588934,0.9999455504189432,18365.114213069715,1.0964014627190655,0.17843196909185982,0.9176047136252529,8193,0.9988732495546689,5.969860031521231e-05,0.9988802296752536,892.540182751272,172,1053,0,68,3.443390191948921,3.250549564674129,-0.3656682303407467,7.425276217304544,20035.647301243655,1,1,10,3,5,34,7,12,89,2,1,35,0.8,0.14,uniform,32,1
1052,17557.76284142351,15936.813143573529,3402,5.378228573851703e-05,12695,3303,38311,0.8946759462229134,0.36836068198865374,0.9999371714756626,15915.83752690745,1.110138940921578,0.1937604483399082,0.9076790299259696,8193,0.9988660137220733,6.974839146758652e-05,0.9989637844877851,964.5501258542082,172,1053,0,68,2.9456682889356824,2.7743786002827453,-0.3923094375639854,6.504665764346399,17557.762841388252,0,1,10,1,4,34,11,11,89,2,2,35,0.8,0.14,uniform,33,1
1052,23569.244778603766,21855.250009600062,3805,4.020057319319501e-05,16887,4030,52033,0.9090330272334869,0.36818320590930076,0.9999542079455529,21837.349642243553,1.083420342421743,0.16143919908092222,0.9272783330520766,8193,0.9988912402885378,4.9612043309354575e-05,0.9989226071238366,927.6664333790646,172,1053,0,68,4.086888854271074,4.213171053858586,-0.39395616065942085,9.087972229448503,23569.244778534405,1,3,10,8,6,34,15,18,89,1,2,35,0.8,0.14,uniform,34,1
1052,33502.470051543416,31769.378698576227,4169,2.8433104545031364e-05,23772,5099,74881,0.9263211850791553,0.36803849450573944,0.9999685102183543,31755.8332502272,1.0569839621588517,0.12443858597846696,0.9482697439830307,8193,0.9990018837813912,3.328419417153267e-05,0.9990101823389735,1009.7870030401682,172,1053,0,68,5.993876404789316,3.433087947709447,-0.37541447950808227,10.177793311514927,33502.470051404314,3,2,10,8,3,34,17,13,89,1,1,35,0.8,0.14,uniform,35,1
1051,17279.24090952188,15591.058937444557,3553,5.4276139401703255e-05,12529,3327,37581,0.8877318782024667,0.3684927568179655,0.9999357580749458,15565.65868551467,1.1182194647984751,0.20562245868347653,0.9022999921745963,8193,0.9988737757606193,7.183657105202424e-05,0.9989912607013585,990.8363309109204,172,1053,0,68,2.89806196772886,2.8583512638031308,-0.39009044130848736,6.536594114148965,17279.24090949126,1,1,10,3,2,34,10,8,89,2,2,35,0.8,0.14,uniform,36,1
1053,21499.99936392175,19794.63732213237,3771,4.3727403779700806e-05,15455,3798,47278,0.9011429357413443,0.3682816219209226,0.9999494275265475,19773.102743112755,1.0924559399353468,0.17539535402628698,0.9206808329189499,8193,0.9990099732013905,5.524819902064379e-05,0.9990355175829526,1036.325456606124,172,1053,1,68,3.6954569019277126,2.629514348541811,-0.3881137274843282,7.10119870543818,21499.999363854393,2,0,10,7,1,34,15,7,89,2,2,35,0.8,0.14,uniform,37,1
1053,17744.54340217253,16047.752638186046,3582,5.289457498835956e-05,12853,3385,38641,0.8895828149643669,0.3684461113105118,0.9999375912465643,16022.893268163065,1.1151813892698221,0.20186487298182282,0.9043767582219816,8193,0.9989826311531629,6.959708035907679e-05,0.9990378195596461,1038.8060187814517,172,1053,1,68,2.9696664559703256,3.8259760240491376,-0.40061719115945804,7.596876862338379,17744.54340213831,0,4,10,4,4,34,9,8,89,1,2,35,0.8,0.14,uniform,38,1
1053,30109.110595140613,28341.47866766855,4114,3.1580279403969e-05,21433,4772,67022,0.92069619883418,0.3680746972114042,0.9999646977748694,28326.326317513514,1.0655212101719946,0.13663638409378884,0.9412924562521835,8193,0.9989469546471175,3.761526964300953e-05,0.9989653892794422,966.0470218722468,172,1053,1,68,5.307140813691455,2.82009399209897,-0.41158864405225665,8.95041209389494,30109.110595020644,0,1,10,7,2,34,17,9,89,2,2,35,0.8,0.14,uniform,39,1
1050,21693.295760660494,20013.284176049103,3638,4.374336182173045e-05,15576,3800,47757,0.9070762886729242,0.3682086255128674,0.9999499902156442,19995.5870192457,1.0895707327450328,0.1677015811768582,0.9225561849547088,8193,0.9988403807876545,5.448919738504679e-05,0.9989153235731764,921.4338386763014,172,1053,0,68,3.7583137100650803,3.9820726196868796,-0.373742625287646,8.487871580327251,21693.295760601814,1,2,10,5,6,34,13,17,89,1,1,35,0.8,0.14,uniform,40,1
1052,18393.0048116672,16766.058142073067,3464,5.125520320753406e-05,13276,3397,40226,0.8965618079653477,0.36834091856146856,0.9999402829559461,16745.13795889702,1.1047974642939256,0.1883324685373152,0.9115453572565743,8193,0.9988908072750727,6.597523884608132e-05,0.9988924300121595,902.377388062146,172,1053,0,68,3.1265253004683093,3.678290222648177,-0.37024367512500733,7.545302873366501,18393.004811620845,1,1,10,7,8,34,14,15,89,2,2,35,0.8,0.14,uniform,41,1
1051,22034.246723370004,20298.836197114906,3794,4.2838547522385576e-05,15833,3883,48470,0.9037825819532417,0.3682545532770757,0.9999506877376753,20278.431702868376,1.09154303096485,0.17218650801327373,0.9212403061451389,8193,0.9990297416847299,5.382645628178046e-05,0.9990788908940207,1085.1476423612507,172,1053,0,68,3.80688109827848,3.3905729513833314,-0.38612493850740354,7.969703926676618,22034.24672330982,1,1,10,5,7,34,11,17,89,2,1,35,0.8,0.14,uniform,42,1
1052,23916.617134831664,22245.159716909373,3754,3.960685675748286e-05,17113,4029,52888,0.9108693658643521,0.36815356571873953,0.9999550128624444,22228.07585892789,1.0797466627109424,0.15696199754491,0.9301131339562226,8193,0.9989798696846806,4.8574711640673886e-05,0.9989871465940684,986.8096231014433,172,1053,0,68,4.171648927462306,3.9144698437908434,-0.37523645937560574,8.836591690004362,23916.61713476742,2,3,10,6,5,34,14,14,89,1,1,35,0.8,0.14,uniform,43,2
1053,17427.268406896663,15820.129125577778,3405,5.39874317281865e-05,12602,3275,38028,0.8929664126161136,0.36840117122495636,0.9999367034072787,15798.13870507357,1.1101796374703852,0.19538346001789392,0.9077801957372231,8193,0.9989452522307942,7.027058836075824e-05,0.9989605391681219,961.5371246759299,172,1053,1,68,2.942915706152798,2.7084805146110384,-0.3671067832795611,6.3856097873229585,17427.26840686137,1,0,10,3,3,34,9,12,89,2,2,35,0.8,0.14,uniform,44,2
1053,26833.851381525164,25173.582630200646,3851,3.534037641210065e-05,19130,4329,59620,0.9168382292836948,0.36810130522636125,0.9999602520955461,25158.059013526534,1.069530078875693,0.14351275727238225,0.9381278248985311,8193,0.998949457402082,4.251157938582741e-05,0.9989515324771021,953.272898545302,172,1053,1,68,4.736587994284414,2.964337952493362,-0.3600599414099161,8.421045829597608,26833.851381430646,2,1,10,8,5,34,15,10,89,2,1,35,0.8,0.14,uniform,45,1
1053,23858.004382046238,22148.3949452952,3799,3.9730625788884315e-05,17085,4057,52703,0.910214310976491,0.3681673115341358,0.9999548154479679,22130.95765216985,1.0820091150562445,0.15923377073645126,0.9283423118977393,8193,0.99886743070263,4.889009715862663e-05,0.9988965333371614,905.7348072226176,172,1053,1,68,4.155370837787572,3.8367640397449865,-0.37606399259772416,8.744262862728007,23858.004381978586,2,2,10,8,8,34,16,14,89,2,1,35,0.8,0.14,uniform,46,1
1052,15839.4747914897,14067.734341257532,3613,5.902453571447332e-05,11564,3238,34156,0.8778607507327728,0.3687196233325957,0.999928761395584,14036.832816584867,1.139591313030348,0.22810099751168567,0.8881439900277441,8193,0.9989586214535524,8.118289474505289e-05,0.9990025759366722,1002.0825060984179,172,1053,0,68,2.610308420220708,3.5131598011296967,-0.4009985743536508,6.925465370057706,15839.474791461127,1,1,10,2,5,34,8,15,89,2,2,35,0.8,0.14,uniform,47,1
1053,15878.85070420375,14228.497812815864,3377,5.933080738778681e-05,11545,3145,34406,0.8862345153206262,0.36851071192599794,0.999929601023184,14204.251898596955,1.1270675875610936,0.2126728226688331,0.8960659734050541,8193,0.9989416147460475,7.934440496708998e-05,0.9989435897058935,946.1018198889133,172,1053,1,68,2.638615772698206,5.714986715014711,-0.37731028697498276,9.108223061662883,15878.85070417934,1,3,10,3,7,34,9,18,89,1,2,35,0.8,0.14,uniform,48,1
1052,21766.36597856902,19898.011212422745,4002,4.338293586951039e-05,15691,3972,47679,0.8986978870958446,0.3683154886016264,0.9999496865925352,19874.917909025484,1.1011265315585597,0.18386165168500498,0.9141632200806583,8193,0.9989584203743563,5.540142785280216e-05,0.9989999691342409,999.469051816004,172,1053,0,68,3.7323798466507343,3.4714743867347706,-0.4057125446999403,8.015279322785386,21766.36597850455,3,0,10,6,5,34,10,15,89,2,1,35,0.8,0.14,uniform,49,1
1053,18001.951352539305,16403.85264422197,3444,5.214090778592602e-05,12998,3328,39363,0.8939249267227781,0.3683780275010074,0.9999389583282,16381.75117696847,1.105458406234027,0.1913125934269453,0.9112263622414516,8193,0.9988929403386124,6.747902922171929e-05,0.9989389308843218,941.9455875230678,172,1053,1,68,3.05497950280216,3.377876859596477,-0.3641945432561038,7.161245448910844,18001.95135249676,2,1,10,5,3,34,10,7,89,1,2,35,0.8,0.14,uniform,50,1
1052,21104.66166244545,19401.141368394437,3718,4.470183788478374e-05,15179,3756,46371,0.9016834535469858,0.36826116651180524,0.9999484036295843,19380.708246250426,1.0941814947655422,0.17616960932455838,0.9192822741583045,8193,0.9990324116789225,5.6455793706244365e-05,0.9990364646670747,1037.3445796689637,172,1053,0,68,3.635752691273116,3.4645929651314002,-0.3765404004374924,7.853426457279501,21104.6616623978,1,3,10,5,4,34,14,9,89,2,1,35,0.8,0.14,uniform,51,1
1053,17664.27531792414,16057.433185717504,3424,5.322235420937514e-05,12766,3300,38574,0.8933750519683684,0.3683951850661156,0.9999376398332501,16035.377576897676,1.108452932081328,0.19383755848311696,0.9090343587106483,8193,0.9989311534640377,6.912330967907287e-05,0.9989534379637804,955.0094433676525,172,1053,1,68,2.9911780783904027,4.0567184325588075,-0.3638599686928634,7.775616448334937,17664.275317893396,2,2,10,5,6,34,8,15,89,1,2,35,0.8,0.14,uniform,52,1
1052,28632.683018138232,26843.677398584576,4043,3.3320253077669525e-05,20416,4635,63595,0.9196775188922734,0.3680783651188376,0.9999627270534733,26828.61046940603,1.0701477821776024,0.14120227564559146,0.9375187572041238,8193,0.9989303889392267,3.988756106076228e-05,0.9989763732800115,976.4185320298383,172,1053,0,68,5.040561593491649,3.4718461150657705,-0.4029142654506591,9.318236239458736,28632.68301803654,3,0,10,5,6,34,15,18,89,2,2,35,0.8,0.14,uniform,53,1
1053,30657.38189591882,28793.149546434553,4297,3.101590201584561e-05,21844,4917,68158,0.9191575447048062,0.3680910370189471,0.9999652503606099,28776.777043754046,1.068134016996773,0.14016200126247658,0.9391914040209534,8193,0.9989724897310944,3.7117271911061284e-05,0.9990134760366722,1013.1600387123736,172,1053,1,68,5.423558854873102,3.7874950916255377,-0.39930570273426935,10.009665351967177,30657.38189580281,3,2,10,6,8,34,11,19,89,2,1,35,0.8,0.14,uniform,54,1
1053,20317.819396628922,18631.7202870923,3640,4.649425774498928e-05,14627,3657,44582,0.9007874420951261,0.36827497264780007,0.9999462713246589,18611.53525696454,1.0972018232200582,0.17915308375090386,0.9170137761035333,8193,0.9989392453562391,5.895120054390292e-05,0.9989395909674041,942.5322408671859,172,1053,1,68,3.475495229705359,3.0145641468788025,-0.38353979338592853,7.257138963356018,20317.81939657563,1,0,10,6,2,34,17,14,89,2,2,35,0.8,0.14,uniform,55,1
1052,23072.000055163022,21290.744598750156,3941,4.089810599351774e-05,16567,4035,50799,0.9038437753557096,0.36824036251626496,0.9999529862590528,21269.877121007386,1.0894872087356278,0.17081310638771813,0.9227957935092732,8193,0.9989697833551195,5.1220869396910055e-05,0.9990542106793732,1056.817844061557,172,1053,0,68,3.9836454252730125,4.4465541376186115,-0.4026663722744632,9.23553230744055,23072.000055099725,2,2,10,8,4,34,14,10,89,2,1,35,0.8,0.14,uniform,56,1
1053,23206.89646866869,21519.199254980074,3767,4.076459171512535e-05,16628,3968,51232,0.9081662869771086,0.36818546142539077,0.9999534918560122,21501.110558417004,1.0834724342315813,0.1623224374308635,0.9272760484812284,8193,0.9989377116387995,5.039029197797923e-05,0.9989623904580878,963.2535795893303,172,1053,1,68,4.029605192953314,2.74077194459794,-0.3781624174165058,7.526701972384266,23206.8964685971,2,1,10,8,1,34,17,8,89,2,1,35,0.8,0.14,uniform,57,1
1051,18026.26801492588,16401.33005242446,3436,5.235972191974285e-05,13021,3357,39385,0.8958429648667086,0.36835569812770647,0.9999389535450868,16380.467594446827,1.1071074902542106,0.1906107241473924,0.9098572171923793,8193,0.998889904302406,6.75849874881145e-05,0.9990005539196735,1000.0541433416979,172,1053,0,68,3.041258580586013,2.954885376835223,-0.3890493194875509,6.774242596396338,18026.26801488658,0,1,10,4,5,34,13,8,89,2,2,35,0.8,0.14,uniform,58,1
1053,17759.43848861846,16184.382513258051,3368,5.2992133171106985e-05,12821,3283,38835,0.8954757859032885,0.36836581127694273,0.9999381342998528,16163.545623043097,1.1052020547647319,0.189645635595881,0.9113116117736595,8193,0.9989023257594717,6.83740989223326e-05,0.9989029728350767,911.0543640396496,172,1053,1,68,3.007875188100447,3.1755258402614612,-0.3652375352748059,6.91387609891152,17759.438488570708,0,2,10,4,5,34,12,15,89,2,2,35,0.8,0.14,uniform,59,1
1053,21880.665285355608,20183.367918452368,3792,4.295919190079163e-05,15715,3832,48165,0.9016998997710605,0.3682593513397701,0.9999504036045973,20162.25561309561,1.0901091296805157,0.17330368846407643,0.9224293528204914,8193,0.9989646313943504,5.406548342792385e-05,0.9989660871837366,966.6994535154632,172,1053,1,68,3.786620347017471,2.899337782947245,-0.36925150204143553,7.424461134047586,21880.66528529514,2,1,10,6,1,34,10,9,89,2,1,35,0.8,0.14,uniform,60,1
1053,21716.815096191538,19851.369896920263,4042,4.333629455008164e-05,15658,3963,47568,0.896567723807888,0.3683331387902557,0.9999495647098572,19826.88667620211,1.1013793359689712,0.1861230563550197,0.9141013453856585,8193,0.9989629426498099,5.5548386367041494e-05,0.9989993759674052,998.8762731519199,172,1053,1,68,3.7138132434135183,4.107853700128154,-0.41093796193105303,8.643542867403777,21716.81509613917,1,1,10,4,2,34,11,15,89,1,1,35,0.8,0.14,uniform,61,1
1052,33702.18436301443,31978.135678974842,4143,2.8286898183722208e-05,23907,5112,75353,0.9272684221440461,0.36802964932603155,0.9999687162454145,31964.972596502135,1.056276315825876,0.1229297174145966,0.9488446011252731,8193,0.9988658097382216,3.304428903895117e-05,0.9989201109665231,925.5209815704801,172,1053,0,68,6.029641143206443,3.6780483408738145,-0.37761824137134253,10.462925966822942,33702.184362879154,3,1,10,8,4,34,13,12,89,1,2,35,0.8,0.14,uniform,62,1
1052,17568.37191134619,15975.813994438258,3362,5.375662498314568e-05,12693,3280,38373,0.8955779961532894,0.3683580796777547,0.9999373275665958,15955.478495736188,1.1077866795742635,0.19136662275624516,0.9093508536280811,8193,0.9989405436696138,6.942768690188517e-05,0.9989883895867572,988.0227569688568,172,1053,0,68,2.9549644799707395,3.1032871249554552,-0.38503017997540406,6.8283119648770025,17568.371911316714,0,2,10,3,7,34,12,14,89,2,2,35,0.8,0.14,uniform,63,1
1052,17480.586184424057,15796.757530011435,3549,5.3625263012977915e-05,12667,3344,38050,0.888992626899899,0.368464603191014,0.9999365968135202,15771.577953585047,1.116250847866458,0.2030252282479125,0.9036743598499583,8193,0.9989281356461375,7.07738606658124e-05,0.998976086651508,976.1450589412983,172,1053,0,68,2.9357290839815904,2.799763416004648,-0.3875762742679152,6.510645048522068,17480.5861843924,1,1,10,5,3,34,11,9,89,2,2,35,0.8,0.14,uniform,64,1
1052,18314.993865275155,16664.112138485656,3509,5.1364682777299866e-05,13232,3408,40015,0.8947817900734788,0.3683785167665546,0.9999399118067993,16641.704506951333,1.1072772045886219,0.19159165576642592,0.909861737386681,8193,0.9989865783355699,6.653428659618305e-05,0.9990051903679457,1004.7173654806488,172,1053,0,68,3.107618974415334,3.440838840273818,-0.37431902277723206,7.2970958602436164,18314.993865232896,1,1,10,4,5,34,16,13,89,2,2,35,0.8,0.14,uniform,65,1
1050,16497.981221906535,14924.126159361851,3332,5.681885791932064e-05,11950,3143,35932,0.8892482841183909,0.3684635103229217,0.9999328913487754,14900.708434031805,1.1149193677358225,0.20196410428541803,0.9046031728745775,8193,0.998954617122389,7.482073499327949e-05,0.9990037193852587,1003.2331876660253,172,1053,0,68,2.767213873788306,2.772604483750098,-0.3752587399025822,6.290335837343569,16497.981221877162,0,1,10,3,3,34,8,9,89,2,2,35,0.8,0.14,uniform,66,1
1050,27197.263534620346,25435.04330821459,4061,3.477422957042027e-05,19416,4457,60324,0.913750017179062,0.36813782674599405,0.9999606575376164,25417.329471917703,1.0732807901622607,0.1493164926254662,0.9352059730508342,8193,0.9990624600946794,4.222550911409912e-05,0.9990871072663121,1094.918874111025,172,1053,0,68,4.793302405980987,3.4137344892203165,-0.3871287434542305,8.981294382109764,27197.263534534894,2,1,10,6,6,34,12,16,89,2,1,35,0.8,0.14,uniform,67,1
1052,25736.550264390535,24050.610110832153,3825,3.690874208177694e-05,18378,4236,57060,0.9151337875690021,0.3681115324002151,0.9999583945245943,24034.79800117896,1.074067761939639,0.1486213171814377,0.9344923800494321,8193,0.998926517034488,4.4687099853476623e-05,0.998927495450619,931.8968878921787,172,1053,0,68,4.530218497466078,3.376199366188191,-0.3626617809201695,8.631741425494608,25736.55026431166,3,1,10,10,5,34,15,18,89,2,1,35,0.8,0.14,uniform,68,1
1052,20712.55489408775,19046.74836563805,3592,4.574399170284517e-05,14893,3683,45517,0.9041287114612206,0.3682268171597123,0.9999474479995775,19028.271345135123,1.0936076566518327,0.17342138709432273,0.9195750337431723,8193,0.998870599960886,5.747127003462754e-05,0.9988839484671274,895.5158798138284,172,1053,0,68,3.5702437761849057,3.8538144053319163,-0.36750430252950467,8.159066786575831,20712.5548940378,1,2,10,4,7,34,11,17,89,2,1,35,0.8,0.14,uniform,69,1
1052,23398.469677314606,21491.226447375593,4241,4.002674702082044e-05,16839,4176,51385,0.897392382067442,0.36833750170475543,0.999953414060205,21465.204120587685,1.095584020296466,0.18125116977678904,0.9184885483434785,8193,0.9989964417393298,5.103881120998509e-05,0.999064964566529,1068.9781088628938,172,1053,0,68,4.034453119633483,2.956585668029674,-0.4139251460036456,7.8188890796704476,23398.469677251294,2,0,10,7,3,34,9,13,89,2,1,35,0.8,0.14,uniform,70,1
1053,16558.074057914495,14793.490249474818,3664,5.62588817502814e-05,12061,3306,35820,0.8798900495407368,0.36868136161490317,0.9999322613680359,14762.124674025632,1.1318254204335318,0.22128177390586476,0.8934306126263378,8193,0.9990280839950841,7.666830560240518e-05,0.9990655537598833,1069.6524435212457,172,1053,1,68,2.747449840657299,3.413146831854059,-0.3974835036683979,6.955563679848154,16558.074057874794,1,1,10,4,4,34,9,14,89,2,2,35,0.8,0.14,uniform,71,1
1052,21233.45982903598,19546.509229698622,3649,4.461810191929249e-05,15260,3757,46689,0.9047928222649154,0.36823654926307847,0.9999487926581827,19527.949716242612,1.0922978295825834,0.17185140949145397,0.9205522504142017,8193,0.9989164212038473,5.59336683259327e-05,0.9989350022972459,938.4690727456372,172,1053,0,68,3.6639786441819475,5.215945369801647,-0.37280079098431895,9.625525595952231,21233.459828974563,1,3,10,6,8,34,12,20,89,1,1,35,0.8,0.14,uniform,72,2
1052,16207.920349139604,14552.033750504852,3448,5.78423906188341e-05,11777,3183,35156,0.884653410802506,0.36854280334260203,0.9999311608564369,14526.118836966629,1.124777036275832,0.21273549756696805,0.8978347275304414,8193,0.9988564111551608,7.742868787704126e-05,0.9990233232099962,1023.3800908392732,172,1053,0,68,2.686206890839751,2.5284607305348517,-0.39514678769651157,6.004961196767626,16207.920349100743,0,0,10,2,2,34,7,9,89,2,2,35,0.8,0.14,uniform,73,1
1053,22729.406662411307,21064.381224114037,3679,4.171952493732567e-05,16289,3898,50163,0.9090981345222459,0.36818504400048185,0.9999524888074083,21047.17203814942,1.08408674213183,0.16186080238003467,0.9267457587860927,8193,0.998953530383429,5.150625399178662e-05,0.998968788619129,969.2331991169451,172,1053,1,68,3.9239356357066613,2.8051836406150255,-0.393140653441483,7.515400583204652,22729.40666236498,1,0,10,7,4,34,15,10,89,2,2,35,0.8,0.14,uniform,74,1
1053,16183.615341557812,14569.513960075015,3349,5.815354372855899e-05,11744,3147,35155,0.8882189039609597,0.36846500993718934,0.9999312558952012,14546.201895854267,1.1209575890567207,0.20693769156760186,0.9002632386264178,8193,0.9989011454716595,7.705922597744121e-05,0.9989474696097186,949.5912437935997,172,1053,1,68,2.6905243580410536,4.012856176951081,-0.38328672297300825,7.4699539809381506,16183.615341539034,0,3,10,2,7,34,9,14,89,2,2,35,0.8,0.14,uniform,75,1
1049,25239.85789521753,23545.70238905781,3834,3.75567514726438e-05,18037,4190,55905,0.9133242937902468,0.3681347201200105,0.9999575002982746,23529.076897033625,1.0761705428218573,0.1519025984978493,0.9328777716105632,8193,0.9989169547580605,4.5736927076133754e-05,0.9989437266763829,946.2245689310097,172,1053,0,68,4.440238253376339,4.425659884223434,-0.37193675046306995,9.609771638525913,25239.857895137702,3,2,10,10,4,34,15,13,89,1,1,35,0.8,0.14,uniform,76,2
1053,21037.489830368602,19226.9302058542,3910,4.4725321596474436e-05,15169,3841,46076,0.8968990892524672,0.36834494866475864,0.9999479269066476,19203.275604536877,1.1015901959149368,0.1858586757035876,0.9139365181343654,8193,0.9989937799819909,5.7363209108184835e-05,0.9989972162402239,996.7238844227585,172,1053,1,68,3.595412908349155,3.4435906826389306,-0.4003116558126806,7.839626902613447,21037.489830312064,2,1,10,7,6,34,14,16,89,2,2,35,0.8,0.14,uniform,77,1
1050,18718.568449377424,16950.510445143194,3729,5.017894885134731e-05,13551,3552,40791,0.8911061594527986,0.36842885374307077,0.9999409179152167,16925.1044937528,1.113471444562774,0.19921395218254662,0.9055452339202235,8193,0.9990605883248371,6.578621429133374e-05,0.9991001763415304,1110.828784349607,172,1053,0,68,3.148050706850366,3.0713699439626825,-0.41739090254790173,7.054202455908852,18718.568449340906,0,2,10,3,4,34,13,10,89,2,2,35,0.8,0.14,uniform,78,1
1049,19705.191516079933,18028.631187775623,3681,4.754117773963854e-05,14204,3579,43183,0.8951180114943176,0.3683647343924321,0.9999444621741141,18005.246242178033,1.1004525939002643,0.18680356377131435,0.9149178364018338,8193,0.9988869211873219,6.111674455584011e-05,0.9989671558472046,967.7001958866061,172,1053,0,68,3.384702365119021,3.706400278022711,-0.37224549303901294,7.835593629219758,19705.19151603889,1,2,10,2,4,34,8,7,89,1,1,35,0.8,0.14,uniform,79,1
1052,23498.98030570457,21758.41282437002,3857,4.0278256471965826e-05,16847,4046,51836,0.9075928444135549,0.36819450991783026,0.999954002242749,21739.690382909448,1.0852194634827739,0.1641347815872539,0.9259300846806527,8193,0.9990252654423594,4.991766144532141e-05,0.9990288646847933,1029.222537849464,172,1053,0,68,4.079220286001741,3.0268534570971686,-0.38826646411895205,7.882606671336813,23498.980305634843,4,1,10,6,3,34,15,9,89,2,1,35,0.8,0.14,uniform,80,1
1052,17495.96176259173,15902.014553499406,3397,5.3777627528120474e-05,12645,3272,38204,0.8932429297176991,0.3683839454994296,0.9999370309405472,15880.315250530164,1.1086153429384435,0.19415908917125982,0.9088962795689027,8193,0.9988616766198645,6.980846543981005e-05,0.9989403650723861,943.2211631305921,172,1053,0,68,2.947912627241479,2.753393043636728,-0.3783158447283126,6.457937360334832,17495.961762561103,0,1,10,3,4,34,11,8,89,2,2,35,0.8,0.14,uniform,81,1
1053,17276.69089518905,15334.140473127261,3926,5.4462753164361744e-05,12613,3548,37242,0.8794153004506652,0.36863949943994484,0.9999346545078774,15302.77444422016,1.1400531435680814,0.22724259083047277,0.8875623559021525,8193,0.9990104426328165,7.44973337127803e-05,0.9990503218105179,1052.4881973516087,172,1053,1,68,2.838932019356773,5.012661051815072,-0.44249075275354316,8.736574576678931,17276.690895160813,1,1,10,2,7,34,8,20,89,2,2,35,0.8,0.14,uniform,82,1
1053,17039.553174129782,15381.549620935282,3488,5.5061254972481476e-05,12353,3275,37069,0.8882775805679219,0.3684655862993264,0.9999348848712694,15356.91415460151,1.1176071870253437,0.2047002033654051,0.9026967704932688,8193,0.9990670518058349,7.277313585344057e-05,0.9990903626019605,1098.8390697991479,172,1053,1,68,2.840234305323483,2.701722187136998,-0.3961480639274118,6.334252620315305,17039.553174105964,0,0,10,3,1,34,12,8,89,2,2,35,0.8,0.14,uniform,83,1
1053,18276.413584237485,16586.36520008657,3629,5.117476231978373e-05,13221,3434,39875,0.8900234569117652,0.3684601913088501,0.9999396188226735,16560.952491861506,1.1108629128517045,0.19856193247508008,0.9075284449894206,8193,0.998950501666765,6.707521052669744e-05,0.9989859058590921,985.601658532717,172,1053,1,68,3.090909667426863,2.7954840863953763,-0.3803939573026809,6.647181668427601,18276.413584201047,2,1,10,4,3,34,10,10,89,2,2,35,0.8,0.14,uniform,84,1
1051,17727.6532331091,16060.940071002386,3510,5.305179287732503e-05,12830,3358,38642,0.8919348288095144,0.3684088061537979,0.9999376489607708,16037.72505667153,1.1127468677733836,0.19799575013372547,0.9059823011996945,8193,0.9988849794149766,6.938092360472755e-05,0.9989143060878589,920.5698250549709,172,1053,0,68,2.9940297512884886,4.748413819846004,-0.3794532616673038,8.5013500944691,17727.65323308269,0,2,10,5,8,34,13,13,89,1,2,35,0.8,0.14,uniform,85,1
1053,20549.558529948412,18846.47919204406,3753,4.5641507558058976e-05,14797,3693,45092,0.8972447089193202,0.3683206779017006,0.9999468766164302,18823.602166823803,1.097366498909947,0.18263166065248904,0.91712331262872,8193,0.9989216256670814,5.829582143851368e-05,0.9989638591771474,964.6196907142722,172,1053,1,68,3.5298166360182295,4.378222526033917,-0.3732334171443684,8.654505996340884,20549.558529901078,1,2,10,4,3,34,11,9,89,1,1,35,0.8,0.14,uniform,86,1
1053,21190.760224364356,19425.12937869321,3904,4.4063836271528224e-05,15264,3811,46487,0.8958948873188244,0.36836447751521423,0.9999484539586235,19399.631864152023,1.0981840077519471,0.18423123845794473,0.9166792117424326,8193,0.9991124065382176,5.6607038302968885e-05,0.9991297139408003,1148.5474037647105,172,1053,1,68,3.6406900337867802,2.985594657637681,-0.38414571631985195,7.394576124064165,21190.76022431142,1,0,10,6,7,34,11,11,89,2,1,35,0.8,0.14,uniform,87,1
1053,21782.919627596693,20046.180647918412,3741,4.3565702366644724e-05,15657,3861,47889,0.9051955954274773,0.36822217229594884,0.9999500695680518,20027.365988202706,1.0926358183856275,0.17174006349729823,0.9202706060817479,8193,0.9989831980914,5.455577837422678e-05,0.9989853920289538,985.1022648230273,172,1053,1,68,3.733956916725905,3.5277941943639006,-0.40334975517160737,8.068450621433021,21782.919627540403,2,0,10,3,4,34,13,14,89,2,2,35,0.8,0.14,uniform,88,1
1053,20648.983242363276,18940.56898918827,3653,4.5894427330431266e-05,14863,3714,45315,0.902758556420809,0.368252555843932,0.9999471509756759,18921.32519083616,1.0967179716378828,0.17690943699859937,0.917264001179969,8193,0.9988194414624393,5.7960474759912665e-05,0.9988584851358332,875.5287953673438,172,1053,1,68,3.549086606715958,5.613885647345847,-0.37284753237334045,9.908667318808485,20648.983242305156,1,3,10,5,7,34,14,16,89,2,1,35,0.8,0.14,uniform,89,1
1051,26739.467188030532,25018.11130474317,3953,3.5442600346868915e-05,19085,4373,59323,0.9148612366744882,0.3681292499432514,0.9999600030916082,25001.43240111759,1.0726986135646797,0.14783391053392017,0.9356248996592611,8193,0.9988493249664092,4.2904628178976794e-05,0.9988941020459292,903.7424704242385,172,1053,0,68,4.7153828928705455,2.7175845676428194,-0.3730028707719203,8.178973202057206,26739.467187941154,3,0,10,8,2,34,18,11,89,2,1,35,0.8,0.14,uniform,90,1
1052,20304.461205792864,18551.6955207843,3736,4.654337418577135e-05,14640,3714,44464,0.8989701779852158,0.36831363353242097,0.9999460359133103,18530.342660377803,1.1017457225687197,0.18399897254767433,0.9136758337370459,8193,0.9988901172801561,5.9454701682666605e-05,0.998937186678455,940.3989194501575,172,1053,0,68,3.473329162593476,6.247960685493018,-0.3868345647337767,10.494958977554047,20304.46120574135,1,3,10,2,7,34,9,14,89,1,1,35,0.8,0.14,uniform,91,1
1051,16486.54483841161,14799.401251213885,3525,5.6809830146240064e-05,11981,3240,35757,0.8837789369087287,0.36854581493866595,0.9999323092934592,14772.576700207183,1.125091320075117,0.21381071865265464,0.8976654233052587,8193,0.9989437046574894,7.615822637897232e-05,0.9990246663655754,1024.7901011440085,172,1053,0,68,2.741603985608425,2.9795263612519816,-0.39570235851651064,6.512535063893428,16486.544838376536,1,1,10,3,5,34,7,12,89,2,2,35,0.8,0.14,uniform,92,1
1053,16204.324590593187,14601.563386676533,3331,5.8082088985941395e-05,11755,3139,35218,0.8888437859723198,0.36847383975033254,0.9999314084025207,14578.545194417267,1.1197560003025615,0.20556240905799228,0.9010905271024331,8193,0.9988487624536163,7.680585284778243e-05,0.9988927196270186,902.6135403207816,172,1053,1,68,2.7075316696752916,4.210336710111685,-0.3702127919696697,7.658293963726316,16204.324590560722,0,2,10,4,5,34,11,16,89,1,2,35,0.8,0.14,uniform,93,1
1050,16346.667563299108,14764.839369826599,3361,5.7151055458133497e-05,11850,3131,35572,0.8868378219256114,0.3685063763327139,0.9999321585662653,14739.754510637695,1.117109198941444,0.20560765593263697,0.9032323752014162,8193,0.9989633797164912,7.578628969444597e-05,0.9990091539534974,1008.7384398913696,172,1053,0,68,2.739588680761686,3.6858611039263125,-0.37406228367036737,7.173574352028734,16346.667563268282,0,1,10,3,3,34,10,9,89,1,2,35,0.8,0.14,uniform,94,1
1052,18333.233173572953,16699.946159976644,3505,5.124445255264068e-05,13239,3395,40080,0.8943130387977413,0.3683796583169267,0.999940041339447,16677.657758659807,1.1058495762400464,0.1911828626634389,0.9109111307245759,8193,0.9989247008219767,6.630525936460484e-05,0.9989587220787614,959.8583147219763,172,1053,0,68,3.109218387529466,3.2984809362295295,-0.3761871587687058,7.160073641296407,18333.233173528384,2,2,10,4,7,34,13,16,89,2,2,35,0.8,0.14,uniform,95,1
1053,18511.016910166894,16664.77616342133,3847,5.069966332540796e-05,13435,3597,40211,0.8872875235511186,0.36850352945315623,0.999939894756705,16636.98360172869,1.121129442012169,0.20782218603490626,0.9002625973653806,8193,0.9989761790010058,6.738575787748158e-05,0.999038352117709,1039.3815838044982,172,1053,1,68,3.0992679505924445,4.135556712574795,-0.4165947103981415,8.068014083963522,18511.016910115435,1,2,10,6,7,34,14,14,89,2,2,35,0.8,0.14,uniform,96,1
1050,17836.241480152425,16181.243137640962,3524,5.25928982135382e-05,12903,3359,38907,0.8912766570611758,0.3684351400123222,0.9999381104863779,16157.326118772064,1.1111604636861085,0.1975752573164806,0.9072114859874997,8193,0.9989873079834383,6.876918065372637e-05,0.9990524732331381,1054.8790775316343,172,1053,0,68,3.011450465757901,3.11671422072925,-0.38592886378776076,6.900022414062673,17836.241480114724,1,2,10,4,5,34,11,9,89,2,2,35,0.8,0.14,uniform,97,1
1050,33130.39462360038,31212.997549745218,4401,2.8842404623492897e-05,23572,5226,73784,0.9237069337753486,0.36805692001053597,0.9999679472529033,31198.073928680154,1.0643953073377215,0.13283874369745524,0.9421257399545337,8193,0.998963607059859,3.4116793597137526e-05,0.9989636690381856,964.4426170808212,172,1053,0,68,5.890682198542587,4.819329499023025,-0.41986915830736626,11.549750014180345,33130.394623462256,3,3,10,8,8,34,13,23,89,2,2,35,0.8,0.14,uniform,98,1
1053,39388.0832189465,37444.72108277283,4555,2.437565714073967e-05,27914,5908,88159,0.9327542982999111,0.36799825387714585,0.9999732855149012,37432.37569425034,1.0539732902642653,0.11564411435509887,0.950661165069366,8193,0.9989139725185128,2.8156353757492327e-05,0.9989466900319589,948.8880603407563,172,1053,1,68,7.0544609219831305,3.1409212748459736,-0.4266564984821374,11.04869519379338,39388.083218749634,3,1,10,6,3,34,22,14,89,2,1,35,0.8,0.14,uniform,99,1
1052,19536.873027755777,17693.172394847887,3810,4.856341486797534e-05,14138,3714,42577,0.8953287580675512,0.36835116602329154,0.9999434100133876,17670.47077761151,1.1128355551613243,0.195015855126211,0.9056296967130528,8193,0.9989425157384255,6.297534916836398e-05,0.9989480822113528,950.1445451659919,172,1053,0,68,3.3041182955349817,6.394659230487755,-0.41011612038021017,10.519009766783157,19536.873027713908,2,2,10,3,10,34,12,24,89,2,2,35,0.8,0.14,uniform,100,1
1053,20307.698875141974,18506.578383443397,3918,4.605403742703626e-05,14664,3750,44407,0.892250990058275,0.36840712810097326,0.9999458891690369,18480.08848769929,1.1055532199106697,0.19293175578823962,0.9113084893186361,8193,0.9990396651255432,5.982240340355514e-05,0.9990848789727081,1092.2515600206152,172,1053,1,68,3.458195041704508,2.800584192175863,-0.39891775508406413,7.0566147440485,20307.69887509183,1,0,10,3,4,34,10,12,89,2,1,35,0.8,0.14,uniform,101,1
1052,19072.024805974168,17500.6854264295,3392,4.9580195514580474e-05,13726,3424,41863,0.9015502674629314,0.3682657291073134,0.9999428009303823,17482.301842964385,1.0963443693224053,0.1778521176701428,0.9176102487527985,8193,0.9988598313968592,6.270987790593504e-05,0.998872189442551,886.1736415428386,172,1053,0,68,3.2668336189172544,3.303675134091095,-0.359026610349413,7.288561973707175,19072.02480594267,1,1,10,6,4,34,14,17,89,2,2,35,0.8,0.14,uniform,102,1
1049,18504.5135697768,16863.09533748007,3524,5.08126243274305e-05,13360,3421,40464,0.8947427969573317,0.36835557271056024,0.9999406226648248,16840.942896599456,1.1052854560487162,0.19044002354948186,0.9112963317783378,8193,0.9989216066652573,6.56289049883209e-05,0.9989390476565079,942.0493164537893,172,1053,0,68,3.156587768822269,3.8134661202699194,-0.37144151043992035,7.712936909972029,18504.513569730185,2,1,10,5,6,34,10,14,89,1,2,35,0.8,0.14,uniform,103,1
1052,19398.153367013238,17781.202001723545,3501,4.86547849259608e-05,13968,3498,42554,0.8998331749782441,0.3682910446052608,0.9999436999753214,17761.48155230879,1.0977436560661868,0.18048109702820925,0.9166440570554857,8193,0.9990131060626283,6.180299492786559e-05,0.999016377475493,1016.15008112275,172,1053,0,68,3.3103301704983137,3.5702360307198866,-0.3775316863398078,7.635629573897816,19398.15336696852,1,2,10,5,3,34,13,10,89,2,2,35,0.8,0.14,uniform,104,1
1053,44684.40678621305,42719.79536066159,4848,2.1417397942049418e-05,31592,6486,100327,0.9348083531708361,0.36798951634654864,0.999976584960282,42707.093580725515,1.047691376923339,0.10849422312339625,0.9560336241017836,8193,0.9989600977357278,2.4531735203054733e-05,0.9990562841012517,1059.1408591554514,172,1053,1,68,8.034108736170344,2.6531150494555225,-0.45295807977704305,11.593139945179953,44684.40678596299,3,0,10,8,2,34,19,8,89,2,2,35,0.8,0.14,uniform,105,1
1053,17103.298142739754,15362.024997447927,3630,5.4885662417427314e-05,12425,3356,37106,0.8849246306898391,0.36853952992095007,0.9999347924790599,15335.154311479797,1.1242018227464794,0.21223976625472749,0.8981907974263439,8193,0.9989648877565159,7.330641389791507e-05,0.9989692842229424,969.6994804792922,172,1053,1,68,2.8444792718515646,4.16690260589728,-0.4040104038754634,7.819402685499771,17103.298142702803,1,2,10,3,6,34,9,19,89,2,2,35,0.8,0.14,uniform,106,1
1053,19950.65309249304,18257.554570979817,3650,4.723627232565174e-05,14377,3622,43727,0.8986725892942201,0.3683048077330854,0.9999451655150321,18236.199046863887,1.099866054198549,0.18295140430131626,0.9151356843475817,8193,0.9988767298829953,6.031058861601716e-05,0.9989273659502278,931.7843184796016,172,1053,1,68,3.4093455940293986,3.9882310215220103,-0.37995223929318794,8.157481094137784,19950.65309244342,1,2,10,5,6,34,14,16,89,1,2,35,0.8,0.14,uniform,107,1
1050,17126.410082521015,15433.134678883966,3534,5.4893448932854776e-05,12424,3317,37223,0.8880669104469151,0.3684881161776913,0.9999351021072551,15408.320800700156,1.119778122589382,0.20634797269082988,0.9011307451194817,8193,0.9989051260303915,7.267124049821346e-05,0.9990317245410915,1032.263882046118,172,1053,0,68,2.8584921711227955,2.989214182643445,-0.4036811779229515,6.655068709612143,17126.410082490172,1,1,10,4,5,34,10,10,89,2,2,35,0.8,0.14,uniform,108,1
1053,17045.980881835534,15449.473866276856,3339,5.534918888153242e-05,12334,3226,37164,0.8937155713801768,0.36838799206423106,0.9999351859288684,15428.248452168174,1.112086401972929,0.19588195147855006,0.9063411471228422,8193,0.9989308821474316,7.20788471622028e-05,0.9989630341928424,963.8518652619708,172,1053,1,68,2.8658904128299785,4.620146603002448,-0.37171279358808557,8.229462603008598,17045.980881791107,0,2,10,4,6,34,12,16,89,1,2,35,0.8,0.14,uniform,109,1
1053,29061.266602751348,27242.251851313973,4192,3.265256252439018e-05,20724,4707,64542,0.9167688698477451,0.3681092493363424,0.9999632701797112,27225.334268311268,1.0704181847825784,0.14424698198127148,0.9374075887227448,8193,0.9989735784736697,3.9316267561133874e-05,0.9989740729188076,974.2280587253416,172,1053,1,68,5.131926094371984,3.0875881226340285,-0.3877826620665233,8.995079541139058,29061.26660264874,3,1,10,6,5,34,10,11,89,2,1,35,0.8,0.14,uniform,110,1
1048,19301.685851673028,17598.861869349967,3632,4.8895327784950636e-05,13930,3563,42220,0.8966030326716439,0.368328693053979,0.999943109588154,17577.154428616726,1.1044532481577836,0.18817009187232142,0.9117784842521689,8193,0.9989589001440503,6.283280015253136e-05,0.9989708864331825,971.2099686003005,172,1053,0,68,3.287097605483856,3.694247103154288,-0.39643022879699813,7.77420516623214,19301.68585163168,1,0,10,5,6,34,16,17,89,2,2,35,0.8,0.14,uniform,111,1
1051,34845.25462013515,33021.06336358901,4324,2.7405396679524605e-05,24731,5323,77854,0.9272380954158613,0.36803037909547753,0.9999697042951121,33007.47930347692,1.0576823326942304,0.12409150247682216,0.9476487895860564,8193,0.9989446079832347,3.204323181659245e-05,0.9989677296234595,968.2383595245225,172,1053,0,68,6.199491308411863,3.8394248451119464,-0.431384927551302,10.901686008626413,34845.25461998643,2,2,10,8,3,34,14,11,89,1,2,35,0.8,0.14,uniform,112,1
1052,17191.86642997519,15587.941159363467,3362,5.488338962556656e-05,12437,3249,37491,0.8937477183008918,0.36837801300026607,0.9999357628416836,15566.813777033767,1.1115495570485343,0.19555759193999575,0.9067044129766405,8193,0.9989058849634505,7.140278487276807e-05,0.9989120394170734,918.6508561993465,172,1053,0,68,2.8966166486170573,3.7839246571302065,-0.37179902247397595,7.424139350695215,17191.866429938833,1,2,10,4,8,34,14,14,89,2,2,35,0.8,0.14,uniform,113,1
1053,19407.92620878823,17596.78177469267,3828,4.8527278164020285e-05,14041,3668,42322,0.8921992001503809,0.36840271440750044,0.999943092631451,17571.916810465053,1.1117229614445987,0.1972390021900752,0.9066801669270855,8193,0.9989723273713698,6.326522829136967e-05,0.9990027327589199,1002.2401642082655,172,1053,1,68,3.2736696892425674,4.052838907642541,-0.41254611488774456,8.151600826660598,19407.926208746092,2,1,10,3,7,34,9,13,89,2,2,35,0.8,0.14,uniform,114,1
1052,34719.27905942727,32879.95503091001,4384,2.7448932360423966e-05,24649,5323,77544,0.925670689664968,0.36804121319038013,0.9999695734282674,32865.50964157068,1.0584820575302,0.1262699030269645,0.9470229774826552,8193,0.9989402914171287,3.2205980251313186e-05,0.9989571329470147,958.3949103906978,172,1053,0,68,6.211767890805831,2.7984319685829044,-0.38885550449508455,9.787910868378903,34719.27905928282,4,0,10,4,2,34,11,11,89,2,1,35,0.8,0.14,uniform,115,1
1052,20744.03216539906,19122.230775842567,3544,4.5595144227450715e-05,14901,3647,45647,0.9046565193360359,0.36822895287865653,0.9999476564319333,19104.044010013095,1.0906709038066802,0.17084431665659358,0.9218184113568021,8193,0.998840672317575,5.708960669188705e-05,0.9988635039982585,879.3974134279423,172,1053,0,68,3.5706832108305044,5.31314076528186,-0.3730491399951506,9.629922256102665,20744.032165342946,1,3,10,7,5,34,16,9,89,1,2,35,0.8,0.14,uniform,116,1
1053,37037.19378620232,35285.54907959946,4208,2.5863564010321268e-05,26225,5488,82996,0.9328578557184383,0.36799768409803574,0.999971650957868,35274.060434058854,1.0515862331057284,0.11361551915327966,0.9527057930815642,8193,0.998910018522002,2.9811462427997563e-05,0.9989685261439284,968.9864347810434,172,1053,1,68,6.597875648936926,3.0920892717979385,-0.4367290587572335,10.563423038249331,37037.193786009746,0,2,10,6,3,34,19,10,89,2,2,35,0.8,0.14,uniform,117,1
1049,19996.722938920837,18331.548217927117,3654,4.6954124324865125e-05,14401,3601,43869,0.897509971901202,0.3683213400655583,0.9999453847059685,18309.389518760734,1.0978704452454642,0.18272994085885932,0.9167276195164614,8193,0.9989291791326217,5.996051717573679e-05,0.9989741934988612,974.3426347024649,172,1053,0,68,3.4210193833594658,2.940544873421263,-0.39151120555738217,7.144586667895493,19996.72293886887,0,1,10,5,3,34,18,9,89,2,2,35,0.8,0.14,uniform,118,1
1053,24627.59386656159,22837.06095631151,4020,3.8306256406670604e-05,17647,4209,54369,0.9072011882171237,0.3681986135621761,0.9999561736815572,22816.839794241696,1.0835529906625347,0.16323153702230744,0.9272956619330484,8193,0.9989723936723668,4.748813841862989e-05,0.9990526603386872,1055.0875215771116,172,1053,1,68,4.258698949843427,2.8931305911241476,-0.41890672280337404,7.989642986574323,24627.593866485407,1,1,10,2,3,34,15,9,89,2,1,35,0.8,0.14,uniform,119,1
1053,16384.69686938572,14604.197993547492,3672,5.697215672564932e-05,11945,3304,35400,0.8790289951054725,0.36867207011654485,0.9999313830900151,14573.16704252755,1.1348255270535406,0.22411156149376277,0.8913315949613305,8193,0.9988978571129054,7.786822103864871e-05,0.9990349822669619,1035.750307244946,172,1053,1,68,2.7043131688975186,3.052641848473822,-0.40769003515729524,6.572335087685931,16384.696869348594,0,2,10,4,3,34,10,12,89,2,2,35,0.8,0.14,uniform,120,1
1051,19087.58156154577,17431.465807711214,3545,4.944666514315426e-05,13766,3499,41788,0.897700222007124,0.3683097832492301,0.999942565779938,17410.722763114976,1.1024169358006053,0.18572284752625914,0.9132359566614243,8193,0.998868376204995,6.331645689115313e-05,0.998955676646262,957.0577386916025,172,1053,0,68,3.243350575173287,3.4701154419925464,-0.38891994081264414,7.491305898791122,19087.58156150607,1,1,10,5,5,34,13,8,89,1,2,35,0.8,0.14,uniform,121,1
1053,21265.993543308035,19569.392960402954,3727,4.4336144298734844e-05,15288,3767,46751,0.9017706165671592,0.36826479765568176,0.9999488475849521,19548.919100638028,1.0929517248140994,0.17525633083683548,0.9202200179620121,8193,0.9989101256814276,5.590712025517283e-05,0.9989712967472655,971.5975501054622,172,1053,1,68,3.6622975233793906,2.8429063667362144,-0.376827556060457,7.258859002236519,21265.9935432508,2,1,10,6,2,34,12,7,89,2,1,35,0.8,0.14,uniform,122,1
1052,18895.955692159074,17187.123386430114,3633,4.980911141212344e-05,13653,3522,41277,0.8944430542592972,0.3683729687449666,0.9999417409495404,17164.215041311774,1.1076445508016557,0.19226336360999846,0.9095662408629565,8193,0.9988879225211329,6.453031977665064e-05,0.9989018061936211,910.0859945974832,172,1053,0,68,3.205768173938066,3.8133765352677487,-0.38661883977198735,7.79238238874979,18895.955692114883,1,2,10,4,4,34,17,15,89,2,2,35,0.8,0.14,uniform,123,1
1053,18179.674922509923,16432.922811736564,3699,5.155931722887602e-05,13172,3475,39578,0.8884358858115539,0.3684670302850984,0.999939051219659,16406.71921087267,1.115919304775297,0.20346898477375572,0.9039173077506163,8193,0.9989366466287906,6.80139205853981e-05,0.9989692072709387,969.6270519443442,172,1053,1,68,3.0557699464724535,4.236784410102547,-0.39715976339641273,8.086873883367826,18179.67492245958,0,1,10,6,4,34,13,17,89,1,2,35,0.8,0.14,uniform,124,1
1052,29546.64920151733,27747.801736183363,4117,3.2260588682503094e-05,21052,4741,65686,0.920073141750723,0.36807477872171046,0.9999639418518403,27732.48272179405,1.0681841535428027,0.1393389812807801,0.9391183936606391,8193,0.9989668505400152,3.851674247025084e-05,0.9990518043635842,1054.134599270644,172,1053,0,68,5.208707823672491,3.2482275516091534,-0.40852586480812153,9.273987104897886,29546.649201408018,2,1,10,5,3,34,15,15,89,2,1,35,0.8,0.14,uniform,125,1
1049,20023.6944498075,18301.25984838222,3700,4.709393121319934e-05,14437,3657,43857,0.897936678431096,0.36831279611211115,0.9999452954122748,18279.502488541446,1.1014328412602354,0.18478108569198481,0.9139801795446475,8193,0.9989558345238929,6.0253429488152915e-05,0.9989915282938857,991.0993767034292,172,1053,0,68,3.4290394359053185,6.021461511768827,-0.3886334811131259,10.227767909900397,20023.69444976174,2,5,10,4,8,34,9,14,89,2,2,35,0.8,0.14,uniform,126,1
1046,18827.56741171807,17186.617653115714,3489,5.0177232897771934e-05,13581,3458,41209,0.8983973496124997,0.3683037107350104,0.9999417484398826,17166.42218546114,1.102902056391708,0.18531337180758065,0.9128432408330643,8193,0.9988569410829479,6.424576544169194e-05,0.9989108045186653,917.6087492747462,172,1053,0,68,3.2056520313824683,3.285598462798083,-0.39426525574501625,7.279781005670584,18827.567411676744,0,2,10,3,5,34,16,12,89,2,2,35,0.8,0.14,uniform,127,1
1053,27023.39707912198,25207.17395643109,4164,3.497022759687756e-05,19314,4488,59852,0.9112922603481033,0.368164087494767,0.9999602993291989,25187.991269573773,1.0764041264396818,0.15408869535566522,0.9327907177112796,8193,0.9989960409833107,4.2733965872934895e-05,0.9990310351687816,1031.5291196363962,172,1053,1,68,4.732848945977629,3.177011718707747,-0.39980007188268746,8.709460808450752,27023.397079034567,2,2,10,4,5,34,14,11,89,2,2,35,0.8,0.14,uniform,128,1
1053,20863.423791952344,19238.02936104241,3556,4.53242619467214e-05,14984,3662,45917,0.9047982867818777,0.3682355105858479,0.9999479716361735,19219.785364154097,1.0903114855266152,0.17044182371311736,0.9220935908162446,8193,0.9989075232453705,5.6727122653230116e-05,0.998957390096884,958.6314127918884,172,1053,1,68,3.5849500556036134,3.329406772692869,-0.37771353260262397,7.66978389350173,20863.42379190584,1,0,10,6,8,34,14,16,89,2,2,35,0.8,0.14,uniform,129,2
1051,19119.459552759396,17145.27065256556,4015,4.955794383476177e-05,13894,3782,41445,0.8884549093053038,0.3684739620819837,0.9999415847607838,17118.320587448427,1.1257937598543197,0.20999547549556857,0.8967445238320603,8193,0.9989881956669976,6.576351179036695e-05,0.9989996114032216,999.111470762933,172,1053,0,70,3.1964756514089734,8.034834959996077,-0.4418610855486544,12.11503278250236,19119.459552712335,2,1,10,5,8,34,8,14,89,1,2,35,0.8,0.14,uniform,130,1
1052,19428.427355517717,17767.187290086662,3586,4.8512931562539774e-05,14005,3540,42566,0.8977224436231694,0.36832714042557385,0.999943651090354,17746.072312002467,1.1007521231682833,0.18457489813150357,0.9144943625630482,8193,0.9989363779514918,6.20261819309298e-05,0.9989369181935304,940.1612921842839,172,1053,0,68,3.3181292597075074,2.9580670704787875,-0.3754881082530342,7.027172546692364,19428.42735547245,2,0,10,5,5,34,11,15,89,2,2,35,0.8,0.14,uniform,131,1
1052,16166.003652877529,14549.726222987847,3393,5.7896742839190885e-05,11735,3143,35111,0.8854950489316022,0.36853167863175773,0.9999311524043937,14524.335483334107,1.121649019985045,0.20988489628332171,0.9000199762046951,8193,0.998963435020506,7.72228381404886e-05,0.9989813419315272,981.1835937726833,172,1053,0,68,2.6986767116811565,3.2204278176438024,-0.3747080131947169,6.668520555714393,16166.003652847094,0,1,10,4,5,34,9,12,89,2,2,35,0.8,0.14,uniform,132,1
1053,18518.624288087165,16801.78866211687,3613,5.092299791650333e-05,13393,3490,40398,0.893700564209501,0.36837639196996863,0.9999404031074358,16778.89833233812,1.1107746817196487,0.19510088567022793,0.9072914057079975,8193,0.9989416259224493,6.619871936984286e-05,0.9989594029959905,960.4867276795026,172,1053,1,68,3.1306566097599515,4.473471943973614,-0.38665094732313804,8.37743044837984,18518.624288042465,2,1,10,6,7,34,12,15,89,1,2,35,0.8,0.14,uniform,133,1
1052,17899.332175131396,16186.218119788915,3616,5.244668791977056e-05,12966,3417,38976,0.8895217668490467,0.3684623040447448,0.9999381253989051,16161.220350291791,1.115286007624375,0.20201871023009021,0.9042917334244117,8193,0.9989414240551953,6.900787682869014e-05,0.9989682543734641,968.7310638655333,172,1053,0,68,3.0098602118041127,3.1342764521460245,-0.39305465038030774,6.930245964710752,17899.33217509005,1,1,10,4,3,34,11,11,89,2,2,35,0.8,0.14,uniform,134,1
1052,26241.29451771769,24534.16338885632,3890,3.6165273712773506e-05,18734,4308,58195,0.9150830038019458,0.36812367420735614,0.9999592144638801,24517.995893314455,1.0735154745576552,0.14823963800160606,0.9349448584669195,8193,0.9989286809957515,4.378390416283104e-05,0.9989564227660808,957.7423578201139,172,1053,0,68,4.613236991352519,2.9838171084909435,-0.3756022705547598,8.348258640952983,26241.294517632286,4,1,10,5,3,34,14,12,89,2,2,35,0.8,0.14,uniform,135,1
1053,16776.705110646704,15084.793610227178,3509,5.6067907006425665e-05,12181,3278,36419,0.8870384451918483,0.3684877898320809,0.9999336005915903,15059.875138623225,1.1226277671257263,0.20915906769876674,0.89915114503945,8193,0.9988925386346543,7.454181960180949e-05,0.9989869891314245,986.6561554388041,172,1053,1,68,2.7940136555659016,3.682716409747855,-0.39244505490252546,7.261620175118807,16776.70511061627,1,2,10,5,6,34,7,15,89,2,2,35,0.8,0.14,uniform,136,1
1053,18442.707426355588,16639.371416757807,3749,5.104062325549023e-05,13371,3554,40110,0.890050545729499,0.36844471682802005,0.9999398110466559,16613.84439606214,1.1181031953428047,0.20327818000531114,0.902219562024786,8193,0.9989870145898384,6.729746105860712e-05,0.9989870198594729,986.6861001397311,172,1053,1,68,3.0988981128214927,4.498953849651303,-0.4039902872378989,8.405832536948594,18442.7074263127,1,2,10,5,5,34,13,13,89,2,2,35,0.8,0.14,uniform,137,1
1052,17823.980746598336,16186.513167915919,3472,5.2750220978834245e-05,12887,3343,38902,0.8931910390220329,0.36839676553125694,0.9999381358192873,16163.942625117328,1.1097186469652416,0.19479374721960596,0.9081312080638931,8193,0.9989538554050214,6.865183491670517e-05,0.9989687902140771,969.2346989809788,172,1053,0,68,3.0132119181126797,3.3167207618480505,-0.37537757743231287,7.080687834825357,17823.98074656666,1,2,10,5,4,34,13,15,89,2,2,35,0.8,0.14,uniform,138,1
1048,33380.24950989664,31569.546155760276,4400,2.836491125572828e-05,23715,5156,74498,0.9213631519239432,0.36806984219979444,0.999968308063429,31553.267554551825,1.0601506661960283,0.13181447306723934,0.9457552480666892,8193,0.9989692948428183,3.359822766919331e-05,0.9990033904473907,1002.9018985382621,172,1053,0,68,5.972467628611725,3.618701780644856,-0.3978089953867899,10.386787400030162,33380.24950975222,2,1,10,8,2,34,13,11,89,1,1,35,0.8,0.14,uniform,139,1
1052,16139.350729514965,14508.75333389734,3393,5.812875870056975e-05,11721,3154,35031,0.8860727442448678,0.36852967204901316,0.9999309598714065,14483.829910362774,1.1230442199794362,0.21023150539724156,0.8989675964699338,8193,0.9988723042741351,7.753511736389162e-05,0.9989349691977516,938.4398910475634,172,1053,0,68,2.690079786913799,2.9789621798964787,-0.3782378422660389,6.425517651342356,16139.350729485948,0,1,10,3,4,34,13,11,89,2,2,35,0.8,0.14,uniform,140,1
1053,21320.120495178842,19586.085209158828,3778,4.426608367915371e-05,15338,3807,46827,0.9012432504829795,0.36827345357654684,0.9999488903322918,19565.26993402466,1.0950022588354238,0.17720350130546053,0.9186667220566537,8193,0.9989493214161128,5.59652015888299e-05,0.9990061151469691,1005.6526892097131,172,1053,1,68,3.648495063073912,3.1650079205419583,-0.4009105390391083,7.6153240616940865,21320.12049512505,2,1,10,5,4,34,9,13,89,2,2,35,0.8,0.14,uniform,141,1
1053,15086.843438242027,13410.450247821218,3447,6.178213909277041e-05,11013,3072,32547,0.8768390261683288,0.3687262664947169,0.9999252653888816,13380.181113738408,1.1386717841528007,0.22847721686184985,0.8888837683453717,8193,0.9989306676725684,8.509819298023194e-05,0.9990115942342483,1011.2301549603023,172,1053,1,68,2.4785406067016296,2.6867535844650337,-0.38695672249277635,5.939207636152216,15086.843438208547,0,0,10,1,3,34,5,10,89,2,2,35,0.8,0.14,uniform,142,1
1051,24682.099249743304,22868.74730238352,4061,3.8276195586123975e-05,17692,4236,54465,0.9066964531165079,0.3682053200092181,0.9999562345201144,22848.558263595067,1.0845104118054383,0.16453219634639604,0.9265316969593401,8193,0.9989709788055744,4.7464118613626e-05,0.9989710644604524,971.3780946846554,172,1053,0,68,4.306589021904288,3.1501877673391037,-0.39028999801373226,8.237356785270856,24682.099249669194,2,1,10,3,2,34,8,15,89,2,1,35,0.8,0.14,uniform,143,1
1053,26585.294525449302,24763.96304017637,4019,3.5862179097120655e-05,19008,4447,58838,0.9153276145491414,0.36812427070050063,0.9999595928457129,24747.592695632058,1.0777884333970542,0.15117380009285705,0.9314910172039123,8193,0.9989097122772324,4.35503635174276e-05,0.9989491597739166,951.1193643030383,172,1053,1,68,4.6500855910210035,5.426233308630808,-0.3993530652684945,10.8750250301888,26585.294525364206,2,2,10,3,5,34,13,19,89,2,2,35,0.8,0.14,uniform,144,1
1053,18149.365958622144,16481.89079133434,3523,5.190161801480091e-05,13122,3406,39612,0.8939031449294937,0.3683915606046952,0.9999392466376813,16459.49433655403,1.1096419378784712,0.19411146417080996,0.9081248804454437,8193,0.9989295115140278,6.741447869617957e-05,0.9989468898803852,949.068225492848,172,1053,1,68,3.0699605664631173,3.0208924578589254,-0.3772124551105829,6.845277934543208,18149.36595858553,1,1,10,6,4,34,9,14,89,2,2,35,0.8,0.14,uniform,145,1
1053,23534.64076748612,21864.654999914317,3718,4.028405759891029e-05,16848,3987,52010,0.9108164463589348,0.36815562439760496,0.9999542297521657,21847.75398906923,1.0810987635594402,0.15797989171504753,0.9290413741993911,8193,0.9989268559756465,4.948215834157159e-05,0.9989295065998879,933.6485938612748,172,1053,1,68,4.098799982647317,3.8480769705920497,-0.3712172571290434,8.689311467497452,23534.640767422534,1,3,10,7,3,34,15,14,89,1,1,35,0.8,0.14,uniform,146,1
1052,21070.203756001774,19424.467829723926,3608,4.4830256769560295e-05,15135,3702,46367,0.9041831335105678,0.36824173981309366,0.9999484696119995,19405.52503843336,1.090632273787892,0.17123707211290132,0.9218927379471086,8193,0.9989009079697415,5.62007042342286e-05,0.9989524083929124,954.0703704883414,172,1053,0,68,3.6261113204767605,4.413519318236467,-0.37963083844896883,8.798892315611164,21070.203755949336,1,2,10,8,5,34,16,16,89,1,2,35,0.8,0.14,uniform,147,1
1052,19556.353350921912,17867.215882844095,3613,4.8310236299159395e-05,14101,3579,42824,0.8983313453943262,0.3683163252780061,0.9999439678796529,17846.406266327464,1.101840226484922,0.18474814476747417,0.9136271758968709,8193,0.999031750280885,6.173844417376675e-05,0.9990324636511613,1033.0528201621844,172,1053,0,68,3.3197870761497805,4.730941767638922,-0.3981508232581037,8.84703049030491,19556.35335088547,1,2,10,4,5,34,9,14,89,1,2,35,0.8,0.14,uniform,148,1
1053,30321.74846514193,28583.566535528964,4052,3.1414664209370665e-05,21570,4768,67550,0.9224087993100106,0.36805660637121723,0.9999649979989662,28569.295164925552,1.0637822515184592,0.13363345470193463,0.9426754056873999,8193,0.9988969030615974,3.723450746747663e-05,0.9988996503035603,908.3019038698492,172,1053,1,68,5.384070357981356,3.639596526232284,-0.3750461595945081,9.773759203402657,30321.748465036926,4,1,10,6,8,34,15,14,89,2,1,35,0.8,0.14,uniform,149,1
1050,16870.90292783093,15081.315576945375,3688,5.559201041918302e-05,12282,3370,36508,0.8823098604885379,0.36859058182773863,0.9999335684795059,15052.595160160481,1.1305843537682965,0.21860122222125553,0.8939246252236221,8193,0.9989738642253695,7.51064376676876e-05,0.9990531667143023,1055.6520600957695,172,1053,0,68,2.793893167980388,2.757542961197523,-0.4196121515999378,6.3906604323777865,16870.90292779671,1,0,10,1,1,34,10,9,89,2,2,35,0.8,0.14,uniform,150,1
1053,20583.942439142156,18665.543409360213,4157,4.521805759698768e-05,14899,3877,44889,0.8873048140290124,0.36851362846006236,0.9999463359891434,18633.962534530798,1.1122356140484178,0.20195353792357595,0.9068011856594613,8193,0.9990787723419307,5.968702406772842e-05,0.9991375576242674,1158.9976848625615,172,1053,1,68,3.4882240208560047,3.1923114312254217,-0.42135668932325715,7.52324883072794,20583.94243909381,1,1,10,3,4,34,8,8,89,2,1,35,0.8,0.14,uniform,151,1
1053,17012.35098750572,15427.286515023272,3351,5.53064818631644e-05,12308,3211,37102,0.892254427753141,0.3684139653138375,0.9999350897989137,15405.398963688005,1.1115329668961358,0.19697453940734322,0.9068286050736575,8193,0.9988787826376588,7.214982839564801e-05,0.998910324920733,917.2046626315146,172,1053,1,68,2.8661547309341877,3.1431460690734334,-0.36506103116871724,6.739422862345055,17012.350987471793,1,2,10,6,6,34,15,12,89,2,2,35,0.8,0.14,uniform,152,1
1050,22990.095660237715,21165.382793977304,4008,4.1015107322178616e-05,16525,4064,50554,0.9022881496689351,0.3682632634040914,0.999952705187801,21143.468086939934,1.0923990471669227,0.1743359427134527,0.9206304796105601,8193,0.9989975180845244,5.166480778222652e-05,0.9990086331031193,1008.2081999662458,172,1053,0,68,3.982681465320439,4.2683889064953595,-0.3963843747128903,9.043839121241579,22990.095660174975,2,2,10,8,5,34,14,13,89,1,1,35,0.8,0.14,uniform,153,1
1052,24970.248288871335,23224.648068199036,3925,3.7923749565907596e-05,17868,4207,55217,0.9106708940174137,0.3681663526771609,0.9999569098866664,23206.679616902533,1.0797860445272107,0.15718706336409488,0.9300927968165109,8193,0.9989316345903339,4.652810303472915e-05,0.9989635388547576,964.3214166279869,172,1053,0,68,4.362134993643603,2.814040267810216,-0.3850604985219905,7.9462962584978,24970.24828879102,2,0,10,8,4,34,12,9,89,2,1,35,0.8,0.14,uniform,154,1
1052,26116.638278589155,24400.854481381702,3934,3.6241314026045165e-05,18652,4302,57896,0.9132992865365803,0.3681304137219387,0.9999589898606109,24383.713630020342,1.0744036406277928,0.15063194420490011,0.9343030378219053,8193,0.9989378032323359,4.406144306244214e-05,0.9989771101173516,977.1222540927292,172,1053,0,68,4.5893002165377474,4.015147817827454,-0.37584014059233567,9.356128315549872,26116.638278504237,3,2,10,8,6,34,18,11,89,1,1,35,0.8,0.14,uniform,155,2
1051,17197.96251692315,15556.778939381287,3439,5.480022325574723e-05,12454,3282,37456,0.8913456290590441,0.3684132372060174,0.9999356285934944,15534.347752122094,1.114655109549212,0.19996554804768024,0.9045710457894703,8193,0.9990008318330235,7.175191717044223e-05,0.9990279418429021,1028.2449510282565,172,1053,0,68,2.877750737940521,3.8979563797798504,-0.3949348028548375,7.565576723430046,17197.96251687961,0,1,10,3,6,34,9,8,89,1,2,35,0.8,0.14,uniform,156,1
1053,17000.683382134164,15393.764898496802,3420,5.514081587905856e-05,12309,3227,37046,0.8893378986437106,0.36844553699435906,0.9999349404400059,15370.031244559936,1.1136592185517606,0.2011683838306195,0.9054791829529597,8193,0.9989409182023913,7.245417874268968e-05,0.9989429525878949,945.5312710541748,172,1053,1,68,2.8535722906129637,2.8407735634342832,-0.37542740209357117,6.4452006582343895,17000.683382099905,1,2,10,3,2,34,13,8,89,2,2,35,0.8,0.14,uniform,157,1
1053,18508.96985750246,16870.04157094144,3498,5.0896768463187746e-05,13361,3420,40478,0.8960076425374796,0.3683466533892446,0.9999406500397099,16848.71093153738,1.1049612022231066,0.18898944819352625,0.911452214835355,8193,0.9989150841843871,6.557940347390974e-05,0.9989375410598607,940.7127547729916,172,1053,1,68,3.14892583352035,6.493626556301961,-0.36654802354828425,10.375648436918878,18508.969857466356,2,5,10,4,11,34,12,17,89,2,2,35,0.8,0.14,uniform,158,1
1052,20073.40678807658,18348.83689765907,3719,4.6982234523481525e-05,14472,3665,43968,0.8974433561454489,0.3683270215101794,0.9999454371997316,18327.005091986324,1.1012929300197867,0.18526999623248067,0.9140868359504432,8193,0.9990074446418449,6.0089626177668894e-05,0.9990081624757218,1007.7295673462843,172,1053,0,68,3.4346869760176593,3.6591776038149058,-0.38155005592771407,7.856964691687994,20073.406788032666,1,1,10,4,4,34,7,16,89,2,1,35,0.8,0.14,uniform,159,1
1053,22110.78139932339,20265.741751114347,4037,4.2482809553094914e-05,15925,3986,48502,0.8977914040819936,0.36832035981627964,0.9999505976105152,20241.435870411653,1.0980776282489175,0.18258061201417042,0.9165547515084427,8193,0.9989197017844411,5.42476586755164e-05,0.9990474643101599,1049.3293502487822,172,1053,1,68,3.7961693472666895,2.767361757888952,-0.4034092660793741,7.37034963731439,22110.781399267024,2,1,10,5,1,34,10,10,89,2,1,35,0.8,0.14,uniform,160,1
1050,21011.353501666068,19394.86320711026,3591,4.4854878690880766e-05,15085,3669,46269,0.9034849754765588,0.3682493250082159,0.9999483903196439,19375.709906318247,1.0891569104898249,0.1709076000132622,0.9230658655841647,8193,0.9989564255845124,5.621104000810517e-05,0.9989717662409415,972.0414119499054,172,1053,0,68,3.6298313739496675,2.902951072795304,-0.372331197785597,7.277444842316164,21011.35350161014,2,1,10,5,4,34,14,11,89,2,2,35,0.8,0.14,uniform,161,2
1052,30869.571127997177,29082.588507831297,4209,3.075811704855148e-05,21966,4870,68748,0.9202539661741621,0.3680719243370503,0.999965597004879,29066.7366281877,1.0645602624692865,0.13634786121737352,0.9421118416982096,8193,0.9990031912617677,3.662406151595948e-05,0.9990605141204374,1063.9118747992093,172,1053,0,68,5.451102577330991,2.7873795122689025,-0.4176371808211709,9.073756451242234,30869.57112788037,2,1,10,8,2,34,18,7,89,2,2,35,0.8,0.14,uniform,162,1
1045,20463.30235965539,18814.513957838786,3615,4.604865373554294e-05,14717,3639,44965,0.9010802804064941,0.36828092864570533,0.9999467938572048,18794.32231238533,1.0940397373698383,0.1766577034568568,0.9194270615349315,8193,0.9988230952957008,5.82096344904584e-05,0.9989333336408426,937.0001813355741,172,1053,0,68,3.5422668764247294,3.135060396327749,-0.37415462780335007,7.4256365283591785,20463.302359591715,2,2,10,5,4,34,14,11,89,2,2,35,0.8,0.14,uniform,163,1
1053,23789.74668058089,22062.939370161053,3851,3.9760826872525405e-05,17044,4064,52523,0.90845108574804,0.3681820379942863,0.9999546381773122,22044.469548767058,1.0832918819278605,0.16187646096893907,0.9274138000036211,8193,0.9990135572802711,4.9140094267438304e-05,0.9990159067917973,1015.6638256637634,172,1053,1,68,4.141957360270544,3.0808823198812587,-0.37651304438317806,7.975865768918158,23789.746680501845,1,1,10,6,4,34,15,10,89,2,1,35,0.8,0.14,uniform,164,1
1052,21862.61952253905,20055.415126841584,3992,4.286166079236507e-05,15742,3924,47980,0.8970749677513106,0.3683297627479968,0.999950077929107,20030.72029802539,1.0971290713616828,0.18259477076315064,0.9173381582278214,8193,0.9990077939011336,5.4770955279498116e-05,0.9990307248892963,1031.1987516009585,172,1053,0,68,3.7662058117231116,3.1153555834428883,-0.3901857324736397,7.6619328601132795,21862.61952247491,2,1,10,5,2,34,9,13,89,2,1,35,0.8,0.14,uniform,165,1
1052,15984.96602714734,14419.161710676894,3307,5.848376896014658e-05,11593,3078,34761,0.8866126093563113,0.36851566918098805,0.9999305318020945,14394.576160714,1.1187541160405505,0.20688189104585564,0.902045189598074,8193,0.9989099308053722,7.771783234111549e-05,0.9989294267007903,933.5788764080568,172,1053,0,68,2.68284272719607,3.66381439654783,-0.3561241981113899,7.05890551996668,15984.966027117238,1,1,10,4,6,34,10,11,89,1,2,35,0.8,0.14,uniform,166,1
1052,35008.1404169357,33223.018730391166,4272,2.7271320625121586e-05,24831,5305,78280,0.9280194503494198,0.3680241774176629,0.9999698888499519,33209.78915619967,1.0560551066894766,0.1220287610002089,0.9490083830422209,8193,0.9988751168767909,3.179903377704068e-05,0.9989406960505324,943.516027640228,172,1053,0,68,6.264466508513648,3.9175388140659693,-0.39107349467602104,10.96415231193166,35008.14041677766,4,3,10,6,6,34,15,12,89,1,1,35,0.8,0.14,uniform,167,1
1052,17844.839859178803,16165.559440320618,3541,5.274255337000991e-05,12916,3383,38895,0.8916690484711992,0.3684109392116146,0.9999380527226418,16142.25949365599,1.1128531517964235,0.19843271376731494,0.9058954615390163,8193,0.9988746385669834,6.893822285359518e-05,0.9989448768728499,947.256599628651,172,1053,0,68,3.0088959429734725,3.3832597572360923,-0.3836591633271147,7.159474026863794,17844.839859141088,2,1,10,4,7,34,11,17,89,2,2,35,0.8,0.14,uniform,168,1
1053,18776.589847313076,17169.699178075676,3438,5.0314202937036255e-05,13534,3423,41136,0.8991971092318258,0.36829057310363006,0.9999416931020376,17150.129422301048,1.1007342870276893,0.18310034079441623,0.9144205267141549,8193,0.9988869539656909,6.418040175744188e-05,0.998904216335731,912.0888005917942,172,1053,1,68,3.1987718332936015,3.9832026743365785,-0.3675320313358239,7.917038570301828,18776.589847273925,2,2,10,4,5,34,14,15,89,1,2,35,0.8,0.14,uniform,169,1
1052,19674.733338050097,18020.919210708515,3588,4.787398848892571e-05,14173,3559,43143,0.8985738751069584,0.36830222657265405,0.9999444460487945,18000.01981980351,1.098782712439221,0.18236587700332185,0.9159422341880906,8193,0.9988721945751906,6.104172119244218e-05,0.9988962628887976,905.5127527423035,172,1053,0,68,3.3766918304849045,4.018670215679647,-0.3637517698961656,8.122865585956882,19674.73333800443,1,3,10,2,7,34,8,14,89,1,1,35,0.8,0.14,uniform,170,1
1053,21446.06541224467,19752.467305136972,3698,4.408778789859369e-05,15411,3785,47170,0.9038198790128343,0.3682394595821209,0.9999493252134519,19733.179565423718,1.0917448128560892,0.17243256182034306,0.9210298917515781,8193,0.9988903398033978,5.532393535668088e-05,0.9989386933418299,941.7346485699743,172,1053,1,68,3.6955779887343962,3.274897796308727,-0.3777487752138869,7.725973335470897,21446.06541218771,1,1,10,5,7,34,11,12,89,2,1,35,0.8,0.14,uniform,171,1
1051,17770.163445261187,16068.972513663151,3567,5.294695583526828e-05,12871,3394,38695,0.8907988550022912,0.36843776012943763,0.9999376772717338,16045.010642674988,1.1151912456636568,0.20072972378603646,0.9042670070628024,8193,0.9989743253521558,6.950176096866128e-05,0.9990066537991711,1006.1982859516755,172,1053,0,68,2.984514325746266,2.989308434722674,-0.3970581662078866,6.7679390928847125,17770.16344521907,1,1,10,4,5,34,9,11,89,2,2,35,0.8,0.14,uniform,172,1
1052,20482.454205309932,18819.647461381508,3545,4.640347762145772e-05,14731,3657,44992,0.9051706361864916,0.3682316214967002,0.9999468155761747,18801.997570514697,1.094512659923488,0.17307496281773616,0.9188179928410457,8193,0.9987933511293259,5.821102518776969e-05,0.9988000948095941,832.899078479388,172,1053,0,68,3.522591867595091,4.189162341328982,-0.3714108330233605,8.454575874970793,20482.454205253056,1,0,10,7,5,34,16,17,89,2,2,35,0.8,0.14,uniform,173,1
1053,20418.260551644904,18752.274054202866,3579,4.641159991832971e-05,14689,3652,44840,0.9033524885504881,0.36824809336931225,0.9999466216869731,18733.700147147305,1.0951694313715237,0.1752842751196881,0.9184070311362628,8193,0.9990269704133395,5.845829672550102e-05,0.9990322994622581,1032.8774581325488,172,1053,1,68,3.486409778453743,2.9186973715054814,-0.3917023870941504,7.188511924147526,20418.26055160966,1,1,10,5,4,34,16,12,89,2,2,35,0.8,0.14,uniform,174,1
1052,18816.84948220192,17115.50208151274,3652,4.9776481274255656e-05,13598,3503,41105,0.892549735987625,0.368413688201111,0.9999414907719434,17090.821026268102,1.1078836070101459,0.1940813739013152,0.9095838332395434,8193,0.9989841439056939,6.482141462299658e-05,0.9990254376979048,1025.6015828991433,172,1053,0,68,3.194468214748703,4.046496369743818,-0.38287959554717443,8.00672377558687,18816.849482156314,2,4,10,6,7,34,14,13,89,1,2,35,0.8,0.14,uniform,175,2
1053,16717.700521076906,15002.413278491462,3554,5.6155438768455495e-05,12150,3290,36252,0.8851651809092045,0.36853085235049776,0.9999332285830115,14975.968146548064,1.1253464826996704,0.21258904569556564,0.8973969392248121,8193,0.9988989689463926,7.514097925330597e-05,0.9989823425904408,982.1488799280921,172,1053,1,68,2.7843326090003337,3.5909455856072245,-0.3909191518812009,7.15711649836996,16717.70052104128,1,1,10,5,7,34,10,11,89,2,2,35,0.8,0.14,uniform,176,1
1053,22623.72765147373,20803.599155725693,3971,4.172727243070626e-05,16269,4022,49716,0.9020963132438923,0.3682578036545933,0.9999518825652975,20781.9878028262,1.0938056106339362,0.17552368297455725,0.9195478073380416,8193,0.998946384372889,5.263112004691512e-05,0.999017047843189,1016.84343072045,172,1053,1,68,3.8858910736743137,3.2912287189411797,-0.41111322858953575,7.999346249794565,22623.72765141917,1,2,10,3,4,34,9,10,89,2,1,35,0.8,0.14,uniform,177,1
1052,18372.108121639863,16742.6167863617,3464,5.135243726516131e-05,13262,3398,40175,0.8965883793109239,0.368340301305507,0.9999401997723318,16721.844357133792,1.105098639501113,0.18854668049334392,0.911306240716119,8193,0.9989647370976997,6.60851502380935e-05,0.9989681137425179,968.5989718788118,172,1053,0,68,3.123048762658807,4.711889979479955,-0.369747458177192,8.574433658493145,18372.108121597354,1,2,10,3,5,34,11,13,89,1,2,35,0.8,0.14,uniform,178,1
1053,19213.833035914628,17562.20907756358,3584,4.890073848480236e-05,13854,3506,42084,0.8961512363523397,0.368342956461394,0.9999429892973208,17540.066117152368,1.1015232994175985,0.18653227564228142,0.9140398505980655,8193,0.9989184906032464,6.279861731747728e-05,0.998981353979987,981.1952050459973,172,1053,1,68,3.273337025793111,2.616924248178235,-0.3760139781729361,6.642289230317218,19213.833035881238,3,0,10,4,1,34,14,11,89,2,2,35,0.8,0.14,uniform,179,1
1052,17913.071749378516,16263.168051689598,3539,5.2169623647943246e-05,12956,3359,39091,0.890573023793541,0.36845202477016187,0.9999384190969424,16238.300505216086,1.1103640303352593,0.19756522217485026,0.9078938709802152,8193,0.9990051566651487,6.837721971091857e-05,0.9990179567047479,1017.7849620050569,172,1053,0,68,3.026185522567953,2.6702683969134307,-0.379341425975496,6.455136771432375,17913.071749338542,1,0,10,5,3,34,15,11,89,2,2,35,0.8,0.14,uniform,180,1
1052,19208.446911919313,17421.863378750197,3831,4.870483135504971e-05,13899,3619,41895,0.8896543262962552,0.3684690372155881,0.9999425132159577,17394.80252708658,1.1116432140860744,0.19944350615992648,0.9069896935779593,8193,0.9990451521567607,6.390479338047704e-05,0.999101650540397,1112.652484289426,172,1053,0,68,3.2399916030550386,3.2280614006304287,-0.41180438779559,7.291661779276647,19208.446911874307,2,0,10,5,5,34,12,13,89,2,2,35,0.8,0.14,uniform,181,1
1053,16199.818786899878,14578.623985108621,3408,5.7757343902266964e-05,11761,3151,35183,0.8851187882580118,0.3685319907280522,0.9999312879684922,14552.991981861922,1.1218121827557188,0.21037272359835954,0.8999251273661005,8193,0.9989435594905515,7.708199404749573e-05,0.998967362558175,967.8940079928469,172,1053,1,68,2.695941118260507,2.9300599821596855,-0.3809475402142373,6.387896180848667,16199.81878686953,0,1,10,3,3,34,8,10,89,2,2,35,0.8,0.14,uniform,182,1
1048,26818.004958036858,25079.340795403405,4036,3.5204363958811925e-05,19146,4396,59481,0.9126401887976605,0.3681447465560238,0.9999600984213378,25061.16506176576,1.0733910051662499,0.1504959077424022,0.9351680273997262,8193,0.9989809793829212,4.2829995627987396e-05,0.9990164154955212,1016.1893792927116,172,1053,0,68,4.728629916846332,2.8982126542470343,-0.38930996062423573,8.405462492341838,26818.004957945777,2,1,10,8,2,34,13,8,89,2,2,35,0.8,0.14,uniform,183,1
1053,18012.404783663744,16344.223610061486,3531,5.2258388338415664e-05,13028,3392,39296,0.8927095800487485,0.36840549561025604,0.999938732806148,16321.448775758883,1.110718880082476,0.19603157059863666,0.9073870927487037,8193,0.9989529659829969,6.805062894134959e-05,0.9989827969058553,982.5877624018782,172,1053,1,68,3.029238287201103,3.086720660052005,-0.39192121586215,6.899801378977409,18012.404783628026,1,1,10,6,5,34,12,10,89,2,2,35,0.8,0.14,uniform,184,1
1053,19249.859907514452,17561.729548000785,3664,4.867190241107549e-05,13893,3539,42119,0.8939001987390947,0.3683796959246068,0.999942982439148,17537.956306914268,1.1040422843788729,0.19033904753611772,0.9123042781805034,8193,0.9989295596221126,6.29497981332811e-05,0.9989996777755957,999.1777959889453,172,1053,1,68,3.2592604060006134,2.70662728148429,-0.39693330862059545,6.759754304726094,19249.859907480666,0,0,10,5,3,34,9,10,89,2,2,35,0.8,0.14,uniform,185,1
1053,17806.969922378015,16175.427317624266,3477,5.276876266284097e-05,12874,3337,38871,0.8925781948417993,0.36840070544193154,0.9999380926859013,16152.680189435856,1.1094158401771046,0.19526062070956018,0.90837618012128,8193,0.9989593765567869,6.868095488401107e-05,0.9989603197385759,961.3340820527674,172,1053,1,68,2.997424277901707,2.488917998643851,-0.38471625815695454,6.255774792859468,17806.969922348853,1,0,10,3,0,34,14,6,89,2,2,35,0.8,0.14,uniform,186,1
1053,17636.154088807754,16042.234953685504,3378,5.3484323801440594e-05,12741,3288,38527,0.8951661206639301,0.36836157331871655,0.9999375856710465,16021.461886678348,1.1074755775522294,0.19153835824919133,0.9096220679919221,8193,0.9988359750736818,6.912234500534773e-05,0.998885288436739,896.5929605038826,172,1053,1,68,2.9763446037284713,2.717548926280911,-0.37335227923050923,6.4405980884704,17636.154088779032,1,0,10,4,2,34,12,12,89,2,2,35,0.8,0.14,uniform,187,1
1053,16232.71882476547,14572.32578210739,3486,5.749911052200021e-05,11798,3185,35207,0.882710253437103,0.3685880486907256,0.9999312479813387,14544.527463593238,1.1252601267184879,0.21475145584863942,0.8977131889868689,8193,0.9989849431108472,7.736390523119478e-05,0.9990244303510311,1024.5420579471904,172,1053,1,68,2.698922964067097,3.0468398377513135,-0.38421451451590743,6.5141918308502245,16232.718824739517,1,1,10,3,1,34,10,10,89,2,2,35,0.8,0.14,uniform,188,1
1052,17346.46279876458,15715.648605564651,3430,5.4303009383185396e-05,12554,3288,37811,0.8922598255827827,0.3684165285283599,0.999936280776777,15693.351071625704,1.1126758069879956,0.19773483734356986,0.9059857786501536,8193,0.9989067588791413,7.08988381204157e-05,0.998958567086212,959.7153881748706,172,1053,0,68,2.9115750841470875,2.830061602228407,-0.38623153158071893,6.514099749536933,17346.462798728262,1,0,10,3,3,34,12,13,89,2,2,35,0.8,0.14,uniform,189,1
1053,18067.397030398588,16378.222618780519,3569,5.2101976701006755e-05,13073,3416,39395,0.8920276736138746,0.3684185831158597,0.99993885784388,16354.82770101212,1.111992635986278,0.19753813977714219,0.9065070408993606,8193,0.9989098472809972,6.798962735381171e-05,0.9989720579738175,972.3174220223663,172,1053,1,68,3.0438311761825196,3.0316420140436255,-0.38777319805768323,6.851019586341511,18067.39703037467,1,0,10,3,4,34,11,10,89,2,2,35,0.8,0.14,uniform,190,1
1053,22237.630285881285,20573.214677395004,3647,4.264859664272099e-05,15948,3844,49031,0.9083928760631287,0.3681808701143408,0.9999513533149189,20555.885252888263,1.086161944020996,0.16400128759742388,0.9251531936142036,8193,0.9989198262436991,5.28381780381272e-05,0.9989413159122252,944.0687510534087,172,1053,1,68,3.8463677075224423,3.963095228948725,-0.37730376176860425,8.564070460008375,22237.63028581736,2,4,10,7,8,34,17,18,89,1,2,35,0.8,0.14,uniform,191,1
1053,19022.34028398584,17297.000980056517,3787,4.875466870468425e-05,13754,3537,41545,0.8878140768063293,0.3685217564237224,0.9999420903157589,17267.768905708734,1.1088621327448365,0.199081708321038,0.909299314481204,8193,0.9990477125395429,6.42138559742273e-05,0.9991205860793461,1136.6208847599735,172,1053,1,68,3.2210119054752044,2.629372975248051,-0.39196820543580224,6.63432129159486,19022.34028394645,2,0,10,2,0,34,9,11,89,2,2,35,0.8,0.14,uniform,192,1
1053,25265.384782261193,23509.759913380774,3954,3.746865783749744e-05,18075,4247,55884,0.9109495685717456,0.3681657504810726,0.999957432769757,23491.749651686103,1.079245222908817,0.15649870500987187,0.9305126407529308,8193,0.998973660613123,4.5940479892609155e-05,0.9989809795793331,980.834518073594,172,1053,1,68,4.413262381876363,3.1416034200458323,-0.3854811664964755,8.325828134915147,25265.384782182995,2,2,10,5,6,34,12,13,89,2,1,35,0.8,0.14,uniform,193,1
1053,22426.62875656781,20614.25457072898,3981,4.197255268811703e-05,16131,3992,49272,0.900449874121326,0.36827814876841364,0.999951437815375,20591.654317712186,1.094408213418602,0.177512190673515,0.9191865079004323,8193,0.9989771970268176,5.3146853714903616e-05,0.9990050163753141,1004.5415832474467,172,1053,1,68,3.8603407132364547,3.0044181510155483,-0.39922790148451587,7.663214667221035,22426.62875650591,2,0,10,6,1,34,16,12,89,2,1,35,0.8,0.14,uniform,194,1
1051,21124.0632886095,19383.071839353266,3779,4.467204863622428e-05,15204,3792,46366,0.900538069616075,0.3682826124814564,0.9999483536447507,19361.950553379054,1.0964756865234206,0.17889550643590948,0.9175825490830161,8193,0.9989275027958257,5.6628972828719424e-05,0.9989683290652387,968.8012350785787,172,1053,0,68,3.630671358599907,3.146872555091426,-0.3891313604411844,7.555806634573702,21124.063288560938,1,1,10,3,4,34,15,12,89,2,1,35,0.8,0.14,uniform,195,1
1053,23751.249786988345,22016.001969495966,3891,3.9747454041888415e-05,17021,4067,52424,0.9069785303315646,0.3682069035672464,0.9999545395025916,21996.619627715107,1.0839877003564626,0.16382295815572653,0.9269407785672399,8193,0.9989119537971634,4.927862004303368e-05,0.9989295848499475,933.7168825034558,172,1053,1,68,4.128839895505447,2.829113510567889,-0.3823186585145559,7.7225907231024475,23751.249786915312,3,0,10,7,3,34,17,12,89,2,2,35,0.8,0.14,uniform,196,1
1053,22478.81238038781,20635.971878124194,4017,4.193608804355233e-05,16177,4025,49353,0.9003352846857448,0.3682838404669611,0.999951488596355,20613.20986337614,1.095940568732848,0.1787016116342841,0.9180187782575449,8193,0.9989789654093916,5.316561530070632e-05,0.9990324495712379,1033.0377797608642,172,1053,1,68,3.8637791758294537,4.145690060687052,-0.4057008584212442,8.820870953358993,22478.812380329924,2,3,10,3,6,34,11,13,89,1,1,35,0.8,0.14,uniform,197,1
1052,16912.308915983405,15269.751178185043,3467,5.5443810571726944e-05,12260,3248,36796,0.8878480260715704,0.36848523632744146,0.9999344078755021,15245.232735400145,1.117367820765959,0.20499862066281346,0.9028779721350748,8193,0.9989310003303923,7.329052920961082e-05,0.9990378635221552,1038.8535073741743,172,1053,0,68,2.819565235122435,4.021615459913123,-0.39570261962159775,7.632585934278754,16912.308915953614,0,2,10,3,7,34,12,15,89,1,2,35,0.8,0.14,uniform,198,1
1053,26950.982883957564,25169.89963972866,4049,3.5187390700087e-05,19250,4449,59732,0.914050691879569,0.3681293266138413,0.9999602435356632,25152.642175709603,1.0748453582382975,0.15023570819044774,0.9339139781321636,8193,0.9988834160138909,4.2732051152784255e-05,0.9989278014047169,932.1629493333547,172,1053,1,68,4.735386570788892,2.9472792909796675,-0.3835085638496914,8.449682989467941,26950.98288387214,2,1,10,8,3,34,13,15,89,2,1,35,0.8,0.14,uniform,199,2
1052,17795.15052067946,16129.252115882973,3536,5.278150650350052e-05,12877,3365,38798,0.8909541480930203,0.36842811238420653,0.999937911705237,16105.59541615955,1.112250942596884,0.198705821335474,0.9063846971757517,8193,0.9990397397585165,6.905776437454329e-05,0.9990417986698339,1043.1219320186956,172,1053,0,68,2.9922245953464572,3.356177955051625,-0.3908838686536263,7.130170287705336,17795.15052064044,0,2,10,4,4,34,13,8,89,2,2,35,0.8,0.14,uniform,200,1
1053,21950.96204147974,20236.575734376365,3697,4.328827936250838e-05,15765,3859,48306,0.9069987849458644,0.36820105682298604,0.9999505421799147,20218.749414398262,1.0904051413990756,0.16842086433450829,0.9218992632822299,8193,0.9989434250539239,5.392906130338538e-05,0.9989562607702864,957.5936317248395,172,1053,1,68,3.7866247802846678,5.834093336404237,-0.3825987793402301,10.385915675369366,21950.96204142509,2,3,10,6,9,34,11,15,89,2,1,35,0.8,0.14,uniform,201,1
1053,23887.613707118715,22274.331710463095,3634,3.972844583192242e-05,17073,3974,52897,0.9134930978563384,0.3681271691418451,0.9999550748964416,22258.76977625797,1.0766648362551832,0.1521290508359584,0.9324636601865824,8193,0.9988858302666153,4.836927926675788e-05,0.9988877606723168,898.5869788212891,172,1053,1,68,4.174585429839606,2.963034682087903,-0.36247320397885424,7.862566519885218,23887.61370705419,3,1,10,7,5,34,13,13,89,2,2,35,0.8,0.14,uniform,202,1
1052,17535.513386119757,15916.773838028314,3442,5.357136814048813e-05,12682,3296,38262,0.8921466566282893,0.36839860791942525,0.9999370853250251,15894.042887957778,1.1103959846827776,0.1962873811681223,0.9076879294921153,8193,0.9989346780399792,6.986020247002811e-05,0.9989682186678702,968.6975228662404,172,1053,0,68,2.95999473461153,3.471136308589032,-0.37375305741880266,7.178637158038168,17535.51338607955,1,2,10,6,7,34,16,12,89,2,2,35,0.8,0.14,uniform,203,1
1053,17467.16168885619,15774.500291586719,3597,5.3549565595361993e-05,12662,3350,38008,0.8867502786811284,0.3685084869316223,0.9999365022641789,15748.093028271638,1.1172369517812495,0.20592927826933877,0.903094651127586,8193,0.9989565832675099,7.094201681414197e-05,0.9989769327394116,976.9527553134432,172,1053,1,68,2.9333372505361464,3.467298387289249,-0.3842623104941595,7.169160258813714,17467.16168882456,1,2,10,4,7,34,11,17,89,2,2,35,0.8,0.14,uniform,204,1
1046,19145.036190114686,17348.768150152617,3834,4.889503156428349e-05,13858,3621,41736,0.8895557609918231,0.36846210090005543,0.9999422707330451,17321.736232504853,1.112757645461219,0.20026078623866173,0.9061757824783037,8193,0.9989483392647928,6.423868317127871e-05,0.9991012848432734,1112.1995301878183,172,1053,0,68,3.233417020794196,2.7051100500349468,-0.42720175359834905,6.792930578025841,19145.03619007301,1,1,10,4,4,34,12,12,89,2,2,35,0.8,0.14,uniform,205,1
1053,22508.567572089596,20766.265179551956,3802,4.206030563243661e-05,16162,3942,49553,0.9058472963597762,0.36821231916884756,0.99995180144978,20747.01201524457,1.0896229948831708,0.16891345874512437,0.9225938129133514,8193,0.9990325592928171,5.251824864014377e-05,0.9990408283223345,1042.0661501281977,172,1053,1,68,3.8916180003689624,3.000779499890253,-0.3835135422764657,7.659424584812147,22508.56757202818,3,0,10,4,4,34,14,12,89,2,1,35,0.8,0.14,uniform,206,1
1053,28360.32618772495,26572.942304593038,4187,3.3246690943895346e-05,20231,4601,62969,0.9137440827693278,0.3681427394535863,0.9999623418688618,26554.190040558995,1.0711364328863886,0.14763581957009497,0.9369759053086796,8193,0.9991230726125301,4.0336996256689194e-05,0.9991349298994702,1155.4756105295407,172,1053,1,68,4.992692239419106,3.0013994223984177,-0.39388443439439513,8.781860530606314,28360.32618762808,3,0,10,5,5,34,10,12,89,2,2,35,0.8,0.14,uniform,207,1
1053,19237.59520626083,17362.493802012825,4029,4.806861892970372e-05,13957,3683,41845,0.8833553202732527,0.36864301837802077,0.9999422888271036,17327.167235545177,1.11890788430381,0.20943366136993938,0.9025293242661766,8193,0.9992441671753346,6.45734863664371e-05,0.9992640765977736,1358.3370091590318,172,1053,1,68,3.2214930735355103,3.131625468632675,-0.4323711631634905,7.217860868495166,19237.595206220238,2,1,10,6,4,34,13,11,89,2,2,35,0.8,0.14,uniform,208,1
1050,16951.78767558653,15263.072051565907,3495,5.562530869532153e-05,12300,3296,36827,0.8889268142857643,0.36845435857307335,0.9999343821358185,15239.252346642617,1.1206984399473299,0.2061729457025584,0.9003812661921986,8193,0.9988814458663615,7.353783802090966e-05,0.9989094466359388,916.465582603942,172,1053,0,68,2.8355430946203852,3.4173441657229957,-0.39336884358074664,7.039624947504874,16951.787675555945,0,0,10,3,5,34,11,14,89,2,2,35,0.8,0.14,uniform,209,2
1053,16690.880274299387,15056.373822867357,3430,5.620927872957538e-05,12104,3217,36296,0.8880148096942024,0.3684831586170791,0.9999334769146592,15031.875520583852,1.1185279385903153,0.20550144411984747,0.9020718844919856,8193,0.998950947890412,7.440792951517001e-05,0.998979176381696,979.1010742550767,172,1053,1,68,2.7839002912737265,3.9356992880887995,-0.3862574056428386,7.4921143906482035,16690.880274265714,0,4,10,2,5,34,12,14,89,1,2,35,0.8,0.14,uniform,210,1
1053,17463.37105832841,15588.841966657756,3918,5.3246007450349594e-05,12726,3498,37760,0.8776736734325924,0.3687158343129762,0.9999357126845945,15554.668128385476,1.1330991072761039,0.22435530842892315,0.892659379142226,8193,0.999014863430816,7.284389969539996e-05,0.9991419354739027,1164.9134487597687,172,1053,1,68,2.8864304564807313,3.0205821555765135,-0.43044913673749025,6.767910885532225,17463.371058293935,1,1,10,3,3,34,7,8,89,2,2,35,0.8,0.14,uniform,211,2
1052,21764.920844694956,19947.7763203574,3942,4.329193720310811e-05,15674,3926,47742,0.8992838634389602,0.3683009862710905,0.9999498129720364,19924.96760322765,1.0980032434903206,0.18111713008875172,0.9165104005062131,8193,0.998967069570943,5.5105519485105955e-05,0.9990277879261552,1028.0820841955235,172,1053,0,68,3.7382850092218485,3.6489660459525517,-0.3995326418506199,8.18631633887564,21764.920844641183,2,3,10,4,7,34,10,15,89,2,1,35,0.8,0.14,uniform,212,1
1051,17112.78946231575,15063.801244722366,4201,5.403052554011442e-05,12550,3598,36723,0.8675521108237875,0.36899671375684484,0.9999334220767304,15019.49387366669,1.1530590510545127,0.2454889081205063,0.8802656795313538,8193,0.999083366531733,7.676827702649125e-05,0.9991482818670172,1173.5972756094457,172,1053,0,68,2.7965070914379053,4.392774623987822,-0.45997044657977837,8.109222608585284,17112.789462282926,1,1,10,1,7,34,8,17,89,2,2,35,0.8,0.14,uniform,213,1
1053,18630.102833995843,16972.133009645266,3561,5.047699797141439e-05,13452,3449,40732,0.89434411494713,0.36837118570148325,0.9999410036805971,16949.709942440622,1.1056900955260627,0.19114226216196498,0.9110058683452275,8193,0.9989203772850083,6.523164603650148e-05,0.9989568652867243,958.1488653368291,172,1053,1,68,3.160568434129716,3.4075916988713484,-0.3779126359465282,7.323985404894121,18630.102833951427,2,1,10,6,7,34,10,14,89,2,2,35,0.8,0.14,uniform,214,1
1052,17712.709957429546,15993.320239017365,3545,5.342333438839116e-05,12835,3407,38539,0.8926048971505851,0.36839270247744443,0.9999373879925755,15970.877389213634,1.1168089034790738,0.2001387708893782,0.9029290423348807,8193,0.9989134014932696,6.992564735642978e-05,0.9989144444458645,920.6872187789397,172,1053,0,68,2.9793102115573538,6.606082049908034,-0.3881251415588017,10.36164254458299,17712.709957390976,2,2,10,6,10,34,12,17,89,2,2,35,0.8,0.14,uniform,215,1
1053,16331.09343208117,14520.288774263054,3701,5.739070898150266e-05,11917,3328,35237,0.878638887983607,0.3686728653925992,0.9999309878866426,14489.709775551919,1.13795198948239,0.22662291507864818,0.8891192028660536,8193,0.9990271417667427,7.853247169351176e-05,0.9990400027223262,1041.1695405498042,172,1053,1,68,2.682144504051222,4.292071930466907,-0.41967761029818024,7.813571655114489,16331.093432049604,0,2,10,2,5,34,10,17,89,2,2,35,0.8,0.14,uniform,216,1
1050,21521.53135464796,19701.655409028986,3985,4.360275494845226e-05,15509,3900,47178,0.8962762128457861,0.3683353426606877,0.9999491805156907,19676.992075650236,1.0996624128717416,0.18516340377142207,0.9154392912088972,8193,0.9990005706023076,5.588427673673587e-05,0.9990586461207952,1061.7996815654178,172,1053,0,68,3.693221771512791,2.6361180521533494,-0.4061175341229607,7.141574891912062,21521.531354587696,1,0,10,6,1,34,15,9,89,2,1,35,0.8,0.14,uniform,217,1
1053,26950.439272881995,25227.94571175025,3935,3.523635881259223e-05,19230,4397,59807,0.916238287854656,0.3681156709247369,0.9999603371335463,25211.99948072422,1.0720550163492415,0.1460087518484148,0.9360866239065369,8193,0.9988823368048321,4.2520774944721484e-05,0.998883625172325,895.2563994584842,172,1053,1,68,4.749095913866486,3.735065065523194,-0.36969597080503575,9.22355292099975,26950.43927279556,2,2,10,6,7,34,16,13,89,2,1,35,0.8,0.14,uniform,218,1
1050,18283.45724870823,16544.36061848143,3674,5.133384655292261e-05,13241,3480,39827,0.8900247844000473,0.3684598663631941,0.9999394656639816,16519.050150694336,1.1144480739607217,0.20094667819236303,0.9048814123844291,8193,0.9990739128822254,6.746237418439435e-05,0.9990822809433875,1089.1580196067157,172,1053,0,68,3.080836577199914,3.2068080947209263,-0.40172670825908396,7.091098088439009,18283.45724865974,1,1,10,5,5,34,11,12,89,2,2,35,0.8,0.14,uniform,219,1
1052,25461.32891956006,23747.57124885935,3923,3.711459689946615e-05,18198,4230,56390,0.9113716437587798,0.3681604145208117,0.9999578595396064,23729.663138014315,1.0765100170743969,0.15407679671371155,0.9326917429913033,8193,0.9989460856648785,4.5364627738115023e-05,0.9989558689634229,957.2341100595817,172,1053,0,68,4.474678151516448,2.8522561974606666,-0.3658786772814229,8.058691703539962,25461.328919476804,2,0,10,5,5,34,12,8,89,2,1,35,0.8,0.14,uniform,220,1
1053,15712.8303475126,14114.79378745149,3337,5.947524658475586e-05,11417,3075,34092,0.884426443765899,0.3685708721183021,0.999929023193246,14088.609461423826,1.1243171830185936,0.21237421433295497,0.8982973452447359,8193,0.9990781685403026,7.980044342950198e-05,0.9990886061972071,1096.7204635187275,172,1053,1,68,2.609716597875709,2.7473096205600926,-0.3746766305164019,6.106379479468606,15712.830347484463,0,1,10,1,5,34,7,7,89,2,2,35,0.8,0.14,uniform,221,1
1052,19042.12155979746,17404.137185087955,3546,4.939583041979403e-05,13730,3476,41707,0.8965310344762638,0.36834103818422903,0.9999424726701311,17382.54214716534,1.1015528758057769,0.18621874610266467,0.9139809936846698,8193,0.9989195821559805,6.336939565451757e-05,0.9989675499307572,968.069755492476,172,1053,0,68,3.235829563130956,2.7789356090158,-0.38434563834491675,6.783456448836589,19042.12155976309,1,1,10,4,3,34,11,13,89,2,2,35,0.8,0.14,uniform,222,1
1052,25554.52687651565,23783.542654013818,3989,3.707395556080407e-05,18281,4292,56530,0.9112150596724442,0.36815039925988713,0.9999579229756194,23765.43912169836,1.0790027665573372,0.15609758769065102,0.9306978277837205,8193,0.9988909840360093,4.540122571567204e-05,0.9989671834810767,967.726100899385,172,1053,0,68,4.46255142959993,2.965097323543766,-0.3957236419641351,8.219096037071967,25554.526876426986,2,2,10,4,4,34,15,10,89,2,1,35,0.8,0.14,uniform,223,1
1053,19204.599586994435,17591.351152102307,3483,4.918040019929439e-05,13833,3475,42113,0.8995717006498464,0.368281164284894,0.9999430920851373,17571.748115980492,1.09860259581026,0.18136280239650118,0.9159967679834035,8193,0.998949931279194,6.25191829906429e-05,0.9989997010947531,999.2011006708009,172,1053,1,68,3.252402449318104,2.705967939137198,-0.3951948131608904,6.7487600147770825,19204.599586951907,0,1,10,4,2,34,13,9,89,2,2,35,0.8,0.14,uniform,224,2
1052,16151.64735918145,14431.751510681032,3582,5.770426541437761e-05,11764,3226,34942,0.8794556244959315,0.36865733555156455,0.9999305655663815,14401.576138367918,1.1316267679276664,0.2217730439715056,0.8935157628040499,8193,0.9989625881743674,7.857386369892406e-05,0.9990154956124728,1015.2394236720687,172,1053,0,68,2.68065295057929,4.558368311799977,-0.3900024408940474,8.019026144167361,16151.647359149756,1,3,10,1,7,34,5,13,89,1,2,35,0.8,0.14,uniform,225,1
1052,17010.3741967296,15290.604732311522,3529,5.55359081420568e-05,12350,3331,36921,0.8889612349145981,0.36846815992620674,0.9999345003218862,15266.750594815538,1.1227544976978618,0.2074616324829869,0.8988987870267592,8193,0.9989561945736317,7.354005820034276e-05,0.9989621853599056,963.0631176945557,172,1053,0,68,2.8242013291472983,4.432966660566065,-0.40971011509173594,8.076588219896836,17010.374196697318,0,1,10,1,7,34,8,18,89,2,2,35,0.8,0.14,uniform,226,2
1053,18707.62599426472,17046.41693917483,3580,5.014308629116549e-05,13508,3458,40906,0.8938548573401605,0.3683790318605686,0.9999412581245846,17023.13080239128,1.1055383278096835,0.19136580991610247,0.9112015038359664,8193,0.9989863290366167,6.494139471952567e-05,0.9990035783577983,1003.0911253504421,172,1053,1,68,3.169678078915757,3.2174890761464474,-0.383527238125256,7.1542216313127165,18707.625994220933,0,1,10,6,6,34,12,14,89,2,2,35,0.8,0.14,uniform,227,1
1052,16896.94197712732,15161.538322029517,3639,5.5333980044216856e-05,12283,3324,36638,0.8825878249444742,0.3685793715185193,0.9999339220826071,15133.148866237689,1.125757633652726,0.2153644135682043,0.8972948088803911,8193,0.9990241850379852,7.438771992087724e-05,0.999119863790135,1135.6876993693936,172,1053,0,68,2.7902447358029145,3.6801413867553876,-0.42210164767353225,7.314589417905367,16896.94197708611,0,2,10,3,2,34,10,9,89,1,2,35,0.8,0.14,uniform,228,1
1050,28605.068514245697,26874.263882442785,4026,3.320642623245651e-05,20379,4580,63607,0.9183530644115064,0.3680915878393925,0.999962768702725,26858.623186051733,1.0677969416832451,0.14074428795704508,0.9394930786150382,8193,0.998900307884022,3.975546536523292e-05,0.9989431895400439,945.7433849506369,172,1053,0,68,5.054862150469778,2.674402439567282,-0.3937223284149568,8.516709246866974,28605.06851414486,3,1,10,8,2,34,17,10,89,2,2,35,0.8,0.14,uniform,229,1
1053,17538.84186964257,15784.097590030537,3608,5.389178365267172e-05,12728,3419,38092,0.889773181760713,0.36844150699561756,0.999936550462271,15760.05611210525,1.121204367792561,0.2057148372062681,0.8999509606931765,8193,0.9989780269625137,7.113989883627734e-05,0.9989894978574982,989.1069219490635,172,1053,1,68,2.912610484209759,4.20208279777871,-0.4186035461019326,7.951900374192334,17538.841869591055,0,1,10,2,6,34,13,19,89,2,2,35,0.8,0.14,uniform,230,1
1050,18823.597205100275,16906.585514485963,4056,4.94127331517677e-05,13681,3683,40837,0.8815729884797368,0.3686186338705816,0.9999407355934696,16873.03435649242,1.1248318618448245,0.21547422396506774,0.8981591207181752,8193,0.9990686885532513,6.666249273904684e-05,0.9991677908215649,1201.120900339117,172,1053,0,68,3.13406466719887,3.2433170212153573,-0.45138241947845903,7.280146527371144,18823.597205055976,0,2,10,6,3,34,17,9,89,2,2,35,0.8,0.14,uniform,231,1
1053,20051.89454688575,18353.25363269327,3672,4.701033469382068e-05,14449,3639,43953,0.8984278552063858,0.36830771203378426,0.9999454516680624,18331.86625632096,1.0996549727437779,0.18312484096772275,0.9152877594573081,8193,0.9989332227013726,5.99843444701366e-05,0.9989487040127307,950.7068151682971,172,1053,1,68,3.423562216674148,3.282871395274436,-0.3849647627835555,7.476363137515695,20051.894546844807,2,1,10,4,6,34,11,13,89,2,2,35,0.8,0.14,uniform,232,1
1052,29306.25936669561,27508.528646746992,4214,3.229466259694373e-05,20888,4713,65134,0.9160892104671976,0.368114435308315,0.9999636252149311,27491.07137273652,1.068929217189149,0.14379180731570604,0.9386571074303804,8193,0.9989370523901608,3.888207052926931e-05,0.9989957705854369,995.2883143196717,172,1053,0,68,5.185526603901699,5.271628381699138,-0.3860055950691602,11.229166175739158,29306.259366586717,3,3,10,7,6,34,14,12,89,1,1,35,0.8,0.14,uniform,233,1
1051,20916.800406093567,19175.158491383947,3801,4.4992843087629555e-05,15063,3769,45888,0.8985218035415572,0.3683058709202447,0.9999477898083808,19152.848585026448,1.0977554255825284,0.1817199536355798,0.9167347834804487,8193,0.9989623094571912,5.731402112077327e-05,0.9989817995122846,981.6247638619825,172,1053,0,68,3.602287803164007,3.419926939236394,-0.3780738345223309,7.7783624114450625,20916.800406041704,3,2,10,3,5,34,8,13,89,2,1,35,0.8,0.14,uniform,234,1
1052,20310.098394251057,18625.23819733698,3637,4.6439388610458334e-05,14622,3653,44565,0.9007403644281686,0.36828731905647616,0.9999462517567393,18604.759243724846,1.0972030622732165,0.17907348006888452,0.9170432282400468,8193,0.9989935981071155,5.897273709753647e-05,0.9990116306012893,1011.2673815660665,172,1053,0,68,3.4702987139267236,2.7258243357534373,-0.3909367222337317,6.977996494147624,20310.098394203997,1,0,10,4,3,34,17,11,89,2,2,35,0.8,0.14,uniform,235,1
1052,20682.896323360983,18998.684211103806,3631,4.577755248808462e-05,14879,3696,45425,0.902946700830207,0.3682470700275865,0.9999473131531078,18979.569196679797,1.0949947646788405,0.17555568346096898,0.9185698131477414,8193,0.9989343410570287,5.769182151463358e-05,0.9989356148992944,939.0094922666208,172,1053,0,68,3.5492033936647798,3.1029860550553074,-0.3829061735028362,7.418001795725759,20682.896323301662,1,0,10,5,6,34,14,14,89,2,2,35,0.8,0.14,uniform,236,1
1053,21722.92788215975,20049.85626392202,3713,4.3391427187684706e-05,15597,3795,47834,0.9035431499353476,0.36824084339381946,0.99995007636684,20030.093458348034,1.0892616329808489,0.1709253936735366,0.9229813021838662,8193,0.9989384781148606,5.4379898180419467e-05,0.9989491683206189,951.1271040857316,172,1053,1,68,3.75349662508743,2.872166394451799,-0.37241560323424583,7.370494226007721,21722.927882113625,2,1,10,6,4,34,13,7,89,2,1,35,0.8,0.14,uniform,237,1
1053,20252.05562986281,18578.689788955457,3649,4.6463308994354306e-05,14579,3637,44447,0.8993983598748301,0.368302221907713,0.9999461148659355,18557.49409465743,1.0968689537362089,0.18017924040359348,0.9173730375083564,8193,0.9988796937760215,5.9104930623417685e-05,0.99895686697232,958.1504144150581,172,1053,1,68,3.4702238301465833,2.8037341370585818,-0.37632044902252726,7.02659886525022,20252.05562982537,2,1,10,5,4,34,11,11,89,2,2,35,0.8,0.14,uniform,238,1
1052,20893.02917814954,19108.844016876832,3811,4.5268085480488025e-05,15058,3806,45778,0.899745301390609,0.3682917386397376,0.9999476111103002,19087.51666729269,1.1004397339686012,0.18240533565068873,0.9146038065586654,8193,0.9989942207225729,5.7650815844356345e-05,0.9989942218910278,993.7550019112705,172,1053,0,68,3.569096706283514,3.944869148722168,-0.4029620728221225,8.319890000649927,20893.029178095647,1,0,10,8,7,34,16,14,89,2,2,35,0.8,0.14,uniform,239,1
1052,24877.7425046016,23201.3657072943,3780,3.815570732837573e-05,17780,4136,55095,0.9135610712369521,0.3681290830368782,0.9999568699538857,23185.19280436194,1.0764739015619345,0.15194304705504605,0.9326153971970237,8193,0.999009435043792,4.642836901536497e-05,0.9990121419037893,1011.7910592864497,172,1053,0,68,4.35039594520208,2.6739414392583027,-0.37921289596088864,7.78276317638216,24877.742504517213,2,0,10,4,2,34,15,11,89,2,1,35,0.8,0.14,uniform,240,1
1053,19291.88384882337,17498.85223888849,3816,4.865423586138102e-05,13957,3636,42079,0.8912322438677562,0.3684264931139019,0.9999427706147302,17473.04082196632,1.1113626016738294,0.19780338871534006,0.9070577231344755,8193,0.9990099645500218,6.360259850584092e-05,0.9990569723789493,1059.9142482512214,172,1053,1,68,3.2530590188159567,3.4211093332460316,-0.41111645103803846,7.496401254138065,19291.883848781283,1,1,10,5,6,34,9,11,89,2,2,35,0.8,0.14,uniform,241,1
1053,17267.768276250332,15597.624774151442,3529,5.421325912825754e-05,12516,3308,37578,0.8880108393105077,0.36848590048029845,0.9999357845546031,15572.0774924597,1.1168978743347098,0.20436920067161782,0.9032797130827864,8193,0.999044648426408,7.172209446359563e-05,0.9990546050595671,1057.2589139898678,172,1053,1,68,2.888521563900852,2.6821329476021454,-0.39120650375478294,6.353067519012564,17267.76827620692,0,1,10,1,3,34,13,8,89,2,2,35,0.8,0.14,uniform,242,1
1053,20043.438159878653,18195.25761645524,3965,4.671718419963251e-05,14497,3763,43737,0.8905631361868642,0.36845020556379493,0.9999449592624091,18167.861172419478,1.1104464712892237,0.19782035239527013,0.9077912417679442,8193,0.9989044324851047,6.111979283541589e-05,0.9990207602241106,1020.7002664448081,172,1053,1,68,3.397282400946857,2.94804098821569,-0.40963842713092796,7.164600243424403,20043.43815982954,2,0,10,4,3,34,8,12,89,2,2,35,0.8,0.14,uniform,243,1
1053,21705.178158136132,19983.29412194557,3755,4.356858207073985e-05,15599,3838,47730,0.9035943262306889,0.3682446365981825,0.9999499101385159,19963.619886967525,1.0922282602041051,0.17300019251822854,0.9206694354846787,8193,0.998869204182415,5.470956226264014e-05,0.9989551344287767,956.5608282202245,172,1053,1,68,3.7288228860386057,2.952888302803162,-0.3937180746603945,7.469147338162556,21705.178158080234,1,0,10,3,4,34,12,13,89,2,1,35,0.8,0.14,uniform,244,1
1052,34553.96759185746,32815.65411889274,4168,2.7635824997604444e-05,24501,5215,77295,0.9287601959319569,0.3680178160192823,0.9999695154206917,32802.97056157683,1.0552273913609815,0.1206229064410588,0.9496927966855433,8193,0.9989172026797426,3.2168163100307166e-05,0.9989243520659409,929.1721277158509,172,1053,0,68,6.200283052214053,2.842910605698988,-0.36891230742729814,9.781018272767637,34553.96759171351,4,0,10,5,4,34,15,10,89,2,1,35,0.8,0.14,uniform,245,1
1052,28376.566329164387,26690.392629362672,3896,3.35513987227958e-05,20205,4516,63139,0.9207179458491868,0.3680663349843198,0.9999625140384844,26676.153324350358,1.0663770505077672,0.13729638585609405,0.9405786563376863,8193,0.9988619435690368,3.9974169076634604e-05,0.9988629827942405,878.9940719799292,172,1053,0,68,5.029775049547611,3.9588180193107685,-0.3650094236590703,9.71861191617652,28376.566329067144,3,3,10,6,8,34,13,16,89,1,2,35,0.8,0.14,uniform,246,1
1053,42148.58544192779,40449.8062829925,4253,2.2767814643046598e-05,29749,5978,94835,0.9388783899560447,0.36796169904118786,0.9999752722933549,40439.96681328995,1.0433999554157298,0.10090492849065533,0.9596954644830046,8193,0.999008305643415,2.5800888011249864e-05,0.9990093922175732,1008.9811851108021,172,1053,1,68,7.623704268175792,3.7690691165051726,-0.38172506548158236,12.156223515644129,42148.58544170608,4,1,10,9,5,34,20,13,89,1,2,35,0.8,0.14,uniform,247,1
1051,17834.48772848886,16189.714501645927,3496,5.2633971460414874e-05,12898,3350,38917,0.8922675767807712,0.3684251520200419,0.999938145403914,16166.447372690352,1.1103011462500272,0.19602469402109485,0.9077756955017234,8193,0.9989480599398551,6.867722893514387e-05,0.9990181900925882,1018.02702043663,172,1053,0,68,3.0162976675529114,3.291722775135015,-0.3775154111245482,7.063051264937022,17834.48772845005,0,1,10,4,5,34,11,14,89,2,2,35,0.8,0.14,uniform,248,1
1052,18039.238022548794,16401.751838760287,3492,5.212258793340873e-05,13036,3367,39398,0.8934725555779157,0.36839080762048193,0.9999389494745407,16379.375392804623,1.1081734509718568,0.19357802117999934,0.9092264217733769,8193,0.9988584940314661,6.76545714821931e-05,0.998897020875246,906.1353805987466,172,1053,0,68,3.0616380837582495,6.00675228028738,-0.3678748482783641,9.804140060602359,18039.23802251259,2,4,10,4,7,34,13,12,89,2,2,35,0.8,0.14,uniform,249,1
1050,18414.35864173322,16713.339390015404,3616,5.1089232174935966e-05,13317,3464,40178,0.8922163563909006,0.36840998756729454,0.9999400849629453,16689.800947116913,1.110432612913405,0.19636850081788407,0.9076253870790414,8193,0.9989176763887582,6.653161114938912e-05,0.9989716899487323,971.9692573056268,172,1053,0,68,3.1175391644593247,3.978072056935233,-0.3899577196729164,7.87552666074039,18414.358641694263,1,4,10,3,6,34,7,14,89,1,2,35,0.8,0.14,uniform,250,1
1053,20833.555740342315,19208.964427491577,3618,4.507419825378045e-05,14967,3654,45849,0.9016210113039289,0.3682644855918824,0.9999478868003588,19188.49638977286,1.0906793996983624,0.173662146063433,0.9220204494566973,8193,0.9989356065482874,5.683879330105826e-05,0.9989811846061796,981.0320022867961,172,1053,1,68,3.585767534945486,3.3009439828024623,-0.37122310898423805,7.629157735716424,20833.555740289998,1,1,10,7,6,34,19,12,89,2,2,35,0.8,0.14,uniform,251,1
1052,20471.906560611165,18745.494322695013,3813,4.5687216383332996e-05,14753,3703,44883,0.8949577912838318,0.36836537373101635,0.9999465852138689,18720.90791331182,1.099501326655815,0.18625524636461446,0.9156692009703754,8193,0.9990207362063158,5.872962821434203e-05,0.999044473361782,1046.0432190803976,172,1053,0,68,3.506824528436298,3.1411133477011166,-0.3851729165375088,7.4182837092124325,20471.906560562224,3,0,10,7,4,34,15,12,89,2,2,35,0.8,0.14,uniform,252,2
1053,18105.35413919775,16430.436747830263,3529,5.20412794787632e-05,13094,3408,39501,0.893671654792414,0.36839412433836155,0.9999390559291709,16407.987094572887,1.110515256326721,0.19491471820259962,0.9074904926746878,8193,0.9988775701525937,6.767932043856366e-05,0.9988969649900091,906.0894459340857,172,1053,1,68,3.055014931344304,3.7163851196036615,-0.38379877030016357,7.538997591548293,18105.35413915812,1,0,10,5,6,34,17,21,89,2,2,35,0.8,0.14,uniform,253,1
1053,35477.119786121126,33783.17561202393,4046,2.7021544522487993e-05,25125,5271,79479,0.9328620904863785,0.367996425516247,0.9999703902864634,33772.20093108799,1.0521096146048363,0.1140453346943576,0.9522524888066061,8193,0.9988257939518496,3.115266429744693e-05,0.9988313084984354,855.1577033157797,172,1053,1,68,6.371112443392824,3.4428237949463534,-0.36718191291764773,10.548300064174473,35477.11978597463,3,2,10,6,5,34,18,12,89,2,1,35,0.8,0.14,uniform,254,1
1053,17658.236983956223,15961.586729819717,3574,5.3144530918205326e-05,12794,3376,38443,0.8894308391753675,0.3684676680376742,0.9999372534732809,15936.637112758377,1.1158434998540758,0.20239846159314975,0.9039173471463751,8193,0.998967886939058,7.001530397799981e-05,0.9989962207539033,995.734899139429,172,1053,1,68,2.9618685201639714,4.388479325522334,-0.3920226448743395,8.134393135434983,17658.23698392671,1,3,10,4,4,34,12,9,89,2,2,35,0.8,0.14,uniform,255,1
1053,15888.427782402507,14208.453316719118,3483,5.878229800948962e-05,11567,3164,34389,0.8812726363025717,0.3686424941043123,0.9999294807316317,14180.02147623853,1.130343637665257,0.2192161520133323,0.8942642727970812,8193,0.9989239567191194,7.971100633318807e-05,0.9989911177770961,990.6958922802926,172,1053,1,68,2.632269330215639,3.9560546645613344,-0.38547573766308885,7.35927547010315,15888.427782381501,0,2,10,3,4,34,11,14,89,1,2,35,0.8,0.14,uniform,256,1
1048,26891.396711443267,25196.533431590808,3893,3.5289523002180626e-05,19181,4366,59708,0.9166344586326941,0.36811191848606367,0.9999602880266928,25180.822321422114,1.070951620459477,0.14476748983229223,0.9369737727631219,8193,0.9989018820770279,4.252960216513373e-05,0.998926919480706,931.3964290283773,172,1053,0,68,4.763852291220018,3.0821441870823,-0.368093646060449,8.582183770423216,26891.396711349644,2,2,10,9,2,34,18,5,89,2,1,35,0.8,0.14,uniform,257,1
1052,23561.659910207654,21817.188745338655,3859,4.017892939212873e-05,16892,4056,51975,0.907892631919073,0.3681873535800594,0.9999541263789856,21798.52038932454,1.0851689547457803,0.16378302779627846,0.9259614487469434,8193,0.9989155781921908,4.9780629366899316e-05,0.998930923507523,934.8866741456299,172,1053,0,68,4.098493571412356,2.996737405675897,-0.38090945333043347,7.85704988374912,23561.659910147075,2,0,10,5,5,34,16,14,89,2,1,35,0.8,0.14,uniform,258,1
1052,17961.864465902006,16320.196581216047,3493,5.231858334373437e-05,12984,3362,39214,0.8931082342689385,0.3683931175692439,0.999938642725783,16297.486057042655,1.1090774184321797,0.19446756246440638,0.9086025903489904,8193,0.9989507215597521,6.804996729083554e-05,0.9989887665726286,988.3912764090305,172,1053,0,68,3.0325797379691624,4.662535598380013,-0.38222339242302217,8.45956212119522,17961.86446586289,1,2,10,4,6,34,14,14,89,1,2,35,0.8,0.14,uniform,259,1
1052,20235.2338249164,18500.506546072316,3825,4.600134452168273e-05,14594,3679,44326,0.8932415771631106,0.3684295524188135,0.9999458700501985,18473.561095999754,1.1016878600732796,0.18902672601144518,0.9142719429953882,8193,0.9990927723456766,5.963430856299427e-05,0.999126081279532,1143.7711008549022,172,1053,0,68,3.455872317134714,2.880210804946495,-0.3911303111671617,7.118343744415533,20235.233824867864,3,0,10,5,3,34,13,9,89,2,2,35,0.8,0.14,uniform,260,1
1053,19974.913876544233,18350.001610128882,3531,4.7267591234188614e-05,14370,3566,43872,0.901653791179158,0.36826469381198107,0.9999454482076747,18330.703378054463,1.094993527022033,0.17677172586692935,0.9186523518219809,8193,0.9988454799054544,5.973385948380485e-05,0.9989057082159966,913.3329600697012,172,1053,1,68,3.4231724390691323,2.827053468818635,-0.3707333304451612,6.99169256877809,19974.913876492756,1,1,10,7,3,34,12,10,89,2,2,35,0.8,0.14,uniform,261,1
1048,19986.43715193268,18383.011785780393,3476,4.7349042659470523e-05,14370,3550,43927,0.9034772103179618,0.3682504877513637,0.999945549661031,18364.85857604469,1.0933891718330069,0.17391794113058676,0.9197743272618633,8193,0.9988967373401674,5.9535411031494436e-05,0.9989041577841257,912.0400403330452,172,1053,0,68,3.4433968296863515,3.828456425025548,-0.3708087336496313,8.013470722011162,19986.43715188055,1,2,10,5,5,34,15,15,89,1,2,35,0.8,0.14,uniform,262,1
1053,19627.11824127484,17927.691124562578,3669,4.792192914956241e-05,14156,3593,42973,0.8963118741236908,0.36834611306698684,0.9999441519280459,17905.221088479713,1.1023325774098898,0.1869352369969565,0.9134143333819403,8193,0.998899493134276,6.156314910077199e-05,0.9989415847824181,944.3087007683653,172,1053,1,68,3.346921683438782,2.9105771503030553,-0.38092603569510874,7.019350905132055,19627.118241239936,2,0,10,7,3,34,13,13,89,2,2,35,0.8,0.14,uniform,263,1
1052,16468.85089721506,14884.890123241152,3332,5.704520645738824e-05,11932,3151,35851,0.8896292402712813,0.3684463843726535,0.9999327167654145,14862.04348179586,1.1159039512988937,0.20232134110604238,0.9038208079082335,8193,0.9988817462939644,7.508162733025463e-05,0.9988997102670255,908.3514316630317,172,1053,0,68,2.7638376940468943,3.149569559435467,-0.36712255256619475,6.647652358614751,16468.85089718485,0,1,10,4,5,34,10,19,89,2,2,35,0.8,0.14,uniform,264,1
1050,16190.511491117471,14570.821038777965,3378,5.7994231379055734e-05,11752,3151,35164,0.8868115502897055,0.36849115959922485,0.9999312569722609,14546.429812313496,1.1215571843737426,0.20864072156418637,0.8999605137102611,8193,0.9988967456994282,7.70992366366541e-05,0.9989264641649671,931.0011863370576,172,1053,0,68,2.7155980571937675,5.171399154528793,-0.3683088934899996,8.62361499870256,16190.511491089777,0,4,10,5,8,34,8,16,89,1,2,35,0.8,0.14,uniform,265,1
1053,22822.710098798532,20982.75264550291,4062,4.1169833278866255e-05,16416,4058,50148,0.899796649205191,0.36829210175712057,0.9999522891422824,20959.089654190182,1.0942311624655532,0.17798061590476225,0.9193804133982982,8193,0.9989908118472597,5.2206707302767755e-05,0.9990385651590958,1039.6120079991808,172,1053,1,68,3.935997677171135,2.7499077002794405,-0.3988000623814808,7.4835055022135375,22822.710098744523,2,0,10,6,1,34,12,10,89,2,1,35,0.8,0.14,uniform,266,1
1051,22173.62360907914,20442.628024516467,3813,4.252576067572719e-05,15928,3894,48796,0.9034178833912008,0.3682393079922602,0.9999510350865256,20422.287029393745,1.0906265147854899,0.17196106812414466,0.9219344742618476,8193,0.99889077714243,5.340243292952327e-05,0.9989376391837149,940.7996889286509,172,1053,0,68,3.820822119828463,4.142966116736629,-0.39870663545618545,8.761201507477463,22173.62360902083,0,2,10,6,6,34,10,11,89,2,2,35,0.8,0.14,uniform,267,1
1053,25395.851325886204,23685.26734609361,3933,3.7171334032329995e-05,18152,4220,56243,0.9106523337160588,0.3681597448524406,0.9999577479388444,23666.98443747024,1.0766104880805227,0.15486781480686415,0.9326431723889885,8193,0.9989745669799438,4.5489012183303985e-05,0.9989783891827471,978.3462456480643,172,1053,1,68,4.454143478087689,2.9696891334694318,-0.3693800405832637,8.162592692723647,25395.851325802563,3,2,10,4,4,34,9,10,89,2,1,35,0.8,0.14,uniform,268,1
1053,17927.26571493597,16258.47657245855,3564,5.2290451677336005e-05,12971,3380,39099,0.8903807720322375,0.36844262710148296,0.9999384033187575,16234.140885064025,1.1116078073987656,0.1988033231989572,0.9069133481361255,8193,0.9989423250660355,6.847135177914234e-05,0.9989707058169899,971.0394570120592,172,1053,1,68,3.02897295425128,3.312657760680543,-0.3760157855206045,7.093662285973032,17927.26571489897,2,1,10,5,7,34,9,12,89,2,2,35,0.8,0.14,uniform,269,1
1053,19437.77014780871,17799.4344934257,3530,4.85538460710969e-05,14003,3521,42617,0.89952038441467,0.36829065216350504,0.9999437565587785,17779.350912728878,1.099007960808988,0.1816051930420604,0.9157138065773606,8193,0.9988727842315538,6.181198964597192e-05,0.9989242435038336,929.0783079851542,172,1053,1,68,3.320028633685791,3.513010511577429,-0.3718555349311093,7.576750215125438,19437.77014776798,4,2,10,7,5,34,12,12,89,1,2,35,0.8,0.14,uniform,270,1
1053,23509.30325792609,21786.840552225287,3816,4.027836088560717e-05,16848,4031,51883,0.9086237988731415,0.3681896068554994,0.9999540635315832,21768.696333320928,1.0841410377223384,0.1623187194504987,0.9267327199448124,8193,0.9989525337615289,4.9801610538775515e-05,0.9989631889440219,963.995801434856,172,1053,1,68,4.085000940285393,4.081267976341875,-0.3802038570295142,8.926676630686295,23509.303257862983,1,3,10,8,7,34,16,11,89,1,1,35,0.8,0.14,uniform,271,1
1053,16691.30657372416,14999.05603498283,3535,5.610321047512824e-05,12125,3265,36222,0.8848559606051039,0.36855535698496733,0.9999332120751843,14972.26644523994,1.123703724172922,0.21178689543482945,0.8986148549086439,8193,0.9989406613653677,7.50498398453323e-05,0.9989890186767111,988.6378720332065,172,1053,1,68,2.7876456721129474,3.4776439568918667,-0.3825929933552852,7.030475615715384,16691.306573690246,1,2,10,5,4,34,11,12,89,2,2,35,0.8,0.14,uniform,272,1
1053,16035.761847277225,14357.035317384332,3504,5.817925429468694e-05,11669,3179,34729,0.8810935163039539,0.3686218620539046,0.9999302111064173,14328.427545033752,1.1288391773290642,0.21851160134277986,0.8953135781211461,8193,0.9989541478122912,7.87804372186845e-05,0.9990181429018771,1017.97806726187,172,1053,1,68,2.651720007686538,3.40915204885386,-0.39400873823084726,6.848889533002092,16035.761847255033,0,1,10,3,3,34,11,7,89,1,2,35,0.8,0.14,uniform,273,1
1052,18535.8433891307,16846.807993217353,3651,5.0431478568722166e-05,13400,3462,40473,0.890423350728029,0.36843868810529845,0.9999405536428321,16821.388629452736,1.108989750673455,0.19696972634873056,0.9088773377906405,8193,0.9989538315789713,6.592540081453783e-05,0.9990297431152215,1030.1548061654469,172,1053,0,68,3.134631240881287,2.470343585039923,-0.3892933578059215,6.383561541533053,18535.843389094716,1,0,10,6,0,34,16,3,89,2,2,35,0.8,0.14,uniform,274,1
1053,15966.531209833687,14231.95476231464,3560,5.8607356951589614e-05,11639,3221,34497,0.8801452798737144,0.3686368104023277,0.9999295938973076,14202.81422058909,1.1345889739789374,0.22296640098053472,0.8913617225480553,8193,0.9989794127927415,7.98819878157259e-05,0.9990321628121854,1032.7315543290817,172,1053,1,68,2.627369715243709,3.7093004058314207,-0.40520981178352045,7.147089744642171,15966.531209798364,0,1,10,1,3,34,9,12,89,1,2,35,0.8,0.14,uniform,275,2
1052,18332.11270574182,16606.95501406329,3658,5.114622770568062e-05,13270,3472,39957,0.8904676510056051,0.3684520660452556,0.9999396939207501,16581.576171013447,1.113067511623494,0.19954055807513524,0.9058942240117152,8193,0.999018077505774,6.712473756693567e-05,0.9990584941992325,1061.628268652866,172,1053,0,68,3.0753622203510327,2.7528612624655486,-0.40983030924873964,6.647884101314061,18332.112705694803,1,0,10,3,2,34,13,8,89,2,2,35,0.8,0.14,uniform,276,1
1052,17728.448439452033,16056.27848976591,3511,5.3144556200270355e-05,12832,3365,38637,0.8922192291138683,0.36841653076952824,0.9999376324782301,16033.486461175493,1.1130954212856472,0.19804327558562823,0.9056787199738835,8193,0.9989172965765981,6.94210029190448e-05,0.9989733249011145,973.517888621143,172,1053,0,68,2.9850254916141856,3.881008538832955,-0.3854019683505119,7.636837967148164,17728.44843941431,1,3,10,3,10,34,11,20,89,2,2,35,0.8,0.14,uniform,277,1
1053,26422.62968201768,24560.997306737994,4210,3.576295773934404e-05,18913,4464,58410,0.9090680771022224,0.3681736021325873,0.9999592526024303,24540.94459538271,1.0805711189153642,0.15933311902203207,0.9295440159558892,8193,0.9989437487578586,4.4030460984773286e-05,0.999031869771576,1032.418808333967,172,1053,1,68,4.603141438365102,2.9340966431858106,-0.41540171109962765,8.368041503750169,26422.6296819318,3,1,10,6,3,34,16,9,89,2,1,35,0.8,0.14,uniform,278,1
1052,23418.943266627073,21768.55765413272,3699,4.04345386791733e-05,16762,3957,51770,0.9104156795358236,0.36816419559386254,0.9999540272822348,21751.53138808448,1.08051045109206,0.1579490567907572,0.9295277505178375,8193,0.9988335905896465,4.967400201056201e-05,0.9988904127427092,900.7359242354586,172,1053,0,68,4.07621427015038,3.0010602377292748,-0.3760563128440998,7.829387133567853,23418.943266550963,2,2,10,7,5,34,15,12,89,2,2,35,0.8,0.14,uniform,279,1
1053,22288.17362758873,20639.931580228174,3646,4.249411124755924e-05,15978,3835,49169,0.9080267991117593,0.36819298762407543,0.9999515102453247,20622.413159700845,1.0850410279619525,0.1635845117200142,0.926048581866738,8193,0.9988572547209282,5.261337325873287e-05,0.9988743979950437,887.9133911948196,172,1053,1,68,3.8573637455230476,3.6029021484690196,-0.37590759873641694,8.212081091464901,22288.17362752608,1,1,10,4,3,34,15,11,89,1,1,35,0.8,0.14,uniform,280,2
1050,20258.53001227554,18787.121017547677,3254,4.7186883694266036e-05,14510,3472,44727,0.9102350673487386,0.3680992981896653,0.9999467390590528,18774.985036132366,1.0828967122143787,0.16062369767343718,0.9273684223960835,8193,0.9991370185919412,5.767609784120149e-05,0.9992837416276186,1395.6441789611383,172,1053,0,68,3.458978095852769,2.5777203530298607,-0.3997895255234029,6.836277499929436,20258.530012224903,0,1,10,3,2,34,14,7,89,2,2,35,0.8,0.14,uniform,281,1
1051,16529.40605561469,14836.759522142296,3481,5.6972183432933654e-05,12010,3252,35849,0.8869460973402282,0.36851303000550406,0.9999324892089653,14811.946785073715,1.1248439625614584,0.21059437878698478,0.8975978611828319,8193,0.9989383508049515,7.593910570339477e-05,0.9989713140752163,971.613924842531,172,1053,0,68,2.7511969808360552,3.295029228577448,-0.39426563678041004,6.834757482974323,16529.406055574524,0,1,10,2,5,34,11,16,89,2,2,35,0.8,0.14,uniform,282,1
1053,18194.1735220465,16502.20477807237,3547,5.1905513852759116e-05,13160,3434,39684,0.8941178481664007,0.3683757465145098,0.9999393231581615,16480.25228362103,1.1110840301492604,0.19495252123994414,0.9070049133078831,8193,0.9990305788537178,6.741706996683751e-05,0.9990533929991181,1055.9045315119492,172,1053,1,68,3.047494486993729,4.506751587116012,-0.4081889929689715,8.370624060047685,18194.173522003617,0,3,10,3,5,34,12,12,89,2,2,35,0.8,0.14,uniform,283,1
1048,17342.406778040106,15624.633896050133,3559,5.439302068482138e-05,12580,3364,37688,0.889384915969468,0.36846084907922544,0.9999359019114299,15600.589236285814,1.1198602065219965,0.20521949724455768,0.900949568074651,8193,0.9987995312672281,7.178089870428783e-05,0.9988730953666719,886.8864429511225,172,1053,0,68,2.919899544876961,3.98908320852901,-0.38972006924554736,7.688422891897066,17342.406778001943,1,2,10,6,6,34,11,16,89,2,2,35,0.8,0.14,uniform,284,1
1053,15947.13092879952,14351.053812844679,3337,5.87610087239517e-05,11576,3102,34634,0.8861846824353851,0.36852260718656454,0.9999302015354962,14326.462730520663,1.121718339277331,0.2092539413452477,0.8999144659261293,8193,0.998932445010874,7.829421768750621e-05,0.9989414508349974,944.1891458942356,172,1053,1,68,2.661470486737913,2.995955101431709,-0.36742427656160764,6.392274141292837,15947.130928771976,0,2,10,3,4,34,9,10,89,2,2,35,0.8,0.14,uniform,285,1
1052,24408.574297065585,22608.612229178903,3942,3.893930548615102e-05,17495,4197,53853,0.9099109047061091,0.3681633070951806,0.9999557348249775,22590.62269018508,1.084657101358943,0.16150062482239735,0.926256976504233,8193,0.9989911112517312,4.8012536431245995e-05,0.9989916255328438,991.1949980323573,172,1053,0,68,4.241191269697587,3.757725062964248,-0.399222094748057,8.797360522157948,24408.574296984087,2,1,10,4,7,34,14,16,89,2,1,35,0.8,0.14,uniform,286,1
1052,17094.89361481157,15370.61678804505,3649,5.432489673170453e-05,12420,3327,37108,0.8825236619702753,0.3686334161846355,0.9999348122702609,15339.810264656096,1.1235215631596138,0.21345555475340236,0.8991349776360964,8193,0.999120982367569,7.323982001533406e-05,0.9991514527768043,1177.9847238150471,172,1053,0,68,2.853304280027602,2.9052262811735754,-0.3966754946451921,6.5518815504915615,17094.893614778895,1,1,10,2,2,34,8,8,89,2,2,35,0.8,0.14,uniform,287,1
1052,35889.819674610226,34207.44955139001,4047,2.6694685448262646e-05,25407,5304,80445,0.9333037108672952,0.3679903254452346,0.9999707577617161,34196.608655604665,1.0510825641557797,0.11276178138233992,0.9531240296420217,8193,0.9988876734948857,3.073600679712596e-05,0.9988920772398076,902.0899039013543,172,1053,0,68,6.453124026346672,5.611534704830538,-0.37003560757870996,12.80472994633463,35889.819674447506,2,5,10,6,8,34,18,16,89,1,1,35,0.8,0.14,uniform,288,1
1053,21637.357738085288,19838.4187563667,3920,4.350491667865074e-05,15580,3896,47472,0.8989301092829715,0.3683138523556273,0.9999495356990346,19815.48834535476,1.0975756436486312,0.1811681466586911,0.916859581308666,8193,0.9990271583361079,5.538838761346018e-05,0.9990603602303562,1063.7375500640437,172,1053,1,68,3.711623072152659,2.609075609048435,-0.39803651721810385,7.116771715637301,21637.357738037066,2,0,10,4,1,34,9,7,89,2,1,35,0.8,0.14,uniform,289,1
1053,16613.399803643864,14942.969722596736,3481,5.64472129557732e-05,12063,3239,36071,0.8863042844108739,0.36853427542481787,0.999932965528035,14917.197869654445,1.1223890110840444,0.20952965925953954,0.8994528452459954,8193,0.999066737688085,7.523875469760127e-05,0.9991198294960966,1135.6434301403772,172,1053,1,68,2.7475425272667704,3.0336653485639262,-0.4078990308725017,6.5970059375757,16613.399803603268,0,2,10,1,5,34,8,13,89,2,2,35,0.8,0.14,uniform,290,1
1050,16927.87989194916,15264.29843910237,3510,5.529125353145055e-05,12279,3266,36804,0.8865040157763162,0.3685104997286947,0.9999343784679113,15238.400522620499,1.1191748479047696,0.20735024246416964,0.9017253511092086,8193,0.99899654108458,7.344196819486783e-05,0.9990108174554652,1010.4356700079235,172,1053,0,68,2.837152767729416,3.552738525071013,-0.38720530692056426,7.164301906641558,16927.8798919124,1,2,10,3,2,34,12,8,89,1,2,35,0.8,0.14,uniform,291,1
1052,24680.86838117079,22879.912260016627,4073,3.814400279774496e-05,17688,4223,54478,0.9056973511454788,0.3682175466386869,0.9999562541034591,22858.786902624353,1.0839748841415942,0.16502660834686517,0.9270302773249208,8193,0.9989782292766736,4.7419453134767476e-05,0.9990194554898391,1019.3414345048596,172,1053,0,68,4.307251755345155,3.8978716986825575,-0.3849285452449975,8.974980544517708,24680.868381104203,2,2,10,4,5,34,10,13,89,1,1,35,0.8,0.14,uniform,292,1
1053,19158.2731255254,17401.663166006925,3734,4.912124177650498e-05,13851,3593,41819,0.8930303122931035,0.36839794189922936,0.9999424564029042,17377.628066273148,1.1094455564061825,0.19490274387126413,0.9083106317563628,8193,0.9989307737036472,6.384148809758488e-05,0.999037050727232,1037.976221925686,172,1053,1,68,3.2280624428635796,2.9017145778361164,-0.41073587156659924,6.951248763832894,19158.27312547489,1,1,10,3,4,34,10,9,89,2,2,35,0.8,0.14,uniform,293,1
1052,19011.826227840764,17310.607744653873,3614,4.958460780522534e-05,13730,3529,41554,0.8957557693575182,0.3683492904274342,0.9999421596592711,17288.47145348505,1.1062420483203534,0.19009220664491913,0.9105178817227121,8193,0.9989433583604814,6.398541700395471e-05,0.9989760336418338,976.0944990327333,172,1053,0,68,3.2184027682465715,4.31623024297443,-0.396012864413919,8.32665874004884,19011.82622779418,1,2,10,6,6,34,14,14,89,1,2,35,0.8,0.14,uniform,294,1
1053,22743.438721064435,20907.291038151445,4031,4.1375528367829215e-05,16359,4046,49971,0.9006143879814478,0.3682952351567718,0.9999521181485208,20884.23960209125,1.0943194105331997,0.17723792999985455,0.9192669276870435,8193,0.9989885819205864,5.2398039486317606e-05,0.9990462328507933,1047.9738596727766,172,1053,1,68,3.9147696221512733,2.9333612444490913,-0.4049718253320641,7.658074517264493,22743.43872099977,2,0,10,7,4,34,15,10,89,2,2,35,0.8,0.14,uniform,295,1
1047,15874.286621511596,14226.052010061814,3397,5.9198704446960974e-05,11543,3141,34398,0.8848614229275253,0.36854774649781985,0.9999295842449021,14200.867267825275,1.1270843166301514,0.21399386825967034,0.89616953185057,8193,0.998792985293359,7.936449321469223e-05,0.9988962227252423,905.4797853116563,172,1053,0,68,2.648587614490712,3.055075418075307,-0.3837498490216786,6.471162730609376,15874.286621487365,0,0,10,2,3,34,11,16,89,2,2,35,0.8,0.14,uniform,296,1
1051,19733.91690036321,18046.40095660889,3629,4.774883977889532e-05,14225,3594,43235,0.8983015495764012,0.36831785287791746,0.9999445228195877,18024.929416405663,1.1007679408925013,0.18389658871692152,0.9144865181973448,8193,0.9989490188138009,6.106750164920226e-05,0.99899509161481,994.6155055943238,172,1053,0,68,3.361554448324361,3.565987826318849,-0.39371042328611355,7.714963121215438,19733.916900313045,1,1,10,6,6,34,15,11,89,2,2,35,0.8,0.14,uniform,297,1
1053,25503.789605501977,23865.7211333001,3666,3.739565867981531e-05,18199,4168,56587,0.9187216713399988,0.36808624098107456,0.9999580754172153,23851.85423780078,1.0723247508606897,0.1437433438993367,0.9357715658127727,8193,0.9989811128756095,4.49567677896354e-05,0.9989916159701764,991.1855936280907,172,1053,1,68,4.467404370322607,5.1338247342700445,-0.37662024609165345,10.354469596775958,25503.789605421083,1,4,10,7,7,34,24,12,89,2,1,35,0.8,0.14,uniform,298,2
1051,19023.559243149,17403.948229292862,3500,4.9538305564675836e-05,13710,3459,41688,0.8979649026462038,0.36830536288757637,0.9999424755800148,17383.42147164134,1.100245292727036,0.1839823954742046,0.9148628816955264,8193,0.9988255650576529,6.329097230566611e-05,0.9989096831685955,916.6645085877622,172,1053,0,68,3.2503808141362036,2.6500074128322417,-0.369706577510763,6.6398013819899715,19023.55924310481,2,1,10,4,3,34,12,7,89,2,2,35,0.8,0.14,uniform,299,1
1053,25017.871205667278,23306.6264470955,3873,3.7846611583626966e-05,17889,4181,55372,0.9116457978704483,0.3681508582195877,0.9999570625304354,23289.181715899613,1.0778520219517211,0.1548093348215276,0.9315991059149696,8193,0.9989281320457235,4.628023838782001e-05,0.9989543623933995,955.8541924341365,172,1053,1,68,4.373816798291482,2.977644862106424,-0.3779156244238877,8.107292909245682,25017.871205596424,4,2,10,6,4,34,16,12,89,2,2,35,0.8,0.14,uniform,300,1
1052,33839.31076278938,32050.68793004302,4279,2.8130479084832322e-05,24023,5184,75584,0.9253589748545165,0.3680437587467565,0.9999687860174961,32036.424471029397,1.058352020761655,0.12645056602941523,0.9471436387908593,8193,0.998994246312666,3.303538145919245e-05,0.9990096172238371,1009.2105304028659,172,1053,0,68,6.039773783169448,4.370386461875762,-0.39355525916074036,11.19727076336669,33839.31076265679,3,2,10,7,3,34,16,9,89,2,2,35,0.8,0.14,uniform,301,1
1051,16553.485018529216,14865.10005248226,3468,5.699130853681594e-05,12024,3253,35910,0.8877216005013747,0.3684927668701156,0.9999326216966768,14841.072884754836,1.1241379041927553,0.20950271173218685,0.8980042592748865,8193,0.9989552846476791,7.57425046858587e-05,0.9989573575191654,958.6014443995213,172,1053,0,68,2.7596925171485314,3.806133424573597,-0.39035220568710866,7.3465303530963455,16553.485018501287,1,1,10,4,7,34,10,19,89,2,2,35,0.8,0.14,uniform,302,1
1053,16413.34364595029,14719.93082619706,3556,5.683760224199884e-05,11935,3233,35580,0.8816559192207901,0.3686188322179371,0.999931934684801,14691.270642514248,1.1265973527679927,0.21665299141393302,0.8968270660578627,8193,0.9989595148796425,7.668220391865394e-05,0.9990781608100854,1084.287824267198,172,1053,1,68,2.7159103845784895,2.721430025365782,-0.4015338026808246,6.2404080153059205,16413.34364592029,0,1,10,3,3,34,7,9,89,2,2,35,0.8,0.14,uniform,303,1
1053,19082.533355566495,17373.725068120482,3649,4.931538831672522e-05,13782,3542,41707,0.8947117430612582,0.3683571232664693,0.999942367691557,17350.878536430322,1.1064167798816775,0.1912219898693673,0.9104517070346143,8193,0.9989692498104129,6.37653531249357e-05,0.998975814256326,975.8853077615685,172,1053,1,68,3.2331734080321173,3.8920515421752717,-0.391239385039482,7.907703720286354,19082.53335552197,1,2,10,6,8,34,13,14,89,2,2,35,0.8,0.14,uniform,304,1
1053,20751.91047156026,19125.599706769783,3553,4.5550398654794264e-05,14908,3651,45659,0.9044393220692252,0.36823185508414336,0.9999476649477668,19107.15265534135,1.0909435087129076,0.1712131519104835,0.9216307931253233,8193,0.9988906966386987,5.7094585512372947e-05,0.9989146017922372,920.8207600865567,172,1053,1,68,3.5696716430743387,3.6578759563826417,-0.37181182729763107,7.971171254052242,20751.91047150842,1,1,10,7,4,34,16,13,89,1,2,35,0.8,0.14,uniform,305,1
1053,18975.894691478377,17314.795530428906,3533,4.9776517454748374e-05,13690,3491,41524,0.897900116024516,0.3683166561164001,0.9999421787543801,17294.18102943734,1.103443171607033,0.18618357961201093,0.9124626697156245,8193,0.9988814513736767,6.380245865353437e-05,0.998912522586225,919.0592374874537,172,1053,1,68,3.220875101304775,3.774507224676779,-0.3832834345811348,7.761949195143823,18975.894691439316,1,3,10,3,5,34,13,10,89,2,2,35,0.8,0.14,uniform,306,1
1053,18552.05391461617,16911.911131657296,3515,5.0721831429033014e-05,13392,3425,40575,0.8954257173203523,0.3683571922981107,0.9999407956325476,16890.14578742893,1.1048281028292977,0.18946689224693983,0.9115923880715605,8193,0.9989451826142628,6.54106489720858e-05,0.9989781828146128,978.1485559717826,172,1053,1,68,3.1470281119476198,3.793414537704873,-0.3766288518835927,7.693700353419678,18552.053914571334,1,2,10,3,4,34,13,11,89,1,2,35,0.8,0.14,uniform,307,1
1052,16711.546801861798,15091.616565132841,3417,5.604111298308092e-05,12114,3205,36363,0.8881004769655787,0.36847720208524787,0.9999336319894668,15067.000013928518,1.1171743145717452,0.20446940313264833,0.9030652125781389,8193,0.9989211101385088,7.414463667716838e-05,0.9989680772875495,968.5647362929265,172,1053,0,68,2.7987337077915164,2.920476547396276,-0.3783664446480743,6.475943144483941,16711.546801832246,1,1,10,4,4,34,13,8,89,2,2,35,0.8,0.14,uniform,308,1
1052,22003.432703001097,20358.779815175607,3646,4.296632682985684e-05,15780,3801,48517,0.906639025064473,0.36821250761577207,0.9999508387252812,20340.713801293852,1.08613668672586,0.16570141801114124,0.9252547132065819,8193,0.9989272245702518,5.3395864038561666e-05,0.9989276864756979,932.0629878425923,172,1053,0,68,3.817834009168797,2.9693507405768305,-0.36532810165767354,7.517840953060975,22003.432702947233,2,1,10,6,5,34,10,11,89,2,1,35,0.8,0.14,uniform,309,1
1052,17795.868864898155,16145.13404701939,3550,5.254367351927562e-05,12875,3349,38820,0.8894068110020042,0.36845235844586055,0.9999379679328826,16120.194443191069,1.1112806028157076,0.1994844998550351,0.9072405606935667,8193,0.998980667292535,6.893503294030992e-05,0.9990541310448057,1056.7288263796495,172,1053,0,68,2.993162783517993,3.2725910967218907,-0.39008224782388223,7.0459183758876485,17795.868864858265,1,1,10,3,1,34,10,5,89,1,2,35,0.8,0.14,uniform,310,1
1051,23484.772366708672,21727.850477336924,3931,4.015897342628513e-05,16845,4058,51781,0.9050749069463528,0.36821954930799294,0.9999539341043252,21707.533354711984,1.0863316501059979,0.16738505865070555,0.9251888899778178,8193,0.9989595790848861,5.00428404618396e-05,0.9990402983790514,1041.4904493049032,172,1053,0,68,4.075241265611648,2.9268059261149415,-0.39379248636770237,7.789632164461994,23484.772366651487,2,1,10,5,3,34,12,9,89,2,1,35,0.8,0.14,uniform,311,1
1053,18933.166126320855,17247.745097586423,3590,4.976904613136059e-05,13670,3506,41394,0.895815865731754,0.3683541712346479,0.9999419492166868,17225.79640195347,1.1056097591886591,0.18961435060822648,0.9109804975306606,8193,0.9990762992583053,6.418151255996845e-05,0.9990882604699655,1096.3044027422022,172,1053,1,68,3.2057097973995483,3.384619633461366,-0.39033315155998344,7.37099573398088,18933.166126271935,0,2,10,7,7,34,11,10,89,2,2,35,0.8,0.14,uniform,312,1
1053,17202.718690308913,15464.070511268043,3622,5.45531103404234e-05,12493,3363,37339,0.8858469587872442,0.36851475339301076,0.9999352247338887,15437.491376719141,1.1230974667084994,0.2105481153999478,0.898931778729816,8193,0.9989166853271404,7.274893727523468e-05,0.9989777935999058,977.7759262589374,172,1053,1,68,2.8681197611136255,3.519676140078884,-0.39925320949901727,7.186302320190544,17202.718690275564,1,2,10,1,5,34,10,11,89,2,2,35,0.8,0.14,uniform,313,1
1052,15899.066489457307,14323.945042376774,3300,5.900290808278861e-05,11535,3080,34551,0.8870162858130107,0.3684979797766421,0.9999300735025092,14300.230559595517,1.1201697162410047,0.2075593559023251,0.9009299415078867,8193,0.998989707384017,7.832954485222698e-05,0.9989979454504314,997.4495794041028,172,1053,0,68,2.653908021167276,2.840869668703809,-0.3687281935522393,6.232234076975564,15899.066489424651,1,0,10,2,3,34,10,12,89,2,2,35,0.8,0.14,uniform,314,1
1052,22211.75823786554,20385.41449669126,4028,4.2255120446867054e-05,15989,3980,48759,0.8979437586283655,0.3683159022954924,0.9999508881426508,20361.181552540962,1.0964581100465618,0.18134539179042833,0.9177758139803261,8193,0.9989795963997917,5.3849094290131915e-05,0.9990336176663941,1034.2870479031394,172,1053,0,68,3.8262901012278236,3.6883891581881345,-0.39647762459149444,8.307634508598946,22211.758237809612,3,1,10,6,4,34,9,11,89,1,1,35,0.8,0.14,uniform,315,2
1053,20156.711289377054,18445.198565729865,3741,4.660357433408813e-05,14527,3660,44177,0.8962057886227475,0.3683325757491653,0.9999457195544506,18422.340668164452,1.100089595026272,0.18559575251601554,0.9150896840721637,8193,0.9990578523946512,5.971335336240912e-05,0.9990665101494718,1070.7488483761201,172,1053,1,68,3.4294454644328005,2.8363292651110386,-0.39898972822322976,7.063754185990298,20156.711289334,2,1,10,8,2,34,16,13,89,2,2,35,0.8,0.14,uniform,316,2
1053,18169.897721122972,16503.196663126313,3557,5.1674915123525786e-05,13137,3406,39660,0.8921678604358939,0.3684061796478852,0.9999393211277585,16479.700813777366,1.109599744619656,0.19576334741086057,0.9082713021516309,8193,0.99897823374082,6.732926114294417e-05,0.9989787260146413,978.6690842763163,172,1053,1,68,3.059249921178691,3.498519208393052,-0.39182277038400165,7.341414670339747,18169.897721077577,0,1,10,4,3,34,12,7,89,1,2,35,0.8,0.14,uniform,317,1
1053,29493.192640100002,27777.57353962708,4042,3.217717676544642e-05,20990,4660,65671,0.9198164825263472,0.36808174100617225,0.9999639805515883,27762.279386904716,1.0649102053752562,0.13704857420231786,0.9418299971315989,8193,0.9988906626773595,3.8357478205782744e-05,0.9989297879912361,933.8942100385859,172,1053,1,68,5.2259880894094115,3.561306086514275,-0.37575790109352875,9.538809978110745,29493.192639997982,3,2,10,6,4,34,15,12,89,2,2,35,0.8,0.14,uniform,318,1
1050,22600.853785902676,20992.994496150866,3613,4.184748122236721e-05,16182,3832,49941,0.9091497522873324,0.36817301077879244,0.9999523275689501,20975.984265396433,1.0814124209266724,0.15986121737815123,0.928858471233741,8193,0.9988912314286719,5.155355907334467e-05,0.9989169490247479,922.8174846311665,172,1053,0,68,3.9324126545777287,3.246115682650328,-0.3725118760580056,7.923552089344068,22600.853785837604,1,2,10,7,7,34,18,13,89,2,2,35,0.8,0.14,uniform,319,1
1053,19690.82113068772,17985.191604654192,3603,4.8121145716596425e-05,14199,3608,43113,0.9002336152600207,0.3682851345778884,0.9999443383987964,17965.20666523775,1.1020424989771818,0.18297865670948593,0.9133794616936852,8193,0.9988914609677687,6.134145008778816e-05,0.9989633349322233,964.1316264346048,172,1053,1,68,3.3311890552133123,3.5637467168236334,-0.40875797814396264,7.712451728324871,19690.821130626053,0,0,10,3,6,34,17,16,89,2,2,35,0.8,0.14,uniform,320,1
1053,29149.00139440584,27482.04983807755,3866,3.271296418229958e-05,20734,4580,64943,0.923254613370676,0.36805361630928934,0.9999635956788947,27468.766546602394,1.0635817448046356,0.13262890030743718,0.9428127388045545,8193,0.9988740626851583,3.871897135949647e-05,0.9988933627709552,903.1384025800521,172,1053,1,68,5.168223128498038,3.566861761526998,-0.368149406032403,9.471383702089842,29149.001394302773,4,3,10,9,5,34,19,14,89,2,2,35,0.8,0.14,uniform,321,1
1050,16323.853617295434,14636.99673154715,3520,5.724663135924142e-05,11870,3219,35382,0.8827475698569452,0.368593912812975,0.9999315513005804,14608.981379328417,1.1267473908120695,0.215635356854125,0.8966630720113156,8193,0.9989316465701851,7.712439347580114e-05,0.9989927264025984,992.2788418032749,172,1053,0,68,2.721768537265314,3.028078157233757,-0.3875369136425111,6.524920521784093,16323.85361726608,1,1,10,3,3,34,10,13,89,2,2,35,0.8,0.14,uniform,322,1
1053,16243.846415024167,14552.524576636724,3450,5.804004848410763e-05,11811,3220,35193,0.8866531962250639,0.3685081190117394,0.9999311690241545,14527.842614948468,1.1273123171053574,0.21238811989807077,0.8958792274209688,8193,0.9989141573323973,7.759400686908523e-05,0.9989739092879949,974.072618694041,172,1053,1,68,2.6910976742943604,5.080409124164149,-0.39415330671177246,8.559813411882054,16243.84641499729,0,2,10,3,5,34,9,14,89,2,2,35,0.8,0.14,uniform,323,1
1052,19663.477246288578,17977.41954827374,3617,4.798110557127013e-05,14175,3586,43075,0.8985040958542924,0.36831933252233684,0.9999443113482385,17956.4798892551,1.1010139024105883,0.18394508533238688,0.9142543469348446,8193,0.998974757255843,6.131397979651131e-05,0.9989951251983354,994.648762963736,172,1053,0,68,3.3568402575040466,4.157382154323104,-0.38146340147753244,8.277149214782215,19663.477246243103,2,2,10,4,8,34,11,14,89,1,2,35,0.8,0.14,uniform,324,1
1051,17420.607673276616,15782.102979811467,3453,5.4019451832867506e-05,12608,3302,37972,0.8918121869962627,0.36840353016071864,0.9999365479441208,15759.430640673409,1.1127750546459594,0.19821352186795047,0.905944458184508,8193,0.9989864808000669,7.060786494837262e-05,0.9989883061619008,987.9412427992766,172,1053,0,68,2.9359405334748896,3.302816001232994,-0.3791132578170331,6.9969830503419495,17420.607673239054,1,1,10,4,7,34,14,17,89,2,2,35,0.8,0.14,uniform,325,1
1048,24021.633257227393,22259.181341624422,3899,3.9424520727010916e-05,17216,4121,53011,0.9087139675384398,0.3681792971553364,0.999955038202568,22240.603713541084,1.084274761262905,0.1623120275898354,0.9266306376119242,8193,0.9989620378080586,4.8750942176675964e-05,0.9990155538146689,1015.2994759893238,172,1053,0,68,4.1702953260600415,2.6610579179485234,-0.41398582988495475,7.659324903778474,24021.63325715178,2,0,10,8,3,34,20,10,89,2,2,35,0.8,0.14,uniform,326,1
1053,23601.435060087188,21784.67290445739,4053,3.987237111091245e-05,16946,4122,51972,0.9027226068739398,0.3682624895414298,0.9999540504643352,21762.505552836017,1.0892839990643584,0.1717268458329511,0.9230232335023494,8193,0.998922511968574,5.005209396454388e-05,0.9989563158303162,957.6441763962939,172,1053,1,68,4.098514055089658,3.568185396761983,-0.38418966001263893,8.435078771876919,23601.435060013595,2,1,10,3,4,34,9,16,89,2,1,35,0.8,0.14,uniform,327,1
1052,22039.418489349253,20309.11102641623,3790,4.28627019261721e-05,15834,3880,48488,0.9038485689881512,0.36824814371880593,0.9999507138536721,20289.177207545177,1.0911649457178445,0.1719646097664306,0.9214903304382006,8193,0.9989942962414379,5.377931518235508e-05,0.9990531978871732,1055.6868332508286,172,1053,0,68,3.7526884869127066,2.9654228823710653,-0.43731502816233186,7.592741425608436,22039.4184892947,1,1,10,3,6,34,15,12,89,2,2,35,0.8,0.14,uniform,328,1
1053,16974.451706469576,15337.132313883578,3436,5.5386199324981306e-05,12300,3252,36946,0.8897877703390958,0.36845947010622687,0.9999347009485504,15313.658130102609,1.1162755361591865,0.2024218548803209,0.903542133737259,8193,0.9989086513948922,7.289173366769942e-05,0.9989255130032223,930.1765989137161,172,1053,1,68,2.847859276784506,3.0912824803414174,-0.3761581413419541,6.691458039809832,16974.45170643581,1,1,10,4,4,34,10,15,89,2,2,35,0.8,0.14,uniform,329,1
1053,17411.803264511997,15819.012037642602,3388,5.4021079885311124e-05,12587,3261,38011,0.8931220686616749,0.36838942050253415,0.9999366990805303,15797.058835532638,1.1091742329851728,0.19458065017913903,0.9085223280626106,8193,0.9989500488692086,7.021174880005474e-05,0.9989658794885774,966.5051989019428,172,1053,1,68,2.9286073920949844,3.8191945382531163,-0.3784777483570008,7.504757427062103,17411.803264479702,0,2,10,3,5,34,10,14,89,1,2,35,0.8,0.14,uniform,330,1
1052,28573.905548166516,26575.84090247971,4550,3.3056631238460404e-05,20448,4815,63185,0.9087462833534415,0.3681821903613003,0.9999623414024351,26553.861143133527,1.0799336973397267,0.15923619514770732,0.9300737995959739,8193,0.9990868054495073,4.066878850508381e-05,0.9990873051728715,1095.156402147912,172,1053,0,68,4.992013246936392,4.406187893323498,-0.4402881880583067,10.278777516376502,28573.905548072114,3,0,10,6,3,34,14,18,89,2,2,35,0.8,0.14,uniform,331,1
1053,21020.55321010652,19285.238939235616,3727,4.504714857699248e-05,15129,3777,46136,0.9022324304124797,0.3682495923450133,0.9999480947794404,19265.384799128646,1.096511337568392,0.17730266005597262,0.9174467839392269,8193,0.9988897133957559,5.691466282304881e-05,0.9989611643665295,962.1161038400865,172,1053,1,68,3.5866861563310692,5.265578144219982,-0.4058215758742563,9.663907452299565,21020.55321006104,2,3,10,4,5,34,11,11,89,1,2,35,0.8,0.14,uniform,332,1
1052,17621.412142414607,16002.181289569566,3450,5.329898318547547e-05,12741,3306,38459,0.8922779228521506,0.36841634378272636,0.9999374215930505,15979.452964948043,1.1098079711072466,0.19578453600184947,0.9081100402306825,8193,0.9989282856916135,6.945001485185969e-05,0.9989481420057444,950.1985859424701,172,1053,0,68,2.973581002182509,3.1475464260366905,-0.37649735188133615,6.874122131981872,17621.412142375826,1,1,10,4,6,34,13,11,89,2,2,35,0.8,0.14,uniform,333,1
1053,25484.367924804534,23767.48587060154,3868,3.7243558732306545e-05,18213,4237,56439,0.9136909395318351,0.36813920955061274,0.99995789724353,23750.91400932146,1.0764570164017855,0.15177931865577818,0.9326299926578947,8193,0.9988447630949244,4.532180761208617e-05,0.9988833129535108,895.0059514392099,172,1053,1,68,4.472369101555414,3.6421025771968245,-0.3679666866170185,8.850405051986275,25484.36792472786,2,2,10,6,6,34,16,13,89,2,1,35,0.8,0.14,uniform,334,1
1052,19043.984133489583,17254.88590399245,3885,4.8838192605819927e-05,13789,3599,41512,0.8860139400565195,0.36852886938726,0.9999419465154628,17224.994863750344,1.1133421367837524,0.20400143020325653,0.9060544150343555,8193,0.9990252236211193,6.463339052283244e-05,0.9990476479440743,1049.5317799080851,172,1053,0,68,3.2246190423914074,3.409259283943377,-0.3959102605453525,7.4256988474254895,19043.984133447357,2,0,10,6,5,34,12,13,89,2,2,35,0.8,0.14,uniform,335,1
1053,23688.741028843157,21945.95217747231,3875,3.9921606739968807e-05,16980,4068,52270,0.9076652679691793,0.36819093787156426,0.9999543952822555,21927.055947808058,1.0845890625049976,0.16357982027334597,0.9264296549466751,8193,0.9988812386396149,4.9462378064284416e-05,0.9989019722306508,910.2236878584783,172,1053,1,68,4.122170058388075,3.8317369967381696,-0.3771159869638321,8.708139029053909,23688.741028777793,2,1,10,7,5,34,16,15,89,1,1,35,0.8,0.14,uniform,336,1
1052,21610.132520861087,19921.967664736076,3681,4.38017160604825e-05,15522,3798,47555,0.9051050043152408,0.36822765349518183,0.9999497580856258,19903.200172365992,1.0905706993504942,0.1703367620002603,0.9218808651684407,8193,0.9988620811308198,5.479235969582006e-05,0.9988934505923632,903.210119949861,172,1053,0,68,3.7386560271492346,3.984789043468078,-0.36973418593173574,8.462913442480785,21610.132520805906,1,1,10,5,5,34,15,20,89,1,1,35,0.8,0.14,uniform,337,1
1046,17339.1747467441,15572.0773794528,3672,5.411674328389533e-05,12598,3402,37616,0.8853666483153377,0.3685447938893435,0.9999356708491186,15544.55206354883,1.1243960077857524,0.2117747847653198,0.8980864203111443,8193,0.998961167956637,7.233144043557154e-05,0.999035749793088,1036.575144306711,172,1053,0,68,2.9020307622136494,3.6846647954412095,-0.4132990172732528,7.413293592201365,17339.1747467165,1,0,10,3,6,34,13,12,89,2,2,35,0.8,0.14,uniform,338,1
1052,17334.49947608014,15676.467679217176,3510,5.412032993530341e-05,12557,3308,37748,0.8890341183765094,0.3684722391047255,0.9999361124603733,15652.004471179667,1.1152427383862393,0.20248637722960772,0.9043507544506331,8193,0.9989581758571285,7.125011464215276e-05,0.9989583317029621,959.4984106012997,172,1053,0,68,2.923307352256379,3.7003208865954678,-0.3722248675244117,7.36807797390067,17334.49947604696,1,1,10,4,4,34,10,15,89,1,2,35,0.8,0.14,uniform,339,1
1053,20615.41307685428,18869.296618985052,3809,4.548583850926275e-05,14857,3736,45188,0.8966671922872232,0.36836046198872896,0.9999469377631712,18845.29428855023,1.0998939123212688,0.18476467028819868,0.9153004380091875,8193,0.9991330689191792,5.836283126258836e-05,0.999138246119291,1159.9240612941999,172,1053,1,68,3.5233204233802136,4.985495635286571,-0.3922376158982761,9.293291290463337,20615.413076801247,2,3,10,5,5,34,13,10,89,1,2,35,0.8,0.14,uniform,340,1
1052,19291.694161718926,17569.962838366195,3679,4.878705443393464e-05,13931,3576,42172,0.8949587671233918,0.3683569926704637,0.9999430119144916,17547.02753683381,1.1059920901550233,0.19070383187498108,0.9107527151882174,8193,0.998938526616945,6.302837180552073e-05,0.9989399928934085,942.8898132355993,172,1053,0,68,3.2867473584718403,5.063884032598261,-0.38087510572478195,9.112381602519665,19291.694161674233,2,3,10,3,8,34,10,18,89,1,2,35,0.8,0.14,uniform,341,1
1051,18248.77542316493,16608.894156688435,3513,5.148768415607829e-05,13183,3391,39877,0.8937192191023958,0.36838375307736715,0.9999397103869229,16586.105032904547,1.1069718672967326,0.19250606786144184,0.9101374624625587,8193,0.9989599022964103,6.673890556689714e-05,0.9989895874827798,989.1947017544172,172,1053,0,68,3.096781708995664,3.0964555079719,-0.37586822880136433,6.944973674570292,18248.77542312338,1,0,10,6,2,34,11,11,89,2,2,35,0.8,0.14,uniform,342,2
1052,18653.52498472502,16966.883719976588,3598,5.044668069374267e-05,13478,3477,40748,0.8938811998170926,0.36836840355406464,0.9999409839189595,16944.034135077185,1.1076567158525281,0.19288579520205038,0.9095805609862164,8193,0.9990231699976937,6.536955850824486e-05,0.999030816794851,1031.2965853854391,172,1053,0,68,3.156734619401833,2.914866199464917,-0.38956290620378387,6.850726631274318,18653.524984685544,1,1,10,4,4,34,12,14,89,2,2,35,0.8,0.14,uniform,343,1
1048,20239.087673831964,18644.157261686814,3499,4.660423804999085e-05,14543,3567,44519,0.9031601321398979,0.3682524265717822,0.9999463111507487,18625.341561243895,1.0916072552351763,0.17288328685506987,0.9211955381661147,8193,0.998994117347161,5.86071373680868e-05,0.9990032437837694,1002.7542570406697,172,1053,0,68,3.483456424204346,2.683397512274708,-0.3789648875875431,6.92478371165414,20239.0876737895,2,0,10,5,4,34,16,9,89,2,2,35,0.8,0.14,uniform,344,1
1053,16061.079560740163,14402.110976659631,3499,5.7766088927068524e-05,11683,3158,34813,0.8803246305664953,0.36867879085177685,0.9999304213209812,14371.718813271125,1.1271728354233204,0.217855841306769,0.8967087749110135,8193,0.9991233120793183,7.842719691478842e-05,0.9991410512302841,1163.7137153552844,172,1053,1,68,2.672927602922151,2.8015433180742733,-0.37760982551278244,6.229690572021989,16061.079560709923,1,1,10,1,2,34,5,11,89,2,2,35,0.8,0.14,uniform,345,1
1053,16324.416919196781,14719.035435701388,3339,5.7678604824062794e-05,11838,3155,35491,0.8893555470767408,0.36846613797358635,0.9999319575899372,14696.216337530164,1.118910707082613,0.20454023053487969,0.9016576523717954,8193,0.9989226184115098,7.613338115516186e-05,0.9989312393045391,935.163061907781,172,1053,1,68,2.7361711871709504,4.3149606318240314,-0.364382833562261,7.779897486119504,16324.416919160358,0,3,10,5,7,34,10,20,89,2,2,35,0.8,0.14,uniform,346,1
1053,20030.56311696096,18261.74677639762,3779,4.708868376885227e-05,14457,3699,43812,0.8962027819515489,0.3683305403728667,0.9999451740643436,18239.042796245416,1.1045896263607717,0.18866169552667827,0.9116941281063843,8193,0.9990788004595443,6.056015978205382e-05,0.9991044385327332,1116.1178645293514,172,1053,1,68,3.37991169991302,4.544791727809605,-0.424563725901571,8.773830879525766,20030.56311691382,2,2,10,3,6,34,16,14,89,1,2,35,0.8,0.14,uniform,347,1
1049,17220.84303888839,15625.390916798346,3437,5.41385844101229e-05,12460,3235,37567,0.8890488325439226,0.36848599435574925,0.9999358991461516,15599.916213204537,1.11133679793818,0.19958372492209064,0.9073534252366642,8193,0.998974778312873,7.123763766126259e-05,0.9990217274283064,1021.7099128040901,172,1053,0,68,2.9223261245233583,3.9783544753059843,-0.3609613947993339,7.6226033894280105,17220.84303884752,2,3,10,3,9,34,5,17,89,1,2,35,0.8,0.14,uniform,348,1
1053,23410.18379446811,21581.04000021599,3996,4.0406035782260895e-05,16815,4114,51516,0.9047628335494269,0.3682311956565096,0.9999536201606577,21560.592362573923,1.090605372049087,0.17069494349481637,0.9218654663153755,8193,0.9990074208586167,5.0582101941460926e-05,0.9990561006401134,1058.934901873001,172,1053,1,68,4.022314405603392,5.617647270681017,-0.42406428279040026,10.48809024186521,23410.18379439332,0,2,10,6,8,34,13,14,89,2,2,35,0.8,0.14,uniform,349,1
1052,16754.25905089233,15090.804085041003,3458,5.6129321127301024e-05,12156,3250,36405,0.88832874473808,0.36848308451438233,0.9999336302587815,15066.607107441028,1.1203432083255949,0.20639528071614882,0.9007145012621294,8193,0.9989690823592702,7.435688881291486e-05,0.9989700604312877,970.4306661620178,172,1053,0,68,2.8074276497532975,4.671610831206898,-0.3777927021230971,8.234623885206389,16754.259050869838,1,3,10,5,9,34,8,17,89,1,2,35,0.8,0.14,uniform,350,1
1052,16780.257211298132,15134.05611384401,3464,5.583219351284134e-05,12170,3236,36487,0.8872393838527701,0.36850576468676643,0.9999338161152052,15108.918293210212,1.1188522866239314,0.20643306931360336,0.9018965516007862,8193,0.9989483800513215,7.404999084049508e-05,0.9989799594123554,979.8530617913677,172,1053,0,68,2.8044548062023598,2.8089833044011856,-0.3857081617185823,6.38485443404071,16780.257211264154,0,1,10,2,5,34,9,9,89,2,2,35,0.8,0.14,uniform,351,1
1051,16984.25351877685,15344.943656921003,3451,5.5312409039487924e-05,12308,3255,36966,0.8891173144609807,0.36846484579900596,0.9999347324542032,15321.050510844201,1.1164234242011182,0.20318820583929492,0.9034806057243836,8193,0.9989428903197602,7.286621696795908e-05,0.9989508393366107,952.6427770015247,172,1053,0,68,2.8543554327965435,4.210664017210741,-0.37766236334937486,7.820344176706034,16984.253518746802,1,2,10,6,7,34,11,17,89,1,2,35,0.8,0.14,uniform,352,1
1052,17280.517005923302,15604.08881302416,3516,5.43529808994452e-05,12525,3318,37600,0.8892100222330764,0.3684517367149277,0.9999358157225213,15579.639544126703,1.1171251424000461,0.20346613465296257,0.9029873821295679,8193,0.9989568512545809,7.170187011860634e-05,0.9989610077527094,961.9710026491219,172,1053,0,68,2.8973894799698674,3.285391464628111,-0.3878799127852116,6.958540770168401,17280.517005891717,0,2,10,5,4,34,12,14,89,2,2,35,0.8,0.14,uniform,353,1
1053,18408.646220538285,16864.98774889303,3337,5.1210252666590096e-05,13259,3326,40371,0.8994295940763254,0.3682888144989588,0.99994064011851,16845.89481423618,1.0984506269567496,0.1812735146312363,0.9161449216225896,8193,0.998875253684947,6.52038990388232e-05,0.9989073972734859,914.74565717891,172,1053,1,68,3.1397743592610037,3.5345502603855383,-0.35664467597106086,7.387613971588664,18408.64622049682,1,1,10,4,5,34,12,11,89,1,2,35,0.8,0.14,uniform,354,1
1053,17550.86682956683,15870.846106415986,3516,5.363558201696225e-05,12712,3352,38218,0.8911672086581129,0.3684248390541973,0.9999369002628339,15847.426545804528,1.1151399091575174,0.20033198554482895,0.904277051414884,8193,0.9989297076336098,7.036503517158785e-05,0.9989403597563283,943.2164286207101,172,1053,1,68,2.946482537438983,3.9662459102721583,-0.3870154358807537,7.686759319472649,17550.866829528415,1,2,10,3,3,34,12,14,89,1,2,35,0.8,0.14,uniform,355,1
1053,17960.799038217807,16321.279568313792,3474,5.246754847289679e-05,12982,3362,39215,0.8941109706833287,0.36837069536272893,0.9999386500320185,16299.427002219818,1.1087963458541341,0.19342123881058212,0.908716785571991,8193,0.9988979841772502,6.802462031640391e-05,0.9989215046082257,926.7175946650834,172,1053,1,68,3.0382469856538656,3.1582545069008754,-0.3731108563551109,6.942723205264963,17960.79903817726,1,1,10,4,4,34,14,13,89,2,2,35,0.8,0.14,uniform,356,1
1053,17193.934802764845,15596.11245291024,3400,5.4579740904242547e-05,12439,3240,37503,0.8912538198774588,0.3684245436794996,0.9999357890968096,15573.179078938623,1.111330962925535,0.1977441486781297,0.9070705822615036,8193,0.998965258133233,7.135956487343083e-05,0.9989827996468443,982.5904114701675,172,1053,1,68,2.891003184801484,2.7649928953154954,-0.37470143110125337,6.405398942319486,17193.934802727912,0,1,10,4,3,34,15,10,89,2,2,35,0.8,0.14,uniform,357,1
1053,21954.734809484056,20184.895249211742,3812,4.311488003566767e-05,15788,3906,48242,0.9040283047031562,0.36823946792564644,0.9999504100946142,20164.89438852487,1.0939024640525112,0.17362997244463566,0.9193868850783032,8193,0.9989880421381139,5.424651969397737e-05,0.9990437551424163,1045.2571780203173,172,1053,1,68,3.7501314901679588,3.566816797124067,-0.41980864457621686,8.156565576444459,21954.734809428082,1,1,10,5,7,34,17,15,89,2,2,35,0.8,0.14,uniform,358,1
1053,19628.04352442255,17870.03608784871,3756,4.788861784652775e-05,14177,3642,42899,0.8945333438661942,0.36837990361165573,0.9999439666575617,17846.017024025205,1.1065120089446596,0.19135885832566701,0.9104338935061763,8193,0.9989988861122999,6.200156630953249e-05,0.9990419957439817,1043.336618887836,172,1053,1,68,3.3238588586216244,2.820550141669365,-0.40416460279972577,6.952738205890442,19628.04352438341,1,0,10,4,4,34,11,10,89,2,2,35,0.8,0.14,uniform,359,1
1051,18019.65366846502,16318.568441411328,3606,5.210440712135856e-05,13045,3420,39269,0.8902712806939282,0.36843204639869254,0.9999386295632063,16293.990506044545,1.1134131604768769,0.20011483385558165,0.9055983395490754,8193,0.9989196079971758,6.833065199044783e-05,0.9989715646610678,971.8507876081259,172,1053,0,68,3.0417795812499167,3.341688647559937,-0.3872696420465619,7.158007512902977,18019.653668422994,1,2,10,4,4,34,12,14,89,2,2,35,0.8,0.14,uniform,360,1
1053,19537.557745535814,17783.916714364048,3765,4.8063721289180636e-05,14113,3629,42696,0.8934416210214942,0.3683786190581291,0.9999436939742462,17759.588486948738,1.106823377174227,0.1927057644070316,0.9102425669568419,8193,0.9989143906908026,6.232082558033803e-05,0.9990265149249978,1026.7370338975609,172,1053,1,68,3.309186761000347,3.2118198866889283,-0.40165041763074766,7.324307482950771,19537.557745492715,2,3,10,4,6,34,10,13,89,2,2,35,0.8,0.14,uniform,361,1
1052,28957.700805985554,27240.67672942791,3914,3.298208676431102e-05,20617,4605,64437,0.9226918733868106,0.36805498576878215,0.9999632725723292,27227.10790248824,1.0661451158014865,0.13516266454382928,0.9407057871043845,8193,0.9989258533136122,3.915676762717626e-05,0.998933185825971,936.870283834612,172,1053,0,68,5.122264800724647,3.9438843725782453,-0.3830015121802385,9.83215219766337,28957.7008058797,3,2,10,10,7,34,20,15,89,2,2,35,0.8,0.14,uniform,362,1
1053,16422.130184244317,14604.470203575625,3710,5.706067817532726e-05,11982,3343,35438,0.8790967707525006,0.3686698335020892,0.9999313864823334,14573.88757864561,1.1376401265627833,0.22591466261541635,0.8893164309212098,8193,0.9990471363552749,7.80574909222758e-05,0.9990622643383344,1065.8985252629363,172,1053,1,68,2.6979379989684067,3.6031725924033524,-0.42117504646562504,7.143460684303009,16422.13018421018,0,1,10,3,4,34,8,16,89,2,2,35,0.8,0.14,uniform,363,1
1053,20188.63035760327,18573.22413491144,3554,4.6632266036236264e-05,14516,3579,44376,0.901163100729064,0.3682673086521573,0.999946102722546,18553.312863959247,1.0933159530083483,0.17603967862344475,0.9199843578252723,8193,0.9989271569060857,5.89267532643557e-05,0.9989567556296837,958.0481002431599,172,1053,1,68,3.4593710226752132,2.988262237578944,-0.3751266710670488,7.197886602388255,20188.63035755301,0,1,10,5,4,34,17,8,89,2,2,35,0.8,0.14,uniform,364,1
1053,19094.872037686044,17421.042077824524,3603,4.927012382840124e-05,13779,3513,41781,0.8955578008336017,0.36834848736531417,0.9999425265797959,17398.84731869279,1.1038021114210699,0.1886894027301698,0.9123413890096769,8193,0.9989479493128918,6.34392825720832e-05,0.998972155821306,972.4100311554598,172,1053,1,68,3.2345190586455104,3.208586540074323,-0.3922372637932628,7.22758012630636,19094.872037640143,1,2,10,6,3,34,10,14,89,2,2,35,0.8,0.14,uniform,365,1
1051,21736.52655853302,20100.032953917995,3632,4.348044637274008e-05,15593,3766,47913,0.9057980695000473,0.36820463217987637,0.9999502047209576,20081.725042711423,1.0868792332369024,0.16709201399863036,0.9247122763515961,8193,0.9988190308401903,5.412145470444278e-05,0.9989019863217496,910.2353754178773,172,1053,0,68,3.7690009345896014,2.6304909797376954,-0.36735045617699585,7.134192826681288,21736.52655847847,1,1,10,3,2,34,9,10,89,2,1,35,0.8,0.14,uniform,366,1
1052,17770.24271739453,16144.256918203353,3449,5.3005710652482626e-05,12845,3330,38794,0.8936522957028585,0.3683852765597234,0.9999379766018834,16122.44763018456,1.1091168016119595,0.19408851386278037,0.9084995165766887,8193,0.9988867369107196,6.879119294430627e-05,0.9989307578008556,934.7417118179485,172,1053,0,68,3.0003567363746977,3.8691975259315026,-0.3780164038065964,7.625587069919393,17770.242717353605,1,2,10,3,7,34,11,13,89,1,2,35,0.8,0.14,uniform,367,1
1051,19386.084191452508,17607.649759382522,3835,4.8267108435240046e-05,14019,3632,42314,0.8901795826143991,0.3684437538958342,0.9999431223219005,17581.089705217106,1.109816639678128,0.19782231223832633,0.9082623177271606,8193,0.9989496213024947,6.31237935813204e-05,0.9990936311324667,1102.8034863960104,172,1053,0,68,3.2709249061497596,3.2400398157305945,-0.41814915501299044,7.347263031906335,19386.084191410253,1,1,10,3,5,34,11,12,89,2,2,35,0.8,0.14,uniform,368,1
1048,25264.586900441634,23535.363042179473,3951,3.735619854376233e-05,18067,4222,55916,0.9101071935881431,0.3681631514075016,0.9999574779938839,23516.73474943872,1.0780051322911999,0.15638490411774494,0.9315554271646558,8193,0.9989819964864862,4.583894082869995e-05,0.9990265518638667,1026.7760138685164,172,1053,0,68,4.43292379372221,2.8466045427511917,-0.3885622559670709,8.056652848407543,25264.586900371833,2,1,10,7,3,34,12,13,89,2,2,35,0.8,0.14,uniform,369,1
1053,19332.841281717298,17665.188932971796,3628,4.853332265628794e-05,13943,3532,42337,0.895301796138955,0.3683545956763232,0.9999433199698738,17642.39816901181,1.101989132335905,0.18765994853694531,0.9137399244919799,8193,0.9989097584281367,6.246077721951072e-05,0.9989394377855887,942.396034413834,172,1053,1,68,3.2954198745801992,3.452385655936263,-0.37653478480633,7.5008751001291225,19332.841281670077,2,0,10,9,7,34,15,12,89,2,2,35,0.8,0.14,uniform,370,1
1053,16338.279271360785,14736.451032446896,3388,5.7229512155995555e-05,11850,3148,35527,0.8862668754797581,0.36852341616570466,0.9999320274616763,14711.32369051579,1.118873137119642,0.2073657784720814,0.9019585715050349,8193,0.9989332984479841,7.605264719256194e-05,0.9989495574017709,951.4795843057946,172,1053,1,68,2.7326566286867306,2.835975424599361,-0.3705303174337295,6.30969268815355,16338.279271324223,0,0,10,3,2,34,10,8,89,2,2,35,0.8,0.14,uniform,371,1
1052,16950.171999963368,15254.791484571759,3547,5.535795102441252e-05,12304,3298,36814,0.8862240268388802,0.36851370507532627,0.99993433809169,15229.029956988788,1.1215689024771824,0.2092604134051068,0.8999785656809103,8193,0.9989788654463897,7.364435443787033e-05,0.9990016097433597,1001.112255570668,172,1053,0,68,2.828900748110507,2.761113558084879,-0.3935654115716508,6.377145129338687,16950.17199992815,2,0,10,3,4,34,9,9,89,2,2,35,0.8,0.14,uniform,372,1
1053,17456.55312661292,15869.185200420792,3387,5.388671698011579e-05,12616,3262,38122,0.8932267266520107,0.3683748509772271,0.9999369006059617,15847.512725160115,1.108387918017059,0.19402455773679858,0.9090675052125756,8193,0.9989019353926221,6.993860598638814e-05,0.9989330868730601,936.7833456074866,172,1053,1,68,2.9433496202249474,2.8846382157699733,-0.37223501920073604,6.572457874396393,17456.553126576222,1,1,10,4,2,34,12,11,89,2,2,35,0.8,0.14,uniform,373,1
1053,20697.98279336714,18834.678783610867,4006,4.540488639123867e-05,14953,3851,45225,0.8929552343349475,0.36838976583802907,0.9999468347894604,18808.792573392617,1.1071941537488363,0.1935454309723245,0.9099765407886324,8193,0.9990400049751309,5.886421029247046e-05,0.9990459115924735,1047.620820060299,172,1053,1,68,3.523651266772402,3.464070315643608,-0.4075895296783871,7.802900641772784,20697.982793313404,2,1,10,5,4,34,8,19,89,2,1,35,0.8,0.14,uniform,374,1
1052,21896.755859454348,20184.76706337953,3751,4.315170004083847e-05,15729,3849,48184,0.904201569514732,0.36823231934826534,0.9999504107321154,20165.153627371637,1.090724207036395,0.17130391479340687,0.9218154137963029,8193,0.9989421602182759,5.408821489126995e-05,0.9989592186145788,960.316482396529,172,1053,0,68,3.788236640444793,2.81219851368391,-0.3746447016454445,7.349724557419592,21896.75585939465,2,0,10,5,4,34,11,16,89,2,1,35,0.8,0.14,uniform,375,1
1053,20220.187209758198,18397.49901325925,3937,4.6276560001975844e-05,14611,3759,44177,0.8917623302922543,0.368427224416482,0.9999455668937851,18370.67278968588,1.1075554464211121,0.1947064069762923,0.9098579959922762,8193,0.998982593196639,6.028768325414096e-05,0.9990486030230454,1050.5858755673423,172,1053,1,68,3.441234036241385,3.3209316388180343,-0.39925736161404174,7.560680398287503,20220.187209708824,1,2,10,3,2,34,11,7,89,2,1,35,0.8,0.14,uniform,376,1
1052,24722.85393596169,23110.74909836174,3614,3.8503549717118106e-05,17650,4062,54823,0.9171898065504086,0.36810162844365246,0.9999567042030241,23096.430180076488,1.0736123028100517,0.14618053438980605,0.9347929311973567,8193,0.9989416169391278,4.648290029351308e-05,0.9989545868411308,956.0595194535277,172,1053,0,68,4.324282478235205,3.1006246323089317,-0.3758798669892558,8.176666844522648,24722.853935880667,2,1,10,6,1,34,20,11,89,2,2,35,0.8,0.14,uniform,377,1
1053,35010.081071347005,33229.913300308166,4251,2.7287895774739075e-05,24831,5301,78291,0.928484981492122,0.36802115412241926,0.9999698952848058,33216.88782363788,1.0558721263742084,0.12142216955558863,0.9491527092607687,8193,0.998930367276985,3.178672964616815e-05,0.9989441605819198,946.6136329324277,172,1053,1,68,6.264580249752858,2.6695752377908826,-0.38500779795754536,9.704171083458832,35010.08107119527,3,0,10,8,3,34,22,8,89,2,1,35,0.8,0.14,uniform,378,1
1050,21754.791686919256,20031.184140011635,3762,4.345775653063968e-05,15634,3845,47842,0.9035677015155366,0.36823867976406427,0.9999500297475525,20011.406100400283,1.0921039221122277,0.1729274200433746,0.9207711307139754,8193,0.9989648450231462,5.45727086867108e-05,0.9989730937710505,973.2986623177578,172,1053,0,68,3.7547800386695713,2.878069884111342,-0.3889898064461001,7.4108295356731135,21754.791686857276,1,0,10,3,4,34,11,8,89,2,1,35,0.8,0.14,uniform,379,1
1052,17232.052576548922,15592.68023936405,3460,5.4521531544170375e-05,12479,3281,37536,0.8902362270863942,0.3684413503871827,0.9999357725542005,15569.167876537456,1.114414497122905,0.20078861671468606,0.9048649410798635,8193,0.9988779173734369,7.157599671216268e-05,0.9989084475093906,915.6262598529552,172,1053,0,68,2.9023166246288654,3.0583418336939916,-0.37373899828272283,6.708136454888303,17232.052576514954,1,1,10,3,5,34,11,12,89,2,2,35,0.8,0.14,uniform,380,1
1051,26047.453330288805,24283.421317723627,3999,3.6345544428485176e-05,18620,4337,57674,0.9122644879918805,0.3681569844375178,0.9999587899987035,24265.454098444177,1.0769933009924249,0.15352748498256588,0.9322762194754024,8193,0.9990256904082175,4.438289533031951e-05,0.9990628873987297,1066.6075444172905,172,1053,0,68,4.564273820401744,3.7104525135076427,-0.39242519581263524,9.059576725534658,26047.453330206565,2,1,10,7,4,34,16,9,89,1,1,35,0.8,0.14,uniform,381,1
1051,16219.135714875483,14408.702613010431,3686,5.771048956532561e-05,11840,3313,34979,0.8785012325461911,0.368695698722286,0.9999304498077561,14377.605470803306,1.1391588765009968,0.2272624179733179,0.8883767215657119,8193,0.9989986894159939,7.922871885753976e-05,0.9990239678734616,1024.0563577105524,172,1053,0,68,2.669948612028202,3.8674675727001437,-0.41647112438553396,7.370358433499414,16219.135714854183,0,2,10,2,7,34,9,13,89,2,2,35,0.8,0.14,uniform,382,1
1053,19566.226696005306,17887.902402020325,3639,4.805323701840705e-05,14107,3568,42861,0.8965406716481643,0.3683434965032756,0.9999440284121626,17865.70745231265,1.101234006805305,0.1859837390488248,0.9142234054597951,8193,0.9989265543105065,6.163781594183879e-05,0.998974217856311,974.365782585166,172,1053,1,68,3.342630099531501,3.144643217665682,-0.37365227387014793,7.234577864937478,19566.226695959682,2,1,10,5,4,34,13,16,89,2,2,35,0.8,0.14,uniform,383,2
1051,30185.776177680542,28435.30623799608,4082,3.152723083150212e-05,21480,4765,67221,0.9214494457973875,0.36806536304875714,0.9999648147163692,28420.473108827566,1.0646295706899285,0.13522925420146206,0.9420101067012229,8193,0.9989393866203704,3.745929340651106e-05,0.9989573257411006,958.5722134167343,172,1053,0,68,5.358728636627162,3.355752446666684,-0.3854723486376879,9.485425780569221,30185.776177566782,4,1,10,6,5,34,16,18,89,2,2,35,0.8,0.14,uniform,384,2
1053,30931.618689441853,29182.939393850033,4077,3.084277172659511e-05,21995,4842,68941,0.9235101743757552,0.36804682388742205,0.9999657176220538,29169.0051454892,1.0627879340623103,0.13180687505990873,0.9434662856428943,8193,0.9988781362031216,3.6434897632359986e-05,0.9989094450292003,916.4642316182009,172,1053,1,68,5.488314256749684,3.9027708295678005,-0.38663706126179576,10.164359208841077,30931.61868933044,3,1,10,5,5,34,18,14,89,2,1,35,0.8,0.14,uniform,385,1
1053,21509.85658492458,19762.165137789507,3800,4.384719204277429e-05,15474,3837,47246,0.9016203422140864,0.36826989053876913,0.999949345593192,19741.118998271213,1.0949017967187527,0.17666319554465426,0.9187492747692255,8193,0.9989871914287807,5.546160102599902e-05,0.9990137102952797,1013.4007982240707,172,1053,1,68,3.6970495006964414,3.1555967404561143,-0.3883933454320532,7.6294329320166625,21509.856584866524,1,2,10,5,6,34,16,13,89,2,1,35,0.8,0.14,uniform,386,1
1053,16853.468045397618,15061.177887823012,3728,5.5353874218368374e-05,12274,3365,36464,0.8799166771573547,0.3686667365988265,0.9999334691743204,15030.126621804813,1.1313584873336135,0.22120076354362272,0.8936545194884059,8193,0.9989325105208692,7.527021430256766e-05,0.9990162243640943,1015.9918532348869,172,1053,1,68,2.7939627677455836,3.0999146557160504,-0.40707579737593913,6.708029018213512,16853.468045364814,1,2,10,3,3,34,10,6,89,2,2,35,0.8,0.14,uniform,387,1
1052,16421.84511263725,14779.98618480606,3479,5.6708695742846486e-05,11924,3188,35667,0.8834787946116439,0.36858145554577276,0.999932215802866,14752.201099926695,1.1219814470826288,0.21185195549815375,0.9000198262393965,8193,0.9989618184485866,7.605261158988388e-05,0.9989988458774907,998.3471244826093,172,1053,0,68,2.750329426689977,3.6603500052203897,-0.37169435897702646,7.15406814986442,16421.845112608436,1,2,10,1,3,34,9,11,89,2,2,35,0.8,0.14,uniform,388,1
1052,23338.58600050739,21564.58908916362,3896,4.057459803061479e-05,16747,4059,51423,0.9065804797259326,0.3682005920595448,0.9999535872453135,21545.301505952862,1.0877648754844567,0.1669338493735353,0.9239886721798312,8193,0.998976245539582,5.0486164322746244e-05,0.9990559445321873,1058.7597149103385,172,1053,0,68,4.030281796244104,2.967538460875513,-0.4067117399607976,7.811243737041212,23338.586000437783,1,1,10,6,5,34,16,12,89,2,1,35,0.8,0.14,uniform,389,1
1050,28827.814415336725,27037.40887441026,4139,3.291585624237084e-05,20553,4657,64042,0.9169904557027766,0.3681007035629191,0.9999629921421429,27020.788390895337,1.0698126510612322,0.14357661459753276,0.9378931224153452,8193,0.9990024597891985,3.959147452441636e-05,0.9990561082987445,1058.9434980098706,172,1053,0,68,5.094029081466934,4.3767318220557785,-0.39698318810140293,10.264727279725518,28827.814415233766,4,2,10,8,6,34,14,14,89,1,1,35,0.8,0.14,uniform,390,2
1053,18034.033233076778,16346.19990670937,3595,5.1958422321491945e-05,13052,3408,39320,0.8902379857034286,0.36845194255417413,0.9999387316337075,16321.136436543802,1.1123807945911235,0.19934531302772024,0.9064084387250823,8193,0.9989695177069946,6.815375397997731e-05,0.9990087788853905,1008.3565541471248,172,1053,1,68,3.044057383653577,3.268671945424785,-0.38121008701020087,7.075149503098764,18034.033233044793,2,2,10,3,3,34,10,14,89,2,2,35,0.8,0.14,uniform,391,1
1053,27235.751660721726,25525.986093578067,3872,3.499398964576088e-05,19422,4416,60481,0.9189906380782793,0.3680835341549505,0.9999608025150686,25511.340915854267,1.0705347091522117,0.1421660781840671,0.937223485202745,8193,0.9989137203541867,4.196226813072435e-05,0.9989258259151997,930.4477094488873,172,1053,1,68,4.800385305101549,3.116398898794995,-0.3725969666217112,8.661978137139966,27235.751660622966,2,0,10,6,6,34,16,15,89,2,1,35,0.8,0.14,uniform,392,1
1053,26802.74218194501,24984.130030531036,4115,3.533769767041397e-05,19161,4466,59342,0.9123879475246374,0.36814509420393937,0.9999599458993834,24965.732781976578,1.077144350155842,0.1535290669912113,0.9321482802368246,8193,0.998968230747913,4.3144048180084575e-05,0.9990408032267032,1042.0388732852123,172,1053,1,68,4.693318474507594,3.3465096610074645,-0.39742078130480063,8.83466969812466,26802.742181852256,2,1,10,5,2,34,13,16,89,2,2,35,0.8,0.14,uniform,393,1
1052,27717.225619943758,26021.212599520793,3923,3.424533003283197e-05,19753,4454,61608,0.9181274525643136,0.3680967136146067,0.999961547886982,26005.8731584403,1.0686414203700574,0.141536532328013,0.9388101448651986,8193,0.9989849889421872,4.10915206717805e-05,0.9990866295301711,1094.3459179276172,172,1053,0,68,4.83904588428732,2.8299960410198977,-0.4303886442004322,8.529819213708082,27717.22561984558,0,1,10,4,3,34,16,7,89,2,2,35,0.8,0.14,uniform,394,1
1052,16119.340038700018,14442.252676275535,3497,5.795615884425872e-05,11725,3188,34924,0.8820863046012914,0.3686146110513393,0.9999306268079861,14414.290073346101,1.1277919316110592,0.2169443656876925,0.8959580628984773,8193,0.9989451735945893,7.823852622376798e-05,0.9990020549286159,1001.5590768392203,172,1053,0,68,2.6729164999119908,2.894617668018001,-0.3915968154247183,6.350727798779428,16119.34003867109,0,2,10,2,3,34,10,7,89,2,2,35,0.8,0.14,uniform,395,1
1050,15555.711429757237,14020.535247166592,3214,6.035472097928729e-05,11284,3009,33812,0.8876262937679288,0.3684779347247102,0.9999285622247369,13997.696274898131,1.1195773858986862,0.20661221535980612,0.9013110914584122,8193,0.9989010642564963,7.998011768360843e-05,0.9989140606336117,920.3616361338977,172,1053,0,68,2.5966969740729526,2.9255525568879044,-0.36629567920991923,6.254840889380695,15555.711429735078,0,1,10,1,5,34,9,9,89,2,2,35,0.8,0.14,uniform,396,1
1053,19868.9938046097,18040.86571355183,3878,4.735350141739722e-05,14367,3731,43362,0.8930022079292079,0.36839599451117705,0.9999444946832976,18015.792116752433,1.109898864380928,0.19517847950107498,0.9079909073888917,8193,0.9989261759672614,6.160528797537932e-05,0.9990043777072197,1003.8968727950449,172,1053,1,68,3.3626295707752654,3.176140328242321,-0.4111584262930056,7.361086751603597,19868.99380456445,1,0,10,6,5,34,9,14,89,2,2,35,0.8,0.14,uniform,397,1
1052,17631.628183129596,16082.92658590023,3350,5.323877776973891e-05,12725,3245,38575,0.8944070025467803,0.36836090891022144,0.9999377418271067,16061.648200059373,1.1041526263143013,0.1899994694310403,0.9121634382744525,8193,0.998957205571994,6.874252510978637e-05,0.9989644307913627,965.1524182508128,172,1053,0,68,2.9871660109751375,2.861895912695065,-0.3648545561535833,6.578771035977369,17631.628183097073,1,1,10,4,5,34,10,11,89,2,2,35,0.8,0.14,uniform,398,1
1053,31126.302556637864,29310.102395106507,4302,3.0423131483743825e-05,22155,4922,69300,0.9188094811119455,0.3680938230043101,0.9999658629258196,29293.164554186853,1.0651879772477393,0.13821108344532793,0.9416506294563393,8193,0.9989967030098409,3.636240099578754e-05,0.9990323435238244,1032.9245122654988,172,1053,1,68,5.528228786766029,3.349660861736872,-0.38369952406308294,9.645288696629066,31126.30255651527,3,2,10,6,5,34,14,12,89,2,1,35,0.8,0.14,uniform,399,1
