n_cluster,mfpt,sd,mode,f_mode,median,q10,q90,S_mode,S_mfpt,lam1,tau1,A1,ratio,cv,t_cert,lam2,w1,mu2,tau_rel,n_blocked,n_open,pocket_free,chem_dist,G_tt,G_ss,G_st,R_st,mfpt_tetali,blk_t_r3,blk_s_r3,nsite_r3,blk_t_r6,blk_s_r6,nsite_r6,blk_t_r10,blk_s_r10,nsite_r10,deg_s,deg_t,N,q,p,scheme,rep,attempts
1176,15740.689444315638,14481.012690390271,2745,6.001098729087358e-05,11317,2792,34599,0.9028080524480937,0.36824064614856983,0.9999308764958955,14466.359175574345,1.0931812908094014,0.17438880359788111,0.9199732160156258,4097,0.998519411619637,7.55645214425914e-05,0.9985349860440323,682.0872319781872,49,1176,1,68,2.425570011655457,2.2300685004027834,-0.25141798907272883,5.158474490203698,15740.689444281734,1,0,10,2,1,34,4,4,89,2,2,35,0.8,0.04,uniform,0,1
1176,15235.812668737473,13967.416408576764,2734,6.200323044992925e-05,10970,2746,33425,0.9007082285200654,0.36827033630991707,0.9999283297383136,13952.288451467773,1.097537724806372,0.1794456298094242,0.916749024962525,4097,0.9985458594219973,7.866081594769287e-05,0.9985483245630523,688.359092609272,49,1176,1,68,2.3379710187941414,2.4672673161523093,-0.2531535847287433,5.311545504403937,15235.812668714563,1,1,10,1,4,34,4,5,89,2,2,35,0.8,0.04,uniform,1,1
1176,14559.682420383353,13299.026135795091,2700,6.476809679266098e-05,10500,2666,31878,0.8977552842602393,0.3683087475485876,0.999924719412208,13283.136975445452,1.1021831697256455,0.18544360529595327,0.9134145753877598,4097,0.9985646048580897,8.297299687170719e-05,0.998568977295978,698.3008131632536,49,1176,1,68,2.222081075825519,2.267505063284234,-0.2540553902225109,4.997696919554775,14559.682420362415,0,0,10,1,1,34,4,3,89,2,2,35,0.8,0.04,uniform,2,1
1176,14697.419874837717,13440.892926171844,2685,6.42922893753047e-05,10593,2678,32201,0.8995042629849884,0.3683038528993247,0.9999255188663578,13425.718837404203,1.100586252051521,0.18268512588367805,0.9145069706542798,4097,0.9985357661088732,8.197291172390414e-05,0.9985374343364251,683.2298635652588,49,1176,1,68,2.245791631609509,2.2432500014541814,-0.25376957158954827,4.996580776242787,14697.419874810455,0,0,10,1,0,34,6,4,89,2,2,35,0.8,0.04,uniform,3,1
1176,14354.705850819988,13103.278601864014,2668,6.57541909082891e-05,10355,2636,31419,0.8978704624259806,0.3683074349860499,0.9999235951637083,13087.676718237928,1.102958438081417,0.1858623943762383,0.9128211151129587,4097,0.9985325905813266,8.427135889841467e-05,0.9985534784242224,690.8134530796503,49,1176,1,68,2.188511435600109,2.554513002472285,-0.2527650696379599,5.248554577348314,14354.705850799844,0,1,10,1,3,34,3,6,89,2,2,35,0.8,0.04,uniform,4,1
1175,14223.118482385622,12973.92506676585,2670,6.625387862226359e-05,10263,2619,31118,0.8966107208127732,0.3683379809511581,0.999922829607809,12957.837661786703,1.1039365853587235,0.1877225450457026,0.9121716227586226,4097,0.9985131802786741,8.519121924636458e-05,0.9985333760443267,681.3379154051929,49,1176,0,68,2.169926747006932,2.1995417935608375,-0.25102959041683154,4.871527721401432,14223.11848236461,0,0,10,0,0,34,3,3,89,2,2,35,0.8,0.04,uniform,5,1
1176,14966.549008945212,13731.124549490072,2663,6.315882679170122e-05,10772,2688,32848,0.90156567290814,0.3682521021143942,0.9999270985133383,13716.641382826168,1.0965499145482087,0.17793012927752264,0.9174542869757918,4097,0.9985090656483047,7.994011896977794e-05,0.9985350241723894,682.1049974173928,49,1176,1,68,2.2945952623691563,2.179166499516265,-0.25073620173317884,4.97523416535178,14966.549008921731,0,0,10,2,1,34,4,1,89,2,2,35,0.8,0.04,uniform,6,1
1176,15024.446200087928,13754.734455327109,2727,6.285044122305647e-05,10824,2724,32937,0.8997932532158799,0.3683011674331787,0.9999272188992189,13739.330654194582,1.0992726854258348,0.18150419414354457,0.9154902797845961,4097,0.9985572636995652,8.000627610405447e-05,0.9985587362998379,693.3354352914558,49,1176,1,68,2.299398127928547,2.39253168394605,-0.2557797972531528,5.2034894063809025,15024.446200068394,0,0,10,1,2,34,5,3,89,2,2,35,0.8,0.04,uniform,7,1
1176,17873.85346842439,16603.572218518682,2829,5.3034843280736114e-05,12796,3030,39498,0.910620892964659,0.36815667776943667,0.9999397270780409,16590.69828927424,1.081235099485966,0.1582758863385368,0.9289307561936903,4097,0.9985320148999843,6.516919877083524e-05,0.9985396060421632,684.2466170170461,49,1176,1,68,2.7850057682230327,2.2215382538581494,-0.254765229802095,5.516074481685372,17873.85346838775,0,0,10,3,1,34,5,4,89,2,2,35,0.8,0.04,uniform,8,1
1176,14519.149318470047,13280.432852632894,2666,6.492543607071484e-05,10465,2642,31814,0.8984152094862567,0.3683117743152136,0.999924615986624,13264.91205146735,1.1004467783981384,0.18361957312530272,0.914683950232445,4097,0.9985315359992434,8.295609466303956e-05,0.9985606094085213,694.2383379757658,49,1176,1,68,2.2200965588537698,2.2572062006337315,-0.24914652251470112,4.975595804516903,14519.149318446607,0,1,10,1,2,34,2,2,89,2,2,35,0.8,0.04,uniform,9,1
1176,14999.19902751083,13750.398691215896,2696,6.294896070203822e-05,10800,2703,32906,0.9004217478248916,0.3682840071692417,0.9999271979535113,13735.37759944315,1.097567937110263,0.179742931276205,0.9167421984331002,4097,0.9985261637145967,7.990519198214817e-05,0.9985267560365625,678.2740821029411,49,1176,1,68,2.3005473300081603,2.297668366324414,-0.2503368583395642,5.098889413011703,14999.19902748462,0,0,10,2,1,34,4,5,89,2,2,35,0.8,0.04,uniform,10,1
1176,15658.303518163937,14382.36740993515,2770,6.0293016209276394e-05,11265,2798,34388,0.901628175446493,0.3682723344271689,0.99993039949033,14367.21087364146,1.095170580434559,0.17690294461253392,0.9185137708725165,4097,0.998559470659075,7.622443057408018e-05,0.9985634142551094,695.5947729374609,49,1176,1,68,2.4086716031541795,2.241898061069295,-0.2543051856446349,5.159180035512744,15658.303518137029,1,0,10,2,1,34,3,3,89,2,2,35,0.8,0.04,uniform,11,1
1176,20057.382112316067,18768.136247948674,2941,4.7337255838766206e-05,14314,3279,44501,0.9159445896604315,0.36811647228069105,0.9999466856186298,18756.165163544956,1.0725072838564416,0.14662930503747565,0.935722126788633,4097,0.9985376839463488,5.718006235419299e-05,0.9985412363056588,685.0118662584667,49,1176,1,68,3.158112413808619,2.2948754847727257,-0.25300699304099583,5.959001884663336,20057.382112275733,2,0,10,3,2,34,4,4,89,2,2,35,0.8,0.04,uniform,12,1
1176,15419.488661385243,14169.74298455915,2699,6.137385404751509e-05,11090,2750,33873,0.9030831408768822,0.3682568335390185,0.9999293588490205,14155.554731805054,1.0944803818096918,0.17503822981880449,0.9189502515763828,4097,0.9985368318472332,7.731535389574794e-05,0.9985371169254028,683.0815103057487,49,1176,1,68,2.370441403320523,2.709752989572683,-0.25192061391742865,5.584035620728064,15419.488661359157,1,1,10,1,3,34,6,3,89,2,2,35,0.8,0.04,uniform,13,1
1176,16300.140837357889,15037.140938140546,2773,5.798499497938394e-05,11705,2855,35883,0.9047367052083679,0.36822782002758725,0.9999334371475087,15022.894614309738,1.0897596316596723,0.17012122948316066,0.9225160130934142,4097,0.9985300238295592,7.253750961331443e-05,0.9985364597193345,682.7745463750911,49,1176,1,68,2.5218696410877866,2.30767978492872,-0.2502631543757386,5.330075734767984,16300.140837325529,2,0,10,2,2,34,4,2,89,2,2,35,0.8,0.04,uniform,14,1
1176,14646.83075278158,13392.568379749484,2689,6.44296833321406e-05,10558,2670,32088,0.8987372833090648,0.36829853623618186,0.9999252480127917,13377.070776115843,1.1008381579775544,0.18358920406650647,0.914366295739855,4097,0.9985390959378987,8.22898399038807e-05,0.9985793340734276,703.3951332507189,49,1176,1,68,2.236637557533169,2.1882235642039296,-0.25432005348166,4.933501228700418,14646.830752767193,0,0,10,1,1,34,3,1,89,2,2,35,0.8,0.04,uniform,15,1
1176,15514.886448978505,14246.732868576708,2749,6.086093601599362e-05,11163,2775,34068,0.9015745192083803,0.36826231393491254,0.9999297367359374,14231.68822709611,1.0955023846238525,0.17718466770866978,0.9182621423255539,4097,0.9985227761848138,7.697357333219278e-05,0.998540244338379,684.5460310500877,49,1176,1,68,2.3849698530034567,2.2746962964662116,-0.25361627776999285,5.166898705009654,15514.886448947884,1,0,10,2,2,34,4,5,89,2,2,35,0.8,0.04,uniform,16,1
1176,16170.2259923607,14885.862302832365,2805,5.841578501074732e-05,11622,2860,35556,0.9031800202213459,0.36824965127215076,0.9999327572340223,14870.98818290618,1.0923790297332037,0.1734669633760942,0.9205723104837801,4097,0.9985629559903971,7.345458745538703e-05,0.9985725790358968,700.0640629026041,49,1176,1,68,2.494846806910623,2.265638216128548,-0.2551916271596863,5.270868277358544,16170.22599233342,1,0,10,1,2,34,5,2,89,2,2,35,0.8,0.04,uniform,17,1
1176,14543.288185105066,13295.354682896193,2667,6.497466190723402e-05,10484,2654,31857,0.8991178224289809,0.3683037104966004,0.9999247028692061,13280.218521195644,1.1010233012166653,0.18338356264792208,0.9141917916825041,4097,0.9985388845975758,8.29038955189384e-05,0.9985392511244761,684.0802442912855,49,1176,1,68,2.220454236047898,2.185990655478287,-0.2528940947482905,4.912233081022766,14543.288185081587,0,0,10,1,0,34,3,2,89,2,2,35,0.8,0.04,uniform,18,1
1176,14889.310105274406,13640.075370680917,2693,6.340195039921167e-05,10724,2692,32652,0.8998897888178263,0.36829402992481064,0.9999266077803116,13624.922473894569,1.0984534045668641,0.18086801745408126,0.9160985481690681,4097,0.9985550093226594,8.06179335856524e-05,0.9985791398160064,703.2988979554148,49,1176,1,68,2.278439702229555,2.440264062840049,-0.25375589390231235,5.226215552874228,14889.31010525538,0,1,10,1,1,34,4,1,89,2,2,35,0.8,0.04,uniform,19,1
1176,17426.76763026853,16144.286203253798,2843,5.4322192304195475e-05,12491,2993,38452,0.9081177184034036,0.3681807215725123,0.9999380081301542,16130.647554789452,1.0845709087527937,0.16313983524184927,0.9264073835019645,4097,0.9985552551500153,6.723457861395636e-05,0.9985582235382532,693.088675623699,49,1176,1,68,2.710516569042542,2.183771878376294,-0.25321942249381185,5.40072729240646,17426.767630233764,2,0,10,3,1,34,4,2,89,2,2,35,0.8,0.04,uniform,20,1
1176,19675.292762780082,18379.66921097533,2927,4.828831646826638e-05,14051,3244,43613,0.9152693096630065,0.3681213134424947,0.9999455578462431,18367.619751793103,1.074478894793461,0.14876525779260732,0.9341497192735199,4097,0.9985290285730983,5.849694519890069e-05,0.9985366653632922,682.870567701065,49,1176,1,68,3.0965705577843066,2.223856711291186,-0.24956766717115034,5.819562603417793,19675.292762738085,1,0,10,2,1,34,4,6,89,2,1,35,0.8,0.04,uniform,21,1
1176,14396.462864769328,13146.433700829095,2679,6.547952189517649e-05,10384,2639,31516,0.8973463820275955,0.3683352963973098,0.9999238446710326,13130.557446345527,1.1025351827035113,0.18608737612597767,0.9131710910046332,4097,0.9985557845432395,8.396392953702969e-05,0.9985573074509918,692.6482574824568,49,1176,1,68,2.195907581527209,2.515902757576376,-0.25247045669607754,5.21675125249574,14396.462864752926,0,1,10,1,2,34,2,3,89,2,2,35,0.8,0.04,uniform,22,1
1176,14414.879883293444,13166.270868553842,2660,6.554305676302563e-05,10395,2641,31561,0.8986903180661425,0.36830011272098356,0.9999239631242252,13151.013516669665,1.102142582825642,0.18453154112528447,0.9133805467094654,4097,0.9985391280658394,8.380347865665513e-05,0.9985540031547989,691.0643204550752,49,1176,1,68,2.1984531702863492,2.2432468394180947,-0.25305701394370556,4.947814037591855,14414.87988327272,0,0,10,0,2,34,3,3,89,2,2,35,0.8,0.04,uniform,23,1
1176,15172.506238482049,13914.130412742757,2711,6.231825298966387e-05,10923,2731,33293,0.9012057573382166,0.3682535590798389,0.9999280568663368,13899.367140205455,1.097076458233639,0.17867845676834107,0.9170620986434218,4097,0.9985601593455867,7.892711827372375e-05,0.9985752401339,701.3725432342137,49,1176,1,68,2.3245078916657778,2.350332409727761,-0.2558503121524279,5.186540925698395,15172.50623845105,0,0,10,1,2,34,4,4,89,2,2,35,0.8,0.04,uniform,24,1
1176,14900.673063880857,13649.60924722362,2687,6.342868694856341e-05,10732,2695,32676,0.9004759311579077,0.3682688877255022,0.9999266605468486,13634.725742520823,1.0984821164452099,0.18032742470628874,0.9160397781164793,4097,0.9985376895498836,8.056207771676078e-05,0.998547427552653,687.9336997222061,49,1176,1,68,2.282221349602918,2.567856959335166,-0.25190672248080676,5.353891753899697,14900.6730638523,0,1,10,2,3,34,3,6,89,2,2,35,0.8,0.04,uniform,25,1
1176,15831.863155600395,14568.8209727399,2745,5.973541763377608e-05,11380,2805,34805,0.9035753961600363,0.3682352695201254,0.9999312948690493,14554.453695150127,1.0928006185178618,0.1733845203828065,0.9202215070679345,4097,0.9985179176804718,7.508100959843191e-05,0.9985350585950069,682.1210370071585,49,1176,1,68,2.4424651308408203,2.3075861592380846,-0.25002860310017916,5.250108496279263,15831.863155573075,1,0,10,1,3,34,3,4,89,2,2,35,0.8,0.04,uniform,26,1
1176,16387.81730474367,15115.447766792251,2790,5.767903242194919e-05,11769,2873,36073,0.9047436989967107,0.36822058755466136,0.9999337818696558,15101.104265115542,1.0899649648237293,0.17024841979367183,0.9223588160466548,4097,0.998528125236818,7.217544211175621e-05,0.9985292264560593,679.4142014231772,49,1176,1,68,2.5350762922706225,2.2358003330690814,-0.2519674670350237,5.274811559409751,16387.8173047172,1,0,10,1,1,34,5,3,89,2,2,35,0.8,0.04,uniform,27,1
1176,15076.782114351461,13817.979049910111,2708,6.26812735252118e-05,10857,2721,33072,0.9007612852780226,0.36826886873437364,0.9999275547500984,13803.027504166572,1.0978509785528598,0.17961392420881891,0.9165071793905474,4097,0.9985397659835916,7.953408849609297e-05,0.9985557668035905,691.9088357358012,49,1176,1,68,2.3109815568273966,2.282512699459087,-0.2530970340441433,5.09968832437477,15076.782114324655,1,0,10,1,2,34,2,4,89,2,2,35,0.8,0.04,uniform,28,1
1175,21609.655807646137,20309.463669879977,2994,4.4042718944827983e-05,15392,3453,48061,0.9201474405128287,0.36806876231961677,0.9999507361750435,20298.370432421274,1.0672998740730586,0.13854917573192602,0.9398328159717327,4097,0.9984964258550527,5.257927417243083e-05,0.9985306271940367,680.0623568695073,49,1176,0,68,3.429203643858318,2.1707211537220426,-0.2490356425410646,6.0979960826624895,21609.655807596373,2,0,10,4,1,34,5,2,89,2,1,35,0.8,0.04,uniform,29,1
1176,15218.798999121302,13959.924792655647,2715,6.209212672631157e-05,10955,2736,33399,0.9012604549112487,0.3682629801147237,0.9999282925894791,13945.06005171075,1.0967993253111874,0.17839778291025185,0.9172816326348525,4097,0.9985266474691811,7.864863947920845e-05,0.9985501878250966,689.2443972538134,49,1176,1,68,2.334486355631118,2.177878232829934,-0.2537447666648209,5.019854121790694,15218.79899910012,1,0,10,2,0,34,5,2,89,2,2,35,0.8,0.04,uniform,30,1
1176,15972.58393971575,14715.250045964684,2737,5.92416529456138e-05,11476,2815,35137,0.904616082516327,0.3682157566327682,0.9999319807838728,14701.227784459425,1.0913567793827026,0.17135611935614645,0.9212817476185107,4097,0.9985024174143314,7.423323264907544e-05,0.9985140750569947,672.4813780788559,49,1176,1,68,2.4654786314218784,2.522584501043829,-0.250947208660845,5.489957549787397,15972.583939686414,1,2,10,3,4,34,4,4,89,2,2,35,0.8,0.04,uniform,31,1
1176,14642.232913930226,13372.813129854067,2720,6.438837363844593e-05,10560,2682,32057,0.8975395314277153,0.36832711333370727,0.9999251341743975,13356.729303033542,1.102348179535598,0.185764016730827,0.9133042213207476,4097,0.9985358399469887,8.252820656246317e-05,0.9985559952504646,692.0183774040033,49,1176,1,68,2.235365386452018,2.224444713462396,-0.2548102791784638,4.9694306582713414,14642.232913907235,0,0,10,2,0,34,3,5,89,2,2,35,0.8,0.04,uniform,32,1
1176,14579.231451141428,13335.790395152793,2668,6.475060201777827e-05,10507,2653,31946,0.8990239263388986,0.3683043893195679,0.9999249307540834,13320.53429733786,1.1003519461159723,0.18300004420268112,0.9147114811809038,4097,0.9985227362897319,8.260259083798423e-05,0.998548779779124,688.5751727298767,49,1176,1,68,2.228742535707263,2.397564477591231,-0.2507185954358557,5.127744204170205,14579.231451121537,0,1,10,1,2,34,2,3,89,2,2,35,0.8,0.04,uniform,33,1
1176,15068.197769677037,13816.13535205937,2699,6.268984101397033e-05,10849,2714,33061,0.9008793617224742,0.3682789297056802,0.9999275452965681,13801.226488368713,1.0973216615348602,0.17911896573533284,0.9169069561764516,4097,0.9984888221728273,7.950611555607306e-05,0.9985188256642443,674.6398487681549,49,1176,1,68,2.313063173503545,2.6374193750313855,-0.2495554948044768,5.449593538143884,15068.19776965117,1,2,10,1,2,34,3,5,89,2,2,35,0.8,0.04,uniform,34,1
1176,14328.033348402743,13066.87832169269,2692,6.580178423870433e-05,10340,2641,31344,0.8966381370054,0.368334175074088,0.9999233788212244,13050.721809565011,1.1041829411246615,0.18788342646481193,0.9119798931197599,4097,0.9985288694949946,8.460379853322056e-05,0.9985432981257399,685.9821420974326,49,1176,1,68,2.183380745858842,2.25569467751075,-0.253359619512769,4.94579466239513,14328.03334838507,0,0,10,1,1,34,2,5,89,2,2,35,0.8,0.04,uniform,35,1
1175,19953.032844251626,18637.630002844875,2979,4.7576557504538255e-05,14251,3291,44227,0.9148059080961706,0.368120877978113,0.9999463107011393,18625.1855831484,1.0745988368229946,0.1493006112531026,0.9340750425424318,4097,0.9986010718726241,5.769445810552618e-05,0.9986380495627774,733.7409958457397,49,1176,0,68,3.1414139988840266,3.0653882886815547,-0.2548469107689992,6.71649610910358,19953.032844211524,1,1,10,1,1,34,7,5,89,1,1,35,0.8,0.04,uniform,36,1
1176,14319.111657334917,13058.055892613576,2708,6.570362103571357e-05,10335,2640,31324,0.8954684323324926,0.3683534591115446,0.9999233236685428,13041.33416844354,1.1043513729199586,0.18911787719825734,0.9119319832892449,4097,0.9985494321871627,8.467761191543496e-05,0.9985866380453893,707.0327237683283,49,1176,1,68,2.1812602223441098,2.154145979284307,-0.2539628486257618,4.84333189887994,14319.111657302845,0,0,10,1,0,34,1,1,89,2,2,35,0.8,0.04,uniform,37,1
1176,14640.25648550719,13395.916861661732,2683,6.437722273774837e-05,10551,2660,32085,0.8984895576661373,0.36831381221548654,0.9999252660209219,13380.294276852936,1.100017826473627,0.1832618166666669,0.9150056131135909,4097,0.9985377708251152,8.220870922958683e-05,0.9985525033343943,690.3477573944288,49,1176,1,68,2.2388402749320866,2.140868332874653,-0.25099926341520157,4.881707134637142,14640.256485482054,0,0,10,1,0,34,3,1,89,2,2,35,0.8,0.04,uniform,38,1
1176,14733.704466793599,13461.982831725329,2732,6.395977383833548e-05,10624,2694,32265,0.8975349337660324,0.3683122497109969,0.9999256301451681,13445.8083436095,1.1018405327502696,0.18542519338278457,0.9136862261670553,4097,0.9985489492759942,8.194372046844208e-05,0.9985523299576661,690.2650196418807,49,1176,1,68,2.252312523245486,2.498874457984806,-0.2534195289253177,5.258026039080928,14733.704466764326,0,1,10,1,1,34,3,3,89,2,2,35,0.8,0.04,uniform,39,1
1176,14337.223248535716,13089.12518683947,2680,6.567342176823937e-05,10342,2630,31382,0.8967032465720156,0.3683403281863443,0.9999235089353868,13072.922426132127,1.1029036394923488,0.18692601444102594,0.9129470163043101,4097,0.9985501444727365,8.436227355068665e-05,0.9985963369544771,711.9215735999544,49,1176,1,68,2.1872871799641507,2.3099013678015976,-0.25101609359249044,4.99922073495073,14337.22324851305,0,1,10,1,1,34,2,2,89,2,2,35,0.8,0.04,uniform,40,1
1176,16260.825404999274,14999.10634819494,2768,5.8127095620575064e-05,11677,2850,35794,0.9047260844380295,0.368220549002825,0.999933268280261,14984.877321903103,1.089901690541135,0.17022506121669556,0.9224074408660444,4097,0.9985140661674256,7.273101415636866e-05,0.998543193090546,685.9326469927449,49,1176,1,68,2.5162861304948265,2.3306962001936258,-0.2491603669485725,5.345303064585598,16260.825404967187,1,1,10,3,1,34,4,3,89,2,2,35,0.8,0.04,uniform,41,1
1176,25273.6912837855,23917.51573438985,3201,3.774306711380523e-05,17948,3890,56425,0.9258980552929502,0.36802975276423555,0.9999581723027364,23907.103460758695,1.0592740724664398,0.1266534422715538,0.9463404243500547,4097,0.9985981753290992,4.4306995222451154e-05,0.9986132482799112,720.6095000971229,49,1176,1,68,4.04308942534892,2.1973768725730594,-0.2551573916095506,6.75078108114108,25273.691283715805,3,0,10,4,0,34,6,3,89,2,1,35,0.8,0.04,uniform,42,1
1176,14651.987326588229,13407.712355913558,2673,6.441964477928009e-05,10558,2662,32112,0.8992493290040039,0.36829522037788914,0.9999253339229389,13392.462894211585,1.0998543617329428,0.18243259022954794,0.9150780748754302,4097,0.998576472083483,8.21218105292671e-05,0.9985768823525328,702.1824752595774,49,1176,1,68,2.2392703059337387,2.144678279899499,-0.25256427341393706,4.889077132661113,14651.987326564333,0,0,10,1,0,34,2,1,89,2,2,35,0.8,0.04,uniform,43,1
1176,15874.229221190644,14592.709097058503,2788,5.9491745509451186e-05,11416,2826,34878,0.9022136711637156,0.3682623218904533,0.9999314041525565,14577.641926626324,1.0941393441884246,0.17563057463465848,0.9192704032255355,4097,0.9985117871117773,7.505341553620346e-05,0.998540767878021,684.7918102349032,49,1176,1,68,2.4471495296047094,2.254435100210471,-0.2525493175318363,5.206683264878853,15874.229221162888,1,0,10,1,0,34,3,4,89,2,2,35,0.8,0.04,uniform,44,1
1176,15990.68773795381,14713.790400018894,2781,5.9096835378341844e-05,11495,2834,35153,0.9031233316612767,0.3682371165072757,0.9999319706907264,14699.046567378176,1.092933624315012,0.1739137206337481,0.9201474408818449,4097,0.9985727259682015,7.435151954456595e-05,0.9985733134921514,700.4247124424871,49,1176,1,68,2.4662198170414804,2.2361703316828994,-0.25328490029366063,5.208959949311701,15990.68773793063,1,0,10,1,1,34,2,2,89,2,2,35,0.8,0.04,uniform,45,1
1176,21539.869306496552,20233.401576624143,3005,4.417572194603516e-05,15346,3451,47892,0.9196502846744191,0.36807628889488875,0.9999505505007361,20222.151688740567,1.0679100294145325,0.13950873875978784,0.9393465340349874,4097,0.9985252886757968,5.280761621340033e-05,0.9985436763304812,686.160420387009,49,1176,1,68,3.4134484826312335,2.2135427627441944,-0.2497945966959668,6.126580438767362,21539.86930644394,3,0,10,3,1,34,7,4,89,2,1,35,0.8,0.04,uniform,46,1
1176,14335.465065881217,13072.749169870576,2676,6.592302027666064e-05,10345,2644,31360,0.8978849024836377,0.3683282904311557,0.9999234168161739,13057.196867006332,1.1041561020466677,0.18666991183766687,0.9119166423825386,4097,0.9985278370542906,8.455978973596026e-05,0.9985320720111932,680.7322047985585,49,1176,1,68,2.1837916826677413,2.9301974905921826,-0.2542125802334053,5.622414333726734,14335.465065858742,0,2,10,0,4,34,2,7,89,2,2,35,0.8,0.04,uniform,47,1
1176,14541.584959234586,13277.293356924067,2697,6.492979572071081e-05,10488,2668,31832,0.8980621032692411,0.3683000883247279,0.9999245973308553,13261.629986494252,1.1026206338330389,0.18546809082783502,0.9130568224952924,4097,0.9984987185545263,8.314053884524816e-05,0.9985570652616497,692.5319159915193,49,1176,1,68,2.217769609761803,2.276977083822824,-0.25528905677142544,5.005324807127478,14541.584959215385,0,0,10,1,1,34,3,4,89,2,2,35,0.8,0.04,uniform,48,1
1176,20850.890209592668,19561.947197084195,2956,4.560200326439274e-05,14863,3363,46329,0.9184830377962654,0.368085776759467,0.9999488519340148,19550.581365854,1.0693770901767563,0.14176852740033427,0.9381828305865099,4097,0.998509825158293,5.469656997153953e-05,0.9985303027736787,679.9121297621389,49,1176,1,68,3.298257098180147,2.303048623054464,-0.24781266534808682,6.0969310519307856,20850.890209546018,1,1,10,3,2,34,6,3,89,2,1,35,0.8,0.04,uniform,49,1
1176,15265.247829839818,14002.360595235315,2734,6.182473404796389e-05,10989,2744,33500,0.9005825206880402,0.36828418444043454,0.9999285081636397,13987.11104042202,1.0968709065337439,0.17909961439706862,0.9172704401080297,4097,0.9985552900212186,7.841731535832357e-05,0.9985573630858883,692.6749885639617,49,1176,1,68,2.3426948399189667,2.2301939445239873,-0.25343574338347324,5.0797602712099,15265.247829818345,1,0,10,1,0,34,4,3,89,2,2,35,0.8,0.04,uniform,50,1
1176,16625.5926091893,15368.042989212667,2774,5.688120693263231e-05,11928,2885,36640,0.9062954587030411,0.3681969871360444,0.9999348733767387,15354.203646069775,1.0872953761045976,0.166851195335242,0.9243606138116507,4097,0.998527743608856,7.08118763335204e-05,0.9985553612208579,691.7144416980051,49,1176,1,68,2.577356376854457,2.161613621274424,-0.25012535939709135,5.239220716923064,16625.592609159103,1,0,10,4,0,34,4,2,89,2,2,35,0.8,0.04,uniform,51,1
1176,14286.151609386514,13015.0883764458,2692,6.609409296918603e-05,10314,2646,31235,0.8969221607793,0.36833349377927327,0.9999230747445854,12999.131838950929,1.1054250831172792,0.18843423152749264,0.9110282973543707,4097,0.9985508155569466,8.503510686066625e-05,0.9985636212537888,695.6950882259883,49,1176,1,68,2.1754963805631746,4.0955239970004405,-0.25412124007643616,6.779262857716487,14286.151609360912,0,2,10,1,4,34,2,7,89,2,2,35,0.8,0.04,uniform,52,1
1176,16237.237149602519,14971.108338396698,2774,5.8210931991499e-05,11662,2851,35734,0.9044667967079136,0.36823432214637386,0.9999331428378836,14956.760643016312,1.0904170449795263,0.17084187256992217,0.9220231373391737,4097,0.9985499302323845,7.290218915105814e-05,0.9985546572585084,691.3772946252677,49,1176,1,68,2.509897059868313,2.175120576118414,-0.2515378295156386,5.188093295018004,16237.237149577637,1,0,10,2,0,34,5,3,89,2,2,35,0.8,0.04,uniform,53,1
1176,15895.90683368451,14641.30778052809,2732,5.950761169501225e-05,11422,2805,34964,0.9043008523356755,0.3682279694346451,0.9999316365268474,14627.194490853246,1.0916495118549943,0.17186814370418338,0.9210740811277379,4097,0.998519198547747,7.462895209610582e-05,0.9985277958607512,678.753503363868,49,1176,1,68,2.4517112292232786,2.178070327508211,-0.25167428670422576,5.133130130139941,15895.906833653724,1,0,10,2,0,34,7,4,89,2,2,35,0.8,0.04,uniform,54,1
1176,14087.172896454096,12841.070500715656,2662,6.686523090747784e-05,10169,2602,30809,0.8959468025140531,0.3683486731199462,0.9999220293537666,12824.8393783623,1.104828377080711,0.18896623329369772,0.9115434725691414,4097,0.9985409391650071,8.614418253815929e-05,0.998559334689431,693.6236243972952,49,1176,1,68,2.1451871711765906,2.2156589634732637,-0.2505905322983469,4.8620271992465485,14087.172896432634,0,0,10,0,1,34,2,3,89,2,2,35,0.8,0.04,uniform,55,1
1176,19405.069843561607,18099.82791806299,2938,4.892928093669783e-05,13868,3224,42978,0.9139542935969406,0.3681290360972862,0.9999447143429367,18087.37401407148,1.0762965968969351,0.15140373230734838,0.9327370663429134,4097,0.9985271256173905,5.950376455456815e-05,0.9985397609486419,684.3192569898824,49,1176,1,68,3.049251471866268,2.408273540586106,-0.2509304743108448,5.959385961074063,19405.069843521425,1,1,10,1,3,34,3,5,89,2,1,35,0.8,0.04,uniform,56,1
1176,17154.610870901983,15876.869283640573,2813,5.523164534852932e-05,12301,2960,37832,0.908084071993455,0.36817809868110213,0.999936963805483,15863.401800093267,1.0857071301013292,0.16397923690425825,0.9255161427515245,4097,0.9985168271228221,6.84388458417134e-05,0.9985504315498791,689.360368225806,49,1176,1,68,2.6622375965550344,2.147352195495806,-0.25521323182389055,5.320016255698621,17154.61087086808,1,0,10,2,0,34,8,1,89,2,2,35,0.8,0.04,uniform,57,1
1176,14881.454759716546,13634.838737928822,2687,6.343366733117482e-05,10718,2688,32638,0.9000633335043565,0.3682965683420126,0.9999265798684346,13619.742544237242,1.098272306687278,0.18056030431067752,0.916230231390935,4097,0.9985284297955128,8.063529725163126e-05,0.9985683219610202,697.9809446275361,49,1176,1,68,2.2782557394662173,2.207850205206475,-0.2526039135427358,4.991313771758164,14881.454759692644,0,0,10,1,1,34,5,1,89,2,2,35,0.8,0.04,uniform,58,1
1176,14801.765693899917,13552.108216684997,2697,6.371393913249117e-05,10664,2682,32450,0.8990375085561055,0.3682911540584675,0.9999261291054697,13536.631314087712,1.099214567576996,0.18220799165274476,0.9155737563303055,4097,0.9985469886691482,8.119996338755816e-05,0.9985612132142826,694.5298941397461,49,1176,1,68,2.2653415473346996,2.1490457059318437,-0.2519655434609479,4.918318340188439,14801.765693878408,0,0,10,1,0,34,2,1,89,2,2,35,0.8,0.04,uniform,59,1
1176,35801.96711257021,34449.02728983718,3382,2.689815645864679e-05,25240,4995,80673,0.9428636474868263,0.3679490800246233,0.9999709661436987,34442.04836675708,1.040472038775748,0.09446408319872923,0.9622104612721682,8193,0.9985210637129811,3.020891565938885e-05,0.9985252876941814,677.5982396968344,49,1176,1,68,5.827725109580796,2.234139770632611,-0.26104480749711373,8.583954495207633,35801.96711241811,2,0,10,6,1,34,7,5,89,2,2,35,0.8,0.04,uniform,60,1
1176,14711.777507662247,13446.392572553024,2701,6.42289565483195e-05,10606,2687,32223,0.8990809072564612,0.36829170268150835,0.9999255482534286,13431.018340260409,1.1013039511238345,0.1835944024162447,0.9139883039659769,4097,0.9985524713185464,8.199400266746425e-05,0.9985595918047513,693.7475266913608,49,1176,1,68,2.2467498180284506,2.273005399907651,-0.2552531594609587,5.030261536858019,14711.777507637727,0,0,10,1,1,34,3,5,89,2,2,35,0.8,0.04,uniform,61,1
1176,19594.538282906342,18297.840647844805,2922,4.8500436428195015e-05,13996,3237,43426,0.9152116053090161,0.3681067165984852,0.9999453142966946,18285.8150569158,1.0748845547912727,0.14912318717655423,0.9338235167198231,4097,0.9985573553233853,5.878081785102575e-05,0.9985608599682828,694.3592946086135,49,1176,1,68,3.0822932818718485,2.5867980969258917,-0.2501111880028087,6.169313754803357,19594.538282862984,1,1,10,1,3,34,4,5,89,2,1,35,0.8,0.04,uniform,62,1
1176,15894.721781922404,14611.305503107906,2791,5.9415950518103184e-05,11431,2830,34923,0.9022600661877674,0.3682493611854023,0.9999314914876192,14596.226229436124,1.0941580337536396,0.17559288160515632,0.9192551907216036,4097,0.9985613226881936,7.495913920211985e-05,0.9985791853577629,703.3214570196745,49,1176,1,68,2.447166807433766,2.2703853064486794,-0.2560171690783172,5.229586452039079,15894.721781891047,1,0,10,3,1,34,4,3,89,2,2,35,0.8,0.04,uniform,63,1
1176,14599.096390783508,13349.707251810338,2678,6.464459805601248e-05,10523,2660,31984,0.898833601004272,0.36830456187649196,0.9999250082720181,13334.304070298967,1.100759306372694,0.18343601058012307,0.914420104811287,4097,0.9985232567887778,8.254784247724898e-05,0.9985439951402327,686.3107729864313,49,1176,1,68,2.2310017241664992,2.2761371265821992,-0.25183779807176365,5.010814446892226,14599.096390760984,0,0,10,1,3,34,4,5,89,2,2,35,0.8,0.04,uniform,64,1
1176,14820.951801398576,13574.021703506727,2675,6.376952466840389e-05,10675,2683,32498,0.9004630590493349,0.36827766815877194,0.9999262519159274,13559.174290151986,1.0987163763401178,0.1804877335710365,0.9158670701719587,4097,0.998533634689319,8.102822769453399e-05,0.9985541060408342,691.1135303818617,49,1176,1,68,2.266565277942308,3.0722752180698727,-0.25400475630446506,5.846850008621111,14820.951801371026,0,1,10,1,2,34,4,4,89,1,2,35,0.8,0.04,uniform,65,1
1176,14748.60997899095,13493.971777559285,2681,6.411257720315676e-05,10628,2682,32322,0.9000320807170701,0.3682739469190615,0.999925813315522,13479.007900610031,1.0999797839026126,0.18177984256272434,0.9149317662329625,4097,0.9985233995921977,8.160385316083062e-05,0.9985240416560908,677.0257733084418,49,1176,1,68,2.255209086376159,2.3709891671836445,-0.2530579168484476,5.132314087256698,14748.609978960685,0,1,10,1,1,34,4,6,89,2,2,35,0.8,0.04,uniform,66,1
1176,14336.989470796405,13072.597399485294,2705,6.571107188699551e-05,10348,2645,31361,0.8960240409548468,0.3683410127530434,0.999923410726866,13056.158701554137,1.1044598104180245,0.18867280369494058,0.9118090953552974,4097,0.9985693860514376,8.458977408581399e-05,0.9985789837962415,703.2216246806388,49,1176,1,68,2.1835068292750206,2.3024616809733636,-0.2547566861637746,4.995481882575933,14336.989470780116,0,0,10,0,3,34,2,3,89,2,2,35,0.8,0.04,uniform,67,1
1176,15014.905349457536,13752.557787975273,2727,6.280089019146306e-05,10816,2716,32924,0.8992890350695284,0.3682923461059584,0.9999272063254242,13736.957346202715,1.098733958231159,0.18161952649928106,0.9159270383593946,4097,0.9985333331908722,7.998088220088093e-05,0.9985661835803792,696.9392362045902,49,1176,1,68,2.3006117945190354,2.391168074382394,-0.25294353701729927,5.197666942936028,15014.905349433648,0,1,10,3,2,34,3,3,89,2,2,35,0.8,0.04,uniform,68,1
1176,14440.591532742228,13175.907393184301,2701,6.530920196962305e-05,10419,2657,31599,0.8970742795137381,0.36831528172454453,0.9999240141420314,13159.843598824928,1.1035557906472657,0.1870421993362129,0.9124215835140538,4097,0.9985368944973326,8.385463356861665e-05,0.998561851013559,694.8381304357122,49,1176,1,68,2.200476485030227,2.3019036809860043,-0.2554064286974922,5.013193023411215,14440.591532718989,0,0,10,1,1,34,1,5,89,2,2,35,0.8,0.04,uniform,69,1
1176,14411.771033438523,13149.027947804638,2696,6.544046038889015e-05,10398,2652,31535,0.8970798357200249,0.3683202328621311,0.9999238588272155,13132.99877531598,1.1036091338097909,0.18706930562140342,0.9123811304867362,4097,0.9985690816796172,8.403009374423508e-05,0.998569431196565,698.5225335075593,49,1176,1,68,2.1964207843026786,2.260359014726971,-0.2545606839656326,4.965901166960915,14411.77103341767,0,0,10,1,1,34,2,3,89,2,2,35,0.8,0.04,uniform,70,1
1176,14969.443887778432,13722.264855281774,2698,6.300781146303154e-05,10779,2698,32840,0.8999714303645437,0.36829796166192663,0.999927047318835,13707.015386505786,1.0976873192259418,0.18023381631449514,0.9166850123594171,4097,0.9985225138162858,8.007923301857991e-05,0.9985505098010188,689.3976105465863,49,1176,1,68,2.2977111135686266,2.5049268828307403,-0.24811267686488564,5.298863350129139,14969.443887749052,1,1,10,1,2,34,2,5,89,2,2,35,0.8,0.04,uniform,71,1
1176,14352.719011799973,13111.558336261187,2645,6.583947237748011e-05,10350,2627,31427,0.8988127595148798,0.36829309411564093,0.9999236463186035,13096.445441590886,1.1019375318614433,0.1842856393848047,0.913524352109285,4097,0.9985207205138708,8.413698722673105e-05,0.9985300552131317,679.7975382065321,49,1176,1,68,2.1899448720944803,2.3680725923995074,-0.25099373535104036,5.060004935196068,14352.719011779662,0,0,10,0,3,34,2,6,89,2,2,35,0.8,0.04,uniform,72,1
1176,14238.567008848411,12980.694766511864,2671,6.632488505179952e-05,10276,2630,31143,0.8972215906425355,0.36831138461543395,0.9999228719985669,12964.959767182878,1.104553766083655,0.18758910207327287,0.9116573850756993,4097,0.9985152515521385,8.51920244534263e-05,0.9985301301714895,679.8322310777721,49,1176,1,68,2.169780568349383,2.3696888100089146,-0.25174443315239997,5.042958244663098,14238.567008830485,0,0,10,1,2,34,1,8,89,2,2,35,0.8,0.04,uniform,73,1
1176,15392.399186417764,14126.738788328414,2734,6.138621729804284e-05,11077,2760,33790,0.9015804233248463,0.3682746687296652,0.9999291400952631,14111.853146604812,1.0961324845918325,0.1776201336054537,0.9177736762956247,4097,0.9985446602176083,7.767184343736647e-05,0.9985459503472917,687.234302484651,49,1176,1,68,2.3642080413329705,2.352175290332302,-0.2535469223382623,5.223477176341797,15392.399186386849,0,0,10,3,3,34,4,6,89,2,2,35,0.8,0.04,uniform,74,1
1176,16129.762783736964,14875.449947970026,2745,5.863541277861009e-05,11584,2829,35502,0.9049242932904881,0.36821635602739705,0.9999327140054449,14861.433842772381,1.0901060856048874,0.17018229200293514,0.9222361263098293,4097,0.9985066042777192,7.33488721405531e-05,0.9985239872534099,677.0008011447933,49,1176,1,68,2.4944032677833006,2.234429108491015,-0.24875366822147219,5.22633971271726,16129.762783708064,1,0,10,1,2,34,5,2,89,2,2,35,0.8,0.04,uniform,75,1
1176,14136.241755062816,12887.56378908254,2661,6.670743435008293e-05,10203,2610,30919,0.8965615123665711,0.36834137863020033,0.9999223124851939,12871.581208842807,1.1046055002428408,0.1882395650914061,0.9116683212118193,4097,0.9985041233852575,8.581405615516769e-05,0.9985554607919125,691.7621555610825,49,1176,1,68,2.1525852499572466,2.2694383607672113,-0.25153749749825177,4.925098605720962,14136.24175503833,0,0,10,0,2,34,1,4,89,2,2,35,0.8,0.04,uniform,76,1
1176,16466.454925119524,15191.020920049297,2790,5.746416432410214e-05,11824,2884,36250,0.9053859188787623,0.36822830569908616,0.9999341126226325,15176.913938654352,1.0896811828995674,0.16943537711592457,0.9225434976216674,4097,0.9985021079574606,7.179623530816748e-05,0.9985232575063457,676.6660072301772,49,1176,1,68,2.548218703002161,2.4507264312282175,-0.25219880126432465,5.503342736759028,16466.454925086935,1,1,10,2,2,34,5,6,89,2,2,35,0.8,0.04,uniform,77,1
1176,16191.423646328198,14911.071370695088,2789,5.8422814962107954e-05,11635,2859,35610,0.9040730243606612,0.36824275420594915,0.9999328729647005,14896.627441457533,1.0918542619698988,0.17225168465235446,0.920924045741743,4097,0.9985622109745811,7.329293958558631e-05,0.9985622949998848,695.0528620588371,49,1176,1,68,2.4990465696560564,2.26746469379546,-0.2545969076060729,5.275705078663662,16191.42364630132,1,0,10,1,2,34,4,3,89,2,2,35,0.8,0.04,uniform,78,1
1176,14409.295946668843,13142.50073798546,2706,6.541155567873354e-05,10398,2655,31524,0.8966235733520228,0.3683427828960448,0.9999238194684645,13126.213339494603,1.1040506142559015,0.18779543497582032,0.9120848642867772,4097,0.9985594543275802,8.41071626364606e-05,0.9986010928911213,714.343630760423,49,1176,1,68,2.194398390812181,2.191928454349499,-0.25616214433261725,4.898651133826914,14409.295946651413,0,0,10,0,0,34,3,3,89,2,2,35,0.8,0.04,uniform,79,1
1176,19525.50638845282,18204.586382799025,2974,4.8597986364521536e-05,13956,3251,43235,0.9134066324238521,0.36812299218722444,0.9999450317118063,18191.80746687453,1.076809084699129,0.15231359130121164,0.9323490013844161,4097,0.9985698336673238,5.919035209760138e-05,0.9985745000416232,701.0081443287864,49,1176,1,68,3.0659458646710376,2.4580212209707257,-0.2547184870992533,6.03340405984027,19525.50638840931,1,1,10,1,1,34,3,4,89,2,1,35,0.8,0.04,uniform,80,1
1176,15532.006101203475,14274.706821263231,2722,6.087413372591298e-05,11171,2768,34122,0.9027715724515336,0.36824951104190823,0.9999298773403048,14260.225476429257,1.0943808697646198,0.17525102567330886,0.9190510696591329,4097,0.9985493022671702,7.674089730733766e-05,0.9985637701851074,695.7672809120855,49,1176,1,68,2.388680886568747,2.172100439681946,-0.2528167496845147,5.066414825619722,15532.00610116918,1,0,10,2,1,34,5,3,89,2,2,35,0.8,0.04,uniform,81,1
1176,14581.33562987378,13327.679577318742,2691,6.466444256582663e-05,10513,2662,31937,0.898089376507938,0.36832259349912505,0.999924882102499,13311.906667346186,1.1013526339267934,0.1845509950739193,0.9140232359793854,4097,0.9985404413236215,8.273129426759268e-05,0.9985854089224349,706.417955998658,49,1176,1,68,2.228297561915358,2.2658849927204576,-0.25152142275288675,4.9972254001415894,14581.33562984928,0,0,10,2,1,34,3,5,89,2,2,35,0.8,0.04,uniform,82,1
1176,15352.791904843467,14081.418311252994,2744,6.154126203415575e-05,11052,2761,33691,0.9010280275739183,0.3682653102135152,0.9999289108060928,14066.335543027211,1.0969345771143302,0.17872970707916183,0.9171894205646477,4097,0.9985637392301784,7.798019485597311e-05,0.9985834299317953,705.4303701978032,49,1176,1,68,2.3534963021374655,2.256542811592622,-0.2575227292952446,5.125084572320576,15352.791904824335,0,0,10,2,1,34,3,3,89,2,2,35,0.8,0.04,uniform,83,1
1176,14041.620536610195,12771.49730992827,2707,6.696873657081762e-05,10146,2617,30673,0.8939406499701129,0.3683665668370911,0.9999215977402002,12754.234392106893,1.107705723807036,0.19278401612849028,0.9095458231925312,4097,0.9985832946069463,8.684663193994005e-05,0.9986042551712108,715.963222301246,49,1176,1,68,2.1332413768336407,2.517622387647701,-0.25478932666765525,5.160442417816652,14041.620536587621,0,1,10,0,2,34,0,4,89,2,2,35,0.8,0.04,uniform,84,1
1176,19900.74211529428,18559.72310819554,3028,4.7661070368591586e-05,14223,3308,44073,0.9133235838046951,0.36812879108286195,0.9999460833888645,18546.65974719302,1.0764848658799537,0.15215512981663618,0.9326146231467353,4097,0.9985598560504705,5.804041590708767e-05,0.9985859154008248,706.6711507423571,49,1176,1,68,3.1274323687715664,2.2189390060936836,-0.2570475828015021,5.860466540468254,19900.742115249643,1,0,10,3,0,34,3,3,89,2,1,35,0.8,0.04,uniform,85,1
1176,14667.93025648106,13410.312908994583,2702,6.428377569278145e-05,10574,2675,32132,0.8982168456399028,0.36830826104494846,0.9999253455768345,13394.553596747659,1.1010198976384549,0.18421140220557802,0.9142607494379927,4097,0.998539676732103,8.21960053523799e-05,0.9985686994706561,698.1651710508739,49,1176,1,68,2.2410061355423854,2.2238202911239338,-0.2535398264402634,4.971906079546845,14667.930256457974,0,0,10,1,2,34,4,3,89,2,2,35,0.8,0.04,uniform,86,1
1176,15259.439300740369,14010.361323206138,2710,6.187124707964487e-05,10980,2731,33505,0.901288150789485,0.36827881247872074,0.99992855093078,13995.483579519474,1.095669193671645,0.1775949919646467,0.918143913880661,4097,0.9985824161719009,7.828454406130948e-05,0.9985857290504208,706.577970808453,49,1176,1,68,2.3424759658006136,2.1432098323309887,-0.25266677241558394,4.99101934296277,15259.439300711241,0,0,10,3,0,34,4,3,89,2,2,35,0.8,0.04,uniform,87,1
1176,14527.84722611656,13271.755144970772,2684,6.496974534829757e-05,10476,2659,31811,0.8983297008087731,0.3683050572739515,0.9999245663365867,13256.180827581009,1.1019682221716536,0.1847486388193153,0.9135390081134853,4097,0.9985349222256457,8.312549996385213e-05,0.9985454452448721,686.9954827485532,49,1176,1,68,2.2170534345260724,2.333967262628332,-0.25366888283697075,5.0583584628283464,14527.847226094695,0,1,10,0,1,34,3,3,89,2,2,35,0.8,0.04,uniform,88,1
1176,14821.522809992895,13578.272735097835,2679,6.368488659488062e-05,10675,2679,32504,0.8999746233432776,0.36827289021140613,0.9999262737018586,13563.181138976495,1.0984283768843974,0.18075065796840914,0.9161186005761268,4097,0.9985193394972349,8.098305800123089e-05,0.9985274709095951,678.6036086742033,49,1176,1,68,2.270952471818827,2.3559447613945332,-0.24971467273379302,5.126326578680946,14821.522809969407,0,1,10,1,2,34,3,3,89,2,2,35,0.8,0.04,uniform,89,1
1176,14169.130100332686,12897.592756069824,2714,6.639594214842864e-05,10234,2632,30965,0.8945380365361717,0.3683705276461081,0.9999223664051055,12880.521429654451,1.106682861052299,0.19154316325575105,0.910260027591037,4097,0.9985491644655606,8.59157689120199e-05,0.9985798097384817,703.6308892888039,49,1176,1,68,2.1552792219901433,2.2258461533441327,-0.25443678146352405,4.889998938261325,14169.130100307566,0,0,10,0,0,34,3,4,89,2,2,35,0.8,0.04,uniform,90,1
1176,14899.102749544672,13634.351090497208,2723,6.331321320876302e-05,10736,2706,32655,0.8989009273538624,0.36830341148206464,0.999926574097055,13618.671973950242,1.0998397640146846,0.18276268348328673,0.9151122265341706,4097,0.998558516449019,8.075672776787988e-05,0.9985720862096061,699.8222720408534,49,1176,1,68,2.2816255635018554,2.216557941984878,-0.25223544832124056,5.002654402129215,14899.102749519805,1,0,10,1,0,34,2,3,89,2,2,35,0.8,0.04,uniform,91,1
1176,14359.085040532333,13109.123742460564,2674,6.56890690997749e-05,10358,2635,31430,0.8974215290136752,0.3683233232382678,0.9999236281758915,13093.334161845725,1.1028202576254127,0.18622356455525715,0.9129497948829316,4097,0.9985293095064758,8.422439473886159e-05,0.9985536714054067,690.9056938996237,49,1176,1,68,2.188525263843523,2.160023168352969,-0.2534960015489428,4.855540435294378,14359.085040507698,0,0,10,0,0,34,2,1,89,2,2,35,0.8,0.04,uniform,92,1
1176,14280.279078215917,13043.839980807263,2643,6.609430239554725e-05,10298,2615,31267,0.8981233359123776,0.36831892301619684,0.9999232479260222,13028.463879175875,1.1021420472800145,0.1850804165327418,0.9134163211631626,4097,0.9984966833040839,8.459168794722079e-05,0.998513247781981,672.1069102440705,49,1176,1,68,2.179493195331137,2.291579896638514,-0.24912569551839897,4.969324483006449,14280.279078195272,0,0,10,0,1,34,2,5,89,2,2,35,0.8,0.04,uniform,93,1
1176,14030.57369329031,12790.959932416972,2647,6.716738748818888e-05,10127,2590,30687,0.8961661694167012,0.36832635415572784,0.9999217249072487,12774.955950810136,1.1046570343842173,0.18865942746630857,0.9116491037379217,4097,0.9985399748585048,8.646713182507356e-05,0.9985534676284118,690.808293643303,49,1176,1,68,2.136087121043205,2.675882757444127,-0.2500648676070593,5.3120996137014505,14030.573693263554,0,2,10,0,3,34,0,4,89,2,2,35,0.8,0.04,uniform,94,1
1175,14220.19161639183,12959.403853540103,2686,6.628197908945737e-05,10265,2629,31096,0.8962023757176338,0.368346421669709,0.9999227418555495,12943.119169414533,1.1050845348978398,0.18888634362027915,0.9113382015613349,4097,0.9985510094133698,8.537678062745415e-05,0.9985706216491478,699.1047120916485,49,1176,0,68,2.1660857737857904,2.2318785800523964,-0.2543723736821397,4.906709101202466,14220.19161637409,0,0,10,0,1,34,3,2,89,2,2,35,0.8,0.04,uniform,95,1
1176,16097.75019689142,14824.517799076222,2771,5.8769782905953296e-05,11568,2843,35404,0.9041930482443404,0.36822488975938106,0.9999324812583926,14810.202566631604,1.0918701758612597,0.1721358553902208,0.9209061898562032,4097,0.9985124946499088,7.372170027300894e-05,0.9985438423445462,686.2387054047963,49,1176,1,68,2.4850850350114477,2.2925642577132037,-0.2526275835028217,5.282904459730295,16097.750196863903,1,0,10,1,3,34,3,3,89,2,2,35,0.8,0.04,uniform,96,1
1176,14341.43235023215,13082.204382766517,2685,6.576241339167503e-05,10348,2641,31378,0.897083154258984,0.36834005897726935,0.999923469671508,13066.215107812037,1.1038617854731838,0.18721979328351657,0.9121964991561495,4097,0.9985682746382301,8.447890505223773e-05,0.998596494517112,712.0015526655947,49,1176,1,68,2.185579516319943,2.5527833552390398,-0.25343959085880724,5.2452420532765975,14341.432350211053,0,1,10,1,2,34,2,3,89,2,2,35,0.8,0.04,uniform,97,1
1176,16004.575037458984,14730.55178266507,2761,5.9149731293647795e-05,11503,2834,35188,0.9042717976258273,0.36822006604738905,0.9999320506266168,14716.339167540016,1.0925256840832485,0.17251317161110694,0.9203963084423022,4097,0.998523431579865,7.423643563864899e-05,0.9985269416253292,678.3596000243897,49,1176,1,68,2.4713256002786346,2.9209544217558805,-0.25054090268582113,5.893361827406157,16004.575037431,1,2,10,2,4,34,3,10,89,2,2,35,0.8,0.04,uniform,98,1
1176,16432.31419423257,15171.494757709332,2762,5.7604246056109474e-05,11795,2868,36191,0.9060588034289841,0.36821683943772876,0.9999340292235414,15157.726919826602,1.0886999530807318,0.16808344627255298,0.9232719493054872,4097,0.9985317591137138,7.18223812351821e-05,0.9985736672780013,700.598569022737,49,1176,1,68,2.543163188269128,2.1767559268874024,-0.25144806924828617,5.222815253653103,16432.314194202394,2,0,10,2,1,34,4,1,89,2,2,35,0.8,0.04,uniform,99,1
1176,14542.30947847064,13298.490605494844,2664,6.494076813832902e-05,10482,2650,31861,0.8990568000473638,0.3683060957838592,0.9999247202816932,13283.290402249388,1.1006687682210232,0.18318960987207394,0.9144689586741896,4097,0.99853260315334,8.285803482103055e-05,0.9985458101226674,687.1679856166335,49,1176,1,68,2.2208206079958193,2.1731582625094594,-0.2523612760932096,4.8987014226916985,14542.30947844349,0,0,10,1,1,34,2,1,89,2,2,35,0.8,0.04,uniform,100,1
1176,14243.3029634823,13004.909449591345,2654,6.617143247614595e-05,10274,2612,31179,0.8972017499807329,0.3683332224355864,0.9999230154657417,12989.121995384077,1.1027043639061644,0.18633318457133569,0.9130543303708409,4097,0.9985159685285933,8.489118188033974e-05,0.9985245030555285,677.2376409952291,49,1176,1,68,2.1752171389595274,2.45993892255714,-0.24711329700228662,5.1293826555212405,14243.302963455466,0,1,10,1,3,34,1,6,89,2,2,35,0.8,0.04,uniform,101,1
1176,15974.06949394144,14696.01811508239,2782,5.9134467997863736e-05,11484,2833,35113,0.902997682130534,0.36824965511096075,0.9999318879173701,14681.18291148719,1.0931520402651207,0.1741572491001834,0.9199921235259567,4097,0.9985480466572365,7.445686209389138e-05,0.9985748738902613,701.1921687119798,49,1176,1,68,2.4607116399377325,2.2435010954570958,-0.2559668454223782,5.216146426239584,15974.06949391745,1,0,10,2,1,34,7,3,89,2,2,35,0.8,0.04,uniform,102,1
1176,14206.145666041322,12962.834285009922,2655,6.639448880056865e-05,10249,2613,31087,0.8971682394835732,0.3683286938546191,0.9999227655872376,12947.096333502453,1.10346462679711,0.18689094582118565,0.9124807382481345,4097,0.9985306392032992,8.522544245462209e-05,0.9985578426825279,692.9055074585226,49,1176,1,68,2.1658057001623487,2.2989186212944417,-0.25020546752628764,4.965135256509366,14206.145666009183,0,1,10,1,1,34,2,4,89,2,2,35,0.8,0.04,uniform,103,1
1176,14838.65468188944,13590.6564049703,2682,6.366277505056163e-05,10688,2685,32537,0.9001864789496727,0.36827292523835464,0.9999263415500627,13575.674904556286,1.0986992988586002,0.18074414813853562,0.9158954565845971,4097,0.9985207924324447,8.092848730135828e-05,0.9985423324599955,685.5273658844699,49,1176,1,68,2.2721336114716006,2.3239894540034025,-0.2514471167367023,5.099017298948408,14838.65468186482,0,0,10,1,3,34,3,4,89,2,2,35,0.8,0.04,uniform,104,1
1176,14957.242594138543,13701.842192599357,2700,6.31525452886356e-05,10773,2705,32801,0.9002583988289976,0.3682882038979784,0.9999269393823061,13686.764508841976,1.0984697724774173,0.18051455560786842,0.9160673905208201,4097,0.9985006574347154,8.025488009528538e-05,0.9985260890497771,677.9669173404236,49,1176,1,68,2.294334188400081,2.3710714188483264,-0.2494145520961856,5.164234711440779,14957.242594118046,1,0,10,1,2,34,2,5,89,2,2,35,0.8,0.04,uniform,105,1
1176,25617.15953375069,24283.637095690465,3150,3.730709839345551e-05,18178,3906,57246,0.928054963466275,0.36802292283944044,0.9999588044616556,24273.97340290458,1.0572992621435422,0.12296445262988134,0.9479441724870664,4097,0.9985286174985968,4.3556012295363425e-05,0.9985286805555618,679.1619342243287,49,1176,1,68,4.101336254544281,2.302365821645216,-0.2553235300954381,6.914349136380372,25617.159533681548,2,0,10,4,1,34,5,4,89,2,2,35,0.8,0.04,uniform,106,1
1176,14276.704022873926,13031.76034258667,2676,6.593872332759185e-05,10300,2621,31247,0.8963506058909848,0.3683283201257345,0.9999231716724133,13015.532379196258,1.1031167765919496,0.1874382207344603,0.9127989430688885,4097,0.9985454873997296,8.475061707853001e-05,0.9985664530918724,697.0703571001757,49,1176,1,68,2.1761174815872675,2.170453260463027,-0.2518934066528802,4.850357555356055,14276.70402285207,0,0,10,0,1,34,1,1,89,2,2,35,0.8,0.04,uniform,107,1
1176,16772.161691034416,15519.613283578774,2763,5.644058790972055e-05,12028,2897,36984,0.9075058481897088,0.3681969038153261,0.999935511746438,15506.19997121797,1.085992642034156,0.16473726230990043,0.925319798930558,4097,0.9985318500686226,7.003376886625822e-05,0.9985780419039711,702.7554856403691,49,1176,1,68,2.602736340014554,2.134282266877334,-0.24967211083717022,5.236362828566229,16772.16169100814,1,0,10,2,0,34,7,1,89,2,2,35,0.8,0.04,uniform,108,1
1176,14747.554829571875,13486.818207907185,2711,6.393529343987458e-05,10630,2686,32311,0.8983710871500434,0.3682955976564492,0.9999257695306419,13471.057006020874,1.1006734142911239,0.18382708396946512,0.9145121590504852,4097,0.998553979716962,8.170350415295376e-05,0.9985754184902597,701.4604170928246,49,1176,1,68,2.25464816442975,2.486068750109306,-0.25343939161566126,5.247595697770379,14747.554829547018,0,1,10,2,3,34,4,3,89,2,2,35,0.8,0.04,uniform,109,1
1176,14885.422168597433,13654.987258979181,2664,6.340772873553024e-05,10715,2675,32668,0.9006513446853314,0.368287774009468,0.9999266897102758,13640.149945781064,1.09677385520917,0.17896704371744487,0.9173396027548348,4097,0.9985231360917245,8.040480908797385e-05,0.9985525633318335,690.3763936116457,49,1176,1,68,2.2810866915212884,2.176719528996056,-0.2504476908881726,4.95870160229369,14885.422168567631,0,0,10,1,0,34,3,2,89,2,2,35,0.8,0.04,uniform,110,1
1176,14297.252608942163,13046.000002923438,2681,6.590447545259317e-05,10316,2629,31286,0.8965596618971957,0.3683403736032198,0.9999232562021424,13029.868934368595,1.1035147817876039,0.1875185445295398,0.9124830035362085,4097,0.9985600513938293,8.468791534654854e-05,0.9986057555571592,716.7342289249907,49,1176,1,68,2.1773113038885827,2.1613457792852246,-0.2541942418460006,4.847045566865808,14297.25260891935,0,0,10,0,0,34,1,1,89,2,2,35,0.8,0.04,uniform,111,1
1176,14721.395473288505,13445.020697978134,2735,6.404872283950289e-05,10617,2697,32230,0.8975364336614807,0.36833170376045815,0.9999255361979268,13428.84381130238,1.102357499012684,0.18578401789168486,0.9132979765657195,4097,0.9985199674815375,8.208573062042806e-05,0.9985678611133398,697.7561805098943,49,1176,1,68,2.247128226783871,2.24387918771215,-0.2565104591454592,5.004028332786939,14721.39547326446,0,0,10,1,1,34,4,5,89,2,2,35,0.8,0.04,uniform,112,1
1176,15350.338762796493,14086.411228913363,2731,6.155354456476633e-05,11048,2754,33695,0.9014055122543089,0.36827485229482415,0.9999289368992569,14071.50064621431,1.0962898534264967,0.17791138307767693,0.9176612611998883,4097,0.9985603943307689,7.790575629803003e-05,0.9985820825737445,704.759568592174,49,1176,1,68,2.356805341334921,2.3357739920774554,-0.25379648906771674,5.20017231154781,15350.33876276751,1,1,10,1,1,34,3,4,89,2,2,35,0.8,0.04,uniform,113,1
1176,14040.410159228924,12789.932710382494,2662,6.713682903221868e-05,10137,2601,30696,0.8958721866564076,0.3683559552963612,0.9999217174990982,12773.746964128888,1.1056393843912151,0.18959560082724766,0.910937256485739,4097,0.9985442219963687,8.65522161059006e-05,0.9985545766022991,691.3386871006636,49,1176,1,68,2.136480267080706,2.377154646146797,-0.25134458992809916,5.016324093083702,14040.410159211777,0,1,10,0,2,34,1,5,89,2,2,35,0.8,0.04,uniform,114,1
1176,14481.52285836368,13232.401405082057,2664,6.526971759902766e-05,10441,2648,31714,0.8989545956923909,0.3682844241562736,0.9999243442370005,13217.263721840274,1.1016273109883372,0.18395855367251168,0.9137437778126902,4097,0.9985292937289076,8.33444547541864e-05,0.9985415522975238,685.1603914675902,49,1176,1,68,2.209667642135724,3.285956667909435,-0.2531763813913222,6.0019770728278035,14481.522858339034,0,2,10,0,3,34,2,5,89,2,2,35,0.8,0.04,uniform,115,1
1176,14065.339989942864,12785.753609027211,2717,6.691828207843082e-05,10165,2628,30715,0.894029411029569,0.3683853911837348,0.999921685530748,12768.532453902732,1.1083922185808441,0.19316987729715285,0.9090255634182611,4097,0.9985736572443118,8.680314832171862e-05,0.9985926821930508,710.0714358906986,49,1176,1,68,2.1357909621902587,2.2910352532014517,-0.2562736619459265,4.939373539283563,14065.339989920767,0,0,10,0,1,34,0,4,89,2,2,35,0.8,0.04,uniform,116,1
1176,16735.816958538184,15461.94082341946,2793,5.6590295938914344e-05,12009,2912,36872,0.9066945309654558,0.36819698929002814,0.9999352697812122,15448.235047976863,1.0878712641341393,0.16688758050589717,0.9238832416562237,4097,0.9985676424629041,7.041814494033377e-05,0.9985681338572873,697.8891854092153,49,1176,1,68,2.5930447347171253,2.4931180419470684,-0.25318263917928907,5.592528055022772,16735.816958510914,1,1,10,2,1,34,7,3,89,2,2,35,0.8,0.04,uniform,117,1
1176,14737.020843931838,13498.396078661186,2659,6.411622630816915e-05,10615,2666,32316,0.9004371508985394,0.3682803309295428,0.9999258385978752,13483.60319776464,1.098610554657715,0.18042995447718854,0.9159514817555089,4097,0.9985398528118622,8.147449912276772e-05,0.9985463470267724,687.4219746369615,49,1176,1,68,2.256319481946074,2.240609594166494,-0.24997657994271166,4.996882235997992,14737.02084390606,0,0,10,2,1,34,5,4,89,2,2,35,0.8,0.04,uniform,118,1
1176,15010.245669091992,13765.102669569807,2693,6.28762507328488e-05,10806,2701,32936,0.9004673184921806,0.3682853484427485,0.9999272757185588,13750.065557219037,1.0971697626553332,0.17941078776247016,0.9170471272108429,4097,0.9985442250983326,7.979088260837725e-05,0.9985828769465154,705.1549041872013,49,1176,1,68,2.3014771690012266,2.301111243030496,-0.25128569988803057,5.105159811807783,15010.24566906883,0,1,10,2,1,34,4,2,89,2,2,35,0.8,0.04,uniform,119,1
1176,16194.966400969328,14914.656070072899,2799,5.8319869128753e-05,11638,2859,35618,0.903460429029892,0.3682404574960255,0.9999328875496631,14899.86490405763,1.091882717005728,0.17283147928188783,0.9209439341090699,4097,0.9985447734655793,7.32789246187892e-05,0.9985556507687187,691.8532095778577,49,1176,1,68,2.5022263494272807,2.2913291031769187,-0.2520196371265956,5.29759472685739,16194.966400936793,1,0,10,2,1,34,5,3,89,2,2,35,0.8,0.04,uniform,120,1
1176,15368.020067148924,14097.875867281708,2748,6.143586409812717e-05,11062,2762,33727,0.9007990056497879,0.3682748276715712,0.9999289931449333,14082.647305156883,1.0967445455958307,0.17881288467824138,0.9173514744048058,4097,0.9985451381109633,7.787638099464738e-05,0.9985681346373637,697.8895658899194,49,1176,1,68,2.358448268434112,2.1829314130957105,-0.25516058651750045,5.051700854564823,15368.02006711548,0,0,10,2,0,34,3,3,89,2,2,35,0.8,0.04,uniform,121,1
1176,24878.875739818835,23567.172558453844,3084,3.841992605043386e-05,17660,3809,55574,0.9276877230652145,0.3680207251332856,0.9999575518339233,23557.64378513759,1.0580994365611909,0.12396058536777183,0.9472764286022137,4097,0.9985199539013228,4.4914380608856285e-05,0.9985199541322499,675.1546125427232,49,1176,1,68,3.982753309646281,3.0988482675317757,-0.2483480066369005,7.578297590451857,24878.875739745108,2,1,10,4,1,34,5,7,89,1,1,35,0.8,0.04,uniform,122,1
1176,14537.991995126718,13286.113448535983,2677,6.494821658491362e-05,10482,2656,31840,0.8986342885665097,0.3683041074770184,0.9999246488148313,13270.69138588889,1.1014753417360381,0.18413822217658102,0.9138891707320806,4097,0.9985157333578725,8.299747243408334e-05,0.9985349309472045,682.0615619221389,49,1176,1,68,2.220047072772445,2.260713742049125,-0.2524005454419083,4.985561905705387,14537.991995100398,0,0,10,1,0,34,3,5,89,2,2,35,0.8,0.04,uniform,123,1
1176,15934.35046136652,14671.950078153875,2762,5.92514559638461e-05,11452,2815,35042,0.9031184484984416,0.36825404482422613,0.999931776658778,14657.240030023959,1.0921252436419904,0.17333621515960634,0.9207749078775826,4097,0.9985171010132988,7.450843315443606e-05,0.9985253221825093,677.6140984035268,49,1176,1,68,2.4604711750798183,2.2300503433063614,-0.24945237276624077,5.189426263918661,15934.350461334827,1,0,10,4,1,34,6,2,89,2,2,35,0.8,0.04,uniform,124,1
1176,15165.8838255545,13899.089149397438,2725,6.229919456581114e-05,10921,2737,33266,0.9007154030213048,0.36827328038977186,0.9999279772135963,13883.994748123121,1.0979083931828895,0.1796796039943533,0.916470764860897,4097,0.9985313321653067,7.907442169326861e-05,0.9985319054789246,680.6549296751258,49,1176,1,68,2.3264033400385946,2.277334144289052,-0.2528286030784338,5.109394690484515,15165.883825528128,1,0,10,1,2,34,5,3,89,2,2,35,0.8,0.04,uniform,125,1
1176,15145.353424954983,13897.2644094633,2711,6.228465409831612e-05,10901,2718,33244,0.9004054751960396,0.36828725828803405,0.9999279674759337,13882.117783146334,1.0964523352683508,0.1789987941471929,0.917592612039333,4097,0.9985538926041903,7.898022922776401e-05,0.9985917748293422,709.6135922448257,49,1176,1,68,2.3212064177377094,2.131219396303923,-0.25453396065133144,4.961493735344295,15145.35342492756,0,0,10,1,0,34,6,0,89,2,2,35,0.8,0.04,uniform,126,1
1176,14112.020772675758,12877.33117387455,2653,6.667486807686116e-05,10182,2594,30881,0.8960412406211857,0.368343785429007,0.999922249034918,12861.076681929793,1.103542764100171,0.18799575501878807,0.9125079520013277,4097,0.9984932051214741,8.58015149181549e-05,0.9985602396915721,694.0599356222048,49,1176,1,68,2.1521119165083293,2.144775726004713,-0.24789161625578682,4.792670875024616,14112.020772653004,0,0,10,0,0,34,2,1,89,2,2,35,0.8,0.04,uniform,127,1
1176,14627.118257545193,13374.282383550495,2688,6.450985712814353e-05,10544,2667,32044,0.898586076571466,0.3683075489549236,0.9999251455865678,13358.765722363782,1.100868624931352,0.18376825514577577,0.9143484142306404,4097,0.9985411919972604,8.240487518516039e-05,0.9985499047112857,689.1097328390681,49,1176,1,68,2.234498056954321,3.0991816236921306,-0.25310708888203415,5.83989385841052,14627.118257517768,0,1,10,1,2,34,4,4,89,1,2,35,0.8,0.04,uniform,128,1
1175,14986.466766452555,13728.589849470854,2706,6.302172832943835e-05,10794,2710,32865,0.9002101288031789,0.36829489282959554,0.9999270816014226,13713.459975352915,1.0984758647373714,0.18056290666572752,0.9160658121367554,4097,0.9985164453065011,8.009910093277907e-05,0.9985294997616248,679.5405695783519,49,1176,0,68,2.29821925384709,2.4310176067938416,-0.25266870639615757,5.234574273433246,14986.46676642908,0,1,10,2,2,34,3,5,89,2,2,35,0.8,0.04,uniform,129,1
1176,15052.403352554644,13803.890621565373,2683,6.28377714091493e-05,10836,2709,33029,0.9016141321508988,0.3682740880775666,0.9999274829689038,13789.364042210262,1.0970646550516743,0.17824396125716696,0.917055588948367,4097,0.9985075039101984,7.95558717052819e-05,0.9985187862404578,674.6218793300009,49,1176,1,68,2.307581097614732,2.2490627716225515,-0.25235144533139264,5.061346759900069,15052.403352523213,0,0,10,1,2,34,6,3,89,2,2,35,0.8,0.04,uniform,130,1
1176,14519.168906756695,13246.361039658284,2702,6.508895643983065e-05,10475,2673,31769,0.8980828199132943,0.3683174180091272,0.9999244210193395,13230.691937034122,1.1035834051553415,0.18609880616118374,0.9123360382903121,4097,0.9985211630414017,8.340770883563526e-05,0.9985528439382063,690.5103559338486,49,1176,1,68,2.2131454652687648,2.5149455486444796,-0.25610094744101314,5.240292908795271,14519.168906733494,0,0,10,0,2,34,6,7,89,2,2,35,0.8,0.04,uniform,131,1
1176,14180.7373735788,12920.555005036631,2701,6.632066542919498e-05,10239,2624,31006,0.8948360473527232,0.36835367201597685,0.9999225054975242,12903.64116551256,1.1054808359941843,0.19046964405619954,0.9111342142976211,4097,0.9985458041046209,8.566868738204875e-05,0.9985813923027497,704.4164008592684,49,1176,1,68,2.157527728852048,2.156936871581868,-0.25416230066402773,4.822789201761972,14180.737373554526,0,0,10,0,0,34,1,1,89,2,2,35,0.8,0.04,uniform,132,1
1176,14409.000031999916,13147.508503478175,2690,6.549040952912216e-05,10396,2651,31530,0.8973944889319941,0.36832148538537285,0.9999238510467061,13131.656861794247,1.1034845282678138,0.18668887459407119,0.9124511398625731,4097,0.9985257738065286,8.40291918034807e-05,0.9985433184562605,685.9917231512553,49,1176,1,68,2.197364761006611,3.5176927551222996,-0.25314544851338017,6.22134841315567,14409.000031977548,0,2,10,1,3,34,3,6,89,1,2,35,0.8,0.04,uniform,133,1
1176,20274.942363205355,18981.229187218913,2952,4.6845808110379763e-05,14466,3306,44996,0.9165267897749619,0.3681033735671382,0.9999472847769616,18969.35239045538,1.0719054351858135,0.14559844102724764,0.9361915238617766,4097,0.9985128631459529,5.650573409195377e-05,0.9985341655742602,681.705168096039,49,1176,1,68,3.198833439225188,2.1124747823784125,-0.24928601029048006,5.80988024218456,20274.942363152128,1,0,10,4,0,34,5,0,89,2,1,35,0.8,0.04,uniform,134,1
1176,20001.786651546954,18684.683706460968,2980,4.7478776827297965e-05,14285,3298,44337,0.9150463813706577,0.3681135463423465,0.9999464462553401,18672.33055764115,1.0744907689591592,0.14898669063493508,0.9341507352302391,4097,0.998565812134218,5.754300428046976e-05,0.9985892549442951,708.345180770871,49,1176,1,68,3.147624377587552,2.337626902006692,-0.2540400189251345,5.993331317444514,20001.786651494596,1,0,10,3,3,34,5,3,89,2,1,35,0.8,0.04,uniform,135,1
1176,14640.487009632205,13388.735702734775,2678,6.452800375339415e-05,10552,2667,32076,0.8992901307547765,0.36830767923558294,0.9999252283343304,13373.550057314687,1.1006066269679748,0.18291741239469028,0.9145007057433348,4097,0.9985703609290122,8.229419074536295e-05,0.9985704095172356,699.0009001694884,49,1176,1,68,2.236465493522787,2.420449328278982,-0.2534132496073445,5.163741321016458,14640.487009605175,0,1,10,0,2,34,3,5,89,2,2,35,0.8,0.04,uniform,136,1
1176,14078.649353521841,12827.347045299859,2662,6.698379192465092e-05,10164,2606,30783,0.896218240383765,0.36832897210246796,0.9999219468559332,12811.283707726056,1.1053635772600803,0.18908063786204662,0.9111205715263472,4097,0.9985719290500769,8.627710254244024e-05,0.9985790332522785,703.2461173680584,49,1176,1,68,2.142801210267522,2.5977893555286675,-0.2515269110756231,5.243644387947436,14078.649353497693,0,1,10,0,2,34,0,6,89,2,2,35,0.8,0.04,uniform,137,1
1176,19929.29711792886,18624.12319809986,2944,4.7715013419624434e-05,14230,3280,44185,0.915971088305998,0.36811513217761005,0.9999462733081858,18612.22239163327,1.073998366067006,0.14772221933263813,0.9345097866670452,4097,0.9985172141888502,5.770237922284711e-05,0.9985267061923124,678.2511179140201,49,1176,1,68,3.1383921585873438,2.2868926580840743,-0.25094408595055534,5.927172988572528,19929.297117882845,1,0,10,3,1,34,4,6,89,2,1,35,0.8,0.04,uniform,138,1
1176,14771.75606376412,13503.194144262512,2729,6.378362476352696e-05,10650,2695,32356,0.8978067883318689,0.3683113501568401,0.9999258575867956,13487.056667269375,1.1012497740905485,0.1847444534163665,0.9141224703396331,4097,0.9985652771058127,8.164931579195204e-05,0.9986234070398838,725.9310300478934,49,1176,1,68,2.2570052589694534,2.47682779617842,-0.25519815323124434,5.244229361610362,14771.756063740102,0,1,10,1,2,34,2,2,89,2,2,35,0.8,0.04,uniform,139,1
1176,15868.219377672594,14602.959649733413,2746,5.962555111821554e-05,11406,2811,34886,0.9038645704827043,0.3682409153440382,0.9999314560860638,14588.687313399287,1.092724599968139,0.17305029220000348,0.9202645427426176,4097,0.9985289181887825,7.489962093630793e-05,0.998537145487425,683.0948571403593,49,1176,1,68,2.446191395632939,2.400679788631322,-0.25248536927306103,5.351841922810383,15868.219377647281,1,1,10,3,1,34,5,6,89,2,2,35,0.8,0.04,uniform,140,1
1176,15464.373967784559,14200.259098037262,2729,6.114830679036769e-05,11126,2767,33957,0.9022871589014487,0.3682649801393356,0.9999295086076788,14185.629208933457,1.0954494854637193,0.17647012453818453,0.9182563178838855,4097,0.9985312394878683,7.721975944813317e-05,0.9985409062282428,684.8567891344155,49,1176,1,68,2.379220359849255,2.4442055212089064,-0.25077521289833926,5.324976306854841,15464.373967755855,1,0,10,2,2,34,3,5,89,2,2,35,0.8,0.04,uniform,141,1
1176,14480.310970595638,13226.10583441975,2681,6.517476600311807e-05,10443,2652,31704,0.8980827210661401,0.36832080058107014,0.9999243054129695,13210.484282398462,1.1021889150071522,0.18514795748821677,0.9133854833143616,4097,0.9985528771681147,8.342973475140218e-05,0.9985660621567817,696.8801781285696,49,1176,1,68,2.209630582129353,3.104001347274952,-0.2530073380360369,5.819646605476379,14480.310970572493,0,1,10,1,3,34,2,4,89,1,2,35,0.8,0.04,uniform,142,1
1176,14929.963087849654,13673.474661100283,2699,6.326557384019286e-05,10754,2702,32737,0.9001883347212399,0.36828194851884766,0.9999267875798493,13658.384619510942,1.0987739617020764,0.18077740608726006,0.9158411565148523,4097,0.9985365459474029,8.044390093483077e-05,0.9985397177703438,684.2990079311847,49,1176,1,68,2.2857861505368606,3.1614059942163077,-0.2533232181405167,5.953838581034202,14929.963087822978,0,1,10,1,3,34,3,4,89,1,2,35,0.8,0.04,uniform,143,1
1176,14052.081968914577,12794.027396952682,2686,6.696256335502837e-05,10149,2608,30713,0.8947478684493192,0.36836603075593327,0.9999217386047328,12777.191939620692,1.106380609424317,0.19114605265909038,0.9104720158375883,4097,0.9985543640403546,8.658689019015165e-05,0.9985849226318183,706.1750239221537,49,1176,1,68,2.1376254915843327,2.2382291655448383,-0.25218436707189384,4.880223391272959,14052.081968898612,0,0,10,0,2,34,1,2,89,2,2,35,0.8,0.04,uniform,144,1
1176,14758.863473399366,13513.346621594106,2675,6.401088530457309e-05,10632,2675,32357,0.8999558965683055,0.3682811460227536,0.9999259196410538,13498.354673060276,1.099091433437956,0.18124701843209579,0.915608891290978,4097,0.998538040031547,8.142108790379627e-05,0.998575839576369,701.6679680653784,49,1176,1,68,2.2582741580998946,2.3681088372661603,-0.2517366366924612,5.129856268750977,14758.863473379051,0,1,10,1,2,34,1,4,89,2,2,35,0.8,0.04,uniform,145,1
1176,14306.971333013598,13037.215343244114,2713,6.582914910692027e-05,10329,2646,31284,0.8955749214302486,0.36834846082133427,0.9999232012825189,13020.55077150965,1.1052544283720884,0.1896278350498755,0.911249141400074,4097,0.9985781910455593,8.488212258961618e-05,0.9986088631731953,718.3364360339889,49,1176,1,68,2.1760561334272635,2.169804393077128,-0.2571022565373307,4.860065039579053,14306.971332991814,0,0,10,0,0,34,1,1,89,2,2,35,0.8,0.04,uniform,146,1
1176,14946.047972155891,13699.177364742503,2683,6.323046856254337e-05,10762,2696,32786,0.900798891674237,0.36827517911249225,0.9999269266480217,13684.379268334804,1.0977574020603473,0.17951233697351707,0.9165752304732143,4097,0.9985146967636747,8.021681302759034e-05,0.99854004648129,684.4531916138001,49,1176,1,68,2.2906601193317258,2.224026199132089,-0.25118477388690114,5.017055866237617,14946.047972125525,1,0,10,1,1,34,3,3,89,2,2,35,0.8,0.04,uniform,147,1
1176,14874.780957940045,13624.375757983675,2680,6.357071488737193e-05,10714,2692,32618,0.9007183974891375,0.3682692843853017,0.9999265251922157,13609.607051736444,1.0986004615921345,0.18017072033383028,0.9159379083636916,4097,0.9985450733461918,8.07194577472062e-05,0.9985455027309679,687.0226546422082,49,1176,1,68,2.277582154518222,2.306896850491197,-0.2521424981892711,5.088764001387961,14874.78095792006,0,0,10,1,1,34,5,6,89,2,2,35,0.8,0.04,uniform,148,1
1176,15276.06370565997,14027.090916858766,2699,6.187752780995489e-05,10991,2733,33543,0.9020908497665867,0.3682594147886525,0.9999286379189277,14012.544246323949,1.0954863188894168,0.1766816407684911,0.9182398808445369,4097,0.9984914657395074,7.817618350236945e-05,0.9985248914456869,677.4160866591451,49,1176,1,68,2.3495276834292067,2.421172376583343,-0.24844233453586384,5.267584729084277,15276.063705634615,1,1,10,2,3,34,4,7,89,2,2,35,0.8,0.04,uniform,149,2
1176,18021.27418395726,16733.566890066308,2864,5.2604438798588935e-05,12904,3061,39814,0.910336149080222,0.3681685349496038,0.9999401949006638,16720.48217043073,1.0817341562202043,0.15892327982832452,0.928545158308657,4097,0.9985229164502751,6.469321866858283e-05,0.998548975205376,688.6679784669941,49,1176,1,68,2.8117294013738405,2.5748600542856934,-0.25311314691123293,5.892815749482,18021.27418391623,2,1,10,2,3,34,6,6,89,2,2,35,0.8,0.04,uniform,150,1
1176,14566.661084908792,13304.588003588147,2695,6.480774350162416e-05,10505,2668,31893,0.8982359510315712,0.36830031533250207,0.9999247524055264,13288.961364488876,1.102209004561367,0.18501151254161102,0.9133587941695049,4097,0.9985545990326856,8.293857620094766e-05,0.9985554516504387,691.7577747464404,49,1176,1,68,2.223461921054572,2.635413809965514,-0.25386139270069946,5.366598516421486,14566.661084880998,0,1,10,1,2,34,1,4,89,2,2,35,0.8,0.04,uniform,151,1
1176,13986.078576624346,12725.373814175538,2688,6.727003789046846e-05,10104,2603,30557,0.8942659647196161,0.36837290951171797,0.9999213149483819,12708.394242546718,1.107242751509979,0.19219111241750014,0.9098600257719209,4097,0.9985392826026144,8.712345305655657e-05,0.998558711306702,693.3234036079956,49,1176,1,68,2.125870643093189,2.216822692612487,-0.2527141488453125,4.848121633396301,13986.07857659839,0,0,10,0,0,34,0,4,89,2,2,35,0.8,0.04,uniform,152,1
1176,14531.449750449297,13290.857386379905,2676,6.481989529625986e-05,10474,2645,31840,0.8979440618903214,0.368327176719494,0.9999246737296322,13275.080944666175,1.100564899467018,0.18415230730280444,0.9146270753865399,4097,0.9985592417547702,8.290144917500546e-05,0.9985768827788496,702.1826857590448,49,1176,1,68,2.2213780955033737,2.178340948516263,-0.24995689606581192,4.899632836151261,14531.449750426811,0,0,10,2,1,34,3,3,89,2,2,35,0.8,0.04,uniform,153,1
1176,14513.07679022853,13250.554360804661,2691,6.506560801759114e-05,10468,2663,31769,0.8981520766605778,0.36831359771613,0.9999244451986001,13234.926220391213,1.1026845677801063,0.18541898722756128,0.9130079412055541,4097,0.9985554172684459,8.331311352560926e-05,0.9985681142891469,697.8796412241197,49,1176,1,68,2.212871443041502,2.217096512599836,-0.25533889542834304,4.940645746498024,14513.07679020269,0,0,10,1,1,34,3,5,89,2,2,35,0.8,0.04,uniform,154,1
1176,15395.955756800453,14135.46675560595,2723,6.14103438383958e-05,11078,2756,33805,0.9020225625242972,0.36825675368956406,0.9999291850030715,14120.802590630045,1.0956320532666586,0.1768646288033947,0.9181285643382198,4097,0.9985722249171943,7.75871804868856e-05,0.9985778864196583,702.6785964000455,49,1176,1,68,2.3644395178657924,2.3533692914872844,-0.2539203047137808,5.225649418780638,15395.955756767891,0,1,10,3,1,34,6,3,89,2,2,35,0.8,0.04,uniform,155,1
1176,14456.825995485713,13216.165857469545,2660,6.528297610030456e-05,10422,2638,31668,0.8985192958125392,0.3682998849214228,0.9999242499351397,13200.808822196212,1.1010919832633266,0.18399612756151393,0.9141817063853728,4097,0.9985604102075295,8.34077891496773e-05,0.9985617753767172,694.801562296452,49,1176,1,68,2.2064592568658523,2.1704382747867075,-0.25218461991375735,4.881266771480075,14456.825995464105,0,0,10,0,0,34,3,2,89,2,2,35,0.8,0.04,uniform,156,1
1176,15170.820712421644,13908.281081239676,2726,6.222899393845182e-05,10923,2734,33283,0.9004386017539574,0.36827448779918387,0.9999280242781918,13893.073755793244,1.0975234649068288,0.17968704868867058,0.9167784225313388,4097,0.9985383983375489,7.899504358841823e-05,0.9985614062067082,694.6231348808667,49,1176,1,68,2.3267321935886915,2.177188759813906,-0.2533393561381902,5.010599665678978,15170.820712394063,1,0,10,1,0,34,3,2,89,2,2,35,0.8,0.04,uniform,157,1
1176,20506.810670690815,19200.183245054654,2971,4.636765909245611e-05,14631,3342,45513,0.9171551412979454,0.368095381613272,0.99994788667546,19188.45039992345,1.0717604839358519,0.14487869653208807,0.9362832452779385,4097,0.9985530730880054,5.585300192891281e-05,0.9985577779972717,692.8744074417798,49,1176,1,68,3.2365348169945323,2.339771263165704,-0.25101801814799884,6.078342116456234,20506.810670638082,2,1,10,3,1,34,4,2,89,2,1,35,0.8,0.04,uniform,158,1
1176,14308.707425002984,13051.813362431994,2685,6.589462610637268e-05,10325,2636,31305,0.8967199032306378,0.3683234819562698,0.9999232906677956,13035.723504660884,1.1039362881461392,0.18764797687513274,0.9121587977699022,4097,0.9985288265472486,8.468221546010847e-05,0.9985527448263819,690.463033718495,49,1176,1,68,2.180535211987708,2.2298046892672936,-0.2529184317168327,4.916176764688667,14308.7074249827,0,0,10,0,0,34,2,3,89,2,2,35,0.8,0.04,uniform,159,1
1176,15108.262067233332,13848.073040097524,2713,6.252095674413755e-05,10879,2725,33142,0.9007096755721804,0.3682835912114866,0.9999277118476144,13833.025502638218,1.097754657096629,0.1795706208911964,0.9165894117054737,4097,0.9985126034477958,7.935465593415236e-05,0.9985489822025393,688.6713018049877,49,1176,1,68,2.3180683479777215,3.1306277875094497,-0.2513639763779499,5.951424088243072,15108.26206721135,0,1,10,2,1,34,4,7,89,1,2,35,0.8,0.04,uniform,160,1
1176,15367.792292314958,14116.83527651058,2707,6.151356029170919e-05,11055,2745,33752,0.9023047616627969,0.36824942554546564,0.9999290921134374,14102.303623938416,1.0950020698328886,0.17614761759590555,0.9185987816590968,4097,0.9985239682461124,7.764428255377267e-05,0.9985496059852323,688.967699388833,49,1176,1,68,2.3620500418963983,2.4844218288262616,-0.2515200758400085,5.349512022402677,15367.792292290073,0,1,10,3,1,34,3,2,89,2,2,35,0.8,0.04,uniform,161,1
1176,14306.104451387639,13064.291224852366,2659,6.59114490579292e-05,10318,2622,31319,0.8975363619615291,0.3683232535391345,0.9999233662479975,13048.580507996712,1.1024887739513833,0.18586471313943798,0.9131969691151792,4097,0.9985213189014446,8.448785128889789e-05,0.9985653539905869,696.5359390387177,49,1176,1,68,2.1830071257070816,2.3488965932852013,-0.2500038354093833,5.031911389811049,14306.104451364814,0,1,10,1,2,34,2,3,89,2,2,35,0.8,0.04,uniform,162,1
1176,18361.453397382764,17069.386534142806,2886,5.163718519169726e-05,13141,3101,40592,0.9110811965963456,0.36816472053950566,0.9999413726561229,17056.38734271065,1.0803265821001007,0.15717710017505312,0.9296315582826288,4097,0.9985246145095302,6.333667802862847e-05,0.998556023192271,692.0317780494119,49,1176,1,68,2.8685135403868136,2.368651811709373,-0.25418261562469346,5.745530583345573,18361.45339734766,1,0,10,3,3,34,3,4,89,2,2,35,0.8,0.04,uniform,163,1
1176,19591.89304019291,18287.65520249833,2938,4.8484436945715096e-05,13997,3243,43410,0.9147400215366476,0.36811837767187594,0.9999452831905994,18275.41942411958,1.0753974834589168,0.14995998569268787,0.9334297183524365,4097,0.9985240654079103,5.884231913275498e-05,0.9985250198951596,677.4751233845968,49,1176,1,68,3.081717789346113,2.401047308856106,-0.25023680931880893,5.983238716839837,19591.893040149742,1,0,10,2,2,34,4,4,89,2,1,35,0.8,0.04,uniform,164,1
1176,14121.966865190077,12865.94935830752,2677,6.67137980703078e-05,10196,2614,30876,0.8957848853713409,0.36834625155758055,0.9999221794144975,12849.570364256651,1.1054949908720748,0.1895628297074303,0.9110593078943857,4097,0.99853870421702,8.603026746029888e-05,0.9985528333782852,690.5053136551508,49,1176,1,68,2.14926613243082,2.1935266234175885,-0.2524289126656927,4.847650581179794,14121.966865167493,0,0,10,0,0,34,1,4,89,2,2,35,0.8,0.04,uniform,165,1
1176,14593.064518604051,13344.307416331416,2676,6.466569168272587e-05,10519,2659,31971,0.898879824507631,0.3683038680949357,0.9999249778973259,13328.90512045347,1.1007498841075725,0.18337478029981202,0.9144280421236642,4097,0.9985573878777264,8.258057082433994e-05,0.9985801355826079,703.7924800637866,49,1176,1,68,2.2295701797783045,2.4827699810690618,-0.2522435138581151,5.216827188563597,14593.064518582149,0,1,10,0,1,34,4,4,89,2,2,35,0.8,0.04,uniform,166,1
1175,14319.49963650577,13061.607201897343,2678,6.591701017560098e-05,10333,2638,31329,0.8973368035950194,0.36833696717768966,0.9999233499577006,13045.807210168849,1.1038862779391754,0.18701770787945513,0.9121552801047889,4097,0.9985328554136617,8.461292989772232e-05,0.9985484300565226,688.4091557578644,49,1176,0,68,2.182963675601122,2.2441770939179975,-0.2543979646519374,4.935936698822995,14319.499636486726,0,0,10,0,0,34,1,5,89,2,2,35,0.8,0.04,uniform,167,1
1176,16281.243846310863,14985.773634960133,2827,5.80248382233974e-05,11703,2882,35797,0.903143717869931,0.3682508231934817,0.9999332054056546,14970.771394455594,1.0925649782960853,0.17363538232618295,0.9204317419738008,4097,0.9985506700529782,7.297743452142188e-05,0.998567472079822,697.5665540827895,49,1176,1,68,2.5125238771418124,2.50705555875293,-0.2563951443336698,5.532369724562082,16281.243846275835,1,1,10,3,1,34,3,5,89,2,2,35,0.8,0.04,uniform,168,1
1176,15667.747241168878,14408.903364717995,2741,6.0280570577250065e-05,11266,2784,34432,0.9025404486333339,0.36824560069698903,0.9999305299351496,14394.189306131882,1.0936159762625086,0.17494538032868534,0.9196538049105668,4097,0.9985417911112152,7.597357279259174e-05,0.9985465394709914,687.5130583995924,49,1176,1,68,2.4128763562314224,2.1687167564042875,-0.25170650790819815,5.085006128452107,15667.747241140969,1,0,10,3,0,34,4,2,89,2,2,35,0.8,0.04,uniform,169,1
1176,14571.038701267464,13305.594107596791,2709,6.472106448363862e-05,10509,2671,31898,0.8975300494731523,0.36832111642567156,0.999924756073884,13289.60926391935,1.1025441524673054,0.18591673905610842,0.9131534395306631,4097,0.9985636733137077,8.295975074804742e-05,0.9985637753544668,695.7697869664504,49,1176,1,68,2.221920326730087,2.164722338581988,-0.25614747960343515,4.898937624518945,14571.038701241108,0,0,10,1,0,34,3,2,89,2,2,35,0.8,0.04,uniform,170,1
1176,14900.162749940542,13630.798210427301,2728,6.333243607183206e-05,10738,2710,32651,0.8988581263745913,0.3683049086787924,0.9999265549739468,13615.12590808858,1.1002384720281924,0.18308524851588523,0.9148086795549729,4097,0.9986006371952217,8.080704324270545e-05,0.9986163695548645,722.2362218497124,49,1176,1,68,2.2783482466257965,2.187724760551747,-0.2556930373727027,4.977459081922949,14900.162749911175,1,0,10,1,0,34,3,3,89,2,2,35,0.8,0.04,uniform,171,1
1176,14512.709443921432,13220.428723467196,2749,6.496314715953515e-05,10478,2688,31729,0.8960275741176954,0.36833552214104637,0.9999242666989645,13203.730976982182,1.1056108732425178,0.18942017757761997,0.910955240615287,4097,0.9985821134424709,8.373156109158642e-05,0.9985868921656529,707.1599599620745,49,1176,1,68,2.208057030910809,2.223542164150085,-0.2600908336970857,4.951780862455065,14512.70944389442,0,0,10,0,0,34,3,2,89,2,2,35,0.8,0.04,uniform,172,1
1176,14511.651457084088,13266.353264950614,2678,6.494316163685438e-05,10462,2647,31788,0.8979551486137065,0.36830490596823834,0.9999245346033946,13250.606394552256,1.1011455265259047,0.18454136718482808,0.9141863215350612,4097,0.9985194903551665,8.309838387957617e-05,0.998542308803305,685.5162324270843,49,1176,1,68,2.2178889089553055,2.297503146440502,-0.25007902591839193,5.015550107232591,14511.65145705734,0,0,10,1,3,34,2,3,89,2,2,35,0.8,0.04,uniform,173,1
1176,14475.851105327021,13231.863762409439,2673,6.512890865853924e-05,10437,2642,31707,0.8979657096994789,0.36830923345004446,0.9999243381219515,13216.195452385544,1.1012990073692492,0.1846523551914922,0.9140646491963569,4097,0.9985411439765691,8.332635119074236e-05,0.9985737173558109,700.6231851061525,49,1176,1,68,2.2102005816861467,2.1593958198433287,-0.25167885799033757,4.872954117510151,14475.851105297728,0,0,10,0,0,34,3,1,89,2,2,35,0.8,0.04,uniform,174,1
1176,15031.15283048852,13789.115902127636,2683,6.282301852954578e-05,10820,2701,32989,0.9010730668106254,0.36827598460159766,0.9999274036677533,13774.300580326504,1.0967073981377198,0.1784959563818633,0.9173691504325875,4097,0.9985119456597652,7.961693465275392e-05,0.9985457123255838,687.1217417073798,49,1176,1,68,2.305377827941525,2.1818103664354718,-0.25094068064023073,4.9890695556574585,15031.152830460725,0,0,10,2,1,34,6,2,89,2,2,35,0.8,0.04,uniform,175,1
1176,14554.660596252177,13298.441869270799,2682,6.490623673137931e-05,10494,2662,31873,0.8986898065566336,0.3682933564789896,0.9999247189627202,13283.057661547551,1.1017295343091436,0.18427087201817777,0.913689589758977,4097,0.998514543599532,8.293934214489502e-05,0.9985706447107419,699.1159997018788,49,1176,1,68,2.220036733146364,2.198977536728183,-0.25524568117819135,4.92950563223093,14554.660596228385,0,0,10,0,0,34,3,4,89,2,2,35,0.8,0.04,uniform,176,1
1176,13966.142527570133,12720.023936780282,2645,6.755368158441834e-05,10084,2590,30531,0.8962238000916868,0.3683426331761083,0.9999212884013012,12704.107910591965,1.1058206703522213,0.18938658221327662,0.9107757501164029,4097,0.998523282116042,8.704091283785121e-05,0.9985331274398537,681.2223579797685,49,1176,1,68,2.124993885667316,2.5844250362797143,-0.25020042173876994,5.20981976542457,13966.142527547785,0,2,10,0,3,34,0,5,89,2,2,35,0.8,0.04,uniform,177,1
1176,15094.567028903593,13840.877188891938,2694,6.266074216325066e-05,10867,2718,33119,0.9014935996394078,0.3682535559652538,0.9999276764089338,13826.247051985478,1.0972208913181405,0.1784748111583086,0.9169442993885782,4097,0.9985362815036066,7.935495505323891e-05,0.9985406094446734,684.7174140331451,49,1176,1,68,2.3139983631769514,2.3259494737572664,-0.25310487302714807,5.146157582988513,15094.567028880105,0,1,10,1,1,34,3,4,89,2,2,35,0.8,0.04,uniform,178,1
1176,15032.888688597403,13769.116426298026,2733,6.26968545403239e-05,10829,2719,32964,0.8991029815277529,0.36829577166281396,0.999927293135907,13753.359584431919,1.0987499098191273,0.18180138605516372,0.9159328397570082,4097,0.9985459413668079,7.988666036546416e-05,0.9985674899009468,697.5752383744014,49,1176,1,68,2.3043303009188447,2.2354461758815343,-0.25228342162767864,5.044343320055736,15032.88868857356,1,0,10,1,1,34,2,3,89,2,2,35,0.8,0.04,uniform,179,1
1176,14987.162267528156,13739.738998430303,2703,6.292096608412776e-05,10792,2700,32880,0.8997967275902221,0.3682922767301714,0.9999271397223003,13724.399645306385,1.097591614557467,0.18035435606488617,0.9167672140442107,4097,0.9985201405235006,7.997082983780623e-05,0.998532254592713,680.8169473263714,49,1176,1,68,2.2985835796309533,2.2147585077579097,-0.25025354069321676,5.013849168775296,14987.162267506119,0,0,10,2,1,34,2,2,89,2,2,35,0.8,0.04,uniform,180,1
1176,14684.938730818294,13443.122033075642,2671,6.427037769949557e-05,10580,2663,32192,0.8994649755653462,0.36829115462608175,0.999925531132246,13427.930291723938,1.099367012582259,0.18188703738984976,0.9154360313988553,4097,0.9984952562477593,8.186861667336589e-05,0.9985300023400734,679.7730691714285,49,1176,1,68,2.2480743338902207,2.1869427790718987,-0.2493642257677663,4.933745564497652,14684.938730788963,0,0,10,1,1,34,3,4,89,2,2,35,0.8,0.04,uniform,181,1
1176,15823.720261103306,14566.646400972688,2734,5.9762914265833994e-05,11373,2799,34794,0.9038614771648518,0.36822879516469337,0.9999312851358849,14552.39204867996,1.0923491512587213,0.1727785852433524,0.920557628712594,4097,0.998537039039214,7.506062349516709e-05,0.9985372088083573,683.1244484308694,49,1176,1,68,2.439365820333541,2.321163133684507,-0.2517430676047109,5.2640150892274695,15823.720261076922,0,1,10,4,1,34,5,3,89,2,2,35,0.8,0.04,uniform,182,1
1176,14743.721606174859,13504.071111673908,2672,6.400283386723992e-05,10620,2668,32330,0.8996815942243346,0.36828198753030633,0.9999258678708904,13488.927749526858,1.0987116467727849,0.1812296834797079,0.9159201097515454,4097,0.9985411980031127,8.144983365286655e-05,0.9985470704119723,687.7644776423987,49,1176,1,68,2.257476057101778,2.486719332205952,-0.24995959020262923,5.2441145697129885,14743.721606149913,0,2,10,1,2,34,4,5,89,2,2,35,0.8,0.04,uniform,183,1
1176,14699.711597950229,13424.662432754898,2718,6.425054997604156e-05,10601,2694,32182,0.8984325072942656,0.36830006898752915,0.9999254257686667,13408.957686093183,1.1023285544646664,0.1849015868024925,0.9132602597881494,4097,0.9985728563616508,8.220530462592329e-05,0.99858464292726,706.0353699116758,49,1176,1,68,2.244586581804503,2.310864554267979,-0.2553643702246699,5.066179876521822,14699.711597931537,0,0,10,1,2,34,2,6,89,2,2,35,0.8,0.04,uniform,184,1
1176,15639.11884756102,14373.134864401796,2756,6.034130784040088e-05,11249,2787,34357,0.9018109680004052,0.36826583363007404,0.9999303551146221,14358.056183562267,1.0944632542926291,0.17622476220454125,0.9190501718479709,4097,0.9984959110121243,7.622376789563607e-05,0.9985452295439142,686.8935467449079,49,1176,1,68,2.409636098704436,2.311496988435382,-0.25007799101202305,5.2212890691638645,15639.11884753278,1,0,10,2,1,34,3,5,89,2,2,35,0.8,0.04,uniform,185,1
1176,15651.179354047215,14392.534830373213,2729,6.042034223453431e-05,11254,2782,34395,0.9031764678914187,0.36824900560066554,0.9999304523093271,14378.122638960125,1.0936632437152478,0.17436385707856014,0.919581489982189,4097,0.9985817268385234,7.606175297429885e-05,0.9985895740647287,708.5055628589438,49,1176,1,68,2.4098263025345945,2.21602494178267,-0.251938893727938,5.12972903177314,15651.17935402369,1,0,10,2,0,34,6,4,89,2,2,35,0.8,0.04,uniform,186,1
1176,15613.169971746613,14353.605500983163,2723,6.062548929332377e-05,11228,2779,34306,0.9033791404370655,0.36824454435145076,0.9999302644375668,14339.385772815769,1.0939677915908412,0.17440404510599097,0.9193267944278618,4097,0.9985341632793182,7.628845923050318e-05,0.9985353667160811,682.2646429219055,49,1176,1,68,2.401051845040828,3.081206406223765,-0.2542491705584468,5.990756592381486,15613.169971723733,1,1,10,3,1,34,4,5,89,1,2,35,0.8,0.04,uniform,187,1
1176,14569.96325779489,13316.73417941092,2683,6.476836436497024e-05,10504,2661,31912,0.8985236169859431,0.3683059346548159,0.9999248215917018,13301.19156498596,1.1013638134620336,0.1841459688352064,0.9139854331675479,4097,0.9985391096815099,8.279877845331112e-05,0.9985635034568474,695.6379981615188,49,1176,1,68,2.226209032773085,2.2708156074581316,-0.2516758750111122,5.000376390253441,14569.96325777108,0,0,10,1,1,34,6,4,89,2,2,35,0.8,0.04,uniform,188,1
1176,14064.596746170126,12790.855772196019,2711,6.691246647038337e-05,10163,2623,30721,0.8940887113666092,0.368360810425154,0.9999217174002931,12773.730841000142,1.1078215345219147,0.19275348230216566,0.9094363672871777,4097,0.9985638185787086,8.672314973386326e-05,0.9985912268366117,709.3373680624744,49,1176,1,68,2.13570821171374,2.235695872015733,-0.2562300104200676,4.883864104569608,14064.596746146788,0,0,10,0,1,34,0,1,89,2,2,35,0.8,0.04,uniform,189,1
1176,14497.121727360443,13246.83239381723,2684,6.502433096567444e-05,10453,2650,31748,0.8977511103835187,0.36832018705556074,0.9999244229564256,13231.031060610545,1.1017272326741363,0.18514019889441102,0.9137560298480808,4097,0.9985268912077646,8.326528707115441e-05,0.9985549664932354,691.5253552479729,49,1176,1,68,2.2142376561037795,2.280815398480021,-0.2512592362999381,4.997571527183677,14497.121727333859,0,1,10,1,2,34,1,4,89,2,2,35,0.8,0.04,uniform,190,1
1176,15131.765539361317,13889.169120732402,2672,6.254597632662285e-05,10889,2713,33220,0.9025080440098072,0.3682455564989458,0.9999279303957839,13874.975111091897,1.0959167862141046,0.1765821703389134,0.9178815971344106,4097,0.9985552901737087,7.898228903618343e-05,0.9985603240527308,694.1006349901924,49,1176,1,68,2.3203861988123395,3.0721518638004617,-0.25304331468018665,5.898624691973175,15131.765539336055,0,1,10,0,1,34,9,5,89,1,2,35,0.8,0.04,uniform,191,1
1176,16790.219177412906,15515.790667048479,2805,5.635881464657267e-05,12048,2918,36997,0.9063379584460215,0.36821082226114793,0.9999354937157147,15501.865556041515,1.0876243567602581,0.16706154758083414,0.9240969699741112,4097,0.9985605202098023,7.015860595326573e-05,0.9985635559140873,695.6634203070051,49,1176,1,68,2.6045055852101466,2.1901417159451793,-0.2509738667251643,5.296595034605654,16790.21917737963,2,0,10,2,0,34,2,2,89,2,2,35,0.8,0.04,uniform,192,1
1176,14444.521928051105,13187.304000719565,2683,6.533238212182153e-05,10419,2651,31618,0.8978590955692042,0.3683028650561431,0.9999240818920104,13171.588003787865,1.102774219854607,0.18574515746275017,0.9129623026920651,4097,0.9985221221111,8.37205323113323e-05,0.9985566706355269,692.3424314568587,49,1176,1,68,2.204380732392913,2.415700668520834,-0.25217061591108664,5.124422632735921,14444.521928027518,0,0,10,1,3,34,4,5,89,2,2,35,0.8,0.04,uniform,193,1
1176,14433.332630763452,13182.092558296896,2677,6.536292934363628e-05,10409,2644,31600,0.8978274943296028,0.36832460333384587,0.99992405206023,13166.414106536227,1.1023095690054354,0.18547345013681707,0.9133089976877798,4097,0.9985382535284908,8.371814075456165e-05,0.9985583025799522,693.1267019429215,49,1176,1,68,2.2010427742945935,2.145609530175954,-0.2536056322930466,4.8538635690566405,14433.332630735324,0,0,10,1,0,34,1,1,89,2,2,35,0.8,0.04,uniform,194,1
1176,16653.94222526984,15379.150502079277,2790,5.686813764378539e-05,11953,2904,36683,0.9064469560969514,0.36820324923102826,0.9999349207598927,15365.383160245494,1.0884392050597789,0.1675279019382328,0.923454056346115,4097,0.9985382673078366,7.083479636859987e-05,0.9985405066620284,684.6691585999913,49,1176,1,68,2.5790977069555243,2.2977559280672044,-0.2532053925752601,5.383264420173249,16653.94222524101,1,0,10,4,1,34,7,6,89,2,2,35,0.8,0.04,uniform,195,1
1176,15215.18612386707,13963.745296818752,2711,6.205457870010098e-05,10950,2729,33400,0.901066364282908,0.36827556015006013,0.9999283117683515,13948.790930692781,1.0962022724063851,0.17817724856795744,0.9177505410147258,4097,0.998543125399039,7.85848024380111e-05,0.9985433560851856,686.0094570356357,49,1176,1,68,2.3368126314619837,2.2969138108786287,-0.2508040562649033,5.135334554870419,15215.186123834097,1,1,10,1,1,34,1,5,89,2,2,35,0.8,0.04,uniform,196,1
1176,14406.8101938202,13141.906642264823,2696,6.549055880768841e-05,10395,2653,31521,0.8971785604958452,0.3683196747250104,0.9999238178874819,13125.940925068902,1.1038382976999128,0.18713372104787282,0.9122009983793666,4097,0.9985602713177258,8.409273339738825e-05,0.9985612159998996,694.5312397814331,49,1176,1,68,2.1945268499024393,2.249377917102477,-0.25561093815794816,4.9551266433208125,14406.810193795078,0,0,10,0,1,34,3,5,89,2,2,35,0.8,0.04,uniform,197,1
1176,14584.275301083755,13334.884375990132,2664,6.484148842512674e-05,10512,2660,31950,0.8996961557414416,0.36829650856960083,0.9999249274120666,13319.9412830121,1.1007951540541179,0.18266248716534023,0.9143330128305531,4097,0.9985438261096737,8.263954099979716e-05,0.9985439578764795,686.293195777795,49,1176,1,68,2.2270956512069984,2.2616738916877988,-0.2532232775444365,4.99521609798367,14584.275301058437,0,0,10,0,1,34,4,4,89,2,2,35,0.8,0.04,uniform,198,1
1176,15489.44327785773,14223.437638752364,2747,6.095729860964675e-05,11145,2771,34012,0.9014255724823423,0.36827836729953545,0.9999296213458183,14208.353681765546,1.09550686025263,0.1773465934651671,0.9182665499078893,4097,0.9985181208908688,7.710029847158533e-05,0.9985440322062875,686.3282578338641,49,1176,1,68,2.3813232102086017,2.2095450714243383,-0.2529358506471961,5.096739982927332,15489.443277832092,1,0,10,1,0,34,6,2,89,2,2,35,0.8,0.04,uniform,199,1
1176,14346.349559162501,13099.641394203078,2657,6.582752444565585e-05,10347,2631,31405,0.8982758640139791,0.36831894135872456,0.9999235752599213,13084.268080113321,1.1025494624657775,0.1852039077287831,0.9130992758946685,4097,0.9985570249686798,8.426205609334384e-05,0.9985691268598518,698.3738562509726,49,1176,1,68,2.1877569056949513,2.3883306039066774,-0.25209846150662785,5.080284432614884,14346.349559145285,0,0,10,0,4,34,3,4,89,2,2,35,0.8,0.04,uniform,200,1
1176,14998.662463482357,13757.68140359767,2669,6.304630070467456e-05,10796,2697,32915,0.9017111969234529,0.36825390844921596,0.9999272394809563,13743.21723431745,1.0967948129486587,0.17794920090363295,0.9172605515387697,4097,0.998525919913944,7.980335987458565e-05,0.9985433838255386,686.0225311877438,49,1176,1,68,2.30076574465178,3.664174977915189,-0.25002719131020645,6.4649951051873815,14998.662463456481,0,2,10,1,4,34,7,7,89,1,2,35,0.8,0.04,uniform,201,1
1176,14139.091989095525,12881.006416177692,2686,6.65984813652197e-05,10209,2618,30913,0.8954234163336188,0.3683542072235368,0.9999222695022681,12864.463285661295,1.1055732068308843,0.18996976623898626,0.9110207661221735,4097,0.9985707652006909,8.593675564612407e-05,0.9985835556598471,705.4930308173494,49,1176,1,68,2.151187826741211,3.039837909576011,-0.2534196543932456,5.697865045103713,14139.091989070603,0,1,10,0,1,34,1,3,89,1,2,35,0.8,0.04,uniform,202,1
1176,14964.69006970078,13707.613982275318,2712,6.305645182541576e-05,10779,2707,32816,0.899627647653145,0.36828183777660783,0.9999269685249866,13692.226312491146,1.0986137565519287,0.18122660658980333,0.9159971852694309,4097,0.9985542050718854,8.023338311111215e-05,0.9985581888747245,693.07200059679,49,1176,1,68,2.2917887822949803,2.203335404680507,-0.2532265356780869,5.001577258331661,14964.690069681636,0,0,10,1,0,34,4,2,89,2,2,35,0.8,0.04,uniform,203,1
1176,15236.374711357084,13977.061039713875,2732,6.190486558514872e-05,10968,2737,33438,0.9003078951029626,0.3682914051849931,0.999928378042657,13961.698698136861,1.096792959133987,0.17930774555994522,0.9173482081203657,4097,0.9985471935413707,7.855445853349536e-05,0.9985664125259153,697.0506180752269,49,1176,1,68,2.3400029304443772,2.2107479626990996,-0.25121725855764376,5.053185410258764,15236.374711331884,1,0,10,2,0,34,2,4,89,2,2,35,0.8,0.04,uniform,204,1
1176,14283.190634866194,13051.01243250073,2643,6.602946170446065e-05,10299,2611,31279,0.8978826608320585,0.368319155565299,0.9999232895676726,13035.53654900447,1.101741032139712,0.1850426888197001,0.9137322861631744,4097,0.9985036031215452,8.451503088828603e-05,0.9985144354102559,672.6446231678068,49,1176,1,68,2.1816863730565204,2.265169768930539,-0.24742768048876443,4.941711502964588,14283.190634846274,0,0,10,1,1,34,3,4,89,2,2,35,0.8,0.04,uniform,205,1
1176,14307.309626022867,13065.252456944272,2661,6.590018738595453e-05,10319,2623,31322,0.8974306076326318,0.3683297591108392,0.9999233717325555,13049.514477166844,1.1025062216441317,0.1859888455311009,0.9131872307551465,4097,0.9985200480175793,8.448314161177775e-05,0.9985317649124256,680.5897169588636,49,1176,1,68,2.18366755790361,2.425149669381822,-0.24954836488530963,5.10791395705605,14307.309625998847,0,1,10,1,2,34,2,6,89,2,2,35,0.8,0.04,uniform,206,1
1176,14351.379797447607,13096.408560952097,2675,6.577474250501866e-05,10354,2639,31406,0.8976005328340337,0.3683292527122148,0.9999235544975307,13080.714292682054,1.1033304734975216,0.1863932275331288,0.9125539666423776,4097,0.9985440440828511,8.434465243632025e-05,0.9985613184525894,694.5807349909832,49,1176,1,68,2.1874247289663167,2.301870236168524,-0.2532861209364685,4.995867207007778,14351.379797428377,0,0,10,0,1,34,3,5,89,2,2,35,0.8,0.04,uniform,207,1
1176,18448.230699489846,17156.928212218492,2894,5.1361292447821614e-05,13201,3110,40793,0.9110395775525056,0.36816059246986166,0.9999416716969027,17143.83553893925,1.079864829188466,0.15687141206880226,0.9300039928865882,4097,0.9985435759131225,6.298668306118438e-05,0.9985459108779651,687.2156348397642,49,1176,1,68,2.8829210869547857,2.1512974924880903,-0.2545331136329422,5.54328480670876,18448.23069945584,2,0,10,2,0,34,5,0,89,2,2,35,0.8,0.04,uniform,208,1
1176,14897.782263843666,13651.77895050727,2681,6.340491542021299e-05,10729,2690,32676,0.9005324937312751,0.36827244995287256,0.9999266721080015,13636.875523788114,1.0980619128952787,0.17995967134696833,0.9163631679353781,4097,0.998553195370285,8.051856535717652e-05,0.9985657100208832,696.7089626258378,49,1176,1,68,2.2800507585957814,2.149941087394853,-0.253585680828576,4.937163207647786,14897.782263815221,0,0,10,1,0,34,6,2,89,2,2,35,0.8,0.04,uniform,209,1
1176,14320.247120060923,13059.384238623574,2699,6.57532745080949e-05,10335,2640,31327,0.8960628419269429,0.36834982121677917,0.9999233329730954,13042.916966657232,1.1042779931067446,0.18847440113090153,0.9119524355364627,4097,0.9985395410408547,8.466171060824844e-05,0.9985885511647938,707.9917348215582,49,1176,1,68,2.1815962205098005,2.194309540946092,-0.25381995636747917,4.8835456741908505,14320.247120038404,0,0,10,1,1,34,2,2,89,2,2,35,0.8,0.04,uniform,210,1
1176,14855.250746334366,13601.82127456251,2682,6.366415104999716e-05,10701,2692,32569,0.9006272709254299,0.36828331462645375,0.9999264031092431,13587.030522878216,1.099020452036059,0.1805422234735285,0.9156238091719086,4097,0.9985332523040374,8.088448814839988e-05,0.9985360748288875,682.5949019883845,49,1176,1,68,2.2736329381853593,2.585619426079518,-0.252770249962857,5.3647928641905915,14855.250746311513,0,1,10,1,2,34,3,7,89,2,2,35,0.8,0.04,uniform,211,1
1176,14609.956691065841,13358.587177481733,2684,6.459914503902203e-05,10531,2664,32006,0.8986499200826759,0.3683022198968699,0.9999250577998463,13343.116780413773,1.1008638012287018,0.18371033239552978,0.9143481709053022,4097,0.9985538264148753,8.25011553341915e-05,0.9985919881013933,709.7211534327174,49,1176,1,68,2.230434776313918,2.163718589644992,-0.254251735768531,4.9026568374959725,14609.9566910448,0,0,10,1,0,34,2,2,89,2,2,35,0.8,0.04,uniform,212,1
1176,14614.947399415394,13358.123267030187,2701,6.44994789133186e-05,10537,2668,32011,0.8978627679366972,0.3683141006694512,0.9999250528452086,13342.23465504154,1.1013916820716343,0.1848107917314873,0.9140041973441875,4097,0.9985235796037828,8.254617288257052e-05,0.9985340464403979,681.6497272089908,49,1176,1,68,2.235066518306146,2.3618381343643873,-0.2504687536982163,5.097842160066966,14614.947399385652,1,1,10,1,1,34,2,4,89,2,2,35,0.8,0.04,uniform,213,1
1176,16382.672471104175,15100.481578323874,2806,5.7695625954856276e-05,11768,2881,36048,0.9042939643418554,0.36822257670274466,0.9999337152747629,15085.93199556745,1.0907995399163555,0.17127852644000754,0.9217349370170321,4097,0.998541991529231,7.230334779231592e-05,0.9985806995103916,704.0723152599464,49,1176,1,68,2.5295238627652497,2.2604269572759774,-0.25664492483354756,5.303240669708322,16382.672471080929,0,1,10,2,1,34,3,2,89,2,2,35,0.8,0.04,uniform,214,1
1176,14545.289421542719,13303.914324378035,2671,6.482304408851371e-05,10484,2647,31870,0.8984410189218186,0.36831502128640703,0.9999247491431715,13288.385225686634,1.1004819559981547,0.183633334655001,0.9146544932047822,4097,0.9985382051864143,8.28122101130492e-05,0.998559162394034,693.5406210481344,49,1176,1,68,2.223068456325189,3.0743597335230066,-0.25062022080300966,5.798668631454215,14545.289421513808,0,2,10,2,2,34,3,4,89,1,2,35,0.8,0.04,uniform,215,1
1176,14047.538830070234,12789.0529659572,2693,6.693796792946072e-05,10146,2608,30702,0.8942623033965724,0.3683567785389935,0.9999217068493922,12772.009366731181,1.1065000594767325,0.19170617946507115,0.9104123591088346,4097,0.9985097317999744,8.663137580434187e-05,0.9985690538646728,698.3382054054155,49,1176,1,68,2.136208146290518,2.1780564906586997,-0.25282906970348573,4.819922776356189,14047.538830044741,0,0,10,0,0,34,0,0,89,2,2,35,0.8,0.04,uniform,216,1
1176,16847.22535564621,15541.091332791291,2863,5.612598979784584e-05,12098,2952,37087,0.9049524115626914,0.3682276676425418,0.9999355959217524,15526.467031652308,1.0898025983576993,0.16993896262214414,0.9224718613728772,4097,0.9985418079204545,7.018773181926942e-05,0.9985774950746046,702.4851450077011,49,1176,1,68,2.6083319634875433,2.600094599807941,-0.2568424167190866,5.722111396733657,16847.225355614984,2,1,10,2,3,34,3,3,89,2,2,35,0.8,0.04,uniform,217,1
1176,16192.330549535189,14936.816246572198,2751,5.840580827634181e-05,11628,2837,35645,0.9050068618600485,0.36822928474413724,0.9999329906353991,14922.78729844713,1.0898090614164504,0.16989524710999487,0.9224624090323409,4097,0.9985034413801753,7.302741274211318e-05,0.9985327725280341,681.0574541635368,49,1176,1,68,2.5026222121819934,3.050908397990754,-0.2511755003194608,6.055881610811669,16192.330549508551,1,1,10,3,1,34,5,4,89,1,2,35,0.8,0.04,uniform,218,1
1176,19290.634865839216,18016.147059721367,2882,4.9221603262908115e-05,13778,3184,42755,0.9148360423780408,0.3681115627729996,0.999944458818972,18004.15854765433,1.0747686745127483,0.1493989192187544,0.9339323036809548,4097,0.9985297646934402,5.969392151462778e-05,0.9985451634980048,686.8623407998514,49,1176,1,68,3.029555751533968,2.324288966469192,-0.2511644637379801,5.85617364547912,19290.634865799057,2,1,10,4,2,34,9,3,89,2,2,35,0.8,0.04,uniform,219,1
1176,14388.364753776274,13130.409684004113,2698,6.543245401166574e-05,10381,2644,31487,0.8964542103218445,0.36834787229905935,0.9999237487275939,13114.035245917597,1.1034235393600864,0.18751262191152757,0.9125713664270287,4097,0.9985346427928082,8.413744887954626e-05,0.9985742922226956,700.9058886477666,49,1176,1,68,2.195074353047225,2.199807572883287,-0.25192645541510167,4.898734836760716,14388.364753758482,0,0,10,1,1,34,2,3,89,2,2,35,0.8,0.04,uniform,220,1
1176,14453.655435456863,13199.389116647126,2683,6.525671722485378e-05,10424,2649,31643,0.8977459994012239,0.3683083096708397,0.9999241510681349,13183.601277779764,1.1024413692448871,0.18562778198089744,0.9132215151792781,4097,0.9985531948382014,8.361900030129885e-05,0.9985550548602291,691.5676767312212,49,1176,1,68,2.205573726365831,2.1843423099254675,-0.2525309395244026,4.894977915340103,14453.655435434572,0,0,10,1,0,34,3,1,89,2,2,35,0.8,0.04,uniform,221,1
1176,15293.533142959537,14034.601586680832,2726,6.173435565562815e-05,11007,2744,33571,0.901054969746003,0.36825901851196136,0.9999286735869484,14019.551714252882,1.0962950221510772,0.17824527364070408,0.9176820984065241,4097,0.9985228549602987,7.819479157660939e-05,0.9985421719089762,685.4518134701907,49,1176,1,68,2.349576022124484,2.25626063157272,-0.25136498857848866,5.108566630854181,15293.533142933478,0,0,10,2,1,34,2,3,89,2,2,35,0.8,0.04,uniform,222,1
1176,14994.957774994878,13743.607448896402,2686,6.306977402021353e-05,10797,2706,32893,0.9012002990407887,0.3682677844076982,0.999927163817976,13728.940118484066,1.097761817958606,0.17912687986885095,0.9165485928753204,4097,0.9985294171647073,7.995677959203422e-05,0.9985296333385132,679.6023485471276,49,1176,1,68,2.296970812594177,2.286339724965201,-0.25319207430552515,5.089694686170428,14994.957774970248,0,0,10,2,1,34,6,6,89,2,2,35,0.8,0.04,uniform,223,1
1176,14990.238838498222,13707.796187062866,2748,6.295796039823331e-05,10805,2731,32841,0.8989201025353643,0.3683085026775003,0.9999269672472948,13691.986761275275,1.1007222686428861,0.1833192939489752,0.9144481508765716,4097,0.998531471740825,8.038877724315535e-05,0.9985705295057963,699.0596157114592,49,1176,1,68,2.293081342928387,2.699610268390544,-0.256279003751353,5.505249618821637,14990.238838476871,0,1,10,2,2,34,2,4,89,2,2,35,0.8,0.04,uniform,224,1
1176,14934.525376676209,13687.655650101271,2685,6.326082345894272e-05,10754,2695,32760,0.9005879168981029,0.3682633343489671,0.9999268647156104,13672.79064077412,1.0978551382377981,0.17978475594499052,0.9165109238407925,4097,0.9985078581980148,8.029194775383171e-05,0.998515743464545,673.2378562205679,49,1176,1,68,2.2907479274493223,2.73046583383135,-0.2491373406891648,5.519488442659001,14934.525376654303,1,1,10,1,4,34,2,5,89,2,2,35,0.8,0.04,uniform,225,1
1176,14405.091558152099,13155.447456992351,2683,6.53968807043395e-05,10390,2639,31537,0.8971026662573833,0.3683291341111349,0.999923896026987,13139.418455319204,1.1024567456034198,0.18625358882093618,0.913249832802864,4097,0.9985460991885019,8.390133841567231e-05,0.9985656965676227,696.7024230493375,49,1176,1,68,2.198084151345715,2.1732360833164317,-0.25176135173729963,4.874842938136746,14405.091558128128,0,0,10,1,0,34,3,2,89,2,2,35,0.8,0.04,uniform,226,1
1176,16411.35141726904,15126.771029203017,2813,5.758111457033464e-05,11789,2886,36111,0.9041741705000949,0.36824131474176003,0.9999338300996782,15112.111546512042,1.090823978290879,0.17140575011025522,0.9217261055835835,4097,0.9985712143057197,7.21797139125052e-05,0.9986274761399456,728.0846694624389,49,1176,1,68,2.5341518821538185,2.169707894719189,-0.2568942772398209,5.217648331352649,16411.3514172346,1,0,10,1,0,34,4,1,89,2,2,35,0.8,0.04,uniform,227,1
1176,14043.114169639877,12779.07241853683,2686,6.710289530311021e-05,10144,2613,30684,0.8950748132868124,0.3683603420270822,0.9999216483202575,12762.46823214715,1.1069872279852173,0.1912681167120982,0.9099885014225828,4097,0.9985095421341807,8.673430876615743e-05,0.9985466886549279,687.5836836878116,49,1176,1,68,2.135027165171162,2.303982885991092,-0.25325755755256224,4.945525166267379,14043.114169615501,0,0,10,0,1,34,1,4,89,2,2,35,0.8,0.04,uniform,228,1
1176,14510.037206905916,13233.394543472348,2729,6.495266139059718e-05,10471,2674,31743,0.8964188752347659,0.3683369772779253,0.9999243424157661,13216.945542955014,1.1041502303118678,0.1880767058750999,0.9120165823678273,4097,0.9985609726018234,8.353733905698451e-05,0.9985748038684604,701.1576936212169,49,1176,1,68,2.2107484663133796,2.217528547923208,-0.25694493621817743,4.9421668866729425,14510.037206885556,0,0,10,1,0,34,3,3,89,2,2,35,0.8,0.04,uniform,229,1
1176,16245.498094696568,14963.690300588212,2804,5.815265221390315e-05,11674,2866,35733,0.9035633881153669,0.36825178570395484,0.9999331077659673,14948.918480159462,1.091674017185855,0.17260166377510955,0.9210976612328797,4097,0.9985688196516883,7.302451384514186e-05,0.9986049056967384,716.2973056432133,49,1176,1,68,2.507895276272849,2.1605119699190474,-0.25494453574578557,5.1782963176834675,16245.498094669572,1,0,10,1,0,34,4,0,89,2,2,35,0.8,0.04,uniform,230,1
1176,24482.73648712056,23150.617150552986,3123,3.8979034583096844e-05,17392,3785,54635,0.9256887237161027,0.3680313684813032,0.9999567865785054,23140.45864798076,1.0601707233060487,0.12755927024917707,0.9455894426969651,4097,0.9984988543263227,4.5813604322429714e-05,0.9985272607878197,678.5067181273909,49,1176,1,68,3.9087933496755283,2.284496432203195,-0.2549373454015539,6.703164472681832,24482.736487053244,2,0,10,5,3,34,9,3,89,2,1,35,0.8,0.04,uniform,231,1
1176,14291.634594237987,13014.74429515302,2721,6.587253748929584e-05,10321,2650,31240,0.8953071421809805,0.36834609498069754,0.9999230673008742,12997.874044718448,1.1060909416026232,0.1903910978172529,0.9106547056835769,4097,0.9985613320862562,8.509456161649949e-05,0.9985780436665804,702.7563573725276,49,1176,1,68,2.175598796447993,2.371116491889043,-0.2549513046101599,5.056617897557356,14291.634594221938,0,1,10,1,2,34,3,3,89,2,2,35,0.8,0.04,uniform,232,1
1176,16392.53665315266,15118.05173805647,2780,5.7753536169380135e-05,11772,2876,36081,0.9054935844104632,0.36820490785236876,0.9999337947903613,15104.051516284711,1.090048563105244,0.16958937221380818,0.9222521235082262,4097,0.998535077976031,7.216689363687122e-05,0.9985388471355342,683.8909670748437,49,1176,1,68,2.5344579099668567,2.2171804491563036,-0.2533884596114408,5.258415278346042,16392.536653120387,2,0,10,2,1,34,5,5,89,2,2,35,0.8,0.04,uniform,233,1
1176,14434.336861567654,13203.695073186409,2637,6.542255818170897e-05,10403,2627,31629,0.8992928705525037,0.36830373267175653,0.9999241804643214,13188.712919478725,1.100289522043293,0.18268937640087793,0.9147420626119717,4097,0.9985218099439624,8.342344067371803e-05,0.9985275342378644,678.6328157857536,49,1176,1,68,2.206187999265166,2.4842998278245956,-0.24863119487588964,5.187750216841541,14434.336861549407,0,1,10,0,2,34,4,3,89,2,2,35,0.8,0.04,uniform,234,1
1176,15339.617750808402,14081.202783703178,2712,6.167387404997922e-05,11038,2749,33678,0.9022373609854913,0.3682450254789593,0.9999289126358564,14066.697618389739,1.095830140487563,0.17679710433834486,0.9179630817698241,4097,0.9985292520236312,7.789967623663091e-05,0.9985616007391362,694.7171449666572,49,1176,1,68,2.354031367153885,2.194553637083906,-0.25474716189162394,5.058079328021039,15339.617750787591,0,0,10,2,1,34,5,2,89,2,2,35,0.8,0.04,uniform,235,1
1176,15258.869615921745,13988.06523273185,2749,6.183036855648459e-05,10987,2750,33475,0.9000351796004856,0.3682814831260447,0.9999284337456242,13972.566053206818,1.0976382434925787,0.18015751292163726,0.9167170036066181,4097,0.9985326326005222,7.855385774656718e-05,0.9985544212882936,691.2643554339088,49,1176,1,68,2.3413792997642173,2.2352626356753054,-0.25366655327920073,5.083975041997924,15258.869615895297,1,0,10,2,1,34,2,3,89,2,2,35,0.8,0.04,uniform,236,1
1176,15231.904072781845,13993.14973466215,2685,6.202236451867322e-05,10957,2719,33455,0.9020982991713887,0.3682546246257578,0.9999284649512359,13978.661499854654,1.0949187639902493,0.17627474458678305,0.9186737040753004,4097,0.9985169089859725,7.832506717487197e-05,0.9985266184076818,678.2106776519066,49,1176,1,68,2.341605794987863,3.1470080446122424,-0.24885408133107395,5.986322002262254,15231.90407275535,0,2,10,3,3,34,5,4,89,1,2,35,0.8,0.04,uniform,237,1
1176,14510.680360255106,13258.665811100773,2673,6.510240368199281e-05,10463,2654,31777,0.89872305305482,0.3682933062643293,0.9999244932355896,13243.346525987814,1.1016889326821675,0.18420914344728956,0.9137177225277725,4097,0.9985566012757648,8.318496669385221e-05,0.9985623487054203,695.078845447106,49,1176,1,68,2.213780903493374,2.293429596569791,-0.25402187885931293,5.015254257781791,14510.680360233802,0,0,10,0,2,34,3,6,89,2,2,35,0.8,0.04,uniform,238,1
1176,16729.1930768545,15443.6050839022,2816,5.658683743816125e-05,12009,2921,36842,0.905936779945428,0.3682146810146408,0.999935191443181,15429.56122544447,1.0888568039037991,0.16832850138456754,0.9231530183765431,4097,0.9985507561697032,7.056723804367187e-05,0.998564620013547,696.1795117819506,49,1176,1,68,2.5893903356680146,3.2454668352862988,-0.2557105277374337,6.346278226429181,16729.193076824038,1,2,10,2,3,34,6,5,89,1,2,35,0.8,0.04,uniform,239,1
1176,16145.776070733595,14880.31493782496,2762,5.857875097539971e-05,11599,2841,35525,0.9045960576705636,0.3682211880329762,0.9999327352147662,14866.119972805229,1.0909209893007177,0.17106641315349957,0.9216227744417653,4097,0.9985551898868258,7.338056605255678e-05,0.9985556450475346,691.8504671207257,49,1176,1,68,2.4934976306097654,3.0562293802088214,-0.2523826535235734,6.0544923178657335,16145.776070704032,1,1,10,3,1,34,5,2,89,1,2,35,0.8,0.04,uniform,240,1
1176,14431.23009783265,13178.032722645621,2688,6.530459608480566e-05,10409,2645,31592,0.8971809669263024,0.36833083514685633,0.9999240268752213,13162.049288737768,1.1025614645308832,0.18626270815290352,0.9131607377409054,4097,0.998555687698685,8.376503972109834e-05,0.998564802658238,696.268171964225,49,1176,1,68,2.201485228419405,2.1786649797046724,-0.2528056045414564,4.88576141720699,14431.230097809865,0,0,10,1,0,34,3,3,89,2,2,35,0.8,0.04,uniform,241,1
1176,14896.303931407263,13653.840108511202,2679,6.33939625678448e-05,10726,2687,32677,0.9004499193097623,0.36828639416947434,0.9999266832040894,13638.939464475961,1.097760978154076,0.1798432693328454,0.9165924763204879,4097,0.9985229211771705,8.048431759431009e-05,0.9985263062644156,678.0669198009342,49,1176,1,68,2.2826842419873534,3.095738525230132,-0.2507007803584538,5.879824327934394,14896.303931393346,0,1,10,2,2,34,5,4,89,1,2,35,0.8,0.04,uniform,242,1
1176,15425.01919393438,14159.961809943938,2738,6.124628561256596e-05,11100,2763,33865,0.9015193267143939,0.3682650174533348,0.9999293062892715,14145.029910340028,1.0958568732776246,0.17750383098885678,0.9179866573853014,4097,0.998575284252917,7.747018879955504e-05,0.998583190295276,705.3109704274201,49,1176,1,68,2.3674743080099563,2.1559484952291763,-0.2558282759871825,5.035079355213497,15425.019193903177,0,0,10,2,0,34,5,1,89,2,2,35,0.8,0.04,uniform,243,1
1176,14598.371231197443,13333.320671043533,2731,6.441066864078265e-05,10529,2673,31962,0.8962070620520097,0.3683510870484351,0.9999249085327168,13316.592283710017,1.1024198682416093,0.1870756645894658,0.9133430339509085,4097,0.9985628286625166,8.278232546858479e-05,0.9986007176098508,714.1519128373984,49,1176,1,68,2.2295855429506677,2.159793614443458,-0.2531306528273624,4.895640463048851,14598.371231174817,0,0,10,1,0,34,2,0,89,2,2,35,0.8,0.04,uniform,244,1
1176,14360.40838383202,13091.370290670757,2711,6.56072881194482e-05,10365,2651,31408,0.8960606336864179,0.3683535068236224,0.9999235204331114,13074.887847959762,1.104702860013828,0.1887829320405845,0.9116293869058739,4097,0.9985379200116288,8.448719627480597e-05,0.9985846021642104,706.01502188992,49,1176,1,68,2.185925836581115,2.1638059714837623,-0.25632048719520034,4.862372782455278,14360.408383804735,0,0,10,0,0,34,2,0,89,2,2,35,0.8,0.04,uniform,245,1
1176,16302.437502119546,15035.571673938051,2782,5.795208314095252e-05,11708,2859,35884,0.904413529483909,0.3682398103841487,0.9999334293841947,15021.142620156059,1.0900781690747314,0.17064932772404745,0.9222897908354635,4097,0.9985390100345365,7.256717499155266e-05,0.9985434398719197,686.0489476166232,49,1176,1,68,2.5219460398483564,2.164463227805276,-0.25057734486146194,5.187563957376556,16302.437502093731,1,0,10,2,0,34,4,2,89,2,2,35,0.8,0.04,uniform,246,1
1176,14458.355455976636,13212.913606402246,2667,6.527714107650824e-05,10425,2642,31665,0.8983437465625748,0.368317742091257,0.9999242306840813,13197.454704972904,1.1015353611938261,0.184460812858045,0.913860061514841,4097,0.9985274246162562,8.346258077802388e-05,0.9985554562290875,691.7599689384008,49,1176,1,68,2.2075426106891403,2.255668319417223,-0.2513613784192524,4.965933686944869,14458.35545595735,0,0,10,1,1,34,2,4,89,2,2,35,0.8,0.04,uniform,247,1
1176,14503.196754919296,13261.089314432893,2660,6.509793080558562e-05,10454,2644,31773,0.8989279794559847,0.3683051530418958,0.9999245075580286,13245.85915082001,1.1008303414162597,0.18340784069538066,0.9143562994092943,4097,0.9985478563887423,8.310437067007906e-05,0.9985479153987977,688.1649877919435,49,1176,1,68,2.2149798659277105,2.448697748481674,-0.2515501944290515,5.1667780032674875,14503.196754897761,0,1,10,1,1,34,3,2,89,2,2,35,0.8,0.04,uniform,248,1
1176,14471.774899156173,13223.89744430646,2670,6.5230561369155e-05,10435,2646,31693,0.8983870679839951,0.3683002606698593,0.9999242938702906,13208.470044574262,1.1016442495111247,0.1844970653983627,0.9137716373046629,4097,0.9985177759964247,8.340122244695796e-05,0.9985663712379113,697.0305288559272,49,1176,1,68,2.2072233031476136,2.198948193620393,-0.25396290418621353,4.914097305140434,14471.774899122904,0,0,10,0,1,34,3,3,89,2,2,35,0.8,0.04,uniform,249,1
1176,14573.141875156312,13289.934282237675,2734,6.473143302454942e-05,10517,2687,31880,0.8969371791413308,0.36833316776235153,0.9999246656012357,13273.648542102272,1.1042011638974842,0.18760539240071558,0.911947087051544,4097,0.9985325804347341,8.318433079731111e-05,0.9985632598889655,695.519983139333,49,1176,1,68,2.222703240662524,2.521076875510109,-0.25572224830577395,5.255224612784181,14573.14187513359,0,0,10,1,3,34,1,4,89,2,2,35,0.8,0.04,uniform,250,1
1175,14903.474792299174,13662.763851775046,2663,6.348434335668155e-05,10730,2687,32696,0.9014665430748411,0.3682773178136949,0.9999267336752135,13648.335293240589,1.0974716080387152,0.17868316195468778,0.9167502238360399,4097,0.9985416810217008,8.040771127874016e-05,0.9985645987251333,696.1691793355329,49,1176,0,68,2.2838555853455205,2.3208378524416267,-0.2529060814250996,5.110505600637346,14903.474792277395,0,0,10,2,2,34,3,5,89,2,2,35,0.8,0.04,uniform,251,1
1176,14763.415811060657,13505.463942143368,2681,6.407411045668621e-05,10639,2686,32351,0.9003169663065846,0.3682928118818635,0.999925877068203,13490.601543056328,1.1001432811222294,0.18159754045479176,0.9147926275994449,4097,0.9985461568784061,8.154584539379259e-05,0.9985476108023842,688.0205602792917,49,1176,1,68,2.256699038533076,3.0369760056803354,-0.2540859633434431,5.801846970900298,14763.415811033932,0,2,10,1,4,34,5,5,89,2,2,35,0.8,0.04,uniform,252,1
1176,14561.644091422811,13311.815082370844,2664,6.493289969814493e-05,10497,2658,31897,0.8995551254985731,0.36828088793543223,0.9999247969601488,13296.8348086369,1.101021622513953,0.1829463749611327,0.9141697873395938,4097,0.9985427608115635,8.28001729552067e-05,0.9985691571556993,698.3886538110861,49,1176,1,68,2.2228523146548596,3.901405505620492,-0.2536177689164264,6.631493358108204,14561.644091399161,0,2,10,1,2,34,2,5,89,1,2,35,0.8,0.04,uniform,253,1
1176,17594.80239335897,16328.906044659507,2802,5.391201913895088e-05,12601,2996,38861,0.910446912475123,0.36815738917771357,0.9999387129248937,16316.15400823934,1.0823497670333373,0.15925157540033497,0.9280528237601995,4097,0.9985324310013988,6.633405146361915e-05,0.9985393091978605,684.1074614859159,49,1176,1,68,2.7420716844166515,2.266860906975014,-0.25024164778163366,5.509415886954933,17594.802393325917,1,0,10,4,1,34,8,5,89,2,2,35,0.8,0.04,uniform,254,1
1176,15093.549355474799,13842.331904919585,2687,6.268914125391766e-05,10865,2716,33120,0.9017966046611178,0.3682489260015141,0.999927684794331,13827.850349188995,1.0969888784450958,0.17802307043342058,0.9171025037857403,4097,0.9985261518974137,7.93289763613753e-05,0.9985264961706882,678.1543740433839,49,1176,1,68,2.312980587902438,3.1935042081202742,-0.25394957458928474,6.014383945201281,15093.549355451329,0,1,10,2,3,34,6,7,89,1,2,35,0.8,0.04,uniform,255,1
1176,14163.645319864063,12886.674878884964,2716,6.648011927010395e-05,10232,2637,30945,0.8947028659807396,0.3683537069730196,0.9999223012059215,12869.712612138812,1.107224943570292,0.1917585436985559,0.909841681845267,4097,0.9985490171518606,8.603004288911763e-05,0.9985924908030234,709.974813906412,49,1176,1,68,2.1517837636988864,2.2671820629805977,-0.2569994539613108,4.9329647346021055,14163.645319841959,0,0,10,0,1,34,1,5,89,2,2,35,0.8,0.04,uniform,256,1
1176,24933.68812400396,23612.430413707512,3116,3.830251466991744e-05,17701,3823,55688,0.9269453403261908,0.36802248519802355,0.999957632667075,23602.59065528755,1.0584422124983734,0.12497148374131582,0.9470091346404363,4097,0.9985132208842621,4.4843373598888734e-05,0.9985143332255362,672.5983240103254,49,1176,1,68,3.9908444306989157,2.4450755757389677,-0.2495787196300799,6.9350774456980435,24933.68812393449,2,1,10,2,2,34,5,4,89,2,1,35,0.8,0.04,uniform,257,1
1176,14746.31699643126,13488.577463565247,2715,6.386423126925486e-05,10629,2683,32312,0.8979119100068788,0.3683242479654336,0.9999257777141084,13472.54232857191,1.1004628093445983,0.1841137689266448,0.9147082262526706,4097,0.9985534439300535,8.167886524850982e-05,0.9985935467849879,710.5082471053419,49,1176,1,68,2.2561372282349157,2.3384615995880775,-0.251739811970034,5.098078451763062,14746.316996405105,0,1,10,2,2,34,2,3,89,2,2,35,0.8,0.04,uniform,258,1
1176,14440.82525908101,13197.208683744748,2661,6.536499637750591e-05,10412,2639,31627,0.8985061421044093,0.36830130558259716,0.9999241408444807,13181.824436311475,1.1014964974808932,0.18426924723894497,0.9138818901950065,4097,0.9985326685034935,8.355859410643347e-05,0.9985505005299351,689.3931979194336,49,1176,1,68,2.203200076547884,2.161195299866617,-0.25272258655752144,4.8698405495295445,14440.825259059784,0,0,10,0,1,34,3,1,89,2,2,35,0.8,0.04,uniform,259,1
1176,15553.963552020477,14292.100253605873,2720,6.0871378134293856e-05,11187,2775,34167,0.9033159388914543,0.36824156952344883,0.9999299639051202,14277.851774295395,1.0945720346087613,0.17487504010813174,0.9188719136318995,4097,0.9985220935363275,7.665955086886199e-05,0.9985246809252831,677.3193515036432,49,1176,1,68,2.390917309579457,2.341627828208975,-0.25431458701798987,5.241174311824412,15553.963551992987,0,0,10,3,1,34,6,8,89,2,2,35,0.8,0.04,uniform,260,1
1176,14694.008057273273,13431.266687547826,2712,6.418077177980742e-05,10594,2682,32185,0.8980624854470527,0.36831233600370944,0.9999254616424239,13415.411378462186,1.1012913945996385,0.18456502741997668,0.914064197814264,4097,0.9985569079184902,8.208845176634847e-05,0.9986026753620197,715.153191818028,49,1176,1,68,2.243910713515869,2.2056272443525153,-0.25507024860092986,4.959678455070245,14694.00805724678,0,0,10,1,1,34,3,2,89,2,2,35,0.8,0.04,uniform,261,1
1176,20430.69464794706,19130.47244595726,2949,4.657706813661637e-05,14576,3328,45346,0.9176180409566372,0.36808922920956044,0.999947697310243,19118.975583731662,1.0716444106108756,0.14434164137910624,0.9363593737562688,4097,0.9985220697428044,5.6049885138177724e-05,0.9985401388015113,684.4965074117306,49,1176,1,68,3.221555522344285,2.1917260116963644,-0.25305241097220166,5.919386355985052,20430.694647900942,1,0,10,1,0,34,8,3,89,2,1,35,0.8,0.04,uniform,262,1
1176,14213.491631849774,12958.91984330986,2675,6.632752126497444e-05,10258,2623,31089,0.8965300592036568,0.36834943516031293,0.9999227400764751,12942.821114989409,1.104524002668252,0.18820146866698298,0.9117337371396728,4097,0.9985287665564182,8.533543997762017e-05,0.9985633301058038,695.5540009325588,49,1176,1,68,2.164043669038038,2.2156594081793464,-0.25321681256444817,4.88613670234628,14213.491631822619,0,0,10,0,2,34,2,2,89,2,2,35,0.8,0.04,uniform,263,1
1176,15851.767337587293,14608.845819480448,2717,5.964544833989221e-05,11388,2790,34877,0.9043045433196103,0.36822322733301793,0.9999314848392434,14594.809834589576,1.0909769819923631,0.17140044653301978,0.9215909815204225,4097,0.9985402937985864,7.474846330311953e-05,0.9985407428829826,684.7800721381312,49,1176,1,68,2.4466408050790935,2.2617283114531377,-0.24923799382610684,5.206845104184445,15851.767337562576,0,0,10,4,2,34,6,5,89,2,2,35,0.8,0.04,uniform,264,1
1176,14530.856339128875,13271.883094221288,2693,6.493343152936614e-05,10479,2662,31814,0.8979288332026415,0.3683103125206685,0.9999245660718327,13256.134299986357,1.10223760432516,0.1853297518844953,0.9133586338254953,4097,0.9985383054077202,8.314611226840198e-05,0.9985674638138441,697.5625261184408,49,1176,1,68,2.2167965453761544,2.3051793907687608,-0.25443752589994933,5.030850987944814,14530.85633910349,0,0,10,1,2,34,3,3,89,2,2,35,0.8,0.04,uniform,265,1
1176,17454.21866376771,16190.132298911996,2795,5.434703066582272e-05,12503,2980,38540,0.910018889680023,0.36817062205020634,0.9999381869777004,16177.32082932544,1.0829719157254585,0.16013320640940476,0.9275770294158303,4097,0.9985544792550689,6.694176717694729e-05,0.9985551938664223,691.6342612538571,49,1176,1,68,2.7155327162641814,3.0687919915796757,-0.2528718183838174,6.290068344611492,17454.218663730233,2,1,10,4,1,34,6,3,89,1,2,35,0.8,0.04,uniform,266,1
1176,19343.936478961274,18023.777442415372,2971,4.902732362371814e-05,13830,3231,42818,0.9126928210400911,0.36813821522243806,0.9999444793335642,18010.811173650305,1.0775875154390544,0.1535881801117006,0.9317533410026587,4097,0.9985789804053403,5.9828377000213806e-05,0.9985825664967845,705.0003498832128,49,1176,1,68,3.0360124553446837,2.397701316367891,-0.25377266011808136,5.941259091948737,19343.936478921056,1,1,10,1,2,34,2,4,89,2,1,35,0.8,0.04,uniform,267,1
1176,16523.08568171913,15246.014950181036,2798,5.725811474699418e-05,11864,2892,36378,0.9053372116957076,0.36821896197367054,0.9999343503498503,15231.873628209687,1.0894655606088186,0.1693388301614668,0.922709912897745,4097,0.9985313876565943,7.152303290418534e-05,0.9985361410685154,682.6258120489988,49,1176,1,68,2.555381032937179,2.898740385675533,-0.25466755238447186,5.963456523381655,16523.085681691307,0,2,10,3,3,34,5,3,89,2,2,35,0.8,0.04,uniform,268,1
1176,19935.22284588481,18615.8120694195,2978,4.765227279185437e-05,14239,3293,44180,0.91496502348644,0.36812288795709397,0.9999462480176898,18603.465040560888,1.0749091058948035,0.14938383297855848,0.9338150976959018,4097,0.9985407849101403,5.7778495245467264e-05,0.9985683845260499,698.0114699304503,49,1176,1,68,3.135404829712426,2.246715860442162,-0.2549391916891513,5.891999073532891,19935.222845841276,1,0,10,2,2,34,3,2,89,2,1,35,0.8,0.04,uniform,269,1
1176,14755.618851921197,13501.100494614639,2703,6.388447276824658e-05,10634,2681,32338,0.8985854065885626,0.36829551071766,0.9999258484150174,13485.388397080647,1.1000456872731559,0.18318445516421472,0.914980295310134,4097,0.9985468035396852,8.157013126493308e-05,0.9985491477070437,688.7499183501701,49,1176,1,68,2.2576190767824293,2.233385832198395,-0.2518399116358586,4.994684732252542,14755.618851899533,0,0,10,1,1,34,4,2,89,2,2,35,0.8,0.04,uniform,270,1
1176,14576.825986836413,13320.443731780832,2684,6.47851331125144e-05,10510,2665,31924,0.8987092699527223,0.36829901587926217,0.9999248431180325,13305.001417184585,1.1015771354140769,0.18412787546642756,0.913809614233568,4097,0.9985609956112659,8.279110274455225e-05,0.9985792609319171,703.3588957939023,49,1176,1,68,2.2250409490663,2.2847714864784856,-0.2540110895081592,5.017834614561105,14576.825986817821,0,0,10,1,1,34,3,5,89,2,2,35,0.8,0.04,uniform,271,1
1176,15647.704642449915,14381.434445959709,2749,6.037178593706333e-05,11254,2788,34377,0.902328704571773,0.3682476927316524,0.9999303966627916,14366.6272054404,1.0943837698398433,0.17568071885395692,0.919076297423521,4097,0.9985274874453515,7.617276256778087e-05,0.9985557714316549,691.9110545769541,49,1176,1,68,2.4081319335472937,2.1600423574187926,-0.2530423253678213,5.0742589417017285,15647.704642420877,1,0,10,2,0,34,2,2,89,2,2,35,0.8,0.04,uniform,272,1
1176,16313.697726323613,15042.165156159124,2776,5.800902627605536e-05,11717,2865,35903,0.9051053426551224,0.36821262929957155,0.9999334601249549,15028.082469577444,1.0903218501148297,0.17016375113538332,0.922057366055474,4097,0.9985340034880977,7.254987966567029e-05,0.9985429226698903,685.805251124072,49,1176,1,68,2.5224546423963434,2.3829770865083826,-0.25198374642816534,5.409399221761056,16313.69772628811,1,0,10,1,3,34,5,4,89,2,2,35,0.8,0.04,uniform,273,1
1176,14413.383362442479,13136.346978398115,2738,6.526555958040832e-05,10405,2663,31520,0.8951018644985086,0.36836834505345095,0.9999237792192565,13119.28163646122,1.1051046962162714,0.18996233785986116,0.9113992633144007,4097,0.9985813365038394,8.423194274913829e-05,0.9986211256855003,724.7291459300401,49,1176,1,68,2.1954505192711227,2.2162076977361136,-0.255805154610521,4.923268526228278,14413.383362424063,0,0,10,1,0,34,1,2,89,2,2,35,0.8,0.04,uniform,274,1
1176,15621.804426841658,14355.114354551935,2759,6.040365092284028e-05,11237,2785,34316,0.9015626245489461,0.3682599827907028,0.9999302672737818,14339.969014004748,1.0946520143633962,0.17661212012483257,0.9189152521898639,4097,0.9985734950164447,7.633306922202343e-05,0.9985909884615086,709.2172784768268,49,1176,1,68,2.4019149125825674,2.1775719714325255,-0.254854547760211,5.089195979535515,15621.804426815535,0,0,10,2,0,34,6,1,89,2,2,35,0.8,0.04,uniform,275,1
1176,15074.849401128891,13818.057389984135,2703,6.27034777254325e-05,10855,2719,33070,0.900955080359083,0.36826828636132375,0.99992755560915,13803.191187543087,1.0976759640211808,0.17930527384224373,0.9166298794964651,4097,0.9985192084561411,7.952046656428551e-05,0.9985236307620833,676.8372084330551,49,1176,1,68,2.3108855790920146,2.2916553125500903,-0.252864319055259,5.108269529752623,15074.849401105968,0,0,10,2,1,34,4,5,89,2,2,35,0.8,0.04,uniform,276,1
1176,15080.297954704816,13840.5456203078,2667,6.274590132173061e-05,10852,2705,33105,0.9023273137646748,0.3682624778659619,0.9999276766795261,13826.298783731603,1.0960532508177816,0.17685326961115763,0.9177899310663,4097,0.9985252308308602,7.927021051538162e-05,0.9985494012158587,688.870372739951,49,1176,1,68,2.3124260316390606,2.4584134816004615,-0.2522504912655681,5.275340495770658,15080.297954679216,0,1,10,1,1,34,5,3,89,2,2,35,0.8,0.04,uniform,277,1
1176,14406.739012501917,13141.138571771988,2697,6.549657536364797e-05,10396,2654,31520,0.8971547440785683,0.3683177075216241,0.9999238134268362,13125.172385430178,1.103903347021256,0.1872040576052353,0.9121521921351068,4097,0.9985815006674748,8.41026131135915e-05,0.998581927587008,704.6824879617712,49,1176,1,68,2.1947993607050744,2.2293729752463793,-0.25532632168851405,4.934824979328482,14406.739012474301,0,0,10,1,1,34,2,3,89,2,2,35,0.8,0.04,uniform,278,1
1176,14865.469615027248,13626.419019732426,2668,6.355542015679335e-05,10704,2680,32611,0.9007603620633882,0.3682873236344073,0.9999265363438827,13611.673044504838,1.0976653200908912,0.1794763346933194,0.9166490782072376,4097,0.9985406322275657,8.063850760726431e-05,0.9985480460021513,688.2269332727718,49,1176,1,68,2.2764065481605087,2.304908553923483,-0.2517345428264363,5.084784187736863,14865.469615003236,0,1,10,1,1,34,4,3,89,2,2,35,0.8,0.04,uniform,279,1
1176,14683.4233958175,13416.69027926034,2717,6.423078057628818e-05,10588,2685,32155,0.8978885367938325,0.36832595390299905,0.9999253802350291,13400.77511693062,1.1017456768389158,0.18503859261961514,0.913730396351713,4097,0.9985316848989939,8.221200346373211e-05,0.99854690945375,687.6882388518394,49,1176,1,68,2.2433621821883296,2.2811877576903035,-0.2538186674367549,5.032187274752143,14683.423395795498,0,0,10,2,2,34,2,5,89,2,2,35,0.8,0.04,uniform,280,1
1176,14567.610247013883,13307.66445413292,2705,6.469592359055636e-05,10506,2666,31898,0.8974416225965237,0.3683108694429666,0.9999247674664035,13291.621795222361,1.1020816879436734,0.18568591238597146,0.913510467982267,4097,0.9985659580946677,8.291239761474549e-05,0.9985755262916669,701.5135401136092,49,1176,1,68,2.2249933872521184,2.288881005736745,-0.25249134863066514,5.018857090250194,14567.610246990767,0,0,10,1,1,34,3,5,89,2,2,35,0.8,0.04,uniform,281,1
1176,14192.727843472767,12953.08908369656,2644,6.650621581457916e-05,10239,2609,31061,0.8976131116717737,0.3683097979459702,0.9999227088665704,12937.594644623814,1.1031884745509095,0.18629258794784648,0.9126567652499362,4097,0.9985315250856767,8.526668758459711e-05,0.9985345713345605,681.8940629085882,49,1176,1,68,2.163437622375567,2.3180344478015424,-0.25029160270048323,4.982055275578076,14192.727843447175,0,0,10,0,2,34,1,5,89,2,2,35,0.8,0.04,uniform,282,1
1176,16277.934891972014,15019.522744047694,2760,5.8093792988546675e-05,11688,2849,35838,0.9051343981178874,0.36821819033864045,0.9999333598657213,15005.472158574265,1.089506284857067,0.1695546774401452,0.922692150062294,4097,0.9985114717118878,7.260484512063236e-05,0.9985370299599149,683.0408751463286,49,1176,1,68,2.5195076237384737,2.2213864939653822,-0.24884865040094184,5.23859141850574,16277.934891939763,1,0,10,2,2,34,3,4,89,2,2,35,0.8,0.04,uniform,283,1
1176,14185.472122320813,12943.475540920728,2666,6.635275965455969e-05,10235,2609,31041,0.8961587415276445,0.368354797469577,0.999922646718024,12927.19969103074,1.1036137952342648,0.18793875713202765,0.9124458762676072,4097,0.9985388579064376,8.536814909597381e-05,0.9985647745110929,696.2545071835333,49,1176,1,68,2.162156182242231,2.1486169138022593,-0.25033907665134353,4.8114512493471775,14185.472122294217,0,0,10,0,0,34,2,1,89,2,2,35,0.8,0.04,uniform,284,1
1176,14695.556634868708,13431.669711415214,2716,6.413853375739463e-05,10595,2683,32187,0.897857769529837,0.368303765854331,0.9999254631587806,13415.68430802136,1.1014054141770728,0.184817769580476,0.913995301106552,4097,0.9985574669453463,8.209528047527193e-05,0.9985851821920859,706.3046694627837,49,1176,1,68,2.2435883843736066,2.1363036631070327,-0.2556559412799776,4.891203930040595,14695.556634843075,0,0,10,1,0,34,4,1,89,2,2,35,0.8,0.04,uniform,285,1
1176,14683.947787136745,13428.905401548076,2701,6.420626383581846e-05,10584,2674,32172,0.8982525481742472,0.36830740063248363,0.9999254491903585,13413.170546919791,1.1006572866236057,0.1839423593133515,0.9145296344156102,4097,0.9985880419802794,8.205489185601589e-05,0.9986114025792284,719.6510129905915,49,1176,1,68,2.2434273655797323,2.2051200442973635,-0.25384266624294655,4.956232742362989,14683.947787117353,0,0,10,1,2,34,2,2,89,2,2,35,0.8,0.04,uniform,286,1
1176,14703.537177156759,13442.509549953415,2693,6.427784300560076e-05,10599,2683,32209,0.8992990000248557,0.36828136962416763,0.9999255274700537,13427.269947641884,1.1009537131433094,0.1831532077998084,0.9142364444684465,4097,0.9985632145257926,8.1990808371901e-05,0.9985741890273137,700.8551232416328,49,1176,1,68,2.244278367271145,2.308119325810923,-0.2563231934655922,5.065044080013252,14703.537177132015,0,0,10,1,2,34,3,5,89,2,2,35,0.8,0.04,uniform,287,1
1176,14600.11268019174,13345.916196309166,2692,6.460678623258006e-05,10526,2665,31980,0.898210203384801,0.36831276955594755,0.9999249854324875,13330.244050012307,1.1012335732257057,0.18438213861542926,0.9140967942265154,4097,0.9985737940843471,8.260856022579005e-05,0.9985802617279103,703.8550572439925,49,1176,1,68,2.2287110895401594,2.1694075393581778,-0.2543012710319652,4.906721170962268,14600.112680164093,0,0,10,1,0,34,2,2,89,2,2,35,0.8,0.04,uniform,288,1
1176,14385.12214448451,13140.226489917193,2657,6.563551372814594e-05,10374,2634,31497,0.8984426076051818,0.3683113006124554,0.999923811559071,13124.850608598583,1.102065010536985,0.1847047229292201,0.9134595005823687,4097,0.9985487474094537,8.39646149552611e-05,0.9985913254220384,709.3870457127222,49,1176,1,68,2.1939528741348617,2.4811714025773406,-0.2524964701617746,5.180117217035751,14385.122144464221,0,1,10,0,2,34,3,4,89,2,2,35,0.8,0.04,uniform,289,1
1176,14126.089743988934,12855.506180247037,2682,6.684285693943065e-05,10203,2628,30867,0.896371571390415,0.36834166399893026,0.9999221178294891,12839.409223576542,1.1067879124318807,0.18986145837996463,0.9100541206541204,4097,0.9985451744180648,8.619904491546183e-05,0.9985778563858778,702.6637461989076,49,1176,1,68,2.1483137864691146,2.7672437289883685,-0.25408242849152723,5.423722372440537,14126.089743968574,0,1,10,0,4,34,3,6,89,2,2,35,0.8,0.04,uniform,290,1
1176,14179.614487784413,12921.415876683794,2684,6.645602200827716e-05,10236,2623,31006,0.8958882431305274,0.3683329686436783,0.9999225141025722,12905.074210208712,1.1051981639101651,0.18928582313096293,0.911267079074361,4097,0.9985571698553383,8.563727156630844e-05,0.9985873819785184,707.4053349063072,49,1176,1,68,2.157998998531379,2.2338041600811818,-0.25350006401354186,4.8988032866396445,14179.614487764135,0,0,10,0,1,34,1,2,89,2,2,35,0.8,0.04,uniform,291,1
1176,14624.147987423365,13378.511956934883,2674,6.453798187710399e-05,10539,2660,32047,0.8990645964503093,0.3683024856541364,0.9999251704012894,13363.195873879327,1.100206941058016,0.18284825907804106,0.9148233434481299,4097,0.9985232415933508,8.23280438983449e-05,0.998531161168959,680.3097654720196,49,1176,1,68,2.235093180142808,2.250375902061645,-0.25200681771289685,4.9894827176302465,14624.147987391541,0,0,10,0,1,34,3,4,89,2,2,35,0.8,0.04,uniform,292,1
1176,16117.047568497237,14872.326780692098,2707,5.880909570064733e-05,11571,2820,35486,0.9066140319458891,0.36820440280488487,0.9999327032311741,14859.05443432707,1.0893067317500975,0.16795880191426416,0.9227699252909013,4097,0.9985644981683495,7.33068233075847e-05,0.9985649092954499,696.3199466991124,49,1176,1,68,2.4840506132195355,2.231878896961578,-0.25694387121398476,5.229817252609083,16117.0475684691,0,0,10,1,2,34,8,2,89,2,2,35,0.8,0.04,uniform,293,1
1176,14281.902569952037,13017.59849595433,2684,6.610725752573772e-05,10309,2640,31234,0.897040825919238,0.3683239420169503,0.999923090054927,13001.719655175313,1.1048146981293163,0.1879301435403234,0.9114750945957508,4097,0.9985265856924562,8.497123774916509e-05,0.9985666175355516,697.150385339824,49,1176,1,68,2.173321351249729,3.907417410236873,-0.2555736436357536,6.591886048758109,14281.902569926637,0,2,10,0,2,34,1,5,89,1,2,35,0.8,0.04,uniform,294,1
1176,15918.729413757726,14660.570807517786,2742,5.940143003250936e-05,11439,2810,35011,0.9040246299111256,0.3682263635842251,0.9999317258460805,14646.331080327587,1.0918089944803544,0.1722499282907738,0.9209636288463714,4097,0.9985155531461664,7.45423353401287e-05,0.9985340616585996,681.656808745483,49,1176,1,68,2.455489939164005,3.8696566640662016,-0.2517769679328921,6.8287005390959905,15918.729413729754,1,2,10,3,2,34,4,4,89,1,2,35,0.8,0.04,uniform,295,1
1176,14686.618944806985,13440.828390412024,2663,6.437397998856153e-05,10582,2667,32190,0.9002489904349263,0.36827203722362667,0.9999255204235872,13425.999554655813,1.0996466428137397,0.18132151518383374,0.9151751292059321,4097,0.9984983822576099,8.190121616073733e-05,0.998500524787111,666.3998619616513,49,1176,1,68,2.2477644188455903,2.3997199731429424,-0.2499598914918823,5.147404174972297,14686.618944784337,0,0,10,2,3,34,3,5,89,2,2,35,0.8,0.04,uniform,296,1
1176,19954.66250256547,18637.363230769457,2989,4.755708892729996e-05,14252,3293,44228,0.9144206141351005,0.36811631390115335,0.9999463095366083,18624.781597313002,1.0747258861531115,0.14978955417640963,0.9339853895486003,4097,0.9985411659795885,5.770253084694765e-05,0.9985678819937334,697.7663611435823,49,1176,1,68,3.1406616431693597,2.303069008935721,-0.2529884422938664,5.949707536692813,19954.66250252377,1,0,10,3,1,34,4,4,89,2,1,35,0.8,0.04,uniform,297,1
1175,14603.960263310433,13358.658767864077,2666,6.46933799564698e-05,10525,2658,32001,0.8994528342831022,0.36829122497541983,0.9999250603574421,13343.572181282067,1.1002949366209018,0.18255322199813145,0.9147285069944397,4097,0.9985262752376195,8.245570925888574e-05,0.9985362515506886,682.67737367579,49,1176,0,68,2.2328829414165687,2.2124015162610413,-0.2528975289308952,4.9510795155394005,14603.96026329135,0,0,10,0,1,34,4,4,89,2,2,35,0.8,0.04,uniform,298,1
1176,14571.604488305107,13311.0265633889,2701,6.473597912825159e-05,10508,2667,31906,0.897792614037447,0.36830430149770316,0.9999247877018136,13295.19795952928,1.1020687011991352,0.18536050729127126,0.9134907946528521,4097,0.998558006169541,8.288911977671035e-05,0.9985635967450537,695.6832093425015,49,1176,1,68,2.222122309203402,2.228545417991875,-0.2560417194154667,4.9627511660262105,14571.604488278948,0,0,10,1,1,34,3,2,89,2,2,35,0.8,0.04,uniform,299,1
1176,14201.019538625049,12964.171709530488,2653,6.63299505718723e-05,10244,2606,31084,0.8968514412280728,0.36833073833123703,0.9999227724523405,12948.247303387103,1.1029371476696193,0.1868175726949859,0.9129042935452286,4097,0.998533353443062,8.517713113737329e-05,0.9985487225214706,688.5479864461701,49,1176,1,68,2.1657452586098334,3.1007328504536344,-0.24939411870265646,5.76526634646878,14201.019538597438,0,2,10,0,3,34,2,4,89,1,2,35,0.8,0.04,uniform,300,1
1176,14362.382253878306,13121.460293340506,2657,6.568597506467167e-05,10357,2628,31450,0.8980355009185258,0.36832341644977956,0.99992370164486,13105.94243483255,1.101909853423069,0.1849971650268899,0.9135991551678196,4097,0.9985264643680934,8.407390932875168e-05,0.9985686804307312,698.1558771536962,49,1176,1,68,2.191696163751063,2.2333360213920987,-0.2508858522107296,4.926803889564621,14362.38225385534,0,0,10,0,2,34,2,3,89,2,2,35,0.8,0.04,uniform,301,1
1176,15509.996055121228,14251.480292013588,2732,6.0907168283982254e-05,11157,2767,34070,0.9020789621876456,0.3682571830825459,0.9999297615939967,14236.725137798134,1.0946801496763605,0.17614446775425993,0.9188577638166393,4097,0.9985410273584908,7.688858879690786e-05,0.9985544542002418,691.2801054160619,49,1176,1,68,2.3846455928340617,2.233072094792245,-0.2531088383046696,5.123935364235646,15509.996055095742,0,0,10,2,1,34,4,2,89,2,2,35,0.8,0.04,uniform,302,1
1176,14163.084944050677,12905.81761997776,2675,6.659559281840532e-05,10224,2620,30970,0.8963351527912914,0.3683398539009566,0.9999224217531427,12889.711367345628,1.1052085836977537,0.18887128126161923,0.911229274622049,4097,0.9985290845752622,8.574014433496598e-05,0.9985300654421019,679.802272257946,49,1176,1,68,2.1566307312029394,2.3137541197320153,-0.2520571844492965,4.974499219833548,14163.084944035147,0,0,10,0,1,34,2,6,89,2,2,35,0.8,0.04,uniform,303,1
1176,14802.997471051036,13513.857188302132,2758,6.368657268439229e-05,10678,2717,32401,0.8973401828877854,0.36832444277940846,0.9999259148136548,13497.475086177785,1.1028883908177949,0.18631361691397882,0.9129135646162228,4097,0.9985521595733557,8.170769195213578e-05,0.998563552628588,695.6618280139112,49,1176,1,68,2.2604841604478407,3.1397152539629474,-0.25703241625778356,5.914264246926355,14802.99747102907,0,1,10,1,2,34,3,5,89,1,2,35,0.8,0.04,uniform,304,1
1176,18143.387712118038,16856.20210102287,2863,5.227682751785491e-05,12988,3074,40096,0.9109819348347019,0.3681647911067128,0.9999406309677757,16843.298226809027,1.081057455898173,0.15779853494988652,0.9290548363117738,4097,0.9985458886269264,6.418133493573346e-05,0.998546506005075,687.4972172639077,49,1176,1,68,2.8333450443509585,2.268755675718938,-0.25226511076346425,5.606630941596825,18143.387712072807,2,0,10,5,1,34,5,5,89,2,2,35,0.8,0.04,uniform,305,1
1176,19436.827697729423,18153.175613523217,2898,4.8877080079890046e-05,13882,3208,43079,0.9151116965222984,0.3681131218723094,0.9999448784152903,18141.21354132946,1.0747228130588238,0.1490984045888589,0.9339577371282578,4097,0.9985380313495332,5.924042457945503e-05,0.9985517651532906,689.995624631212,49,1176,1,68,3.052530550974132,2.247518603647787,-0.2530523908089678,5.806153936239855,19436.82769768463,2,0,10,4,1,34,6,6,89,2,2,35,0.8,0.04,uniform,306,1
1176,15511.035117241914,14265.09684353087,2682,6.112018969891547e-05,11152,2757,34089,0.9045333131132984,0.3682276269940106,0.9999298342265907,14251.462901566136,1.0934365282522074,0.17290915659256778,0.9196740730522831,4097,0.9985204237050757,7.67218196791528e-05,0.9985271945723067,678.4761908128886,49,1176,1,68,2.3825591287779764,2.209062861220068,-0.25537201360509004,5.102366017208224,15511.03511721243,0,0,10,3,1,34,7,3,89,2,2,35,0.8,0.04,uniform,307,1
1176,14920.465538734936,13661.68409039064,2718,6.318065325341745e-05,10749,2703,32712,0.8990082531866067,0.3683124350300878,0.9999267211713824,13646.006343196763,1.0991492711948285,0.18216589776933004,0.9156339026368594,4097,0.9985470796094259,8.05443710692384e-05,0.9985549247653366,691.5053723617114,49,1176,1,68,2.2842749053883247,2.170136027177274,-0.2532192338474432,4.960849400260486,14920.465538706316,0,0,10,2,0,34,4,2,89,2,2,35,0.8,0.04,uniform,308,1
1176,15398.161576178887,14138.719578112245,2719,6.140737189220078e-05,11079,2756,33811,0.9022222776146916,0.36826034064538427,0.9999292016317889,14124.11932173942,1.095517355585152,0.17657952129858936,0.9182082879286698,4097,0.9985350861201984,7.756084112238275e-05,0.9985460796827869,687.2954808634815,49,1176,1,68,2.364212310150792,2.223321823168993,-0.2545226517795133,5.0965794368788115,15398.161576150194,1,0,10,1,1,34,7,4,89,2,2,35,0.8,0.04,uniform,309,1
1176,19763.48337979303,18437.53451221361,3002,4.797812416022003e-05,14123,3280,43776,0.9133173898505399,0.36814381372975274,0.9999457260381991,18424.541522171497,1.0761219553460568,0.15189629997459678,0.9329091515853363,4097,0.9985597910206102,5.8405401897519585e-05,0.9985872203602724,707.3243523854359,49,1176,1,68,3.1074758910576676,2.307239781229035,-0.25366073815077034,5.922037148588243,19763.483379745616,2,0,10,3,1,34,4,4,89,2,1,35,0.8,0.04,uniform,310,1
1176,14143.602663603588,12877.544093190278,2699,6.6567653377937e-05,10214,2625,30913,0.8950484331437348,0.3683473505048268,0.9999222471571655,12860.766071320219,1.1063320303808046,0.19082832459267726,0.9104854257768907,4097,0.9985264674870308,8.6020460481579e-05,0.9985852862472399,706.3566564411411,49,1176,1,68,2.1511902057467243,2.213229561020516,-0.25418439690201244,4.872788560571265,14143.602663574573,0,0,10,0,1,34,1,3,89,2,2,35,0.8,0.04,uniform,311,1
1176,14392.01506970619,13133.618108120118,2697,6.54572402224657e-05,10384,2646,31495,0.8965982771644042,0.3683339832879454,0.9999237681308393,13117.373279577196,1.1034103391486434,0.18739557921092828,0.9125628374142771,4097,0.9985676220848254,8.411503260497906e-05,0.998568308824851,697.9745358662506,49,1176,1,68,2.194238807051275,2.2339875485707905,-0.25338280343933217,4.93499196250073,14392.01506968477,0,0,10,1,1,34,2,3,89,2,2,35,0.8,0.04,uniform,312,1
1176,16269.190179331381,15007.555665479016,2762,5.8141035043478323e-05,11683,2851,35814,0.9051385118896503,0.36822468504391104,0.9999333066833056,14993.50613425026,1.0898148105309489,0.16976874506691092,0.9224525314446712,4097,0.9985257075525379,7.268336429725215e-05,0.9985485801977452,688.4804195638857,49,1176,1,68,2.516064260004458,2.296003139784715,-0.2508048181079227,5.313677036005019,16269.190179300798,1,1,10,2,1,34,6,3,89,2,2,35,0.8,0.04,uniform,313,1
1176,14586.736356368663,13322.088941544303,2707,6.468062804945672e-05,10520,2673,31936,0.8977467172529986,0.36830882818059907,0.9999248499809941,13306.216521926932,1.1023243917525938,0.18557955212634705,0.9133015512224428,4097,0.9985168955820634,8.283969899103602e-05,0.9985323897482287,680.8796913528154,49,1176,1,68,2.2268293183312164,2.280576576485881,-0.25390815723768284,5.015222209292463,14586.736356345129,0,0,10,1,1,34,3,5,89,2,2,35,0.8,0.04,uniform,314,1
1176,14580.885619576093,13292.46166098871,2743,6.467589347807526e-05,10524,2692,31891,0.8966889892600086,0.3683307715884662,0.9999246790192977,13276.013266334146,1.104643516977006,0.1881230037438389,0.9116360972712411,4097,0.9985419257258814,8.320283302526793e-05,0.9985599649565451,693.9274249520101,49,1176,1,68,2.2226046323143813,3.076165829632022,-0.2571378199896138,5.8130461019256305,14580.885619547491,0,2,10,1,3,34,3,5,89,2,2,35,0.8,0.04,uniform,315,1
1176,15509.670672106671,14252.240213512057,2727,6.093731588976095e-05,11156,2766,34070,0.9023344592235659,0.36824522463614495,0.9999297659831106,14237.614860540174,1.094570081236437,0.1758257836450626,0.9189260374911741,4097,0.9985572040195732,7.687605357271546e-05,0.998557400586407,692.6930077246487,49,1176,1,68,2.3858755939928207,2.2036064172588117,-0.2518234998990543,5.093129011049742,15509.670672084227,1,0,10,1,0,34,4,4,89,2,2,35,0.8,0.04,uniform,316,1
1176,14891.382782820217,13637.828374905472,2699,6.339943320071931e-05,10727,2696,32652,0.8997666445630937,0.36829787944750925,0.9999265953216514,13622.609889562696,1.0988299943328739,0.181245760676689,0.9158201473834292,4097,0.9985459459203473,8.065926229375036e-05,0.9985507513861845,689.512614339196,49,1176,1,68,2.27878144534698,2.2059537534379294,-0.25376664696473056,4.99226849271437,14891.382782792858,0,0,10,1,0,34,4,4,89,2,2,35,0.8,0.04,uniform,317,1
1176,14507.403702823374,13261.643027930819,2656,6.517913360415597e-05,10458,2648,31778,0.8994731560411113,0.3683025310452458,0.9999245123208104,13246.69490995339,1.1010788964110203,0.18307893365393146,0.9141293162848905,4097,0.9985288847285422,8.311789049500271e-05,0.9985322554757724,680.8173572366406,49,1176,1,68,2.2147573273992265,2.29652404881526,-0.25248820028748936,5.016257776789465,14507.403702797888,0,0,10,0,1,34,4,5,89,2,2,35,0.8,0.04,uniform,318,1
1176,16474.85762662279,15188.328030947867,2804,5.7466474925617945e-05,11833,2895,36255,0.9052101761607787,0.3682159727100144,0.9999341005549639,15174.134613239874,1.0905078457175013,0.1701987394093673,0.9219095166202871,4097,0.9985298242114952,7.186386184035086e-05,0.9985394990751287,684.1964661819516,49,1176,1,68,2.5481605162287213,2.235343638785948,-0.2536860189064138,5.290876192827497,16474.857626594596,2,0,10,2,0,34,4,4,89,2,2,35,0.8,0.04,uniform,319,1
1176,14895.37258387913,13654.652548525368,2680,6.33610074879644e-05,10725,2685,32678,0.900271409758978,0.36829161346318245,0.9999266869260546,13639.631912849518,1.0976351923971859,0.17992164915032025,0.9167043302631744,4097,0.998530680038011,8.047101002540987e-05,0.9985401781922147,684.5149908346776,49,1176,1,68,2.282125946440543,2.1535487490171157,-0.2511006834673366,4.9378760623923315,14895.372583858332,0,0,10,2,1,34,5,2,89,2,2,35,0.8,0.04,uniform,320,1
1176,14658.106105553008,13416.324666926357,2655,6.451540159094411e-05,10561,2661,32130,0.9003542383417111,0.3682827118141789,0.9999253849057177,13401.613997907147,1.0994878279883193,0.18112844735065686,0.9152836369388662,4097,0.998535272473857,8.203838794767197e-05,0.9985392794565339,684.0935223779458,49,1176,1,68,2.2416139806721955,2.380292889469786,-0.25126120734286755,5.124429284827717,14658.106105528572,0,1,10,0,2,34,4,8,89,2,2,35,0.8,0.04,uniform,321,1
1176,16573.423268224073,15301.87293676576,2783,5.713188208027329e-05,11896,2892,36502,0.9062205155743128,0.3682177059011815,0.9999345916025968,15288.056811428365,1.088682119317468,0.16791944277051055,0.9232777495101911,4097,0.9985102455348988,7.120895270593438e-05,0.9985458222254365,687.1737089126041,49,1176,1,68,2.5626255008684917,2.1889531147848507,-0.25598389848286296,5.263546412619068,16573.423268185965,1,0,10,4,1,34,7,3,89,2,2,35,0.8,0.04,uniform,322,1
1176,14375.676943234494,13118.563252748925,2691,6.55632448045588e-05,10372,2643,31459,0.8968132883115537,0.36832096443957485,0.9999236813347259,13102.454512145203,1.1034023657754732,0.18719118484826852,0.9125527308766358,4097,0.9985182439476292,8.421019581632342e-05,0.9985287009033395,679.1713338188538,49,1176,1,68,2.193303946156286,3.1190464204545183,-0.25153907139623227,5.815428509403269,14375.676943208808,0,1,10,2,1,34,2,2,89,1,2,35,0.8,0.04,uniform,323,1
1176,14582.333236166158,13306.838036609533,2739,6.453517189154873e-05,10521,2680,31911,0.896182636467031,0.36835121869656134,0.9999247588455881,13290.098839743987,1.1035027010524807,0.1878300238817002,0.9125314736057997,4097,0.9985884227262833,8.302881712417383e-05,0.998610062736329,718.9568165278936,49,1176,1,68,2.223393106682175,2.148566127223517,-0.25659553891889547,4.885150311743483,14582.333236134295,0,0,10,1,0,34,2,1,89,2,2,35,0.8,0.04,uniform,324,1
1176,14668.390580440584,13432.25089607846,2661,6.434775673569456e-05,10567,2656,32161,0.8996759230078173,0.36830071581340146,0.9999254714158801,13417.170701053821,1.0989668362892113,0.18141049526921402,0.9157276541292511,4097,0.9985174163979345,8.190444230371352e-05,0.9985630686204409,695.4273365710465,49,1176,1,68,2.2444494546305607,2.2011914494950644,-0.2501747937406667,4.945990491606959,14668.390580422818,0,0,10,2,1,34,4,2,89,2,2,35,0.8,0.04,uniform,325,1
1176,13964.500684228406,12705.69923116568,2689,6.732747148763964e-05,10089,2599,30510,0.8939035506852797,0.3683614806713046,0.9999211920254389,12688.571189206423,1.1072795981926882,0.19255969553118168,0.9098570381048837,4097,0.998546654585311,8.726246240620182e-05,0.9985641452479559,695.9491545167459,49,1176,1,68,2.1226551054277274,2.31757846086913,-0.252259976920484,4.944753520137826,13964.500684207484,0,1,10,0,1,34,0,1,89,2,2,35,0.8,0.04,uniform,326,1
1176,16166.341223873094,14900.659457409887,2762,5.8519647248719885e-05,11613,2844,35572,0.9047415083968824,0.3682331733924937,0.9999328273968621,14886.521686066963,1.0907983481282248,0.17084880009345035,0.9217088301591609,4097,0.99853975486028,7.327176454258318e-05,0.9985465470822993,687.5166613240633,49,1176,1,68,2.498675621244302,2.261721700087104,-0.2507021379125903,5.261801597156587,16166.341223842528,1,0,10,2,2,34,3,5,89,2,2,35,0.8,0.04,uniform,327,1
1176,14386.382648304754,13145.842234368065,2659,6.555239773717943e-05,10373,2630,31506,0.898043070373829,0.3683243062742502,0.9999238429897711,13130.26756179238,1.1016896073543336,0.18482755985315935,0.9137698166201028,4097,0.9985309009256297,8.390138669653984e-05,0.9985675740313695,697.6162383187627,49,1176,1,68,2.1969278063418365,2.2076302732672026,-0.24973590935100895,4.904029898311057,14386.382648273931,0,0,10,1,1,34,3,4,89,2,2,35,0.8,0.04,uniform,328,1
1176,16043.634359520813,14774.986735661825,2759,5.898536591495993e-05,11529,2833,35285,0.904342766642342,0.36821977183674703,0.9999322552998742,14760.802327121868,1.0918324955581484,0.17196851649531142,0.9209251722253237,4097,0.9985453576212285,7.396586499961417e-05,0.9985517044727376,689.9666942988044,49,1176,1,68,2.476424829439865,3.174741597493674,-0.2520844153716397,6.1553352576768186,16043.634359491647,1,1,10,1,3,34,4,4,89,1,2,35,0.8,0.04,uniform,329,1
1176,14413.543871067724,13164.963797748373,2676,6.53973731554439e-05,10395,2639,31558,0.8975683953694044,0.3683078400425483,0.9999239522212525,13149.127983725879,1.1022551266535252,0.18565871266202125,0.9133745257593711,4097,0.9985339572630934,8.382405399539895e-05,0.9985424689164764,685.5915929286741,49,1176,1,68,2.2008967294361206,2.19009236532286,-0.2503862418302349,4.89176157841945,14413.54387104617,0,0,10,1,0,34,4,3,89,2,2,35,0.8,0.04,uniform,330,1
1176,14330.967409499313,13068.701851163303,2683,6.58889747064019e-05,10342,2643,31350,0.8973523946313399,0.36832112904434394,0.9999233917232161,13052.919832581054,1.104193475189784,0.18721694937506922,0.9119204222389541,4097,0.9985248709529414,8.459035937048542e-05,0.9985332678398159,681.2876144937105,49,1176,1,68,2.1831920941344154,2.484784858857212,-0.2540472612183453,5.1760714754283175,14330.967409474231,0,1,10,0,2,34,3,6,89,2,2,35,0.8,0.04,uniform,331,1
1176,15067.349511133463,13831.712019937557,2656,6.2825466035708e-05,10842,2700,33080,0.9027097831403245,0.368258367853453,0.9999276315348089,13817.673384262569,1.0957560928536063,0.17627519677813583,0.9179923788000751,4097,0.9985296134199348,7.929818666385385e-05,0.9985310881496592,680.2759225492632,49,1176,1,68,2.313641423175795,3.975838130651153,-0.24883298347574392,6.787145520778436,15067.34951111105,0,3,10,3,3,34,5,7,89,1,2,35,0.8,0.04,uniform,332,1
1176,16389.352218918666,15130.333594703063,2753,5.7763490581028636e-05,11765,2861,36094,0.9062325623743349,0.36821649739955553,0.9999338499871895,15116.65504122082,1.0888087553174948,0.16797491220074817,0.9231806963815028,4097,0.9985070878925915,7.202471311263081e-05,0.9985259982045767,677.925102272319,49,1176,1,68,2.5360355568618815,2.4217767253523332,-0.2512692422701943,5.460350766754604,16389.352218896605,1,1,10,4,3,34,8,6,89,2,2,35,0.8,0.04,uniform,333,1
1176,14169.034868754825,12916.001682997312,2669,6.655960161609219e-05,10227,2617,30989,0.8965277561204542,0.3683358170592388,0.9999224834565869,12899.972021429649,1.1047446968503518,0.18836851096228205,0.9115653820204319,4097,0.9985425714570554,8.563599025415213e-05,0.9985653311101366,696.5248225352801,49,1176,1,68,2.1562191763074567,2.17516165106038,-0.25348063130007165,4.83834208996798,14169.034868732266,0,0,10,0,0,34,0,2,89,2,2,35,0.8,0.04,uniform,334,1
1176,14384.618879006039,13123.049178875186,2701,6.548721344338668e-05,10380,2647,31474,0.8964580979367505,0.3683252083283322,0.9999237062762307,13106.738054589261,1.103777150884293,0.18777000786180273,0.9122973148790143,4097,0.9985943521501159,8.42112690522919e-05,0.9985971490444484,712.333984200721,49,1176,1,68,2.191376084715372,3.063365846835804,-0.2549876702140887,5.764717271979353,14384.618878985228,0,1,10,0,2,34,2,3,89,1,2,35,0.8,0.04,uniform,335,1
1176,20228.73098511058,18927.141450084004,2958,4.697484516109399e-05,14437,3308,44880,0.9163979535684186,0.3681005391934266,0.9999471339492507,18915.231090065237,1.0725687110411974,0.14622766016203614,0.9356563920898145,4097,0.9985221237499823,5.67024719101743e-05,0.9985293836743063,679.4868886057917,49,1176,1,68,3.190821722353539,2.351004378064653,-0.24943864925595485,6.040703398930101,20228.730985063823,2,1,10,2,1,34,6,3,89,2,1,35,0.8,0.04,uniform,336,1
1176,14484.881450430177,13230.419074895863,2696,6.50251126285267e-05,10447,2652,31714,0.8971011010761021,0.36832326091381884,0.9999243272801325,13214.301863517114,1.1022643043030351,0.1861250994166703,0.913395054020476,4097,0.9985449774046781,8.341133791985934e-05,0.998571741910849,699.6534508930858,49,1176,1,68,2.2104696509363433,2.3227914032073214,-0.25294556171777854,5.039152177579222,14484.881450406236,0,1,10,1,2,34,3,3,89,2,2,35,0.8,0.04,uniform,337,1
1176,14601.71012112272,13342.947261921969,2686,6.470088797116448e-05,10528,2669,31978,0.8988977654273953,0.36829249470030506,0.9999249705221509,13327.59487948326,1.101578007470789,0.18395105626117406,0.9137934633163389,4097,0.9985481012374585,8.265082271077383e-05,0.9985559563251368,691.9997100225014,49,1176,1,68,2.230403877415917,3.1907637372238296,-0.2528801567853962,5.926927928210539,14601.71012110372,0,1,10,1,3,34,2,8,89,1,2,35,0.8,0.04,uniform,338,1
1176,14226.701501142019,12969.276834834045,2679,6.628754862715817e-05,10268,2627,31116,0.8965431436746901,0.3683259603217583,0.9999228019561306,12953.196096173024,1.1046759061773515,0.18830788006516821,0.9116151648920843,4097,0.9985584798389638,8.527881906705754e-05,0.9985912986585056,709.3735587577607,49,1176,1,68,2.164810650842219,3.075701868095939,-0.2546964071707372,5.749905333279632,14226.701501116182,0,1,10,0,2,34,1,5,89,1,2,35,0.8,0.04,uniform,339,1
1176,19755.338268461735,18448.475770605375,2961,4.803601733754385e-05,14111,3262,43783,0.9144393701235874,0.3681297335183762,0.9999457598271883,18436.01942676394,1.0748958877779822,0.1498835383004839,0.933847627405971,4097,0.9985766360449986,5.830253870784151e-05,0.9985823303657274,704.8828397135791,49,1176,1,68,3.1069250280803113,2.1175250053210806,-0.25282637811290387,5.7301027896272,19755.338268416104,1,0,10,1,0,34,5,0,89,2,1,35,0.8,0.04,uniform,340,1
1176,14649.387245861035,13412.540775966881,2656,6.446935930390875e-05,10554,2655,32116,0.8999170921175854,0.3682972080637257,0.999925362558345,13397.601239290034,1.0991527454509409,0.18130451161023223,0.9155700884182985,4097,0.9985105745941752,8.203794890864833e-05,0.9985245388249027,677.2540712886569,49,1176,1,68,2.242161014348658,2.233698646046884,-0.2492313743996447,4.974322409194832,14649.38724584002,0,0,10,2,2,34,4,5,89,2,2,35,0.8,0.04,uniform,341,1
1176,14760.341568748841,13494.663890464559,2720,6.38830646046105e-05,10641,2692,32334,0.8981691449767557,0.3683201505405307,0.9999258120826509,13478.783895180832,1.101035979078508,0.18427757835624128,0.9142514641419935,4097,0.9985197694345415,8.16835662146708e-05,0.9985531685494284,690.6653911277698,49,1176,1,68,2.258435198139457,2.470973286873614,-0.25182697341149224,5.233062431836055,14760.34156871958,1,1,10,1,2,34,1,4,89,2,2,35,0.8,0.04,uniform,342,1
1176,15391.373005585918,14123.461838551944,2732,6.143863605539592e-05,11077,2762,33784,0.9018423434525419,0.36827058289475384,0.9999291242655615,14108.701230903393,1.0963097382798777,0.17750203305504247,0.9176219583156215,4097,0.9985334247909063,7.770175787305005e-05,0.9985579304478832,692.9477086143328,49,1176,1,68,2.3621402203026025,2.3537674785646643,-0.2554402228199818,5.22678814450723,15391.373005560796,0,0,10,2,3,34,5,5,89,2,2,35,0.8,0.04,uniform,343,1
1176,15775.353546771561,14492.995704942348,2775,5.993236859118259e-05,11348,2816,34650,0.9024432436860986,0.36826251012943456,0.9999309327358542,14478.139221781763,1.094846824183927,0.17590730957455505,0.918711308876393,4097,0.9985402850537981,7.561807480550263e-05,0.9985430892419854,685.8837180743874,49,1176,1,68,2.4302322096529205,2.395032960921141,-0.25265104659566157,5.330567263765385,15775.353546741664,1,0,10,1,2,34,2,5,89,2,2,35,0.8,0.04,uniform,344,1
1176,14565.67975468676,13331.992972880047,2661,6.474589729677005e-05,10495,2643,31927,0.8988093972662369,0.36829092602518354,0.9999249090310207,13316.680655984772,1.0995863121839964,0.18268972302125325,0.9153018051622511,4097,0.9985190116573753,8.256900165859397e-05,0.9985434516290438,686.0544893783409,49,1176,1,68,2.228393855473844,2.4895691832713274,-0.24876256538690655,5.215488169518984,14565.679754661214,0,1,10,1,2,34,1,4,89,2,2,35,0.8,0.04,uniform,345,1
1176,14285.63312233836,13007.738027184245,2716,6.598751554671498e-05,10316,2651,31225,0.8956975525691834,0.36833762245020646,0.9999230275007898,12991.15298991945,1.1061838704122804,0.19012108016080903,0.9105468351167525,4097,0.9985691394808316,8.514573709171726e-05,0.9985696633598109,698.6359944867098,49,1176,1,68,2.173426390920551,2.2692565362919463,-0.25610305164928143,4.95488903051106,14285.633122310614,0,0,10,1,1,34,2,3,89,2,2,35,0.8,0.04,uniform,346,1
1176,19983.313980826875,18656.642953785005,2988,4.7542984374854415e-05,14275,3304,44282,0.9150015124421009,0.3681251374385949,0.9999463655944543,18644.24845176754,1.075163472932277,0.14952474864113413,0.9336110602918638,4097,0.998529343025368,5.7665753735271874e-05,0.9985583822379843,693.1650289937903,49,1176,1,68,3.1433327098673027,2.2678020008941626,-0.2551900759805466,5.9215148627225584,19983.313980785355,1,0,10,4,2,34,6,4,89,2,1,35,0.8,0.04,uniform,347,1
1176,14835.091102806116,13580.446719485075,2693,6.367013575116555e-05,10688,2691,32521,0.8998294805800993,0.36828993553111355,0.9999262851783554,13565.292838350071,1.0993453916037126,0.18152905036697808,0.9154272545664569,4097,0.9985195263150534,8.103804946804891e-05,0.9985416794801145,685.2201890872991,49,1176,1,68,2.2679890546685946,2.1791357891890866,-0.2549856226756237,4.957096089208928,14835.091102784003,0,0,10,0,0,34,4,3,89,2,2,35,0.8,0.04,uniform,348,1
1176,14477.310674479248,13221.160332527694,2690,6.513560820219909e-05,10442,2653,31695,0.8975643253795634,0.3683281322353666,0.9999242756639929,13205.294230116953,1.1024353055845053,0.18580799020511177,0.9132331708425717,4097,0.9985155486029289,8.348118150650438e-05,0.9985532490243079,690.7038369086096,49,1176,1,68,2.2090619914749188,2.2127502697706447,-0.2530656742484325,4.927943609742428,14477.310674453305,0,0,10,1,1,34,4,3,89,2,2,35,0.8,0.04,uniform,349,1
1176,16221.061255324887,14948.587363422777,2774,5.832689950018443e-05,11653,2855,35689,0.9047118791628083,0.3682264901757108,0.9999330427283346,14934.397655683048,1.0909983551770455,0.17101223873927357,0.9215542144947887,4097,0.9985580183462279,7.305027325401628e-05,0.9985582769225703,693.1143579278826,49,1176,1,68,2.5059352710830307,3.32572527312202,-0.2527486158718753,6.337157775948801,16221.061255294848,1,2,10,1,3,34,3,4,89,1,2,35,0.8,0.04,uniform,350,1
1176,14061.0552605541,12774.719415854917,2730,6.693973205217107e-05,10164,2634,30696,0.893534503432622,0.36838321684739356,0.9999216166226554,12757.30699129814,1.1091127081935956,0.1941532800641607,0.9085178302152201,4097,0.9985453702773223,8.693599992424695e-05,0.9985670162343263,697.3444925277611,49,1176,1,68,2.1340979440043877,2.3536350210077175,-0.2572379846581394,5.002208934328384,14061.055260535659,0,0,10,0,2,34,1,4,89,2,2,35,0.8,0.04,uniform,351,1
1176,15274.445895429695,14002.492541869702,2744,6.183994497902602e-05,10998,2753,33510,0.9005468874678394,0.3682890305652223,0.9999285088778354,13987.250776537501,1.0975793833497396,0.17964645125497083,0.9167267105944198,4097,0.9985708683345759,7.846718178063062e-05,0.9985708714836341,699.2270142089517,49,1176,1,68,2.342098970702538,2.1992777661411327,-0.25559590946944677,5.052568555782564,15274.44589541127,1,0,10,1,0,34,4,1,89,2,2,35,0.8,0.04,uniform,352,1
1176,14540.053253833303,13270.896413867225,2726,6.476412156966103e-05,10490,2671,31822,0.8963929273250647,0.3683379761428985,0.9999245561087589,13254.38363702398,1.1032288640856525,0.187482119385039,0.9127130542227223,4097,0.9985739546509645,8.323187843639871e-05,0.9986140025133456,721.0019142786724,49,1176,1,68,2.215281452715861,2.1582667574142387,-0.2575167196999696,4.888581649530039,14540.053253805083,0,0,10,1,0,34,2,1,89,2,2,35,0.8,0.04,uniform,353,1
1176,16553.164751024673,15277.690726484874,2810,5.7063334568829054e-05,11884,2893,36450,0.9047095721159564,0.36822951695167255,0.9999344849937791,15263.178618467453,1.0892142624901167,0.16975605826831727,0.9229468174983975,4097,0.9985294029399268,7.135987918299028e-05,0.998578032269981,702.7507210043144,49,1176,1,68,2.561992905211581,2.1544692655933373,-0.25317116808612083,5.222804506977161,16553.164750990483,1,0,10,4,0,34,4,0,89,2,2,35,0.8,0.04,uniform,354,1
1176,15154.102486213624,13864.679831451771,2777,6.220721835734716e-05,10921,2755,33210,0.8985798228036055,0.3683094636687116,0.9999277927666456,13848.528042064381,1.1001385885335861,0.1832507073596977,0.9149126346522403,4097,0.9985501335484197,7.943796378510639e-05,0.9985721508527539,699.8539778072316,49,1176,1,68,2.3206847078677835,2.182466017136147,-0.25654360610886373,5.016237937221658,15154.102486182686,1,0,10,1,0,34,4,1,89,2,2,35,0.8,0.04,uniform,355,1
1176,15413.565823763438,14161.478943456117,2715,6.129159892772502e-05,11088,2751,33856,0.9021479161303688,0.3682461155250199,0.9999293151905303,14146.811241070438,1.0947985673902236,0.17614353687154105,0.9187672148921601,4097,0.9985340893066279,7.738562814360448e-05,0.9985532570064772,690.7076505147903,49,1176,1,68,2.3718644310189507,2.345056142625939,-0.24949030090933083,5.215901175463552,15413.565823738296,1,1,10,2,2,34,4,3,89,2,2,35,0.8,0.04,uniform,356,1
1176,14457.593734953887,13197.317883470918,2692,6.524901030864337e-05,10429,2655,31644,0.8975340369382709,0.3683091283697058,0.9999241386560406,13181.444153998056,1.1029762908269214,0.18619972654865766,0.9128294877704288,4097,0.9985394869633878,8.367326377757931e-05,0.9985614706125935,694.6542569675888,49,1176,1,68,2.203599360080962,2.147829201547208,-0.2551750846351549,4.86177873089848,14457.593734930768,0,0,10,0,0,34,2,0,89,2,2,35,0.8,0.04,uniform,357,1
1176,16062.151815142865,14794.790910264921,2773,5.880583683019239e-05,11542,2833,35330,0.9035213810636255,0.368243690165012,0.9999323440496728,14780.165924907215,1.0916783448077567,0.17264187463261974,0.9210964433991268,4097,0.9985126407177146,7.385853586985475e-05,0.9985605570694891,694.2130768528311,49,1176,1,68,2.48023561533059,2.124238021478106,-0.2514228566274579,5.107319350063612,16062.151815113322,1,0,10,1,0,34,3,0,89,2,2,35,0.8,0.04,uniform,358,1
1176,14489.987759869164,13229.563474717643,2707,6.498688027783443e-05,10452,2658,31718,0.8967538294856832,0.36833193698983524,0.9999243212631297,13213.251191915302,1.102803582541088,0.18681865332538022,0.913014123542441,4097,0.9985688116505153,8.345878214308339e-05,0.9985780859784062,702.7772841445313,49,1176,1,68,2.2106403507023518,2.1457713572624817,-0.25364328192447566,4.863698271813784,14489.987759845744,0,0,10,1,0,34,3,0,89,2,2,35,0.8,0.04,uniform,359,1
1176,14296.888504026427,13051.167549248485,2678,6.582488179167113e-05,10314,2624,31293,0.8963929976790201,0.3683351025738674,0.9999232856301808,13034.867452890032,1.1030347742294584,0.18731348427637215,0.9128676876491616,4097,0.9985838584982772,8.461861759371107e-05,0.998593367976276,710.4178648954487,49,1176,1,68,2.1805513304937976,2.1527835953990864,-0.2508922926362574,4.835119511165399,14296.888504004723,0,0,10,0,0,34,3,2,89,2,2,35,0.8,0.04,uniform,360,1
1176,14489.03759162208,13234.233419817863,2675,6.519825868943414e-05,10449,2654,31723,0.898587553376025,0.36830579079498765,0.9999243533536536,13218.856677675501,1.1021292431951586,0.18462233830815314,0.9133963064234317,4097,0.9985399451664929,8.337238108821936e-05,0.9985555866672988,691.8224837196792,49,1176,1,68,2.211865041046537,3.3931496751490733,-0.2522569983410071,6.109528712877625,14489.037591598759,0,1,10,1,3,34,4,6,89,1,2,35,0.8,0.04,uniform,361,1
1176,14794.594843578367,13536.491287166647,2709,6.373037179586183e-05,10662,2689,32423,0.8986766582905193,0.3682931269851982,0.9999260426218195,13520.801378526108,1.1000589365776987,0.18310741379821216,0.9149619459192015,4097,0.9985214145122332,8.13574747933551e-05,0.9985528484861874,690.5125275814673,49,1176,1,68,2.2640388850970687,2.1992239603224144,-0.25204867333059283,4.967360192080669,14794.59484355465,1,0,10,1,1,34,4,2,89,2,2,35,0.8,0.04,uniform,362,1
1176,19673.2530464092,18356.55503018608,2977,4.8220948787838615e-05,14057,3263,43581,0.913730244657113,0.3681348859716602,0.9999454872353791,18343.827364557328,1.0758951147551954,0.1513222034493867,0.9330716677553512,4097,0.9985308528048545,5.8650017147656006e-05,0.9985575233146289,692.7519857141621,49,1176,1,68,3.093207148407098,2.2180989011473304,-0.25258418600857596,5.81647442157158,19673.253046364163,1,0,10,2,0,34,4,5,89,2,1,35,0.8,0.04,uniform,363,1
1176,14612.905643729906,13370.654794642393,2666,6.461273605615426e-05,10530,2656,32025,0.8993243267110167,0.3682916274668573,0.9999251272345814,13355.491246506304,1.0999629463909169,0.18244147091608198,0.9149894703097233,4097,0.998519955778271,8.235726765444415e-05,0.9985239529154268,676.9850401167743,49,1176,1,68,2.2349461962947488,2.349845159971202,-0.25024183834774394,5.085275032961439,14612.905643697857,0,1,10,1,1,34,4,4,89,2,2,35,0.8,0.04,uniform,364,1
1176,14492.734524930358,13245.08133732802,2679,6.506077723868341e-05,10449,2647,31741,0.8979096319036097,0.36830684446924894,0.9999244134503729,13229.367012805673,1.101506067567445,0.1848512435932358,0.9139118166101691,4097,0.9985420853744532,8.325904304110347e-05,0.9985513498813431,689.7976861784113,49,1176,1,68,2.2125904734936115,2.1928418031592987,-0.25216029604777124,4.909752868748452,14492.73452490333,0,0,10,0,0,34,4,3,89,2,2,35,0.8,0.04,uniform,365,1
1176,14726.096112467978,13446.935046859066,2742,6.398525672416771e-05,10622,2699,32237,0.8972481153914251,0.3683288766822551,0.9999255457879982,13430.573577325164,1.1026038191864151,0.18620006137800918,0.9131364445919988,4097,0.9985388028858747,8.209349850788563e-05,0.9985707347168932,699.1600571387564,49,1176,1,68,2.2486070667333915,2.2477493654733887,-0.2558310476288744,5.008018527464529,14726.096112450123,0,0,10,2,1,34,3,3,89,2,2,35,0.8,0.04,uniform,366,1
1176,14334.597261969486,13092.675882996917,2664,6.576215516142236e-05,10338,2625,31385,0.8974181503819675,0.3683097210299929,0.9999235322319802,13076.905361867806,1.1022750881194963,0.1858440771871384,0.9133619622319311,4097,0.998538740754854,8.428851573230056e-05,0.9985810181424124,704.2305268500612,49,1176,1,68,2.1860787163241033,2.196216094630466,-0.2517779608787174,4.885850732712004,14334.597261952587,0,0,10,0,1,34,2,3,89,2,2,35,0.8,0.04,uniform,367,1
1176,14613.5654355484,13346.358905753854,2711,6.456708765731273e-05,10539,2678,31994,0.8978225117002623,0.368303235008537,0.9999249868177468,13330.490227228665,1.1023398884427824,0.1855125644700865,0.9132856019714403,4097,0.9985590553261955,8.26900229568328e-05,0.998596693840188,712.1027551343801,49,1176,1,68,2.2287934043987665,2.1955827660984175,-0.2565068397379823,4.937389849973148,14613.565435524082,0,0,10,1,0,34,3,3,89,2,2,35,0.8,0.04,uniform,368,1
1176,14825.180789081176,13557.264090434464,2736,6.352423846243077e-05,10687,2700,32480,0.8976991042696634,0.3683235315958721,0.9999261531554149,13541.039996241563,1.1007880483216737,0.18455086915466679,0.9144754646378047,4097,0.9985483845845402,8.128972392544804e-05,0.9985731271697126,700.3331849822767,49,1176,1,68,2.2690434790105187,2.20612745350124,-0.2522457708283841,4.979662474168527,14825.180789052749,1,0,10,1,0,34,2,2,89,2,2,35,0.8,0.04,uniform,369,1
1176,15635.924253193869,14373.18816478294,2734,6.049025201306038e-05,11245,2784,34354,0.903002248631831,0.368243803279756,0.999930358448289,14358.743512352568,1.0941121034668757,0.1748537506148087,0.919241352927826,4097,0.9985508018781878,7.61956646314521e-05,0.9985634795822853,695.6264285413532,49,1176,1,68,2.4021577252639967,2.214259926170414,-0.2570130660903476,5.130443783615106,15635.924253163545,0,0,10,1,0,34,5,3,89,2,2,35,0.8,0.04,uniform,370,1
1176,15325.83505446312,14081.74898565799,2700,6.164094545583817e-05,11024,2734,33664,0.902076451833923,0.36825260260855996,0.9999289150642553,14067.178181075273,1.0947218279137956,0.17617310837582834,0.9188242556190873,4097,0.998490859852639,7.781823079598811e-05,0.998524127133082,677.0650130606949,49,1176,1,68,2.3581992695189165,2.2683435343117435,-0.24823526354871292,5.123013330928085,15325.83505443766,1,0,10,2,1,34,3,5,89,2,2,35,0.8,0.04,uniform,371,1
1176,15059.513380206452,13802.811895150146,2697,6.279909886347507e-05,10844,2717,33035,0.9012285282090166,0.36825577074322396,0.9999274762705056,13788.09039011346,1.0977574538329378,0.1790894520897877,0.9165509898408764,4097,0.9985122993502341,7.96134646326547e-05,0.998529129243362,679.3692645604134,49,1176,1,68,2.3089253205025915,2.3846894244550465,-0.25221641082046203,5.198047566598562,15059.513380179553,0,1,10,2,3,34,3,5,89,2,2,35,0.8,0.04,uniform,372,1
1176,16515.902618490385,15246.261600766022,2784,5.7275237349512694e-05,11856,2884,36372,0.905707740112104,0.3682114981757894,0.9999343519502727,15232.24497558893,1.0889141395780015,0.16856481079533442,0.9231261501685692,4097,0.9985407554831593,7.14850895838311e-05,0.9985413008604289,685.0422036155188,49,1176,1,68,2.5584685677683616,2.259246702526579,-0.250358408160872,5.318432086616685,16515.902618463893,1,0,10,3,2,34,4,3,89,2,2,35,0.8,0.04,uniform,373,1
1176,19807.91085623807,18504.756380447743,2954,4.792108233033018e-05,14146,3265,43908,0.9148477088586963,0.36811723977141103,0.9999459253603427,18492.457254880996,1.0744249821213006,0.14913233512809868,0.9342104028411493,4097,0.9985403584946699,5.8099143747187934e-05,0.9985640309194603,695.8937048468754,49,1176,1,68,3.117434761724945,3.9394230214488535,-0.25125756075689515,7.559372904687589,19807.91085619322,1,2,10,2,2,34,5,4,89,1,1,35,0.8,0.04,uniform,374,1
1176,15133.772290738521,13862.576755943212,2748,6.229538498968515e-05,10901,2737,33187,0.8992593742513882,0.3682900914337872,0.999927783806326,13846.809705619811,1.098642119904791,0.18158063615650574,0.9160027314820081,4097,0.9985517669507405,7.933975210957146e-05,0.9985537646760793,690.9502840817978,49,1176,1,68,2.322371210441514,2.272976912247538,-0.251399587297832,5.098147297284715,15133.772290707353,1,0,10,2,1,34,3,3,89,2,2,35,0.8,0.04,uniform,375,1
1176,14203.156094635244,12940.62316003058,2687,6.638626611013021e-05,10254,2629,31055,0.896127621335666,0.36834518193955884,0.9999226297567849,12924.365658251212,1.1053889800904153,0.18918330419637663,0.9111089868904882,4097,0.9985477121113084,8.552421423717451e-05,0.9985511835844344,689.7184529434412,49,1176,1,68,2.162746824748837,2.299189109207016,-0.2527559124296071,4.967447758815068,14203.15609460925,0,0,10,0,0,34,3,6,89,2,2,35,0.8,0.04,uniform,376,1
1176,14055.422174636376,12783.113724871331,2708,6.695956154326761e-05,10156,2621,30702,0.89414098175645,0.36838393576233824,0.9999216701211432,12766.020440006507,1.107760030995284,0.19266585993316546,0.9094791722399501,4097,0.998574026193241,8.677070903057518e-05,0.9985782697105691,702.8681696669277,49,1176,1,68,2.1347265516399827,2.2739818212823817,-0.25565136921325926,4.920011111348883,14055.422174617064,0,0,10,0,2,34,1,2,89,2,2,35,0.8,0.04,uniform,377,1
1176,15412.32759962785,14140.225056281526,2745,6.130680025067014e-05,11093,2768,33827,0.9013858276220174,0.36827623568381906,0.999929207032037,14125.196779733404,1.0965598408908765,0.178104182009879,0.9174620098668912,4097,0.998556594349877,7.762872568585866e-05,0.9985568284748109,692.4182074747393,49,1176,1,68,2.3652826689130264,2.2256846403844324,-0.25586148067836567,5.10269027065419,15412.327599597384,0,0,10,3,0,34,5,5,89,2,2,35,0.8,0.04,uniform,378,1
1176,15241.64792717435,13979.32149684689,2712,6.207394240662511e-05,10972,2742,33447,0.9018137597130627,0.36825165406404026,0.9999283934449982,13964.701922466722,1.0968884151245113,0.1779335156512028,0.9171791372980832,4097,0.9985729363531598,7.854440062872232e-05,0.9985736647966703,700.59734935276,49,1176,1,68,2.3378481926323276,2.387566223573879,-0.2542688017807382,5.233952019767683,15241.647927148826,0,1,10,2,1,34,5,7,89,2,2,35,0.8,0.04,uniform,379,1
1176,14779.53373385453,13532.418118549367,2685,6.385717467431613e-05,10647,2678,32402,0.8995194578580864,0.3682788841732686,0.9999260227677041,13517.17251233054,1.0991192174695932,0.18167014253295707,0.9156187442876851,4097,0.9985307294409481,8.130979767155754e-05,0.9985420984571959,685.4172539349246,49,1176,1,68,2.2642848240615674,2.3601337667331865,-0.2492413211478229,5.1229012330904,14779.533733831217,0,1,10,2,1,34,3,4,89,2,2,35,0.8,0.04,uniform,380,1
1176,14254.272146602545,13004.06281567819,2671,6.61418344457525e-05,10285,2624,31189,0.8968513429043851,0.3683377323039959,0.9999230093571128,12988.091366493452,1.1037482205399876,0.18738241928660127,0.9122923066105246,4097,0.9985055023841141,8.497828508542379e-05,0.9985425999332114,685.6532709224773,49,1176,1,68,2.1724340484382547,2.248084841955036,-0.25176189485748923,4.924042680108269,14254.272146578975,0,0,10,0,0,34,3,6,89,2,2,35,0.8,0.04,uniform,381,1
1176,15390.241608302313,14123.15068109369,2732,6.14247537410737e-05,11076,2761,33783,0.9017803301728721,0.36826862956048473,0.9999291224397188,14108.337770564476,1.0962570282925972,0.1775150819286823,0.9176691984793087,4097,0.9985321223804686,7.770002360694587e-05,0.9985724229804607,699.9874807875627,49,1176,1,68,2.360151373878956,2.2091595506705484,-0.2572366547387095,5.083784234026924,15390.241608271874,0,0,10,1,1,34,7,3,89,2,2,35,0.8,0.04,uniform,382,1
1176,16632.514792132846,15383.985984594628,2753,5.689937592486862e-05,11930,2878,36668,0.9070866521429031,0.3681855370831973,0.9999349425079215,15370.519811834847,1.0865072306171013,0.16551916739025926,0.9249344538007704,4097,0.9985105747504499,7.068543554901716e-05,0.998510806255183,671.0041736741599,49,1176,1,68,2.5815446291233677,2.461349512746309,-0.24711434912583802,5.537122840121353,16632.51479210533,1,1,10,3,1,34,6,3,89,2,2,35,0.8,0.04,uniform,383,1
1176,14532.011390713416,13262.902862223838,2704,6.49677352570032e-05,10483,2671,31804,0.8978116443663197,0.368316719997551,0.9999245145715165,13247.089894045539,1.1031652988925627,0.18607197085793456,0.9126680750263798,4097,0.9985912692317777,8.327290527499986e-05,0.9986010499249828,714.321675666351,49,1176,1,68,2.2137968178652128,2.1764495797136787,-0.25763369075491754,4.905513779088727,14532.011390686366,0,0,10,0,0,34,2,2,89,2,2,35,0.8,0.04,uniform,384,1
1176,14093.081518273955,12832.08274468451,2681,6.687284263980704e-05,10177,2616,30803,0.8956011975330338,0.3683522911362297,0.9999219734611817,12815.65223022554,1.106227333925906,0.19023518713942375,0.9105235592404431,4097,0.9985292272750378,8.63150900127528e-05,0.9985565358716036,692.2777466511401,49,1176,1,68,2.143792619379916,2.4225866695400917,-0.2529899517515871,5.072359192423182,14093.08151825324,0,0,10,0,2,34,2,4,89,2,2,35,0.8,0.04,uniform,385,1
1176,14486.823595498483,13232.61459994445,2691,6.50606362207756e-05,10448,2652,31719,0.8974422752342425,0.36831583415368124,0.9999243409735257,13216.693587103107,1.1021902302893951,0.18575500573059917,0.9134241549028211,4097,0.9985571806204898,8.339063981360267e-05,0.9985615830030219,694.708572727128,49,1176,1,68,2.21154719209225,2.3741987657973946,-0.25219831734160303,5.0901425925728505,14486.823595471056,0,1,10,1,3,34,2,3,89,2,2,35,0.8,0.04,uniform,386,1
1176,14533.857804035495,13276.756790728492,2692,6.49056743732395e-05,10481,2660,31824,0.8979017491764697,0.36831056770512394,0.9999245937277201,13260.996282626278,1.1020447540726386,0.18522267358722436,0.9135053452251367,4097,0.9985617889050721,8.310108679049558e-05,0.9985839123110896,705.6708399868191,49,1176,1,68,2.2172160511728665,2.214233691231726,-0.2545284733191772,4.940506689042947,14533.857804013218,0,0,10,1,1,34,3,3,89,2,2,35,0.8,0.04,uniform,387,1
1176,14620.876112584392,13362.48612678487,2694,6.454448361731962e-05,10541,2671,32022,0.8984651073888987,0.36830369529366386,0.9999250789604438,13346.885533567416,1.1014352854327694,0.18425708413473504,0.9139319712369077,4097,0.9985205938574476,8.252067658873993e-05,0.998560794548119,694.3277092470172,49,1176,1,68,2.232410290981225,2.2199515437702138,-0.254133265577042,4.9606283659055235,14620.876112562612,0,0,10,1,1,34,2,3,89,2,2,35,0.8,0.04,uniform,388,1
1176,14424.349932444076,13167.882019800627,2684,6.541573809121977e-05,10405,2648,31572,0.8976111185086565,0.3683279449270733,0.999923969525142,13152.120727219224,1.1028786084732731,0.18607424338499948,0.9128925796636888,4097,0.9985372596079387,8.385238431298436e-05,0.9985633740169911,695.5752761764495,49,1176,1,68,2.1988027643049013,2.2366274879358756,-0.2543179725006188,4.944066197242014,14424.349932416457,0,0,10,0,1,34,3,2,89,2,2,35,0.8,0.04,uniform,389,1
1176,13960.738656952564,12711.522863439626,2657,6.75131761901641e-05,10082,2591,30514,0.8955337035617992,0.36834163355691363,0.9999212335714116,12695.264139676925,1.106229073408854,0.19031944263757075,0.91051936260616,4097,0.9985064775607707,8.713371331313304e-05,0.998532026916326,680.711277925187,49,1176,1,68,2.1239382217024247,2.3878977104394177,-0.2503370600895199,5.0125100523208825,13960.738656936635,0,0,10,0,2,34,1,6,89,2,2,35,0.8,0.04,uniform,390,1
1176,14361.200051349899,13110.78533652746,2668,6.5737556901868e-05,10359,2636,31435,0.897873307947397,0.36831966402027533,0.9999236392237134,13095.228568303017,1.1028027722689289,0.18577834654905584,0.9129310426460563,4097,0.9985334808850416,8.421087578186696e-05,0.9985372839297018,683.1595576410991,49,1176,1,68,2.1901592439065434,2.3424958911163785,-0.2522217172041788,5.037098569431279,14361.200051331047,0,0,10,0,1,34,4,6,89,2,2,35,0.8,0.04,uniform,391,1
1176,17100.296227408322,15808.088223439294,2842,5.534525215557583e-05,12268,2967,37688,0.9068617024335034,0.3682079022556085,0.9999366872472283,15794.106234728179,1.087166530135113,0.16619595135696233,0.9244335895247312,4097,0.9985295008493335,6.883150574454006e-05,0.998556176712813,692.1054144091283,49,1176,1,68,2.65069241292665,2.1511743717876124,-0.2575212311850038,5.316909247084269,17100.296227376522,1,0,10,2,0,34,7,1,89,2,2,35,0.8,0.04,uniform,392,1
1176,15038.707548034043,13759.155068458875,2756,6.269616286689865e-05,10838,2734,32957,0.8985818580132273,0.36829816244888836,0.999927239100444,13743.145359817112,1.1001301982933243,0.18326042920891045,0.9149160607393793,4097,0.9985338323676924,8.004646285663124e-05,0.9985571288721402,692.5624690427239,49,1176,1,68,2.302798000121842,2.2140901100697685,-0.2548053243691082,5.026498758929827,15038.707548006789,1,0,10,1,0,34,1,2,89,2,2,35,0.8,0.04,uniform,393,1
1176,14268.271287789219,13028.494984919058,2642,6.620849310443418e-05,10291,2617,31235,0.8983186379517958,0.3683146605055808,0.999923158324315,13013.27137592936,1.1025233465417286,0.18516608962019265,0.9131095647213295,4097,0.9985355621953381,8.471974143032917e-05,0.9985417966651365,685.2752953691518,49,1176,1,68,2.175835512295263,2.854605720901945,-0.2507412373253932,5.531923707847994,14268.271287769458,0,2,10,0,3,34,2,6,89,2,2,35,0.8,0.04,uniform,394,1
1176,15170.70626553574,13920.97447446666,2707,6.222535774959408e-05,10919,2722,33300,0.900920199178503,0.368264857263169,0.9999280911504661,13905.994208305861,1.096381819187919,0.1784359905609447,0.917622042824191,4097,0.9985323413937816,7.883955526780264e-05,0.9985649613603712,696.3452281703732,49,1176,1,68,2.3291728899643394,3.0439569809798805,-0.2508791960071081,5.874888262958437,15170.706265512112,0,1,10,2,1,34,3,3,89,1,2,35,0.8,0.04,uniform,395,1
1176,16518.62323090024,15262.448342714906,2760,5.728874027117018e-05,11853,2873,36395,0.9064252001957912,0.3681959247061324,0.9999344230897511,15248.769839738843,1.0878033875620212,0.1670841426322419,0.9239540202215222,4097,0.9985299769576111,7.133478511483331e-05,0.9985386943158912,683.819395177402,49,1176,1,68,2.55969845259039,2.2212557317625796,-0.24959121252328076,5.2801366093995314,16518.623230868387,1,0,10,2,2,34,6,3,89,2,2,35,0.8,0.04,uniform,396,1
1176,19663.427056769546,18365.33039134121,2914,4.8377933706521735e-05,14044,3245,43582,0.9159694722060043,0.36811814097302653,0.9999455161847607,18353.5744230231,1.0746479157502762,0.14819390290345114,0.933984210296575,4097,0.9985195995168278,5.8550918488987246e-05,0.9985300324078565,679.7869839751371,49,1176,1,68,3.0936736754791987,4.103694382749528,-0.2504465722628764,7.6982612027544794,19663.4270567234,1,2,10,1,4,34,6,5,89,1,1,35,0.8,0.04,uniform,397,1
1176,15325.47388748595,14080.03268104566,2701,6.164720990661871e-05,11024,2735,33662,0.9020892400378702,0.36826983657858914,0.9999289063008114,14065.444113084946,1.0948422759270202,0.1762425109872464,0.9187339187300918,4097,0.9985496154454324,7.783638742383943e-05,0.9985547180343115,691.4063888877382,49,1176,1,68,2.35467417446132,2.33244377762895,-0.25169893565028084,5.190515823390832,15325.473887456215,0,1,10,2,1,34,5,3,89,2,2,35,0.8,0.04,uniform,398,1
1176,15047.247013581407,13789.449040099551,2712,6.274963645105956e-05,10836,2716,33005,0.9002377813900736,0.3682883833554245,0.9999274035261215,13774.273706431151,1.0980213614782925,0.18023230412527896,0.916410093331585,4097,0.9985174943699044,7.971247908659952e-05,0.9985369340609241,682.9960713533345,49,1176,1,68,2.3073408612443673,2.317184308773394,-0.25171475330563714,5.127954676629036,15047.247013554026,1,0,10,1,2,34,3,4,89,2,2,35,0.8,0.04,uniform,399,1
