n_cluster,mfpt,sd,mode,f_mode,median,q10,q90,S_mode,S_mfpt,lam1,tau1,A1,ratio,cv,t_cert,lam2,w1,mu2,tau_rel,n_blocked,n_open,pocket_free,chem_dist,G_tt,G_ss,G_st,R_st,mfpt_tetali,blk_t_r3,blk_s_r3,nsite_r3,blk_t_r6,blk_s_r6,nsite_r6,blk_t_r10,blk_s_r10,nsite_r10,deg_s,deg_t,N,q,p,scheme,rep,attempts
1127,15181.24340264082,13763.697475776647,2977,6.214007601257606e-05,10983,2870,33104,0.8933211342378101,0.3683919508202292,0.9999272479938144,13744.825414223616,1.1116890878217778,0.19609724454336477,0.9066251762607545,4097,0.9986919533521391,8.087761139378687e-05,0.9987349641472286,789.9913243092569,98,1127,1,68,2.3904932675802937,2.750529829509571,-0.3036049405145888,5.748232978119042,15181.243402614664,0,0,10,2,2,34,8,9,89,2,2,35,0.8,0.08,smart,0,1
1127,15484.23849011789,14080.820178493439,2968,6.0894744718447984e-05,11188,2890,33821,0.8951999874197444,0.3683657776415501,0.9999288913500958,14062.486724195385,1.1078338370286727,0.19167878368020427,0.9093647186769876,4097,0.9987317668032231,7.877656846942109e-05,0.9987614125909627,806.8712559830471,98,1127,1,68,2.4475708201924533,2.3492533742276316,-0.300297589761042,5.397419373942168,15484.238490087944,0,0,10,2,1,34,9,4,89,2,2,35,0.8,0.08,smart,1,1
1127,17085.312690239683,15711.929556664723,2976,5.535136110459998e-05,12285,3036,37547,0.9033121526687111,0.36825114062111614,0.9999362926190615,15696.268332490374,1.0936110924371667,0.17418469617475002,0.9196161546191933,4097,0.998639753939489,6.96710984646115e-05,0.998667714472635,750.0897432991064,98,1127,1,68,2.740492783461401,2.828471852890647,-0.29150591932632725,6.151976475004703,17085.312690208848,0,1,10,3,3,34,8,9,89,2,2,35,0.8,0.08,smart,2,1
1127,17715.783124620004,16303.753094249754,3088,5.3300093741565184e-05,12735,3138,38948,0.9026218564342547,0.36824528306814047,0.9999386041430741,16287.243990495392,1.0927706585620143,0.1743078461887773,0.9202953648485388,4097,0.9987241020400822,6.709159100600539e-05,0.9987442916976691,795.863189333788,98,1127,1,68,2.8438573357847114,2.6436331090951652,-0.30002609360039434,6.087542632080665,17715.783124585072,0,1,10,5,3,34,8,6,89,2,2,35,0.8,0.08,smart,3,1
1127,15596.516482156,14147.38868772092,3067,6.028885092146283e-05,11282,2940,34019,0.8923206369636698,0.368393843173228,0.9999292173296096,14127.251807991657,1.111192426488588,0.19664647573764052,0.9070864448421525,4097,0.9987490846863414,7.86531672643674e-05,0.9987760233829115,816.5089698764215,98,1127,1,68,2.4592767134208495,2.3513656428378233,-0.30851680603310205,5.427675968324877,15596.516482123017,0,0,10,2,0,34,7,5,89,2,2,35,0.8,0.08,smart,4,1
1127,14257.989865975735,12862.697654841146,2932,6.575958966077719e-05,10339,2747,31007,0.8878000011703171,0.36848596535189565,0.999922131717828,12841.699308895271,1.118441884480395,0.20563908570286749,0.9021396266759724,4097,0.9986364639443054,8.70911482538703e-05,0.99871024454428,774.8406716390946,98,1127,1,68,2.23787507745886,2.55797390172409,-0.2923804444486034,5.380609868080157,14257.989865948557,0,1,10,1,2,34,3,3,89,2,2,35,0.8,0.08,smart,5,1
1127,16000.365538668324,14563.088180317118,3075,5.8711523225770525e-05,11558,2973,34965,0.8939596911485651,0.3683897764077556,0.9999312424911816,14543.366070643844,1.1068788826374096,0.1921831093526333,0.9101722173235532,4097,0.9987296527208688,7.610623453405084e-05,0.9987457647956656,796.7985173512328,98,1127,1,68,2.535123165867776,2.414781655607577,-0.30433833167167845,5.558581484818711,16000.365538634825,0,0,10,2,1,34,7,6,89,2,2,35,0.8,0.08,smart,6,1
1127,15544.179629811182,14167.704531603797,2935,6.062706911637495e-05,11221,2872,33994,0.896178206837805,0.36834767016617287,0.9999293304791194,14149.87185935925,1.1049474953008311,0.1888166548443092,0.9114475558705245,4097,0.9987352390740588,7.808611009138369e-05,0.9987517195938868,800.6019520704066,98,1127,1,68,2.463005966652186,2.3201395326533003,-0.29549973517231404,5.374144969650115,15544.17962978106,0,0,10,4,1,34,8,5,89,2,2,35,0.8,0.08,smart,7,1
1127,14732.4034555879,13372.326787416,2888,6.383000328026583e-05,10654,2770,32146,0.8924360567102486,0.3684096539762046,0.9999251162696063,13353.535573224448,1.1103426416211584,0.1960304717900324,0.9076812773779941,4097,0.9986920453472579,8.314659902030687e-05,0.9987448449765209,796.2142304551478,98,1127,1,68,2.320744871537603,2.2516066621801225,-0.293701172040243,5.159753877798211,14732.403455561162,0,0,10,1,0,34,2,4,89,2,2,35,0.8,0.08,smart,8,1
1127,18210.377361485254,16827.47107564169,3048,5.191742404281298e-05,13067,3165,40125,0.9060389801378218,0.3682193466313537,0.9999405210667549,16812.175432232336,1.0877018969020682,0.16737709161626085,0.9240594382866334,4097,0.9986534681425647,6.469534851654749e-05,0.9986823355554926,758.4184480057717,98,1127,1,68,2.9385124455088754,2.55827531771844,-0.2931428094073526,6.083073382042021,18210.377361452945,0,0,10,5,2,34,11,7,89,2,2,35,0.8,0.08,smart,9,1
1127,15296.65348094196,13899.540212249674,2971,6.148343504416156e-05,11057,2863,33397,0.8933199289057918,0.3683784778982719,0.9999279586856439,13880.423862996482,1.10894741006452,0.19422548884313534,0.9086654299626422,4097,0.9986773473571591,7.989002897304709e-05,0.9987106061519732,775.0581143001401,98,1127,1,68,2.4191780595039054,2.4416880732257993,-0.29540108529025905,5.451668303310222,15296.653480915116,0,0,10,3,2,34,7,5,89,2,2,35,0.8,0.08,smart,10,1
1127,16153.121641105345,14805.110782960286,2905,5.8474550404554436e-05,11632,2914,35434,0.9005015654643423,0.36828200382302145,0.9999323842858777,14788.961482437488,1.0978209243039836,0.17984139936193863,0.9165479658919466,4097,0.9986434362963916,7.422994577548063e-05,0.9986814459525943,757.9064202676412,98,1127,1,68,2.577905670334962,2.3727657410735143,-0.2886642748419443,5.527999961092365,16153.121641071866,0,0,10,4,2,34,9,5,89,2,2,35,0.8,0.08,smart,11,1
1126,14530.397588603093,13135.632186296692,2928,6.470488339162787e-05,10526,2778,31635,0.8902436608659561,0.368450531138635,0.9999237588772654,13115.781130804193,1.1155827617952077,0.20150859480242816,0.9040105135594925,4097,0.9986989546386312,8.505328226280638e-05,0.9987245219036088,783.5196293237032,98,1127,0,68,2.286863756903691,2.5733731314585624,-0.2940239142474854,5.448284716857224,14530.397588581123,0,1,10,1,2,34,6,8,89,2,2,35,0.8,0.08,smart,12,1
1127,15431.391225868041,14030.596137750887,2967,6.102701817481112e-05,11151,2881,33702,0.8947026118713208,0.36838164645036026,0.9999286346816668,14011.908589097446,1.108094339727237,0.19227041532239433,0.9092243163552898,4097,0.9987085878982682,7.907950529801351e-05,0.9987912993091765,826.8345798277336,98,1127,1,68,2.438957558226966,2.5514817661998785,-0.29953245523192684,5.589504234890699,15431.39122584086,0,0,10,1,4,34,7,11,89,2,2,35,0.8,0.08,smart,13,1
1127,16604.398159237244,15230.77351500785,2987,5.674296702546027e-05,11953,2984,36439,0.8997872828530138,0.3682994527056008,0.9999342721588452,15213.752926476463,1.0969372744105574,0.17989209674174747,0.9172734458029587,4097,0.9986575032891631,7.209931892922858e-05,0.9986647120588581,748.4020311699339,98,1127,1,68,2.6603715042195586,3.573267862363361,-0.2862830049561642,6.806205376495248,16604.398159205197,2,2,10,3,3,34,8,7,89,1,2,35,0.8,0.08,smart,14,1
1127,14903.739278541134,13501.676244610238,2967,6.301053970029068e-05,10788,2824,32485,0.890942065356189,0.3684224480564551,0.9999258277606211,13481.633044861841,1.1129108971564685,0.19907755661506898,0.9059254185995035,4097,0.9987012797606801,8.25470934713068e-05,0.9987177042629912,779.3511950302947,98,1127,1,68,2.350533465703973,2.564946431634001,-0.2943182252482163,5.504116347834406,14903.739278515586,0,0,10,3,3,34,8,7,89,2,2,35,0.8,0.08,smart,15,1
1127,16124.682356653002,14638.774600320501,3148,5.834588777128191e-05,11660,3029,35187,0.8930460145097338,0.3683856705523808,0.9999315955881384,14618.44010042791,1.1100821226872635,0.195228651974105,0.9078488665099552,4097,0.9987393412531441,7.59345147204958e-05,0.9987909214931768,826.5760521012056,98,1127,1,68,2.55106655554713,2.7357429421365724,-0.3104564891066574,5.907722475897017,16124.682356624091,2,1,10,2,3,34,6,6,89,2,2,35,0.8,0.08,smart,16,1
1127,15971.218471379158,14577.873718392577,2981,5.906081234402654e-05,11521,2934,34955,0.8971893490808956,0.3683297428685497,0.9999313221795983,14560.241644952835,1.1030890093291594,0.18664825137431,0.9127590198904679,4097,0.9986786966261468,7.575774887005996e-05,0.9987000299106364,768.7483598381253,98,1127,1,68,2.5406656738462448,2.541707837684065,-0.2936233184076239,5.669620148345558,15971.21847135055,1,0,10,4,3,34,5,7,89,2,2,35,0.8,0.08,smart,17,1
1127,16076.230194335829,14689.222979046177,2958,5.878665607567341e-05,11591,2940,35206,0.8989317306602126,0.36830610541364894,0.99993184702006,14672.37271214262,1.1016662032248659,0.18399836057598865,0.9137231055712092,4097,0.9986645764313068,7.50818346488786e-05,0.99869857860549,767.8905174643003,98,1127,1,68,2.555691303425664,2.777219925843573,-0.297233309583146,5.92737784843553,16076.230194304646,0,2,10,2,3,34,7,8,89,2,2,35,0.8,0.08,smart,18,1
1127,15393.766585834945,14016.793228345925,2905,6.14053719836423e-05,11115,2858,33647,0.8970885293223065,0.3683215814468446,0.9999285724179318,13999.693911358458,1.106051658805117,0.18871274835835997,0.9105499391710873,4097,0.9986886533552115,7.900259563105523e-05,0.9987205678440202,781.0966316202426,98,1127,1,68,2.436951962268601,2.9604444813582336,-0.2948610964368016,5.987118636500438,15393.766585804944,0,2,10,2,5,34,6,9,89,2,2,35,0.8,0.08,smart,19,1
1127,16413.943949288034,15008.208702757413,3036,5.735026576209747e-05,11833,2991,35958,0.8973962568132651,0.36832268406458313,0.999933291479437,14990.088776206252,1.1009729769710899,0.18496468669443022,0.9143572531456344,4097,0.9987129797264334,7.344427847384672e-05,0.9987349296438511,789.9697645377288,98,1127,1,68,2.6153825240646373,2.2849322775458636,-0.297473545013811,5.495261891638123,16413.943949257056,1,0,10,2,1,34,8,4,89,2,2,35,0.8,0.08,smart,20,1
1127,20798.420956670514,19381.895835170533,3188,4.559631076844094e-05,14869,3471,46041,0.912859460533122,0.368147257238592,0.999948369787836,19368.004560871737,1.0774106419169405,0.15328086716975203,0.9318926602913251,4097,0.9986677887513632,5.5626940030035806e-05,0.9986956590095355,766.1705757486693,98,1127,1,68,3.4041718181277187,2.743803322389784,-0.28676357790115503,6.721502296319812,20798.420956622704,1,1,10,2,4,34,11,7,89,2,1,35,0.8,0.08,smart,21,1
1126,16043.481693456019,14672.53343603249,2982,5.856049988976216e-05,11565,2920,35151,0.8963499993511223,0.3683493672774758,0.9999317630100077,14654.308187252647,1.1008030501232695,0.18586987893134999,0.9145479588771105,4097,0.9987467801824763,7.511548671503254e-05,0.9988295931395991,853.9036433930671,98,1127,0,68,2.552415011395333,2.277828636540488,-0.2972264972048055,5.424696642345432,16043.48169341878,0,0,10,3,1,34,6,4,89,2,2,35,0.8,0.08,smart,22,1
1127,15456.093493907596,14076.750490957695,2946,6.090577514471724e-05,11161,2865,33787,0.8950469199627545,0.3683613178323709,0.9999288709119444,14058.44588155543,1.1059661589297871,0.19060443708892155,0.910757333119549,4097,0.9987001877930929,7.866636430518595e-05,0.9987104791812014,774.9817500893299,98,1127,1,68,2.4520599987968628,2.899535266247554,-0.2908137356987474,5.933222736441911,15456.093493882763,0,2,10,4,3,34,8,9,89,2,2,35,0.8,0.08,smart,23,1
1126,16782.282532865913,15414.275310782858,2979,5.620217363998235e-05,12074,2998,36856,0.9010633207779419,0.3682787537386207,0.9999350576309575,15397.767947287617,1.095250477154253,0.1775086311510974,0.9184850320923872,4097,0.9986875414914339,7.112816068150367e-05,0.9987057324088578,772.1376424469313,98,1127,0,68,2.684956763088736,2.2372787964390275,-0.29591047187346303,5.5140565032746895,16782.28253283718,0,0,10,2,0,34,8,5,89,2,2,35,0.8,0.08,smart,24,1
1127,16970.834791281504,15586.602715294746,3013,5.5593921837614456e-05,12210,3033,37269,0.901092871264857,0.36826793831486593,0.9999357756472192,15569.917705415606,1.0953149864479004,0.17753988162962264,0.9184346502095533,4097,0.9986646628990347,7.034589609591369e-05,0.9986895037213277,762.5695890281835,98,1127,1,68,2.7202852551515404,2.5124665009295724,-0.29139793761641514,5.815547631313943,16970.834791247427,1,0,10,4,3,34,8,8,89,2,2,35,0.8,0.08,smart,25,1
1127,16778.177535776504,15387.21536150299,3030,5.614519198834164e-05,12080,3018,36817,0.8992928772269804,0.3683003208981671,0.9999349393221512,15369.767152313469,1.0972060345268704,0.18059172359686024,0.9170969450461748,4097,0.998723317739718,7.138496834625537e-05,0.9988026286610894,834.6627001222362,98,1127,1,68,2.6774761738941275,2.411341470653187,-0.30001762126903253,5.688852887085379,16778.177535744406,1,0,10,4,4,34,9,6,89,2,2,35,0.8,0.08,smart,26,1
1127,15112.250281778775,13702.179211230607,2981,6.222192579504631e-05,10934,2854,32955,0.8920654705587997,0.3684164980681558,0.9999269168456938,13682.543774561604,1.1117460473102363,0.19725718833509973,0.9066935073032554,4097,0.9986983896112447,8.12499079250829e-05,0.9987345678117777,789.743741055072,98,1127,1,68,2.3820464168315043,2.4218645472484166,-0.2998081140904867,5.403527192260894,15112.25028174542,0,1,10,1,1,34,7,3,89,2,2,35,0.8,0.08,smart,27,1
1127,15490.710474674737,14057.757604350878,3028,6.0794985069353495e-05,11203,2916,33797,0.8931437607883045,0.36838196759891556,0.9999287691079601,14038.352679502017,1.1105352721579016,0.19547198980643138,0.9074959878266043,4097,0.9987140559601962,7.910441807782218e-05,0.9987774565949377,817.4667660321517,98,1127,1,68,2.4412856773081515,2.4791246885709604,-0.3077312658421202,5.535872897563353,15490.710474651782,0,0,10,3,3,34,8,9,89,2,2,35,0.8,0.08,smart,28,1
1127,17263.861833197112,15888.850315878559,2985,5.4785537537682095e-05,12409,3057,37956,0.903909567345088,0.36823432530174893,0.9999370030298701,15873.279288229653,1.092619649471936,0.1729045348509491,0.9203531903461768,4097,0.9986769703288733,6.883172742128486e-05,0.9987088556508593,774.0066317756382,98,1127,1,68,2.766622822819097,2.2950375694466647,-0.29706161962342803,5.655783631512618,17263.861833163628,0,0,10,3,0,34,12,7,89,2,2,35,0.8,0.08,smart,29,1
1127,15307.063561889468,13939.418635172276,2906,6.158290571953921e-05,11053,2839,33459,0.895859969658743,0.36834890246209095,0.9999281723388599,13921.713026251673,1.1060341852699502,0.18984699372616246,0.9106526917336213,4097,0.9987090967307453,7.944384866900719e-05,0.9987098531351526,774.6054460936493,98,1127,1,68,2.424309542904969,2.5288938657556437,-0.2921169986860202,5.537437406032653,15307.063561865223,0,0,10,1,2,34,8,8,89,2,2,35,0.8,0.08,smart,30,1
1127,15670.412199665552,14267.754404835276,2989,6.010503613475757e-05,11317,2909,34250,0.8951503929166703,0.36836819069059373,0.9999298233571967,14249.25546910512,1.1063145403887438,0.19074163218653514,0.9104900511257634,4097,0.9987042438641841,7.763744032932223e-05,0.9987196998945961,780.5667663732125,98,1127,1,68,2.4828952955244317,2.3704897816896344,-0.2980119271262256,5.449408931466516,15670.412199636452,1,0,10,3,1,34,5,5,89,2,2,35,0.8,0.08,smart,31,1
1127,15368.25893724005,13934.047138145474,3030,6.123757152447137e-05,11119,2903,33513,0.8922092040136222,0.368411230914471,0.9999281339402751,13914.274281461849,1.1117349401731986,0.19715961400531623,0.9066770149467469,4097,0.9987809004205392,7.989600960880679e-05,0.9987936278004014,828.4314682331692,98,1127,1,68,2.4226237999537332,2.5003208628872424,-0.3046626130403047,5.5322698889215856,15368.258937221404,0,0,10,2,2,34,5,9,89,2,2,35,0.8,0.08,smart,32,1
1127,15062.62229122209,13651.746203159633,2969,6.253263182962148e-05,10899,2850,32840,0.8925494857299737,0.3683896042100861,0.9999266487054083,13632.524544657948,1.112174247869397,0.19711043287132135,0.9063326384487076,4097,0.9986855698466071,8.157942089272311e-05,0.9987312521514901,787.6785706638556,98,1127,1,68,2.373013927804966,2.603215763600877,-0.30003350630307807,5.576296704011999,15062.622291198828,0,0,10,2,3,34,5,9,89,2,2,35,0.8,0.08,smart,33,1
1127,16012.321793200505,14609.12391466141,2998,5.888256522455999e-05,11553,2947,35037,0.8969389669210507,0.36833968237023534,0.9999314677981125,14591.180583237612,1.1036529076634771,0.18723081129140653,0.9123676193458121,4097,0.9986604799267738,7.563576388220237e-05,0.9987036803790422,770.9145830279654,98,1127,1,68,2.546010241473341,2.4678355384852098,-0.2955730403676766,5.604991860693904,16012.321793174136,0,0,10,4,2,34,9,10,89,2,2,35,0.8,0.08,smart,34,1
1127,15120.910826689575,13730.569078043925,2962,6.212508644491471e-05,10934,2838,33001,0.8922373071580957,0.36840192055813814,0.9999270689789915,13711.086451540119,1.1098772494086484,0.1958876706535324,0.9080517195967065,4097,0.9986734722746874,8.094448099364645e-05,0.9987435540103761,795.3956267287605,98,1127,1,68,2.3871049774833786,2.306215270225778,-0.2962864735647496,5.285893194838655,15120.910826656202,0,0,10,2,1,34,7,3,89,2,2,35,0.8,0.08,smart,35,1
1127,19658.430898443934,18187.181754941357,3281,4.7983507375774544e-05,14100,3397,43344,0.9055271039291729,0.36822782432254925,0.9999449666860017,18170.31195181761,1.0863475651557666,0.1669004010009623,0.9251593806696427,8193,0.9987330982751537,5.9785306664771184e-05,0.998763382709217,808.1575207539051,98,1127,1,68,3.1891275669265124,2.902629923382035,-0.29950258363142274,6.690762657571392,19658.430898393963,2,2,10,3,5,34,8,10,89,2,2,35,0.8,0.08,smart,36,1
1127,15468.864191415518,14088.001852239993,2943,6.086415363703099e-05,11170,2867,33815,0.8953745567563134,0.36835299816321754,0.9999289281962163,14069.7774706815,1.1059837790762304,0.19025314099229243,0.9107327905857602,4097,0.9986926719802726,7.860426213472118e-05,0.998735050353043,790.045195992391,98,1127,1,68,2.452288682250068,2.432460819921162,-0.2928513694591841,5.470452241089598,15468.864191381635,0,0,10,4,3,34,8,7,89,2,2,35,0.8,0.08,smart,37,1
1127,14420.882814117791,13069.360542954439,2852,6.526970975968645e-05,10435,2729,31440,0.8919697602044198,0.36840291341737047,0.9999233787972777,13050.717730614022,1.1122874179243658,0.19776875221591442,0.9062801987517549,4097,0.998703770459721,8.522479973454777e-05,0.9987040779443354,771.1512390440058,98,1127,1,68,2.271109028096407,2.6647243255011293,-0.28805384929468825,5.511941052186913,14420.882814098823,0,1,10,0,2,34,4,9,89,2,2,35,0.8,0.08,smart,38,1
1127,14809.330145105756,13416.56403329368,2944,6.343914887434528e-05,10719,2806,32280,0.8911937695085321,0.3684343546042915,0.9999253580591967,13396.793649836947,1.1128463714490733,0.19879359641212027,0.9059534699972663,4097,0.9987477787760686,8.306501298100401e-05,0.9987690263205228,811.864951679733,98,1127,1,68,2.330548586064322,2.3964901477106255,-0.2975490439415669,5.322136821658081,14809.330145083182,0,0,10,0,2,34,4,4,89,2,2,35,0.8,0.08,smart,39,1
1127,14964.611731636558,13586.82224428007,2930,6.282943508013677e-05,10821,2810,32657,0.8924565340411732,0.36838778993212884,0.9999262984870916,13567.7424971372,1.1100051648442553,0.19579525700661596,0.9079301546832843,4097,0.9986873124321036,8.180905998540412e-05,0.9987008595484282,769.2396059460407,98,1127,1,68,2.363256459929665,2.3302302325701016,-0.29239779590009984,5.278282284299966,14964.611731600724,0,0,10,1,0,34,5,4,89,2,2,35,0.8,0.08,smart,40,1
1127,16828.685129443027,15449.201051604074,2983,5.6148482425054845e-05,12110,3014,36948,0.9017209658982446,0.36825712159469753,0.9999352056718621,15432.94963037645,1.0958005495137686,0.17725686689455145,0.9180278157664591,4097,0.9986629306285523,7.100166037914048e-05,0.9987006165050659,769.0956298563383,98,1127,1,68,2.6946343129429082,2.3526755408334,-0.29182267541826973,5.630955204612848,16828.685129415237,1,0,10,4,2,34,11,8,89,2,2,35,0.8,0.08,smart,41,1
1127,16079.944123999016,14644.558306025532,3070,5.8490706767289676e-05,11612,2980,35150,0.8947321253671654,0.3683645384054518,0.9999316275481487,14625.273575957455,1.1060381267962773,0.19092106143690402,0.9107344026257407,4097,0.9986976709441855,7.562253857039019e-05,0.9987248702981135,783.7338414184758,98,1127,1,68,2.5545932598874304,2.6758087615308748,-0.29899043558180793,5.828382892581921,16079.944123969157,1,1,10,3,3,34,8,9,89,2,2,35,0.8,0.08,smart,42,1
1127,17054.152750098376,15650.353486916201,3044,5.5328950960406174e-05,12274,3059,37435,0.9008064905547369,0.3682801136509274,0.9999360364957953,15633.415184807931,1.0963177199743128,0.17849025070931424,0.9176857810673663,4097,0.9986826835017819,7.012432309130255e-05,0.9987040029367003,771.1065786412775,98,1127,1,68,2.733674300020628,2.474611317632129,-0.29279468845715506,5.793874994567068,17054.15275007231,2,0,10,3,2,34,9,9,89,2,2,35,0.8,0.08,smart,43,1
1127,15453.17188684473,14047.052225781412,2986,6.095368909836241e-05,11168,2889,33745,0.8940360852781816,0.3683766473798807,0.9999287180339899,14028.293754570619,1.1083917778936954,0.19322893849009593,0.9090076994315746,4097,0.9987258244776016,7.90083450380447e-05,0.9987401029759464,793.2155565466944,98,1127,1,68,2.443147758521496,2.335732879026189,-0.2992075008961296,5.377295639339944,15453.17188681832,1,0,10,2,1,34,3,4,89,2,2,35,0.8,0.08,smart,44,1
1127,14806.169031445368,13431.725721657513,2929,6.33512926386649e-05,10711,2789,32297,0.8910826449844118,0.36843006236402903,0.9999254423043864,13411.931692086408,1.1111972305139193,0.19782294756863741,0.9071709024212266,4097,0.9986725439843969,8.284830487962024e-05,0.998721156017045,781.4561079806629,98,1127,1,68,2.336444138384629,2.614195246296396,-0.291092513154074,5.532824410989173,14806.16903142059,0,1,10,2,1,34,5,7,89,2,2,35,0.8,0.08,smart,45,1
1127,15605.23917744344,14232.63001467529,2955,6.0255554358318376e-05,11262,2875,34139,0.8951460974523938,0.3683605548876181,0.9999296507732337,14214.297312692594,1.1042266751019123,0.18935948154330748,0.9120417734607884,4097,0.9986996132860924,7.768149276849142e-05,0.9987314324653004,787.7906021604608,98,1127,1,68,2.4744934428418595,2.277655700328508,-0.29484802608753413,5.341845195345435,15605.239177417134,0,0,10,4,0,34,6,5,89,2,2,35,0.8,0.08,smart,46,1
1127,17840.457791924524,16450.747924976655,3033,5.3057937237395864e-05,12813,3132,39265,0.9052271382523152,0.36822992839293195,0.9999391575949307,16435.40516437052,1.0902573805472597,0.17000684821960602,0.9221034637588212,4097,0.9986804728112874,6.633388117724698e-05,0.9986998452846696,768.6391241752076,98,1127,1,68,2.8711077291483726,2.39532390058816,-0.2949007521099112,5.856233133956355,17840.45779189043,1,0,10,3,3,34,9,6,89,2,2,35,0.8,0.08,smart,47,1
1127,15062.367652137309,13675.441720994386,2911,6.269646640275939e-05,10890,2831,32871,0.8949335764247578,0.3683706055299114,0.9999267832302471,13657.57318361575,1.1097842111586087,0.1932631089101677,0.9079211208241805,4097,0.9987236040545081,8.125481506404184e-05,0.9987238145722889,783.0850829186178,98,1127,1,68,2.3772833916835,2.7253630771141784,-0.2957188535883437,5.694084175974366,15062.367652106841,0,1,10,1,3,34,5,11,89,2,2,35,0.8,0.08,smart,48,1
1125,15529.353780975915,14121.892454829822,3003,6.0512397357094656e-05,11222,2896,33919,0.8935130795030082,0.3683968778576515,0.9999290930395787,14102.487825721424,1.1080024274244487,0.19337572202642433,0.9093676822618151,4097,0.9987161722644432,7.856508426810696e-05,0.9987732693218212,814.6747505018275,98,1127,0,68,2.464897197346656,2.5454676419077367,-0.2958768081549398,5.6021184555642725,15529.353780946476,1,1,10,2,1,34,5,5,89,2,2,35,0.8,0.08,smart,49,1
1127,16808.35200339302,15442.401232666902,2994,5.595196654770228e-05,12093,2998,36919,0.9001745645411741,0.3682984030383642,0.9999351729497555,15425.159441216992,1.0950352873959868,0.178125731743101,0.918733807427975,4097,0.9987065025687005,7.098790759579827e-05,0.9987620284557058,807.2729062638294,98,1127,1,68,2.693942597953191,2.442404831751463,-0.28890602731130316,5.7141594843272605,16808.352003365424,0,1,10,6,3,34,11,6,89,2,2,35,0.8,0.08,smart,50,1
1126,16737.495351052054,15320.986452363275,3071,5.616916252931644e-05,12061,3034,36689,0.8978871803069698,0.36834116580338894,0.9999346525515652,15302.316308767426,1.099670173794498,0.1834802600740958,0.9153691236962918,4097,0.9988266524728892,7.186063997729191e-05,0.998901734265568,910.0263581280328,98,1127,0,68,2.6651599611950987,2.4874280425113544,-0.3077521793067028,5.768092362319859,16737.49535102514,0,0,10,3,1,34,7,8,89,2,2,35,0.8,0.08,smart,51,1
1127,14326.461607699104,12954.599077280749,2870,6.574463251360256e-05,10377,2737,31196,0.8912178932044054,0.36843410378684177,0.9999226970948923,12935.62443296071,1.1151521119514396,0.20032860022167995,0.9042427524685432,4097,0.9986942778785904,8.620449789124428e-05,0.9987122356943747,776.0395090918098,98,1127,1,68,2.250480993755231,2.422496316849542,-0.29192568018957565,5.256828670983925,14326.461607678986,0,0,10,0,2,34,4,9,89,2,2,35,0.8,0.08,smart,52,1
1127,14469.168312465197,13070.824079764989,2942,6.486945107457002e-05,10486,2773,31489,0.8890226160704071,0.3684675204601455,0.9999233762294397,13050.280354433376,1.1166231682826813,0.20332889468605223,0.9033569723910437,4097,0.9986705290151882,8.555987744908312e-05,0.9987393058727724,792.7137112986528,98,1127,1,68,2.2695348909781714,2.3465136284766355,-0.29819684148743686,5.212442202429681,14469.168312443704,0,0,10,0,1,34,3,6,89,2,2,35,0.8,0.08,smart,53,1
1127,16988.64509362055,15587.806668085554,3033,5.556715207163519e-05,12228,3050,37288,0.9009041003745709,0.36826717034332995,0.9999357799824057,15570.968789892891,1.096498932867873,0.17853101193684537,0.917542663478147,4097,0.9986741923025361,7.041718076100183e-05,0.9986918874438465,763.9601013926705,98,1127,1,68,2.723428645907528,2.3802737228782513,-0.2914152038864009,5.686532776558581,16988.645093588788,1,0,10,3,0,34,6,4,89,2,2,35,0.8,0.08,smart,54,1
1127,18567.987986009226,17183.34194199909,3058,5.097742913971324e-05,13315,3205,40947,0.9074634364583334,0.36819367443756257,0.99994175549686,17168.502151401823,1.085856678351757,0.16469204968810672,0.9254283207715638,4097,0.9986932291323019,6.324518271197297e-05,0.9987207908578976,781.2328931096372,98,1127,1,68,2.99819386460346,3.1130577506946895,-0.29692379040308886,6.705099196104327,18567.987985961903,0,1,10,3,1,34,9,5,89,1,2,35,0.8,0.08,smart,55,1
1126,14760.098198058602,13393.743006534538,2890,6.37780856522657e-05,10675,2779,32201,0.8928790086581354,0.36839441147200586,0.999925237327894,13375.158886506799,1.110640802293013,0.19579815535238934,0.9074291259319819,4097,0.9987845551477433,8.303447412971393e-05,0.998784868681679,822.4562202886981,98,1127,0,68,2.327999684788371,2.4364674048224493,-0.2936873841343526,5.351841857879525,14760.098198034933,0,0,10,1,3,34,2,4,89,2,2,35,0.8,0.08,smart,56,1
1126,15285.713495733382,13880.639118988895,2980,6.153141286605142e-05,11052,2868,33361,0.8931046362157803,0.3683854385347066,0.9999278595997935,13861.358219574166,1.1097696085424698,0.19495328110341667,0.9080792416306456,4097,0.9986887232574783,8.005922369738726e-05,0.9987492384570246,799.0128049527924,98,1127,0,68,2.4196966291473627,2.4377664997100967,-0.2953501729322423,5.448163474721944,15285.713495708176,0,0,10,3,2,34,6,6,89,2,2,35,0.8,0.08,smart,57,1
1127,15288.758368581637,13859.556967976088,3017,6.155296095367398e-05,11062,2890,33337,0.8921678452375794,0.3683997989386634,0.999927747345693,13839.82198064412,1.1119599967745613,0.19733453347002514,0.9065194591901881,4097,0.9987151923069878,8.034206125029825e-05,0.9987729317777193,814.4505107300427,98,1127,1,68,2.409821955862908,2.4342617275711262,-0.30335610421803905,5.450795891870112,15288.758368556137,0,0,10,2,0,34,6,7,89,2,2,35,0.8,0.08,smart,58,1
1127,14853.114641054804,13494.036531573445,2896,6.328294379708731e-05,10738,2782,32425,0.8927468300255574,0.368397298988673,0.9999257925423807,13475.234536964928,1.1092132271115345,0.1949759407360461,0.908498780065644,4097,0.9987589179791758,8.231189354156509e-05,0.9987833653548631,821.4393394492795,98,1127,1,68,2.345461594726121,2.308898793378115,-0.290406132165032,5.2351726524343,14853.114641031649,0,0,10,1,0,34,6,5,89,2,2,35,0.8,0.08,smart,59,1
1127,16949.659890585575,15594.38947479099,2948,5.575034704076979e-05,12185,3006,37258,0.9031860132192198,0.36823795187790076,0.9999358120735004,15578.753828399183,1.0930744607815386,0.1739267937545709,0.9200414389112699,4097,0.9986921262883413,7.016218314751974e-05,0.9987115476663365,775.6248401988091,98,1127,1,68,2.719895444840743,2.346916616270374,-0.2880300015750529,5.642872064261223,16949.65989055301,1,0,10,4,1,34,11,6,89,2,2,35,0.8,0.08,smart,60,1
1127,15062.284722632086,13691.419523017847,2889,6.268331188393842e-05,10884,2817,32892,0.8954341206411818,0.3683600420171077,0.9999268702600385,13673.827299402585,1.1082985225366648,0.19180357118459493,0.9089869017311548,4097,0.9986718813728875,8.104958275304553e-05,0.998706762924516,772.753318741808,98,1127,1,68,2.378961526278538,2.5965210072651645,-0.29402600213387076,5.563534537811444,15062.284722603925,0,0,10,2,3,34,6,10,89,2,2,35,0.8,0.08,smart,61,1
1126,15650.109376493836,14291.94932048478,2932,6.00748078774863e-05,11289,2867,34262,0.8960588215178831,0.3683471492998783,0.9999299446196774,14273.921107794775,1.1026051104591814,0.18734693346001835,0.9132172163570316,4097,0.9987165880199582,7.724342035909849e-05,0.9987559686421983,803.3381546257402,98,1127,0,68,2.489236643308693,2.3056929687721732,-0.29053411627730297,5.375997844635472,15650.109376469158,0,0,10,2,2,34,6,4,89,2,2,35,0.8,0.08,smart,62,1
1127,16744.418738366214,15329.534675206023,3061,5.627335987220954e-05,12064,3035,36708,0.8985189374289341,0.3683167907929594,0.9999346927034937,15311.72471515999,1.0993611238984493,0.1828071817737322,0.9155011538311396,4097,0.9987449038933892,7.179630288622253e-05,0.9987760411042388,816.5207991028982,98,1127,1,68,2.667827917183862,2.3457798951369497,-0.30367496450767123,5.620957741336154,16744.41873833179,1,0,10,3,1,34,9,5,89,2,2,35,0.8,0.08,smart,63,1
1127,15159.531025742035,13802.92222989641,2900,6.202230994390616e-05,10949,2812,33134,0.8945402403332757,0.36835882592018493,0.9999274575377126,13784.529733342324,1.1063716461947164,0.1912987938133165,0.9105111633373091,4097,0.9987232780856876,8.025892342003556e-05,0.9987690086596899,811.853296808713,98,1127,1,68,2.4001562586527814,2.3455224539660575,-0.2900888213322374,5.325856355283313,15159.53102571558,0,0,10,1,2,34,8,6,89,2,2,35,0.8,0.08,smart,64,1
1127,15983.979274796297,14546.247129040106,3101,5.862221754899288e-05,11548,2970,34926,0.8923092386574111,0.368405624120001,0.9999311582922141,14525.577748034668,1.1071985831280942,0.1940067580599087,0.9100516760539585,4097,0.9986652368676795,7.622144132066987e-05,0.9987985701553184,831.8414671844922,98,1127,1,68,2.5315530080701523,2.289493241685457,-0.3050005455703127,5.431047340896234,15983.97927476402,0,0,10,3,1,34,7,2,89,2,2,35,0.8,0.08,smart,65,1
1127,15483.893068955955,14095.671862784397,2945,6.092222763592672e-05,11182,2877,33840,0.8958201531060005,0.36834347273997725,0.9999289686914261,14077.798987541755,1.106440846852736,0.19019764518424015,0.9103441750734614,4097,0.9987422439773431,7.859194121163572e-05,0.9987542038867512,802.1994625770278,98,1127,1,68,2.4491788698755634,2.541945671548316,-0.2986282408469161,5.588381023117711,15483.893068921172,0,1,10,1,3,34,8,5,89,2,2,35,0.8,0.08,smart,66,1
1127,15642.362216481579,14253.037252734826,2946,6.03328743090642e-05,11292,2895,34203,0.8968752458344224,0.36834291906842354,0.9999297553017844,14235.449829546049,1.1052430142533667,0.1883347258699806,0.911181895386434,4097,0.9986618948217925,7.7637461991262e-05,0.9987082427986039,773.6391801619578,98,1127,1,68,2.479073205418005,2.4643485181288654,-0.2968562030031095,5.537134129553089,15642.362216452979,0,1,10,1,1,34,9,6,89,2,2,35,0.8,0.08,smart,67,1
1127,16247.228009653441,14858.13895627109,3007,5.787802495387765e-05,11712,2958,35596,0.897133681861736,0.36833542460035873,0.9999326167434412,14839.981904428645,1.1008156221032397,0.18507772514876772,0.9145030122949582,4097,0.9986760730432839,7.41765414881951e-05,0.998688761912239,762.1378961693716,98,1127,1,68,2.5943323126106574,2.596892066041488,-0.28893796416376494,5.769100306979675,16247.22800962387,0,1,10,6,2,34,8,8,89,2,2,35,0.8,0.08,smart,68,1
1127,16259.46695641779,14868.847141176202,2974,5.8115920087248756e-05,11719,2963,35623,0.8993369376652028,0.3683061823314831,0.9999326713575162,14852.019859768687,1.1006408295233787,0.1829088252383409,0.9144732223406196,4097,0.9986842227721665,7.410465291437458e-05,0.9986964278516756,766.62275541068,98,1127,1,68,2.58887149423152,2.47854577933158,-0.29657073405360584,5.660558741670312,16259.466956386683,0,0,10,5,2,34,9,9,89,2,2,35,0.8,0.08,smart,69,1
1127,15601.337242437901,14227.25698386936,2937,6.040859537154152e-05,11259,2877,34129,0.8963328622949176,0.36834614804032745,0.9999296272883184,14209.553523461742,1.104277355467744,0.18825309358808895,0.9119254819496598,4097,0.9987158112320955,7.771099195303921e-05,0.998746485086899,797.2566589155214,98,1127,1,68,2.469457110353569,2.3412173187802865,-0.29919191225734415,5.409058253648545,15601.337242412497,0,0,10,1,2,34,8,4,89,2,2,35,0.8,0.08,smart,70,1
1127,15402.156251618777,13975.362033553823,3012,6.116360061036607e-05,11139,2901,33601,0.8931797901136538,0.36839225528833897,0.9999283494079235,13956.118788366724,1.1107050114622246,0.19555703440441574,0.9073639953551961,4097,0.9987009983771659,7.95826716938926e-05,0.9987525197761818,801.1158101283927,98,1127,1,68,2.4290276818008834,2.4566966436290203,-0.30427422620027084,5.494272777830445,15402.156251586504,0,0,10,1,1,34,6,9,89,2,2,35,0.8,0.08,smart,71,1
1127,16785.650947233218,15408.384988915963,2994,5.618872154040455e-05,12080,3007,36852,0.9006983703557068,0.368269141968008,0.9999350318666588,15391.661483169784,1.095980360792054,0.17836663048766074,0.9179498035168978,4097,0.9986765930552806,7.120379821940171e-05,0.9986771121586177,755.421872426078,98,1127,1,68,2.6893785071005807,2.586641488447647,-0.2894415367679479,5.8549030690841235,16785.65094719916,1,1,10,4,2,34,8,6,89,2,2,35,0.8,0.08,smart,72,1
1127,15517.814698429678,14130.532031138715,2948,6.074896261526382e-05,11206,2879,33919,0.8957928580186267,0.3683448233231207,0.9999291433290798,14112.497218110673,1.1061184742497256,0.18997520316429106,0.9106006422778493,4097,0.9987141850250538,7.837587272895293e-05,0.9987355075182279,790.3310101371071,98,1127,1,68,2.457361459391253,2.7078621136193206,-0.2964654613544085,5.75815449571939,15517.814698401804,0,1,10,2,3,34,6,6,89,2,2,35,0.8,0.08,smart,73,1
1127,16036.087554197444,14621.488004345107,3006,5.884221775782164e-05,11573,2959,35077,0.8972061671811414,0.368332436005492,0.9999315260144351,14603.586374700133,1.1044163863203487,0.18745220677054608,0.911786491245362,4097,0.9986812110545286,7.562379169473816e-05,0.9987354781683476,790.3126547389649,98,1127,1,68,2.547886613476059,2.65860317721619,-0.29791419471720204,5.802318180126653,16036.087554169026,1,1,10,3,4,34,9,7,89,2,2,35,0.8,0.08,smart,74,1
1127,14856.581824791383,13498.488948582686,2887,6.333168479437013e-05,10739,2782,32434,0.8933160028809453,0.36837401530047076,0.9999258186765457,13479.982053651616,1.1090416806517294,0.19432464573933309,0.9085864506233575,4097,0.9986137411905807,8.227017963705198e-05,0.9986977307680356,767.3902595848156,98,1127,1,68,2.3481819851137185,2.3928292739042054,-0.2883010361391162,5.317613331296156,14856.581824759724,0,0,10,1,1,34,4,6,89,2,2,35,0.8,0.08,smart,75,1
1126,16313.728331760612,14940.975564508708,2949,5.78801445787582e-05,11751,2953,35771,0.9001744896152317,0.36827983280119053,0.9999329978512504,14924.394474113158,1.0987766899355478,0.18076799735954274,0.9158529099335716,4097,0.9987243431212033,7.362039922181434e-05,0.9987369050136847,791.2059902853737,98,1127,0,68,2.605796475102107,2.435803446561871,-0.2918462125950942,5.625292346854167,16313.728331735243,0,0,10,4,3,34,9,6,89,2,2,35,0.8,0.08,smart,76,1
1127,15528.392421917652,14139.79894202971,2950,6.07035072711823e-05,11214,2881,33942,0.8958033087341686,0.36835923295840706,0.9999291899027026,14121.779699498456,1.1061455352696712,0.18997459104885855,0.910577125940738,4097,0.9987424437932871,7.832627297788745e-05,0.9987577553962407,804.4943371025239,98,1127,1,68,2.459280551794355,2.475619345980386,-0.2964235159769072,5.527746929728556,15528.392421891062,0,0,10,2,3,34,6,9,89,2,2,35,0.8,0.08,smart,77,1
1127,14991.912205310015,13603.978440649838,2939,6.272951487689828e-05,10843,2822,32707,0.8926136028988914,0.3684004545337496,0.9999263906455291,13584.729849341658,1.110718740355144,0.19603903489769836,0.907421165115376,4097,0.9987484243353972,8.175928947651208e-05,0.9988128461070792,841.850674540919,98,1127,1,68,2.3607581076006907,3.2475433011756545,-0.29974095278636265,6.20778331434907,14991.912205281045,0,1,10,1,3,34,4,9,89,1,2,35,0.8,0.08,smart,78,1
1127,15262.969634587898,13908.571773235542,2867,6.188762608569534e-05,11018,2824,33375,0.8973036846171961,0.36832451007301925,0.9999280171154126,13891.691252124738,1.1050862693306982,0.18784024790975148,0.9112624938804103,4097,0.9986691150894768,7.954729738460302e-05,0.9986777756906887,755.8012169506399,98,1127,1,68,2.419299437998049,2.748010012613932,-0.2893020943112958,5.745913639234573,15262.969634563158,0,2,10,1,5,34,7,11,89,2,2,35,0.8,0.08,smart,79,1
1127,15121.76417343525,13771.55863048243,2886,6.220320453301047e-05,10920,2803,33055,0.8948120756933342,0.36835857896224544,0.9999272935351787,13753.435114541719,1.106065049351966,0.1908507477632737,0.9107111096650511,4097,0.9986740586200958,8.041807960077457e-05,0.9987151328813617,777.790492325562,98,1127,1,68,2.3962819996435547,2.5874669666798087,-0.28726088827296514,5.5582707428692935,15121.76417340959,0,1,10,2,1,34,7,5,89,2,2,35,0.8,0.08,smart,80,1
1127,14678.614770809101,13248.37934956196,3024,6.377613714951418e-05,10643,2822,31930,0.8870859330219923,0.3684881360398553,0.9999243961144174,13226.333407011733,1.117936559008387,0.2060139902311309,0.9025633247020416,4097,0.9987345226038559,8.452034769622366e-05,0.9988022026869766,834.3656901261146,98,1127,1,68,2.3025804788333915,2.422214538859089,-0.3023201016075462,5.329435220907573,14678.614770784685,0,0,10,1,2,34,3,4,89,2,2,35,0.8,0.08,smart,81,1
1127,15164.139094025213,13840.547168893798,2830,6.219720182623449e-05,10939,2786,33188,0.8972314529591239,0.3683265968226095,0.9999276637887275,13823.834755348162,1.1031400892004353,0.18662450815391438,0.9127156565285713,4097,0.9986883632136573,7.979697455566206e-05,0.9986930543825931,764.6426687124116,98,1127,1,68,2.4063016352510176,2.37588753481626,-0.28476120308088054,5.351711576229039,15164.139094000246,0,0,10,2,2,34,8,8,89,2,2,35,0.8,0.08,smart,82,1
1126,14844.713214145611,13443.479284297886,2947,6.340298928651814e-05,10745,2818,32351,0.8917840965653678,0.36840485336895973,0.999925509877301,13424.098635424263,1.113239528411999,0.19852185471604714,0.905607207789472,4097,0.9986657694767357,8.292534906470943e-05,0.9987444856551234,795.9862151026093,98,1127,0,68,2.3376334374885523,2.3180627300399688,-0.29908294157370563,5.253862050675933,14844.713214120511,0,0,10,1,1,34,4,6,89,2,2,35,0.8,0.08,smart,83,1
1127,15256.529661766706,13878.590129034686,2931,6.169738738680208e-05,11022,2842,33330,0.8944904608800338,0.3683570921714471,0.9999278533324815,13860.154053207752,1.1074709181089606,0.1921144627893438,0.9096819812053868,4097,0.9986561725982955,7.99003361153984e-05,0.9986936341991449,764.9822692361619,98,1127,1,68,2.4196748710420612,3.0781570323365948,-0.2877838089470549,6.073399521272766,15256.529661738668,1,1,10,2,5,34,4,11,89,2,2,35,0.8,0.08,smart,84,1
1127,15660.362551849987,14268.158419959089,2971,6.01423328228195e-05,11307,2899,34241,0.8956113615556363,0.36836060550017574,0.9999298265079647,14249.895278696853,1.1054610968491874,0.18971463720353207,0.9111001340306496,4097,0.998722528200564,7.75740654752759e-05,0.9987285770482027,786.0202242817849,98,1127,1,68,2.480285323811786,3.208178144395873,-0.29883846532956004,6.286140398866779,15660.362551811486,0,2,10,1,2,34,7,6,89,1,2,35,0.8,0.08,smart,85,1
1126,19388.811201629025,18012.373029644517,3062,4.892433156859608e-05,13880,3286,42848,0.9109090335393261,0.36815320295533216,0.9999444416055122,17998.580228327868,1.0811178164601072,0.15792613420995788,0.929008635048813,4097,0.9987069202217099,6.006517013493901e-05,0.9987110964436008,775.3531323049702,98,1127,0,68,3.1511390983515555,2.6867566700770693,-0.2926994809713952,6.423294730371415,19388.811201588214,1,1,10,5,3,34,12,8,89,2,2,35,0.8,0.08,smart,86,1
1127,15230.57405323447,13874.199537257557,2888,6.185911778364086e-05,10997,2821,33298,0.8958200782679113,0.3683382945114854,0.9999278342637216,13856.49157433456,1.1056600726317902,0.18961859151899035,0.9109439663117055,4097,0.9987189086011569,7.979077321556579e-05,0.9987598392767749,805.8469944068039,98,1127,1,68,2.4113494550914445,2.4246108416682084,-0.2915030831886093,5.418966463136872,15230.574053208104,0,1,10,2,1,34,8,3,89,2,2,35,0.8,0.08,smart,87,1
1127,14726.159225216985,13377.012859484877,2865,6.389446919087682e-05,10646,2760,32146,0.8932615325564637,0.3683905017362777,0.9999251449219331,13358.647106078228,1.109317965806162,0.1945517467374651,0.9083843692643335,4097,0.9986510016886687,8.303808293153198e-05,0.9986799742218341,757.0608531583647,98,1127,1,68,2.3256403737023175,2.328613815600054,-0.28769755445832096,5.229649298219013,14726.159225185198,0,0,10,2,2,34,5,7,89,2,2,35,0.8,0.08,smart,88,1
1127,23712.939190002377,22283.9375602879,3307,4.0081588967245516e-05,16892,3791,52736,0.919340052718789,0.36808116212523556,0.9999551003603461,22271.393661946408,1.0674549271199039,0.13945972591176153,0.9397374733572902,8193,0.9986611537027706,4.7928341574805495e-05,0.9986788775178156,756.4319786333066,98,1127,1,68,3.9166019517920336,2.3805441005080143,-0.2915505220207511,6.8802470963415505,23712.93918993504,3,0,10,4,1,34,10,5,89,2,2,35,0.8,0.08,smart,89,1
1127,16098.80571184759,14727.910531356329,2948,5.8588982464128514e-05,11602,2928,35278,0.898775687079551,0.36829895181940114,0.9999320254740701,14710.893510070002,1.100207486499964,0.183119173730414,0.9148449142732136,4097,0.9986346755058876,7.478608231961063e-05,0.9986829132476337,758.7513200427459,98,1127,1,68,2.564297646040518,2.297355592392828,-0.2926332699873685,5.446919778408083,16098.805711817138,0,0,10,4,1,34,9,4,89,2,2,35,0.8,0.08,smart,90,1
1127,16036.271023396592,14656.422507209572,2942,5.894483114587195e-05,11561,2930,35123,0.8992493393993635,0.36830376681061044,0.9999316951042383,14639.739011561782,1.1013398571871982,0.18345910939692164,0.913954527572286,4097,0.9986453120242781,7.522690414371895e-05,0.998677025793757,755.3725252007346,98,1127,1,68,2.550548503403507,2.3684474422678905,-0.29528486365413137,5.509565672979661,16036.271023369793,1,0,10,2,1,34,9,5,89,2,2,35,0.8,0.08,smart,91,1
1127,15618.208113470326,14258.295388490395,2912,6.037154057871525e-05,11266,2866,34186,0.8972222616488333,0.36833048917911787,0.9999297827223547,14241.009114609693,1.1028715415070331,0.18644904580881277,0.9129277369657381,4097,0.998684027912522,7.744063723732571e-05,0.9986904759418943,763.1361094797118,98,1127,1,68,2.4807311079677845,2.3901644067973074,-0.29091185803794994,5.452719230840992,15618.208113442313,0,0,10,2,2,34,6,6,89,2,2,35,0.8,0.08,smart,92,1
1127,15520.810916707875,14144.444636925306,2919,6.085557666105951e-05,11204,2871,33940,0.8970573484974329,0.3683221249801968,0.9999292171461416,14127.215189086206,1.1050186075609219,0.18807007028593775,0.9113212391305576,4097,0.998656001733198,7.821637061016219e-05,0.9986755833956722,754.5493179126092,98,1127,1,68,2.460377257268448,2.4839992114257337,-0.2939813792320517,5.532339227158285,15520.810916680315,0,0,10,3,3,34,9,9,89,2,2,35,0.8,0.08,smart,93,1
1127,16059.473593338449,14709.393900892417,2909,5.878171267314124e-05,11568,2906,35215,0.8997778289404055,0.3683003346404974,0.9999319426069467,14692.980821860563,1.0986853414535727,0.1811391876011844,0.915932506467332,4097,0.9986838210572309,7.477366012526899e-05,0.9986870922583497,761.1680323666707,98,1127,1,68,2.562769414126187,2.6023189381561553,-0.2871815341099035,5.739451420502149,16059.47359331037,0,1,10,4,2,34,8,6,89,2,2,35,0.8,0.08,smart,94,1
1127,14812.324915658824,13428.738429821153,2921,6.350902875879964e-05,10717,2799,32299,0.8922073263237305,0.3684146900957273,0.9999254294835631,13409.62570809951,1.1118592061145551,0.19720064315575941,0.9065922133280363,4097,0.9986806470814228,8.29119152050632e-05,0.9987403114053532,793.3468855967168,98,1127,1,68,2.3355234054290794,2.6240580498658583,-0.2931056834147847,5.545792822124508,14812.324915635174,0,0,10,1,3,34,4,8,89,2,2,35,0.8,0.08,smart,95,1
1127,15060.955299116029,13723.610220327477,2853,6.254494671960827e-05,10873,2786,32932,0.8957911481268681,0.3683468737460549,0.9999270426586285,13706.139808388805,1.1053040001946401,0.18943021497231657,0.9112044985043515,4097,0.9986259639979699,8.064004126178499e-05,0.9986460092652538,738.0573781712044,98,1127,1,68,2.3869255336827013,2.474240455752928,-0.2858260721896396,5.432818133814909,15060.955299090641,0,1,10,1,2,34,8,6,89,2,2,35,0.8,0.08,smart,96,1
1127,14643.45845816879,13284.301374050798,2873,6.428754267188164e-05,10592,2760,31942,0.8927141854986176,0.3684091080200086,0.9999246204629694,13265.699805925437,1.111002668390702,0.19619682114079473,0.9071833277636819,4097,0.9986149302805397,8.374686678327116e-05,0.9986820439870903,758.2505541600715,98,1127,1,68,2.307082521245157,2.4177729040360214,-0.2915791394707693,5.308013704222717,14643.458458134244,0,0,10,0,3,34,2,5,89,2,2,35,0.8,0.08,smart,97,1
1127,15642.809145122264,14286.954743446524,2897,6.033393330954084e-05,11281,2866,34248,0.8980856750428734,0.36830845607718077,0.9999299257310257,14270.073410580671,1.102274422589264,0.1851969152806126,0.9133241101967595,4097,0.9986990401984709,7.724107437217278e-05,0.9987136180972795,776.874013034714,98,1127,1,68,2.4846072793037353,2.3750923562613186,-0.2914014420984774,5.442502519762009,15642.809145101468,0,0,10,1,2,34,12,6,89,2,2,35,0.8,0.08,smart,98,1
1127,15591.92381586825,14190.41745514929,3002,6.019035202526888e-05,11264,2897,34071,0.8936309208418544,0.36838883950120555,0.9999294349509158,14170.821533295573,1.1070211923547846,0.192535573894018,0.9101133139649763,4097,0.9987793739144016,7.811700477601168e-05,0.9988392125615407,860.9840706550697,98,1127,1,68,2.4642140177465546,2.3544553529196315,-0.30276447663544953,5.424198323937085,15591.923815842594,0,0,10,0,2,34,7,3,89,2,2,35,0.8,0.08,smart,99,1
1123,14574.470077175836,13100.05748299915,3086,6.421312688046054e-05,10586,2848,31632,0.8847064599672289,0.3685628214539191,0.9999235300912643,13076.539270040026,1.1234125378653128,0.21174011704430964,0.8988359380224965,4097,0.9987236224691661,8.590725424330014e-05,0.9988133326532169,842.1960472898548,98,1127,0,68,2.2818680046478077,2.6961541461280008,-0.313763353704188,5.605548858184185,14574.470077146456,0,0,10,0,2,34,3,9,89,2,2,35,0.8,0.08,smart,100,1
1127,19727.390871606487,18289.15784905166,3199,4.7981497952874023e-05,14136,3376,43546,0.908472324034937,0.36819144587102887,0.9999452786066051,18273.888455969372,1.08368386324062,0.16216031916335683,0.9270946152020099,4097,0.9986809937940995,5.9300690996379756e-05,0.9987197113024376,780.5737259662891,98,1127,1,68,3.203774731654074,2.319910573420837,-0.2970932136100312,6.117871732294974,19727.39087156323,2,0,10,4,2,34,9,4,89,2,2,35,0.8,0.08,smart,101,1
1126,14306.688401206737,12920.020005665603,2906,6.573726395547362e-05,10369,2747,31131,0.8895202628775706,0.3684392720131774,0.9999224847112426,12900.180827346432,1.1169199390016358,0.2031217790243398,0.9030755156850854,4097,0.9986866463532021,8.657837159055292e-05,0.998738134415321,791.9773283031848,98,1127,0,68,2.244764107134132,2.7951529611943506,-0.29638836199230734,5.632693792313098,14306.688401181853,0,1,10,0,3,34,2,9,89,2,2,35,0.8,0.08,smart,102,1
1127,16599.192359067914,15180.98679548917,3049,5.678946045202348e-05,11965,3022,36369,0.8984518583401706,0.368315661389897,0.9999340529616295,15163.183227435733,1.1006226368500074,0.18368363556762884,0.9145617730730136,4097,0.998753772043665,7.25828032640131e-05,0.9987897825466067,825.7976831725507,98,1127,1,68,2.636928748392238,2.652915745888773,-0.30880192756748764,5.907448349415986,16599.192359033055,0,0,10,2,4,34,8,8,89,2,2,35,0.8,0.08,smart,103,1
1127,14946.051064573174,13515.568697232062,3005,6.288712660645642e-05,10826,2853,32546,0.8904268029433065,0.36844289439724737,0.9999259017056634,13495.087293819812,1.115212080292725,0.20105645210344503,0.9042902796758266,4097,0.9987348898513363,8.263531297342632e-05,0.9987741392633569,815.2532457020407,98,1127,1,68,2.3508337851513366,2.6853208506759567,-0.30152665221318,5.639207940253653,14946.05106454905,0,0,10,2,2,34,6,11,89,2,2,35,0.8,0.08,smart,104,1
1126,15170.166242099203,13812.03445013994,2910,6.194798963049072e-05,10957,2815,33156,0.8940812991909761,0.3683791162010618,0.9999275047436048,13793.505970691192,1.1064428622237195,0.19182387019097838,0.9104735063357269,4097,0.9987167804266539,8.02118589838244e-05,0.9987396924173221,792.9569951781986,98,1127,0,68,2.4051977797080095,2.475832707773989,-0.2893255314939056,5.45968155046981,15170.166242066782,0,0,10,2,3,34,8,3,89,2,2,35,0.8,0.08,smart,105,1
1127,16215.019293364872,14807.919720928656,2995,5.829394892851126e-05,11694,2973,35499,0.8986846654822049,0.3683054538049654,0.9999323924872495,14790.755571105372,1.1023565769001096,0.18470529980963657,0.9132224546280993,4097,0.9986737617467318,7.452758632839385e-05,0.9987006305177779,769.1039293624417,98,1127,1,68,2.5838066026101583,2.6553555652221186,-0.29374784163686496,5.826657851106006,16215.019293331976,1,0,10,1,3,34,5,11,89,2,2,35,0.8,0.08,smart,106,1
1127,16376.708153797503,14988.98137184659,2989,5.7595272873266395e-05,11800,2972,35896,0.8990074353042025,0.36829396936803027,0.9999332098768953,14971.77364082216,1.0996418611987913,0.18251531210848973,0.9152621656978652,4097,0.998648059155765,7.344521528070868e-05,0.99871942394213,780.3984535596226,98,1127,1,68,2.612247526029009,2.4387847601881347,-0.29400059353846797,5.639033473294079,16376.708153762731,1,1,10,2,2,34,9,4,89,2,2,35,0.8,0.08,smart,107,1
1126,15341.022854297764,13977.191554106665,2904,6.146072875196353e-05,11076,2840,33543,0.8960407143891546,0.36834333148838383,0.9999283672465876,13959.594397259449,1.1054114531984098,0.18929637401501223,0.9110990633972608,4097,0.9987027137557705,7.918366604634493e-05,0.9987327071261367,788.5834760482262,98,1127,0,68,2.4277378509187453,2.296972076914796,-0.2971329935334761,5.318975914900493,15341.022854266004,0,0,10,1,0,34,7,4,89,2,2,35,0.8,0.08,smart,108,1
1127,15233.677367209899,13842.214130971892,2947,6.183298310454947e-05,11011,2852,33259,0.8940899699468058,0.36836623747157354,0.9999276627266795,13823.631787963748,1.108877514932929,0.19345296141976476,0.9086587432110715,4097,0.9986682683395333,8.021317587658569e-05,0.9987179762475216,779.5166424479297,98,1127,1,68,2.4069735115180486,2.4580823209858385,-0.29642974796454746,5.457915328432982,15233.67736718443,0,0,10,3,2,34,5,7,89,2,2,35,0.8,0.08,smart,109,1
1127,15326.22614624857,13974.010976893036,2894,6.142435835898309e-05,11062,2827,33524,0.8958722671474407,0.3683523443511927,0.9999283503273083,13956.297875061333,1.1045377078813619,0.18882665389276995,0.9117711590281787,4097,0.9987199174977625,7.913976524549915e-05,0.9987381412382156,791.9816132444714,98,1127,1,68,2.43276804431971,2.3358399566279204,-0.28705913335945377,5.342726267666538,15326.226146222089,0,0,10,3,2,34,7,5,89,2,2,35,0.8,0.08,smart,110,1
1127,14997.855734832256,13586.06684362257,2964,6.282498611705176e-05,10855,2844,32690,0.8924491360255558,0.3683975934843929,0.9999262937713833,13566.874403970733,1.112816568998934,0.1976282511583414,0.9058672842191147,4097,0.9986713903199925,8.202151244331347e-05,0.9986999367889895,768.693259675479,98,1127,1,68,2.3632619665251884,2.441086030999239,-0.29829184621758364,5.400931689959595,14997.855734805522,0,0,10,1,1,34,5,9,89,2,2,35,0.8,0.08,smart,111,1
1127,16496.33003161244,15036.724969438672,3129,5.7048337816331176e-05,11908,3047,36078,0.895299762871237,0.36836368837117933,0.9999334124826076,15017.329749340204,1.1049274913142577,0.18967855238127498,0.911519407081655,4097,0.9987286523107567,7.357437854544897e-05,0.9987889430700394,825.2249126487363,98,1127,1,68,2.6202216704624433,2.3192370589783566,-0.3072548213900178,5.553968372220835,16496.33003158862,2,0,10,2,1,34,3,3,89,2,2,35,0.8,0.08,smart,112,1
1123,14864.19073392465,13497.16831743858,2868,6.355100287972832e-05,10746,2792,32441,0.8951456157321735,0.3683621773435919,0.9999258168889346,13479.657210705898,1.1096115698073856,0.1929469320825077,0.9080325030163866,4097,0.9986440878206041,8.231443832230275e-05,0.998655202669313,743.1063608789548,98,1127,0,68,2.3574290762025973,3.342237599631246,-0.2897999057905796,6.279266487415002,14864.19073389169,0,2,10,1,8,34,5,11,89,2,2,35,0.8,0.08,smart,113,1
1127,16204.637144341872,14840.994233935851,2939,5.8241214371797095e-05,11673,2933,35532,0.8996227943162632,0.36828212625640794,0.999932545630586,14824.336527386515,1.098811276817447,0.18136783772577114,0.9158485994928828,4097,0.9987120093432919,7.411962178280924e-05,0.9987271723312491,785.1522052885837,98,1127,1,68,2.586412909822247,2.429550617507695,-0.28929909449252844,5.594561716314999,16204.637144313758,1,0,10,3,2,34,9,7,89,2,2,35,0.8,0.08,smart,114,1
1127,29363.405526105373,27918.36952164905,3469,3.255302450993508e-05,20810,4402,65727,0.9301793223703937,0.3680135156902892,0.9999641689439347,27908.25038878067,1.0538925866062923,0.11814024762611083,0.9507878606528924,8193,0.9986623543655587,3.776208435767836e-05,0.9987412650483134,793.9483201506753,98,1127,1,68,4.888432428082398,2.232816433253679,-0.32246473713446006,7.766178335604997,29363.405525996994,1,0,10,8,1,34,9,1,89,2,2,35,0.8,0.08,smart,115,1
1126,15464.579902762269,14079.572849810529,2942,6.097851378922349e-05,11168,2872,33799,0.8956934530501671,0.368337126490639,0.9999288871299584,14061.652167306424,1.1063241961227277,0.19024118459722936,0.9104400467610277,4097,0.9986524598026305,7.867388878294473e-05,0.9986836452499634,759.1735268193928,98,1127,0,68,2.4525788762255467,2.513244152083245,-0.29423815800817377,5.554299344325139,15464.579902735846,0,1,10,2,3,34,6,7,89,2,2,35,0.8,0.08,smart,116,1
1127,15047.85822832667,13623.821501953496,3015,6.235431483148843e-05,10895,2858,32788,0.8901676950290466,0.3684389902002881,0.9999264902474531,13603.137135237406,1.1137528649643147,0.20036073933262127,0.9053661521283799,4097,0.9987493594793261,8.18716975022383e-05,0.9987858535776075,823.1237892204964,98,1127,1,68,2.3677329932934814,2.3666436774603077,-0.30269437641360486,5.3397654235809995,15047.858228299432,0,0,10,1,2,34,4,6,89,2,2,35,0.8,0.08,smart,117,1
1127,15273.735995590361,13845.98083815348,3036,6.143061016967995e-05,11053,2886,33304,0.8907378272273226,0.36842448668925126,0.9999276718012102,13825.366208428746,1.1121124926028703,0.1987725858870754,0.9065222053170826,4097,0.9986729417756314,8.04370934417377e-05,0.998741036459142,793.8040726603306,98,1127,1,68,2.410106521115632,2.3721451040303183,-0.30040563426419054,5.383062893674331,15273.7359955653,0,0,10,3,1,34,6,4,89,2,2,35,0.8,0.08,smart,118,1
1127,15394.976487883132,13945.956334597173,3062,6.098393737162962e-05,11143,2917,33555,0.8911142152877948,0.3684330480908173,0.9999281899949218,13925.136107137938,1.1129993100924025,0.19889604913719727,0.9058770791610865,4097,0.9987424206997718,7.992448611004454e-05,0.9988168812026037,844.7235612215329,98,1127,1,68,2.42369998149825,2.6486797211962596,-0.3083277891944008,5.689035281083311,15394.976487853086,0,1,10,2,3,34,7,8,89,2,2,35,0.8,0.08,smart,119,1
1127,16354.754785135532,14923.788470288486,3036,5.781355978160386e-05,11799,3009,35789,0.8984035713313621,0.3683022360914124,0.999932916814897,14906.365231431973,1.103327826753131,0.18563408867244846,0.9125045692432137,4097,0.9987302674741486,7.401474483151468e-05,0.9987384644758185,792.1846673163845,98,1127,1,68,2.5951130340000703,3.085280216333583,-0.3072391905080718,6.294871631349796,16354.754785103381,0,2,10,3,2,34,9,8,89,2,2,35,0.8,0.08,smart,120,1
1127,14993.701169847978,13578.731131834564,2982,6.269585321264769e-05,10854,2845,32676,0.8913822772729024,0.3684148061471567,0.9999262499351358,13558.810102139763,1.1132720438796901,0.198883515565639,0.9056290356874065,4097,0.9987865849008936,8.210388544791049e-05,0.9988016247256594,833.9630448113829,98,1127,1,68,2.3596296379410036,2.341330250881656,-0.3011868961886392,5.303333681199938,14993.701169820537,0,0,10,1,2,34,7,5,89,2,2,35,0.8,0.08,smart,121,1
1127,14947.894293147527,13578.131822062787,2902,6.299034563748018e-05,10806,2802,32630,0.8936733403270493,0.3683776993703925,0.9999262547396234,13559.693488228319,1.1093100997000611,0.19414105713407048,0.9083641853346078,4097,0.99865657166051,8.180636214102102e-05,0.9987121614090569,775.9947165995119,98,1127,1,68,2.3618817443640285,2.335044027214948,-0.29080579656080874,5.278537364700594,14947.894293111458,1,0,10,1,1,34,5,5,89,2,2,35,0.8,0.08,smart,122,1
1127,15720.063728335113,14314.119898492623,3017,5.97163527339676e-05,11354,2915,34360,0.8938701945612308,0.3683837918190346,0.9999300462932942,14294.66814309205,1.1063659911499386,0.191920341554463,0.9105637321744248,4097,0.9986706239655825,7.739440205429022e-05,0.9987153061287842,777.8954487372963,98,1127,1,68,2.4940677097903796,3.2598806816548125,-0.29565078680341866,6.345249965052029,15720.063728306053,0,1,10,3,2,34,7,5,89,1,2,35,0.8,0.08,smart,123,1
1127,18126.217055872097,16769.98050924549,2986,5.2255562338563966e-05,12999,3133,39967,0.9076518155080704,0.3681965138637731,0.9999403201675224,16755.57920111186,1.0861620699100236,0.16473376605807924,0.9251781801770246,4097,0.9986293343749657,6.482197037603859e-05,0.9986620337473187,746.9028950405872,98,1127,1,68,2.926913385030379,2.2754071543813175,-0.2898065893842091,5.781933718180114,18126.217055826204,1,0,10,5,2,34,12,5,89,2,2,35,0.8,0.08,smart,124,1
1126,15042.678639833613,13695.419756242947,2853,6.274344824676809e-05,10863,2794,32877,0.8962527329779314,0.36833150088981753,0.9999268939624875,13678.260791584471,1.1062792904269514,0.18966037022456506,0.9104375679459726,4097,0.9986764894608868,8.087569530546728e-05,0.9987007557055824,769.1780840489527,98,1127,0,68,2.383567584239086,2.483555418771883,-0.28831139263557165,5.443745788282112,15042.678639804324,0,0,10,2,3,34,7,7,89,2,2,35,0.8,0.08,smart,125,1
1127,16285.326184879246,14917.230207887396,2953,5.793354838139831e-05,11730,2945,35712,0.8995333672674166,0.36830074320606826,0.9999328900958123,14900.430223772735,1.09863228120315,0.18132888260732716,0.9159921047045337,4097,0.9986210551082815,7.372910712933904e-05,0.9986845553894665,759.6991354846945,98,1127,1,68,2.601929615672261,2.363269336962732,-0.28810165049420533,5.541402253623403,16285.326184848038,1,0,10,3,1,34,7,7,89,2,2,35,0.8,0.08,smart,126,1
1127,16737.411093052804,15370.62164819886,2960,5.64388686401134e-05,12042,2993,36754,0.9018378069421918,0.36827249511321136,0.9999348747722365,15354.532665350704,1.0953832400182208,0.17684933371975353,0.9183392558589148,4097,0.9986506912142474,7.133708299454778e-05,0.9986694962825513,751.0949330072641,98,1127,1,68,2.68534833633673,3.307755565305318,-0.28491095257459653,6.562925806791241,16737.411093015326,1,1,10,2,3,34,8,8,89,1,2,35,0.8,0.08,smart,127,1
1127,14366.111895561173,12972.019487415826,2907,6.554341384588277e-05,10412,2760,31258,0.8903470367642071,0.3684409202650044,0.9999227975502153,12952.456833519727,1.1170131615631165,0.20235120129463854,0.9029596582373766,4097,0.9987369751688446,8.62361525145452e-05,0.9987376399127819,791.6668921929637,98,1127,1,68,2.2545235261719387,2.969678322459993,-0.2949195786260801,5.814041005884092,14366.111895536837,0,1,10,0,4,34,2,9,89,2,2,35,0.8,0.08,smart,128,1
1127,14867.08563697949,13516.69811355557,2862,6.338857539419778e-05,10743,2777,32469,0.8945787077787491,0.36836744062453997,0.9999259225321334,13498.881503478495,1.1081324810670852,0.1925057855913088,0.9091693182916061,4097,0.9986334483604107,8.208764825836305e-05,0.9987005072431439,769.0309218993498,98,1127,1,68,2.3496446093160706,2.2973582680114424,-0.28870244249520527,5.224407762317923,14867.085636956539,0,0,10,2,1,34,7,4,89,2,2,35,0.8,0.08,smart,129,1
1127,14579.097922726547,13229.5267576813,2851,6.458287476829751e-05,10544,2745,31807,0.8931015855551159,0.36839320836765954,0.9999243095767799,13211.211032647196,1.1106306797914614,0.19555393722650935,0.9074310926369816,4097,0.9986830667228113,8.406410619470745e-05,0.9987457154751365,796.7671662548341,98,1127,1,68,2.298596560894122,2.616249323621302,-0.2886435318659817,5.492132948247388,14579.097922703186,0,0,10,1,3,34,4,9,89,2,2,35,0.8,0.08,smart,130,1
1127,14844.58331205743,13463.155627226903,2921,6.33965444187643e-05,10739,2801,32376,0.8923646284015749,0.36839020593149713,0.9999256208448386,13444.127024453806,1.1113628591733016,0.1967721113214026,0.9069406223273058,4097,0.9986454414460978,8.266223054315907e-05,0.99865275399955,741.7548282258982,98,1127,1,68,2.3434188869966195,2.5914722615973345,-0.2909348507201437,5.516760850034241,14844.583312033961,0,0,10,1,2,34,9,11,89,2,2,35,0.8,0.08,smart,131,1
1127,19665.967018183208,18219.839489635044,3216,4.809231407023124e-05,14096,3376,43394,0.907683002453675,0.36819266091201514,0.9999450690159541,18204.162033976972,1.0845373177957516,0.16353124140940933,0.926465475752549,4097,0.9986760228079473,5.957470210089415e-05,0.9987157898509406,778.1886462555293,98,1127,1,68,3.1976979986711496,2.42540693582858,-0.29226952894890923,6.207643992397548,19665.967018139032,1,0,10,2,0,34,8,8,89,2,1,35,0.8,0.08,smart,132,1
1126,15018.489302635195,13617.372170829933,2976,6.252361195514591e-05,10867,2836,32751,0.8911878972189824,0.36843551532803853,0.999926459306758,13597.413691938207,1.1118053867396078,0.19815574922557763,0.9067071858179893,4097,0.998707586255249,8.176293889131434e-05,0.9987349218605419,789.9649012237114,98,1127,0,68,2.367693398828872,2.3643007234583986,-0.2998890705518893,5.3317722633910485,15018.489302613685,0,0,10,1,2,34,5,2,89,2,2,35,0.8,0.08,smart,133,1
1127,15844.39450926548,14456.532214750352,2995,5.9270388694769486e-05,11434,2913,34670,0.8951031381626847,0.36837141638379345,0.9999307391418285,14437.669349911532,1.1037831151363746,0.18902584117358256,0.9124067320020633,4097,0.9986878861275151,7.644896578966941e-05,0.9987451139276019,796.3849847686438,98,1127,1,68,2.5191663704224116,2.358640883383234,-0.2926161511819605,5.463039556169567,15844.394509240637,1,0,10,3,2,34,5,5,89,2,2,35,0.8,0.08,smart,134,1
1127,17637.647039195734,16264.335321770037,2997,5.366196752838669e-05,12667,3096,38819,0.9052731792906988,0.3682117293960267,0.9999384602516426,16249.160201342784,1.0902143486517364,0.16992062452207124,0.9221374759130956,4097,0.9987115351804877,6.709151667191998e-05,0.9987186269365133,779.9127397252713,98,1127,1,68,2.8347305360460213,2.851570526340961,-0.2952866847453077,6.276874431877598,17637.64703915914,0,1,10,5,4,34,8,5,89,2,2,35,0.8,0.08,smart,135,1
1127,16014.440879170541,14683.732244012379,2860,5.908778211231142e-05,11529,2885,35137,0.9014473445623251,0.3682752825180533,0.999931827945479,14668.267233708504,1.0972641272121633,0.17858881378243485,0.9169057074675039,4097,0.9986565635167145,7.480274990426966e-05,0.9986782029478974,756.0456835581482,98,1127,1,68,2.55177565928312,2.3543189836902014,-0.2901836804041183,5.486462003781558,16014.440879137586,0,0,10,1,2,34,7,8,89,2,2,35,0.8,0.08,smart,136,1
1125,14740.739577278524,13361.503573413036,2923,6.374504196724411e-05,10667,2787,32140,0.8913005081623897,0.36841196552637184,0.9999250516120471,13342.01512068414,1.112157803666875,0.19829398550026162,0.9064337310462053,4097,0.9986806932242623,8.335443453431619e-05,0.9986899614946051,762.8362323102534,98,1127,0,68,2.3289495203996147,2.414482081824713,-0.29162640444549154,5.326684411115311,14740.739577253724,0,0,10,2,1,34,6,5,89,2,2,35,0.8,0.08,smart,137,1
1126,15605.075156382334,14187.045813918267,2992,6.048074350117649e-05,11276,2916,34080,0.8953759133110974,0.3683559894519542,0.9999294247518334,14168.773584768398,1.1081147710278105,0.19173249535913314,0.9091302458813146,4097,0.9987091190361764,7.82054749626376e-05,0.9987496905399983,799.30189036106,98,1127,0,68,2.4694486326465084,2.6343861136437146,-0.3023231535617749,5.708481053413773,15605.075156352634,0,1,10,2,3,34,6,9,89,2,2,35,0.8,0.08,smart,138,1
1126,24945.954326666477,23493.390099784316,3394,3.811846326671847e-05,17753,3943,55545,0.9208485170827477,0.36806974560272115,0.999957413131033,23480.91631695364,1.0649329322495147,0.13605412547283932,0.9417715510955853,8193,0.9986666367901663,4.535215924451881e-05,0.9987130120594352,776.5079503962423,98,1127,0,68,4.140844302893925,2.237266235750999,-0.2900534460564155,6.958217430757754,24945.954326590414,2,0,10,2,0,34,7,2,89,2,1,35,0.8,0.08,smart,139,1
1127,16742.118452529026,15320.843305358245,3057,5.636452885019688e-05,12064,3041,36694,0.8990793471404421,0.3683027352501192,0.9999346568012332,15303.311544527216,1.0998365175892117,0.18259338020262403,0.9151078072228018,4097,0.9986817851399173,7.186683618018711e-05,0.9987034137674023,770.755960207902,98,1127,1,68,2.672928213756024,2.3816149830196935,-0.2981664539446989,5.650876104665116,16742.118452493574,1,0,10,4,1,34,6,7,89,2,2,35,0.8,0.08,smart,140,1
1127,14476.412995381177,13051.26331013377,3021,6.446932747810543e-05,10503,2793,31471,0.8852872312075081,0.3685516824205194,0.9999232462345136,13028.176745322171,1.119582475400691,0.20868429223205195,0.9015536731577005,4097,0.99874677279118,8.593217076010082e-05,0.9987997482603028,832.6584506845584,98,1127,1,68,2.267980720982953,2.407669650210538,-0.30103666949824287,5.277723710189977,14476.41299536154,0,0,10,1,1,34,1,4,89,2,2,35,0.8,0.08,smart,141,1
1127,28177.46039809803,26731.61785538581,3432,3.3911962767361624e-05,19989,4278,62995,0.9285163811126876,0.3680247544496257,0.9999625772013189,26721.17863243001,1.0564105137713842,0.1217994791408405,0.9486879753432353,8193,0.9986556693595535,3.95338379818428e-05,0.9986693732935045,751.0254635074658,98,1127,1,68,4.69361799315844,2.63381836269019,-0.30681863470229925,7.941073625253228,28177.460397995266,2,1,10,9,4,34,13,9,89,2,2,35,0.8,0.08,smart,142,1
1126,15978.88985445551,14609.350735454509,2940,5.905457090000498e-05,11519,2914,35004,0.8984402396612979,0.3683045244106082,0.9999314731728727,14592.32505157635,1.1009599922775248,0.1839927571176178,0.914290721603596,4097,0.9986621182045086,7.544529506505338e-05,0.9986684149922667,750.4846133247488,98,1127,0,68,2.5497034395636797,2.608733521440526,-0.28846527347941925,5.735367507963044,15978.889854432646,1,0,10,4,5,34,5,9,89,2,2,35,0.8,0.08,smart,143,1
1127,14922.57449136988,13560.196895964911,2902,6.298357536886565e-05,10787,2792,32581,0.8930385324125057,0.36838034073708453,0.999926155063449,13541.38988779572,1.1089230713653968,0.1944704649776286,0.9087035822007209,4097,0.9986618700762485,8.188835384489055e-05,0.9987282286966771,785.8047880683355,98,1127,1,68,2.359125216397658,2.4454655962920477,-0.2890690145418732,5.382728841773452,14922.574491344258,0,0,10,1,3,34,6,6,89,2,2,35,0.8,0.08,smart,144,1
1127,15242.928219556858,13873.410166955631,2934,6.161240057335631e-05,11011,2832,33309,0.8936965751258443,0.3683822203612696,0.9999278237142231,13854.46619563379,1.106927979127151,0.19248270133789933,0.9101538737915121,4097,0.9987003723159464,7.989395015613086e-05,0.9987427146221908,794.8642711800586,98,1127,1,68,2.4140738570310334,2.3407519510842003,-0.29097107988547993,5.3367679678861935,15242.928219524552,0,0,10,1,1,34,9,3,89,2,2,35,0.8,0.08,smart,145,1
1127,15539.65633000343,14165.657362269743,2937,6.059271882995014e-05,11217,2869,33987,0.8958693769951382,0.36833984767914296,0.9999293192233869,14147.618448918909,1.104804967904954,0.18900031877341728,0.911581122609461,4097,0.998702063847056,7.808847313767246e-05,0.9987595081817077,805.6317752679811,98,1127,1,68,2.460312095785713,2.30618249587857,-0.29739089090039417,5.361276373465072,15539.656329976213,0,0,10,1,1,34,10,5,89,2,2,35,0.8,0.08,smart,146,1
1127,14662.220422671473,13263.678359906884,2946,6.407103053061969e-05,10619,2795,31934,0.8902805551744771,0.3684467005010311,0.9999244946774292,13243.59942870919,1.1147627692317226,0.20092454724284084,0.9046159433940788,4097,0.9986695368685499,8.417052248096572e-05,0.9987118121822299,775.784209360296,98,1127,1,68,2.307565857697488,2.5081399572512613,-0.2944253441913173,5.404556503331384,14662.220422643417,0,0,10,2,2,34,6,10,89,2,2,35,0.8,0.08,smart,147,1
1127,17977.90658723489,16559.078467835796,3097,5.2603994254482995e-05,12918,3172,39543,0.9039347255799426,0.3682317933967654,0.9999395533744976,16543.020690919002,1.091660152063703,0.1722669981052748,0.9210793474471313,4097,0.9987163115901831,6.598717238776903e-05,0.9987310377775956,787.5454185872361,98,1127,1,68,2.8902293604857143,2.858496100006737,-0.30017109864352853,6.349067657779509,17977.906587193283,1,0,10,5,4,34,9,11,89,2,2,35,0.8,0.08,smart,148,1
1127,14754.307556042993,13381.531560148864,2906,6.373178318069307e-05,10674,2783,32180,0.8921357492447792,0.3684149232404294,0.9999251662706463,13362.458229798112,1.1113691122093714,0.19695942957416362,0.9069576128408767,4097,0.9986629676451145,8.316789535530967e-05,0.9987520586674186,800.8196165805356,98,1127,1,68,2.324892802956964,2.3893693051482527,-0.29344039243111003,5.301142892967437,14754.3075560118,0,0,10,1,1,34,3,4,89,2,2,35,0.8,0.08,smart,149,1
1127,17658.652630713215,16299.606695998638,2954,5.371745321542575e-05,12676,3086,38886,0.9070623546169037,0.3681910485989007,0.9999385967605925,16285.285722951612,1.0889345865601625,0.16728343106212917,0.923037959739305,4097,0.9986871105940499,6.686411111788227e-05,0.9986872398932601,761.2536906857168,98,1127,1,68,2.842357139718987,2.5712460083119564,-0.2913877814292102,5.996378710889363,17658.65263067009,1,0,10,3,4,34,12,10,89,2,2,35,0.8,0.08,smart,150,1
1127,16598.373879607545,15191.115733973294,3040,5.6771984440719714e-05,11961,3013,36381,0.8984281032834275,0.3683181066275598,0.9999340972395014,15173.37120164585,1.0997487782583486,0.18315047136845664,0.9152171076611799,4097,0.9986688063336351,7.24764803424535e-05,0.9987065013825999,772.5969689720085,98,1127,1,68,2.653598847175085,2.4868263826852974,-0.29198657954567964,5.724398388951741,16598.373879571507,1,0,10,3,3,34,7,8,89,2,2,35,0.8,0.08,smart,151,1
1127,14683.80064834622,13332.200045293604,2853,6.419676063317971e-05,10617,2758,32045,0.8939005635184811,0.3683696206449536,0.9999248954281332,13314.268657544158,1.1098318400710656,0.19429574592606053,0.9079529451930526,4097,0.9986791283174967,8.335344519316194e-05,0.9987039923019372,771.1002470003011,98,1127,1,68,2.3176833405994137,2.4707348417178965,-0.28813753754186905,5.364693257401048,14683.800648326129,0,0,10,1,3,34,5,9,89,2,2,35,0.8,0.08,smart,152,1
1127,15349.744993960729,13945.780520290278,3004,6.110343087352439e-05,11097,2873,33510,0.8919619465359617,0.36840454936852535,0.9999281932065045,13925.75893583426,1.109267880240372,0.1957035769116625,0.908534996886083,4097,0.9987449430252734,7.965296960760195e-05,0.9987464308446757,797.2221397938868,98,1127,1,68,2.426556356878886,2.419805237420561,-0.29744452935607424,5.441250653011595,15349.744993934,0,0,10,2,1,34,9,5,89,2,2,35,0.8,0.08,smart,153,1
1127,21033.786337506805,19562.227389937558,3309,4.499178889677663e-05,15051,3544,46511,0.9105554314591451,0.3681598808823705,0.9999488424276418,19546.948279607663,1.0798670435015616,0.15731832333484783,0.930038323868242,8193,0.9988127968305104,5.5243376415511505e-05,0.9988287758161571,853.3074088754785,98,1127,1,68,3.4242603512471534,2.3318304360873525,-0.30844352407757264,6.3729778354896505,21033.78633745483,1,0,10,7,0,34,11,3,89,2,2,35,0.8,0.08,smart,154,1
1127,15192.870219507722,13782.08745479452,2968,6.205870668584784e-05,10989,2865,33140,0.8935689205026833,0.3683795976033526,0.9999273455542491,13763.282645715119,1.1109747003442332,0.19535479189370505,0.9071417879353864,4097,0.9986978363424406,8.071725109700952e-05,0.998718585063522,779.8872380521759,98,1127,1,68,2.3979244344380377,2.5906059791485223,-0.29823709519517155,5.585004603976903,15192.870219483135,0,1,10,1,1,34,4,10,89,2,2,35,0.8,0.08,smart,155,1
1127,14725.503961136099,13320.188529711346,2958,6.383439448298999e-05,10665,2808,32071,0.8903912765784207,0.36842176863949777,0.9999248159628764,13300.19570333293,1.1147998326998638,0.2008759773388282,0.9045658854777605,4097,0.9987121867369134,8.381515200717896e-05,0.998743789451248,795.5447947243941,98,1127,1,68,2.3151770918402352,2.5211410423408465,-0.29804455165686167,5.432407237494805,14725.50396110614,0,0,10,2,4,34,6,9,89,2,2,35,0.8,0.08,smart,156,1
1127,16789.151465377246,15410.175624913116,2993,5.61999367551469e-05,12083,3009,36858,0.9008674560047661,0.36827899415311255,0.9999350397747598,15393.535287766685,1.0960777816831906,0.178269878985379,0.9178650664205473,4097,0.9986701479854728,7.120145957919786e-05,0.9987120815601433,775.9465751374692,98,1127,1,68,2.688379446181643,2.306910268469691,-0.2910618076511195,5.577413329953573,16789.151465347615,1,0,10,2,1,34,8,5,89,2,2,35,0.8,0.08,smart,157,1
1127,16618.58375301859,15168.997593872788,3106,5.67041438978655e-05,11989,3052,36372,0.8969086882012735,0.36832255277348547,0.9999339970664988,15150.341736728522,1.1031202224936225,0.18689919948418157,0.9127731832814875,4097,0.9987902485203516,7.280917068954228e-05,0.9988010302153297,833.5492754027981,98,1127,1,68,2.6487143392910726,2.4788222515794094,-0.30045757783131916,5.72845174653312,16618.583752984676,1,0,10,3,1,34,7,8,89,2,2,35,0.8,0.08,smart,158,1
1127,14951.711776876255,13608.507767118615,2879,6.283122473945846e-05,10801,2778,32673,0.8936430170374641,0.368372815640556,0.9999264193761113,13590.034392056055,1.1068943362319996,0.19255320347015725,0.9101638641914576,4097,0.9986399864119814,8.14459758389336e-05,0.9987265696009269,784.7803463042246,98,1127,1,68,2.3644877955968284,2.2195220776997604,-0.28887720473170203,5.161764282759993,14951.711776851269,0,0,10,1,1,34,3,2,89,2,2,35,0.8,0.08,smart,159,1
1127,16953.86854895683,15542.459570029761,3041,5.57152873360583e-05,12207,3055,37195,0.9007774328067657,0.36827489671236635,0.9999355922012458,15525.570118793883,1.0975488437522163,0.1793690915568124,0.9167500340791593,4097,0.9987005009010398,7.069070505173693e-05,0.9987251038746833,783.8775226930579,98,1127,1,68,2.713617064550978,2.532540870837046,-0.2950552600147758,5.836268455417576,16953.86854892802,1,0,10,3,2,34,9,8,89,2,2,35,0.8,0.08,smart,160,1
1125,20811.780176377488,19354.357746992824,3265,4.5553503843243334e-05,14892,3509,46018,0.9110904718548328,0.368151744462225,0.9999482940331691,19339.627669355825,1.0799041923717152,0.15688230282702842,0.9299712750647386,8193,0.9986990803984475,5.583749035160362e-05,0.9987194083519279,780.388946728868,98,1127,0,68,3.3987848771308693,2.6169601958347117,-0.3010871542148592,6.6179193813953,20811.780176319724,1,1,10,3,2,34,6,4,89,2,1,35,0.8,0.08,smart,161,1
1127,15565.760335979403,14180.730898529839,2947,6.056110148331252e-05,11238,2882,34032,0.8960582393597141,0.3683382412039793,0.999929395112993,14162.825542673414,1.1055255606355419,0.18932579818720263,0.9110207656064095,4097,0.9986912586434724,7.80555072922143e-05,0.9987100534870527,774.7258339472851,98,1127,1,68,2.466045946553502,2.5988080195207655,-0.29628951679206045,5.657432999658388,15565.760335952245,0,1,10,2,4,34,7,6,89,2,2,35,0.8,0.08,smart,162,1
1126,14840.790353641007,13461.40660548813,2927,6.331884084310445e-05,10736,2798,32370,0.8917959237142505,0.36840723273715875,0.9999256090393227,13441.993421704443,1.1112782982555627,0.19722669280089225,0.9070545627770786,4097,0.9987109399509494,8.266906018723892e-05,0.9987712570362008,813.3397562117445,98,1127,0,68,2.340099492339739,2.3126333937580945,-0.2959201086567696,5.244573103411373,14840.790353610344,0,0,10,0,1,34,5,3,89,2,2,35,0.8,0.08,smart,163,1
1127,16530.8869239583,15134.516042026382,3013,5.706316600519926e-05,11910,2997,36240,0.8990388330955689,0.36829601940687035,0.9999338525231475,15117.23460180428,1.0992760683208969,0.1822648726507979,0.9155295848096239,4097,0.9986913016702795,7.271433828407295e-05,0.9987116819755852,775.7057524977097,98,1127,1,68,2.6343677663183938,2.2890157932972475,-0.2992412707587851,5.521866101133211,16530.886923929902,0,0,10,4,0,34,7,3,89,2,2,35,0.8,0.08,smart,164,1
1127,14474.755690215768,13067.46321847915,2957,6.486012496880582e-05,10493,2782,31491,0.888612239076626,0.3684606655866645,0.9999233555351604,13046.756597115227,1.1174505898124263,0.20428669493874693,0.9027760812095862,4097,0.9987045618403055,8.564640244087976e-05,0.9987434112703808,795.3052183355958,98,1127,1,68,2.269866630872144,2.5993335694769915,-0.298856650440052,5.466913501229239,14474.755690194223,0,1,10,0,3,34,3,8,89,2,2,35,0.8,0.08,smart,165,1
1127,19245.814344218907,17753.727626799435,3278,4.911145392768232e-05,13821,3372,42367,0.9046001517816343,0.3682246193963424,0.9999436216292883,17736.798668112497,1.0898352767224504,0.17032274869598604,0.9224721442941869,8193,0.9987081474305356,6.144313724590045e-05,0.9987489129446709,798.804784766095,98,1127,1,68,3.114081549782351,2.6397010806521823,-0.3013247224756077,6.356432075385749,19245.814344173596,1,0,10,1,3,34,1,14,89,2,1,35,0.8,0.08,smart,166,1
1127,17945.53550659218,16558.955289870428,3049,5.265399133089252e-05,12885,3140,39511,0.904755921124618,0.3682152028386913,0.9999395542719726,16543.2663227684,1.0894839018958662,0.16990298221415398,0.9227339737946298,4097,0.9987136030427026,6.585464762445861e-05,0.9987172082787312,779.0496698352193,98,1127,1,68,2.8946890102653833,2.400022772673561,-0.2899668027876078,5.87464538851416,17945.535506553602,2,0,10,6,3,34,7,9,89,2,2,35,0.8,0.08,smart,167,1
1127,15508.108417844194,14116.292460440296,2966,6.071224094788601e-05,11201,2882,33891,0.8948477282422553,0.3683654221492567,0.9999290694745893,14097.802441579186,1.1066636439165949,0.19125478879082458,0.9102523712174707,4097,0.9986378946761684,7.84962337158886e-05,0.9986937623801108,765.057385955391,98,1127,1,68,2.459420668050303,2.459129999089729,-0.29268375392240414,5.5039181749848405,15508.108417816204,0,0,10,5,2,34,5,7,89,2,2,35,0.8,0.08,smart,168,1
1127,16062.856410979373,14660.265298236005,2975,5.886032327479491e-05,11587,2952,35154,0.8986437806371568,0.3683032864769837,0.9999317112433537,14643.19903219107,1.1030854648336805,0.1852098981577468,0.9126810900342319,4097,0.9987055441923612,7.532833486847133e-05,0.9987262854510123,784.6051599534941,98,1127,1,68,2.547706193284221,2.348565686356394,-0.30284507751486084,5.501962034670337,16062.856410952825,0,0,10,1,0,34,9,7,89,2,2,35,0.8,0.08,smart,169,1
1127,15628.594016196039,14242.624072702052,2981,6.011669142481444e-05,11283,2889,34176,0.8944123586232993,0.3683595149771886,0.9999296972923416,14223.703204905327,1.105285605353092,0.19074012652134706,0.9113183219131743,4097,0.9987249616635786,7.770457079232896e-05,0.9987527026559132,801.2333437083046,98,1127,1,68,2.481784250015862,2.292413151848568,-0.29170182206370515,5.357601045991841,15628.594016168361,1,0,10,2,0,34,5,3,89,2,2,35,0.8,0.08,smart,170,1
1127,20889.759476682906,19505.458384149177,3120,4.5487574356862337e-05,14922,3452,46294,0.9150669056241013,0.3681129939066303,0.9999486997782611,19492.59312676293,1.075003354481358,0.14935547742818847,0.9337330286603404,4097,0.9986223434788398,5.5147910455142565e-05,0.9986371610921614,733.2623246337256,98,1127,1,68,3.4259286408875687,2.6377882806439565,-0.28121589799951524,6.626148717530556,20889.75947662872,2,1,10,6,3,34,9,10,89,2,1,35,0.8,0.08,smart,171,1
1127,16210.531117839286,14832.271526780547,2964,5.817540598456654e-05,11682,2946,35526,0.8989142157582054,0.3682914697083179,0.9999325038831371,14815.1671242624,1.1000282502341028,0.18284410168018442,0.9149775179456028,4097,0.9986734408554029,7.424763533059584e-05,0.9986914414950429,763.6995779512581,98,1127,1,68,2.584862789084503,2.484084071322508,-0.29189517325929226,5.652737206925595,16210.531117807286,0,0,10,3,3,34,9,7,89,2,2,35,0.8,0.08,smart,172,1
1127,15998.128348059725,14582.400153407114,3018,5.893405594606361e-05,11548,2956,34988,0.8963138253447055,0.36834276496989804,0.9999313407755149,14564.185329713038,1.1048467474584178,0.18864706760313166,0.9115066360356889,4097,0.998741906703613,7.585792085554323e-05,0.9987529542980799,801.3951260453425,98,1127,1,68,2.5375070905260655,2.7177003737101644,-0.3015573900467752,5.858322244329781,15998.128348027958,0,1,10,4,3,34,6,6,89,2,2,35,0.8,0.08,smart,173,1
1127,17414.973425528366,15962.698631248633,3124,5.4259537214568e-05,12540,3141,38203,0.9008884624130051,0.3682759969418107,0.9999372880447894,15945.422851783494,1.0977255045328913,0.1793858608719191,0.9166076939198274,4097,0.9987144672086349,6.88405126737671e-05,0.9987263431278847,784.640713031697,98,1127,1,68,2.786500598033156,2.4141775014344904,-0.30400045351804367,5.808679006503734,17414.97342549101,1,0,10,3,2,34,11,8,89,2,2,35,0.8,0.08,smart,174,1
1127,16222.599548435031,14819.183882677822,3018,5.804666307564231e-05,11699,2969,35521,0.8971021507870159,0.3683197538753129,0.9999324395918042,14801.068349347635,1.1021531838261218,0.1860367687058602,0.9134900876048195,4097,0.9986867791319867,7.446191899367217e-05,0.9987170263787664,778.939145274044,98,1127,1,68,2.583987221228393,2.437217700598884,-0.2949124324369874,5.611029786701252,16222.599548404418,1,0,10,3,3,34,10,8,89,2,2,35,0.8,0.08,smart,175,1
1127,15147.193821708335,13740.779210928695,2966,6.217219655314678e-05,10956,2855,33041,0.8930931699491643,0.3683972096883584,0.9999271254815626,13721.71760088024,1.1110183248658967,0.19581184705970098,0.9071501541913312,4097,0.9987556252996282,8.096492539990986e-05,0.9987669540155102,810.4996592182151,98,1127,1,68,2.3870124513466617,2.3489607478984516,-0.3010432401691572,5.338059679583427,15147.19382169164,0,0,10,1,1,34,7,4,89,2,2,35,0.8,0.08,smart,176,1
1127,15424.48650221539,14015.133344703427,3006,6.088478337532726e-05,11150,2886,33675,0.8926837939885505,0.3684135742105252,0.9999285504742044,13995.394142599347,1.1090765464782533,0.1948849317977784,0.9086288443177969,4097,0.9986728916161748,7.924299331722596e-05,0.998761793708632,807.1197634670028,98,1127,1,68,2.4402671265277536,2.4032070853032588,-0.29699755886490675,5.437469329560825,15424.486502187643,1,0,10,2,2,34,6,6,89,2,2,35,0.8,0.08,smart,177,1
1127,16183.916454653863,14802.469909002251,2941,5.8468042532769736e-05,11663,2947,35461,0.900335706719209,0.3682803429363791,0.9999323716007631,14786.187410946632,1.1003454710819518,0.18172362717272203,0.9146407762594225,4097,0.9986438562595592,7.44146028170245e-05,0.9986526360422193,741.6898462110305,98,1127,1,68,2.583955514442644,2.7811810361488107,-0.28807934884465325,5.9412952482807615,16183.91645462392,1,0,10,4,4,34,11,13,89,2,2,35,0.8,0.08,smart,178,1
1126,14958.496479258394,13577.583263205119,2955,6.262693301866155e-05,10819,2810,32639,0.8908861521332985,0.36844432872299554,0.9999262422456933,13557.396507910753,1.1105368246087954,0.19754659193839658,0.9076836888006716,4097,0.998740206446472,8.191070225837243e-05,0.9987529091214823,801.3660769171447,98,1127,0,68,2.363444507944567,2.3039874612052134,-0.2934820425413451,5.254396054232471,14958.496479235686,0,0,10,2,0,34,5,3,89,2,2,35,0.8,0.08,smart,179,1
1127,15234.750706937926,13844.04797056562,2950,6.180277456964013e-05,11012,2851,33263,0.8938641570664437,0.3683703745403104,0.9999276719010664,13825.38529641009,1.1088151853278192,0.19363625022472905,0.9087150972717277,4097,0.9987261563243913,8.019849442367702e-05,0.9987272267870305,785.1858195380869,98,1127,1,68,2.4102461572786527,2.611852074567657,-0.29334757952976237,5.608793390905833,15234.750706915418,1,1,10,3,3,34,5,10,89,2,2,35,0.8,0.08,smart,180,1
1126,14897.610228710371,13507.11001527272,2965,6.289969033394923e-05,10780,2812,32486,0.8903354948312262,0.3684309263810579,0.9999258553474641,13486.649313408094,1.111984165337387,0.1990252097135628,0.9066628679304612,4097,0.9987383807748743,8.244767956455389e-05,0.9988117242024038,841.0553731603195,98,1127,0,68,2.345514353762318,2.399991298609701,-0.30059758738960873,5.346700827151237,14897.61022868535,0,0,10,1,1,34,4,5,89,2,2,35,0.8,0.08,smart,181,1
1127,14573.470964896931,13210.469936868529,2895,6.44077988201981e-05,10546,2754,31776,0.8908981529544924,0.36843984172756317,0.9999241932951738,13190.945292519289,1.112150081560354,0.19864862715088097,0.9064738227899546,4097,0.9987909023148274,8.430843295568585e-05,0.9987949065956963,829.3110962477127,98,1127,1,68,2.2953691603681166,2.2621084781457172,-0.2908723595748869,5.139222357663608,14573.470964878825,0,0,10,1,0,34,4,3,89,2,2,35,0.8,0.08,smart,182,1
1126,18540.451538989953,17139.471951947493,3090,5.1016460597711624e-05,13302,3216,40862,0.9064170899665144,0.36821651348995427,0.9999416044427021,17124.090396733136,1.0871951063193688,0.16666260762321958,0.9244365983160525,4097,0.9987644034487103,6.348736412545452e-05,0.9987952632319623,829.5567439364432,98,1127,0,68,2.9933585103285196,2.3419442685444603,-0.29979451612765734,5.934891811128295,18540.451538948277,1,0,10,4,1,34,10,5,89,2,2,35,0.8,0.08,smart,183,1
1127,15624.938896871652,14238.17840761858,2968,6.023473405165292e-05,11280,2890,34166,0.8952550192880866,0.3683545490078706,0.9999296778535542,14219.771281953119,1.1052956085092616,0.1899527428292368,0.9112469816102307,4097,0.9986819379172882,7.772675964758249e-05,0.9987211637638135,781.4608448143458,98,1127,1,68,2.4784018058099457,2.340552351718074,-0.29443562042666815,5.407825398381356,15624.93889684332,0,0,10,2,0,34,8,5,89,2,2,35,0.8,0.08,smart,184,1
1127,14588.254460381348,13174.831351920475,2962,6.44515112061306e-05,10573,2800,31744,0.8895501730480292,0.368457412664953,0.999923983523841,13154.542828180362,1.1168814270103558,0.2030400558232771,0.9031122529224155,4097,0.9986985384918958,8.490139036917697e-05,0.9987763522394173,816.728541873231,98,1127,1,68,2.2843008815626344,2.3211791809947844,-0.30456415133193737,5.214608365221293,14588.254460360911,0,0,10,0,2,34,1,4,89,2,2,35,0.8,0.08,smart,185,1
1127,15082.559074813773,13648.414717926968,2978,6.27169830140472e-05,10919,2875,32856,0.8935189748462109,0.3683677525102633,0.9999266345337466,13629.891117505216,1.1139791324342008,0.19744659942840437,0.9049137251992158,4097,0.9986735457388753,8.17275984477324e-05,0.9986909140046846,763.3916470545919,98,1127,1,68,2.3711943060421565,2.7996370888630406,-0.3053911553224447,5.781613705550087,15082.55907478953,0,0,10,2,4,34,6,11,89,2,2,35,0.8,0.08,smart,186,1
1127,15105.997848124085,13688.242192386911,2983,6.234921668221278e-05,10932,2861,32931,0.892362020876507,0.3684019855008198,0.9999268438504496,13668.89082633358,1.1124409270235536,0.19747123162541952,0.9061461765060932,4097,0.9987226923042293,8.13818948233053e-05,0.9987437492681995,795.5193320407423,98,1127,1,68,2.3779489557227937,2.505231724065824,-0.30279600401086687,5.488772687810352,15105.997848099178,0,0,10,2,0,34,6,7,89,2,2,35,0.8,0.08,smart,187,1
1126,15458.066627198714,14075.624147667948,2947,6.095549508517375e-05,11163,2869,33788,0.8952011829701287,0.3683558110003725,0.9999288660704921,14057.489014480236,1.1061897615220155,0.19064479867195724,0.9105682157496762,4097,0.9987128788954115,7.86876245187903e-05,0.9987219246101979,781.9263511910275,98,1127,0,68,2.448089552748422,2.430791151354087,-0.2975705941745103,5.47402189245153,15458.06662717611,0,0,10,2,2,34,7,6,89,2,2,35,0.8,0.08,smart,188,1
1127,15365.820147126487,13994.106086799806,2926,6.128114301870645e-05,11096,2849,33589,0.8952408254253666,0.3683509605116831,0.9999284514479746,13976.023231642066,1.1059838323223998,0.19042263751519842,0.9107295251934078,4097,0.9987039284723195,7.913154176644357e-05,0.9987130906328038,776.5553913042885,98,1127,1,68,2.4347126970446578,2.397755441291293,-0.29214092267196434,5.41674998367988,15365.820147103166,0,0,10,2,1,34,8,8,89,2,2,35,0.8,0.08,smart,189,1
1127,15839.580245826715,14452.727735033543,2985,5.938641304783041e-05,11429,2913,34660,0.8956756782042836,0.368338044027405,0.9999307231177611,14434.329733699102,1.1036574977970626,0.1884519636046835,0.9124438596686569,4097,0.9987227898267109,7.645795050741646e-05,0.9987546502542232,802.4871721331901,98,1127,1,68,2.5157307258108195,2.2952085154893904,-0.2951974455825755,5.401334132465361,15839.580245801782,0,0,10,3,0,34,8,3,89,2,2,35,0.8,0.08,smart,190,1
1127,17762.735017106275,16327.82795567311,3109,5.324224810356639e-05,12774,3163,39027,0.9028634516875099,0.36824338317772026,0.9999386947925346,16311.328000114894,1.0941596099181612,0.17502935201172,0.919218123782667,4097,0.9986851118349291,6.707768188624112e-05,0.9987470816479671,797.6365006573835,98,1127,1,68,2.8493211037448574,2.3431843569334703,-0.30289451596663886,5.798294492611606,17762.735017074283,1,0,10,4,0,34,7,5,89,2,2,35,0.8,0.08,smart,191,1
1127,16005.324271940604,14629.285510195963,2982,5.871131378267424e-05,11541,2920,35056,0.8963539619804324,0.3683484043964224,0.9999315607625684,14611.001196356896,1.101509423454752,0.18631300118222724,0.9140261866385916,4097,0.9986750913887303,7.53864649650837e-05,0.9986916504043514,763.8216007283003,98,1127,1,68,2.550863809895655,2.414452546309529,-0.2894776758035395,5.544271707812263,16005.324271914962,1,0,10,3,3,34,6,6,89,2,2,35,0.8,0.08,smart,192,1
1127,15024.842464628293,13630.578704047475,2953,6.260691461997076e-05,10868,2831,32775,0.8923475038594124,0.36839669213726817,0.9999265345952538,13611.349046571462,1.1110030999601832,0.1965411622086552,0.9072027700880583,4097,0.9987386759318038,8.162029241320043e-05,0.9987615961438835,806.9909224305944,98,1127,1,68,2.36502610755257,2.3783776079241252,-0.3013168320406007,5.346037379557897,15024.842464607516,0,0,10,0,2,34,5,4,89,2,2,35,0.8,0.08,smart,193,2
1127,23418.69293097034,22011.56651625186,3252,4.060609495676788e-05,16680,3740,52087,0.9197605391464689,0.36807275681016716,0.9999545452881053,21999.419439494137,1.067216055229249,0.13886342886794303,0.9399143915133876,8193,0.998690505770441,4.850999831995299e-05,0.9987475276589146,797.9207206744079,98,1127,1,68,3.8487829456792624,2.324937193075311,-0.30715191339902653,6.788023965552626,23418.692930906156,1,0,10,6,1,34,12,5,89,2,2,35,0.8,0.08,smart,194,1
1127,16771.04445500284,15375.012545776419,2988,5.645212666864203e-05,12075,3023,36794,0.901958514664151,0.3682625758984467,0.9999348935361836,15358.958048076085,1.097436469046035,0.17816421678547711,0.9167593936697257,4097,0.9987108086602102,7.145020776280533e-05,0.9987354989814969,790.3256711826158,98,1127,1,68,2.6810458026973785,2.7003828193510415,-0.29518213962308965,5.971792901294599,16771.044454975836,1,0,10,4,3,34,7,9,89,2,2,35,0.8,0.08,smart,195,1
1127,15073.43676699631,13701.305996953415,2920,6.240395946263667e-05,10894,2817,32915,0.8935539086726323,0.3683957117008416,0.9999269170808017,13682.587792947552,1.1085152213310536,0.19371826379989315,0.908970277233178,4097,0.9987242110198886,8.101352835085207e-05,0.9987608716904469,806.5188246510849,98,1127,1,68,2.380915295292981,2.3898882962837074,-0.29405130044336947,5.358906192463428,15073.436766974335,0,0,10,1,1,34,6,3,89,2,2,35,0.8,0.08,smart,196,1
1127,16252.120085879642,14889.822777176772,2921,5.8203532474886345e-05,11704,2938,35643,0.9009544072370552,0.36827526317515785,0.9999327701147617,14873.837447971919,1.0982655934626977,0.17973039729984874,0.9161772555516325,4097,0.9986444790051436,7.383626980994324e-05,0.9986449051566252,737.4556137799649,98,1127,1,68,2.595883760996347,2.5479770452506156,-0.28825467482459965,5.720370155896162,16252.120085851033,1,0,10,3,4,34,11,9,89,2,2,35,0.8,0.08,smart,197,1
1127,18938.523407315304,17542.168646764938,3085,5.0010207816232556e-05,13575,3255,41785,0.9084665317150835,0.3681745427656767,0.9999429482983715,17527.46097547192,1.084734057110028,0.16289548734345202,0.9262690796680061,4097,0.998639966470739,6.18859237726575e-05,0.9986830704376572,758.8419450623601,98,1127,1,68,3.07003341898114,3.3716913881075543,-0.2908403001440352,7.023405407376765,18938.52340727036,2,2,10,2,4,34,8,7,89,1,2,35,0.8,0.08,smart,198,1
1126,16869.568282826807,15474.07328468363,3006,5.604008623052382e-05,12143,3033,37021,0.901473039709827,0.3682561424990138,0.9999353095095058,15457.722561185094,1.096789561417589,0.1781906892697487,0.9172773733893482,4097,0.998699282587861,7.095185469724079e-05,0.9986993435276641,768.3424116605496,98,1127,0,68,2.6983422772321717,2.49382950809729,-0.298028643336188,5.788229072001838,16869.568282799864,0,0,10,4,2,34,9,8,89,2,2,35,0.8,0.08,smart,199,1
1127,15710.072377466462,14345.733278933534,2906,6.0148251653298786e-05,11330,2881,34392,0.8984757511206339,0.3683090680394552,0.9999302139298971,14329.007280175923,1.1024605916972308,0.18497686899063454,0.9131551360329918,4097,0.9986770412450751,7.693639213790615e-05,0.9986841458320839,759.4625247220991,98,1127,1,68,2.4951081560046497,2.40180642695406,-0.29283725258993565,5.482589088138581,15710.072377430488,0,0,10,2,0,34,9,7,89,2,2,35,0.8,0.08,smart,200,1
1126,16430.865363796296,15068.005527424586,2939,5.7503935786245485e-05,11829,2957,36054,0.9010046533859992,0.36826907968756833,0.9999335651349585,15051.837338336982,1.097117313384344,0.17887067631116868,0.9170548960023354,4097,0.9986938017494079,7.288684064966047e-05,0.9986958475622137,766.2814200236405,98,1127,0,68,2.627353509213311,2.3739399508490493,-0.29109504562969085,5.583483551321742,16430.8653637661,1,0,10,4,3,34,10,6,89,2,2,35,0.8,0.08,smart,201,1
1127,16218.249465706782,14828.652680480629,2977,5.820962258033357e-05,11691,2957,35529,0.8988238503447,0.3683090511870755,0.9999324874215679,14811.55462514388,1.1008945524690672,0.18355865140037567,0.914318941254145,4097,0.9986868514049915,7.432422981911827e-05,0.998695836391665,766.2748523111414,98,1127,1,68,2.5854233453684135,2.641723152906713,-0.2927043326573135,5.812555163589753,16218.24946567497,0,1,10,4,2,34,9,6,89,2,2,35,0.8,0.08,smart,202,1
1127,15631.138307962163,14260.464573800831,2919,6.0374548246389254e-05,11278,2877,34202,0.8974579998564135,0.3683271794043884,0.9999297936930323,14243.234541522856,1.103679554051348,0.18674263783547515,0.9123113296577294,4097,0.9986810758306388,7.74852655659145e-05,0.9987118280057804,775.7937450246494,98,1127,1,68,2.481616880080084,2.3199829662630895,-0.292320707841027,5.386241262025227,15631.13830793546,0,0,10,2,1,34,7,5,89,2,2,35,0.8,0.08,smart,203,1
1127,15593.718719787903,14224.53317319225,2915,6.054607913797234e-05,11252,2873,34118,0.8973984014477925,0.36831498069806384,0.9999296165589487,14207.38731910528,1.1038247843943572,0.1869342427153674,0.9121963419246365,4097,0.9986988010867744,7.769098664369353e-05,0.9987003110382415,768.9147511951666,98,1127,1,68,2.4720513112033036,2.548034108039475,-0.2952457109361585,5.610576841115096,15593.718719755869,0,0,10,1,3,34,8,9,89,2,2,35,0.8,0.08,smart,204,1
1127,15540.326497686254,14106.137155802953,3046,6.049769816118012e-05,11238,2921,33909,0.8924237320273564,0.3684102104895565,0.9999290111994376,14086.229056654598,1.1103184428800215,0.19600617789166197,0.9077117625490795,4097,0.9987535785209776,7.88201745026233e-05,0.9987825385497308,820.881142036082,98,1127,1,68,2.4515423733120065,2.523653043517195,-0.30627954286475506,5.587754502558711,15540.326497656051,0,1,10,3,2,34,4,5,89,2,2,35,0.8,0.08,smart,205,1
1127,15612.09000032068,14252.994924264704,2906,6.041239147007868e-05,11261,2865,34173,0.8974971659821114,0.3683240909482796,0.9999297572369868,14235.842032866727,1.1028265629145115,0.18613779448749715,0.9129459876270211,4097,0.998696800816589,7.746558490361218e-05,0.9987053419576232,771.9046253907692,98,1127,1,68,2.4811435630451157,2.3403535142635037,-0.2894136685957851,5.400324414500189,15612.090000296475,1,0,10,2,2,34,8,7,89,2,2,35,0.8,0.08,smart,206,1
1127,15784.997576469368,14390.850711127054,2982,5.9684402888086065e-05,11393,2914,34525,0.8959120073682519,0.36834402144563866,0.9999304260555293,14372.696851265944,1.1046460672615834,0.18891355450350245,0.9116789940202105,4097,0.9987031958610508,7.685458414368731e-05,0.9987082977358842,773.6721050194401,98,1127,1,68,2.5059281920881626,2.4203253159087774,-0.2953136138460591,5.516880735689058,15784.997576439338,1,0,10,3,2,34,5,6,89,2,2,35,0.8,0.08,smart,207,1
1127,16275.737988934652,14828.974994028868,3102,5.7771537725854146e-05,11751,3011,35586,0.8947398351040298,0.3683591414476595,0.9999324778827959,14809.462143186898,1.1055359007971404,0.19059043602870415,0.9111092230724412,4097,0.9987313849400766,7.464812466716386e-05,0.9987850616146288,822.5869062659413,98,1127,1,68,2.586133728298295,2.3202075043588613,-0.30219599466522834,5.510733221987612,16275.737988899453,1,0,10,2,0,34,3,5,89,2,2,35,0.8,0.08,smart,208,1
1126,16880.06284794317,15480.886998861533,3029,5.5896301324797384e-05,12152,3036,37041,0.9003869482201511,0.36828393192020137,0.9999353352911483,15463.885712228695,1.0971045639330068,0.1794424598584408,0.9171107440958299,4097,0.9986141968753871,7.094394720660712e-05,0.9986634643332135,747.7028919169545,98,1127,0,68,2.711202399264858,2.602597761040244,-0.2870325648393644,5.887865289983831,16880.062847906775,2,0,10,4,2,34,5,9,89,2,2,35,0.8,0.08,smart,209,1
1126,15720.837456903964,14323.440823574094,2996,5.981884090824457e-05,11351,2909,34373,0.894755906284231,0.36835887012477286,0.9999300952194909,14304.673298744823,1.105517822102618,0.19057508915876975,0.9111118197640171,4097,0.9986981671933332,7.728098070302804e-05,0.9987646342581322,808.9767718198856,98,1127,0,68,2.495605429069195,2.327088703073447,-0.2967280446206684,5.416150221383979,15720.837456873931,1,0,10,2,0,34,5,4,89,2,2,35,0.8,0.08,smart,210,1
1127,15761.395509039276,14391.692997658665,2921,5.9935547164723986e-05,11368,2891,34503,0.8981926425473701,0.3683202110497353,0.9999304362624858,14374.805803435847,1.102554348618758,0.185326229414444,0.9130976371606768,4097,0.9986834846268153,7.669780130264761e-05,0.9987242833244153,783.3730052141245,98,1127,1,68,2.5008538327504217,2.3268930204656986,-0.29619949626672454,5.42014584574957,15761.39550901162,0,0,10,2,1,34,8,4,89,2,2,35,0.8,0.08,smart,211,1
1127,14534.900346104356,13095.519614243683,3032,6.43564402614457e-05,10547,2813,31587,0.8859102355695527,0.3685225750784959,0.9999235084095222,13072.832548916456,1.1202977352192094,0.20860136139926386,0.9009707189188638,4097,0.9987049452508684,8.569335557595538e-05,0.9987697305302762,812.3299518125823,98,1127,1,68,2.2754270177758973,2.508321714267833,-0.303969671857961,5.391688075759651,14534.900346086793,0,0,10,0,0,34,4,6,89,2,2,35,0.8,0.08,smart,212,1
1127,14347.361858865488,12940.434528734815,2948,6.542421517785843e-05,10405,2767,31198,0.8881533432323397,0.36848994220118525,0.9999226007947993,12919.52930660757,1.1186778669079493,0.20547331481559997,0.9019382556897519,4097,0.9987605589312768,8.658477777437826e-05,0.9987893490843679,825.5018349420337,98,1127,1,68,2.248204782690903,2.7912828935105733,-0.29791089767214884,5.635309471545774,14347.361858845798,0,1,10,0,4,34,4,8,89,2,2,35,0.8,0.08,smart,213,1
1127,14841.011145330684,13471.374148354744,2882,6.35723835538037e-05,10731,2791,32384,0.8942149370150041,0.3683707323726737,0.999925672239619,13453.423465662314,1.1101263817499527,0.19419162021899986,0.9077126899532814,4097,0.9986605686876847,8.251320769551639e-05,0.9986789012073738,756.4455517207135,98,1127,1,68,2.3422729623251035,2.820544800188429,-0.29144685050533475,5.745711463524201,14841.011145299519,0,1,10,1,5,34,7,11,89,2,2,35,0.8,0.08,smart,214,1
1127,14306.412421247693,12976.960448787508,2829,6.562959248634684e-05,10350,2697,31205,0.891283310164173,0.36842997707414393,0.9999228308740571,12958.050291777541,1.1112877829783427,0.1977434954830749,0.9070730010211574,4097,0.9987010673713526,8.575710688369313e-05,0.9987299009632188,786.8400707550684,98,1127,1,68,2.2540837146367565,2.3997892431157686,-0.2847649847818058,5.223402927316137,14306.412421223598,0,0,10,0,3,34,2,4,89,2,2,35,0.8,0.08,smart,215,1
1127,15281.638329200161,13868.57008318546,3014,6.140077587680185e-05,11053,2874,33341,0.8913660167270218,0.3684099871023353,0.9999277918483639,13848.351921939968,1.1106727913182166,0.19723016178447617,0.9075316261532894,4097,0.9987426017610113,8.019962933401385e-05,0.9987654979608983,809.5431115120788,98,1127,1,68,2.410855853791682,2.3777224714428207,-0.30105866780048945,5.3906956608354815,15281.638329171887,0,0,10,2,1,34,7,3,89,2,2,35,0.8,0.08,smart,216,1
1127,16793.803683808947,15396.678315545962,3033,5.610583012405086e-05,12092,3025,36844,0.8995070308299862,0.36828950109432756,0.9999349796478112,15379.299800897781,1.0975729504450509,0.18060232554249409,0.9168070917960077,4097,0.998684688542134,7.136457979111138e-05,0.9986960136119476,766.3790620604052,98,1127,1,68,2.688357429723427,2.5704029317932973,-0.2919094174415772,5.842579196399879,16793.8036837748,1,1,10,5,2,34,8,5,89,2,2,35,0.8,0.08,smart,217,1
1127,15468.65682988934,14128.040033711583,2870,6.098021452853664e-05,11156,2834,33867,0.8977523392892492,0.36830853267071767,0.9999291367618334,14111.18929692562,1.1022879613386622,0.18553647104346108,0.9133333416779053,4097,0.9987238882094192,7.811169433300804e-05,0.9987399966686242,793.1485902176199,98,1127,1,68,2.4568066352282107,2.316209502137516,-0.28829661763094416,5.349609372627615,15468.656829861337,0,0,10,2,1,34,6,8,89,2,2,35,0.8,0.08,smart,218,1
1127,15335.946053686768,13957.636767493497,2951,6.13337382166893e-05,11078,2851,33512,0.893864050598844,0.3683734004637463,0.9999282608786558,13938.89569978226,1.106910111341108,0.19242373373441662,0.9101255780785741,4097,0.9987486526014681,7.940875879482004e-05,0.9987838646493634,821.7767935762954,98,1127,1,68,2.4224602416933965,2.4388837181654437,-0.2990918530117669,5.459527665882374,15335.946053663594,0,0,10,1,2,34,3,6,89,2,2,35,0.8,0.08,smart,219,1
1127,17321.69769412033,15956.05816150877,2965,5.4665980950194655e-05,12446,3055,38102,0.9049112934223402,0.3682170189136601,0.9999372705768872,15940.98248221217,1.0914972309992026,0.17117259822669914,0.9211601797510235,4097,0.9986586557909959,6.846899163007219e-05,0.9986808008118874,757.5355293510157,98,1127,1,68,2.7765274051525073,2.3041752444012547,-0.2974207215702195,5.675544092694201,17321.697694082566,0,0,10,3,1,34,13,5,89,2,2,35,0.8,0.08,smart,220,1
1127,15525.321419206535,14146.20744708711,2966,6.051259456704097e-05,11210,2871,33947,0.8942473753307405,0.3683798120742525,0.9999292178742617,14127.360517777264,1.1054921494367782,0.19104274365171794,0.9111700212265293,4097,0.9987189897823027,7.824908432431968e-05,0.9987555209350891,803.0489700508282,98,1127,1,68,2.4624245929945596,2.344751590104732,-0.2927344876044542,5.3926451583082,15525.321419175441,0,0,10,3,0,34,5,8,89,2,2,35,0.8,0.08,smart,221,1
1127,15750.571656596057,14375.525543435231,2929,5.99577821411274e-05,11362,2895,34471,0.8979065069497713,0.36830441257885527,0.9999303570771979,14358.460815552517,1.103115447285589,0.185961504373296,0.9126986535383951,4097,0.9986464952869762,7.682418393728246e-05,0.9986707845991507,751.8234022331192,98,1127,1,68,2.5027505261779446,3.4784247616145008,-0.29238197720551135,6.565939242203468,15750.571656565775,0,1,10,2,5,34,8,9,89,1,2,35,0.8,0.08,smart,222,1
1127,15486.208254262383,14135.905519878366,2891,6.086749131801561e-05,11172,2844,33895,0.8970839001038593,0.3683326714930739,0.9999291744082055,14118.690171872797,1.1030457384847674,0.1866822370288278,0.9128061103006049,4097,0.9986692435209596,7.81238672051646e-05,0.9986968535182638,766.873332474087,98,1127,1,68,2.458703543325529,2.3143264760989397,-0.28951442548258133,5.352058870389631,15486.208254233701,0,0,10,3,1,34,10,4,89,2,2,35,0.8,0.08,smart,223,1
1127,18822.89101612054,17411.819557146708,3126,5.021206721677391e-05,13501,3255,41499,0.9064568729071965,0.36820444066458813,0.9999425178526747,17396.205694833872,1.0864338203087056,0.16607438237424801,0.9250342862971823,4097,0.9987132881085228,6.245054891854046e-05,0.9987524256204509,801.0553113369714,98,1127,1,68,3.039427420583062,2.3604934329563396,-0.30092590968782595,6.001772672915053,18822.891016076454,1,0,10,5,0,34,10,6,89,2,2,35,0.8,0.08,smart,224,1
1127,15267.92393013339,13849.9739551453,2978,6.179665178327456e-05,11043,2880,33304,0.8938836301460208,0.3683749690090156,0.9999277028089626,13831.29602437118,1.1109544321861906,0.1950494391789901,0.9071288289438248,4097,0.9987490139241614,8.031888481759314e-05,0.998757506440439,804.3330420514835,98,1127,1,68,2.406443961446874,2.627095652607852,-0.3030367714908721,5.639613157036471,15267.9239301042,0,1,10,2,2,34,3,9,89,2,2,35,0.8,0.08,smart,225,1
1127,20420.730685712108,19009.79626235101,3150,4.6513508384269524e-05,14606,3426,45179,0.9128210498948441,0.36813358350160397,0.999947359210075,18996.175414535865,1.0786351132383416,0.15425500921002688,0.9309067611205365,4097,0.9986670661045585,5.678020440186715e-05,0.9986696832993627,751.2005927567475,98,1127,1,68,3.335225109346111,2.3545976932356867,-0.2886845065670178,6.267191815715833,20420.73068567048,1,0,10,3,0,34,9,7,89,2,1,35,0.8,0.08,smart,226,1
1127,14738.968530803539,13363.840120450926,2904,6.382553816849396e-05,10664,2784,32141,0.8922840257811417,0.36840515205884405,0.9999250672889378,13344.80654712662,1.1117136124074571,0.19702871296121016,0.9067011773938808,4097,0.9986990548944333,8.330371490256267e-05,0.9987451780210805,796.4256878683835,98,1127,1,68,2.3231522799303486,2.373756639779509,-0.29245881692427284,5.281826553558403,14738.968530775792,0,0,10,2,1,34,4,9,89,2,2,35,0.8,0.08,smart,227,1
1127,15256.976718697522,13909.619626958298,2883,6.17480517539909e-05,11012,2816,33371,0.8958581985260402,0.36834390348605794,0.999928018924929,13892.040484867579,1.1046367332922928,0.18896273181480738,0.9116891166198065,4097,0.9986588876185241,7.951293962562239e-05,0.9986819995982156,758.2250002277797,98,1127,1,68,2.4229559471299753,2.4400034842351985,-0.28458206860548185,5.432123568576138,15256.9767186693,1,0,10,1,2,34,5,6,89,2,2,35,0.8,0.08,smart,228,1
1127,15733.920316079597,14397.60575260872,2859,6.0093886983105964e-05,11337,2859,34484,0.8999920650231966,0.3682827342479286,0.9999304694352525,14381.664206910298,1.0997991852673596,0.18170932244255664,0.9150679209869137,4097,0.998644175126029,7.646965846059566e-05,0.9986583714978239,744.8627053092894,98,1127,1,68,2.5058144892331202,2.438537006918177,-0.2863630291438103,5.5170775544389175,15733.920316054004,0,1,10,1,1,34,9,6,89,2,2,35,0.8,0.08,smart,229,1
1127,15646.349687977588,14282.44599223088,2919,6.025975777307177e-05,11287,2873,34246,0.8971892014079524,0.3683348713126482,0.9999299013333532,14265.106571801673,1.1030062457844994,0.18656108665671164,0.9128292718144533,4097,0.9986903822269971,7.731926713276081e-05,0.9987181176199084,779.6026665999358,98,1127,1,68,2.482430458045422,2.2746699505579313,-0.2942065761953195,5.345513560993992,15646.349687946578,0,0,10,1,1,34,8,3,89,2,2,35,0.8,0.08,smart,230,1
1126,14779.836192382656,13403.000055286804,2916,6.35878603826166e-05,10693,2789,32233,0.891890245478943,0.3684073524166354,0.9999252851083117,13383.71266414351,1.111556557944964,0.19729582669548598,0.9068436132055743,4097,0.9987071984307405,8.304982783250639e-05,0.9987231828770894,782.6974102747395,98,1127,0,68,2.3303402927457855,2.336378738600323,-0.29485263662438554,5.25642430459488,14779.836192354063,0,0,10,0,2,34,5,5,89,2,2,35,0.8,0.08,smart,231,1
1127,14614.1375207745,13254.338710082764,2870,6.445048422770278e-05,10572,2758,31874,0.8927403520228561,0.3683966761987117,0.9999244507448197,13235.897859094233,1.1112922490746773,0.19638517811401432,0.9069531945515953,4097,0.9987196220943197,8.395730170538065e-05,0.9987455297124407,796.6491064343643,98,1127,1,68,2.3007162862067276,2.4867585133820076,-0.29274201383871923,5.3729588272661735,14614.137520756092,0,1,10,0,1,34,3,8,89,2,2,35,0.8,0.08,smart,232,1
1126,14839.400837676585,13476.139390902094,2872,6.361101779370317e-05,10728,2786,32388,0.8945181573551471,0.3683749770743833,0.9999256997223871,13458.399908151374,1.1095215440141128,0.19353881139918525,0.9081323119655054,4097,0.9986367220574618,8.243775873809995e-05,0.9987171252523083,778.9992181145892,98,1127,0,68,2.3404068385052974,2.412694985121028,-0.29536595681542627,5.343833737257178,14839.400837655674,0,0,10,0,1,34,3,7,89,2,2,35,0.8,0.08,smart,233,1
1127,15247.57742159831,13849.155860437671,2970,6.16901234638604e-05,11023,2859,33282,0.8931075737425,0.3683779661361659,0.9999276963007692,13830.050998113493,1.1094682857906093,0.19478504144487715,0.9082856559770759,4097,0.9987087266343685,8.021866124217501e-05,0.9987514738279896,800.4442592678143,98,1127,1,68,2.4066679737913383,2.5475287387844414,-0.2992020211630791,5.552600754901937,15247.577421568141,0,1,10,2,3,34,6,9,89,2,2,35,0.8,0.08,smart,234,1
1127,19430.886499896606,18013.02323249791,3175,4.859811085923023e-05,13924,3326,42890,0.9072933374408467,0.3681952446347804,0.9999444377288109,17997.324393097555,1.0838489632470898,0.16339964725834277,0.9270304385028322,4097,0.9986768414013486,6.022111002415365e-05,0.9987456222469707,796.7079115567611,98,1127,1,68,3.1539161338267374,2.2785946552790657,-0.29433346685575107,6.021177722817305,19430.886499845823,2,0,10,4,1,34,11,2,89,2,2,35,0.8,0.08,smart,235,1
1127,14933.434077960283,13516.22160930101,2964,6.311937273180041e-05,10812,2842,32534,0.8922698242512598,0.36841867330211303,0.9999259118946302,13496.943274480564,1.1138955493730713,0.19848080384768704,0.905098019567322,4097,0.9987210407979644,8.252641083287953e-05,0.9987627794015792,807.7631938377629,98,1127,1,68,2.349766604450219,3.0552064868280446,-0.30035479358439277,6.005682678447049,14933.434077925038,0,1,10,3,4,34,4,10,89,2,2,35,0.8,0.08,smart,236,1
1127,14955.788702274867,13582.342134095186,2928,6.280477224292562e-05,10814,2805,32643,0.8922442127107795,0.3683979340863497,0.9999262731993855,13563.088697905418,1.109719296585153,0.19577703712507205,0.9081662227568934,4097,0.9987437752244326,8.181605331770162e-05,0.9987592372774377,805.455766920686,98,1127,1,68,2.362624964250724,2.3313474813205084,-0.2914635365924378,5.276899518756108,14955.788702251217,0,0,10,2,1,34,3,5,89,2,2,35,0.8,0.08,smart,237,1
1127,15456.390048979118,14091.886792954549,2931,6.0828397032537016e-05,11157,2852,33807,0.895136643291173,0.368368783346344,0.9999289474050234,14073.581318325643,1.1046816682798257,0.1896303076405341,0.9117191497043844,4097,0.9986531014459726,7.849049915455476e-05,0.9986999817886923,768.7198850547086,98,1127,1,68,2.455122770503389,2.376361805591441,-0.2878035913338252,5.407091758762481,15456.390048952702,1,0,10,2,2,34,7,6,89,2,2,35,0.8,0.08,smart,238,1
1127,14592.21013232112,13226.004937415817,2886,6.445566064072236e-05,10559,2760,31815,0.8918522905024462,0.36841658511598946,0.9999242854305962,13206.997677084912,1.1121864674674107,0.19777675717591495,0.906374347510305,4097,0.9986880324392872,8.420871948126988e-05,0.9987183613689368,779.7510308225436,98,1127,1,68,2.295845905843428,2.270074666634925,-0.2937211096487943,5.153362791775941,14592.210132298673,0,0,10,0,0,34,2,5,89,2,2,35,0.8,0.08,smart,239,1
1127,16354.396543174533,14986.720607699272,2960,5.7665612363394934e-05,11778,2952,35871,0.8995338140894119,0.3683022463580828,0.9999332013006715,14969.851364342312,1.0981325556894568,0.18099108653662607,0.9163725832460594,4097,0.9986334272745548,7.335382641035924e-05,0.9986743767696065,753.8620468737881,98,1127,1,68,2.614501340706506,3.0282698685824414,-0.2877873093634947,6.218345828015936,16354.396543144452,1,2,10,1,5,34,8,7,89,2,2,35,0.8,0.08,smart,240,1
1127,14304.001289779162,12924.136983185015,2913,6.55457016521491e-05,10366,2739,31133,0.8885519387578169,0.3684724640967364,0.999922504649724,12903.499994036325,1.1164423430434431,0.2036493104961803,0.9035329850270553,4097,0.9987475786138279,8.6519090437431e-05,0.9987964947705806,830.4061354953102,98,1127,1,68,2.245618668855014,2.5207574235354184,-0.2928021456541202,5.351980383698673,14304.001289758971,0,0,10,0,2,34,3,8,89,2,2,35,0.8,0.08,smart,241,1
1127,14142.125274002963,12751.747808501977,2909,6.643917331714788e-05,10256,2732,30747,0.888197063358131,0.36847633488288484,0.9999214568467596,12731.354505829036,1.118985092588964,0.20569751318407042,0.9016853946233333,4097,0.9987077778645946,8.788861760137337e-05,0.9987287846282326,786.1486572281376,98,1127,1,68,2.2140461653668204,2.5096745067052364,-0.29564776080625343,5.3150161936845635,14142.12527398527,0,0,10,0,4,34,1,8,89,2,2,35,0.8,0.08,smart,242,1
1127,20871.093945665514,19463.18564613063,3174,4.545973489781794e-05,14917,3471,46220,0.9134656957642724,0.3681344132350024,0.9999485863172713,19449.575285551156,1.0765649860260071,0.1520763601689011,0.9325426686689187,4097,0.9987207488917035,5.535017062852609e-05,0.9987256345947533,784.2041833234322,98,1127,1,68,3.4083507781290394,2.378426299697118,-0.2954813328928937,6.3777397436119445,20871.093945608594,1,0,10,4,2,34,13,6,89,2,2,35,0.8,0.08,smart,243,1
1127,15432.68865178299,14059.064156281116,2903,6.124699836437075e-05,11141,2859,33741,0.8973024709516304,0.36831581595014606,0.9999287878565656,14042.048803468098,1.1054379926008133,0.18810720967046832,0.9109925349693895,4097,0.9986772422499672,7.872060888704409e-05,0.9986815269886392,757.9530334891496,98,1127,1,68,2.4450336686614724,3.471569418902965,-0.2936865889701262,6.50397626550469,15432.688651754057,0,3,10,2,5,34,7,10,89,2,2,35,0.8,0.08,smart,244,1
1127,15630.299395139013,14227.816024267504,3012,6.008371477506871e-05,11290,2903,34158,0.8934205360844836,0.3683921519017907,0.9999296214868263,14208.382150139072,1.106771914841577,0.19270264272332013,0.9102714966990538,4097,0.9986919411467249,7.789296178905562e-05,0.9988063767733986,837.285206348841,98,1127,1,68,2.472379129101057,2.417368262829879,-0.3014095834299945,5.492566558790925,15630.299395112475,0,0,10,2,3,34,7,7,89,2,2,35,0.8,0.08,smart,245,1
1127,14810.089250389474,13420.908088359545,2944,6.344542845615719e-05,10718,2803,32287,0.8910423590565096,0.3684245583484737,0.9999253827549311,13401.227691946464,1.112492858777747,0.1987834070562795,0.9062003517640249,4097,0.9987549474916186,8.301115228079967e-05,0.998770514507809,812.8482503895788,98,1127,1,68,2.3331110029736055,2.457518542848893,-0.2951213395932304,5.380872225008959,14810.08925036412,0,0,10,2,0,34,4,6,89,2,2,35,0.8,0.08,smart,246,1
1127,17455.954815259232,16070.3932605879,3004,5.4247095279605966e-05,12545,3087,38385,0.9044973281615051,0.36822811160971347,0.9999377160223041,16054.993510046219,1.0922178024147835,0.17209027130237725,0.9206252783456946,4097,0.9986773581244798,6.802766924481209e-05,0.9987067971711896,772.7737960875282,98,1127,1,68,2.796659558308406,2.4353534070505685,-0.3011141444824821,5.834241254323938,17455.954815226654,0,0,10,4,3,34,10,7,89,2,2,35,0.8,0.08,smart,247,1
1127,19779.96163325605,18305.555956621312,3281,4.7758395429353296e-05,14185,3413,43620,0.9062920239047678,0.36820730360224213,0.9999453241155538,18289.098968171988,1.0859002719650792,0.1658749425723685,0.925459629094739,8193,0.9987068030251037,5.937255779005407e-05,0.998747126663811,797.6651777762339,98,1127,1,68,3.2118982232344733,2.4371426448118387,-0.29829904974028837,6.245638967526888,19779.96163321278,2,0,10,4,1,34,4,9,89,2,1,35,0.8,0.08,smart,248,1
1127,14445.795228814955,13081.995728343762,2891,6.495641089650368e-05,10458,2741,31481,0.8902123482642564,0.3684339783435059,0.9999234462429855,13062.216168478295,1.1134286848212347,0.20012743876040393,0.9055919401549574,4097,0.9986804924024919,8.523714899115109e-05,0.998746568596501,797.3098092980349,98,1127,1,68,2.2721966136290352,2.222502748126527,-0.2913872779030158,5.077473917561594,14445.795228783109,0,0,10,1,0,34,3,4,89,2,2,35,0.8,0.08,smart,249,1
1127,15964.353062244769,14519.722542083113,3076,5.892476012048834e-05,11535,2976,34872,0.8940845962939639,0.36838642679820094,0.999931037633974,14500.16256755094,1.1077493617682057,0.1926792766363111,0.9095089845151216,4097,0.9987128574064632,7.63930169514683e-05,0.9987501705510757,799.6090633657963,98,1127,1,68,2.5281127948822104,2.4496069749978173,-0.30495784614973653,5.587635462179501,15964.353062215021,0,0,10,3,1,34,8,5,89,2,2,35,0.8,0.08,smart,250,1
1127,15654.472588713194,14286.658094466491,2937,6.0160639661926014e-05,11294,2877,34259,0.8963490197083166,0.3683495570281993,0.9999299198938726,14268.884777651712,1.1033483543185392,0.18761411368898906,0.9126246836809506,4097,0.998656925053652,7.732276976638673e-05,0.9987112968887677,775.4738087061861,98,1127,1,68,2.4870111803858395,2.329259676685225,-0.2910673624154631,5.39840558190199,15654.47258868534,1,0,10,2,1,34,6,6,89,2,2,35,0.8,0.08,smart,251,1
1126,15349.11254219265,13920.405213268756,3037,6.1134224857546e-05,11105,2894,33476,0.8912527328876747,0.36842895105908124,0.9999280595760182,13899.890687454104,1.111539394873617,0.19786160220349513,0.9069192225285618,4097,0.9987264241597257,7.996461533989092e-05,0.9987988084123479,832.0065626241604,98,1127,0,68,2.4245110588548373,2.4431109322156987,-0.30179667510191255,5.471215341274361,15349.112542176501,1,0,10,3,3,34,5,6,89,2,2,35,0.8,0.08,smart,252,1
1127,15485.304884533132,14089.262830227162,2977,6.076691234213091e-05,11187,2883,33833,0.8942379756049139,0.36837969835850093,0.9999289317040311,14070.471956558093,1.1072623154281773,0.1922467799115441,0.9098472994419148,4097,0.9987089550579537,7.869124594821364e-05,0.9987226605599668,782.3771527799931,98,1127,1,68,2.4519155626248783,2.4012357261474566,-0.2961420921236889,5.445435473019712,15485.304884508176,0,0,10,4,0,34,5,8,89,2,2,35,0.8,0.08,smart,253,1
1127,15980.797125714238,14614.98015235281,2929,5.9065817677810394e-05,11519,2911,35013,0.8989044577466473,0.3682968729030819,0.9999315005350633,14598.154172453293,1.1006066166866624,0.18328247189165744,0.9145338644488683,4097,0.9986819339120655,7.539096434885366e-05,0.9987061893978113,772.4105471253145,98,1127,1,68,2.5440113606735735,2.3209331176661436,-0.2919774815063342,5.448899441352386,15980.797125683779,1,0,10,1,1,34,6,5,89,2,2,35,0.8,0.08,smart,254,1
1127,14493.958910683024,13067.017699765978,2974,6.489757306420709e-05,10512,2802,31509,0.8888040131157957,0.36846419116596324,0.9999233533276388,13046.38081953703,1.1191256367953641,0.2051889354955989,0.9015492440878045,4097,0.9987254689934574,8.577725601477285e-05,0.9987723803529598,814.0844494639284,98,1127,1,68,2.2703224953728296,2.5769172723435063,-0.30180863340472464,5.450857034525785,14493.958910661517,0,0,10,1,2,34,5,10,89,2,2,35,0.8,0.08,smart,255,1
1126,14729.680141591549,13357.840352313202,2891,6.393848367256692e-05,10656,2780,32124,0.8928925020048556,0.36838436774154465,0.9999250361098475,13339.255947796928,1.11141178323261,0.19627038552159803,0.9068656090226465,4097,0.9987138566768642,8.331575083285299e-05,0.9987239898075478,783.1926931658147,98,1127,0,68,2.324332977862039,2.620740269031195,-0.2919512391131421,5.528975725119518,14729.68014157027,0,1,10,1,5,34,7,6,89,2,2,35,0.8,0.08,smart,256,1
1127,19118.9426125306,17732.821218023164,3076,4.9544889734613586e-05,13697,3265,42213,0.9093346262306281,0.3681733180424172,0.9999435631749907,17718.42730622637,1.0831187681233638,0.16088755860295234,0.927500101726391,4097,0.9986657515814257,6.112778438098731e-05,0.998680060735987,757.1105067722541,98,1127,1,68,3.104846822085566,3.385506518057482,-0.2880445022250677,7.0664423445931845,19118.942612490424,2,2,10,5,2,34,12,3,89,1,2,35,0.8,0.08,smart,257,1
1127,14847.019756897436,13474.778300189086,2913,6.328595092698807e-05,10738,2792,32394,0.8923161054899971,0.3684068123357329,0.9999256841938969,13455.587634343889,1.1105332340606147,0.1962009916937516,0.9075746190698741,4097,0.9987035920174725,8.253017249371221e-05,0.9987489041731831,798.7991808036295,98,1127,1,68,2.3411555279098932,2.266604450093309,-0.29363058688414134,5.195021151771485,14847.019756864385,0,0,10,0,0,34,7,3,89,2,2,35,0.8,0.08,smart,258,1
1127,16490.947800130893,15129.121019656479,2945,5.725166636185825e-05,11870,2962,36193,0.9009495147973956,0.3682725016326555,0.9999338332820097,15112.838397433623,1.0966491746114282,0.17858282226668773,0.9174197385753895,4097,0.9986656774645651,7.256167667076318e-05,0.9986823530602909,758.4285301588804,98,1127,1,68,2.6378788112070715,2.4333456263284123,-0.28864253752409175,5.648509512583668,16490.947800100104,0,0,10,3,3,34,9,8,89,2,2,35,0.8,0.08,smart,259,1
1127,15051.743323972136,13649.007337287769,2950,6.261571944862667e-05,10889,2842,32826,0.8932244909916944,0.3683817939402591,0.9999266361090199,13630.183789965484,1.1114643730233347,0.19599058637292113,0.9068057462519772,4097,0.9986787679081618,8.154135109098664e-05,0.9987159705453462,778.2982268576947,98,1127,1,68,2.372707797838843,3.4781967061880135,-0.2984090298352159,6.447722563697289,15051.743323943323,0,1,10,1,5,34,6,9,89,1,2,35,0.8,0.08,smart,260,1
1127,15776.478449635195,14348.014135861862,3026,5.975216463297091e-05,11399,2943,34461,0.8950095570967849,0.3683725812495086,0.9999302154108138,14329.311370337122,1.1077153938145903,0.1918045278393526,0.9094560729548384,4097,0.9987277652924283,7.730146369283486e-05,0.9987422091207249,794.5446171599148,98,1127,1,68,2.493920926691881,2.6202613673270156,-0.3058090554922142,5.7258004050033255,15776.478449607379,0,1,10,2,4,34,8,7,89,2,2,35,0.8,0.08,smart,261,1
1127,15663.603676285142,14281.604595531357,2941,6.025051452330827e-05,11304,2891,34262,0.896953080135137,0.3683176253715175,0.9999298968201259,14264.188155178124,1.104425290646814,0.1877601132396311,0.9117700428767777,4097,0.998708176596369,7.742372480801562e-05,0.9987454139072149,796.5755251496776,98,1127,1,68,2.481542465290564,2.429417292449203,-0.29815650121522014,5.507272760170207,15663.603676260092,0,0,10,3,3,34,7,6,89,2,2,35,0.8,0.08,smart,262,1
1127,14804.884019681504,13386.856581687978,2977,6.35294653430026e-05,10724,2828,32237,0.8904927630236086,0.36843138345978943,0.9999251905578085,13366.796563628674,1.1152676621472437,0.20108229122513882,0.9042189431468419,4097,0.998663195158305,8.343255169962682e-05,0.9987115994075468,775.6560088042453,98,1127,1,68,2.332529561108845,2.97461739631211,-0.2947790493012524,5.8967050560234595,14804.884019660898,1,0,10,1,5,34,2,9,89,2,2,35,0.8,0.08,smart,263,1
1127,19378.712851972967,17960.849626961193,3169,4.875973395311816e-05,13888,3320,42770,0.9073582780687628,0.3681893334464108,0.9999442766568691,17945.30051295138,1.0840833317504515,0.16352995290279876,0.926833983462043,4097,0.998657385269884,6.04087474780221e-05,0.9987137409302315,776.9482493789865,98,1127,1,68,3.145456786841784,2.292996295862631,-0.2935339588405124,6.02552100038544,19378.71285191974,2,0,10,3,1,34,6,3,89,2,2,35,0.8,0.08,smart,264,1
1127,18098.89595118491,16688.909797484754,3115,5.207887535117237e-05,13000,3176,39833,0.9031413010444482,0.36824394638170166,0.9999400217347831,16672.20628926144,1.0904271665725926,0.17210994573379296,0.922095460546153,4097,0.9987195105301082,6.540192979667587e-05,0.9987506732844807,799.9310301128553,98,1127,1,68,2.907194101412771,2.2938777327722084,-0.30467740722020664,5.810426648625393,18098.89595114683,0,0,10,4,1,34,9,4,89,2,2,35,0.8,0.08,smart,265,1
1126,13907.358913622165,12542.260402123926,2850,6.759993136346084e-05,10085,2685,30239,0.8887933014885112,0.36847549684003367,0.9999201466098105,12522.44983464151,1.1187191059694106,0.2049274788765568,0.901843439866851,4097,0.9986848028270275,8.933351328155846e-05,0.9987092511824102,774.2439683435401,98,1127,0,68,2.182099036309419,2.549026295473234,-0.28812457178952267,5.307374475361699,13907.358913597041,0,0,10,0,3,34,1,10,89,2,2,35,0.8,0.08,smart,266,1
1126,15683.264587122003,14288.983567623935,2971,6.0108249050702866e-05,11323,2903,34291,0.8959054990107476,0.36835177643856903,0.9999299298987855,14270.922222288626,1.1054262600962412,0.1894375997736834,0.9110975261717542,4097,0.9986400170672459,7.745732993039683e-05,0.9986808423488855,757.5593980141082,98,1127,0,68,2.4928791249498814,2.5443337858240485,-0.2927806596145631,5.622774230003055,15683.264587097821,1,0,10,2,3,34,6,8,89,2,2,35,0.8,0.08,smart,267,1
1127,15984.58677302036,14589.535084428238,3014,5.875500135189547e-05,11533,2934,34984,0.8952903354033958,0.3683468369922247,0.9999313712631642,14570.655549612635,1.1033353308025393,0.18855664164476182,0.9127251953146036,4097,0.9987128214605743,7.572051005972932e-05,0.9987413126964483,793.9783943324151,98,1127,1,68,2.545844807446304,2.305232793352698,-0.2908165542212292,5.43271070924146,15984.586772996548,1,0,10,2,1,34,3,4,89,2,2,35,0.8,0.08,smart,268,1
1127,15386.982856551676,13982.677791608856,2997,6.102464071713438e-05,11123,2878,33595,0.8926940217718681,0.3683991439603236,0.999928384857761,13963.027381342881,1.1089275256621685,0.194775026913343,0.9087342152756818,4097,0.998697140215394,7.941600248310821e-05,0.9987503379663315,799.7162527456301,98,1127,1,68,2.4339718941615276,2.408795107079472,-0.2966373084162613,5.4360416180735225,15386.982856525841,0,0,10,1,2,34,6,6,89,2,2,35,0.8,0.08,smart,269,1
1127,14405.688971167034,13000.858036699643,2929,6.534970389705735e-05,10443,2774,31335,0.889824562190047,0.36843660651686744,0.9999229672490589,12980.991473289776,1.1177189334646458,0.2033224516968532,0.9024808228694123,4097,0.9987005991108598,8.610096422380325e-05,0.9987124253690142,776.1539023771375,98,1127,1,68,2.2583684173180414,3.1622927032726333,-0.29809812591985263,6.01685737243038,14405.688971145533,0,1,10,0,6,34,3,9,89,2,2,35,0.8,0.08,smart,270,1
1127,15720.56246277302,14271.032856860884,3046,6.0057805159873904e-05,11367,2956,34305,0.8945831123325986,0.36835531493697427,0.9999298377619327,14252.181030929312,1.1099910639233295,0.19375897059746186,0.9077940366736441,4097,0.9987616282780384,7.787945727999674e-05,0.9987662311858307,810.0245177122066,98,1127,1,68,2.479705509295573,2.5973250594361827,-0.3101014938518765,5.697233556435509,15720.562462735877,0,0,10,1,2,34,9,8,89,2,2,35,0.8,0.08,smart,271,1
1127,15237.484100953736,13833.126979104463,2960,6.19031677082823e-05,11017,2864,33251,0.8940568481078901,0.36838601474077726,0.9999276154762903,13814.607820195979,1.109976639390303,0.1942577908786615,0.9078353675354206,4097,0.9986788556143769,8.034513037118503e-05,0.9987031374012891,770.5916027254545,98,1127,1,68,2.4053746214632667,2.635414439709375,-0.298704189702872,5.638197440578386,15237.484100921192,0,0,10,1,1,34,6,10,89,2,2,35,0.8,0.08,smart,272,1
1125,16563.196026015146,15174.664485120793,3005,5.691794481908424e-05,11930,2993,36325,0.8992800396306302,0.36830146124803614,0.9999340279119104,15157.425549964973,1.0984260069720533,0.18142633796521923,0.9161676563681646,4097,0.9986366957917112,7.246545729174458e-05,0.9987262488716256,784.5826134196187,98,1127,0,68,2.64604092996082,2.314745653416632,-0.29852725243435396,5.5578410882461595,16563.196025972855,0,0,10,3,1,34,9,4,89,2,2,35,0.8,0.08,smart,273,1
1126,16896.53266444693,15484.186940097017,3036,5.593489259416067e-05,12168,3050,37061,0.900780272248722,0.36826603944717595,0.9999353499395255,15467.389624726726,1.0979861358155658,0.17968183533821946,0.9164120975351516,4097,0.9986664169218468,7.098487008061213e-05,0.9987219833909069,781.9623378815314,98,1127,0,68,2.703953930127356,2.4795226436210323,-0.2972064010294285,5.777889375807245,16896.532664412694,1,0,10,3,2,34,5,9,89,2,2,35,0.8,0.08,smart,274,1
1127,15745.294750460602,14368.143902967022,2925,6.001035232952968e-05,11359,2896,34456,0.8982193909538585,0.36831966060168747,0.9999303219193011,14351.215626562183,1.1033108564693517,0.18576978369455002,0.9125357213491799,4097,0.9987302185113223,7.68765828935778e-05,0.9987371330512461,791.348949725073,98,1127,1,68,2.501108128303755,2.4929732258846213,-0.29308792323636845,5.580257200661113,15745.294750428597,0,0,10,4,3,34,7,9,89,2,2,35,0.8,0.08,smart,275,1
1127,14902.068122299132,13531.800417098442,2898,6.318896864587445e-05,10774,2797,32523,0.8936158361564114,0.36838521847876093,0.999926001720541,13513.327711333055,1.1097525509322361,0.19446965187761392,0.9080484873673171,4097,0.9986997962254803,8.211977939442503e-05,0.9987303310682293,787.1067851654471,98,1127,1,68,2.3516880038096177,2.4323893573942867,-0.2928671199304761,5.369811601064856,14902.068122275428,0,0,10,0,2,34,8,6,89,2,2,35,0.8,0.08,smart,276,1
1127,16280.602162855408,14906.478878409294,2961,5.796340547866792e-05,11729,2950,35693,0.8993551454818571,0.36828492390479545,0.9999328413173085,14889.607422418738,1.09916284482808,0.18187287978546604,0.9155975147171639,4097,0.9987015677268177,7.381832872217741e-05,0.9987069887933903,772.8883940640203,98,1127,1,68,2.598680239689047,2.6133369113570075,-0.29051269071577257,5.7930425324776005,16280.60216283116,1,0,10,4,3,34,7,5,89,2,2,35,0.8,0.08,smart,277,1
1127,15736.692006383653,14411.582596850567,2846,6.003628684586345e-05,11336,2849,34505,0.9001755580166356,0.3682751132918941,0.9999305372147844,14395.697856080391,1.0988330896906475,0.18085122329683445,0.9157949199872788,4097,0.9986387902553804,7.632800689705315e-05,0.9986514427094136,741.0330852665188,98,1127,1,68,2.507686519046612,2.3291561713789144,-0.2849828698366894,5.406808430098906,15736.692006357405,0,0,10,2,2,34,12,5,89,2,2,35,0.8,0.08,smart,278,1
1127,15653.148175320544,14277.19643129948,2944,6.0193563711753245e-05,11296,2884,34245,0.8963510903997535,0.36834268037214474,0.9999298731778966,14259.379024830983,1.1040575329565416,0.18807718211226304,0.912097443363473,4097,0.99862470787229,7.742404620565251e-05,0.9986654404768842,748.8107906835254,98,1127,1,68,2.488233348500313,2.4313323701690157,-0.28961016086789804,5.498786040405125,15653.14817528987,1,0,10,2,1,34,7,6,89,2,2,35,0.8,0.08,smart,279,1
1127,14603.516851229242,13202.332506151666,2948,6.432182122886339e-05,10579,2791,31795,0.8898508689585712,0.3684357573861527,0.9999241421228054,13182.0465792532,1.115587912382853,0.20186918192598613,0.9040515815914827,4097,0.9986661095252085,8.462613085746892e-05,0.998738741280857,792.3586357217707,98,1127,1,68,2.294194753125453,2.3848613939006134,-0.2973787785885417,5.2738137042031505,14603.516851208362,0,0,10,0,0,34,6,6,89,2,2,35,0.8,0.08,smart,280,1
1127,15726.214393857568,14322.280953683789,2996,5.987702728744616e-05,11356,2916,34377,0.8951672908884672,0.36836223567106297,0.9999300906868241,14303.745803091522,1.1059932509387154,0.1905099297876922,0.9107265483597797,4097,0.9986705301545579,7.731922855079976e-05,0.9987376482616411,791.6721313758784,98,1127,1,68,2.491350951145723,2.646427891503052,-0.29945905663213884,5.736696955913052,15726.21439382825,0,1,10,3,1,34,8,6,89,2,2,35,0.8,0.08,smart,281,1
1127,15623.55349445202,14220.907542662479,2965,6.049530261474897e-05,11283,2906,34143,0.8963896277942419,0.36832235052288015,0.9999295964135378,14203.321848259082,1.106528443960809,0.18977756891560438,0.9102223477976616,4097,0.9987320016629386,7.790357097735265e-05,0.9987468507759298,797.489457157181,98,1127,1,68,2.4727713702049723,2.694700193145648,-0.2998201993470713,5.767111962044763,15623.553494425765,1,0,10,1,3,34,6,7,89,2,2,35,0.8,0.08,smart,282,1
1127,15774.462849968075,14389.851006997962,2963,5.975332404226808e-05,11383,2905,34514,0.8964920948975919,0.36834671032289773,0.999930422892533,14372.043441397595,1.1038640961718098,0.1878352390304052,0.9122244696292201,4097,0.9986924519889661,7.680367084841828e-05,0.9987197684194258,780.6085732483103,98,1127,1,68,2.5045041178452982,2.4612409031956632,-0.29486817140692423,5.55548136385481,15774.462849936273,1,1,10,3,2,34,6,7,89,2,2,35,0.8,0.08,smart,283,1
1127,21669.56023326179,20208.8314213464,3271,4.3868416521047254e-05,15487,3603,47989,0.9145355428405139,0.3681155408730864,0.9999504845008441,20195.196637279336,1.0764504547129476,0.1509490716373267,0.9325907495956823,8193,0.9986718455858229,5.3300981581807285e-05,0.9986911593188784,763.5348222476138,98,1127,1,68,3.5464724937596936,2.706500297550597,-0.29905727255960557,6.851087336429502,21669.56023320925,2,1,10,3,5,34,12,8,89,2,1,35,0.8,0.08,smart,284,1
1127,14937.208072274421,13558.733567652986,2931,6.289609689746838e-05,10802,2807,32593,0.8921887339455685,0.36841136420920123,0.9999261444491355,13539.443685213417,1.1103396679886366,0.19622140803142135,0.9077153844311723,4097,0.9986940968795591,8.200474782630289e-05,0.9987174477515081,779.1952241201038,98,1127,1,68,2.3569610089514015,2.5912640503849103,-0.29383013075566183,5.535885320847635,14937.208072249301,0,1,10,1,1,34,10,5,89,2,2,35,0.8,0.08,smart,285,1
1127,14364.365758890164,12963.204652329163,2954,6.522727556302848e-05,10415,2763,31244,0.8875317295885539,0.36850094254651394,0.9999227345800225,12941.90036219433,1.1180335257784477,0.20564778491328498,0.902455762399825,4097,0.9986597941115971,8.638532991826e-05,0.9987153729745539,777.935952678281,98,1127,1,68,2.2536543185223534,2.5156528073186033,-0.2954789128655447,5.360264951572046,14364.365758870805,0,0,10,0,1,34,4,7,89,2,2,35,0.8,0.08,smart,286,1
1127,16190.44625448082,14801.622677324534,3001,5.813211179271182e-05,11672,2952,35466,0.8971442166875324,0.36833751982870105,0.9999323600092039,14783.653395788246,1.1011696146259913,0.1853562250743677,0.9142195616274679,4097,0.9987240906610556,7.448310259836863e-05,0.9987249369817531,783.774855533298,98,1127,1,68,2.578786380515839,2.3296502656201734,-0.29440727599753924,5.4972511981310905,16190.446254452885,0,0,10,3,2,34,5,4,89,2,2,35,0.8,0.08,smart,287,1
1127,15679.342176964792,14283.323254802659,2968,6.014546399407378e-05,11320,2904,34280,0.8961491672491929,0.3683511539696328,0.9999299026249481,14265.369425920131,1.1055873063114343,0.18929365572239495,0.9109644456759745,4097,0.9987010229317517,7.749876806306466e-05,0.9987146789808447,777.5156453815404,98,1127,1,68,2.4867959306943392,2.583330096048992,-0.29569602617105817,5.661518079085448,15679.342176936514,0,1,10,3,5,34,6,9,89,2,2,35,0.8,0.08,smart,288,1
1127,16880.866201114353,15472.7092628901,3037,5.5928240011827514e-05,12156,3045,37031,0.900394228361052,0.36827910044651463,0.9999353011378405,15455.72235496619,1.0977939015301297,0.17990782959937915,0.9165826610170456,4097,0.9987098136615227,7.102601631482473e-05,0.9987113480538513,775.5046182478343,98,1127,1,68,2.700579299103032,2.3565896706506253,-0.295137861692813,5.647444693139284,16880.866201084587,1,0,10,1,0,34,9,7,89,2,2,35,0.8,0.08,smart,289,1
1126,15170.892010593205,13798.672151106792,2910,6.209549741187621e-05,10961,2828,33140,0.8948942510617591,0.3683608282924091,0.999927436588102,13780.549890088707,1.1076128959361569,0.1918146934252823,0.9095491643781889,4097,0.9986477052606331,8.037217079150261e-05,0.9987191205235623,780.2134719438678,98,1127,0,68,2.3998708256099266,2.5681123753862276,-0.2947813965141426,5.557545994024439,15170.892010558508,0,2,10,2,2,34,6,6,89,2,2,35,0.8,0.08,smart,290,1
1127,15477.12811822541,14124.428315321029,2879,6.101576352990207e-05,11165,2845,33871,0.8979248820672476,0.3683188701483885,0.9999291189952119,14107.652142739858,1.1032473542721735,0.18601642229799562,0.9126000771867049,4097,0.9986797788003215,7.819928100091781e-05,0.9986887136257917,762.1098129940573,98,1127,1,68,2.4541036281427058,2.4176262941677917,-0.29250295893742145,5.45673584018534,15477.128118196517,0,0,10,2,3,34,8,8,89,2,2,35,0.8,0.08,smart,291,1
1127,14390.300378038919,12974.603212369351,2945,6.543529912948809e-05,10436,2782,31285,0.8892856622219779,0.3684620048539266,0.999922809738351,12954.502070738568,1.1189525868137498,0.20465173920166208,0.9016214305137044,4097,0.998685108383018,8.637224294914301e-05,0.9987450564938285,796.3485145024981,98,1127,1,68,2.252103035710363,2.831960306238064,-0.3016326125615405,5.687328567071509,14390.300378012176,0,1,10,0,3,34,3,9,89,2,2,35,0.8,0.08,smart,292,1
1127,15385.168934959662,14033.303800192247,2885,6.12681693142415e-05,11102,2834,33660,0.8968368286791539,0.36833725937694994,0.9999286555609259,14016.009381164553,1.1039747290711268,0.18751825294842395,0.9121319278012231,4097,0.9986530536804442,7.876245779775319e-05,0.9986684160979391,750.4852369003538,98,1127,1,68,2.4421065504949473,2.3410847143385207,-0.28818074940506355,5.3595527636435945,15385.16893493656,0,0,10,2,1,34,9,6,89,2,2,35,0.8,0.08,smart,293,1
1127,14187.467528570307,12755.085772638618,2985,6.610718361247121e-05,10303,2771,30796,0.8858598645014734,0.3685357291425515,0.9999214674066453,12733.066494740657,1.1229599807064155,0.2103969573138331,0.8990389403149505,4097,0.9986814833261942,8.818895951850217e-05,0.9987340696209301,789.4327505686691,98,1127,1,68,2.2173981320290315,2.6685309305634024,-0.30034233443853464,5.486613731469503,14187.467528544736,0,1,10,0,2,34,3,10,89,2,2,35,0.8,0.08,smart,294,1
1127,20339.503882079338,18896.89044335613,3210,4.662794543042259e-05,14560,3445,44950,0.9109442111472227,0.36814819856746483,0.9999470420512275,18882.406588068898,1.0810399482455773,0.15782095859418951,0.929073322186867,4097,0.9986823281220921,5.724965820022075e-05,0.9987052318137378,771.8389181304328,98,1127,1,68,3.3166029112692037,2.657379452094724,-0.2928920101183177,6.5597663836005635,20339.503882018686,1,0,10,3,3,34,10,7,89,2,1,35,0.8,0.08,smart,295,1
1127,16893.521313111807,15490.515041657938,3033,5.5900356480174335e-05,12163,3042,37067,0.9004697230644213,0.36826677772920585,0.9999353761698777,15473.66793092627,1.097289008744652,0.17953628161856078,0.9169500398732777,4097,0.9987385218303673,7.091101849633071e-05,0.9987385342590553,792.228517985318,98,1127,1,68,2.7001178787647064,2.5026370074716904,-0.2978450871758592,5.798445060588115,16893.521313075085,1,0,10,3,4,34,6,9,89,2,2,35,0.8,0.08,smart,296,1
1127,14857.536793139858,13483.090293477506,2907,6.332138379208454e-05,10745,2796,32415,0.8929223995470953,0.36838266535004277,0.9999257321030328,13464.26796000027,1.110577735000838,0.1956582736744252,0.9074916307596174,4097,0.9986532177989936,8.248027279732276e-05,0.9987057415405096,772.1430938000314,98,1127,1,68,2.344773050083832,2.4973019651701183,-0.29187944203862237,5.425833899331195,14857.536793110032,0,1,10,2,3,34,6,5,89,2,2,35,0.8,0.08,smart,297,1
1127,16795.38779285117,15371.378652422149,3052,5.624799364223161e-05,12102,3050,36813,0.8998354074692796,0.3683000538968396,0.9999348731826804,15354.15789367169,1.0996403889987119,0.18171655442805917,0.9152142744191272,4097,0.9986912637491326,7.161607873200385e-05,0.9987412264968685,793.9239892137119,98,1127,1,68,2.6781550156140304,2.6220265125804865,-0.3023929511692247,5.904967430532967,16795.38779282364,0,0,10,2,3,34,9,8,89,2,2,35,0.8,0.08,smart,298,1
1127,18313.847249549766,16918.987747293628,3055,5.172853686051867e-05,13142,3187,40348,0.9068169142914778,0.36819847699022706,0.999940844200968,16904.013438602204,1.0879315167222459,0.1668136660949329,0.9238358012246481,4097,0.9987230651666139,6.435745816390222e-05,0.9987306338704657,787.2946656788228,98,1127,1,68,2.9567454622570115,2.41141060867557,-0.29327179586434854,5.9546996626612785,18313.847249513863,1,0,10,4,1,34,10,7,89,2,2,35,0.8,0.08,smart,299,1
1127,16636.116811540025,15240.806001591618,3017,5.6673839597986924e-05,11983,3006,36484,0.8993762705437278,0.36829963074034566,0.999934314211971,15223.493342345892,1.0984786775411437,0.1813524174047148,0.9161276140486992,4097,0.9987161109074859,7.215443756742987e-05,0.9987562455444552,803.5171165226541,98,1127,1,68,2.655855917733332,2.509030453660297,-0.29642745609184573,5.75774128357732,16636.116811504875,1,1,10,4,1,34,9,5,89,2,2,35,0.8,0.08,smart,300,1
1127,15381.14814332719,13969.327681290359,2987,6.126117605802345e-05,11120,2886,33572,0.8937813623661879,0.3683820338817152,0.9999283203018808,13950.451605702332,1.1095008267561357,0.1941987667088332,0.9082109834141789,4097,0.9986612655244801,7.952868432474264e-05,0.998724351747373,783.4150504439725,98,1127,1,68,2.429664256979269,2.4089771835849327,-0.2999095040326014,5.438460448629404,15381.148143301889,0,0,10,2,2,34,6,6,89,2,2,35,0.8,0.08,smart,301,1
1127,14732.486824936443,13319.426122356503,2965,6.385171775936702e-05,10672,2816,32077,0.8904493261687891,0.36844864271584055,0.9999248116978119,13299.441219938726,1.1154543006979574,0.20125590711416036,0.9040853917352113,4097,0.9986777466382964,8.386911503823865e-05,0.9986875422404786,761.4291738005728,98,1127,1,68,2.3196238781227163,2.715179107654951,-0.294836960371155,5.624476906519978,14732.486824912965,0,0,10,2,3,34,6,13,89,2,2,35,0.8,0.08,smart,302,1
1127,16409.42298204251,15037.921783390713,2962,5.7509829955206944e-05,11817,2962,35993,0.8999598793517648,0.36829695989800154,0.9999334297680007,15021.229226379339,1.0980343069416048,0.18050604236611095,0.9164199009220078,4097,0.9986000599359687,7.309639855668465e-05,0.9986469563805049,738.5743601520395,98,1127,1,68,2.6288867333273243,2.6327291626520672,-0.2831670345540196,5.827949965087431,16409.422982011372,1,1,10,5,3,34,6,7,89,2,2,35,0.8,0.08,smart,303,1
1127,14972.874323309781,13595.057702985945,2922,6.283794498641777e-05,10826,2811,32676,0.893022580750606,0.3683873849664841,0.9999263445943644,13576.236030681612,1.1098920826977017,0.19515291031669374,0.9079791501235771,4097,0.9986745275409991,8.174955156312199e-05,0.9987220893885247,782.0272400473659,98,1127,1,68,2.363284138361728,2.457367620820734,-0.29383641590398507,5.408324590990433,14972.874323287295,0,1,10,1,2,34,4,5,89,2,2,35,0.8,0.08,smart,304,1
1127,14746.474774821072,13267.501291743954,3090,6.359360830981826e-05,10706,2872,32022,0.8861293375040018,0.3685293283519152,0.9999245016494637,13244.822479512817,1.121992052169995,0.20954160551483347,0.8997066413728658,4097,0.9987612112110921,8.470854925376526e-05,0.9987919647821212,827.2903355085576,98,1127,1,68,2.307288172507253,2.7111068812571046,-0.3096549995953239,5.637705052955006,14746.474774798022,1,0,10,1,2,34,2,11,89,2,2,35,0.8,0.08,smart,305,1
1127,15144.29104765728,13792.132731202279,2868,6.234235654959944e-05,10935,2809,33105,0.8963213628996071,0.3683444778204545,0.9999274072023626,13774.971287882594,1.105887891459786,0.1893782938385657,0.9107149808333768,4097,0.9986889264152772,8.027949591467333e-05,0.9986998458025063,768.6394305146788,98,1127,1,68,2.394752672832217,2.443532337641957,-0.2927878857534443,5.4238607819810625,15144.291047630202,0,0,10,0,3,34,4,8,89,2,2,35,0.8,0.08,smart,306,1
1125,16859.49663020819,15486.892705921875,2971,5.608237143479092e-05,12129,3012,37028,0.9022640244166108,0.3682682328954993,0.9999353647344433,15470.930202063935,1.0950252770011952,0.1762211568450198,0.9185857114009599,4097,0.9986692678187021,7.077724957027591e-05,0.9987132327511496,776.6412140181242,98,1127,0,68,2.70177383959052,2.449573957555301,-0.2954700057753288,5.742287808696478,16859.496630182897,0,0,10,5,3,34,7,8,89,2,2,35,0.8,0.08,smart,307,1
1127,16226.551771497914,14851.720747888798,2985,5.796418238888028e-05,11693,2944,35567,0.8975693161606076,0.36831048213736084,0.9999325890421203,14833.883475258619,1.0997528687398859,0.18395775282603047,0.9152727552366351,4097,0.9986530856178301,7.413539431290101e-05,0.9987280973569482,785.7235923210781,98,1127,1,68,2.5890941108042616,2.2616547532273334,-0.29050691341411794,5.431762690859831,16226.551771470567,0,0,10,4,0,34,6,5,89,2,2,35,0.8,0.08,smart,308,1
1127,16164.165743335843,14791.13355512569,2967,5.827779546387553e-05,11649,2936,35426,0.8981672606093536,0.3683157357580192,0.9999323146542707,14773.746756710581,1.099975850086158,0.1835541683444587,0.9150570335635029,4097,0.9986767637811047,7.445224570723196e-05,0.9987126241793245,776.2738415926868,98,1127,1,68,2.576105483252482,2.511246654173974,-0.2924243735892463,5.6722008846049485,16164.16574330314,1,1,10,2,1,34,7,3,89,2,2,35,0.8,0.08,smart,309,1
1126,15679.473374838633,14292.625929581105,2966,6.0052338898374506e-05,11318,2896,34292,0.8957500938748496,0.3683612241876985,0.999929947055549,14274.417456056874,1.1048475423777613,0.18916451650472124,0.9115501259447242,4097,0.9986837980435906,7.739782351328543e-05,0.9987095542196168,774.4259026152934,98,1127,0,68,2.491961232068587,2.3750329923646247,-0.29302515777348387,5.453044539980179,15679.473374810857,1,0,10,4,0,34,7,6,89,2,2,35,0.8,0.08,smart,310,1
1127,15450.075653412747,14087.61788047943,2918,6.092278553447717e-05,11151,2850,33795,0.8957967671476806,0.3683506929097306,0.9999289277001511,14069.679263997989,1.104492806447547,0.18886638910117226,0.9118154626878889,4097,0.9987200149097761,7.849884392130767e-05,0.9987673101265632,810.7339484924877,98,1127,1,68,2.4509998347072535,3.171163571726354,-0.2908059600374884,6.203775326508584,15450.07565338662,0,2,10,3,2,34,7,7,89,1,2,35,0.8,0.08,smart,311,1
1127,15066.722729121626,13676.284428559733,2962,6.231054221283686e-05,10896,2831,32876,0.891827450139124,0.36840561538789024,0.9999267778500033,13656.569610739001,1.1103861022229613,0.19659218884242927,0.907714615476769,4097,0.998666857159306,8.130485773121924e-05,0.9987066180471661,772.6667032430917,98,1127,1,68,2.3811055772828063,2.383571732362874,-0.29266952992062756,5.350016369486935,15066.722729091349,0,0,10,2,0,34,6,4,89,2,2,35,0.8,0.08,smart,312,1
1126,16244.405016726085,14891.04342788203,2901,5.8244661789651034e-05,11696,2929,35637,0.9016030252599714,0.36827547218763046,0.9999327768502918,14875.327805811577,1.0975555649164292,0.178584564778641,0.9166875248769922,4097,0.9986500925719697,7.378114205340112e-05,0.9986546929166376,742.824599598588,98,1127,0,68,2.597429115035046,2.4852911233202026,-0.2879003728319171,5.658520984019082,16244.405016691,1,1,10,2,3,34,9,9,89,2,2,35,0.8,0.08,smart,313,1
1127,18365.949180808122,16973.468307456034,3060,5.1550100760826345e-05,13178,3191,40471,0.906701647815745,0.3682013057852396,0.9999410339920832,16958.423200663336,1.0874942189595915,0.16661267925088294,0.9241813826422219,4097,0.9986856603795414,6.412519272471097e-05,0.9986931263956529,764.6848306171495,98,1127,1,68,2.961425697805011,2.303743121834624,-0.2978376883114416,5.860844196262518,18365.94918076621,1,0,10,3,1,34,13,2,89,2,2,35,0.8,0.08,smart,314,1
1126,17727.1670225229,16286.666903889689,3159,5.3111282519899314e-05,12753,3163,38937,0.9001736143451434,0.36828850522862067,0.9999385342064342,16268.711567479826,1.0949940661806743,0.1782010625830058,0.9187405344123507,4097,0.998741647148626,6.730467922791682e-05,0.9987524452397285,801.0679167478011,98,1127,0,68,2.847329465875944,2.374996779794118,-0.301368051438488,5.825062348547037,17727.16702248025,1,0,10,4,1,34,7,3,89,2,2,35,0.8,0.08,smart,315,1
1127,15081.249275975175,13707.018232334507,2918,6.243598659085684e-05,10900,2821,32931,0.8938855794432052,0.36838252880824385,0.9999269490380901,13688.573674192146,1.1085894015499067,0.19348529731210334,0.9088781692754158,4097,0.9987057701025135,8.098352214667158e-05,0.9987075205034943,773.2065565875018,98,1127,1,68,2.385051633562893,2.8525528896342296,-0.2913013878992733,5.820207298995669,15081.249275939308,0,1,10,2,4,34,6,9,89,2,2,35,0.8,0.08,smart,316,1
1127,15088.844854514326,13713.39975768651,2916,6.240577239135728e-05,10905,2822,32947,0.8941114182055446,0.36837061170387553,0.9999269832640919,13694.990316280377,1.1086288734129777,0.1932553504337731,0.9088435788100567,4097,0.9986644085490319,8.094846167028956e-05,0.9986683363138821,750.440243057451,98,1127,1,68,2.387897307263822,2.707680569476721,-0.2898036429559086,5.675185162652361,15088.844854488183,0,0,10,3,3,34,8,11,89,2,2,35,0.8,0.08,smart,317,1
1126,14691.192183597814,13323.155054291856,2880,6.413676250155271e-05,10628,2773,32041,0.8931180063103118,0.36839450431635473,0.9999248417178024,13304.753530141776,1.1113671526328353,0.1960358263650935,0.9068804551591584,4097,0.9987388778997055,8.352844608308539e-05,0.998741628739738,794.1779297474966,98,1127,0,68,2.3165576516806463,2.881661453661204,-0.2928903382964945,5.78399978193484,14691.192183571304,0,3,10,1,4,34,3,10,89,2,2,35,0.8,0.08,smart,318,1
1127,15182.716692494647,13791.425737891725,2954,6.195637745861893e-05,10976,2845,33142,0.8932477399496728,0.3683801658563402,0.9999273939318373,13772.453485367521,1.10935430613219,0.19456333539176598,0.9083635041882402,4097,0.9987299333147156,8.054585436791856e-05,0.9987310605064934,787.5595338454148,98,1127,1,68,2.399092615746391,2.4198551993461757,-0.2952670457384127,5.409481906569392,15182.716692466869,0,0,10,2,2,34,7,5,89,2,2,35,0.8,0.08,smart,319,1
1127,16293.52126708036,14869.00121787834,3032,5.7942660644247155e-05,11755,2996,35657,0.8978703121356552,0.3683066396981567,0.9999326678820056,14851.25321093921,1.1033014906704568,0.18608623331323057,0.9125713818485549,4097,0.9986576836675216,7.428762615355169e-05,0.9986846805960581,759.7714996342966,98,1127,1,68,2.5924021645505424,2.601308943234924,-0.29908341966317836,5.791877947111823,16293.521267044316,0,0,10,4,2,34,11,10,89,2,2,35,0.8,0.08,smart,320,1
1127,15124.751600295302,13767.045094358436,2883,6.232482797720501e-05,10924,2811,33053,0.8954897076568799,0.3683447785964861,0.9999272721909094,13749.39858849118,1.106622112838336,0.19061470073622308,0.9102328063417348,4097,0.9986788023902925,8.0482201758107e-05,0.9986790624737171,756.5379632650142,98,1127,1,68,2.395674811076775,2.5725637445148055,-0.2883982324493183,5.545035020490218,15124.751600269537,0,1,10,2,5,34,6,8,89,2,2,35,0.8,0.08,smart,321,1
1126,15506.515823516362,14085.72283639633,2985,6.09112823898507e-05,11209,2908,33849,0.8952888075206363,0.3683438176539737,0.999928916621143,14067.486295235267,1.1091463276020335,0.19249972295343787,0.9083744534690809,4097,0.998677241084002,7.884186861291247e-05,0.9987545984667648,802.453781556449,98,1127,0,68,2.44923238656564,3.0560540805299037,-0.3050333014419336,6.1153530699794105,15506.515823482638,0,1,10,2,3,34,5,8,89,2,2,35,0.8,0.08,smart,322,1
1127,15660.4270301911,14246.628688709441,3008,6.0121621090026796e-05,11314,2917,34213,0.8945102642332263,0.3683789272953357,0.999929717415644,14227.775877314136,1.1074064760781768,0.19207649920407657,0.9097215970703701,4097,0.998757559686658,7.783138907160551e-05,0.9987712876373449,813.3600249374882,98,1127,1,68,2.4765416213128693,2.383793469391477,-0.30259361030420934,5.465522311312765,15660.427030162238,0,0,10,4,1,34,6,7,89,2,2,35,0.8,0.08,smart,323,1
1127,14714.137522531892,13372.604655707062,2867,6.383013156829702e-05,10636,2751,32128,0.8925776577481549,0.36840057120256153,0.9999251182052983,13353.880774606887,1.1087880345277992,0.19484662254989374,0.9088269451899217,4097,0.9986877162536832,8.302803796941214e-05,0.9987198375932087,780.6507805880767,98,1127,1,68,2.3267430841255616,2.3084760242837628,-0.28446144515703936,5.204141998723403,14714.137522507457,0,0,10,2,1,34,3,4,89,2,2,35,0.8,0.08,smart,324,1
1127,15173.813862600842,13758.586406261422,2997,6.195831036722823e-05,10978,2865,33090,0.8918044364866882,0.3684066957338175,0.9999272160815015,13738.79873779546,1.1117057792496763,0.19751131964171229,0.9067322514198256,4097,0.9986839229718919,8.09143028315818e-05,0.9987558004814056,803.2295112014394,98,1127,1,68,2.3905174276013708,2.343770177790508,-0.30226231731007597,5.338812240012031,15173.813862576002,0,0,10,3,1,34,4,4,89,2,2,35,0.8,0.08,smart,325,1
1127,15439.440789466547,14071.62808664405,2923,6.100349949127408e-05,11145,2854,33764,0.8957308056784379,0.3683588555318801,0.9999288471668374,14053.754133390352,1.1050272659235143,0.18932032836281198,0.9114078857211151,4097,0.9986839684745785,7.862582069268827e-05,0.998695200393473,765.9011033034689,98,1127,1,68,2.446858933602867,2.4278378732118755,-0.29305957383986125,5.460815954494466,15439.440789439775,0,0,10,4,3,34,7,8,89,2,2,35,0.8,0.08,smart,326,1
1127,16494.110122209753,15080.922082437244,3038,5.715338916443737e-05,11890,3007,36133,0.8981886249881585,0.3683159342527734,0.9999336149786922,15063.139054892388,1.100953580041906,0.18418695992027198,0.9143216560759095,4097,0.9986620026838976,7.308682687030909e-05,0.9987273331932096,785.2515098257322,98,1127,1,68,2.6290598393929003,2.4358006417025138,-0.29802270225326644,5.660905885601947,16494.11012217615,1,0,10,3,3,34,7,6,89,2,2,35,0.8,0.08,smart,327,1
1127,15687.036223642794,14312.207478627683,2945,6.0062144720368287e-05,11319,2887,34325,0.8964626363859091,0.3683374096367834,0.999930045153866,14294.435302640202,1.1036955830196742,0.18773463374562932,0.9123589232908743,4097,0.9986506361804477,7.72088546890451e-05,0.998681118393178,757.7180612556022,98,1127,1,68,2.494584413515006,2.520698395990485,-0.2892729464873516,5.593828702480194,15687.036223613284,1,0,10,3,3,34,6,9,89,2,2,35,0.8,0.08,smart,328,1
1127,20269.848070375956,18737.954818076167,3373,4.666837152643416e-05,14542,3516,44673,0.9066641473298594,0.36820402454416673,0.9999465859799984,18721.176438743205,1.0872080870843321,0.16640479930037477,0.9244250254377276,8193,0.9987709288003735,5.807215450964854e-05,0.9987998464653578,832.7266256211431,98,1127,1,68,3.288746961145448,2.586440558459998,-0.30838668043836887,6.491960880482183,20269.848070324806,1,0,10,2,3,34,8,10,89,2,1,35,0.8,0.08,smart,329,1
1126,15193.808798974487,13794.321940480771,2942,6.214546037948767e-05,10985,2856,33157,0.89462548142449,0.36836025936040856,0.9999274133040906,13776.129271147338,1.109853953125998,0.19363150075961016,0.9078909786867809,4097,0.9986860019329884,8.056063139941347e-05,0.998733769940722,789.245796173903,98,1127,0,68,2.3994443058810666,2.6274020807809157,-0.2992783937550201,5.625403174172023,15193.80879895117,0,0,10,1,3,34,6,10,89,2,2,35,0.8,0.08,smart,330,1
1127,15751.581517941484,14381.727485315236,2927,5.9918232327103795e-05,11361,2890,34480,0.8977498767691788,0.3683060869985255,0.9999303868588681,14364.603820011236,1.1026798447386335,0.18582261067982708,0.9130338733881453,4097,0.9986744351997888,7.676100765514456e-05,0.9986943804225239,765.4197787051817,98,1127,1,68,2.5038898664619262,2.411164004634652,-0.2914218492277712,5.497897569552121,15751.581517911445,1,1,10,2,1,34,8,5,89,2,2,35,0.8,0.08,smart,331,1
1127,14688.11081779745,13303.165614033973,2903,6.420901486666921e-05,10631,2788,32012,0.8926037548355281,0.36839887945541844,0.9999247274268769,13284.551354524154,1.1129967482920675,0.19764284433927756,0.9057097797706325,4097,0.9986722816062148,8.377812912176306e-05,0.998710340952393,774.8986320371688,98,1127,1,68,2.3102155946198426,2.6333778878803695,-0.2963701760593332,5.536333834618879,14688.110817777157,0,0,10,0,3,34,4,8,89,2,2,35,0.8,0.08,smart,332,1
1126,15004.623711567947,13602.859905442057,2943,6.285857123505289e-05,10855,2837,32718,0.8933016888478946,0.3683751702274238,0.999926387829028,13584.2100600876,1.1117528409715627,0.19613954048918056,0.9065778767217476,4097,0.9987006457140066,8.183854020853896e-05,0.9987019505610522,769.8865734947133,98,1127,0,68,2.367352082204488,2.7726655260500994,-0.2977675823688583,5.735552772992304,15004.62371154794,0,1,10,2,2,34,4,10,89,2,2,35,0.8,0.08,smart,333,1
1127,14954.058675527322,13534.341846354455,2985,6.292891304348834e-05,10827,2846,32578,0.8912116154223528,0.3684223611062348,0.9999260083975975,13514.54720905734,1.114032238634018,0.1996113606859805,0.905061437835852,4097,0.9987573755759754,8.242903046469169e-05,0.9987639914030665,808.5557582628859,98,1127,1,68,2.35095037363445,2.5083483583230035,-0.3028311127010195,5.464960957359493,14954.058675500371,0,0,10,1,2,34,6,9,89,2,2,35,0.8,0.08,smart,334,1
1127,15206.159210658081,13793.445974853978,3012,6.167214019460407e-05,11001,2865,33168,0.8909036867359776,0.36843301716596316,0.9999273968764992,13773.012093458572,1.1113181347498016,0.19807763145665822,0.907095985499486,4097,0.9987500711467184,8.06851677861459e-05,0.9987851202920185,822.6266604924306,98,1127,1,68,2.3992419599166306,2.2994965643448286,-0.2992778645075796,5.297294253276619,15206.159210630425,1,0,10,1,0,34,5,5,89,2,2,35,0.8,0.08,smart,335,1
1126,16684.69697537299,15317.841507579527,2943,5.674062307760419e-05,12005,2989,36633,0.9025596322497383,0.3682445070466847,0.9999346521730667,15302.227673929792,1.0956589675525936,0.17638917891909803,0.9180772974294364,4097,0.9986369634746709,7.159893258972346e-05,0.9986383580854322,733.9073612087794,98,1127,0,68,2.6757049580032204,2.7199787984001103,-0.2878291406349018,5.971342037673135,16684.696975332627,1,0,10,3,2,34,11,12,89,2,2,35,0.8,0.08,smart,336,1
1127,14943.644299433789,13592.933576659343,2883,6.293480467296279e-05,10797,2785,32645,0.8937792616131551,0.36836766482584005,0.9999263356705168,13574.591317106924,1.1076122118539062,0.19292482758768797,0.9096130304155042,4097,0.998725447665033,8.159151091399529e-05,0.9987374847751744,791.5695508646421,98,1127,1,68,2.3637944874993853,2.4846697438464376,-0.28813883981245514,5.424741910970733,14943.64429940222,0,1,10,2,2,34,4,7,89,2,2,35,0.8,0.08,smart,337,1
1127,15569.392905418523,14191.877263054015,2953,6.043894333678702e-05,11239,2876,34050,0.8952940917463592,0.36836455174501,0.9999294487580078,14173.59490390064,1.1049154698409511,0.18966699716160962,0.9115241261664674,4097,0.9987569684545367,7.795315869392552e-05,0.9987644243004333,808.8392198077738,98,1127,1,68,2.4687245425123097,2.3653679851160847,-0.2942555649202085,5.4226036574688115,15569.39290538224,0,0,10,3,2,34,7,5,89,2,2,35,0.8,0.08,smart,338,1
1127,15178.031715014582,13775.6871713467,2962,6.206166094253525e-05,10976,2855,33117,0.8933577145094527,0.36838604356710763,0.9999273114177688,13756.818809425344,1.1103591719472194,0.19515046849387574,0.9076069565541467,4097,0.9986948179921596,8.071043397657667e-05,0.9987275875409027,785.4085769280421,98,1127,1,68,2.395216810337958,2.3856092822688164,-0.2983114443174456,5.377448981241666,15178.031714983199,0,0,10,1,2,34,5,5,89,2,2,35,0.8,0.08,smart,339,1
1127,14816.20463913586,13439.638285602063,2910,6.352266752851316e-05,10717,2794,32317,0.8925767542903246,0.36840301473115183,0.9999254915381816,13420.794375584524,1.1111335457710656,0.19640657448220308,0.907090487269749,4097,0.9986744212118277,8.278885137038194e-05,0.9987314771782483,787.8183878695409,98,1127,1,68,2.3332472841350382,2.273546792254484,-0.2960703093184868,5.198934695026495,14816.204639110612,0,0,10,0,0,34,5,6,89,2,2,35,0.8,0.08,smart,340,1
1127,15383.404121339125,13974.403070762382,2975,6.13100767970472e-05,11120,2884,33581,0.8944044007347974,0.36837842922571207,0.9999283482553474,13955.894284888394,1.1091719533156612,0.19339022602111985,0.9084077204588129,4097,0.9986995691992985,7.947410557492862e-05,0.9986995723692804,768.4777080704977,98,1127,1,68,2.4322867688946164,2.5971132943361828,-0.297687343139691,5.624774749510181,15383.404121313322,1,0,10,2,1,34,7,11,89,2,2,35,0.8,0.08,smart,341,1
1127,15400.39750301149,14012.98861475968,2967,6.1027410740465644e-05,11126,2865,33648,0.8937601625551387,0.3683905969641561,0.999928543347197,13993.998207635372,1.107228750914686,0.19265736481281176,0.9099108391208404,4097,0.9986894215487073,7.911886042764019e-05,0.99873568790537,790.4438428660419,98,1127,1,68,2.4404753099521392,2.7836329126780655,-0.29251448649498674,5.8091371956201785,15400.397502979555,1,1,10,2,2,34,8,6,89,2,2,35,0.8,0.08,smart,342,1
1127,14656.325471894648,13242.856583017816,2971,6.40956166162913e-05,10620,2807,31901,0.8894660008050328,0.3684617570760946,0.9999243735670582,13222.389942370926,1.1162831630998382,0.2027111096636921,0.903559122538092,4097,0.9987057981614342,8.442051377857162e-05,0.9987239071166633,783.1419098251273,98,1127,1,68,2.3043260388549855,2.5767257799321723,-0.2966190315746144,5.474289881936387,14656.325471870794,0,0,10,2,1,34,5,7,89,2,2,35,0.8,0.08,smart,343,1
1127,15647.388118098734,14274.035465370947,2943,6.016196171216916e-05,11291,2880,34236,0.8961983479365794,0.3683544755877403,0.9999298566693654,14256.022901647539,1.1039135438010712,0.1880825079423923,0.912231188850024,4097,0.9986726791303144,7.74321726950778e-05,0.9987204668241567,781.034924109979,98,1127,1,68,2.4845874204014398,2.3831437589195428,-0.2922338960267496,5.452198971374481,15647.388118072848,0,0,10,2,2,34,7,4,89,2,2,35,0.8,0.08,smart,344,1
1127,15011.375799032712,13641.386159053438,2915,6.262948962251747e-05,10851,2808,32775,0.893282941005923,0.3683990208400075,0.9999265951483648,13622.577729529088,1.108859532692434,0.1941860652231379,0.9087365702970708,4097,0.9986587602394502,8.139566948182035e-05,0.9986940636049644,765.233968044711,98,1127,1,68,2.3744171425484146,2.4159571404739175,-0.2895359717390879,5.369446226500508,15011.375799010077,0,0,10,2,3,34,7,5,89,2,2,35,0.8,0.08,smart,345,1
1126,16319.460285143236,14956.07020303569,2943,5.782526040394066e-05,11752,2945,35796,0.9000793447614509,0.3682968784243163,0.9999330656438741,14939.510743441166,1.0979802814425967,0.1803368462300939,0.916456178189377,4097,0.9986763167549226,7.349260317757347e-05,0.9987038385376332,771.0087116386932,98,1127,0,68,2.6124124544378766,3.146973861714157,-0.28624834220711987,6.331883000566274,16319.46028511133,1,2,10,5,4,34,8,11,89,2,2,35,0.8,0.08,smart,346,1
1127,15287.62464357851,13915.396878976759,2919,6.163236238874826e-05,11042,2841,33409,0.8951775233908701,0.3683457046809477,0.9999280467380319,13897.410563280368,1.1066392048364286,0.1909387539303636,0.9102393081597442,4097,0.9987139559018438,7.962630060975122e-05,0.9987260060859033,784.4329997528231,98,1127,1,68,2.4184685322219854,2.5129915849320805,-0.29450833442471286,5.520476786003491,15287.624643554145,0,0,10,1,2,34,7,6,89,2,2,35,0.8,0.08,smart,347,1
1127,15704.62799360737,14328.623199211368,2951,5.99556567436685e-05,11332,2889,34364,0.8962531321276559,0.368331501478819,0.9999301244947687,14310.666642487316,1.103692332760652,0.18790639302002035,0.912382210202234,4097,0.9987359290802026,7.712105937162316e-05,0.9987562729917594,803.5348600531343,98,1127,1,68,2.49416413136829,3.2031478739381636,-0.29281510440438646,6.282942214115227,15704.627993579032,0,1,10,2,1,34,5,6,89,1,2,35,0.8,0.08,smart,348,1
1127,15090.893927877429,13704.44012844572,2934,6.238483786805439e-05,10911,2832,32937,0.8935912122310152,0.36838094515537634,0.9999269338216781,13685.722853331412,1.1096495921772767,0.1944218820980524,0.9081264631467252,4097,0.9986853949683475,8.107785497713989e-05,0.9987018968418897,769.8546927209343,98,1127,1,68,2.382354823563976,2.483904896122213,-0.29570975990560705,5.457679239497403,15090.893927851099,0,0,10,1,3,34,6,4,89,2,2,35,0.8,0.08,smart,349,1
1127,16581.153617240663,15169.932461190801,3048,5.67846760387231e-05,11950,3014,36336,0.8980244397734496,0.36832082060405386,0.9999340038670262,15151.90294510429,1.1002275985123289,0.18382315672118055,0.9148900499551184,4097,0.998708970469698,7.261076689318026e-05,0.9987436597567023,795.4626173877152,98,1127,1,68,2.6493442454347074,2.5646173123049056,-0.2931852341054884,5.80033202595059,16581.153617209005,1,0,10,3,4,34,8,6,89,2,2,35,0.8,0.08,smart,350,1
1127,14972.655098748428,13520.79432505707,3033,6.286593102884189e-05,10851,2876,32579,0.8900837690279737,0.36843240629340035,0.9999259302016708,13500.279293305364,1.1169370391310314,0.20256928246838,0.9030325106592003,4097,0.9987446077191577,8.273130123488895e-05,0.9987541835500668,802.18635932268,98,1127,1,68,2.353220248994517,3.0154958107970233,-0.303861401177605,5.9764388621467495,14972.655098719906,0,1,10,2,4,34,5,10,89,2,2,35,0.8,0.08,smart,351,1
1127,16015.068289116549,14654.615387054031,2912,5.902719806884692e-05,11540,2911,35099,0.8998909011584932,0.36828819151417685,0.9999316885425958,14638.332746529164,1.0998302398507906,0.1818287594801531,0.9150516952221147,4097,0.9987150809264783,7.513100658139364e-05,0.9987154048717111,777.9552816483146,98,1127,1,68,2.5522060068232704,2.5066264053153926,-0.2898646744693945,5.638561761077453,16015.068289084167,0,0,10,3,4,34,6,10,89,2,2,35,0.8,0.08,smart,352,1
1126,16453.79752038125,15089.921093243758,2954,5.732914911418779e-05,11846,2960,36105,0.900289229327375,0.3682780679583246,0.9999336598051028,15073.317633239509,1.0971114473166472,0.1795330224734377,0.9171087145415481,4097,0.9986840053278242,7.278258723888314e-05,0.9986848720632228,759.882186257523,98,1127,0,68,2.633470349541263,2.4806080077966546,-0.2890514125097438,5.692181182357405,16453.79752034717,0,1,10,3,3,34,8,5,89,2,2,35,0.8,0.08,smart,353,1
1127,20639.145671805116,19194.87482279373,3236,4.591419031147908e-05,14769,3479,45638,0.9111091511165154,0.36815903208539097,0.9999478644041394,19180.253250570655,1.0798415655678222,0.15678943554435298,0.9300227406706864,8193,0.9986910294519976,5.629818345606435e-05,0.9987053306159128,771.897858881813,98,1127,1,68,3.3661018120442496,2.6384150710265657,-0.29656822730943166,6.597653337689678,20639.145671757997,2,0,10,4,3,34,8,6,89,2,2,35,0.8,0.08,smart,354,1
1127,17315.970831023125,15871.881682514595,3113,5.455007763786064e-05,12469,3123,37986,0.9005251301911308,0.36827931470123354,0.9999369286464084,15854.558480959236,1.0977519209493405,0.17977623261080916,0.9166036277953694,4097,0.9986306728351405,6.923669956210026e-05,0.9987002691384521,768.8899473483954,98,1127,1,68,2.7746301569557814,2.6379216831141683,-0.29830166753252557,6.009155175135001,17315.97083099161,2,0,10,4,4,34,5,9,89,2,2,35,0.8,0.08,smart,355,1
1127,15924.585164366808,14490.863681423003,3054,5.911040327934347e-05,11504,2963,34795,0.8945825207657,0.3683568017334042,0.9999309020827026,14471.716221779128,1.107072463844427,0.19177893605879892,0.9099680482633902,4097,0.9986942404625226,7.649640154913648e-05,0.9987138592820018,777.0197908524843,98,1127,1,68,2.5288430168095006,2.8450026886211366,-0.29717032202616334,5.968186349482965,15924.585164338967,1,1,10,1,4,34,6,7,89,2,2,35,0.8,0.08,smart,356,1
1127,20389.252252824583,18936.44103635252,3245,4.6445857318583834e-05,14599,3459,45051,0.9099308316274858,0.36817317335802874,0.999947151220613,18921.412887401515,1.0815123280487353,0.15915247698946197,0.928746223821386,8193,0.9987057887986923,5.7156606429847764e-05,0.9987423267367741,794.6189687695475,98,1127,1,68,3.3212099486991216,2.6457177455931613,-0.2971134324500239,6.56115455919233,20389.252252775434,1,1,10,3,4,34,8,6,89,2,1,35,0.8,0.08,smart,357,1
1127,16424.475103400575,15027.13829235963,3010,5.740849649530798e-05,11837,2986,35994,0.8985750702486304,0.3683183180445454,0.9999333785128107,15009.67227053227,1.1001208479327713,0.18326308640309608,0.9149235027455072,4097,0.9986272317226832,7.329168697745356e-05,0.998688162536746,761.7894485842405,98,1127,1,68,2.62266705707755,2.5246157600609735,-0.29205789471803606,5.731398606574595,16424.475103368128,1,0,10,4,3,34,8,9,89,2,2,35,0.8,0.08,smart,358,1
1127,16120.014652114807,14742.898751231967,2920,5.8795232368901324e-05,11617,2937,35319,0.9009919694161268,0.36827225911917344,0.9999321001730199,14727.078023272317,1.1003734173588173,0.18114127455938267,0.9145710515404417,4097,0.9986750725461523,7.471516465248851e-05,0.9987013591696483,769.5357450634389,98,1127,1,68,2.565141650957154,2.942751529889142,-0.2955530521634702,6.098999285173236,16120.01465208472,0,0,10,2,5,34,11,10,89,2,2,35,0.8,0.08,smart,359,1
1127,14881.730751618776,13484.612292650629,2954,6.313969915470686e-05,10770,2817,32441,0.8913461456179574,0.3684147963545031,0.9999257353147241,13464.850264729219,1.1126029562866915,0.19849841724079545,0.9061185501682206,4097,0.9987030161950177,8.262710838596277e-05,0.9987511910027927,800.2628646132366,98,1127,1,68,2.3438261798598226,2.4670652407996143,-0.29711982752225674,5.405131075703951,14881.730751598017,0,0,10,2,3,34,5,8,89,2,2,35,0.8,0.08,smart,360,1
1127,14622.0806131325,13248.993776890296,2910,6.421111296418751e-05,10583,2768,31875,0.8908642544885648,0.36843116388673447,0.9999244132832452,13229.337760622018,1.1126775960586381,0.19901408540905235,0.9060949756350682,4097,0.9986243131447428,8.410364629285688e-05,0.9987121085456633,775.9628442261842,98,1127,1,68,2.3047347767026847,2.3316857324752327,-0.29013312269624264,5.216686754570402,14622.080613112954,0,0,10,1,1,34,5,5,89,2,2,35,0.8,0.08,smart,361,1
1127,15370.341344806899,13946.604966552375,3002,6.131929033708876e-05,11116,2895,33532,0.8934228632413149,0.36839381200648846,0.999928202270946,13927.517121805278,1.1106750029971464,0.1953112122011702,0.9073711932405747,4097,0.9987064455566915,7.974394293249733e-05,0.9987684711086162,811.4987119505308,98,1127,1,68,2.4246800942144935,2.720813404912814,-0.30297586759272677,5.751445234312762,15370.341344783685,0,0,10,2,4,34,5,10,89,2,2,35,0.8,0.08,smart,362,1
1127,16130.061455362984,14736.68762794772,3010,5.8294271087625093e-05,11633,2949,35321,0.8964283017698309,0.36834118142221106,0.9999320596448781,14718.292650123887,1.1020471658958417,0.18660809249423063,0.9136163348620108,4097,0.99866516733736,7.487347581233211e-05,0.9986960241135348,766.3852381328894,98,1127,1,68,2.5732745980741467,2.3326486846709975,-0.28920303375059825,5.484329350246341,16130.06145533244,1,0,10,2,1,34,8,3,89,2,2,35,0.8,0.08,smart,363,1
1126,14678.228832444063,13248.403390541956,2984,6.40937040835245e-05,10640,2824,31930,0.8897339356304372,0.36845629094077226,0.9999244057594446,13228.021011350991,1.1175971913673286,0.20329428257749377,0.9025886938932517,4097,0.9987031119970133,8.448391092814163e-05,0.9987625930220844,807.6414523841244,98,1127,0,68,2.3036817498937063,2.789557013989863,-0.30346369103456927,5.700166145952708,14678.228832426192,0,0,10,2,5,34,3,8,89,2,2,35,0.8,0.08,smart,364,1
1127,14625.15727000515,13258.037445655722,2876,6.445231269933919e-05,10581,2766,31890,0.8928620891218559,0.368395681576364,0.9999244721107436,13239.642275529968,1.111865682712884,0.19664745800022343,0.9065227266202966,4097,0.9986911393829829,8.39768681518846e-05,0.9987097069196376,774.5176114185671,98,1127,1,68,2.3024268473929426,2.40612648193216,-0.2929870425777403,5.294527414480583,14625.157269984797,0,0,10,0,1,34,3,6,89,2,2,35,0.8,0.08,smart,365,1
1127,14389.854184323083,12963.781036041884,2975,6.529914848243236e-05,10440,2789,31271,0.8878446324289302,0.36847740770552956,0.9999227397300533,12942.763079360628,1.120127319450475,0.2067428871684531,0.9008973176507359,4097,0.9987117774800388,8.654133907564112e-05,0.9987546756525449,802.5035490167711,98,1127,1,68,2.2527635421030547,2.4833976636786823,-0.3008929236112823,5.337947053004302,14389.85418430029,0,0,10,1,1,34,3,9,89,2,2,35,0.8,0.08,smart,366,1
1127,15267.913245540123,13869.279764654613,2971,6.160378714310482e-05,11038,2861,33329,0.8931985754154586,0.36838730805148423,0.9999278011400184,13850.134204211634,1.1093248233171418,0.19459109782850334,0.9083939331857245,4097,0.998684997311122,8.009198759269214e-05,0.9987020207550756,769.9282356003612,98,1127,1,68,2.4146490426360976,2.7263075257916753,-0.29482979418992195,5.730616156807617,15267.91324551462,0,1,10,1,2,34,7,7,89,2,2,35,0.8,0.08,smart,367,1
1127,14998.009919650856,13591.57225982584,2959,6.279958664869377e-05,10853,2839,32697,0.8924651581434715,0.36840069591358643,0.9999263238401713,13572.411534382954,1.1123241636792238,0.1972928419071804,0.9062250480323887,4097,0.9987476445139593,8.195177286464253e-05,0.9987609497433709,806.5696621330954,98,1127,1,68,2.360386848842465,2.5354694199398575,-0.3011943258923876,5.498244920567098,14998.009919630893,0,0,10,0,3,34,7,5,89,2,2,35,0.8,0.08,smart,368,1
1126,14632.916472318617,13237.717320098775,2924,6.43118887817075e-05,10597,2789,31871,0.8913192069330694,0.3684213238519247,0.9999243499123407,13218.255330814805,1.1146065947461852,0.1998234600417073,0.9046533782339857,4097,0.9987019025766096,8.432008659853828e-05,0.99870956506578,774.4324159038846,98,1127,0,68,2.306522215342384,2.8055409927975323,-0.29257484900850894,5.697212906156935,14632.916472295528,0,1,10,1,6,34,6,9,89,2,2,35,0.8,0.08,smart,369,1
1127,15965.055478843227,14517.70572279033,3080,5.8943220720548936e-05,11536,2979,34870,0.8940142060956952,0.3683781264130126,0.999931028157912,14498.170317198626,1.1079684170494135,0.1929213465046578,0.9093426416230802,4097,0.9987079425896027,7.641862269931392e-05,0.9987251531433176,783.9078363104007,98,1127,1,68,2.5309204183001475,2.5715097265724136,-0.3022748751891134,5.706979895250788,15965.055478811984,0,0,10,5,2,34,8,6,89,2,2,35,0.8,0.08,smart,370,1
1127,16933.768965721432,15543.930367208839,2998,5.5850449388186706e-05,12186,3035,37177,0.902034875453307,0.36825470316211467,0.9999356012832815,15527.759732656663,1.0959072211022942,0.17704268943722865,0.9179250288978191,4097,0.9987588072683625,7.05750186815971e-05,0.9988274114210807,852.313939458672,98,1127,1,68,2.7039406266000183,2.4266799275021222,-0.30116477990987645,5.732950113921893,16933.768965683255,0,0,10,3,3,34,6,7,89,2,2,35,0.8,0.08,smart,371,1
1127,15239.109391604914,13875.425154406657,2916,6.17331848564793e-05,11006,2828,33308,0.8945311014374984,0.36836897058060475,0.9999278375213224,13857.11711476051,1.1063358145224298,0.1913497649414078,0.9105141775575483,4097,0.998695054311156,7.983593462600282e-05,0.9987140058859106,777.1084284836415,98,1127,1,68,2.4143027105104897,2.3947437208927815,-0.2900645284547873,5.389175488312845,15239.109391569335,0,0,10,1,1,34,8,7,89,2,2,35,0.8,0.08,smart,372,1
1127,16080.054905664647,14716.53803655414,2937,5.8653339634792596e-05,11587,2919,35245,0.8989271519574409,0.3683030660199269,0.9999319733141393,14699.613447567786,1.0997217416846639,0.18264863007186374,0.9152044643435783,4097,0.9986069568114276,7.481042545574028e-05,0.9986394516638258,734.4976616408255,98,1127,1,68,2.568445935419991,2.4713501041409875,-0.28515741961593616,5.610110878792851,16080.054905627449,1,0,10,4,2,34,8,9,89,2,2,35,0.8,0.08,smart,373,1
1127,14760.561954457005,13394.446545727335,2882,6.382942224975955e-05,10675,2779,32203,0.8933915602100092,0.36837161370782634,0.9999252428188873,13376.141342675708,1.1105650822890631,0.1952500188605468,0.90744827920883,4097,0.9987079176171693,8.302271499440303e-05,0.998708055534618,773.5269706725092,98,1127,1,68,2.3277268063791667,2.9283080185129577,-0.2917163088700999,5.839467442632324,14760.561954429617,0,2,10,0,4,34,5,9,89,2,2,35,0.8,0.08,smart,374,1
1127,15110.515581950114,13748.7192467681,2886,6.242627417575285e-05,10915,2814,33015,0.8954538935283268,0.3683384456869983,0.9999271752138423,13731.088547243065,1.1070981819463057,0.19099282114816774,0.9098775731511959,4097,0.9987169499985653,8.062418835579341e-05,0.9987232971298925,782.767499036926,98,1127,1,68,2.3894161599315518,2.5044829619933844,-0.29213052718813043,5.478160176301197,15110.515581919408,0,0,10,1,3,34,7,8,89,2,2,35,0.8,0.08,smart,375,1
1127,20446.0436822658,19003.133737024735,3222,4.636044387714271e-05,14634,3457,45195,0.910860995180942,0.3681595202976495,0.9999473380187094,18988.531085830473,1.0805998094385738,0.15758549918362214,0.9294284034767765,4097,0.9987000577597541,5.690652694730462e-05,0.9987143569136016,777.3207441482868,98,1127,1,68,3.3237721511519256,2.486372051993652,-0.3046295670762716,6.419403337298121,20446.04368221589,0,0,10,5,2,34,9,8,89,2,2,35,0.8,0.08,smart,376,1
1126,20604.26566911137,19129.242429984908,3288,4.597679121726843e-05,14755,3502,45517,0.9098224517110345,0.3681749805773211,0.9999476836470461,19113.982247135504,1.0819417794486321,0.1595786063334043,0.9284117540118052,8193,0.9987542048772714,5.660324800938794e-05,0.9987543536019491,802.2959396673157,98,1127,0,68,3.358104525897189,2.3902784079980472,-0.3016229464055301,6.351628826706296,20604.26566906431,1,0,10,1,1,34,12,5,89,2,1,35,0.8,0.08,smart,377,1
1127,14294.873850629467,12844.646207629636,3013,6.562632073993636e-05,10383,2798,31020,0.8858861598321969,0.36852238371382234,0.999922014258306,12822.356816780934,1.123665178992922,0.21077485758066514,0.8985491122094812,4097,0.9987672696162814,8.762986239970916e-05,0.9988026977906426,834.7109205612024,98,1127,1,68,2.230529855277458,2.5615109193672065,-0.30627118298513717,5.404583140614939,14294.873850609723,0,0,10,0,3,34,2,8,89,2,2,35,0.8,0.08,smart,378,1
1127,17064.919733377174,15702.713503296154,2966,5.53865674852995e-05,12267,3024,37515,0.9032051690755222,0.36824214989912846,0.999936255178128,15687.04873406832,1.0928899484475667,0.173806853260424,0.92017505787521,4097,0.9986748012895977,6.966607508983658e-05,0.9986885933347217,762.0398612551055,98,1127,1,68,2.742280410526129,2.38819885414326,-0.2860993114511119,5.702677887571614,17064.91973334175,1,0,10,3,3,34,9,6,89,2,2,35,0.8,0.08,smart,379,1
1127,15982.59717744131,14566.854212596454,2992,5.921475663994438e-05,11536,2956,34952,0.8978641836936089,0.3683034236126724,0.9999312720509145,14549.621354006771,1.1048045043820176,0.18720361695801657,0.9114197180140965,4097,0.9986779665112401,7.593094772669234e-05,0.9986891336913715,762.3541904893069,98,1127,1,68,2.5356277350315573,2.8072661550549856,-0.3006805484485001,5.944254986983544,15982.597177410124,1,0,10,2,3,34,7,14,89,2,2,35,0.8,0.08,smart,380,1
1127,16852.54674561626,15392.970614691461,3139,5.587153293227847e-05,12154,3085,36898,0.8969709289796222,0.3683210606752362,0.9999349575874686,15374.083456069318,1.1022958649605743,0.1862626490454048,0.913391361379581,4097,0.9987207204035179,7.16959823805734e-05,0.998746420292268,797.2154247111316,98,1127,1,68,2.68225727155472,2.46294319136908,-0.3084342538364219,5.762068970596643,16852.546745579082,0,0,10,6,1,34,8,6,89,2,2,35,0.8,0.08,smart,381,1
1127,15155.804515939271,13775.308223583608,2932,6.21105240611808e-05,10954,2834,33094,0.8938668693300205,0.3683723154286262,0.9999273108764636,13756.716360693425,1.1085526800440886,0.19345723263429748,0.9089130312479418,4097,0.998686590253893,8.057972270681582e-05,0.9986912874907289,763.609649823785,98,1127,1,68,2.3952348496322013,2.3656819392058277,-0.29434891539217795,5.349614619622385,15155.804515912378,0,0,10,1,2,34,6,5,89,2,2,35,0.8,0.08,smart,382,1
1127,15071.323643757441,13682.530594838796,2933,6.251021956383811e-05,10898,2832,32889,0.8936662514662158,0.36839025854624513,0.9999268172273786,13663.918055428958,1.1100060976128903,0.19460798993689263,0.9078519523735471,4097,0.9987295248338957,8.123332385013765e-05,0.9987565855497224,803.7369709123008,98,1127,1,68,2.376194853980899,2.544701241150731,-0.29839674206538946,5.5176895792624086,15071.323643720834,0,0,10,0,3,34,8,10,89,2,2,35,0.8,0.08,smart,383,1
1127,14907.907375893034,13526.243121959784,2940,6.298357445498014e-05,10784,2807,32522,0.8915712006918114,0.3684128702736513,0.9999259651816677,13506.658146240836,1.1109337641877772,0.197210777198291,0.9073200403587507,4097,0.9986996899445146,8.22477794109045e-05,0.9987696546644601,812.2798309063515,98,1127,1,68,2.35002673000227,2.2614158035378615,-0.2955646410485471,5.202571815637226,14907.907375871355,0,0,10,1,1,34,4,4,89,2,2,35,0.8,0.08,smart,384,1
1127,15538.3439632141,14156.174771587619,2944,6.067933864089784e-05,11218,2877,33973,0.8959235704433207,0.3683523638651422,0.999929272806527,14138.333318259105,1.1054834037256116,0.18946678017745688,0.9110478442941754,4097,0.9986973012907371,7.818773857655697e-05,0.9987038111805822,770.992428355869,98,1127,1,68,2.4606497210041827,2.388414590112221,-0.2968203700680995,5.442705051252603,15538.34396319231,0,0,10,1,1,34,8,6,89,2,2,35,0.8,0.08,smart,385,1
1127,15949.787851264025,14578.012763777817,2958,5.903193254335855e-05,11500,2912,34934,0.8972384051841971,0.36832058681317076,0.9999313225717946,14560.32479699849,1.1014649165841792,0.18545701219252128,0.9139941483687198,4097,0.9987205653723963,7.564577772979396e-05,0.9987444881065761,795.9877702840553,98,1127,1,68,2.5383201880054305,2.4004140639231837,-0.29216567734330534,5.523065606615225,15949.787851240126,0,0,10,3,2,34,9,5,89,2,2,35,0.8,0.08,smart,386,1
1127,14558.116839114798,13197.877321551017,2881,6.455934959751485e-05,10534,2751,31744,0.8915655052007256,0.36841759850570616,0.9999241233716007,13178.788808911688,1.111950477125443,0.19789647464975135,0.9065648715011625,4097,0.9986927956592158,8.437105315146296e-05,0.9987210510059826,781.3919036500455,98,1127,1,68,2.2916728027414357,2.299347403032701,-0.2918439388881402,5.174708083550417,14558.11683908266,0,0,10,0,1,34,3,4,89,2,2,35,0.8,0.08,smart,387,1
1127,14622.342775476583,13250.908233902186,2870,6.454235821908077e-05,10580,2770,31878,0.8934833263012062,0.3683924090328669,0.9999244331462057,13232.815260767888,1.1122374493504168,0.19627497755102097,0.9062096571915647,4097,0.9986361199619793,8.404828471983803e-05,0.9986601275994421,745.8396140397253,98,1127,1,68,2.3034150922598453,2.7151293363920295,-0.29149933106866743,5.60154309078921,14622.34277545617,0,0,10,1,6,34,4,9,89,2,2,35,0.8,0.08,smart,388,1
1127,17477.041987466022,16076.678732104325,3047,5.405886073827649e-05,12565,3102,38414,0.9029315932927621,0.36825038810552246,0.9999377371020967,16060.429274916585,1.0933106369339969,0.17434300393540345,0.9198741265045886,4097,0.9986973021178653,6.807268856435596e-05,0.9987240657369268,783.2393298283833,98,1127,1,68,2.806473499679261,2.3888017313809247,-0.2950423809653469,5.785359992990879,17477.041987432367,1,0,10,4,2,34,8,6,89,2,2,35,0.8,0.08,smart,389,1
1127,14657.652281594512,13258.789593400947,2959,6.400336293363532e-05,10617,2794,31923,0.8894059930742773,0.36844398016165936,0.9999244642794827,13238.26958710033,1.114914599979075,0.2018740752716307,0.9045643421388768,4097,0.9987014029507502,8.4215877624628e-05,0.9987553819901317,802.9592645304214,98,1127,1,68,2.3027862397346577,2.3365455635610344,-0.29839428938221363,5.236120382060119,14657.652281573572,0,0,10,0,1,34,3,4,89,2,2,35,0.8,0.08,smart,390,1
1127,14616.234045842759,13218.1473653551,2942,6.429745893632399e-05,10587,2790,31829,0.8901781426742756,0.36844673834436115,0.9999242346493089,13198.145428287848,1.1151280089999198,0.2012830384880695,0.9043469969006612,4097,0.9987585779703336,8.448806466769657e-05,0.9987713459094787,813.3986243875412,98,1127,1,68,2.2958688373855445,2.5361792459373254,-0.297961516797508,5.4279711169178855,14616.2340458215,0,0,10,0,3,34,5,8,89,2,2,35,0.8,0.08,smart,391,1
1127,20581.225641790752,19154.23343836257,3172,4.618873957839753e-05,14722,3458,45527,0.9131621347661679,0.36813966847392,0.9999477566410436,19140.688846751575,1.0789148627373197,0.15412104483997133,0.9306653438301248,4097,0.998689404165369,5.6366136457444894e-05,0.9986994211181227,768.3882795836638,98,1127,1,68,3.359882503148513,2.437010408404272,-0.2925089150832924,6.38191074171937,20581.225641736222,1,0,10,3,3,34,7,9,89,2,1,35,0.8,0.08,smart,392,1
1127,17915.381450140707,16542.617637536532,3032,5.2701239347454266e-05,12860,3124,39459,0.904822295505994,0.36823314441169963,0.9999394947359355,16526.98756915251,1.0886578449465072,0.16924004707564777,0.9233751278796583,4097,0.9986858934775052,6.586953038452657e-05,0.998720208260211,780.8770259124868,98,1127,1,68,2.8860013711107313,2.2890367642407927,-0.2933032340543524,5.761644603460229,17915.381450105244,0,0,10,5,1,34,14,2,89,2,2,35,0.8,0.08,smart,393,1
1127,16983.961083247217,15596.717440876242,2995,5.5668057177376e-05,12219,3038,37296,0.9023463652958512,0.3682555646040892,0.9999358198825616,15580.649420879896,1.0953697555273085,0.17634284401147346,0.9183203708739456,4097,0.9986880249927245,7.030095954837911e-05,0.9986939763147906,765.1827889804284,98,1127,1,68,2.719585948156109,3.4893875705173256,-0.2944266664328921,6.797826851539219,16983.961083209022,1,1,10,4,4,34,10,9,89,1,2,35,0.8,0.08,smart,394,1
1127,14464.102742423735,13041.450179058334,3006,6.4675237051947e-05,10492,2792,31446,0.8861157354011353,0.3685198601783168,0.9999231929184349,13019.13281420596,1.1193180547973531,0.20782485118715963,0.9016425291841499,4097,0.9987132441763821,8.597155313233092e-05,0.9987870949362516,823.9667346348506,98,1127,1,68,2.2643725524503298,2.3711474817717892,-0.30246023236046815,5.240440498943055,14464.102742408846,0,0,10,0,1,34,3,2,89,2,2,35,0.8,0.08,smart,395,1
1127,18943.286752415577,17512.792760291028,3145,4.998115216691309e-05,13590,3286,41751,0.9070060985659261,0.36820636209138224,0.9999428502224023,17497.380862572565,1.087093304997982,0.1660218757760694,0.9244854385186279,4097,0.9986644313957896,6.212714060881472e-05,0.9986965083426728,766.6701254822225,98,1127,1,68,3.0599091444008484,2.366798562760048,-0.3018098888520851,6.030327484865067,18943.28675238028,1,0,10,4,1,34,11,7,89,2,2,35,0.8,0.08,smart,396,1
1127,15665.802473056692,14240.682099705331,3017,6.0178452650888965e-05,11321,2928,34210,0.8946351383055285,0.3683593995490592,0.9999296886493528,14221.954701605086,1.1083142383784108,0.192585091327998,0.9090298517549676,4097,0.9987050944697821,7.792707104210686e-05,0.9987355279344231,790.3437789162701,98,1127,1,68,2.4778047742233937,2.5228108857755664,-0.3022843957900934,5.605184451579147,15665.802473026,0,1,10,3,2,34,5,8,89,2,2,35,0.8,0.08,smart,397,1
1127,16709.777595100768,15347.396232271358,2950,5.655184937256443e-05,12022,2986,36697,0.9020353009156563,0.36825466475698665,0.9999347766501435,15331.432534068186,1.0952001852903026,0.17654334315406608,0.9184680134085774,4097,0.9986826145292093,7.143262484812821e-05,0.998693652439143,764.9929573558514,98,1127,1,68,2.6735249730031714,2.394391826656045,-0.29183041210199706,5.6515776238632105,16709.777595067622,0,0,10,3,1,34,7,8,89,2,2,35,0.8,0.08,smart,398,1
1127,17242.329095867837,15881.891663974373,2960,5.488741568344606e-05,12389,3042,37926,0.9044843288788912,0.3682356616027557,0.999936976973373,15866.7163681996,1.0916006522021233,0.17167054308859994,0.9210989754151313,4097,0.9986693921099994,6.879597696995556e-05,0.998669612422593,751.1605456859439,98,1127,1,68,2.7748693843821126,2.4643174919608213,-0.28499380919961165,5.809174494742158,17242.329095833018,1,1,10,4,1,34,11,7,89,2,2,35,0.8,0.08,smart,399,1
