n_cluster,mfpt,sd,mode,f_mode,median,q10,q90,S_mode,S_mfpt,lam1,tau1,A1,ratio,cv,t_cert,lam2,w1,mu2,tau_rel,n_blocked,n_open,pocket_free,chem_dist,G_tt,G_ss,G_st,R_st,mfpt_tetali,blk_t_r3,blk_s_r3,nsite_r3,blk_t_r6,blk_s_r6,nsite_r6,blk_t_r10,blk_s_r10,nsite_r10,deg_s,deg_t,N,q,p,scheme,rep,attempts
906,44546.46693291031,41400.817361858964,7302,2.087362087602167e-05,31905,7503,98462,0.9041837820317379,0.3683089510670844,0.9999758189675875,41354.22724618385,1.0814991152489555,0.16391872358805146,0.9293849818485294,12289,0.9996433696568466,2.6151765160104738e-05,0.9996844561330863,3168.631447498292,306,919,0,68,8.929432815927981,4.915408988271938,-0.9042243436120443,15.65329049142401,44546.46693271632,2,0,10,10,7,34,20,21,89,2,2,35,0.8,0.25,smart,0,1
908,25505.493527752104,23174.93074246135,5040,3.6637861468326106e-05,18441,4768,55683,0.89003611985306,0.36845889990505637,0.9999567849884542,23139.607200583094,1.1093747623865895,0.19760448840231457,0.9086250660958626,8193,0.9993131081013864,4.7941643165054154e-05,0.9993357204962999,1504.8903630105367,306,919,0,68,4.962648880463043,3.824580076400951,-0.6553012357642617,10.097831428392517,25505.493527671963,2,1,10,11,6,34,22,20,89,2,2,35,0.8,0.25,smart,1,1
914,29047.119095453032,26331.403902796632,5906,3.197822037057121e-05,21030,5474,63334,0.886193298028146,0.3685521961378928,0.9999619557502916,26284.681270315778,1.1128445845461414,0.20332481099388997,0.9065065563392993,8193,0.9994758748776094,4.2337337260989215e-05,0.9995364062707104,2156.5610621033775,306,919,0,68,5.541449787012985,3.3013262076274477,-0.8145937787083622,10.471963552057156,29047.119095346556,1,1,10,10,5,34,22,13,89,2,2,35,0.8,0.25,smart,2,1
907,28187.94978565172,24430.994280258772,7808,3.149209406926874e-05,20885,6104,59980,0.846836063088922,0.3701945893918061,0.9999588299219864,24288.98518211878,1.1815306688112983,0.2769977972635116,0.8667176742557801,12289,0.9996188158024499,4.8643709810620174e-05,0.9996797087664733,3121.6584819501927,306,919,0,68,5.148257767394572,6.983936620960886,-1.0673871687776435,14.266968725910745,28187.949785540997,2,2,10,8,7,34,21,25,89,2,2,35,0.8,0.25,smart,3,1
905,22711.7358211522,20080.593676420034,5439,4.08598273415849e-05,16621,4711,48855,0.8703470585073777,0.3688741584178336,0.9999500706811284,20027.812470352084,1.1465108608037278,0.2394797140487376,0.8841505481812757,8193,0.9993224468563068,5.724450635929398e-05,0.9993416069786986,1518.3495799787859,306,919,0,68,4.284678020897174,7.675025876852282,-0.7344901163622353,13.428684130473927,22711.735821098828,1,0,10,7,7,34,25,26,89,2,2,35,0.8,0.25,smart,4,2
906,28714.18062819686,25654.03981271889,6608,3.185216675817008e-05,20936,5701,62113,0.871182549169289,0.3689236898391089,0.9999609144322831,25584.391259995955,1.1333292196115847,0.23013019544465257,0.8934275417745,12289,0.9994472595025073,4.4296815959175326e-05,0.9994854130923282,1942.8062967965238,306,919,0,68,5.521564441473807,5.222964584407302,-0.8171067788602855,12.378742583601682,28714.18062811344,2,2,10,8,5,34,23,16,89,2,2,35,0.8,0.25,smart,5,1
885,20250.359963741663,17698.970217894992,5231,4.491394815725794e-05,14916,4326,43288,0.8595781200371369,0.3694462753994251,0.9999432743002451,17628.193943884835,1.165301365548404,0.25831639582536425,0.8740076842873439,8193,0.9993950539620324,6.610253538624657e-05,0.9994499198432122,1817.416829825073,306,919,0,68,3.8418391622348667,6.035778406447635,-0.734513371934292,11.346644312551087,20250.359963698527,1,2,10,5,11,34,22,26,89,2,2,35,0.8,0.25,smart,6,1
913,22787.12280829394,19910.90462382789,5862,4.0485732364326725e-05,16764,4912,48706,0.8617288102762889,0.36911647416278875,0.9999496147920113,19846.594806321827,1.1635912852180055,0.2572505554701438,0.8737787912645478,8193,0.9995854156700783,5.8627788919695725e-05,0.9995921528165681,2451.3987178503894,306,919,0,70,4.141657182011473,4.792902745422757,-0.8500455142101835,10.634650955854596,22787.12280825186,0,2,10,4,6,34,16,22,89,2,2,35,0.8,0.25,smart,7,1
904,21888.317206825264,19509.577396289562,4905,4.2002027767038135e-05,15978,4375,47288,0.8777636417324344,0.3690152150555531,0.9999485957096674,19453.129129205583,1.1368462338786534,0.22409214713274128,0.8913237692939703,8193,0.9996000712217423,5.8438773870013574e-05,0.9996231480892769,2653.0622076166387,306,919,0,68,4.162675380919681,4.257539632176456,-0.6798726736738259,9.779960360443788,21888.317206762647,1,0,10,9,5,34,17,20,89,2,2,35,0.8,0.25,smart,8,1
909,23585.707172558396,20899.505403510102,5480,3.9486202258108795e-05,17241,4855,50796,0.8753482310933806,0.36879366083783127,0.9999520372443403,20849.010960217714,1.1431170013322351,0.23234410399090746,0.8861089154802343,8193,0.9993799020103747,5.482704142560337e-05,0.9994028297648282,1674.0643224929506,306,919,0,68,4.429210925652168,5.901291704043691,-0.7601635897440765,11.850829809184011,23585.70717247593,0,1,10,5,8,34,21,23,89,2,2,35,0.8,0.25,smart,9,1
909,48275.56597667,45346.90364414886,6993,1.9504585745863497e-05,34403,7732,107335,0.914380358596893,0.3681337031316972,0.9999779326645012,45315.34703614758,1.0682538078013537,0.14485588845047384,0.9393344796012031,12289,0.9994255589419194,2.3573515174750217e-05,0.99944888368514,1813.9989500740962,306,919,0,70,9.836345502762006,4.525521139173136,-0.7853411807139807,15.932549003363102,48275.565976398364,3,2,10,11,7,34,26,21,89,2,1,35,0.8,0.25,smart,10,1
912,20637.01608470794,17607.79617461587,5988,4.344191527622187e-05,15389,4704,43548,0.8447655829135674,0.37049336739390226,0.9999428356197941,17492.911038944065,1.2054555773279911,0.29015822711099776,0.8532142487238392,12289,0.9995773312797019,6.890912094390902e-05,0.9996499527096454,2856.256836409538,306,919,0,68,3.5970721445698897,6.874906627405095,-0.9285892775036273,12.32915732698224,20637.01608465524,0,1,10,2,9,34,13,27,89,2,2,35,0.8,0.25,smart,11,1
915,25208.73467311978,22589.913757523784,5558,3.683788846010823e-05,18341,4976,54621,0.8785960042682859,0.36867982663109894,0.9999556391170126,22541.88266897084,1.1280512846385164,0.2204791343980675,0.8961145432504211,8193,0.9993700640693556,5.004135104174919e-05,0.9993748663337018,1599.1578353320176,306,919,0,68,4.794450119155514,4.698330380337385,-0.7156558203093808,10.92409214011166,25208.73467305189,1,1,10,6,6,34,15,25,89,2,2,35,0.8,0.25,smart,12,1
895,34021.096816524085,30698.469189301588,7078,2.737229143576211e-05,24676,6537,73994,0.8851957536804461,0.36856617544978576,0.999967366500218,30642.85748821228,1.118633006397217,0.20804737831268882,0.9023362578478453,12289,0.999416282116101,3.650490997044177e-05,0.9996033625659269,2520.694171256375,306,919,0,68,6.531139692857918,4.4004166280830015,-1.0713400426533475,13.074236406247616,34021.096816412915,2,1,10,9,5,34,25,19,89,2,2,35,0.8,0.25,smart,13,1
915,22134.380913102344,19610.309867390257,5203,4.198139821978694e-05,16182,4558,47666,0.8729793737045882,0.3688287388398438,0.9999488809572473,19561.681643744323,1.1434785244337715,0.23506417552072162,0.8859660427991471,8193,0.9993067254322824,5.8453527577697184e-05,0.9993544108469415,1548.4726872256222,306,919,0,68,4.149085242326314,4.889100608805027,-0.6890308042391426,10.416247459609627,22134.380913036963,1,2,10,8,9,34,19,19,89,2,2,35,0.8,0.25,smart,14,1
908,40715.65683220576,37704.488174094426,6864,2.309449792011925e-05,29195,7005,89819,0.903246260611922,0.368242387402973,0.9999734521585053,37667.34580739228,1.0853715452687582,0.16858379635842277,0.9260439621416221,12289,0.9993722541949506,2.8814271746907365e-05,0.9995041440141281,2016.2145461542998,306,919,0,68,8.066953233220765,4.283047948717261,-0.9012531174421603,14.152507416822347,40715.65683200968,1,1,10,9,7,34,17,23,89,2,2,35,0.8,0.25,smart,15,1
912,19232.758515286976,16505.532061510075,5324,4.819155123187597e-05,14257,4393,40716,0.8554527705986246,0.3694085126662072,0.9999391741718509,16439.88445707048,1.190111371969877,0.2768193650311924,0.8581988927064628,8193,0.9993876862070484,7.238950979000981e-05,0.9994088747836911,1691.1889066525073,306,919,0,68,3.4512527743199013,5.5392641115513035,-0.7664574263898689,10.523431738650944,19232.75851523655,0,3,10,5,7,34,15,21,89,2,2,35,0.8,0.25,smart,16,1
915,25017.570554344617,22563.649332701978,5202,3.7086455811334407e-05,18155,4804,54397,0.8852484042167075,0.36863275301864085,0.9999555933869753,22518.66846886223,1.1196713137930636,0.20793385947288184,0.9019120894927791,8193,0.9994996983540911,4.9720810746626e-05,0.9995191090697685,2078.9735726094814,306,919,0,68,4.755799253622382,5.189698448751785,-0.7125221790043171,11.370542060382801,25017.57055426715,2,2,10,8,10,34,19,21,89,1,2,35,0.8,0.25,smart,17,1
918,21414.846777798753,18476.716718680465,5905,4.2257967575447544e-05,15871,4752,45461,0.8516582750577967,0.3698513373084874,0.9999456069084323,18384.18766769906,1.1855566066157082,0.2757432757409147,0.8627993891525616,12289,0.9994895295184905,6.448608906260547e-05,0.999548194526443,2212.841894936546,306,919,0,68,3.8677118480823087,5.625158697293785,-0.797832112210873,11.08853476979784,21414.846777745704,2,2,10,7,8,34,19,24,89,2,2,35,0.8,0.25,smart,18,1
906,44905.258584871684,42169.85325410598,6337,2.1186754222688607e-05,31997,7209,99828,0.9184166120049456,0.368093012957443,0.9999762729832483,42145.54854957539,1.068285158670843,0.14111932988923703,0.9390849665057437,8193,0.9993502456465009,2.5347219855525027e-05,0.9996992253509687,3324.248264791131,306,919,0,68,8.751210480464854,4.17167488381843,-1.161650134218762,15.24618563272081,44905.258584516785,1,0,10,3,7,34,19,19,89,2,2,35,0.8,0.25,smart,19,1
903,41318.063448352055,38096.46713262068,7137,2.2858588634702074e-05,29679,7259,90931,0.9027819829675573,0.36825087674393064,0.9999737249706787,38058.448963085706,1.0905204740958165,0.17273316811958803,0.9220293487433554,12289,0.9993854466156048,2.8653457432448245e-05,0.9995575476350171,2259.630271247291,306,919,0,68,8.15189049535037,4.919065122157119,-0.9993970900645713,15.069749797636632,41318.06344814846,2,0,10,10,4,34,26,20,89,2,2,35,0.8,0.25,smart,20,1
908,59751.83541679975,56707.20290916994,7254,1.5979731145480328e-05,42381,9051,133611,0.9285711917933168,0.36802250096360756,0.9999823587528751,56684.8348232527,1.0560102560164013,0.12140212847688482,0.9490453726418286,12289,0.9994318699702198,1.862933789294884e-05,0.9996094654040453,2560.0925765502943,306,919,0,70,12.04070384080077,3.9784581154086687,-1.1204933874830691,18.260148731175576,59751.835416408634,0,1,10,8,11,34,27,18,89,2,2,35,0.8,0.25,smart,21,1
908,27587.82379315089,24915.427809769102,5778,3.365644063976056e-05,20005,5281,60030,0.8832660784038868,0.368579991725457,0.9999597901556488,24869.031727905505,1.117656374741735,0.2094402241844998,0.9031313233178888,8193,0.9994466705788778,4.4940788866540444e-05,0.9994689036591305,1882.3975075433382,306,919,0,68,5.328718907956496,3.941030977009014,-0.7478942623211754,10.76553840960786,27587.823793060626,2,0,10,10,6,34,23,18,89,2,2,35,0.8,0.25,smart,22,1
910,26010.648792519256,23434.356794362804,5437,3.5805042546759166e-05,18878,5026,56524,0.8852871392602046,0.3685696341312461,0.9999572498950834,23391.255454128324,1.1206077052865429,0.20902977251239108,0.9009524130402544,8193,0.9994464275296571,4.790609697137932e-05,0.9994489938884502,1814.361856758227,306,919,0,68,4.956897140760484,7.024410852363161,-0.7597289674672627,13.50076592805817,26010.64879243625,1,3,10,6,10,34,22,21,89,2,2,35,0.8,0.25,smart,23,1
905,23897.726055957824,20841.315016928485,6263,3.831884332941899e-05,17609,5165,51026,0.8581867931023253,0.36933302039764937,0.9999518379055855,20762.716632575357,1.167599271013856,0.2620751441093117,0.8721045244274461,12289,0.9995005770577342,5.623402632903945e-05,0.9995779528286828,2368.9033584733957,306,919,0,68,4.378805843520311,5.9978285507471965,-0.9024595831924603,12.181553560652429,23897.72605587529,1,0,10,6,4,34,20,20,89,2,2,35,0.8,0.25,smart,24,1
914,33976.53917406864,30794.671421011917,6946,2.7305464081924437e-05,24601,6408,74074,0.8852977322313018,0.3685548556853717,0.9999674688444778,30739.262663236183,1.113116050744912,0.20443518288941218,0.906351034260571,12289,0.9994358258099384,3.621095136146561e-05,0.9995028609082902,2011.0094469035243,306,919,0,68,6.5140380268471105,6.33842771456424,-0.9206532584770802,14.693772258365511,33976.53917393155,1,1,10,7,6,34,27,21,89,2,2,35,0.8,0.25,smart,25,1
907,24120.185848971472,21772.292158628723,5027,3.8711946040037543e-05,17489,4636,52470,0.8848596556320739,0.3685209039838627,0.9999539926469321,21735.156001493055,1.1179145666439967,0.20841464620034678,0.9026585572331787,8193,0.9994546802406384,5.1432290167715415e-05,0.9994714367824353,1891.421237576287,306,919,0,68,4.647875168677874,4.302040190666121,-0.6707986679066827,10.29151269515736,24120.185848910965,1,0,10,9,5,34,25,20,89,2,2,35,0.8,0.25,smart,26,1
911,28533.52306421095,25220.30339374188,6801,3.259198355546936e-05,20882,5928,61368,0.8716329155760102,0.36885400624537945,0.9999602477346189,25155.299053995648,1.146781524071643,0.23835121883460525,0.8838832602965605,12289,0.999429322403303,4.55871634791825e-05,0.9994842389806878,1938.3824288436097,306,919,0,68,5.378344667175303,8.766323329575236,-0.8858755444861369,15.916419085722811,28533.523064117857,1,1,10,7,6,34,20,25,89,1,1,35,0.8,0.25,smart,27,1
907,27310.494001832907,24740.29717675938,5574,3.3915729404886754e-05,19781,5154,59525,0.8857679701818891,0.3685952185250459,0.9999595053344623,24694.11067489963,1.1139090799320344,0.20409737003021286,0.9058897717155526,8193,0.9994270495710954,4.510737563147425e-05,0.9994776722121742,1914.0065619063962,306,919,0,68,5.256301018622168,4.767513562206033,-0.7658586289536635,11.55553183873553,27310.494001756397,0,1,10,5,7,34,21,26,89,2,2,35,0.8,0.25,smart,28,1
906,23389.214531896803,21097.32931812745,4869,3.992116550970442e-05,16965,4506,50860,0.88549370396671,0.3685355803296807,0.9999525192237431,21060.655243139932,1.1188888894482738,0.2081728735849573,0.9020110226171204,8193,0.9994830737957335,5.312571301647756e-05,0.9995829684465517,2397.4000563275295,306,919,0,68,4.398539851679896,4.85446572537233,-0.7646421641807659,10.782289905413757,23389.2145318488,0,2,10,3,5,34,22,24,89,1,2,35,0.8,0.25,smart,29,1
915,27242.510259308812,24385.058988219633,5935,3.454282196117278e-05,19817,5425,58994,0.8824100671540591,0.3685307909848789,0.9999589196991613,24342.06759183632,1.128560104058623,0.21785804404614292,0.8951105737360314,8193,0.9994454865919419,4.63615885893212e-05,0.9995606611931844,2275.6476300257104,306,919,0,68,5.017374981818365,5.315383873766648,-0.9372720693770364,12.207302994339086,27242.51025921896,0,0,10,4,3,34,16,20,89,2,2,35,0.8,0.25,smart,30,1
914,23903.676875395635,20962.029098314048,6023,3.856183078099685e-05,17562,5086,51191,0.8640448055352489,0.3691051784345942,0.9999521423192886,20894.787547266125,1.1587522972980149,0.25196960414904,0.8769374355076953,8193,0.9993923727216036,5.545519746794521e-05,0.9994950057772267,1979.7206315377782,306,919,0,68,4.383549108795977,3.696000355173472,-0.847014758890107,9.773578981749663,23903.676875325404,0,0,10,8,3,34,13,15,89,2,2,35,0.8,0.25,smart,31,1
908,20375.620956508083,18183.80680250114,4671,4.514486310649266e-05,14858,4071,44050,0.8729766084302559,0.36883560226144263,0.9999448679991884,18137.786023088345,1.1342779089794766,0.2292445471954099,0.892429577548317,8193,0.9994545437860852,6.253501059852005e-05,0.99945828679494,1845.4951985629323,306,919,0,68,3.829639936412581,3.6508649039540293,-0.6583823006913045,8.797269441749219,20375.620956451643,0,1,10,4,6,34,20,17,89,2,2,35,0.8,0.25,smart,32,1
913,36090.37300381633,33024.596943067525,6815,2.5915055162103236e-05,26015,6554,79096,0.8932128541005334,0.3683785205117739,0.9999696798420099,32980.858482700416,1.1003483435416823,0.18883152023059882,0.9150528020194023,12289,0.999550063974893,3.336273562066934e-05,0.9995952679147538,2470.270227515703,306,919,0,68,7.053518049374036,4.96288013015124,-0.8523686984184262,13.721135576362128,36090.37300367259,1,1,10,9,5,34,20,17,89,2,2,35,0.8,0.25,smart,33,1
905,19863.718889343832,17305.386075300386,5180,4.625284162615976e-05,14639,4311,42390,0.8600569198589981,0.3692818354382176,0.9999420046226832,17242.25357771672,1.1686612618720607,0.26077694860950146,0.8712057481131643,8193,0.9993587254065124,6.777695083811303e-05,0.9994081373829876,1689.0812339819634,306,919,0,68,3.692309825374076,4.494037415055617,-0.6974623048568935,9.58127185014348,19863.718889295138,1,2,10,6,10,34,19,21,89,2,2,35,0.8,0.25,smart,34,1
912,28180.924382207835,25851.32525233971,5192,3.301322028706107e-05,20297,5046,61845,0.8951585050598044,0.3684100233711296,0.9999612634206195,25814.892475750832,1.097569253147345,0.1842381012624978,0.9173341832839618,8193,0.9995212780081202,4.251607850037458e-05,0.9995270470710004,2113.875279312434,306,919,0,68,5.471163308209555,3.70604329815684,-0.7088639685717931,10.594934543509982,28180.92438212295,1,1,10,7,6,34,26,21,89,2,2,35,0.8,0.25,smart,35,1
908,25235.15868951778,21857.835664338916,6761,3.651837290096946e-05,18641,5589,53686,0.8575099443524499,0.3693561802069178,0.9999540755984258,21774.416287313616,1.1769606605867216,0.267919852741342,0.8661659684120893,12289,0.9994595747210664,5.405121401405138e-05,0.9995604553659511,2274.581769705246,306,919,0,68,4.543054195873371,5.157116412470176,-1.0153508018065054,11.730872211956557,25235.158689466636,0,0,10,4,2,34,18,21,89,2,2,35,0.8,0.25,smart,36,1
912,29002.531712228993,26322.01627645141,5989,3.154406787375398e-05,21003,5410,63275,0.8817594741768441,0.3687026824642117,0.9999619271591529,26264.942179500445,1.1123589873495856,0.2064992139108574,0.9075765018594105,12289,0.999474896730261,4.235066669020466e-05,0.9995415010700118,2180.530133490916,306,919,0,68,5.592085145917923,3.976576078381648,-0.7681191769185405,11.104899578136653,29002.531712134274,1,2,10,9,8,34,23,19,89,2,2,35,0.8,0.25,smart,37,1
848,27773.484265177536,25126.738732538684,5728,3.339895439294515e-05,20125,5275,60491,0.8848582397704489,0.3685762217841915,0.9999601298615594,25080.927829909106,1.1154162857824825,0.20623987776649905,0.9047024310177262,8193,0.9992893951929411,4.447180173302225e-05,0.9993980575826656,1660.7884239405435,306,919,0,68,5.761704034329801,3.6461748079495693,-0.7886460281912224,10.985170898661815,27773.48426508914,1,0,10,10,4,34,25,14,89,2,2,35,0.8,0.25,smart,38,1
889,25700.473140337202,22659.33300644236,6314,3.576141695496255e-05,18842,5361,55198,0.8660803959691383,0.3690736387241989,0.9999557323659742,22589.367785902232,1.1513606029225056,0.24567641091751347,0.8816698775431595,12289,0.9993949672956066,5.096800980177585e-05,0.9994854359599717,1942.8926589093444,306,919,0,68,4.962181292239585,7.043008567537343,-0.819702428854455,13.644594717485838,25700.47314026301,2,2,10,10,11,34,19,23,89,2,2,35,0.8,0.25,smart,39,1
906,27561.141416978007,24714.012093442503,6049,3.368258900254804e-05,20048,5426,59739,0.8790455198365753,0.36868254835596304,0.9999594522126268,24661.758156278855,1.1272047771729512,0.21947567078168034,0.896697699109746,8193,0.9994013282280259,4.570565963101746e-05,0.9994275814507607,1746.4733886434724,306,919,0,68,5.317503325014312,4.0960491599609545,-0.7666338531074324,10.946820191190131,27561.1414168915,2,0,10,7,4,34,17,21,89,2,2,35,0.8,0.25,smart,40,1
905,23041.283911315153,20440.746959639804,5322,4.033771794198914e-05,16838,4717,49654,0.875656528269988,0.3688341672035524,0.999950957390367,20389.9320606642,1.1418052013199231,0.2309767120827179,0.8871357619790331,8193,0.9994186929805908,5.599710676532862e-05,0.9994816562601376,1928.7216741533218,306,919,0,68,4.330355436062262,3.8409642279754066,-0.7616410084148344,9.694601680867336,23041.28391125886,1,1,10,7,5,34,16,18,89,2,2,35,0.8,0.25,smart,41,1
917,24537.50303961977,21804.288807752517,5779,3.743004376767714e-05,17930,4976,52924,0.8700570419045275,0.36895083412691826,0.9999540090319671,21742.899684646327,1.1404929480582968,0.2355170365407136,0.8886107430143142,8193,0.9994182926357921,5.245237471625399e-05,0.9994609450030605,1854.598239430019,306,919,0,68,4.587796708830607,7.618410162701693,-0.7638942485392947,13.733995368610888,24537.503039540996,0,2,10,5,9,34,20,23,89,2,2,35,0.8,0.25,smart,42,1
906,27898.09531016879,25215.13877153992,5748,3.3519354799045275e-05,20217,5335,60731,0.8861634036623288,0.3685076048198909,0.9999602757321885,25173.028801420707,1.11622862420302,0.20603557110599116,0.9038301178342116,8193,0.999402651607251,4.434136480677629e-05,0.9995145224622282,2059.3274946852434,306,919,0,68,5.30048162498839,4.905064838093866,-0.8580383110067206,11.921623085095698,27898.09531005785,1,2,10,8,6,34,21,15,89,1,2,35,0.8,0.25,smart,43,1
898,28384.148757197985,25717.915926720565,5752,3.285666099203933e-05,20551,5367,61872,0.8873388279509485,0.36851878665789145,0.9999610515051942,25674.433135667936,1.1132370454351725,0.20264831787641122,0.9060661338381238,8193,0.999455042426512,4.335890728188583e-05,0.9995772927185634,2365.2032396230557,306,919,0,68,5.4515017847698415,4.085609681805687,-0.8701349094624283,11.277381285500384,28384.148757102892,2,1,10,6,6,34,20,19,89,2,2,35,0.8,0.25,smart,44,2
914,25343.44797789079,22854.73395524731,5313,3.67987687432523e-05,18386,4886,55103,0.8842792500361332,0.36856501961862903,0.9999561673706288,22813.554602344873,1.1193369876342854,0.20963998287190339,0.9018004959382561,8193,0.9993356238022976,4.9063483320554966e-05,0.9993523111790373,1543.451250453827,306,919,0,68,4.863408535217441,4.459274238686694,-0.6822037137589599,10.687090201422054,25343.44797782215,2,2,10,6,8,34,18,21,89,2,1,35,0.8,0.25,smart,45,1
903,27013.69321044861,23399.25228733292,7370,3.3447425039500205e-05,19988,5921,57467,0.8519207936325102,0.36978477867355214,0.9999570560558457,23285.67036790809,1.1797299819146174,0.2728245983466401,0.8661996752921713,12289,0.999647838184347,5.066225846069527e-05,0.9996666383908324,2999.2455112917837,306,919,0,70,4.891641090097356,5.400287084306621,-1.0914581813016562,12.47484453700729,27013.693210366542,0,1,10,6,9,34,19,24,89,2,2,35,0.8,0.25,smart,46,1
894,19848.387836034533,16806.20231121497,6107,4.479145361654547e-05,14861,4609,41712,0.833845478288175,0.3708570320418513,0.9999400550407227,16681.46978956289,1.2188530873779362,0.3076824198745657,0.8467288351098969,12289,0.9994871598877297,7.306409868796232e-05,0.999601271344172,2507.4712033036635,306,919,0,68,3.5224021576525995,4.977738027261191,-0.9179530629279367,10.336046310769664,19848.387835994996,1,0,10,3,5,34,12,19,89,2,2,35,0.8,0.25,smart,47,1
912,29496.305957012675,26839.225051818186,5796,3.164422093983978e-05,21315,5481,64446,0.8900216273500537,0.36845440173222876,0.9999626850961159,26798.443472794777,1.1076300314190477,0.19649918225173602,0.9099181806336405,8193,0.9993653602125195,4.133110816177643e-05,0.9994577200944744,1843.5660723331218,306,919,0,68,5.703842896737909,5.538340874758115,-0.7646452517118654,12.771474274919754,29496.30595693097,1,1,10,5,11,34,18,25,89,2,1,35,0.8,0.25,smart,48,1
889,39680.85193225388,37455.222778212476,5181,2.4046867767941715e-05,28210,6196,88465,0.9243004893793744,0.3680452783117957,0.9999732895038408,37437.96591167608,1.062223172214591,0.1305667531746897,0.9439117598119828,8193,0.9993995165770481,2.8372507961889984e-05,0.9994011212196537,1669.2869467421917,306,919,0,68,8.21806524916652,3.8675627064275515,-0.7090105510683923,13.503649057730854,39680.851932044185,2,0,10,9,7,34,27,25,89,2,2,35,0.8,0.25,smart,49,1
905,37150.3352366939,34954.06150918774,5032,2.590929929166471e-05,26442,5914,82677,0.9227575540512906,0.36801808640170475,0.9999713804815817,34940.68892279149,1.0656736449222022,0.13544965255198624,0.9408814560215093,8193,0.9994346335665242,3.0499066508866953e-05,0.9994868739638965,1948.3388966703294,306,919,0,68,7.521226288538326,6.015685925919469,-0.6887925482573527,14.9144973109725,37150.335236500454,1,2,10,12,13,34,26,26,89,1,2,35,0.8,0.25,smart,50,1
916,22630.569426327555,20051.932403352188,5386,4.066028476339526e-05,16555,4639,48735,0.8697426047932737,0.3689692631704778,0.9999499877078193,19994.584332031867,1.1443250386295876,0.2379966627677574,0.8860551418571255,8193,0.9994639031021748,5.723031818183373e-05,0.999531470787299,2133.838595319431,306,919,0,68,4.165718017540142,4.228513811825765,-0.775454346273708,9.945140521913324,22630.569426267433,0,0,10,5,6,34,18,19,89,2,2,35,0.8,0.25,smart,51,1
891,44052.68154970104,41406.04977022699,6241,2.1473164729222947e-05,31381,7035,97980,0.917000770301326,0.36810434461711095,0.9999758342863566,41380.44221872834,1.0673684328008817,0.14167128493548775,0.9399212105513244,8193,0.9993307482749536,2.57937198990645e-05,0.9994882915852269,1953.7379005382681,306,919,0,70,8.955135530134498,4.296941252346287,-0.933232943363466,15.118542669207717,44052.68154943343,0,2,10,9,5,34,24,18,89,2,2,35,0.8,0.25,smart,52,1
916,28514.328422086557,25033.037481262414,7096,3.2208233997852616e-05,20948,6027,61101,0.8657178209893706,0.3691999825824882,0.9999599176085147,24948.111168368938,1.1577937658661348,0.24885734270015625,0.8779108212091851,12289,0.9995561502479298,4.6407142982913424e-05,0.9996090577130111,2557.4222830136696,306,919,0,68,5.291724056531257,6.58250202856742,-0.9341118434725652,13.742449772043807,28514.32842201751,4,1,10,9,6,34,23,24,89,2,1,35,0.8,0.25,smart,53,1
914,30879.20234961879,27943.517978930457,6287,3.0213485380062545e-05,22368,5868,67265,0.8873410654618317,0.3685197860170707,0.9999641535740861,27896.28397211027,1.114784097953434,0.20359981870055055,0.9049300452307644,12289,0.9994337560359409,3.996102557738506e-05,0.9994550109090646,1834.399068393935,306,919,0,68,5.9047820015077015,4.934666350844123,-0.8521550552800925,12.543758462912008,30879.20234952022,1,2,10,6,5,34,23,18,89,2,2,35,0.8,0.25,smart,54,1
915,36315.743068498814,33089.083452738996,7245,2.5354214328528214e-05,26244,6682,79401,0.8857324987851966,0.368574891731099,0.999969723423145,33028.332972581185,1.1067518490250108,0.1995002549262029,0.9111498390746491,12289,0.9995271683817021,3.350865741633773e-05,0.9995583697837435,2263.8377806431963,306,919,0,68,7.123701602398329,4.929249129443511,-0.814165734945973,13.681282201733787,36315.74306835018,3,0,10,9,7,34,20,19,89,2,1,35,0.8,0.25,smart,55,1
914,23998.110173607758,21052.377160958764,6014,3.8338002145924766e-05,17631,5093,51403,0.8648403199272514,0.3691322713580789,0.9999523458207492,20984.018368222572,1.1583912150374291,0.2506030665120446,0.8772514589132688,8193,0.9993792777380077,5.5202182604160834e-05,0.9994375835080707,1777.5416968264526,306,919,0,68,4.482112833076317,7.489760504685374,-0.7691147760128342,13.51010288978736,23998.11017353742,1,3,10,9,10,34,25,18,89,2,2,35,0.8,0.25,smart,56,1
913,43849.65513207519,41048.72767873929,6615,2.143453246555715e-05,31295,7147,97310,0.91137543733039,0.36815839074578494,0.9999756204700184,41017.51801372406,1.072308067219887,0.1508563745843751,0.9361242991558427,12289,0.9993453755196281,2.614236667427753e-05,0.9994598668106477,1850.8951658489525,306,919,0,68,8.724835875602258,4.624832869659428,-0.8807840875506169,15.111236920362918,43849.655131792875,0,2,10,5,8,34,22,20,89,2,2,35,0.8,0.25,smart,57,1
915,26348.705575893484,23626.57722357755,5822,3.5208336087085834e-05,19166,5189,57111,0.8777441973263435,0.36867734390245965,0.9999575856660582,23576.435128158355,1.1272325470303592,0.2209596210800794,0.8966883460564978,8193,0.9994688671687213,4.781081768026962e-05,0.9994701132768773,1886.6957589394003,306,919,0,68,4.996073262276095,5.76165351799398,-0.763206645004485,12.284140070279046,26348.705575808654,1,2,10,4,6,34,13,23,89,2,2,35,0.8,0.25,smart,58,1
902,34888.25216493137,31036.736224564727,8159,2.6370341617116455e-05,25477,7055,75294,0.8709670461021025,0.3689156027560004,0.9999676934871098,30953.010931722627,1.138760605710865,0.23386095587216557,0.8896042162800557,12289,0.9996695438317694,3.6789384187515185e-05,0.9996718829033608,3047.192428311738,306,919,0,68,6.7578707747264986,7.087669389807226,-0.977883585539808,15.80130733561334,34888.252164801044,2,1,10,9,5,34,22,23,89,2,1,35,0.8,0.25,smart,59,1
903,23310.629731067984,20676.312398701426,5360,4.063941399177746e-05,17010,4823,50233,0.8782177046051909,0.36844393510677553,0.9999515597527947,20643.49043147643,1.1396795582266497,0.22993801805604117,0.8869907264300292,8193,0.999564942065497,5.5206359535483545e-05,0.9996212278372684,2639.609507600106,306,919,0,68,4.331947616729739,8.270593366689255,-0.8309825562481769,14.264506095915348,23310.62973099529,0,2,10,4,10,34,17,24,89,2,2,35,0.8,0.25,smart,60,1
898,23102.354352018927,20265.214271815403,5815,3.977937938475504e-05,16976,4902,49482,0.8638548085319072,0.36918160740927525,0.9999504892993637,20197.15398073386,1.1587693128250693,0.2517059478611895,0.877192599638418,8193,0.9994530578503131,5.7371480553957043e-05,0.9995169509102102,2069.6829310676335,306,919,0,68,4.2598419397625955,4.813884843882463,-0.8854485617913984,10.844623907227856,23102.354351977432,0,1,10,7,4,34,14,18,89,2,2,35,0.8,0.25,smart,61,1
894,28211.278536646136,25676.595242275045,5409,3.340266317493555e-05,20377,5247,61648,0.8945793493670715,0.3683714716541904,0.9999610037280219,25642.97690554496,1.1068098445671843,0.19173182785649964,0.9101535475934363,8193,0.9993394006190155,4.31614577270555e-05,0.9993932314977753,1647.5749505676047,306,919,0,68,5.556924957809113,5.786810177287798,-0.7543230369438448,12.8523812089846,28211.278536545724,2,2,10,9,9,34,18,23,89,1,2,35,0.8,0.25,smart,62,1
916,23681.6761384738,21060.029671571832,5455,3.898648930504667e-05,17292,4796,51100,0.8743711053859856,0.3688560529119271,0.9999523954348951,21005.88872780091,1.1388843668438788,0.23034687106195498,0.8892964141738777,8193,0.9995056770777013,5.421609498862081e-05,0.9995088107611289,2035.3751795696705,306,919,0,68,4.4188521772497875,5.859266942231007,-0.7518194686895997,11.781758056859994,23681.676138402392,1,1,10,5,7,34,17,26,89,2,2,35,0.8,0.25,smart,63,1
895,35900.2017904357,33069.579390873194,6418,2.6013991932066728e-05,25806,6322,78965,0.897497798118459,0.36833581665188087,0.9999697244352651,33029.43713511371,1.0921508576255161,0.1787733683912006,0.9211530225906245,12289,0.999336784417234,3.306548399046904e-05,0.9994398697729276,1784.7990706713174,306,919,0,68,7.198184193681585,5.456251743713952,-0.8242072678405544,14.302850473076646,35900.20179031157,3,1,10,7,4,34,25,21,89,2,1,35,0.8,0.25,smart,64,1
899,27657.890624803178,24390.153486382267,6776,3.325685516377121e-05,20275,5768,59409,0.8666058376771144,0.3690606098994921,0.9999588741050041,24315.08024348743,1.1510667283947245,0.2449933761009014,0.8818515416540676,12289,0.9994438017379407,4.7338649405286754e-05,0.9994898900077102,1959.861477769135,306,919,0,68,5.2786572857110325,8.532388343332334,-0.8743773360274262,15.55980030109822,27657.89062471437,2,1,10,9,12,34,20,29,89,2,2,35,0.8,0.25,smart,65,1
914,21971.518731263408,18460.86151441744,6886,4.0873693454523764e-05,16489,5242,45988,0.8337746858886609,0.37077833693949774,0.9999454347941081,18326.197084835112,1.229747808170289,0.31340573604508587,0.8402178174487942,12289,0.9995814151694663,6.710144234777945e-05,0.9996028293878951,2517.309617263359,306,919,0,68,3.8219749834539787,5.99381701299942,-0.9857971677981153,11.78738633204963,21971.51873122207,0,0,10,3,7,34,15,23,89,2,2,35,0.8,0.25,smart,66,1
908,29137.816064593575,26203.023875628125,6309,3.12924444886983e-05,21195,5619,63252,0.8784310698236788,0.3689437154194179,0.9999617322879779,26131.19032161496,1.1251947395755475,0.21652274782756614,0.89927892390907,12289,0.9996032972490599,4.305862826319453e-05,0.9996326173166501,2721.4573324255107,306,919,0,68,5.5825103638344835,5.10828489489063,-0.8355107957465927,12.361816850218299,29137.816064498085,2,2,10,8,7,34,22,16,89,2,2,35,0.8,0.25,smart,67,1
909,33270.342233607975,30915.558630528365,5356,2.8328791950320417e-05,23819,5629,73533,0.9077162524156969,0.36820230293309303,0.9999676264453031,30888.9098679013,1.081082488976397,0.16098421718636985,0.9292227417877016,8193,0.9993208471554466,3.499848308874469e-05,0.9993213113809097,1472.9296899549463,306,919,0,68,6.680754331848806,4.356469763187976,-0.6394529802441568,12.316130055525093,33270.342233462514,2,1,10,9,10,34,30,23,89,2,1,35,0.8,0.25,smart,68,1
914,21831.46231437012,18807.762778030825,6045,4.206040754297103e-05,16169,4911,46310,0.8526978709215532,0.36953578548759264,0.9999466047253662,18727.74901868599,1.1855373577396249,0.27689395758070684,0.861498075905387,8193,0.9994079139271707,6.330209280542526e-05,0.9994731330737489,1897.512433570046,306,919,0,68,3.93736212450443,5.682020068866369,-0.8397631083882084,11.298908410147217,21831.462314319357,1,0,10,4,9,34,17,25,89,2,2,35,0.8,0.25,smart,69,1
916,23033.266865640242,20357.434228335496,5544,4.0052956002318394e-05,16865,4771,49536,0.8691361600167847,0.3689749561069289,0.9999507387160725,20299.41750256313,1.1475585461883868,0.24069534002014423,0.8838274807949017,8193,0.9994843181126162,5.653020736739919e-05,0.9995053766590041,2021.2403764120108,306,919,0,68,4.217620022781034,4.811918946577033,-0.8114775461238896,10.652494061605847,23033.26686558455,0,1,10,4,10,34,19,21,89,2,2,35,0.8,0.25,smart,70,1
915,25786.621456125362,22827.359323323366,6244,3.558139842974019e-05,18874,5302,55504,0.8666300334614737,0.3690163589073087,0.99995606293171,22759.32533106807,1.145814615232964,0.24214106569268298,0.885240408952486,12289,0.9994035051504434,5.034373499744491e-05,0.9994903090781226,1961.4732968019443,306,919,0,68,4.820443347570805,6.539402583044111,-0.815976642823723,12.991799216262363,25786.621456054967,1,0,10,9,9,34,26,19,89,2,2,35,0.8,0.25,smart,71,1
905,26791.561695384647,23770.938187097297,6285,3.464042564377761e-05,19577,5488,57740,0.8724597930684551,0.3688241790631898,0.9999578272076164,23711.470285382864,1.1416585554324175,0.23458878849465165,0.8872546683679247,12289,0.999465870365018,4.814692923125222e-05,0.9995015654356771,2005.781367445476,306,919,0,68,5.043113630262046,6.869922255980956,-0.8776734847224824,13.668382855687966,26791.56169530499,1,2,10,7,9,34,18,22,89,2,2,35,0.8,0.25,smart,72,1
909,34067.85963345855,30724.396252340855,7292,2.6952627002890226e-05,24734,6528,74071,0.8794442439643163,0.3687425828726373,0.9999673794375052,30655.010617638025,1.1203924429001404,0.2140433851276767,0.9018587191244022,12289,0.9995632954589123,3.65478317024303e-05,0.9995763863644055,2360.141634302829,306,919,0,68,6.640687465905806,5.064928182115559,-0.8549912212924439,13.415598090606252,34067.859633316046,2,0,10,6,9,34,20,16,89,2,1,35,0.8,0.25,smart,73,1
906,21587.412280678458,19055.916219053008,5233,4.277244055802247e-05,15813,4493,46395,0.8684513232868956,0.36897398470187864,0.9999473746228305,19001.73910125054,1.1491525978620882,0.24240978640518812,0.8827327690456335,8193,0.9993935784805154,6.047458888813603e-05,0.9993943978222144,1650.7489652603801,306,919,0,68,4.059900553223592,4.254646208884322,-0.7055326213085757,9.725612004725066,21587.41228063072,2,1,10,8,8,34,20,22,89,2,2,35,0.8,0.25,smart,74,1
915,28786.31589589439,26242.55812592562,5554,3.244232691247024e-05,20785,5306,62959,0.8919422259950658,0.3684279271913875,0.9999618393448151,26204.500806011598,1.1051746861245058,0.19293889569217615,0.911633090557046,8193,0.9993722906336434,4.217419011656175e-05,0.9993853262172969,1626.379161996165,306,919,0,68,5.616290170479834,4.301235531220481,-0.675800735705971,11.269127173112256,28786.31589580006,4,2,10,10,8,34,22,21,89,2,1,35,0.8,0.25,smart,75,1
907,22716.266272811394,20355.41783885992,5048,4.0657114396093354e-05,16532,4476,49219,0.876765435218484,0.36874299324978876,0.9999507629189639,20309.39609365231,1.1284462796659207,0.22221961740437254,0.8960723384028509,8193,0.9994013333944505,5.556140091706323e-05,0.9994087689588363,1690.8861100622971,306,919,0,68,4.3399679484850395,5.195547692342625,-0.6691315603901957,10.873778761608056,22716.26627274919,1,1,10,6,5,34,18,20,89,1,2,35,0.8,0.25,smart,76,1
901,30839.959868320253,27971.379210403116,6325,2.9988674961648342e-05,22326,5795,67261,0.8841033589799717,0.3685752166667243,0.9999641839194717,27919.919687009497,1.1123526005790654,0.20509105806253766,0.9069849419336038,12289,0.9994813370389227,3.9840110318286e-05,0.9994854309447982,1942.873717910673,306,919,0,68,6.072918964378059,4.6327322054828475,-0.7727990973782617,12.251249364617431,30839.959868212223,3,2,10,7,6,34,25,18,89,2,1,35,0.8,0.25,smart,77,1
905,24311.02583608481,21964.966492479398,5061,3.810528274537403e-05,17628,4639,52911,0.8839192172199974,0.3686048685921919,0.9999543867069173,21922.933548483477,1.117283234311702,0.20817714703293053,0.9034981345738542,8193,0.9994083729363439,5.096296762337258e-05,0.999583771927343,2402.0289288548797,306,919,0,68,4.595803495790761,4.036646090934656,-0.7767988989130357,10.18604738455149,24311.02583603468,1,2,10,6,9,34,21,21,89,2,2,35,0.8,0.25,smart,78,1
915,26164.123687316092,23418.08896272642,5635,3.601334489189306e-05,19033,5208,56657,0.8846368198154261,0.36854140152790843,0.9999572236572789,23376.907609798895,1.1286496831167867,0.21537124909448999,0.8950457979251603,8193,0.9993593900270412,4.827950565711624e-05,0.9994976885191874,1990.2965817357292,306,919,0,70,4.857537542432012,4.062743606480597,-0.8613965968613211,10.64307434263525,26164.123687267,0,0,10,4,3,34,16,16,89,2,2,35,0.8,0.25,smart,79,1
913,26527.521209734477,23801.081059929853,5757,3.500572497566673e-05,19291,5208,57517,0.8807890432901816,0.36866807215328157,0.9999578976957878,23751.16914409702,1.1264317346272927,0.21701989999304663,0.8972222045079683,8193,0.9995297271295501,4.742537156564102e-05,0.9995298911064241,2126.666695299594,306,919,0,68,5.008550783104886,4.72956420890263,-0.8025162945809051,11.343147581169328,26527.521209635637,1,1,10,5,4,34,19,21,89,2,2,35,0.8,0.25,smart,80,1
901,25596.620665740913,23188.6203239187,5160,3.672457470792553e-05,18523,4861,55793,0.8889898628565394,0.36837229909585745,0.9999568177068238,23157.14000219706,1.112599718322742,0.20158911081986142,0.9059250682632051,8193,0.9995495153571246,4.8044607224440275e-05,0.9995631639308585,2288.6882212467594,306,919,0,68,4.942437813924267,5.085037503094362,-0.7393869731310222,11.506249263280674,25596.620665684077,1,1,10,7,8,34,21,18,89,2,2,35,0.8,0.25,smart,81,1
913,24690.956755259456,22340.42071221116,5055,3.747654411751522e-05,17896,4676,53780,0.8857782811084268,0.3686500385799763,0.9999551488401031,22295.46742046696,1.1157639376428992,0.20473082716501972,0.9048017431504509,8193,0.9996120354406552,5.0043306774839e-05,0.9996123853532769,2579.381838653831,306,919,0,68,4.783790568047866,4.265576867508502,-0.624962280843856,10.29929199724408,24690.95675519071,2,0,10,7,7,34,21,22,89,2,2,35,0.8,0.25,smart,82,1
908,31575.928879347244,28688.864145162675,6278,2.9522294400552577e-05,22834,5902,68933,0.888882736523372,0.3684811047590829,0.9999650880336979,28642.97402391073,1.1096377916874174,0.19882233786339154,0.9085675438016045,12289,0.999439473587015,3.873963719103507e-05,0.9995151954050071,2062.1866798232754,306,919,0,68,6.054378628876693,6.310860381486477,-0.9006717850502874,14.166582580463743,31575.92887922849,0,1,10,9,8,34,22,23,89,2,2,35,0.8,0.25,smart,83,1
911,25345.428785802545,21453.590075580676,7501,3.527062095525642e-05,18976,5890,53258,0.8437342957160007,0.37088022910657487,0.9999530415591765,21294.9259613393,1.2194239575910044,0.29595080293933507,0.8464481014264034,12289,0.999646499212206,5.726224775170394e-05,0.9996881021903951,3205.678309359301,306,919,0,72,4.464777869022505,6.168668266477984,-1.099531414352645,12.832508964205779,25345.428785773813,0,1,10,8,9,34,26,21,89,2,2,35,0.8,0.25,smart,84,1
914,23636.673412022097,21120.67580481682,5347,3.900951823562465e-05,17225,4703,51135,0.8749405143894222,0.36879837023877937,0.9999525390266876,21069.442945109975,1.1324194802312753,0.2262162660029988,0.8935553424397873,8193,0.9994229137071775,5.3745730729776765e-05,0.9994313107674127,1757.929588146134,306,919,0,68,4.492868149333786,5.843082281413306,-0.6792704528452287,11.69449133643755,23636.673411958098,0,3,10,11,11,34,21,27,89,2,2,35,0.8,0.25,smart,85,1
876,26625.171884602118,23587.211004027013,6192,3.50882509145613e-05,19462,5493,57335,0.8755331013593382,0.36877040405978406,0.9999575055688336,23531.995256443577,1.1432296005075981,0.23256187891808355,0.8858989194983556,8193,0.9994054620622379,4.8580891566425795e-05,0.9994603820123156,1852.6627902527016,306,919,0,68,5.174613600520048,6.48894780000874,-0.9041927658136233,13.471946932156035,26625.17188454148,1,0,10,8,8,34,18,24,89,2,2,35,0.8,0.25,smart,86,1
904,21710.97973502631,18813.616136033204,5795,4.260534469470551e-05,16029,4811,46200,0.8583667877442234,0.3692557105275782,0.9999466572211161,18746.17988218438,1.1757310493254138,0.26691563765088544,0.8665484637563918,8193,0.9994482576871297,6.271676139141426e-05,0.9995337804225216,2144.412033276295,306,919,0,68,3.93314245161199,6.220452489757928,-0.8701716490466868,11.893938239463292,21710.97973497722,1,2,10,4,7,34,13,27,89,1,2,35,0.8,0.25,smart,87,1
912,29901.230807415508,27522.681597081984,5205,3.1568146723183414e-05,21493,5291,65744,0.9027123113734836,0.36825954347489487,0.9999636300063812,27494.693163119966,1.0925906808504058,0.17407310199114479,0.9204531336635265,8193,0.9993488242528467,3.973751609066172e-05,0.9993494182235638,1536.5857299370368,306,919,0,68,5.879514313365865,5.687736157511477,-0.6777731443739622,12.922796759625266,29901.23080729361,1,3,10,7,9,34,25,26,89,2,2,35,0.8,0.25,smart,88,1
911,23061.8611289865,20709.310407469977,5035,4.0007631676696096e-05,16770,4502,50025,0.8786985476775614,0.36873525162332416,0.9999516047311733,20662.676877586666,1.125742084580755,0.21832583119978544,0.8979895547736345,8193,0.9994316873037105,5.448059081290261e-05,0.9994666271743228,1874.3611255490155,306,919,0,68,4.403844435249357,4.3299240230570835,-0.6591327609989437,10.052033980304326,23061.86112891101,0,2,10,7,7,34,20,21,89,2,2,35,0.8,0.25,smart,89,1
915,28039.95518302328,24840.18348907617,6862,3.1401226404081334e-05,20595,5603,60369,0.860648856354294,0.3700015892755741,0.9999595302138289,24709.29203189466,1.15093908424817,0.24472221710805658,0.8858852778807434,12289,0.9996778819490807,4.657825863576956e-05,0.9997385581593826,3824.442449692891,306,919,0,68,5.0737634856375715,4.551104935115654,-1.0551884669117721,11.735245354576769,28039.955182913247,1,0,10,7,5,34,19,17,89,2,2,35,0.8,0.25,smart,90,1
907,29873.600112456756,27606.21857986063,5206,3.176936870176248e-05,21422,5227,65827,0.9006461503711473,0.36805367577043546,0.9999637570685598,27591.087108230873,1.0867741088919718,0.17426758008416907,0.9241008273505452,8193,0.9996092323502115,3.9387879519601674e-05,0.9996543631347251,2892.709869981785,306,919,0,68,5.76423143260754,4.07859935729219,-0.8231114808075604,11.489053751514849,29873.600112337477,0,0,10,5,6,34,23,16,89,2,2,35,0.8,0.25,smart,91,1
912,32728.766562450735,30290.79597137551,5439,2.884126541316244e-05,23471,5646,72177,0.9059522547827219,0.36821471561655233,0.99996695703574,30263.128651498155,1.0858813923750847,0.1661840812003007,0.925509854261594,8193,0.9993999898675626,3.5880740039261013e-05,0.9994000265811502,1666.240456453555,306,919,0,68,6.512975455521038,3.8381743919135918,-0.6643856327083545,11.67992111285134,32728.76656232603,3,0,10,11,3,34,24,18,89,2,2,35,0.8,0.25,smart,92,1
905,32073.92643608787,28328.58366656207,7662,2.9006155323522625e-05,23480,6682,68955,0.8716483342563213,0.36886813265324797,0.9999646087138637,28255.042792229622,1.1477966512732574,0.2388856261570497,0.8832278057072632,12289,0.9994483640878237,4.062199971181192e-05,0.9995104041186998,2042.000801608462,306,919,0,72,6.057520791508665,10.767348239448674,-1.0306397468303587,18.886148524618054,32073.92643598408,2,0,10,8,8,34,21,26,89,2,2,35,0.8,0.25,smart,93,2
883,20977.20051823699,18607.093159460892,4780,4.474592917219706e-05,15321,4312,45204,0.8790682788339642,0.368698605384757,0.9999461424581992,18567.001715129085,1.1411362662819526,0.22786643984474486,0.8870150782648241,8193,0.999435396678781,6.145879416189473e-05,0.999483786793859,1936.6840276296882,306,919,0,68,4.0077584338842,4.639932478072328,-0.7435893618571358,10.134869635670798,20977.200518197995,0,1,10,3,6,34,17,22,89,2,2,35,0.8,0.25,smart,94,1
913,31135.67407911161,28271.126641818457,6167,3.0064396668686527e-05,22518,5841,67950,0.8901955680674062,0.36844392458445474,0.9999645751831712,28228.298040855443,1.110199670929198,0.19806862007645867,0.9079978988084626,8193,0.9993843234799794,3.932861998639796e-05,0.9994199304189182,1723.4310671779035,306,919,0,68,6.049012683653581,3.647788614252981,-0.7715073774636749,11.239816052833913,31135.674079000273,3,0,10,6,3,34,20,18,89,2,2,35,0.8,0.25,smart,95,1
904,52998.37091649184,49355.28379627659,8326,1.7819183066325218e-05,37906,8874,117277,0.9097518501921648,0.36818066638256763,0.9999797226559387,49315.62330209665,1.0784103474219058,0.1570991684464993,0.9312603942872968,12289,0.9994220847507476,2.186729765418945e-05,0.9996130322717312,2583.6947905902784,306,919,0,70,10.455794054291873,7.536139785509593,-1.2695092457138313,20.530952331229127,52998.370916025786,0,1,10,6,10,34,25,24,89,2,2,35,0.8,0.25,smart,96,1
909,43136.75904018364,40585.750700366676,5949,2.204400961894536e-05,30711,6855,95997,0.9199128045964796,0.3680701810410709,0.9999753480971204,40564.31987754547,1.0660290668814232,0.13791022163853953,0.9408623086996267,8193,0.9994295071046199,2.6279645023660962e-05,0.9995638528483647,2292.3041152970072,306,919,0,68,8.540794263602203,3.768309228080946,-0.9502418288003479,14.209587149283845,43136.75903996959,0,0,10,4,7,34,23,20,89,2,2,35,0.8,0.25,smart,97,1
912,43561.378990554214,40968.663114206145,6226,2.1638352484274433e-05,31026,6933,96919,0.9152732767115658,0.36812409764663134,0.9999755754299349,40941.87881296357,1.066771197926098,0.14292476832172912,0.9404813177078194,8193,0.9994175537871306,2.605542786747591e-05,0.9994360803000172,1772.8020738990717,306,919,0,68,8.767257574204924,6.061483372221351,-0.7856764148955689,16.400093776217414,43561.37899029825,1,2,10,8,8,34,24,22,89,1,1,35,0.8,0.25,smart,98,1
910,22489.722854020154,19747.359743371853,5625,4.082974322326495e-05,16519,4753,48196,0.8645736866335306,0.36915430498470436,0.9999491930683575,19681.853715460114,1.1573545196619468,0.2501142426926129,0.8780614982030297,8193,0.9994254109636344,5.880163196674465e-05,0.9994806360449079,1924.9319975643352,306,919,0,68,4.1809044543182186,4.375814355901966,-0.7618917773226241,10.080502364865433,22489.722853965835,1,1,10,9,7,34,21,20,89,2,2,35,0.8,0.25,smart,99,1
911,29673.936690109727,27406.565842875163,5089,3.174136252126009e-05,21299,5171,65366,0.9025972985062015,0.36823405344880983,0.9999634778717132,27380.160624083714,1.0884350126642903,0.1714972992341847,0.9235904938763897,8193,0.9994136676835046,3.975196316453343e-05,0.9994322026854022,1760.6917975248248,306,919,0,68,5.831532646568008,3.445150997185871,-0.6830527958064625,10.642789235366804,29673.936690015715,0,0,10,9,2,34,25,16,89,2,2,35,0.8,0.25,smart,100,1
917,26741.280988910006,24260.477644522165,5290,3.50433363345555e-05,19346,5034,58333,0.891000348780767,0.3684484079863482,0.9999587194115327,24223.960866151472,1.1112132311311775,0.19782148814014702,0.9072294500246018,8193,0.9993124125966054,4.587153609385195e-05,0.9993840945787891,1623.125858678991,306,919,0,68,5.123781892056909,4.8591411845027555,-0.7085585635202928,11.40004020360025,26741.280988821472,2,1,10,6,9,34,26,20,89,1,2,35,0.8,0.25,smart,101,1
914,25338.601235708815,22558.434302055077,5743,3.6895925401236683e-05,18481,5137,54710,0.8776886132479521,0.3686773775013563,0.9999555770328635,22510.378140207908,1.136354376052258,0.22665023797393316,0.8902793840989239,8193,0.9994961003506068,5.048023310287314e-05,0.9995350398652388,2150.221980700187,306,919,0,68,4.733234132899704,6.429006950468208,-0.811317559800545,12.784876202969004,25338.60123564014,2,0,10,5,6,34,19,29,89,2,2,35,0.8,0.25,smart,102,1
908,30332.468737241987,26971.661597941136,6961,3.0287354222582232e-05,22165,6120,65446,0.8745956344764523,0.3690506747419485,0.9999628136597667,26891.09496768783,1.1401265103321707,0.22949005767714958,0.8892010021203953,12289,0.9996543789515987,4.239713232236713e-05,0.9996619687075046,2957.805969527375,306,919,0,70,5.724095571379562,8.312687651168758,-0.9570649434090185,15.950913109366356,30332.468737140152,3,3,10,6,9,34,14,21,89,2,2,35,0.8,0.25,smart,103,2
907,33237.49323580731,30075.172460332375,6775,2.8118606642303805e-05,24075,6324,72400,0.887317508793172,0.3685004256848768,0.9999666961004571,30026.01382066208,1.1147461654319029,0.2038360700650306,0.9048568207885149,12289,0.9995232755477494,3.712539430955054e-05,0.9995897924665004,2437.2903970783827,306,919,0,70,6.381433002384056,5.301735623781535,-0.947672452003373,13.578513530172337,33237.493235646994,0,0,10,9,7,34,25,20,89,2,2,35,0.8,0.25,smart,104,1
909,22853.73494767131,19760.65606729949,6208,3.989637657465754e-05,16913,5058,48572,0.8544761257868505,0.3696713047990546,0.9999491627758595,19670.125544420043,1.1814346387423729,0.2716405005227632,0.8646576199709102,12289,0.9995474895052642,6.0060857537089005e-05,0.9996240585126978,2659.4883811603663,306,919,0,68,4.09154575493461,6.895867034346752,-0.9367787659923346,12.86097032126603,22853.734947612964,1,1,10,5,10,34,17,23,89,2,2,35,0.8,0.25,smart,105,1
879,27712.30833351163,23947.274825556146,7526,3.278666727038679e-05,20516,6132,58879,0.8546318545356899,0.36972063624154716,0.9999580465975703,23835.469002229227,1.1825024466015854,0.2715760776556835,0.8641385819382448,12289,0.999570281101349,4.9610001016427686e-05,0.9996491791704403,2849.9578562136853,306,919,0,68,5.194696481377253,4.597094449040275,-1.1107206593288,12.013232249075129,27712.308333403103,2,1,10,10,5,34,23,20,89,2,2,35,0.8,0.25,smart,106,1
910,24028.301172819352,21424.058399644557,5524,3.772798166599504e-05,17553,4772,51918,0.8717005077312958,0.3692112389610337,0.9999531663389544,21351.663753392928,1.1376507146097823,0.22989557023901092,0.8916176905539749,8193,0.9995879222559995,5.328034795662776e-05,0.9996014567553249,2508.6379671384993,306,919,0,68,4.542513927575073,5.433471551135111,-0.7384313851141566,11.452848248938498,24028.301172735995,1,2,10,6,9,34,22,21,89,2,2,35,0.8,0.25,smart,107,2
903,30434.266784286578,27716.58427962303,5792,3.095574424032028e-05,21977,5644,66528,0.8954109076713858,0.36836594031567105,0.9999638744493773,27680.73897501359,1.1060404053421313,0.19031179693116346,0.910703204255714,8193,0.9993777830943149,3.9956318654241606e-05,0.9994207159245062,1725.7687070679635,306,919,0,68,5.8984474651344705,7.300089671264968,-0.8422539267128922,14.883044989825223,30434.266784190844,1,3,10,7,12,34,22,27,89,1,2,35,0.8,0.25,smart,108,1
917,23068.88210236251,20382.923106673406,5497,4.02955087529853e-05,16885,4797,49606,0.8718572482976383,0.36885748819036646,0.9999508138426858,20330.423463089264,1.1472393155518141,0.23828636236504266,0.8835678736502784,8193,0.9993301246696442,5.6428293452130206e-05,0.9994388460501709,1781.5421188445114,306,919,0,68,4.254621377062663,4.855441909508929,-0.7767596703322962,10.663582627236185,23068.882102305888,1,3,10,5,7,34,16,19,89,1,2,35,0.8,0.25,smart,109,1
917,24344.92342395231,21443.4047593628,5889,3.815577053347251e-05,17845,5114,52261,0.8705328465052673,0.3689328211316111,0.9999532377484178,21384.27010800951,1.1517854787805504,0.24189848115135054,0.8808162747501277,8193,0.9995452487310652,5.3860082327475914e-05,0.9995479000469016,2211.400213901855,306,919,0,68,4.491067846570414,6.0642970683858755,-0.8186210135978378,12.192606942151965,24344.923423871434,2,0,10,7,7,34,18,18,89,2,2,35,0.8,0.25,smart,110,1
901,22488.6339930213,19500.850800329,6036,4.00848556248464e-05,16636,4899,47868,0.8547535530182845,0.3698279813108781,0.9999484668696024,19404.492323631206,1.178506940584165,0.26840225163845427,0.8671425221460995,12289,0.9995116241337185,6.0732151843902876e-05,0.9995735579377316,2344.4844030934473,306,919,0,68,4.130331982721807,6.471541522244433,-0.8615956516744785,12.325064808315195,22488.633992955267,0,2,10,5,7,34,20,23,89,1,2,35,0.8,0.25,smart,111,1
868,25177.736604987495,22813.255479772644,5129,3.7016512445183204e-05,18229,4761,54884,0.8863761861286469,0.3685043130882491,0.9999560932595527,22775.04629771903,1.1131627833335267,0.20371171882797395,0.9060884160355198,8193,0.9992558294720939,4.8875349403582946e-05,0.9994191764620303,1721.193262250239,306,919,0,68,5.009094607490229,3.83812975093436,-0.7922271908759643,10.431678740176517,25177.736604909278,0,2,10,5,7,34,20,15,89,2,2,35,0.8,0.25,smart,112,1
916,25647.893143800997,22952.19121354811,5827,3.56511748280329e-05,18689,5057,55529,0.872625054258748,0.36891506041920824,0.9999563143129674,22890.29256312079,1.1312093961270742,0.22719215053375114,0.8948957750588403,8193,0.9996140727171039,4.941765964770263e-05,0.9996231162705643,2652.8381784836943,306,919,0,68,4.790794919833404,3.8576016482537674,-0.8091817491079532,10.266760066303078,25647.893143751415,2,1,10,5,5,34,17,20,89,2,2,35,0.8,0.25,smart,113,1
911,25572.052889299757,22389.92568548524,6547,3.568166086734626e-05,18815,5442,54716,0.8607838778857414,0.3693259214073539,0.9999551711438311,22306.560346707785,1.1621992102010201,0.2560216822771978,0.8755623094637807,12289,0.999478464570769,5.21000612335607e-05,0.9995519052487998,2231.170825389805,306,919,0,68,4.763589223177093,4.634668127508569,-0.8504728820358547,11.09920311475737,25572.05288924498,1,1,10,8,8,34,20,17,89,2,1,35,0.8,0.25,smart,114,1
912,36124.19586455402,33423.001252605354,6087,2.60791960838488e-05,25911,6242,79651,0.9040163940905992,0.36824171067599726,0.9999700518768417,33390.574113081435,1.0863750014150466,0.16850202071827208,0.9252247822463185,8193,0.9995095878023633,3.253489233869987e-05,0.9995158875811393,2065.1358761013344,306,919,0,68,7.086834253570546,4.468847488490985,-0.8351385237080613,13.225958789477653,36124.19586439045,1,2,10,4,8,34,20,20,89,2,2,35,0.8,0.25,smart,115,1
912,20811.199509766197,17624.031446496716,6336,4.304660645646787e-05,15567,4853,43741,0.8369751013132452,0.37059915957451384,0.9999428713122079,17503.840435191152,1.2169166792595476,0.3044514563913852,0.8468532262268775,12289,0.9994855658537842,6.952085303861346e-05,0.9995597641734897,2271.0097764138463,306,919,0,68,3.6769599244648816,5.786153417657371,-0.8868996171423211,11.236912576406894,20811.19950972884,0,2,10,5,9,34,16,16,89,2,2,35,0.8,0.25,smart,116,1
909,44920.74304051971,42381.69896515406,6112,2.1096306469385208e-05,31947,7033,100120,0.9193698146429794,0.36808063457320717,0.99997639209165,42358.186975929806,1.0629521880633612,0.1360618633241844,0.9434772467348689,8193,0.9994136994877854,2.509407783660303e-05,0.999582145593825,2392.678032034156,306,919,0,68,8.947970825149604,4.84740586299575,-0.9355809988847231,15.6665386859148,44920.74304023601,2,2,10,6,6,34,21,17,89,2,2,35,0.8,0.25,smart,117,1
891,24144.167609447693,21532.137087273884,5456,3.824135938668087e-05,17610,4836,52178,0.8763446743485016,0.3688435976448527,0.9999534421068211,21478.135125896784,1.1351190441174024,0.22597589978065963,0.891815258888788,8193,0.9994227052076147,5.2848751201182814e-05,0.9994645253278258,1867.001915709436,306,919,0,68,4.659892972964394,4.997527490834665,-0.7596732693172767,11.176767002433614,24144.16760936484,2,1,10,7,7,34,17,22,89,2,2,35,0.8,0.25,smart,118,1
901,23292.49473028341,20384.07908239985,5878,3.971679434678306e-05,17124,4996,49828,0.8651199093362367,0.3690931724881874,0.9999507887851777,20320.07130493261,1.1613112181662317,0.25235596564750107,0.875135073268806,8193,0.9993660784857483,5.71495358326461e-05,0.9995046076692327,2018.1020603000572,306,919,0,68,4.313405688256555,5.269667473583126,-0.8569594016912799,11.296991965222242,23292.494730215,1,1,10,6,6,34,21,21,89,1,2,35,0.8,0.25,smart,119,1
884,51007.05206881297,48232.15673449586,6591,1.8660711943531277e-05,36237,7886,113827,0.9240776371474809,0.36805105871800475,0.9999792574547981,48209.591395749536,1.0602368985009714,0.12921742646699452,0.9455978100719576,12289,0.9993439388753227,2.199201179211681e-05,0.9994261362707199,1742.073927443065,306,919,0,68,10.667732471716807,3.956820883357369,-0.8723245573525259,16.36920246977923,51007.05206848645,1,1,10,11,8,34,31,21,89,2,1,35,0.8,0.25,smart,120,1
903,29810.839550554516,27213.628869169013,5681,3.1621739795885394e-05,21502,5485,65250,0.8937812670418773,0.36829832287449654,0.9999632121429584,27182.382622253786,1.102787257074639,0.1905682659613096,0.9128769695673602,8193,0.9995707222659183,4.056917996085302e-05,0.9996732490760709,3059.9350833247877,306,919,0,68,5.7074864070275755,8.001913523545115,-0.8951358632844308,15.499671657141551,29810.839550458706,2,3,10,7,6,34,18,17,89,2,2,35,0.8,0.25,smart,121,1
907,28624.068664968247,25634.457417965546,6528,3.176852227194751e-05,20856,5617,61997,0.8711321521274806,0.3689693605264912,0.9999608802207244,25562.01641469951,1.1305959563017678,0.22805982183760395,0.8955560342593241,12289,0.9994672819714265,4.422866426055595e-05,0.9995142541691763,2058.189785637503,306,919,0,68,5.492194096171885,5.687486665629176,-0.8196181783297876,12.818917118460636,28624.068664865084,1,3,10,7,7,34,22,23,89,2,1,35,0.8,0.25,smart,122,1
907,24060.38633925459,21650.489752774996,5139,3.850440667816636e-05,17477,4665,52250,0.8817566224896783,0.3686660523948365,0.9999537177548037,21606.057667627676,1.1226732523796472,0.21358759279836279,0.8998396554195042,8193,0.9994877831927916,5.195983874231725e-05,0.9994931668794607,1972.5359719265864,306,919,0,68,4.551219861402408,5.225716153259888,-0.7542677547387938,11.285471524139883,24060.386339200348,0,3,10,1,9,34,15,18,89,1,2,35,0.8,0.25,smart,123,1
918,30475.48145870759,27103.64176175408,7083,3.0329049490886453e-05,22251,6178,65762,0.8726383358507876,0.3688494767804297,0.9999630118827487,27035.209687315513,1.1386770364147631,0.2324163445816937,0.8893589359196131,12289,0.9994512862944139,4.21175197347254e-05,0.9995319012743102,2135.801439963315,306,919,0,68,5.701030973661863,6.595153581686171,-0.9385074704887317,14.173199496325498,30475.481458651233,1,3,10,9,10,34,23,25,89,2,2,35,0.8,0.25,smart,124,1
915,24690.094692077484,22173.579592192837,5267,3.770583137542303e-05,17947,4829,53561,0.883491373304185,0.3686559442358786,0.999954810198125,22128.38657040135,1.1250978735178865,0.21332441473746416,0.8980759235122682,8193,0.9994250578672842,5.0842949994469956e-05,0.9994802268244191,1923.4160935205787,306,919,0,68,4.641287594287301,4.16769146287769,-0.7554544148936796,10.319887886952351,24690.09469200299,0,0,10,9,7,34,21,18,89,2,2,35,0.8,0.25,smart,125,1
912,30117.73032809766,27406.095656723992,5913,3.0918618749364073e-05,21767,5589,65805,0.889980649719181,0.3684799648953845,0.9999634539057944,27362.20514337488,1.1077671856318396,0.19632953531307767,0.9099655039794314,8193,0.9994336061629785,4.0484563923887e-05,0.9994955029391771,1981.6720609308509,306,919,0,68,5.816126882125173,3.8004062575667055,-0.7886385406878137,11.193810221067505,30117.730328027217,0,0,10,11,5,34,26,16,89,2,2,35,0.8,0.25,smart,126,1
910,21911.20975660078,19341.05737141376,5251,4.236638616231024e-05,16046,4569,47091,0.8711706596858434,0.3688975287507974,0.9999481599664407,19289.610964768224,1.1487335536574983,0.23964902250174158,0.8827014841381473,8193,0.999323539888858,5.955038597225261e-05,0.9993531639383253,1545.4867258069069,306,919,0,68,4.112484838210669,5.353627675538623,-0.7031656577318984,10.872443829213088,21911.209756538683,1,4,10,6,11,34,21,24,89,2,2,35,0.8,0.25,smart,127,1
907,40363.516084646944,37201.04382740328,7059,2.335122945329794e-05,28997,7107,88811,0.9011173114807496,0.3682398377507046,0.9999730928227787,37164.30520102826,1.0909785957421483,0.17488565627425678,0.9216502286220161,12289,0.9995983751688422,2.9355154420355408e-05,0.9996269112406755,2679.827303906873,306,919,0,68,7.856174772314916,5.554079932736175,-1.0442697887532943,15.49879428255768,40363.51608444434,1,0,10,8,4,34,21,21,89,2,1,35,0.8,0.25,smart,128,1
906,25937.673736924928,23474.13612328271,5353,3.564866539023979e-05,18795,4912,56503,0.8842895570349129,0.3685976277095096,0.9999573194954335,23429.40107558387,1.115185675887449,0.20637934050267037,0.9050208727803095,8193,0.9994717151988786,4.7596687332255323e-05,0.9995229377268461,2095.662361401275,306,919,0,68,4.982929989985381,3.726113163630669,-0.7428258018135739,10.194694757243198,25937.673736849265,0,1,10,4,3,34,24,14,89,2,2,35,0.8,0.25,smart,129,1
907,25793.606316939775,22970.72171365388,5990,3.583805421543137e-05,18819,5209,55700,0.8720740498985576,0.36878081534804286,0.9999563625687234,22915.605980293407,1.1366156188366718,0.2322280927450656,0.890558746667697,8193,0.9995404221502739,4.959898595495524e-05,0.9996781239402468,3106.2858607803214,306,919,0,68,4.683895669178649,3.8431728167843784,-1.0037793731227425,10.534627232208512,25793.60631683681,0,0,10,3,7,34,13,16,89,2,2,35,0.8,0.25,smart,130,1
917,20754.79229161507,17493.743657795316,6371,4.349308264683157e-05,15545,4923,43515,0.8378317641167964,0.3705134651732119,0.9999424561111058,17377.539943774726,1.2232440493252303,0.3069652497834865,0.842877317777966,12289,0.9995424412770566,7.039021966481964e-05,0.9996326870608556,2721.9741689854427,306,919,0,68,3.563193895485114,5.665297034049503,-0.9634783600332207,11.155447649601058,20754.792291551566,0,3,10,4,7,34,11,22,89,2,2,35,0.8,0.25,smart,131,1
901,25192.648137268694,21330.813048559303,7440,3.6574363954480004e-05,18794,5968,52951,0.8467119166023602,0.3698514526269983,0.9999528818894481,21222.761885962293,1.2121826201968138,0.2953242533083948,0.8467078543046694,12289,0.99948510658961,5.711575470763092e-05,0.9995551761059562,2247.580637972465,306,919,0,72,4.564147165174887,9.727262079532384,-1.0280055844795835,16.347420413666438,25192.64813719339,2,1,10,7,7,34,20,26,89,2,2,35,0.8,0.25,smart,132,1
911,31651.86190241423,28663.11313578887,6427,2.945762133471881e-05,22922,5997,68975,0.8873258918209458,0.3685186453678943,0.9999650532143697,28614.43501796219,1.1139263423472707,0.20305282576472328,0.9055743142112788,12289,0.9994482018589815,3.8928145094301134e-05,0.9994913820828503,1965.6123698527513,306,919,0,68,6.120763382610756,5.044262145592116,-0.8280537199782158,12.821132968159302,31651.861902292763,1,2,10,10,8,34,20,23,89,2,2,35,0.8,0.25,smart,133,1
909,20957.808874244198,18337.890693007976,5374,4.371511403132824e-05,15418,4480,44828,0.8611225066447061,0.36923458380903257,0.9999452767629121,18273.27276940827,1.1625289089579545,0.25641993551168896,0.8749908353035926,8193,0.9994641146266492,6.361734510635307e-05,0.9994759047973324,1907.5502397549587,306,919,0,68,3.850167041122785,5.774003220258618,-0.7610120291041148,11.146194319589632,20957.80887418126,0,1,10,3,6,34,15,21,89,1,2,35,0.8,0.25,smart,134,1
899,24022.71074400654,20336.065736475593,7372,3.67237443153559e-05,18005,5548,50478,0.8339192095657114,0.3711518969074627,0.999950425331573,20171.0922975271,1.221246858808836,0.30687627547774765,0.8465350123548928,12289,0.99961212230008,6.0542908093053265e-05,0.9996890082382474,3215.0192353116713,306,919,0,68,4.209048513081155,4.856834025588479,-1.1352697836817012,11.336422106033035,24022.710743949036,0,2,10,5,8,34,18,17,89,2,2,35,0.8,0.25,smart,135,1
910,22922.146700912057,20625.84816805398,4832,4.07542280836786e-05,16643,4458,49779,0.8847343003584659,0.3685642548139319,0.9999514303304807,20588.480936068074,1.1220987214894338,0.21080050062709607,0.8998218376829991,8193,0.9992483409956426,5.449996407102338e-05,0.9993066753778322,1441.8257561533628,306,919,0,68,4.400715238418996,4.644713960335477,-0.6371192013257219,10.319667601405916,22922.146700838464,2,1,10,5,7,34,20,21,89,2,2,35,0.8,0.25,smart,136,1
907,69099.49607945615,66168.79785371614,7447,1.3748248621310577e-05,48825,9929,155284,0.9338978043056179,0.3680055243942685,0.9999848821647066,66146.53630337835,1.0460047097743757,0.10777213181752934,0.9575872706456491,12289,0.9995544099069926,1.5813326918811137e-05,0.9997985615560201,4963.795676936201,306,919,0,74,13.6204560837607,4.654427608874629,-1.616478002057586,21.5078396967505,69099.49607918593,0,2,10,3,7,34,21,15,89,2,2,35,0.8,0.25,smart,137,1
884,25143.260746680906,22480.37298537974,5515,3.714515612278678e-05,18306,5011,54414,0.8812922722450763,0.36865149322678936,0.9999554273231043,22434.7690814114,1.1306721428181543,0.21934306992095368,0.8940913914018617,8193,0.999441769076675,5.039708409672221e-05,0.9994843926258277,1938.960193805929,306,919,0,68,4.942152679621962,4.313859857768805,-0.7463678512828503,10.748748239956468,25143.260746599273,3,0,10,7,6,34,17,22,89,2,1,35,0.8,0.25,smart,138,1
909,32567.77959007911,29626.964599162246,6400,2.8680188665306647e-05,23537,6059,71147,0.8902099972225125,0.36844993568952683,0.9999661959970043,29581.795328526852,1.1079339148287821,0.19651324347422156,0.9097017043245802,12289,0.9994729820072132,3.745260137615594e-05,0.9995148420027259,2060.6841626829687,306,919,0,68,6.340032027474058,3.8073779900930766,-0.8255960451222514,11.798602107811638,32567.779589950227,2,1,10,7,3,34,17,15,89,2,2,35,0.8,0.25,smart,139,1
900,26014.710071033,23509.364340608903,5403,3.5686304124269324e-05,18859,4965,56626,0.8843536099305648,0.36856720021255335,0.9999573865875524,23466.289970841073,1.1168132583754458,0.20769018702292444,0.9036950354786477,8193,0.999478794491865,4.7591224006236756e-05,0.9994790952905571,1919.2368717434308,306,919,0,68,5.061331322613007,3.429274370969766,-0.7197153598230247,9.930036413228823,26014.710070962145,2,0,10,6,3,34,26,15,89,2,2,35,0.8,0.25,smart,140,1
912,25818.11326185816,22162.866204922124,7176,3.4217787168695143e-05,19243,5706,54656,0.850091389967964,0.37102229649239543,0.9999545307623389,21992.391265966875,1.2003433811442832,0.2779444000116504,0.8584231535487127,12289,0.9996984762588049,5.457869847257279e-05,0.9997353533465639,3778.123236603049,306,919,0,68,4.571962048450404,4.567622223265704,-1.0899048949196812,11.31939406155547,25818.113261767587,0,0,10,8,4,34,20,20,89,2,2,35,0.8,0.25,smart,141,1
914,25076.387619401892,21775.023351232987,6657,3.678491120158223e-05,18502,5514,53420,0.8582437324009,0.36928355197902146,0.9999539095714878,21695.978685541915,1.173041519110028,0.2654688586345428,0.8683476935244612,12289,0.9995011090780284,5.406598627870149e-05,0.999541047195654,2178.3732370155412,306,919,0,68,4.547059719575983,7.395609281993876,-0.9401148141926189,13.822898629955095,25076.387619322508,0,4,10,8,6,34,18,23,89,2,2,35,0.8,0.25,smart,142,2
915,25536.094779000505,23046.00554519909,5349,3.646531796299564e-05,18520,4906,55544,0.883857109291432,0.36856491188547563,0.999956530544474,23004.158966658953,1.118425298642159,0.2094682075036284,0.9024874689982303,8193,0.9993354758895573,4.86173387787364e-05,0.9993487514436334,1535.011986735077,306,919,0,68,4.9089935936688,3.8571319621149396,-0.6726664672975194,10.111458490378778,25536.09477892091,2,0,10,10,6,34,21,20,89,2,2,35,0.8,0.25,smart,143,1
909,26715.373261969762,24146.050944169823,5512,3.4874365668474984e-05,19363,5101,58156,0.8856618911469172,0.36854422300955847,0.999958513691578,24103.83798262916,1.1164289522737028,0.20632315131626922,0.9038260745000536,8193,0.9993754448742564,4.6316515845372706e-05,0.9993911177122825,1641.8535209809922,306,919,0,68,5.156946562100013,5.250099422215222,-0.7210233525017621,11.84909268931876,26715.37326186507,1,1,10,6,9,34,23,21,89,2,2,35,0.8,0.25,smart,144,1
903,34029.14068896198,31180.648335464823,6332,2.7447136833065986e-05,24517,6136,74633,0.894609249609111,0.3683807721728279,0.9999678865478353,31139.09828378237,1.098744365707957,0.1860758124301948,0.916292557031241,12289,0.9994348511731123,3.5284474629581666e-05,0.9994443089110567,1799.0609326069791,306,919,0,68,6.754020652390406,3.9542949132856218,-0.7828875843361238,12.274090734348276,34029.140688820284,2,0,10,10,4,34,23,13,89,2,2,35,0.8,0.25,smart,145,1
914,20424.035931568633,17220.921611362428,6245,4.435006261713894e-05,15289,4850,42830,0.8389066920008451,0.37041360885657293,0.9999415589839155,17110.76990449216,1.2220265453847048,0.30576718631538186,0.8431693749982453,12289,0.9994990927509961,7.141647299449236e-05,0.9995741747951458,2347.881386274447,306,919,0,68,3.5608623199181437,7.521832803927674,-0.9082921508738766,12.89927942559357,20424.03593151953,1,3,10,5,7,34,13,21,89,2,2,35,0.8,0.25,smart,146,1
862,22563.86567895128,20174.490092731936,5041,4.101262970595068e-05,16435,4484,48831,0.8771992877278902,0.3687443660974873,0.9999503203121146,20128.45093265104,1.1312788091014236,0.22341029997809733,0.8941061066301119,8193,0.9992108692811071,5.620157814789093e-05,0.9993700376146512,1586.8963115508377,306,919,0,68,4.529275340040421,4.542389554672385,-0.7059603163175582,10.483585527347923,22563.86567890289,0,3,10,7,7,34,21,20,89,2,2,35,0.8,0.25,smart,147,1
914,26315.219310997283,23318.65033458508,6294,3.4923440067264636e-05,19251,5393,56672,0.8686624717710637,0.3689874938696273,0.9999569928941097,23251.47148573006,1.1442665409941946,0.23917718205638136,0.8861279117229351,12289,0.9994858977408578,4.921159229541888e-05,0.9994946872269358,1978.4722960142713,306,919,0,68,4.93405781860152,3.921434590205244,-0.824195859939197,10.503884128685158,26315.219310931076,2,1,10,8,6,34,18,14,89,2,2,35,0.8,0.25,smart,148,1
916,31205.71727511231,28400.06427641793,6106,2.9802801102263265e-05,22553,5784,68187,0.8903786279872179,0.3684885239547243,0.9999647322929048,28354.05101172205,1.1076468093023082,0.19566927259415234,0.9100916997369584,8193,0.9994810471224622,3.906416323541464e-05,0.999553377304909,2238.5263512468837,306,919,0,68,6.050112064052111,5.247338609573507,-0.7633633234971537,12.824177320619926,31205.71727497563,3,2,10,10,6,34,26,19,89,1,2,35,0.8,0.25,smart,149,1
912,20955.330732339706,18678.277819173712,4825,4.404199839602927e-05,15287,4211,45273,0.8730430492106287,0.36884225972376466,0.9999463284882718,18631.35827193047,1.1357924303401834,0.23025167493795404,0.8913377726054265,8193,0.9993627142993223,6.09596967462113e-05,0.9993857456292803,1627.4899927716979,306,919,0,68,3.9658313990658876,3.9341217994576114,-0.6296358667859796,9.159224932095459,20955.330732284514,1,1,10,8,5,34,19,17,89,2,2,35,0.8,0.25,smart,150,1
904,24564.301296210273,21763.461859609488,5950,3.753932485061274e-05,17965,5054,52897,0.8664996354406318,0.3689000380135785,0.9999539288483155,21705.056802019342,1.1439501087646984,0.24222142239062802,0.88597927525694,8193,0.9995483457385848,5.270309898088646e-05,0.9995697251893747,2323.596042516164,306,919,0,68,4.597792345488803,6.157416334750028,-0.8367875872861474,12.428783854811126,24564.301296142774,1,1,10,6,7,34,15,32,89,1,2,35,0.8,0.25,smart,151,1
909,30633.350020624253,27110.958325828342,7228,3.0330492761338707e-05,22407,6331,65930,0.8728608891734734,0.36885831352913534,0.9999630208321516,27041.752653867177,1.1450647010895132,0.23595199333842581,0.8850144795647743,12289,0.9994990849270656,4.234353977867434e-05,0.9995138028920988,2056.278956610805,306,919,0,68,5.824442506178843,9.936276348095198,-0.9155684994324788,17.591855853139,30633.350020503458,1,3,10,11,11,34,25,23,89,2,2,35,0.8,0.25,smart,152,1
910,24455.238401145165,21539.291904873855,5925,3.798784560832871e-05,17925,5140,52497,0.8702694425056408,0.3689258921012919,0.9999534471930491,21480.48182081063,1.1517884853130944,0.24227938009888916,0.8807639308830142,8193,0.9993486061304667,5.361898700528674e-05,0.9994525882843227,1826.2785405072423,306,919,0,70,4.567041324624736,4.408154562713876,-0.8077363459421629,10.590668579222937,24455.23840107939,1,0,10,5,4,34,17,20,89,2,2,35,0.8,0.25,smart,153,1
880,25454.582580595474,22679.37352104096,5784,3.635813500316896e-05,18570,5123,54982,0.8760136150883616,0.36880722071094135,0.9999557999842894,22623.926343756157,1.136161135820634,0.2272282400108677,0.8909740888200576,8193,0.9994355066743447,5.0218340052935286e-05,0.9994964681948452,1985.471826662458,306,919,0,68,4.939819315929453,5.152830761738767,-0.8453130887340033,11.783276255136228,25454.582580519207,1,1,10,7,9,34,20,21,89,2,2,35,0.8,0.25,smart,154,1
906,35870.80861310961,32901.75642230639,6541,2.6079727874370682e-05,25832,6436,78717,0.8972611617865958,0.36836363462997784,0.9999695675633261,32859.17570190789,1.0974330446859566,0.1823488305086459,0.9172292929655862,12289,0.9994925699783064,3.339756163623006e-05,0.9995828135378815,2396.5096738401803,306,919,0,68,7.012867560497619,3.608914142358462,-0.9056332370685531,12.433048176993188,35870.80861297476,4,0,10,11,3,34,23,18,89,2,2,35,0.8,0.25,smart,155,1
912,21019.878877088267,18459.042597112606,5206,4.395672251630401e-05,15432,4453,45050,0.8670095198692535,0.3690475347935592,0.9999456617110284,18402.729447956648,1.1564931883515903,0.24767031391767705,0.878170740423867,8193,0.9994542687942302,6.284186106266383e-05,0.999463204914949,1862.4082192250883,306,919,0,68,3.871599386922899,4.1026307250648095,-0.7380231738350866,9.450276459657882,21019.878877056413,1,0,10,8,7,34,20,19,89,2,2,35,0.8,0.25,smart,156,1
915,33450.09808454809,30736.185068570492,5952,2.8176697664244534e-05,24063,5966,73477,0.9003934553785337,0.368285276733854,0.9999674301496235,30702.742058303436,1.094811064613868,0.17793669797188016,0.9188668144076009,8193,0.9993748018952191,3.5657832565151465e-05,0.9994487593087098,1813.5895446783657,306,919,0,70,6.525587598954329,4.648391406998668,-0.785909250096614,12.745797506146225,33450.09808440806,0,1,10,8,7,34,29,20,89,2,2,35,0.8,0.25,smart,157,1
906,22417.717003904523,19878.017802685106,5286,4.12197953601014e-05,16389,4593,48297,0.8714986320599791,0.36888154554344665,0.9999495612592305,19825.530240487984,1.14280360282741,0.23579564319949844,0.8867101765636048,8193,0.9993940456151833,5.764157467365234e-05,0.9994346931925469,1768.4508779608452,306,919,0,68,4.213944112293682,3.844037801675292,-0.734779288114655,9.527540490198284,22417.717003849768,2,0,10,9,5,34,21,14,89,2,2,35,0.8,0.25,smart,158,1
908,30784.636269918024,28022.731848975396,5978,3.0443560580540686e-05,22239,5716,67276,0.8920180430922432,0.368409023232694,0.9999642643563791,27982.765405867594,1.1069184290978888,0.19418777430355907,0.9102830257039128,8193,0.99940088671632,3.955644249987513e-05,0.9994498491060628,1817.183086206329,306,919,0,68,5.9532253328774996,4.675206331715197,-0.827531554737424,12.283494774067545,30784.636269771756,2,0,10,6,6,34,25,24,89,2,2,35,0.8,0.25,smart,159,1
892,34458.62523216891,31817.973308231914,5964,2.7210623534884026e-05,24741,6004,75895,0.90108611472301,0.3682736151471447,0.9999685380708537,31783.946378618093,1.0889724811712553,0.17307713119188217,0.9233674615239202,8193,0.9993362414619826,3.42611750450707e-05,0.9994127670498317,1702.4016695472096,306,919,0,68,6.93310963139096,3.9611191504944894,-0.7930395237692945,12.480307829424039,34458.62523201474,0,1,10,9,10,34,23,17,89,2,2,35,0.8,0.25,smart,160,1
901,23300.79226687751,20567.09992831828,5700,3.941190045870955e-05,17077,4839,50075,0.8662214354087627,0.36908090715587416,0.9999512271135369,20502.694957680702,1.1499818165070423,0.24462687511714576,0.8826781378397497,8193,0.999504718949405,5.608793257108257e-05,0.9995304237482814,2129.079547433664,306,919,0,68,4.363470922375406,4.7146260076866,-0.8087360180952012,10.69556896625241,23300.792266820084,2,1,10,7,7,34,19,22,89,2,2,35,0.8,0.25,smart,161,1
916,26086.015524120576,23084.612159848744,6134,3.546153152865321e-05,19088,5377,56140,0.8732254700705393,0.3689364255506274,0.9999565627153011,23021.19683888742,1.145680760082017,0.23514514872262357,0.8849420540482096,12289,0.9994916825143119,4.9765261349699256e-05,0.9995197737129113,2081.8516072802117,306,919,0,68,4.834408353078182,4.789842357677908,-0.8612282242221727,11.346707159200436,26086.015524035625,0,1,10,6,8,34,22,16,89,2,2,35,0.8,0.25,smart,162,1
910,21175.52927646919,18546.332089438354,5338,4.357532881694293e-05,15566,4524,45318,0.8647070656755219,0.369113951041583,0.9999459073809431,18486.310533334894,1.1604950178392714,0.25208342754066254,0.8758379470612585,8193,0.9993564862440517,6.277421491756623e-05,0.9994119758588436,1700.110402169042,306,919,0,68,3.9289233955463065,4.480680349858287,-0.7250390827865215,9.859681910977637,21175.52927641437,1,1,10,5,5,34,18,19,89,2,2,35,0.8,0.25,smart,163,1
917,26475.03690377406,23807.426636604647,5576,3.530211122765145e-05,19229,5160,57475,0.8852959766063196,0.3685818042409959,0.9999579191550372,23763.281376916846,1.123019740920936,0.21061349301481547,0.8992405458445597,8193,0.999460269787371,4.7257619608018354e-05,0.9994820140743931,1930.0543417292488,306,919,0,68,4.984285163738256,4.4873722027823355,-0.7899867890854215,11.051630944691436,26475.03690369656,1,0,10,8,5,34,22,17,89,2,2,35,0.8,0.25,smart,164,1
904,33791.73471761617,31139.124102219623,5905,2.7745065059477224e-05,24283,5941,74344,0.9009754244571574,0.3682890024072126,0.9999678510429547,31104.708125577432,1.0914506723018722,0.17474687373541758,0.9215012002916293,8193,0.9993524584316105,3.508900078090394e-05,0.9994364033962583,1773.8186649519093,306,919,0,68,6.624185272770551,4.967631008534917,-0.8518622311009687,13.295540743507406,33791.73471749927,0,1,10,5,8,34,23,19,89,1,2,35,0.8,0.25,smart,165,1
903,28570.50123883693,25159.71734461376,7124,3.192684459263076e-05,20968,5964,61321,0.8631441822271625,0.369208474266388,0.9999601170383209,25072.863606070096,1.1538743657933792,0.24934809300146565,0.8806186889858704,12289,0.9994983139620687,4.601992711371836e-05,0.9995438909257334,2191.95798665075,306,919,0,68,5.40706647059493,5.455877350265068,-0.9208407805104851,12.704625381880966,28570.501238740944,2,0,10,11,3,34,27,16,89,2,2,35,0.8,0.25,smart,166,2
913,43841.144040079045,41302.405498524524,6013,2.1624037040632245e-05,31198,6916,97634,0.9194754828894639,0.3680856121831383,0.9999757751029015,41279.34510662944,1.0646188542642006,0.1371542675643452,0.9420923290862657,8193,0.9993755199628738,2.5790282194122215e-05,0.9993832461570709,1620.8923589712215,306,919,0,68,8.812223353963988,5.513117451125271,-0.7915321859764569,15.908405177042171,43841.144039828134,1,3,10,8,12,34,31,24,89,1,2,35,0.8,0.25,smart,167,1
915,21830.18317136815,19181.428061851788,5409,4.213469085663644e-05,16028,4606,46800,0.86627985225189,0.3691214121595073,0.999947699568214,19119.80103049315,1.1561772091589815,0.24777620771841674,0.8786654656663443,8193,0.9994583313638489,6.046856726033445e-05,0.9994941305351742,1976.294505700543,306,919,0,68,4.018672586356318,5.840041707560253,-0.7529521505412727,11.364618594999115,21830.183171306475,2,2,10,7,7,34,22,20,89,2,2,35,0.8,0.25,smart,168,2
913,25314.563913819755,22382.88945148755,6007,3.6606957684435946e-05,18527,5242,54455,0.8720691914493606,0.3689001477969924,0.9999552036621792,22322.75338361796,1.1466165974395914,0.23729423190737456,0.8841902048041309,8193,0.9994313306445298,5.1364224450033536e-05,0.9994930560225435,1972.104514597037,306,919,0,68,4.735123346764317,7.859003115751069,-0.81023567048356,14.214597803482505,25314.563913736554,0,0,10,8,7,34,21,16,89,2,2,35,0.8,0.25,smart,169,1
909,32181.29445070818,29613.857122377176,5592,2.9353726339011294e-05,23134,5701,70747,0.9031970610530515,0.36826060432905827,0.9999661982333297,29583.75249359243,1.0928933306936008,0.1737655397474834,0.9202195756213745,8193,0.9995284803477942,3.694172535961046e-05,0.9995389761302103,2168.585047028171,306,919,0,68,6.2622803741661555,4.045329245624173,-0.8183124642486483,11.944234548287625,32181.294450595284,1,0,10,6,7,34,24,19,89,2,2,35,0.8,0.25,smart,170,1
911,23030.559456052557,19748.107609805425,6508,3.986537506442376e-05,17092,5253,48732,0.8504378316902707,0.36962459258045777,0.9999491338735995,19658.948645864784,1.1927493715807609,0.28258106419076423,0.8574740725464884,12289,0.9994399357012066,6.067054029875302e-05,0.999526041220662,2109.3880849355883,306,919,0,68,4.119029022732403,5.991718780367281,-0.9370762365439762,11.984900276187638,23030.559456003906,1,0,10,3,3,34,15,23,89,2,2,35,0.8,0.25,smart,171,1
914,27636.618240421347,24894.597232446584,5773,3.391893059764027e-05,20055,5359,60052,0.8859559660936027,0.3685161600859613,0.9999597626543711,24852.03398891943,1.1205181139381861,0.20888952294302074,0.9007830486305926,8193,0.9993968873416984,4.508667463408031e-05,0.9994397107895809,1784.2924879445661,306,919,0,68,5.292190071177652,5.747509803996121,-0.7552099814119565,12.550119837997688,27636.618240334512,3,1,10,6,10,34,15,24,89,1,1,35,0.8,0.25,smart,172,1
906,24139.207079623287,21708.88312000361,5218,3.827599443079259e-05,17541,4689,52405,0.8797780855710096,0.3686993316958557,0.9999538377566719,21662.225373092457,1.123627551103135,0.21616285832373874,0.8993204726400813,8193,0.9994497809233915,5.186916842451044e-05,0.9994498045701575,1817.0359527306914,306,919,0,68,4.642624697444504,4.948202848439378,-0.6861185872235571,10.963064720330996,24139.207079546315,1,1,10,9,7,34,23,25,89,2,2,35,0.8,0.25,smart,173,1
919,21659.115074274458,18486.70959838916,6301,4.189451828945058e-05,16124,4975,45716,0.8450420823244839,0.37003257763806674,0.9999456112752053,18385.663741261385,1.201869955705668,0.2909167793048014,0.85353023588423,12289,0.9994744839953158,6.536817425980075e-05,0.9995013846102128,2005.0537790428607,306,919,1,68,3.8598735939883895,7.929864285990079,-0.8537531903958215,13.49724426077011,21659.11507424545,0,0,10,3,8,34,20,24,89,2,2,35,0.8,0.25,smart,174,1
909,28437.023145376443,25605.501118635664,6006,3.2771238135143706e-05,20644,5512,61778,0.8838308264296709,0.3685863418047861,0.9999608734941927,25557.621770388785,1.1214045108607626,0.21120354156959328,0.9004283249950108,8193,0.9993956303166737,4.387664010706791e-05,0.999439524074862,1783.6979092477914,306,919,0,68,5.452438890307806,6.834284637944884,-0.8043318787263923,13.895387285705475,28437.02314526043,2,2,10,8,9,34,19,18,89,2,2,35,0.8,0.25,smart,175,1
910,21910.620146701185,19256.281105773305,5411,4.1582490122556556e-05,16100,4590,46977,0.8660128988816471,0.3693513733149019,0.9999478736903424,19183.670265321558,1.1573917492213197,0.2469578662662667,0.8788560513962672,8193,0.9995471929043209,6.0330560715048706e-05,0.9995617979248735,2281.5521415973476,306,919,0,68,4.077179825012231,7.51491751412349,-0.738341086340433,13.068779511816587,21910.62014665462,1,3,10,8,8,34,15,20,89,1,2,35,0.8,0.25,smart,176,1
913,23253.573729563388,20755.086891236817,5280,3.973621486207169e-05,16953,4650,50276,0.8750174742357091,0.36879723462927894,0.9999517029353272,20704.69205629576,1.1338501250322666,0.22706187278591428,0.8925547157876157,8193,0.999520636956378,5.476163281785985e-05,0.9995571210333355,2257.453208260533,306,919,0,68,4.335689712572843,5.2206703554276235,-0.7581928130580743,11.072745694116614,23253.573729505137,1,2,10,9,8,34,22,19,89,2,2,35,0.8,0.25,smart,177,1
909,30183.69709538739,26627.648281957012,7387,3.067745718964584e-05,22114,6309,64849,0.8670777283704776,0.3689496128610996,0.9999623396036509,26552.59281962196,1.149891540827724,0.24473476448744466,0.8821864398455745,12289,0.9994231499981637,4.3305371185901216e-05,0.9994616180629886,1856.9173966348128,306,919,0,68,5.735635253912322,12.377800562161347,-0.9054422147985766,19.92432024567082,30183.697095291034,3,0,10,5,10,34,22,25,89,2,1,35,0.8,0.25,smart,178,1
913,23353.01027610612,20549.828227609873,5787,3.933667918016516e-05,17135,4902,50104,0.8653483972224244,0.36909518006847497,0.9999511846908644,20484.876770305604,1.154088792233474,0.24780531210235582,0.8799648518390645,8193,0.9994914585958559,5.633720116306882e-05,0.9994976944803429,1990.3202076923315,306,919,0,68,4.297697271327197,6.8333944262213455,-0.8179676303243668,12.767026958197274,23353.010276039386,1,2,10,6,8,34,18,16,89,2,2,35,0.8,0.25,smart,179,1
911,23792.865487540763,20762.455223801622,6015,3.886974816823253e-05,17519,5142,50820,0.8662147960643721,0.36922046121845087,0.9999516702230471,20690.677631128092,1.1660025954861468,0.2528068762104245,0.8726336571218785,8193,0.9995801223455675,5.635264536642046e-05,0.9996036650106027,2522.6181037738024,306,919,0,68,4.35265107492936,9.083231287602691,-0.8708100639239136,15.17750249037988,23792.865487476665,0,2,10,6,11,34,19,20,89,2,2,35,0.8,0.25,smart,180,1
907,23257.921152593266,20392.811798749713,5779,4.0078840938179584e-05,17077,4974,49806,0.8678523559666921,0.36893541370068167,0.9999508275875064,20336.10642395857,1.157828511929084,0.24847448583579188,0.8768114598443338,8193,0.999521836724945,5.6933221185379296e-05,0.9995228681482721,2095.356684903231,306,919,0,68,4.302195067381524,5.639442831730031,-0.82634322424695,11.594324347605454,23257.921152535127,2,2,10,7,8,34,20,17,89,1,2,35,0.8,0.25,smart,181,1
898,31751.882657823586,28919.54870767512,6485,2.866185471245648e-05,22962,5827,69406,0.8811552756698674,0.3687035323662013,0.9999653472763668,28857.26051787475,1.107992680198191,0.2042398578341342,0.910797920845472,12289,0.9995003952706217,3.839496413517156e-05,0.9995378347320375,2163.2281109520713,306,919,0,68,6.318564476883141,5.9239215765449575,-0.7531243110231579,13.748734675474415,31751.882657699283,4,3,10,8,9,34,21,23,89,1,2,35,0.8,0.25,smart,182,1
908,25304.13201457706,23069.474913047226,4813,3.713670340652271e-05,18266,4669,55346,0.8946421246663663,0.3683741456101047,0.9999565962696326,23038.994333295082,1.1047904419058163,0.19020608955198917,0.9116880555222165,8193,0.9992893077779945,4.79520264530295e-05,0.9994205749926212,1725.3488316509424,306,919,0,68,4.845180463639402,3.6784415916062776,-0.7284168963810667,9.980455848007812,25304.132014492923,0,1,10,3,8,34,17,19,89,2,2,35,0.8,0.25,smart,183,1
910,38562.05895254934,35346.235040851476,7019,2.4344253207706426e-05,27774,6946,84592,0.8982155778746879,0.3683390760921749,0.9999716741612763,35302.95596074227,1.0980820871678352,0.1820182892370163,0.9166065298625538,12289,0.9994829284847657,3.110409610662021e-05,0.9995955127630717,2471.7658592570015,306,919,0,72,7.4686445675057325,4.098874304681585,-1.0065332242279423,13.580585320643202,38562.05895238822,1,0,10,7,6,34,22,18,89,2,2,35,0.8,0.25,smart,184,1
905,24937.621185006254,22335.543375485424,5426,3.747616918815564e-05,18142,4940,54020,0.8818046866394681,0.36860529160691136,0.9999551422036019,22292.16883638947,1.128241163232359,0.21758290254494614,0.8956565347505828,8193,0.99943317280202,5.061041238844926e-05,0.9995225992159005,2094.1760338675276,306,919,0,68,4.702970020054176,3.942759512282278,-0.808106484911418,10.26194250215929,24937.621184969314,0,1,10,5,4,34,20,18,89,2,2,35,0.8,0.25,smart,185,1
906,38410.450790040966,36000.710228854405,5847,2.4406430750289702e-05,27401,6224,85296,0.9091800913584442,0.36817642069049145,0.9999722011878914,35972.26013198064,1.0709800489361956,0.15222419627306238,0.9372634136902305,8193,0.9994154189696096,2.9771973152283688e-05,0.9994156220968101,1710.721396419956,306,919,0,68,7.803966640513609,4.452899193805027,-0.6751615691621485,13.607188972642932,38410.45078983118,4,1,10,11,7,34,26,18,89,2,1,35,0.8,0.25,smart,186,1
911,25960.0579686814,23186.521522150666,5789,3.4645418244704737e-05,18969,5083,56143,0.8755911644529141,0.3694526127190255,0.9999567024359699,23095.487551369584,1.1369115694760006,0.22299642038488263,0.8931613924022523,12289,0.9996468297451394,4.9225501475991284e-05,0.999657258296863,2917.149008149325,306,919,0,68,4.95104973446982,6.784456343158461,-0.7481946055092773,13.231895288646836,25960.05796860479,1,3,10,8,11,34,19,21,89,1,1,35,0.8,0.25,smart,187,1
887,29986.83298188405,27112.116258500268,6314,3.07239317504572e-05,21742,5699,65288,0.8811219818416017,0.36865309913917366,0.9999630413661112,27056.777141148512,1.1167245048272811,0.21055908117454344,0.9041340335899931,12289,0.999383014970831,4.127261212869964e-05,0.9994511761231912,1821.5781149448994,306,919,0,68,5.957228360492495,4.198293888876743,-0.8041770468985524,11.763876343166343,29986.8329817793,2,0,10,7,6,34,26,19,89,2,2,35,0.8,0.25,smart,188,1
905,26620.75124053376,23980.95627135506,5839,3.44347276970922e-05,19336,5128,57843,0.8755723950294121,0.3687484800734709,0.9999582051965389,23925.91948381961,1.1218757341057974,0.21934016614487267,0.9008369468867863,8193,0.9995835466295659,4.688857581491765e-05,0.9995839995012376,2403.3432370886894,306,919,0,68,5.129650944088609,3.9879932838293355,-0.7533880040767593,10.624420236071463,26620.75124044829,1,0,10,10,6,34,23,18,89,2,2,35,0.8,0.25,smart,189,1
899,36750.67736806042,33265.75419200551,7671,2.4935840044724385e-05,26641,6932,80064,0.8815948569181274,0.36871409017847395,0.999969873668554,33193.053676411895,1.1156707212084178,0.20873084659568142,0.9051739062887691,12289,0.9995766536795374,3.361106593191077e-05,0.9996757859407522,3083.8819467891176,306,919,0,70,7.085107139358413,5.095329032891677,-1.0907943885456333,14.362024949341357,36750.677367928685,0,2,10,9,8,34,28,20,89,1,2,35,0.8,0.25,smart,190,1
909,51506.96256956495,48528.626615307076,7112,1.835388026828187e-05,36654,8120,114712,0.9184581545904876,0.3680966592062895,0.9999793816634418,48500.01783478944,1.0645901560095297,0.13807841979411195,0.9421760514370197,12289,0.9995279241133077,2.1950078133214577e-05,0.999551821855366,2230.755573772216,306,919,0,70,10.481581383655536,4.711875662219933,-0.8510836480826048,16.89562434204068,51506.96256924985,2,1,10,10,6,34,22,24,89,2,2,35,0.8,0.25,smart,191,1
911,23500.988570045258,20522.23063857165,6015,3.929237119141443e-05,17296,5073,50216,0.8631727394067178,0.36916359773769664,0.9999511103564347,20453.729707463008,1.1647057496351616,0.25594667994804343,0.8732496753234296,8193,0.9994224429634488,5.69420489583871e-05,0.9994828243648842,1933.0790586522044,306,919,0,68,4.3351265080125225,5.895881562403806,-0.8242562735405876,11.879520617497505,23500.988569974415,0,1,10,6,7,34,20,24,89,2,2,35,0.8,0.25,smart,192,1
911,27520.36364092431,24874.032858421422,5726,3.3820895509337804e-05,19948,5256,59909,0.8841036431637889,0.3685614353627851,0.9999597259187273,24829.36497179885,1.116520522399298,0.2080641111691242,0.9038409950889004,8193,0.99931338721859,4.49668382622892e-05,0.9994614903263147,1856.476809690212,306,919,0,68,5.247916765243265,6.627048538977799,-0.7938754720491996,13.462716248319463,27520.363640867177,1,2,10,7,6,34,23,23,89,1,2,35,0.8,0.25,smart,193,1
912,24726.29264237668,21708.609451544035,6206,3.699382969044367e-05,18168,5218,52985,0.863622636070677,0.3692451377599882,0.9999537741930674,21632.437663592656,1.1580203575720514,0.25098788927879817,0.8779565042573003,12289,0.9994819210858978,5.3530425473376126e-05,0.9995281694105778,2118.904726743387,306,919,0,68,4.608221535788947,4.449003433628481,-0.8142110612091598,10.685647091835747,24726.292642311368,1,0,10,4,6,34,16,18,89,2,1,35,0.8,0.25,smart,194,1
909,23316.573716983552,20795.20000692424,5228,3.980561879132097e-05,17001,4679,50391,0.8781734272631914,0.36876628190784094,0.999951800181777,20746.46620596141,1.1346341999974532,0.2242181918946341,0.891863455554674,8193,0.999473562229737,5.4689162189747355e-05,0.9994853771793817,1942.6706831871657,306,919,0,68,4.380685378524873,5.049639895373007,-0.7494738551216192,10.929272984141118,23316.573716923307,0,0,10,6,9,34,18,22,89,2,2,35,0.8,0.25,smart,195,1
904,38695.45042344119,33936.03898097231,9630,2.4019988486102116e-05,28415,8259,82874,0.8672199310547513,0.3689968816923776,0.9999704473060597,33837.362698610734,1.1578806702152518,0.24886646607339333,0.877003332681568,16385,0.9995477003561067,3.421849306633657e-05,0.9996609559292234,2948.9690413806397,306,919,0,72,7.243921148798269,10.36959492484737,-1.3170192103396878,20.247554494325012,38695.45042330357,3,0,10,8,5,34,21,21,89,2,1,35,0.8,0.25,smart,196,1
899,32401.871217682223,28998.543864023206,7368,2.8233234944153832e-05,23610,6391,70155,0.8724872556761817,0.3689167919827299,0.9999654226232041,28920.143859215827,1.1311236097923634,0.2273942745621174,0.8949650984415441,12289,0.9995428154102209,3.911128725882083e-05,0.9996719082351273,3047.427738802565,306,919,0,68,6.029658281321402,5.761280627064429,-1.1787669061176045,14.14847272062104,32401.871217538333,1,1,10,5,3,34,19,15,89,1,2,35,0.8,0.25,smart,197,1
906,30274.72606837756,27303.281557365346,6411,3.062367520289403e-05,21968,5824,65825,0.8820465503386037,0.36861563218185667,0.9999633033798346,27249.9659933659,1.1196428364162898,0.21176079299678266,0.9018506557482634,12289,0.9993996851725195,4.108710788888169e-05,0.9994828476215276,1933.166012831492,306,919,0,70,5.831347340907868,4.700645776924142,-0.8518151465730617,12.235623410978132,30274.72606828861,0,2,10,8,9,34,21,24,89,2,2,35,0.8,0.25,smart,198,1
890,27019.98972341187,23930.332050461002,6473,3.374624278655156e-05,19785,5521,58172,0.8679966940691844,0.3691736369144113,0.9999580734259642,23850.721399580696,1.1461328159418869,0.23956337756825177,0.8856528923742044,12289,0.9995833045466499,4.805342236280497e-05,0.9995911863764836,2445.6024010605724,306,919,0,68,5.115513076268473,5.231238418440325,-0.9563947267224786,12.259540948153756,27019.989723309733,0,1,10,4,3,34,20,16,89,2,2,35,0.8,0.25,smart,199,1
896,22262.80005548838,19977.025000104328,4847,4.134810257684211e-05,16198,4349,48272,0.87941526250079,0.36881047117133775,0.9999498218684865,19928.50033594222,1.1271276013317675,0.21771744739741683,0.8973276025618104,8193,0.9995037712752832,5.6557157012275686e-05,0.999519079262746,2078.8446887556765,306,919,0,68,4.261046504819541,4.649310340842659,-0.7083285075594179,10.327013860781037,22262.800055457737,1,2,10,6,9,34,22,20,89,2,2,35,0.8,0.25,smart,200,1
915,28396.592239885642,25406.763337532484,6294,3.192589596648373e-05,20713,5559,61472,0.876569227965993,0.3691580945300052,0.9999605125697887,25324.01452319361,1.1329463764696022,0.22164631399536366,0.894711700717607,12289,0.9996362194425448,4.473714097404645e-05,0.9996428982479681,2799.8222714015164,306,919,0,68,5.375936797614119,5.057941952257073,-0.8309686099895194,12.09581596985023,28396.59223978665,3,0,10,7,6,34,20,18,89,2,2,35,0.8,0.25,smart,201,1
884,31389.513047819415,29197.0630848434,5040,3.082193392327897e-05,22435,5344,69418,0.909354970079014,0.367908024727615,0.9999657447621922,29192.11590050267,1.0782806418196877,0.16056317892928007,0.9301534254565851,8193,0.9995919975931745,3.6936759809087514e-05,0.9995986467990727,2491.070976046166,306,919,0,68,6.438160623198296,4.693007719534661,-0.6635391613493977,12.458246665431753,31389.51304770081,3,1,10,12,5,34,26,19,89,2,2,35,0.8,0.25,smart,202,1
907,28651.62457232393,25815.416786924823,6144,3.233371149406988e-05,20800,5534,62264,0.8802992136726869,0.36863980369417026,0.9999611856734352,25763.18285571621,1.1209700393805593,0.21443810226156615,0.9010105769660703,8193,0.999490346772908,4.350969717813073e-05,0.9994904569247548,1962.0425738090767,306,919,0,68,5.492465081472073,4.0135185300542835,-0.8254234680750931,11.156830547676543,28651.624572196397,1,0,10,7,6,34,22,19,89,2,2,35,0.8,0.25,smart,203,1
905,28981.447758619815,26313.39965497022,5551,3.278530214050633e-05,20949,5455,63248,0.8968201688515552,0.3683291289728515,0.9999619517949261,26281.94874986062,1.109509072780848,0.1915363251081545,0.9079394471293778,8193,0.9993250357430359,4.2214828732889035e-05,0.9993964993723153,1656.499054791821,306,919,0,68,5.6048228837472145,9.146236793032154,-0.79991695238495,16.35089358154927,28981.447758498045,0,3,10,7,12,34,20,24,89,2,2,35,0.8,0.25,smart,204,1
913,29524.578556409135,26322.13920320471,7108,2.9748839185898465e-05,21619,5771,63784,0.860413274363007,0.36978182504651985,0.9999618275951486,26196.43476929265,1.141371045614789,0.24074856772026676,0.8915331053045888,12289,0.9996522654269381,4.356887763905451e-05,0.9996894247373757,3219.33142994299,306,919,0,68,5.575274311092752,4.244707847464225,-0.8923223058484101,11.604626770253796,29524.578556336404,1,2,10,9,7,34,22,15,89,2,2,35,0.8,0.25,smart,205,1
913,30700.519122246813,27678.48534778177,6308,3.056282843182893e-05,22268,5929,66742,0.888423259070198,0.36849065939350956,0.9999638121683319,27633.09819569298,1.1192768522637215,0.20546883832426707,0.9015640822739327,12289,0.9994699896682887,4.050420231987865e-05,0.9994868270104061,1948.1605848843642,306,919,0,68,5.8050568998688235,6.363950100817229,-0.920138964781759,14.00928493024957,30700.51912212991,2,1,10,5,8,34,18,22,89,1,2,35,0.8,0.25,smart,206,1
906,21508.921459143803,19017.07820140959,5161,4.287785436167066e-05,15747,4448,46266,0.8695132896716631,0.3689685237295691,0.9999472669014744,18962.921982168,1.1470831254052043,0.23994694526191468,0.8841483864048009,8193,0.9993512044656108,6.048924746921724e-05,0.9993992013502202,1663.9510940188634,306,919,0,68,4.0495188035588665,5.384938691356511,-0.6985874787997985,10.831632452514976,21508.921459084755,0,2,10,8,7,34,20,20,89,1,2,35,0.8,0.25,smart,207,1
880,32502.67544244821,28661.25560058805,8118,2.7865973145878078e-05,23853,6730,69810,0.8615290236917782,0.3693222797124429,0.9999649801681434,28554.74846585145,1.1527893965445233,0.24976405448143396,0.8818121957787113,12289,0.999587330597781,4.0370490833266014e-05,0.9996259841459788,2673.18342167612,306,919,0,68,6.269811995471855,6.462292589837075,-1.1171596959670052,14.96642397724294,32502.675442330983,2,2,10,6,9,34,21,24,89,2,1,35,0.8,0.25,smart,208,1
894,27397.540451154673,24455.390720088057,6148,3.402573407318093e-05,19964,5496,59239,0.8778597849068562,0.3686869382875788,0.9999590218523047,24402.750417640083,1.1330746834820626,0.22439970518378746,0.8926126330094489,8193,0.9993244087366692,4.6431301729809076e-05,0.999395988566212,1655.0977480707334,306,919,0,68,5.323006106840057,7.467484034608073,-0.8061975734895456,14.402885288427221,27397.540451073324,1,1,10,8,9,34,20,24,89,2,2,35,0.8,0.25,smart,209,1
905,20442.731766573754,17959.789970411828,5187,4.373219968175215e-05,15045,4249,43818,0.8591857726935507,0.36969746605068793,0.9999440640212348,17877.081152859515,1.1600553269934664,0.25373321233326307,0.8785415851211321,8193,0.9995103104021309,6.488883013703757e-05,0.999523498947883,2098.1312131557256,306,919,0,68,3.8121643248680335,4.4839935902401,-0.7055664522619876,9.70729081963211,20442.731766513345,0,1,10,6,6,34,19,22,89,2,2,35,0.8,0.25,smart,210,1
908,41765.26498948729,39217.20743883567,6151,2.2414343914056622e-05,29772,6694,92841,0.9121603067370059,0.36817070074963876,0.9999744815114993,39186.77396086394,1.0688514742722084,0.1472754932010671,0.9389909880544757,8193,0.9995230925675268,2.7275474055548345e-05,0.9995255550217236,2107.22592613417,306,919,0,68,8.478915775529583,5.385419370443566,-0.7204817991984783,15.305298744370106,41765.26498926539,2,3,10,14,7,34,25,22,89,1,2,35,0.8,0.25,smart,211,1
904,37869.84323396254,34936.6920339471,6942,2.4297245013181837e-05,27219,6601,83364,0.8917018095206752,0.36843955522148897,0.9999713345951523,34884.756470116175,1.0910012265883804,0.1833120870638898,0.9225465185611087,12289,0.9994555470512733,3.1273991849682244e-05,0.9995283532151336,2119.730675888618,306,919,0,68,7.523304140658606,5.743746221628286,-0.8549797606096051,14.977009883506101,37869.84323373232,1,3,10,8,6,34,23,19,89,2,2,35,0.8,0.25,smart,212,1
915,20275.783401135068,17968.768529165347,4765,4.547576584406327e-05,14829,4154,43669,0.8722826640456424,0.3689396216436708,0.9999441946808154,17918.9387623296,1.1438712178957162,0.2350094152087484,0.8862182128143778,8193,0.9993782968686289,6.383409842086835e-05,0.9994026218866529,1673.481600446772,306,919,0,68,3.7734176383039344,5.388857783662716,-0.6584475859755131,10.479170593917678,20275.78340107847,0,3,10,5,11,34,16,22,89,2,2,35,0.8,0.25,smart,213,1
915,24192.31144688712,21512.256974829907,5557,3.824123660983213e-05,17666,4903,52200,0.8750338285045599,0.36886931853211724,0.9999533962499081,21457.000691399597,1.1390012298191698,0.22970107722860983,0.889218751257352,8193,0.9994923369532864,5.308172866910141e-05,0.9995477700820631,2210.7645433002403,306,919,0,68,4.530946839111664,5.097362959278,-0.7569900891535037,11.14228997669667,24192.311446813143,2,1,10,6,6,34,21,25,89,2,2,35,0.8,0.25,smart,214,1
908,65133.642949517736,60626.50773466036,10931,1.420757672422548e-05,46623,10901,144086,0.899563732606658,0.36830666484451025,0.9999834868868218,60557.432909849995,1.0797555089074353,0.1678241766466547,0.9308017330099183,16385,0.9996360288277716,1.7830124923397087e-05,0.9997903616838595,4769.620342251711,306,919,0,70,12.702070506116014,8.016478916501724,-1.644546883546349,24.007643189710436,65133.64294906713,1,4,10,11,8,34,23,22,89,1,2,35,0.8,0.25,smart,215,1
899,30333.363265717453,26841.75509225395,7508,2.9994393299302568e-05,22219,6228,65274,0.8618296944310039,0.3691819530731078,0.9999626193979466,26751.343067039546,1.1473115765897066,0.2475162392719401,0.8848921518238073,12289,0.9994971478601539,4.288719747597728e-05,0.9995828510564673,2396.725262102119,306,919,0,68,5.75132336326585,5.967095408117545,-0.9969220795778189,13.712262930539032,30333.363265582288,2,0,10,5,6,34,21,19,89,2,1,35,0.8,0.25,smart,216,1
911,27973.65938099445,25384.363415520293,5531,3.331950054029631e-05,20243,5246,61028,0.8905049013016677,0.36852813792660394,0.9999605386277566,25340.737342220065,1.1114619706697226,0.19772171830181826,0.9074380677118937,8193,0.9995627525165015,4.38598145591824e-05,0.9995822669282566,2393.3731527328964,306,919,0,68,5.295006979010999,4.788436277395204,-0.8463013373319488,11.7760459310701,27973.65938094213,0,2,10,5,6,34,22,23,89,2,2,35,0.8,0.25,smart,217,1
901,27193.8865657747,24118.917628738633,6567,3.3300314406162566e-05,19912,5512,58590,0.8650363403215968,0.36929766829844485,0.9999583885804167,24031.364566767686,1.1450618259525092,0.2414881000594083,0.8869242566854669,12289,0.9996473354614264,4.764764808853611e-05,0.9996941521483145,3269.099530265037,306,919,0,68,5.125338298754549,5.459190280482906,-0.9110405171570349,12.406609613551526,27193.88656568169,2,2,10,9,8,34,23,22,89,1,2,35,0.8,0.25,smart,218,1
870,22529.887501261976,19985.16069801367,5229,4.134352909828207e-05,16461,4622,48550,0.8749616980225909,0.36877801590855036,0.9999498450402626,19937.70760751773,1.1416324231517012,0.2320917048390546,0.8870510648086563,8193,0.999180926800261,5.725852821799344e-05,0.9993656341978446,1575.8774829233987,306,919,0,68,4.4444640361191246,5.834019770359609,-0.7348204469150077,11.748124700308747,22529.88750119848,2,2,10,8,8,34,23,19,89,1,2,35,0.8,0.25,smart,219,1
909,21826.465899373612,19226.703911030472,5315,4.236687577108358e-05,16002,4576,46857,0.8688147490105397,0.36899289786853184,0.9999478399038675,19171.243802633024,1.151998400344164,0.24351170842332898,0.8808894669284161,8193,0.9993636809415879,6.008834730692286e-05,0.9994153963321161,1710.0605497331455,306,919,0,68,4.081001270529364,6.71790545490501,-0.721301457593154,12.241509640620682,21826.465899316845,0,3,10,6,8,34,20,24,89,1,2,35,0.8,0.25,smart,220,1
908,27878.733084193376,25602.086152084907,5036,3.365863998650134e-05,20062,4982,61219,0.8981712054115991,0.36830735533090564,0.9999608960188788,25572.34376682601,1.0956674424457742,0.18063948547415523,0.9183375038875322,8193,0.9994891534743584,4.2844958984392105e-05,0.9994977083253926,1990.3750821953706,306,919,0,68,5.4570053873132665,3.4301195264529563,-0.6836847193201251,10.254494352406471,27878.733084115596,1,1,10,10,5,34,27,17,89,2,2,35,0.8,0.25,smart,221,1
899,23179.694900314953,20121.670448972953,6095,3.977266987480412e-05,17107,5095,49371,0.8604638211151966,0.3693113945832066,0.9999501183367514,20046.946990869576,1.173712485984332,0.2629456524864434,0.8680731362300869,12289,0.9995052296461011,5.854673097669912e-05,0.9995190323574484,2078.641905290769,306,919,0,68,4.29430213084056,5.235257487827646,-0.8624709281684656,11.254501475005137,23179.69490024557,2,0,10,6,6,34,21,20,89,2,2,35,0.8,0.25,smart,222,1
907,22560.012903102266,19975.12745664728,5227,4.15540315271802e-05,16491,4668,48567,0.8768154925016329,0.36872832912579,0.9999498263934307,19930.2976477288,1.1436785079687857,0.23169312989538346,0.8854218099272658,8193,0.999321924423148,5.7382475500731645e-05,0.9993507986871157,1539.8541937152704,306,919,0,68,4.2559725408661215,5.965998744561393,-0.7186719801987673,11.659315245825049,22560.01290302927,0,1,10,9,8,34,22,22,89,2,2,35,0.8,0.25,smart,223,1
914,21460.64474467953,17864.536779189984,6898,4.215749294259774e-05,16161,5267,44701,0.8323006450201407,0.37087031399062603,0.9999436006695853,17730.20694957445,1.2442671550891033,0.32142557141532924,0.8324324358250661,12289,0.9995837754138294,7.017583440440138e-05,0.9995865811221302,2418.354191919567,306,919,0,68,3.7098354836020384,12.31340958195536,-0.9861480491405276,17.995541163838453,21460.644744633526,0,1,10,4,9,34,17,27,89,2,2,35,0.8,0.25,smart,224,1
903,32193.780446896926,28904.3295493204,6936,2.8960517061691373e-05,23401,6314,69829,0.8820020596707732,0.3686223850478044,0.9999653354199717,28847.39024078378,1.1252759898350313,0.21544534079931402,0.8978234040266747,12289,0.9994236103500769,3.9007219603806745e-05,0.9995107724974976,2043.5387650631153,306,919,0,72,6.221836798776953,11.141074977814927,-0.9085686157915758,19.180049008175033,32193.780446776906,1,1,10,10,12,34,22,17,89,2,1,35,0.8,0.25,smart,225,1
911,27954.950537047403,24973.982163207493,6151,3.313035089940744e-05,20374,5561,60471,0.8804853192058484,0.36882245751170517,0.9999598610179474,24912.93698143503,1.132773617871784,0.22003258391920114,0.8933652781860811,12289,0.9996009481219303,4.546837991736132e-05,0.99960702993643,2544.223071381274,306,919,0,70,5.226203410255638,5.249664448430957,-0.91099758577904,12.297863030244674,27954.950536937962,1,1,10,5,7,34,21,19,89,1,2,35,0.8,0.25,smart,226,1
901,23336.18978521572,20510.556817593548,5719,3.972813242040795e-05,17123,4935,50038,0.8689585814956756,0.3689989076938324,0.9999511034157043,20450.826287996126,1.1550194023479636,0.24506999868604015,0.8789162672386086,8193,0.9993887769743864,5.647650357069096e-05,0.9995285059347268,2120.4174306161,306,919,0,68,4.311206308714956,6.904380514736789,-0.8688580165193528,12.953302856490449,23336.18978518056,1,6,10,6,9,34,15,20,89,1,2,35,0.8,0.25,smart,227,1
892,35124.75992639467,32503.346932358214,5998,2.6605656547162215e-05,25198,6054,77453,0.9014719562908106,0.36828147507137327,0.9999692010413621,32468.13024422909,1.0864574164842915,0.17076273297152914,0.9253685149868717,8193,0.9994351891273566,3.3461757032215835e-05,0.9994470794300514,1808.077992692786,306,919,0,68,7.053751034287126,4.062250271910241,-0.8217556756295761,12.759512657456519,35124.75992622849,1,1,10,10,7,34,28,19,89,2,2,35,0.8,0.25,smart,228,1
911,28038.375397185948,25777.81144620909,5053,3.332343012362103e-05,20171,4979,61608,0.8975169560932145,0.36834277613352534,0.9999611600916498,25746.213685783143,1.0944732329724707,0.1802172889270589,0.9193760722954105,8193,0.9993543855378406,4.250924006049644e-05,0.9993635612509578,1570.7430579371562,306,919,0,68,5.502204342670452,4.0320404161619345,-0.6533116610838758,10.840868081000139,28038.375397100965,1,1,10,8,6,34,23,18,89,2,2,35,0.8,0.25,smart,229,2
914,35273.268483778964,32613.399144149684,6055,2.6542683687276664e-05,25313,6107,77745,0.9013642270710772,0.3682842713553066,0.999969305159331,32578.264969195185,1.087428320252427,0.17165973725356637,0.9245924901784345,8193,0.9993979428733203,3.3378439029022675e-05,0.9994524712459022,1825.8880527308704,306,919,0,68,6.904826250642552,3.6414247975645218,-0.8136132424961313,12.173477533199335,35273.268483643784,2,0,10,6,3,34,26,16,89,2,2,35,0.8,0.25,smart,230,1
903,32025.993283098876,29013.893347839556,6414,2.929799313838282e-05,23182,6068,69807,0.8898649408601671,0.3684536374867819,0.9999654815377333,28969.504288596992,1.1130087834803675,0.20027481874808453,0.9059482743085161,12289,0.9994497424307089,3.8419351695221596e-05,0.9994749060975497,1903.9212327560379,306,919,0,68,6.267221881956608,6.093310550845736,-0.8260213700916235,14.012575172985592,32025.99328299777,2,0,10,6,8,34,23,26,89,2,1,35,0.8,0.25,smart,231,1
915,25284.26366313356,22928.42762324799,5144,3.7250556348361414e-05,18274,4806,55142,0.8874102910822229,0.36813425475587735,0.9999563522705525,22910.199193257675,1.1098972216178868,0.2034466998341089,0.9068259977323143,8193,0.9997173356718789,4.844449364390374e-05,0.9997186808677255,3554.1817783739516,306,919,0,68,4.823788419018778,4.665483457143422,-0.7028265893023334,10.894925054766865,25284.263663069083,1,2,10,9,5,34,19,20,89,2,2,35,0.8,0.25,smart,232,1
904,28391.107215323107,25300.387675078844,6368,3.2238930037859116e-05,20736,5663,61329,0.8772923584979891,0.36913540825459856,0.9999603496080873,25219.93166865678,1.1378676936135494,0.2242955849415797,0.8911377595525349,12289,0.9996770357765831,4.5116899996713344e-05,0.999678604945406,3110.9355280102054,306,919,0,68,5.432520418305521,7.131491334577194,-0.8486979921428518,14.261407737168419,28391.107215226646,1,1,10,8,8,34,21,22,89,2,2,35,0.8,0.25,smart,233,1
914,26282.442734355245,23044.367550637566,6651,3.479335862038008e-05,19322,5572,56279,0.8626347628908642,0.3692656667528175,0.9999564514601919,22962.382435265456,1.1598946391041136,0.2530586698969996,0.8767970231516947,12289,0.9994732516108384,5.051171786469594e-05,0.9995290824568096,2123.013969644277,306,919,0,68,4.855124135882369,7.632545080547463,-0.8959574252243412,14.279584066878515,26282.442734257667,0,2,10,8,9,34,21,20,89,1,2,35,0.8,0.25,smart,234,1
912,23567.69678827161,19561.088400130353,7675,3.7117200928789066e-05,17855,5683,49009,0.8272052515734177,0.3725480199901959,0.9999482903196072,19338.23874641553,1.2607137951110439,0.32565761809272087,0.8299957596987104,12289,0.9996820814026169,6.51911074120575e-05,0.9997048330116677,3387.4127147266454,306,919,0,68,4.081387786046202,6.382431871790797,-1.0869667727707373,12.637753203378475,23567.69678820524,1,0,10,7,3,34,18,16,89,2,2,35,0.8,0.25,smart,235,1
914,23451.45375326225,20170.759708105743,6546,3.821223563419097e-05,17429,5214,49700,0.8495268173105847,0.37036708536381285,0.9999501164828035,20046.201916664017,1.193204797831767,0.27912981723316016,0.8601070074515044,12289,0.9996406075769011,5.952125205179991e-05,0.9996449145616942,2815.7235946998,306,919,0,70,4.222326407926247,7.56837534770437,-0.9092827284417342,13.609267212514087,23451.453753201673,0,0,10,4,3,34,19,25,89,2,2,35,0.8,0.25,smart,236,1
909,24295.296149965667,22067.505901165492,4765,3.856030359178835e-05,17568,4550,53031,0.8916902778235174,0.36843985238988913,0.9999546182571923,22034.79300464826,1.1097077138368154,0.19612850037256013,0.9083036388999389,8193,0.9993435375573283,5.036047006108921e-05,0.9994244584061054,1736.9938371025057,306,919,0,68,4.63759674399312,4.225016460619397,-0.7079029589535661,10.278419122519649,24295.29614989269,0,2,10,1,6,34,20,21,89,2,2,35,0.8,0.25,smart,237,1
913,35827.731732378576,32767.448679398905,6616,2.63336808759826e-05,25824,6528,78499,0.8976590850918141,0.36831621993974495,0.9999694463151888,32728.776553764557,1.1006277804150333,0.18466142510553984,0.9145833993667536,12289,0.9993930755118591,3.362823429741835e-05,0.9994625779983749,1860.2350888149692,306,919,0,68,6.982765693848463,4.949796484996709,-0.8655873690776147,13.6637369170004,35827.73173225754,1,0,10,7,5,34,19,26,89,2,2,35,0.8,0.25,smart,238,1
887,28100.573279597662,25352.699873945192,5851,3.316631841373244e-05,20382,5404,61112,0.8851702507324144,0.3685484425474129,0.9999604865794484,25307.35707511675,1.11874268716906,0.20821639266157255,0.9022129058253927,8193,0.9994424402926753,4.420535028716483e-05,0.9994428687210659,1794.4090491557715,306,919,0,68,5.560658882955694,7.250003060832002,-0.7754343029517222,14.36153054969114,28100.573279499393,2,2,10,6,8,34,24,20,89,2,1,35,0.8,0.25,smart,239,1
898,29365.83495092131,26196.954404210985,6720,3.089190159348087e-05,21446,5823,63469,0.872356205855538,0.36918853066168883,0.9999617003739373,26109.415492128228,1.136876033032277,0.22883735508392788,0.8920895471895681,12289,0.9996324995973079,4.3541926944803116e-05,0.9997514076098741,4022.149262687362,306,919,0,68,5.443065353496104,7.39351290300942,-1.0972096912307834,15.030997638967092,29365.834950823722,2,3,10,6,9,34,16,23,89,2,2,35,0.8,0.25,smart,240,1
912,31589.857871551627,28561.044272639618,6600,2.8880759003044417e-05,22922,5966,68776,0.8817071486928905,0.368841811176414,0.9999649006557506,28490.060757833064,1.1178654159629993,0.20892781559310708,0.9041206955970631,12289,0.9996100882206366,3.9236343059425155e-05,0.9996777664189254,3102.8388513101786,306,919,0,68,6.00193754664001,4.810789725271108,-0.9256628637589638,12.664052999429046,31589.857871419317,1,1,10,8,4,34,26,22,89,2,1,35,0.8,0.25,smart,241,1
892,22709.73642418643,20232.877949146965,5059,4.1345786212525e-05,16555,4596,49054,0.880852809257665,0.3686204367865027,0.9999504786138224,20192.795805744387,1.1350432260924534,0.2227678871081938,0.8909340721188842,8193,0.9993143292278738,5.6208913927907537e-05,0.9994246646147446,1737.6165804078405,306,919,0,68,4.326827937512556,4.062154389364602,-0.7650412158783586,9.919064758633876,22709.736424123483,1,1,10,3,5,34,20,21,89,2,2,35,0.8,0.25,smart,242,1
906,21683.572700639794,18936.13936776485,5545,4.226964508909034e-05,15970,4658,46332,0.8627108360398758,0.3693361128099138,0.999946992967887,18864.921433793344,1.1657787148090055,0.2557235413441065,0.8732942504076425,8193,0.9994727331158634,6.179446977261356e-05,0.9995137868239016,2056.210984920949,306,919,0,68,4.005460819701662,6.022995855099959,-0.7811998206040864,11.590856316009795,21683.572700585042,2,2,10,6,6,34,18,26,89,2,2,35,0.8,0.25,smart,243,1
909,35778.068377104384,33268.925806556035,5920,2.6069875516552168e-05,25615,6025,79104,0.9027217727737763,0.3682599724904227,0.9999699117383759,33235.05253600122,1.0806339681617838,0.16546449455019802,0.9298692555422015,8193,0.9994144785329854,3.251439755426263e-05,0.9994568577068282,1840.6381105493408,306,919,0,68,7.0978426891782185,4.858207135603855,-0.774119549969547,13.504288924721168,35778.068376926596,1,2,10,8,9,34,21,28,89,2,2,35,0.8,0.25,smart,244,2
910,34750.11777426291,32373.938071374956,5377,2.7395021101737224e-05,24844,5817,76914,0.9120341329713957,0.3681185328898737,0.9999690912153976,32352.76179217071,1.077611018885226,0.15473328852952506,0.9316209597238306,8193,0.9994887186405095,3.330764686808246e-05,0.9996456390391877,2821.481256743112,306,919,0,68,6.746076434287191,5.355816644358815,-0.8913120874872321,13.88451725362047,34750.117774073624,1,2,10,5,9,34,17,21,89,1,2,35,0.8,0.25,smart,245,1
912,20814.0312758107,17788.71220600732,5889,4.429932123013287e-05,15463,4800,43966,0.852174217978166,0.3696179543683138,0.9999435337571841,17709.196092148857,1.1972620174501052,0.2829341381284451,0.8546500180712568,8193,0.9993677584048002,6.760488779166173e-05,0.9994548291208546,1833.7872179695444,306,919,0,70,3.751679717247266,6.048906417498867,-0.8128008256808531,11.426187786107839,20814.031275752222,1,1,10,7,6,34,17,25,89,2,2,35,0.8,0.25,smart,246,1
914,20632.72421940052,18242.124271285647,4846,4.5238900054695084e-05,15094,4285,44383,0.8746520688439913,0.3687913762961743,0.9999450505037221,18198.028967224425,1.1460026943909323,0.2348696152999228,0.8841355158584904,8193,0.9992932503352524,6.297227079001439e-05,0.999353744472145,1546.8754917098893,306,919,0,68,3.852455765181214,5.671790311577134,-0.6623635388372117,10.848973154432771,20632.724219364205,0,1,10,7,11,34,19,28,89,1,2,35,0.8,0.25,smart,247,1
903,25127.41250270751,22261.458712535208,5917,3.6779123362211025e-05,18378,5160,54109,0.8722469479459853,0.36892272174223195,0.9999549585554652,22201.27461358002,1.1440950894499726,0.23547987678247556,0.8859431391965451,8193,0.9994880115666039,5.153169551407789e-05,0.9995087957355064,2035.3129034552921,306,919,0,68,4.760959781135607,4.240664166628266,-0.80435860261562,10.610341152995112,25127.412502636787,2,0,10,8,4,34,25,20,89,2,2,35,0.8,0.25,smart,248,1
913,22336.749981337725,19191.065670481403,6370,4.057541066756241e-05,16581,5033,47311,0.846314465916495,0.36986862467884923,0.9999476269410466,19093.286380900074,1.1915827882039414,0.28518025251310564,0.8591700084620847,12289,0.9994378345806937,6.240683561491365e-05,0.9994956353409425,1982.1924048659305,306,919,0,68,4.04165641058199,6.616323740563066,-0.8513884922197227,12.360757135584503,22336.74998128982,1,1,10,7,9,34,21,33,89,2,2,35,0.8,0.25,smart,249,1
910,29112.97986519587,26740.024893144455,5305,3.206123170531187e-05,20953,5191,63935,0.8963415330208124,0.368356151822682,0.9999625558659575,26705.95283846643,1.0957362145466456,0.18222112695313775,0.9184915119290744,8193,0.9993603504968013,4.1028893692902296e-05,0.999384301361287,1623.671153748428,306,919,0,68,5.715622228723347,4.0997936330384634,-0.6828348844855778,11.181085630732966,29112.979865100606,1,1,10,8,8,34,29,19,89,2,2,35,0.8,0.25,smart,250,1
904,21328.211142411783,18157.436361246575,6210,4.311042000110601e-05,15876,4973,44958,0.8472061536084936,0.3697758548782892,0.999944658372343,18069.080568594836,1.2038223368344123,0.2911636591805503,0.8513342370818888,12289,0.9993687588462783,6.662148753023084e-05,0.999478963442863,1918.7510845413701,306,919,0,68,3.8421120219899354,6.747505329168045,-0.8765187617195977,12.342654874597175,21328.21114236709,2,1,10,5,6,34,19,24,89,1,2,35,0.8,0.25,smart,251,1
915,25133.84644337762,22364.488728086853,5735,3.695384902145591e-05,18342,5091,54252,0.8762533028699084,0.3687688698667378,0.9999551821951166,22312.06087695451,1.1375658642007567,0.22817836549292214,0.8898156029746712,8193,0.9994418879634256,5.0983204943656334e-05,0.9994626716904785,1860.5595388580368,306,919,0,68,4.747193980295629,4.575189102061507,-0.7465429472035571,10.81546897676425,25133.846443308776,2,1,10,6,8,34,19,18,89,2,2,35,0.8,0.25,smart,252,1
905,29611.67932343739,26799.117229443636,6041,3.149318314463124e-05,21449,5625,64508,0.8868935486439921,0.3685142683910149,0.9999626226697415,26753.684768316492,1.1146743998536037,0.20400734230627035,0.9050184873585458,8193,0.99945000618571,4.166355317434179e-05,0.9994579410264995,1844.3176755565767,306,919,0,68,5.752269771593554,5.560726065774183,-0.7917477584257552,12.896491354219247,29611.679323337372,0,1,10,8,9,34,24,24,89,2,2,35,0.8,0.25,smart,253,1
901,42472.243121073836,39035.23330876991,7725,2.1595694909198373e-05,30588,7495,93302,0.8950207156084079,0.3685612652545221,0.999974337154669,38966.34046709289,1.0961654214281025,0.1818834945443938,0.9190763293922058,12289,0.9996624069465261,2.81307236675461e-05,0.9998129152951688,5344.672380528285,306,919,0,72,7.988107435545514,3.95787677979523,-1.4396934791685825,14.825371173677908,42472.243120787,1,0,10,10,8,34,22,19,89,2,2,35,0.8,0.25,smart,254,1
905,33006.003383699834,30379.897467737308,5832,2.8462373897508684e-05,23729,5838,72569,0.9001549881491014,0.3682915724235012,0.9999670475865512,30346.290879614684,1.0928237475274876,0.17669512822264813,0.9204355072792776,8193,0.9993345164152682,3.601117995538175e-05,0.9993625058348429,1568.1417551385086,306,919,0,68,6.509358465711582,4.324823224847273,-0.7847859284500937,12.403753547459042,33006.003383581585,2,0,10,6,8,34,24,21,89,2,2,35,0.8,0.25,smart,255,1
908,21894.080359267173,19031.543485226623,5744,4.2023545253989604e-05,16152,4788,46666,0.8600535138077792,0.3693436766552718,0.9999472579159749,18959.691244871097,1.1720320298344111,0.2623540201618343,0.8692552129585605,8193,0.9994259121230146,6.181541179762432e-05,0.9994732169174968,1897.8145246749543,306,919,0,68,4.008703864162797,6.8859578319526875,-0.8137807964608281,12.522223289037141,21894.08035923126,0,0,10,5,8,34,22,19,89,2,2,35,0.8,0.25,smart,256,1
907,25119.120397749273,21707.58601882179,6916,3.623070653646399e-05,18592,5571,53371,0.8516668905260975,0.3696475711889746,0.9999537247159371,21609.30791523531,1.1820047892169565,0.2753281122303824,0.8641857547196133,12289,0.9995409548993238,5.4697607385090873e-05,0.9995763936952409,2360.1824870369433,306,919,0,68,4.595526092520583,4.961317217234809,-0.9434199709131349,11.443683251581662,25119.12039767191,2,1,10,8,5,34,19,22,89,2,2,35,0.8,0.25,smart,257,1
914,23380.96841441548,20526.63996471188,5917,3.892045003794039e-05,17187,4924,50100,0.8615403593322932,0.3693343736082158,0.9999511010325742,20449.829576360957,1.1586845157044725,0.253069072893999,0.877920862852551,8193,0.999643710900709,5.665847639040899e-05,0.999644601434463,2813.242334501083,306,919,0,68,4.301403119827027,4.175860675392796,-0.8147825288278409,10.106828852875505,23380.96841435275,1,0,10,8,4,34,21,16,89,2,2,35,0.8,0.25,smart,258,1
912,23563.77835199663,20695.978238001004,5850,3.918812563968994e-05,17299,4989,50506,0.8663905567329007,0.36904871551211743,0.9999515344592892,20632.716614072968,1.1563207434513585,0.24826239292410898,0.8782962532087887,8193,0.9994113812122246,5.60417100667986e-05,0.9994910069377307,1964.1632784083154,306,919,0,68,4.347670118645708,5.520852300163864,-0.8198251339740088,11.50817268675759,23563.778351945908,1,1,10,5,6,34,22,24,89,1,2,35,0.8,0.25,smart,259,1
905,22809.735277392778,20295.098687410846,5192,4.0840845642887484e-05,16643,4627,49234,0.8769604662957898,0.36872704503595943,0.9999506171828115,20249.458522622517,1.1374071695220351,0.22762210682672426,0.8897559941226393,8193,0.9993567758828056,5.616837032149023e-05,0.9994069929508544,1685.8205456451074,306,919,0,68,4.351852297992305,5.15293499049865,-0.688973177659753,10.882733643810461,22809.735277325562,1,2,10,4,10,34,18,24,89,2,1,35,0.8,0.25,smart,260,1
903,48093.95955020927,44870.14580006983,8215,1.8757763817568822e-05,34426,7887,106522,0.8938327471513776,0.36851428833919686,0.9999776768509085,44796.04711177762,1.078256884652472,0.17081147147852696,0.9329684272143609,12289,0.9996711020306578,2.4070089195137118e-05,0.9996786910761911,3111.7695863565255,306,919,0,70,9.660691543392065,6.0554301993697255,-0.991348224038905,17.6988181908396,48093.95954995083,1,2,10,8,7,34,24,17,89,1,2,35,0.8,0.25,smart,261,1
911,39926.72720824842,36762.25462701376,6988,2.357588437168628e-05,28699,7053,87802,0.9015128302494835,0.3682767704078384,0.9999727693637223,36722.84313963857,1.092350599978094,0.17502060621077795,0.9207430009294397,12289,0.9994513734245625,2.9745401875983477e-05,0.999663365457361,2970.080448208034,306,919,0,68,7.6618593236213055,5.743109990439956,-1.103613169914798,15.612195653890858,39926.72720805695,3,2,10,6,9,34,16,19,89,1,1,35,0.8,0.25,smart,262,2
913,25857.495780463592,23090.92683620655,5897,3.55182103860781e-05,18853,5149,55920,0.8734816960552355,0.3688757011598276,0.9999565818027354,23031.317598239588,1.1335940946468586,0.22805766072890274,0.8930070812832811,8193,0.9994684951521972,4.921861201937402e-05,0.999471258283033,1890.7825385382966,306,919,0,68,4.91491815195815,4.076210634058194,-0.7493744614904435,10.48987770899723,25857.49578039283,3,0,10,9,5,34,23,19,89,2,2,35,0.8,0.25,smart,263,1
911,22308.35896003259,19539.93130490949,5650,4.138110845013e-05,16397,4769,47745,0.8637188242315897,0.369108626894121,0.9999486603247137,19477.613061772234,1.1602675528864734,0.25326829329411804,0.8759017792351743,8193,0.9994224317705067,5.956775941077591e-05,0.9994226283238796,1731.4865410295113,306,919,0,68,4.155238303857524,5.676898693603873,-0.7423158037121914,11.31676860488578,22308.358959980054,2,0,10,10,1,34,20,22,89,2,2,35,0.8,0.25,smart,264,1
909,24309.222647985545,21842.26410258599,5256,3.81318181155833e-05,17668,4744,52749,0.8804768750254758,0.3686717277760588,0.9999541228635169,21796.849976137524,1.124573956447381,0.21621423589353458,0.8985175881136623,8193,0.9993907816018709,5.159223288583386e-05,0.9994917791489012,1967.148466819943,306,919,0,68,4.6135456665434775,5.731720756060491,-0.735018172386663,11.815302767377295,24309.22264793749,1,1,10,6,8,34,19,20,89,1,2,35,0.8,0.25,smart,265,1
912,25678.09887308878,23168.368360523113,5423,3.628639873649774e-05,18620,4946,55846,0.8827096682186799,0.3684953073398807,0.9999567669979961,23129.97795647807,1.1183254897378903,0.21119164727897458,0.9022618253411306,8193,0.9995896234762587,4.834856813900351e-05,0.9995936200339918,2460.251193170025,306,919,0,68,4.89553776971282,3.8582934439164336,-0.7356242638419705,10.225079741313195,25678.098873009847,1,0,10,8,3,34,19,19,89,2,2,35,0.8,0.25,smart,266,1
908,30289.831717986002,26910.59559334737,7035,3.0458371521561293e-05,22129,6155,65325,0.8732537890135582,0.3688960121209108,0.9999627416219282,26839.100960561245,1.140351869206236,0.23225615993840731,0.8884366160861814,12289,0.9994809717173315,4.248766107799775e-05,0.9995452585387294,2198.551698452072,306,919,0,68,5.737590526574723,5.217085574571937,-0.9341785742764218,12.823033249699504,30289.8317178642,2,0,10,9,6,34,20,22,89,2,2,35,0.8,0.25,smart,267,1
910,25096.924289052728,22543.53390197055,5418,3.7019981236192274e-05,18241,4907,54450,0.8810853558469789,0.36864399157038835,0.9999555524820168,22497.944124917216,1.1247944026493817,0.21588302764109346,0.8982588321312358,8193,0.9993449218114293,4.9994319439190624e-05,0.9993937874338726,1649.0863418907525,306,919,0,68,4.794016997945893,4.539885520718824,-0.7217905380936599,10.777483594852036,25096.924288979964,0,0,10,6,6,34,21,19,89,2,2,35,0.8,0.25,smart,268,1
914,22029.262953798083,18533.765042542862,6857,4.064861989152906e-05,16528,5226,46141,0.8346035471415514,0.37084057439512985,0.9999456443196076,18396.841226076285,1.2281090749191683,0.3112677902288955,0.8413247906393273,12289,0.9995306818860421,6.67547043635914e-05,0.9996119999292372,2576.8190852421494,306,919,0,68,3.8380730187514165,5.61318596094659,-0.9823346297736337,11.415928239245275,22029.262953759477,1,1,10,5,5,34,15,18,89,2,2,35,0.8,0.25,smart,269,1
917,27959.584053929873,25627.549547892053,5098,3.3741060041911467e-05,20134,5047,61334,0.8982461387930691,0.36828546785771665,0.9999609367629637,25599.016981758297,1.097826730702799,0.18233461521339936,0.9165926609802323,8193,0.9993736258113287,4.288466580615231e-05,0.9993765766425884,1603.5463606524747,306,919,0,68,5.416834382827832,6.104969825232913,-0.6812210269545108,12.884246261969766,27959.584053852042,0,1,10,8,6,34,22,26,89,2,2,35,0.8,0.25,smart,270,1
916,22026.905111136035,19151.133420298665,5731,4.203107444593377e-05,16239,4828,46956,0.8622401988768624,0.3691923794655523,0.9999476060234548,19085.663443009616,1.1707857623223967,0.26018180816072095,0.8694427711778956,8193,0.9993825467325781,6.134212177067644e-05,0.9994453159594826,1802.3280990752514,306,919,0,68,3.994775504801999,7.866545980017672,-0.8145924233837837,13.490506331587238,22026.905111090884,0,1,10,4,11,34,18,23,89,2,2,35,0.8,0.25,smart,271,1
905,31678.01108995836,28890.55202456383,6070,2.9527212730242357e-05,22868,5830,69299,0.8929086013072821,0.36841544454299546,0.9999653377473351,28849.327204458765,1.1046248984318756,0.19161556521849107,0.9120065001088995,8193,0.999394745006288,3.828878732968165e-05,0.9995791991453922,2375.920994136876,306,919,0,68,6.072465641049937,7.036636472322373,-0.9281997931630688,14.965501699698446,31678.011089813852,1,3,10,7,7,34,18,23,89,1,2,35,0.8,0.25,smart,272,1
911,26594.002780678256,24114.018446745587,5362,3.495752579876671e-05,19250,5006,57994,0.8875417173143337,0.36852575973119056,0.9999584601313295,24072.75857932409,1.1123663042388536,0.20162440548046176,0.9067464813632911,8193,0.9993608646683958,4.6207550191702676e-05,0.9993877102350437,1632.7135958866245,306,919,0,68,5.1546005917826,4.311466852507737,-0.6838193380959344,10.833706120482205,26594.002780596722,2,2,10,9,8,34,24,18,89,2,2,35,0.8,0.25,smart,273,1
909,22844.986657583104,20125.895788132486,5609,4.005293794129615e-05,16761,4763,49044,0.8662636049345106,0.36918313428549276,0.9999501464346636,20058.245910058205,1.1531212490034737,0.245524328119411,0.8809764737355165,8193,0.9995250365311691,5.748720552807061e-05,0.9995909959576196,2444.4635759997427,306,919,0,68,4.254347245180026,4.230434761110651,-0.7720524594491335,10.028886925188942,22844.986657539528,1,1,10,9,5,34,19,23,89,2,2,35,0.8,0.25,smart,274,1
911,41552.55326377251,38611.732508562294,6680,2.276384013922802e-05,29746,7037,91839,0.9081142605780357,0.36817563050586616,0.9999740803899303,38580.3273062303,1.0809673317277464,0.16076027765600487,0.9292264728826143,12289,0.9995017419377569,2.801825173671471e-05,0.999588774587599,2431.256296543586,306,919,0,68,8.25808827352722,6.389939695157314,-0.8643163946577322,16.376660758,41552.55326358246,2,1,10,9,9,34,23,20,89,2,2,35,0.8,0.25,smart,275,1
910,29893.268902155614,27043.436550839593,6257,3.08962328388792e-05,21665,5674,65106,0.8820074814089403,0.3686155324487649,0.9999629514630037,26991.119128885854,1.1157326469490934,0.20931133428331103,0.9046664196999038,12289,0.999585624363762,4.1336262248536904e-05,0.9995871311110618,2421.576384500028,306,919,0,68,5.73397754366751,4.266990383027819,-0.8359716655774393,11.672911257850206,29893.268902064516,1,1,10,9,6,34,23,21,89,2,2,35,0.8,0.25,smart,276,1
911,29096.866017602097,25199.86397314409,7883,3.129840232308579e-05,21515,6408,61895,0.8541942376146984,0.3695993397888031,0.9999601423829612,25088.807243158044,1.1787163850754592,0.2709226483440242,0.8660679798951364,12289,0.9995620337272624,4.698082627387113e-05,0.9995929262368612,2456.0572059411825,306,919,0,70,5.286034912443179,9.528722718321546,-1.1018610299258276,17.01847969061638,29096.866017490822,1,1,10,9,8,34,23,22,89,2,2,35,0.8,0.25,smart,277,1
904,31140.003832354276,28126.51796005609,6653,2.957557091860088e-05,22589,5945,67761,0.879098181317642,0.3686826743750588,0.9999643716585211,28067.042815253015,1.1181408562201198,0.21364801481133966,0.9032278259013189,12289,0.9994115233969078,3.9837504247119454e-05,0.9995631315187828,2288.518382159147,306,919,0,68,5.955619755727942,3.7876338985658116,-0.9337616230784136,11.61077690045058,31140.003832204726,1,1,10,5,2,34,22,15,89,2,2,35,0.8,0.25,smart,278,1
914,24935.748654391024,22379.469722505808,5302,3.762397074849294e-05,18122,4905,54076,0.8850517524723059,0.3685486474727571,0.9999552370737624,22339.415726820243,1.1253012222220349,0.21262646145041056,0.8974853746195797,8193,0.9993319546385715,5.0371775605206467e-05,0.9993617999523475,1566.4067555320873,306,919,0,68,4.727744396650232,6.252809807115503,-0.7286557465276817,12.437865696821099,24935.74865432307,1,4,10,7,11,34,23,25,89,2,2,35,0.8,0.25,smart,279,1
910,19405.753268784414,16043.601675148859,6393,4.658482052099753e-05,14659,4843,40275,0.8289818169342982,0.3711217032188054,0.9999371616100687,15913.338670354171,1.2564519004700183,0.3294383841457787,0.8267445974878067,12289,0.9995253077790145,7.895341445179828e-05,0.9995941735894929,2463.6077080789564,306,919,0,68,3.3067573194564592,5.515414273993551,-0.9582433989510658,10.738658391352141,19405.75326875424,1,0,10,3,9,34,12,17,89,2,2,35,0.8,0.25,smart,280,1
896,34118.66811333334,30295.04366450722,8154,2.678501830149029e-05,24946,6927,73557,0.8672583761692406,0.3690386265748697,0.9999668918798522,30203.57064626317,1.1419996781358337,0.2389893993785025,0.8879316028361648,12289,0.9995765332703974,3.780946255271713e-05,0.9996539149399876,2888.9630411988937,306,919,0,70,6.5057073682603805,4.885607039712124,-1.1100667641564348,13.611447936285375,34118.66811322733,2,1,10,6,5,34,18,21,89,1,2,35,0.8,0.25,smart,281,1
913,23570.412986108986,21135.523183439913,5209,3.949542916093356e-05,17138,4653,51090,0.8780697767582395,0.36857950604908507,0.9999525988547212,21096.03667503648,1.1265620681802495,0.22099740055763462,0.8966971938886241,8193,0.9995669716938331,5.3400332259800026e-05,0.9995694117309112,2321.904153420826,306,919,0,68,4.446658777898197,4.534439795822315,-0.716629937554533,10.414358448829578,23570.412986041712,1,2,10,5,8,34,16,21,89,2,2,35,0.8,0.25,smart,282,2
916,21027.42101178921,17977.692832646077,6175,4.233015298930631e-05,15676,4750,44418,0.8403867804432398,0.37061182131636927,0.9999439959340282,17855.34639946476,1.203299986515706,0.2936641634053901,0.8549642308758036,12289,0.9995651360316351,6.738969182892186e-05,0.9995839997248561,2403.344529260907,306,919,0,68,3.758037252694672,5.586701892666147,-0.8331027061991819,11.010944557759183,21027.42101173385,1,0,10,5,5,34,13,18,89,2,2,35,0.8,0.25,smart,283,1
911,28546.12383019281,25673.510957911094,6123,3.27249918841831e-05,20727,5573,61976,0.8820027902320848,0.36851867468736077,0.9999609832627715,25629.526263257056,1.1224671379193414,0.21449497089071667,0.899369424396478,12289,0.9995824336761578,4.379500536802863e-05,0.9996263924775673,2676.1056043376702,306,919,0,68,5.380689598831496,4.441166187440834,-0.886296971984257,11.594449730240845,28546.123830065757,2,0,10,8,5,34,20,16,89,2,2,35,0.8,0.25,smart,284,1
910,23049.83051858549,20294.75347774265,5640,4.002246033643078e-05,16905,4836,49470,0.8679213607690272,0.3690296580839214,0.9999505790106487,20233.81770431033,1.1529269615412387,0.24468726550732625,0.8804730022365513,8193,0.9994202022983039,5.697879108910895e-05,0.9994530479841799,1827.813903485753,306,919,0,68,4.339911280019509,5.044770894067002,-0.7259855372413263,10.836653248569164,23049.8305185368,1,1,10,7,8,34,15,20,89,2,1,35,0.8,0.25,smart,285,1
896,54698.464602831846,51400.84354551232,7980,1.7187376155760806e-05,38975,8743,121642,0.9130965318666999,0.36814697809942504,0.9999805313959382,51364.25100093155,1.0678326650107173,0.1458907495474171,0.9397127308551765,12289,0.999535237204476,2.0789211359841193e-05,0.9995440996294853,2192.9616581835257,306,919,0,68,11.251088361682472,5.794789889265765,-0.9583903442213834,18.962658939391,54698.46460244927,3,1,10,10,7,34,29,23,89,2,1,35,0.8,0.25,smart,286,1
875,27880.87493345678,24612.69028538705,6666,3.3270333859750255e-05,20418,5809,59924,0.8715552128085318,0.3689110841340298,0.9999592613241085,24546.198634122444,1.1487318249259342,0.2390886231479366,0.8827804128862563,12289,0.9994182051252202,4.6797813502093094e-05,0.9994695631131228,1884.7383785640445,306,919,0,68,5.503091763313727,7.051105508579823,-0.8696796500298656,14.293556571953282,27880.874933378218,2,0,10,9,7,34,24,22,89,2,1,35,0.8,0.25,smart,287,2
903,21402.68932366052,18704.848489724653,5567,4.238385573791482e-05,15767,4569,45749,0.8579488537332925,0.3694645715896377,0.9999463203941557,18628.54885441075,1.1656017384777757,0.2601074993807307,0.873948512117427,8193,0.9995478680629399,6.256904189285204e-05,0.9996085348604047,2554.0058450437173,306,919,0,68,3.9261134684380146,5.234109576858626,-0.8142385412191631,10.788700127734966,21402.689323602157,1,1,10,4,7,34,12,24,89,2,2,35,0.8,0.25,smart,288,1
913,21226.0511220008,18746.971336111274,5016,4.40298099000918e-05,15534,4427,45634,0.8741326315929103,0.36879563747487953,0.9999465304020776,18701.71656076253,1.1473597487416534,0.23631338543234337,0.8832057940668973,8193,0.9993755188377447,6.134886443790966e-05,0.9993826400739659,1619.3005831915696,306,919,0,68,3.9323794474512286,4.383538286373679,-0.7173579286589844,9.750633591142876,21226.051121943125,1,0,10,3,7,34,15,20,89,2,2,35,0.8,0.25,smart,289,1
910,27470.897116648495,24749.05841319712,5984,3.3251763067504126e-05,19959,5276,59693,0.8765100678837761,0.3688187442557403,0.9999594959053313,24688.36190500873,1.1221658671021104,0.21783052714261195,0.9009191912483328,12289,0.9994554600325957,4.545231251511526e-05,0.9994960332332212,1983.7577819589164,306,919,0,68,5.2571654966614005,4.162034368524681,-0.7803943091709302,10.979988483527942,27470.897116537104,1,1,10,9,6,34,27,17,89,2,2,35,0.8,0.25,smart,290,1
910,21418.217745646525,18969.220982375147,5068,4.314705693930104e-05,15667,4405,46114,0.8714549560940293,0.3689150878021051,0.999947141886806,18918.071612592074,1.1444868956453622,0.23662099527539462,0.8856582376575585,8193,0.9993945233024825,6.049541787906429e-05,0.9995334918168686,2143.0850817180867,306,919,0,68,3.953879126447772,6.140398139864856,-0.7534214769783562,11.601120220269339,21418.21774558888,0,5,10,6,11,34,16,25,89,1,2,35,0.8,0.25,smart,291,1
908,22530.378412666312,19902.048955178972,5422,4.094622368317545e-05,16501,4674,48440,0.8694534248744032,0.36900034944244986,0.999949608922597,19844.283071231355,1.148414420441047,0.24065285991609514,0.8833428622747976,8193,0.9994383976970243,5.786983995133677e-05,0.9994805813687212,1924.7293184963316,306,919,0,68,4.220135605058409,4.126221967060437,-0.7425028118167066,9.831363195752258,22530.378412613023,0,1,10,7,4,34,21,20,89,2,2,35,0.8,0.25,smart,292,1
878,32982.496032626615,30393.9229920654,5969,2.8099187894163735e-05,23709,5788,72562,0.8948894777212102,0.36837530083078857,0.9999670561677623,30354.195613227843,1.0918982902650125,0.1809747811110295,0.9215167633765324,8193,0.9997458316228158,3.597131409536967e-05,0.9997458370773195,3933.9841649974755,306,919,0,68,6.681589015330317,3.8635044719171288,-0.8315080308004621,12.20810954884837,32982.49603251412,1,1,10,7,5,34,23,13,89,2,2,35,0.8,0.25,smart,293,1
911,26919.96580017127,23951.51674542306,6182,3.45331672036724e-05,19645,5460,58104,0.8751288921722494,0.3687624455444567,0.9999581524671973,23895.771366089928,1.137640678684368,0.2296436795607173,0.8897305785310722,8193,0.9992986641520446,4.7607455619030283e-05,0.9995231395393316,2096.54947993407,306,919,0,68,5.045938188231558,4.176441737452002,-0.8640433266110658,10.950466578905692,26919.96580010815,2,0,10,7,6,34,20,16,89,2,2,35,0.8,0.25,smart,294,1
912,21665.512921732923,18902.168346431918,5555,4.263895856439695e-05,15951,4691,46271,0.863338798009661,0.3691657293681266,0.9999469186666584,18838.514335416752,1.1660026223891053,0.25639826853246184,0.8724542278189471,8193,0.999350335878385,6.189297387631147e-05,0.9994480829914529,1811.3665653032724,306,919,0,68,3.9661544824303085,4.863334124757817,-0.7850544916182023,10.39959759042453,21665.51292166121,2,2,10,5,11,34,13,23,89,2,2,35,0.8,0.25,smart,295,1
896,25656.026745803367,23167.85833837692,5192,3.671702269688089e-05,18594,4929,55825,0.890339528494691,0.3684438089089331,0.9999567725146659,23132.929856362367,1.1169494568994327,0.20236960506167506,0.9030181706591242,8193,0.9992972972334966,4.82829162670643e-05,0.9993735293489903,1595.7439192841832,306,919,0,68,4.969117313233013,4.350542911534582,-0.7576743710815428,10.835008966930681,25656.02674572921,0,2,10,6,7,34,21,24,89,2,2,35,0.8,0.25,smart,296,1
917,25927.11649717458,22705.343003715843,6562,3.570824322879824e-05,19055,5553,55484,0.8641686967621927,0.3690724495120637,0.9999558210380408,22634.70815091148,1.1603144830275758,0.2530940916902617,0.8757373002196435,12289,0.9994839197387851,5.126148940671507e-05,0.9994996283674326,1998.0145320876675,306,919,0,70,4.781469612527046,9.33389230934689,-0.8732995253348147,15.861960972543567,25927.116497096635,2,1,10,6,10,34,15,23,89,2,1,35,0.8,0.25,smart,297,1
894,25183.84903032025,22191.10171231196,6117,3.649721272408435e-05,18470,5256,54072,0.8686944796220643,0.36910944423364417,0.999954793957105,22120.436401168645,1.1523845958939296,0.2428937686465401,0.881164022449263,12289,0.9994989271491606,5.2094747473526135e-05,0.9995461215515586,2202.733015938555,306,919,0,68,4.812754438530328,5.032163436296183,-0.8212162617489263,11.487350398324363,25183.849030248264,1,0,10,5,6,34,18,21,89,2,1,35,0.8,0.25,smart,298,1
911,39846.21942925436,36619.213113502185,7459,2.3177741346257117e-05,28683,7073,87531,0.8910549247863976,0.3684488090717673,0.9999726512413722,36564.230909681595,1.0955976837730426,0.18719467258978503,0.9190134883064223,12289,0.9994806096455813,2.9963236606766156e-05,0.9995467689091112,2205.879930637368,306,919,0,68,7.799031422414955,4.256744503163097,-0.9487664763961814,13.953308878370414,39846.219429084726,0,0,10,6,3,34,16,16,89,2,2,35,0.8,0.25,smart,299,1
917,21041.86727534884,18643.333737926983,4858,4.450510508866406e-05,15377,4341,45315,0.8770404229551875,0.368719922145782,0.9999462431044629,18601.76469121422,1.1427813450101185,0.23087304640930267,0.8860113740840952,8193,0.999347990245138,6.143237738544779e-05,0.9993832759236659,1620.9706165498123,306,919,0,68,3.8867961179832435,4.492308015809233,-0.7024879115249101,9.784079956842296,21041.867275294884,1,2,10,4,7,34,21,19,89,2,2,35,0.8,0.25,smart,300,1
905,36775.96504914222,33782.482590398555,6783,2.535408392928605e-05,26469,6559,80768,0.8943023660916011,0.3683710029460142,0.9999703603786795,33738.12267378049,1.0956832917137584,0.1844411150308674,0.9186022051428535,12289,0.9994957985990353,3.247563785369774e-05,0.9995000958876332,1999.8835824334105,306,919,0,68,7.297432651504564,6.194446777977125,-0.8298524421884572,15.151584313858603,36775.96504896093,1,2,10,10,6,34,22,19,89,2,2,35,0.8,0.25,smart,301,1
909,23715.650385328114,20491.712726925936,6536,3.786771665231425e-05,17581,5214,50383,0.850346842195862,0.37007541465901367,0.9999509294577419,20378.325131772992,1.1850172189094987,0.2755985981326302,0.8640586445650804,12289,0.9995940378375767,5.814943751726282e-05,0.9996697042334094,3027.0894881411073,306,919,0,68,4.209230177454478,6.775818823928442,-1.008734703788557,13.002518408960032,23715.65038524959,2,1,10,4,8,34,17,30,89,1,2,35,0.8,0.25,smart,302,1
914,28610.061356245456,25953.671359100725,5819,3.2410497402460416e-05,20707,5375,62405,0.8855969477776457,0.3685424198628924,0.9999614028931806,25908.177677696207,1.1119164733899705,0.20338998674428696,0.9071518944308432,8193,0.9993764407478305,4.291675889789146e-05,0.9994528630854098,1827.1960453228116,306,919,0,68,5.515138400099957,3.885648219700154,-0.7452688988387033,10.891324417477518,28610.06135614968,0,0,10,9,6,34,18,15,89,2,2,35,0.8,0.25,smart,303,1
874,18951.397345781534,16147.792569686953,5546,4.80146165196128e-05,14114,4383,39965,0.8447405079285237,0.3699860125947298,0.9999377407978942,16061.382675236637,1.2039690203550917,0.2926433285530001,0.8520634270422995,8193,0.9993354254883259,7.495815056752333e-05,0.9994735532891451,1899.0274474685625,306,919,0,68,3.51615613033011,5.3848696342865345,-0.8205480677811042,10.542121900178852,18951.397345746005,0,2,10,3,5,34,18,20,89,2,2,35,0.8,0.25,smart,304,1
885,23445.85537302386,20701.749242038477,5647,3.9511327295529486e-05,17170,4881,50397,0.8698411097110881,0.3689207296947955,0.9999515636075688,20645.133368011426,1.1485424764686951,0.24085280362589284,0.882959862742194,8193,0.999361769521986,5.563125411448594e-05,0.9994049158873715,1679.934663368342,306,919,0,70,4.51745175796557,5.396556434041897,-0.7810466314061407,11.476101454819748,23445.855372969818,1,3,10,8,9,34,16,25,89,2,2,35,0.8,0.25,smart,305,1
910,21873.6104253465,19471.48022327394,4949,4.230496956911978e-05,15965,4413,47225,0.8773430562970671,0.3688304684073736,0.9999485154462086,19422.80128430132,1.1374447082096473,0.22625437244988345,0.890181357564591,8193,0.9994188499088573,5.856083326481497e-05,0.9994489614363035,1814.2549746447708,306,919,0,68,4.096703607961566,4.451482152896117,-0.7106832986968147,9.969552358251311,21873.610425295632,0,1,10,3,8,34,19,23,89,2,2,35,0.8,0.25,smart,306,1
914,24912.16649481676,22520.275517250215,5137,3.744309568163025e-05,18053,4756,54236,0.8857344166570194,0.3685257477976857,0.9999555203977286,22481.7154149171,1.1161171121618378,0.20620446644288473,0.9039870346858752,8193,0.9993286668007868,4.964444523747051e-05,0.9993642419943068,1572.425480060066,306,919,0,68,4.7732924066688,4.435257372181785,-0.6779475265355486,10.564444831921683,24912.166494743873,0,1,10,9,6,34,20,16,89,1,2,35,0.8,0.25,smart,307,1
911,26156.36836392565,23620.873611494237,5459,3.5525054415122374e-05,18967,5008,56913,0.8839811105574238,0.3685804706951024,0.9999575873497629,23577.37108941077,1.1176995362345326,0.20870634348187825,0.9030639606709195,8193,0.9994088735020538,4.740459950073966e-05,0.9994096495980671,1693.4091896515677,306,919,0,68,5.029171380288086,4.527439677603888,-0.7131707413039791,10.982952540499932,26156.368363851856,0,0,10,6,8,34,23,17,89,2,2,35,0.8,0.25,smart,308,1
917,29240.069967494182,26618.923790731424,5615,3.219398544072245e-05,21119,5432,63904,0.8941050430020012,0.3683715849409477,0.9999623839292722,26583.882167864893,1.1065548907332368,0.19203100424322256,0.9103577323967879,8193,0.999367577388942,4.1624247034080475e-05,0.999491852515239,1967.4325559330453,306,919,0,68,5.552598867939439,3.9837743675895294,-0.8247337312775718,11.185840698084112,29240.069967409996,2,0,10,6,8,34,22,23,89,2,2,35,0.8,0.25,smart,309,1
910,21117.413515258067,18606.075934683005,5131,4.3933206555585964e-05,15477,4432,45340,0.8693878698631208,0.36893468131106144,0.9999461074851296,18554.952499522486,1.1513593138710616,0.24297483194580974,0.8810774066265012,8193,0.9993625503106522,6.204964894409994e-05,0.9994541213317533,1831.4088715686237,306,919,0,68,3.8755220787868265,5.8284850230613525,-0.765667704777116,11.235342511402411,21117.41351521594,0,3,10,2,6,34,20,20,89,1,2,35,0.8,0.25,smart,310,1
896,28879.930855716022,26220.704448098873,5787,3.226984544078058e-05,20891,5415,63023,0.8879764187898163,0.36848770163313926,0.9999618010579367,26178.235479705047,1.1105535401025175,0.2003813661781886,0.9079213028278139,8193,0.9993118521430143,4.242197033673221e-05,0.9994282639289178,1748.5587411412175,306,919,0,68,5.712072575455614,3.5668918464395807,-0.7343405619549663,10.747645545805128,28879.9308555994,2,0,10,10,4,34,20,19,89,2,1,35,0.8,0.25,smart,311,1
915,34646.991985692024,31873.954712572016,6241,2.6951280736218065e-05,24920,6135,76155,0.8971402395973558,0.368347574133092,0.9999685876688986,31834.13196954317,1.093771524824551,0.18013107754281557,0.9199631161555043,8193,0.9994327871615288,3.435791328706015e-05,0.999467989315768,1879.161454263769,306,919,0,68,6.8348245423420515,3.796609474405568,-0.7382884599618049,12.108010936671228,34646.99198554014,4,0,10,10,5,34,24,18,89,2,2,35,0.8,0.25,smart,312,1
914,32321.83960824467,27946.00497685527,9056,2.748813280505962e-05,23974,7057,68686,0.8455833132401722,0.37026392293324495,0.9999640018444186,27778.70101018169,1.1853370808070174,0.2801820722385489,0.8646167828184752,16385,0.999672579434827,4.2669948651553526e-05,0.999693298543032,3259.9996469396337,306,919,0,70,5.932715873175428,6.623279079431642,-1.1398967325351168,14.835788417677303,32321.839608097187,3,0,10,9,4,34,20,21,89,2,2,35,0.8,0.25,smart,313,1
905,23849.430134838556,20937.47296278217,6050,3.819161929294336e-05,17529,5027,51103,0.8611447484930908,0.36930284153947224,0.9999520648427128,20861.014938137316,1.1584641699785931,0.25367482433730504,0.8779024422976596,12289,0.9994152423585662,5.5531162199670484e-05,0.9994726928153357,1895.9277482003524,306,919,0,68,4.486660530355678,4.621496732733082,-0.7839317646208864,10.676020792330533,23849.430134768954,1,1,10,9,4,34,25,17,89,2,2,35,0.8,0.25,smart,314,1
911,21887.595473667592,19138.51863186827,5644,4.157473370144292e-05,16118,4670,46799,0.8597329968821382,0.3694219637723999,0.9999475422276866,19062.452078779894,1.1646403473230358,0.2578629528670773,0.8744002352790802,8193,0.9994944102969907,6.109443816702603e-05,0.9995489212841904,2216.4079320120536,306,919,0,68,3.9975955600126944,4.095510616628189,-0.8075845659143414,9.708275308469567,21887.59547359765,1,0,10,5,3,34,14,14,89,2,2,35,0.8,0.25,smart,315,1
910,42695.88541536078,39893.906245039034,6711,2.1867702652131347e-05,30503,7020,94651,0.9067395679171013,0.3682181047764191,0.9999749109840314,39857.57977471638,1.074799597605504,0.15718142239499197,0.9343735551315285,12289,0.9994796535380851,2.6965664267728917e-05,0.9994943337143364,1977.0887913390245,306,919,0,68,8.614708820569504,5.152738601123696,-0.769002259682624,15.305451941058449,42695.88541514718,1,2,10,10,7,34,22,22,89,2,2,35,0.8,0.25,smart,316,1
881,21757.831097335144,19123.962489814538,5447,4.215993171924222e-05,15976,4583,46652,0.8637600007601737,0.3691645474525838,0.999947535519945,19060.01482301552,1.1560853790956385,0.25034664418675157,0.878946178240937,8193,0.9993678313268783,6.06534183137091e-05,0.9994845143086095,1939.4180123760118,306,919,0,68,4.139318844543299,4.135083051109134,-0.8000298722041674,9.874461640060765,21757.831097272585,1,1,10,5,8,34,18,17,89,2,2,35,0.8,0.25,smart,317,1
899,19929.50256186242,16656.071877485774,6173,4.62716053201513e-05,14950,4891,41602,0.8413962817179175,0.37015540060414953,0.9999396120594916,16559.097682525204,1.2333578584798228,0.3097418001698047,0.8357495038214972,12289,0.9994053160448518,7.447994098425967e-05,0.9994842410933764,1938.3903710330585,306,919,0,72,3.5233760253371225,9.286205568545276,-0.9103286602751416,14.630238914432683,19929.50256182713,0,3,10,4,11,34,15,26,89,2,2,35,0.8,0.25,smart,318,1
916,23676.093413667168,20942.65854732151,5746,3.8684092043787134e-05,17338,4876,50939,0.8664633676335713,0.3690741576073188,0.9999521032372112,20877.7377259567,1.147141845952152,0.24269206492837567,0.8845487378940747,8193,0.9994406301822293,5.494438088086837e-05,0.9995156905303815,2064.295431806494,306,919,0,68,4.365412437318429,4.596827515204374,-0.8040402730773478,10.570320498677498,23676.093413612656,0,2,10,4,7,34,19,22,89,2,2,35,0.8,0.25,smart,319,1
917,27995.482037667683,25157.209490403347,5985,3.308189224638299e-05,20352,5449,60751,0.8822772641589951,0.36875535996972203,0.9999601609040324,25100.471183703252,1.1249057980666777,0.2137844953677609,0.8986167645391687,8193,0.9996700854936081,4.481523004391431e-05,0.999679709391964,3121.664579167215,306,919,0,70,5.2623352543374855,4.329434259417415,-0.8435495957304462,11.278868705215793,27995.48203756147,1,0,10,4,5,34,22,21,89,2,2,35,0.8,0.25,smart,320,1
914,20862.446311467334,18121.11982000939,5540,4.388576097771414e-05,15399,4565,44449,0.8574704894384927,0.36941715259593233,0.9999445988574508,18049.669251582814,1.173490233879219,0.26554891585052814,0.8685999498557782,8193,0.9994222212707208,6.501269972748699e-05,0.9994339829164469,1766.2310799475422,306,919,0,68,3.82016608592801,4.514545522515431,-0.7449206342974778,9.824552877038398,20862.44631143048,1,1,10,6,6,34,16,20,89,2,2,35,0.8,0.25,smart,321,1
907,30918.91274394983,28008.406251807286,6423,2.947512861308814e-05,22418,5794,67385,0.8814822816237745,0.36882819050628834,0.9999642093323609,27939.744366928117,1.1153941294539014,0.20773692960005016,0.9058664670311841,12289,0.9996098937326255,3.99207005740028e-05,0.9996262904789422,2675.3750634160397,306,919,0,68,5.973142814041159,3.4141062582644155,-0.8446990258303116,11.076647123966199,30918.91274381712,1,0,10,8,4,34,22,13,89,2,2,35,0.8,0.25,smart,322,1
917,27991.240488062926,25347.547722113926,5859,3.28101951619774e-05,20284,5279,60995,0.8809997430184668,0.36866885132828514,0.9999604676273426,25295.224305134212,1.1148457580972753,0.20931548219517512,0.9055528543982743,8193,0.9994429576687148,4.407249796456264e-05,0.9994447194685168,1800.391473048781,306,919,0,68,5.373468943418001,4.58370475698782,-0.7314908140443357,11.420155328494493,27991.240487964817,2,2,10,8,7,34,25,17,89,2,2,35,0.8,0.25,smart,323,1
918,24574.053763117834,22046.81138932102,5354,3.740123607141949e-05,17884,4800,53278,0.8792982112042447,0.3688450490161843,0.9999545292835661,21991.676025668956,1.127547512877901,0.21787207156011004,0.8971581002402687,8193,0.9995203210476209,5.127039322379467e-05,0.9995269525993714,2113.4530203927934,306,919,0,68,4.604806145727811,5.3510146116466455,-0.749018203522249,11.453857164418956,24574.05376305778,1,2,10,5,8,34,22,21,89,2,2,35,0.8,0.25,smart,324,1
906,36136.262757992314,32845.93813627575,7573,2.512554805944853e-05,26160,6686,78901,0.8777489397636826,0.368773239565739,0.9999694845106719,32769.74297958704,1.1108786603466159,0.20956788062775164,0.90894673741576,12289,0.999621841312334,3.3899005904744625e-05,0.9996280298958868,2687.8880650889237,306,919,0,68,7.0350971988479305,4.9182383495280915,-0.9420027476930202,13.837341043762061,36136.262757830504,1,0,10,8,5,34,23,24,89,2,2,35,0.8,0.25,smart,325,1
898,35495.87676626329,32391.032577106034,6834,2.626645410030679e-05,25621,6513,77675,0.8915657048773455,0.3684384426598611,0.9999690817129503,32342.818318786813,1.1040782838798506,0.1925294040488474,0.9125294408248503,12289,0.9994793970110596,3.413620930647524e-05,0.9995107943769281,2043.630183484641,306,919,0,68,7.043803968475491,4.500646211148057,-0.8617365139543754,13.2679232075323,35495.8767661101,3,0,10,8,3,34,28,22,89,2,2,35,0.8,0.25,smart,326,1
910,31643.49825188709,28718.57463372046,6443,2.9158970822585443e-05,22905,5921,69037,0.8847925974658045,0.36861629363477766,0.9999651129630894,28663.441923815804,1.111767129903957,0.20361212748074609,0.9075663634000327,12289,0.9995121943092268,3.8786260897260235e-05,0.9995584578703769,2264.2895108069856,306,919,0,68,6.106441261567821,5.588840350815944,-0.8481737388159976,13.39162909001576,31643.498251746376,0,1,10,7,6,34,18,23,89,2,2,35,0.8,0.25,smart,327,2
910,30548.828914297632,26068.85688594865,8652,2.9259391657948354e-05,22798,6925,64470,0.8498875024576159,0.3707832203632395,0.9999613643859264,25882.35507695502,1.207151019380271,0.2832187127130966,0.8533504495076655,16385,0.9997300940593662,4.6639020913443413e-05,0.9997569127277932,4113.248885315736,306,919,0,70,5.422830435471521,10.650279844579721,-1.2911978973150147,18.65550607468127,30548.82891417874,1,2,10,6,10,34,20,26,89,2,2,35,0.8,0.25,smart,328,1
912,21884.60509009914,19316.92013820528,5283,4.2187322548995015e-05,16032,4554,47032,0.869340379710294,0.36896542231037194,0.9999480849552254,19261.738992883424,1.149282639387073,0.24140257401263746,0.8826716341774196,8193,0.9993506931820245,5.966505968270533e-05,0.9993844308444575,1624.0127934193752,306,919,0,68,4.088369538643387,5.719092376600923,-0.7108859635562966,11.229233842356903,21884.605090030556,1,1,10,7,10,34,23,24,89,2,2,35,0.8,0.25,smart,329,1
913,58535.47828685847,55021.83689087717,8231,1.6194862093141256e-05,41695,9346,130197,0.9180108075392673,0.3681036010154184,0.9999818146879729,54988.93314695749,1.0672615433951893,0.14061557607274056,0.9399741575739353,12289,0.999497384463784,1.9408484181187715e-05,0.9996462363784118,2826.246246772257,306,919,0,68,11.590602443405706,6.148659665747,-1.2320653082875883,20.20339272572788,58535.47828647988,1,0,10,9,6,34,28,26,89,2,2,35,0.8,0.25,smart,330,1
904,33915.387658118234,30664.34904311168,7013,2.7478688936389684e-05,24578,6471,73844,0.8851048126998983,0.36854882398414024,0.9999673317876216,30610.296462611754,1.1160307735799517,0.2067792964861281,0.9041426668101681,12289,0.9993763347174717,3.645873033205888e-05,0.9995077854670192,2031.134404920181,306,919,0,68,6.604097960727221,4.085179754167065,-0.8993063883882422,12.487890491670768,33915.38765800189,2,0,10,6,4,34,15,18,89,2,1,35,0.8,0.25,smart,331,1
907,63395.718645841116,60417.88999405264,6945,1.5314601328717146e-05,44873,9381,142091,0.9369352175107077,0.3679539933383595,0.9999834451671051,60404.82129365519,1.0509783652886022,0.10954998457858173,0.9530279218313771,12289,0.9995941992573357,1.7398771213525524e-05,0.9997555078182027,4089.610316275568,306,919,0,70,12.539201480185245,6.247764859352592,-1.4400088054453295,21.666983950428495,63395.71864533465,1,1,10,5,10,34,22,22,89,2,2,35,0.8,0.25,smart,332,1
904,29374.87371527077,26970.838131000983,5215,3.2141777668681075e-05,21137,5258,64499,0.9013551089013337,0.3682725094424481,0.9999628841196038,26942.14528308774,1.0956711746756858,0.17753267811629567,0.9181601389142303,8193,0.999261290481137,4.06668002729044e-05,0.9994157614495938,1711.1295575699455,306,919,0,68,5.751296767615683,6.047006513108042,-0.747569098574826,13.293441477873378,29374.8737151811,0,4,10,7,10,34,24,24,89,2,2,35,0.8,0.25,smart,333,1
918,24381.241729613932,21563.944950877398,5706,3.823120352652716e-05,17836,5052,52456,0.8750572430477466,0.3688255686580932,0.9999535125485584,21510.681379241094,1.145688316513377,0.23403237879674443,0.8844481831573577,8193,0.9994839353141469,5.3260129981491e-05,0.9994975258689951,1989.652163564678,306,919,0,68,4.53036236532198,8.395927589906522,-0.7814550049507148,14.48919996512993,24381.241729551668,1,2,10,6,10,34,25,26,89,1,2,35,0.8,0.25,smart,334,1
898,24213.050969709388,21598.151392207557,5426,3.8552290688256356e-05,17647,4871,52334,0.8786116889389751,0.3686785468197057,0.9999536028054701,21552.52728865776,1.133841213562983,0.22409402296257275,0.8920045399989832,8193,0.9993979464084176,5.2607051352066106e-05,0.9993981299201848,1660.9880907698953,306,919,0,68,4.6833813561803534,6.611470758218965,-0.7092803297073085,12.713412773813936,24213.050969635602,2,1,10,6,7,34,19,25,89,2,1,35,0.8,0.25,smart,335,2
913,22702.012299716505,20113.833637056923,5355,4.065667631455872e-05,16605,4659,48888,0.871772910979802,0.36894045752574095,0.9999501463463093,20058.21036046852,1.1441775284393567,0.23588217332024225,0.8859934252307712,8193,0.9993943324290201,5.704143026379347e-05,0.9994618964349855,1857.878276748555,306,919,0,68,4.246109493449149,4.186697070735911,-0.7269490606944345,9.88670468557393,22702.012299665457,1,2,10,7,8,34,13,20,89,2,2,35,0.8,0.25,smart,336,1
880,21715.72131112134,19269.39521034817,5017,4.296967230992634e-05,15862,4452,46804,0.8757780610504505,0.3687431393181117,0.9999479861878678,19225.162545820338,1.1410014572823544,0.23103077849090964,0.8873476931424643,8193,0.9992242115306028,5.934783544179867e-05,0.9994184037676342,1718.9058629579808,306,919,0,68,4.185708075735931,3.8835669817199516,-0.7496831313257383,9.568641320107359,21715.721311071346,0,0,10,4,4,34,17,19,89,2,2,35,0.8,0.25,smart,337,1
881,24510.017132741774,21653.18172179513,5880,3.775164079281493e-05,17946,5089,52700,0.8702511622681972,0.36893565891737035,0.9999536906189913,21593.396917637612,1.1479023900332053,0.23990191308945213,0.8834421291721443,8193,0.9993984970174751,5.31586491411373e-05,0.9994883723733026,1954.0464826359637,306,919,0,68,4.682112630595097,8.88511961906216,-0.8820229273299122,15.33127810431708,24510.01713265967,0,2,10,5,10,34,19,22,89,2,2,35,0.8,0.25,smart,338,1
915,24820.00692548157,22044.40246633471,5797,3.699344371075307e-05,18143,5035,53519,0.8718721921603974,0.3690152331643078,0.9999545045882653,21979.73848335922,1.1414601598192688,0.23356157866533406,0.8881706815199446,8193,0.9996216157709453,5.193119995009119e-05,0.9996236192271425,2656.3838269832418,306,919,0,68,4.652197825561191,4.091926152990464,-0.7729403002132836,10.290004578978223,24820.006925418224,2,0,10,10,5,34,20,19,89,2,2,35,0.8,0.25,smart,339,1
897,20234.052221090147,17990.561618638556,4664,4.5887134750067546e-05,14771,4112,43657,0.8747152470273905,0.368784046408156,0.999944284101034,17947.698239628226,1.13864947050783,0.23050251867684063,0.889123020048689,8193,0.9993759928749565,6.344087885664466e-05,0.9994018141646174,1671.2212461785848,306,919,0,68,3.8316143586297478,3.638248349307941,-0.6798800050375537,8.829622718012796,20234.05222104785,1,1,10,7,5,34,11,17,89,2,2,35,0.8,0.25,smart,340,1
916,22219.336984743622,20012.48209974682,4651,4.204267865717452e-05,16126,4305,48278,0.8854285992887536,0.36854948935599374,0.9999499440448791,19977.14296728742,1.1207978434334642,0.20932217748862164,0.9006786347174947,8193,0.9994849312232132,5.610260655050974e-05,0.9994962624404728,1984.6606455301703,306,919,0,68,4.1726548944715915,4.044883448802081,-0.6787287266411407,9.574995796555955,22219.336984696314,1,1,10,3,9,34,12,19,89,2,2,35,0.8,0.25,smart,341,1
895,49492.27672922412,47339.19834543292,5273,1.9441545156547765e-05,34982,7165,111152,0.9364618538777443,0.3679699846742847,0.9999788708195484,47327.41232736873,1.047056128361863,0.10654187579304485,0.9564966793592695,8193,0.9994079242268582,2.2123437879376853e-05,0.9994122943959721,1701.032135060173,306,919,0,68,10.365993264197327,4.01230520828314,-0.6937333791391856,15.765765230758838,49492.27672893089,2,1,10,9,5,34,28,20,89,2,2,35,0.8,0.25,smart,342,1
908,42195.83055558949,38439.11581005519,8314,2.1907745188605767e-05,30491,7777,92248,0.8882335935447281,0.3685445134137223,0.9999739394842243,38371.7259586307,1.1067968027471324,0.19703368533170587,0.9109695271767398,12289,0.9995886972467524,2.8843695538493864e-05,0.9996667030227832,2999.827212960616,306,919,0,68,8.199247052947435,3.957926945842152,-1.0949887522065946,14.347151503202776,42195.83055539929,3,0,10,8,3,34,18,20,89,2,2,35,0.8,0.25,smart,343,1
915,50665.14296625825,47392.03173238445,7794,1.8540113446600115e-05,36174,8295,112387,0.9092669106284149,0.36818034241586595,0.9999788825898617,47353.79171534076,1.0733047947347345,0.15383357361076852,0.9353971775811702,12289,0.9994464207746435,2.2665417553597307e-05,0.9995380580809184,2164.2742733579817,306,919,0,68,10.071724363116973,4.843028615121957,-1.0026238261599802,16.92000063055889,50665.14296594206,1,0,10,11,8,34,26,18,89,2,2,35,0.8,0.25,smart,344,1
894,20305.514625678145,18017.532271534903,4745,4.584148977425373e-05,14831,4166,43764,0.8735176227492576,0.3686964536305513,0.9999443769026749,17977.643034673598,1.1407931863645029,0.2336803615900245,0.8873221193197496,8193,0.9996126092760055,6.345445043321436e-05,0.9996133312572263,2585.6929784260487,306,919,0,68,3.8525094711412997,4.9857643531506675,-0.6901112504767537,10.218496325245475,20305.5146256327,1,1,10,6,6,34,18,23,89,2,2,35,0.8,0.25,smart,345,1
887,31743.662844652936,28436.175456900302,7140,2.898026674065003e-05,23113,6254,68766,0.8743764248392025,0.36882115852763886,0.999964746958403,28365.846692225987,1.1293577391292997,0.22492678412512493,0.8958063723163011,12289,0.9996107980503431,3.9813295355625285e-05,0.999620180211486,2632.327509825722,306,919,0,68,6.165065144919996,4.4238870885403685,-0.9924687546383074,12.573889742736979,31743.662844541075,0,1,10,7,5,34,16,16,89,2,2,35,0.8,0.25,smart,346,1
904,32570.184508432623,29749.313467106367,6197,2.8685875904463534e-05,23497,5955,71310,0.893047568141815,0.36840694704131993,0.9999663392300676,29707.673696390495,1.1027230397027568,0.1902660391253098,0.913391002111274,8193,0.9994360177668224,3.711850653874497e-05,0.9994564730458139,1839.335113370268,306,919,0,68,6.462363373715371,4.408333701838837,-0.7434296590953082,12.357556393744824,32570.18450830427,2,2,10,10,5,34,24,18,89,2,2,35,0.8,0.25,smart,347,1
914,17150.177227885648,14908.1772519926,4564,5.3186010840040076e-05,12658,3737,36554,0.8562923493882192,0.36946213886998536,0.9999326509919751,14847.52863396266,1.1727694780500943,0.26611969890194953,0.8692724893683532,8193,0.99941616498842,7.898486098853007e-05,0.9994194628202895,1722.0425121009612,306,919,0,68,3.130190616292635,4.47697649141878,-0.6225833941758863,8.852333896063188,17150.17722784114,0,0,10,3,5,34,15,19,89,2,2,35,0.8,0.25,smart,348,1
872,29811.115705470416,22793.79307671667,12563,2.7265780826267346e-05,23750,7978,59488,0.7787825376082292,0.38416348773064013,0.9999541011941534,21786.559192053173,1.5352750729222007,0.4214199872329722,0.7646071788092772,24577,0.9998528848231235,7.04672924933015e-05,0.9998725238631101,7844.105453563409,306,919,0,72,4.67946233677236,12.799972527192134,-2.157949522255801,21.795333908476096,29811.115705362787,3,1,10,5,3,34,14,17,89,2,1,35,0.8,0.25,smart,349,2
903,25794.278412785465,22958.49970722529,5931,3.604696884262867e-05,18821,5227,55685,0.8746927389762195,0.3687650003962741,0.9999563425468809,22905.096373515833,1.1371546588304147,0.2299347128493495,0.8900617160061914,8193,0.9994194162310558,4.964527620716742e-05,0.9994423031037114,1792.588648563097,306,919,0,68,4.925220446282228,6.030176035525858,-0.7877980282916642,12.530992538391416,25794.278412701125,2,2,10,10,8,34,22,23,89,2,2,35,0.8,0.25,smart,350,2
894,23778.334889280974,20885.91565370081,5830,3.9092412876609926e-05,17450,5045,50969,0.8694011017660809,0.36898613280906095,0.999951983992148,20825.88779322451,1.1557579068586,0.24518117131187783,0.8783590504108832,8193,0.999507511849835,5.5494880731024224e-05,0.999536586152664,2157.3983620117833,306,919,0,68,4.487585721983494,5.10777424927668,-0.8319522845520249,11.259264540364223,23778.33488921377,1,1,10,8,7,34,20,24,89,2,2,35,0.8,0.25,smart,351,1
910,21298.31287264898,18440.31378379352,5686,4.3171039528167554e-05,15739,4715,45300,0.8583249696044476,0.3694158856258845,0.999945557800497,18367.60431763787,1.1778732120535775,0.26696950288968135,0.8658110101985746,8193,0.9994272032162606,6.412600839986128e-05,0.9994823258305946,1931.2169694029749,306,919,0,68,3.8878349565871297,4.8492202553942105,-0.7931129274983385,10.323281066978018,21298.312872588882,0,0,10,6,6,34,24,21,89,2,2,35,0.8,0.25,smart,352,1
911,23713.72009750545,21239.39748172699,5211,3.911186441612309e-05,17259,4684,51368,0.8794200201675182,0.36870060018166406,0.9999528162098622,21193.219217851874,1.1288195974445696,0.21974620509028306,0.8956586058364269,8193,0.9993745528913636,5.326198698927912e-05,0.9994383499578299,1779.968082653768,306,919,0,68,4.481187025482531,4.6427502629618855,-0.7248986161067336,10.573734520657883,23713.720097439098,1,2,10,6,8,34,18,26,89,2,2,35,0.8,0.25,smart,353,1
897,19687.88881651346,17100.037978916916,5134,4.724356104097306e-05,14516,4339,41948,0.8626320997069175,0.369121382776118,0.9999413314724871,17044.413893452904,1.171716970727426,0.2607694531317037,0.8685562041865073,8193,0.9992847170018906,6.874290933490313e-05,0.9993457497389823,1527.9670467879914,306,919,0,68,3.666985531824281,8.984429538075544,-0.7227332678353897,14.096881605570605,19687.88881647362,1,3,10,5,9,34,17,26,89,1,2,35,0.8,0.25,smart,354,1
914,22999.142965305215,20192.112007056567,5710,4.027713497896424e-05,16884,4883,49286,0.866837156772656,0.36902082281808984,0.999950329113133,20132.017514162737,1.156625849528957,0.24827012070030952,0.8779506278784769,8193,0.9994406904180206,5.745063171975647e-05,0.9994635227132634,1863.511768499404,306,919,0,68,4.205974827619994,4.675370173566836,-0.8266603945323387,10.534665790251507,22999.142965236162,1,1,10,5,4,34,19,17,89,2,2,35,0.8,0.25,smart,355,1
909,25543.436039932705,22864.387401436474,5620,3.647501602792229e-05,18590,5067,55314,0.8798648172358587,0.36866132278381303,0.9999561750243668,22817.538923982916,1.1292672876899597,0.22001738494437909,0.8951179224945303,8193,0.9993653367285659,4.9490111366380326e-05,0.9994070720865883,1686.0456121644934,306,919,0,68,4.8818834920748895,5.13508142580437,-0.7382344484850497,11.493433814849359,25543.43603984492,2,1,10,5,7,34,19,21,89,1,1,35,0.8,0.25,smart,356,1
896,22644.678592283708,19744.393051572948,5757,4.1104542755322536e-05,16668,4927,48348,0.8660361854496463,0.36904665534966835,0.9999491983347873,19683.89411580314,1.1660253329973915,0.25423191486417157,0.87192198251385,8193,0.9994314770504609,5.923602859663072e-05,0.9994447978474157,1800.6457081905996,306,919,0,68,4.216545195559022,4.759964685545025,-0.8380705616306621,10.65265100436537,22644.678592209784,0,0,10,4,7,34,20,16,89,2,2,35,0.8,0.25,smart,357,1
912,38922.50732049345,36077.78873809286,6447,2.4187636649396952e-05,27898,6665,85907,0.9052598846205957,0.36822787895447834,0.9999722561175718,36043.48203904707,1.0841939632004924,0.16563681129055963,0.9269132751655289,12289,0.9994602166658637,3.007974984445776e-05,0.9994759383730359,1907.6724851720005,306,919,0,68,7.785245064797342,4.566792924045878,-0.7503925054436242,13.85282299973047,38922.507320298806,4,0,10,10,6,34,25,24,89,2,1,35,0.8,0.25,smart,358,1
910,23397.996254198682,20667.882537792335,5554,3.973167540288738e-05,17129,4867,50306,0.872762095451935,0.3688863122310133,0.9999514891545499,20613.44705710734,1.1477665666701957,0.23737075344660574,0.8833184822005243,8193,0.9994983740049292,5.5679126528716134e-05,0.9995597338891445,2270.8535273031594,306,919,0,68,4.298413264369033,5.8350410200459875,-0.8440034947825968,11.821461273980214,23397.996254139918,0,4,10,4,8,34,17,26,89,1,2,35,0.8,0.25,smart,359,1
902,31261.774553032963,27601.60818039718,7560,2.9444093568551583e-05,22907,6488,67194,0.8685541236143948,0.36906920328056997,0.9999636586922271,27516.3963687323,1.14952903104238,0.24182888233600106,0.8829187906007504,12289,0.9996084541716629,4.177538831089424e-05,0.9996587537813271,2929.935373564442,306,919,0,68,5.867867377285775,9.955068550387242,-1.0637899515209561,17.950515830714927,31261.774552918356,2,4,10,6,10,34,16,28,89,2,1,35,0.8,0.25,smart,360,1
904,26733.26407741399,24236.000015589532,5273,3.5158782575626214e-05,19343,5050,58293,0.8921542865007787,0.3684238044202603,0.9999586802554632,24201.00489960021,1.1119354942539346,0.19724490001409797,0.9065858903502056,8193,0.9994861644538439,4.594489056417846e-05,0.9994977594034694,1990.5775550246562,306,919,0,68,5.145873909610288,4.185627882848563,-0.7685650455485301,10.868631883555912,26733.264077317857,1,1,10,3,8,34,23,21,89,2,2,35,0.8,0.25,smart,361,1
909,17900.52095140063,15316.542764073336,5091,5.158033088337512e-05,13288,4123,37835,0.8505155483961707,0.36947799649597557,0.9999344384126739,15252.333868532305,1.1948066058072022,0.28440513065635964,0.8556478778275383,8193,0.9994976094178871,7.833341762444757e-05,0.9995299609068733,2126.98257795381,306,919,0,68,3.227126001951267,8.018119585630028,-0.7113824581966353,12.668010503974564,17900.520951372215,1,2,10,4,13,34,17,30,89,2,2,35,0.8,0.25,smart,362,1
910,22721.042516812653,19963.10482903917,5713,4.031428690939356e-05,16687,4789,48708,0.8629235741378602,0.3691968040279436,0.9999497374994478,19895.048148292983,1.1567547160668914,0.25144092731539985,0.8786174672340532,8193,0.9994861846419906,5.8141384555010466e-05,0.9995234166107113,2097.768642053114,306,919,0,68,4.180084471050299,4.02005912344478,-0.8135512469196894,9.827246088334457,22721.04251676345,1,1,10,4,3,34,20,17,89,2,2,35,0.8,0.25,smart,363,2
901,21966.22409179246,19518.555118051798,5081,4.2287741057819774e-05,16040,4475,47378,0.8744274093308004,0.3687922551479476,0.9999486450578523,19471.82258395346,1.1394775232509098,0.23130966791413565,0.8885712463137796,8193,0.9992813997486288,5.8517802285369706e-05,0.9993184482691954,1466.7399996648883,306,919,0,68,4.199823694039224,4.686922950189835,-0.6761416981339845,10.23903004049703,21966.224091740303,0,2,10,8,7,34,23,23,89,2,2,35,0.8,0.25,smart,364,1
905,31082.74747190102,28608.00346806053,5520,3.004150138146725e-05,22352,5489,68338,0.8990399166131576,0.36833952583686264,0.9999650021389964,28572.67479475545,1.0931980709534135,0.1775904786084342,0.9203820702761983,8193,0.9994541465933992,3.825959413692703e-05,0.9994826193131445,1932.312729762124,306,919,0,68,6.078071505235043,4.738143841497193,-0.7910439581379332,12.398303263008103,31082.74747176272,1,3,10,8,7,34,22,23,89,2,2,35,0.8,0.25,smart,365,1
905,23950.712928088193,21472.340548169417,5210,3.8912714118398905e-05,17419,4723,51909,0.8810580478822443,0.3686267555084428,0.9999533366157678,21429.578771020784,1.1271475488161085,0.21753005915285192,0.8965219788087283,8193,0.9993139679558328,5.259651915679205e-05,0.9993683978316463,1582.775069103458,306,919,0,68,4.562567102474694,4.729676619511971,-0.7304081302322926,10.75305998245125,23950.712927999113,0,1,10,7,7,34,24,16,89,2,2,35,0.8,0.25,smart,366,1
914,19850.887274664005,17179.63507038164,5303,4.65385098514949e-05,14666,4412,42213,0.8587842397144889,0.3693094133985737,0.9999415761491841,17115.79729554794,1.1778438514961058,0.26714171143212834,0.8654341154971079,8193,0.9992712673761903,6.8814173464374e-05,0.9993477621303469,1532.6829246117707,306,919,0,68,3.638879540663935,7.289003026970975,-0.7048594691016478,12.337601505838206,19850.887274628716,1,2,10,7,8,34,20,25,89,1,2,35,0.8,0.25,smart,367,1
914,22143.232025055808,19335.76466737025,5566,4.211239324863699e-05,16287,4797,47315,0.8677403212254649,0.3690202439401029,0.9999481296894773,19278.35122913777,1.1638001206465387,0.2513634863104846,0.8732132981080263,8193,0.9994500375397988,6.036667364437116e-05,0.9994733276899415,1898.2137880239986,306,919,0,68,4.071514468020852,6.704438806735378,-0.7738317081274938,12.323616691011217,22143.232024997942,0,2,10,8,10,34,22,23,89,2,2,35,0.8,0.25,smart,368,1
906,25533.815736624652,23161.97541335682,5113,3.655003298000861e-05,18476,4805,55694,0.8887403362304732,0.3684801138924303,0.9999567572594846,23124.768841107103,1.1116167404099027,0.20024425854480196,0.9071098363153862,8193,0.9993818108575852,4.8069354258305135e-05,0.9993874775066945,1632.0930552013508,306,919,0,68,4.983916061778433,4.042378197849206,-0.652687853575598,10.331669966778835,25533.81573655376,2,0,10,6,4,34,22,18,89,2,2,35,0.8,0.25,smart,369,2
910,24075.933394752105,21134.518653881743,6181,3.7506206429677385e-05,17707,5055,51585,0.8580104685758052,0.3694525928392919,0.9999524935250127,21049.26216566708,1.1595837948000765,0.25672940270499706,0.8778275926983786,12289,0.9995077362787298,5.5087738543173384e-05,0.9995409937521084,2178.119543921385,306,919,0,68,4.441638804905899,6.104631779380485,-0.8497751279937372,12.245820840273858,24075.933394693344,1,3,10,6,9,34,21,18,89,2,2,35,0.8,0.25,smart,370,1
899,43753.00542891896,39453.05281242467,9292,2.1196747616032875e-05,31751,8426,95123,0.8816523019784123,0.3686240408286723,0.9999746039198711,39375.65548825985,1.1198455689627993,0.2123739822878171,0.9017221200157328,12289,0.9995460299482865,2.843968780150401e-05,0.9995861106526612,2415.604671819873,306,919,0,74,8.507748595840571,9.317879503476522,-1.2259567275569356,20.277541554430965,43753.00542867179,0,1,10,7,7,34,20,21,89,2,2,35,0.8,0.25,smart,371,1
912,31132.024958766277,26464.869992357177,9523,2.740712405467951e-05,23398,6923,65554,0.8296891669995416,0.3725062203376583,0.9999617858584334,26167.823005142207,1.2244968484532277,0.30589079934932006,0.8500850820789637,16385,0.9997611594995476,4.679309591482698e-05,0.9997949413487792,4876.15353567008,306,919,0,68,5.51464593095238,4.795051602464409,-1.3125525248913466,12.934802583199481,31132.02495864739,2,0,10,7,4,34,23,16,89,2,1,35,0.8,0.25,smart,372,1
908,26353.852138711318,23283.99357552718,6354,3.4933893174493776e-05,19302,5459,56666,0.8688429009863321,0.3690100114510231,0.9999569259890287,23215.355159453462,1.1482804450833215,0.24110327274192203,0.883513857973165,12289,0.999439898238379,4.946104448966268e-05,0.9994881059616636,1953.0292526711264,306,919,0,68,4.953347803258378,4.774886805365781,-0.8514654431361202,11.4311654948964,26353.85213863102,0,1,10,7,4,34,27,19,89,2,2,35,0.8,0.25,smart,373,1
915,37733.73021449944,35309.50025033171,5809,2.4746176174055687e-05,26940,6156,83719,0.9085756254852727,0.3681977094059031,0.9999716549562535,35279.036305419184,1.0729928587925452,0.15394714402680107,0.9357542985973806,8193,0.9995070600531859,3.04140295226788e-05,0.9995072618201661,2028.975329270424,306,919,0,68,7.597924463670899,3.3081560262806486,-0.649885419242034,12.205851328435616,37733.730214326664,4,0,10,11,3,34,23,13,89,2,1,35,0.8,0.25,smart,374,1
914,20098.826995413725,17173.993604295025,5703,4.5734436777286823e-05,14937,4630,42450,0.8513607501667161,0.3696888944161478,0.9999415021747006,17094.15257205996,1.1980444334057756,0.28374790236770264,0.8544774084683595,8193,0.999380318349955,7.008299396691557e-05,0.9994452104761796,1801.985323546534,306,919,0,68,3.61862700529462,6.253612192857387,-0.7793657726875572,11.430970743527121,20098.82699537855,1,2,10,5,7,34,17,28,89,1,2,35,0.8,0.25,smart,375,1
915,30639.961055742508,27483.285391118203,6859,2.9860188988967998e-05,22304,5991,66421,0.8741478668252235,0.36888521941484237,0.9999635193449142,27411.288454401885,1.1280811037984948,0.22385798687934344,0.8969752063691777,12289,0.9995325761967813,4.115313765677909e-05,0.9995555877500838,2249.662959563729,306,919,0,68,5.8631008253878285,4.986230406615469,-0.8341584217426209,12.51764807548854,30639.961055621807,2,1,10,9,6,34,17,16,89,2,2,35,0.8,0.25,smart,376,1
914,34765.529451954266,32178.426199070273,5856,2.691565444113556e-05,24938,5982,76671,0.9033796888053014,0.3682790926108543,0.999968890139997,32143.64979120241,1.0861811349289114,0.1684427101302442,0.9255842412393186,8193,0.9995606518500745,3.379094304563742e-05,0.9995634675216222,2290.280259541111,306,919,0,68,6.846441150052728,4.416787482465886,-0.7608957103024114,12.785020053123437,34765.529451822986,0,2,10,7,7,34,24,23,89,2,2,35,0.8,0.25,smart,377,1
911,22174.32578665015,19586.03978747669,5285,4.190675056473524e-05,16233,4615,47674,0.871977633089272,0.3688741366038662,0.9999488116629827,19535.200084238433,1.1477224165007993,0.2383387008403108,0.8832755492060229,8193,0.9993511517431827,5.875000185837602e-05,0.9994016154456916,1670.6660803280606,306,919,0,68,4.130312149788755,3.89244545779134,-0.737816453194425,9.498390513968944,22174.325786588382,0,0,10,6,5,34,21,19,89,2,2,35,0.8,0.25,smart,378,1
910,31616.90893103838,29370.852203905404,5169,2.9718331650828103e-05,22640,5356,69867,0.9055415239351504,0.368215096211323,0.999965922195959,29344.113834303622,1.081520885770689,0.16348846787250548,0.9289602683161725,8193,0.9993844129173782,3.685585681166466e-05,0.9994898856013389,1959.844544154072,306,919,0,68,6.199861591940372,3.3056967150170586,-0.74890960166805,11.00337751029353,31616.90893091832,1,0,10,9,3,34,24,14,89,2,2,35,0.8,0.25,smart,379,1
914,25893.11110350575,22909.842767751372,6167,3.5854258568028966e-05,18943,5358,55719,0.8710711657890593,0.36887105257290864,0.9999562378059457,22850.273857428154,1.14551144146816,0.23817145708555007,0.8847852494885999,8193,0.9995193692365372,5.013009399345333e-05,0.99952920065568,2123.547099022448,306,919,0,68,4.756889880042511,5.0041074248729265,-0.9089987640316672,11.578994832978772,25893.111103418993,0,1,10,6,7,34,24,22,89,2,2,35,0.8,0.25,smart,380,1
910,21852.700221155945,19533.512005694476,4873,4.2644924994733024e-05,15912,4361,47286,0.878200672474054,0.3686456116106063,0.9999487020139041,19493.442664934155,1.1310247351089036,0.22299303750491994,0.8938717782246322,8193,0.9993859398841287,5.801929113606651e-05,0.999424077648044,1735.8451322129702,306,919,0,68,4.122258878024161,3.9620452081339614,-0.6805323793603546,9.445368844878832,21852.70022109955,1,1,10,5,4,34,18,21,89,2,2,35,0.8,0.25,smart,381,2
896,38677.148674777076,35377.05807188636,7411,2.3849684734861373e-05,27902,6999,84743,0.8901652698142163,0.3685237906644036,0.9999716856697614,35317.30520693325,1.101726900789693,0.19161184973371656,0.9146759594239986,12289,0.9995816031478708,3.1194659302081117e-05,0.9996363910643685,2749.707409627279,306,919,0,70,7.675822390849411,4.500892491483145,-0.9574697240153608,14.091654330363278,38677.14867459417,2,1,10,10,6,34,25,19,89,2,1,35,0.8,0.25,smart,382,1
905,21854.26802192912,19036.81007186618,5745,4.195120492056629e-05,16109,4743,46633,0.8582496809980847,0.3693248622049226,0.9999472748978135,18965.797992783962,1.169067378159366,0.2628777131421342,0.871079738418334,8193,0.9994997705332136,6.163919697694139e-05,0.9995003079501316,2000.7325180086527,306,919,0,68,4.043765559565069,6.5581477860139,-0.7859069314550622,12.173727208489092,21854.26802186609,0,2,10,3,8,34,17,27,89,2,2,35,0.8,0.25,smart,383,1
916,38518.300947549054,35971.59062313596,6142,2.421586209959464e-05,27525,6351,85365,0.9050585448052817,0.36823034701110297,0.9999721746753379,35937.98453093221,1.0754553714095358,0.1594566699181164,0.9338831085026054,8193,0.9993470767594712,2.9924894869230326e-05,0.9994295793975081,1752.592312074198,306,919,0,68,7.657997179842169,3.248930493104033,-0.7521121973168392,12.41115206757988,38518.300947388256,1,1,10,7,4,34,26,11,89,2,2,35,0.8,0.25,smart,384,1
907,28866.134963294007,26457.235786790327,5299,3.2779121224965815e-05,20778,5227,63321,0.8976335236120565,0.36818835111151976,0.9999621709717834,26434.22610915038,1.0972757935164055,0.1835715105863038,0.9165492997394067,8193,0.9996714245958008,4.1508876954496945e-05,0.9996997833656849,3330.4279972754402,306,919,0,68,5.625895127281037,3.6705415614315835,-0.7392945007646803,10.775025690241982,28866.13496318733,2,0,10,4,5,34,20,18,89,2,1,35,0.8,0.25,smart,385,1
914,23156.163867894164,19962.081553048545,6503,3.8952901125576694e-05,17175,5146,49134,0.8476606732188025,0.3699854773174555,0.9999496380217978,19855.749406526575,1.1876051751863141,0.2808323536272931,0.8620634085564497,12289,0.9996166129130853,5.981014594563183e-05,0.9996221083580344,2645.761195130445,306,919,0,68,4.149628639792679,7.502418251609435,-0.9173656420105246,13.486778175423165,23156.16386784064,1,3,10,7,9,34,20,25,89,2,2,35,0.8,0.25,smart,386,1
901,27257.104746373938,24717.81153142305,5505,3.436151632961283e-05,19719,5150,59444,0.8878068372657472,0.36839917680336615,0.9999594871948736,24683.053675021005,1.1114783961679946,0.20196569119221439,0.9068392172030415,8193,0.9995934867369947,4.502910766638148e-05,0.9996519911786287,2872.990349943634,306,919,0,68,5.246906974215345,4.364329798680815,-0.803504734170742,11.218246241237644,27257.10474627932,2,2,10,7,8,34,21,19,89,2,2,35,0.8,0.25,smart,387,1
915,26391.5573602946,23525.58956798209,5927,3.4929471821449393e-05,19256,5286,57020,0.8776420939479025,0.36888608028705605,0.9999573821653999,23463.85498732497,1.1360156229823686,0.2245793955652278,0.8914058858601395,8193,0.9995293332171507,4.84145259236948e-05,0.9995466375884768,2205.240832170655,306,919,0,68,4.977336519079871,5.502981214530987,-0.7913098984463705,12.062937530503598,26391.557360182556,0,1,10,9,9,34,21,17,89,2,2,35,0.8,0.25,smart,388,1
906,39329.20295856044,36267.11414148189,7096,2.353752057602688e-05,28267,6876,86557,0.8948215579275722,0.3683979719786736,0.9999723893869901,36217.45718830145,1.0912472536678541,0.18042572608137425,0.9221421084911142,12289,0.9995053981516956,3.0130005619510944e-05,0.9995290235120203,2122.7482024748338,306,919,0,68,7.836047848611733,6.095597679151349,-0.8458954093002047,15.62343634636349,39329.20295834108,2,1,10,11,8,34,22,22,89,2,2,35,0.8,0.25,smart,389,1
915,70265.4925849419,67708.42369094054,6202,1.4366006295073621e-05,49481,9728,158462,0.949415756911544,0.3678451867836598,0.9999852321122098,67713.99066977187,1.0382952445723326,0.08826523193447458,0.9636084683970558,12289,0.9995357870349625,1.5333427665228233e-05,0.9998137497485291,5368.620251981066,306,919,0,72,13.809212990470945,3.6251568284214026,-1.5493646235160015,20.53309906592435,70265.49258399029,0,0,10,3,3,34,22,13,89,2,2,35,0.8,0.25,smart,390,1
911,29702.02170690304,26067.80470996208,7574,3.053050461907113e-05,21842,6252,63633,0.8598836184689087,0.369407634363766,0.9999614883698243,25965.682042031753,1.1595603515894655,0.25499947696286707,0.8776441202284783,12289,0.9995614846111994,4.465655942665596e-05,0.9995940372996014,2462.7804572477075,306,919,0,68,5.55291845362309,6.251472624279872,-0.9678327443550707,13.740056566613104,29702.02170679052,1,1,10,8,6,34,24,25,89,2,2,35,0.8,0.25,smart,391,1
913,19368.271270950856,16965.716803256597,4838,4.7889907225268144e-05,14231,4145,41455,0.8669268854069201,0.36902360947601265,0.9999408833422371,16915.205954132995,1.1596412130233216,0.24978997517740187,0.8759541089607885,8193,0.999298508959301,6.855411271825444e-05,0.9993637172079992,1571.1281798330385,306,919,0,68,3.554943466804978,4.222401751354479,-0.6878322770947318,9.15300977234892,19368.271270902176,0,1,10,3,5,34,17,25,89,2,2,35,0.8,0.25,smart,392,1
916,21219.211008073366,18675.557748918844,5097,4.4034691569620945e-05,15553,4479,45533,0.8728352867009631,0.3688555800207118,0.9999463183409284,18627.836326677436,1.1522904961873348,0.24020685774135156,0.8801249839974385,8193,0.999421391078473,6.185686556779765e-05,0.9994340578376678,1766.4649654315742,306,919,0,68,3.909936740423449,5.178130239675458,-0.7230787635127226,10.534224507124351,21219.211008027665,0,0,10,5,5,34,21,24,89,2,2,35,0.8,0.25,smart,393,1
864,19966.067925569903,17466.3521599504,5098,4.568460696322651e-05,14698,4256,42701,0.8617183709927712,0.3693897947618624,0.9999425265142449,17398.827473980753,1.1637525690537243,0.2553331992560816,0.874801799986957,8193,0.9994740383233315,6.688491670034113e-05,0.9995115613798401,2046.8401136600191,306,919,0,68,3.8360789233989476,4.06250744677447,-0.7856960593580041,9.469978488889426,19966.06792551003,1,0,10,5,6,34,11,19,89,2,2,35,0.8,0.25,smart,394,1
913,22314.640194002757,19702.515532571135,5292,4.190175236386758e-05,16333,4661,47966,0.8736193169242747,0.36878583150951794,0.9999491237617161,19655.041241150404,1.1477379046413947,0.2371537230262968,0.8829412153311953,8193,0.9994670369705734,5.839258712433222e-05,0.9994836423298175,1936.1420516654089,306,919,0,68,4.147494562696547,7.544615951113803,-0.7407070131972864,13.173524540204923,22314.64019395535,1,4,10,6,12,34,14,28,89,2,2,35,0.8,0.25,smart,395,1
915,29138.89494832552,26201.08953969229,6461,3.163949435161368e-05,21169,5677,63253,0.8752553067516065,0.368610199621225,0.9999617588280812,26149.326213557684,1.1233390366793816,0.2217311264362578,0.8991792443109771,12289,0.9997108885195151,4.295780122469439e-05,0.999712783768396,3481.1973523396114,306,919,0,68,5.520460272955883,4.955045169750709,-0.8486970927814712,12.172899628269533,29138.894948248395,2,1,10,7,8,34,20,18,89,2,2,35,0.8,0.25,smart,396,1
885,30424.57887955732,27815.71878099906,5832,3.054346181225689e-05,21945,5534,66646,0.8908836661000095,0.3684354921971406,0.9999639959748153,27774.172269640265,1.101808090347348,0.19168712320020306,0.914251562564398,8193,0.9992794583649787,3.966952623343985e-05,0.999378006913078,1607.234858756937,306,919,0,68,6.140945185548085,5.346641126045977,-0.7346658606523437,12.956918032898749,30424.578879436896,2,1,10,10,10,34,22,21,89,1,2,35,0.8,0.25,smart,397,1
908,28549.209675901093,25835.35920818415,5762,3.286427347281572e-05,20675,5435,62191,0.8892282833332723,0.3684586459661382,0.999961234496384,25795.6307501537,1.1143942851523858,0.20182695301943188,0.9049413101614594,8193,0.9994507738795644,4.3200055690767807e-05,0.999464408636582,1866.5950362363753,306,919,0,68,5.5194561331422,4.1053646278494575,-0.7689160421449088,11.162652845281475,28549.209675803475,2,1,10,6,3,34,23,17,89,2,1,35,0.8,0.25,smart,398,1
910,27674.12260743691,22513.023319494187,9904,3.1309513429336204e-05,21184,6966,56943,0.8100516802516378,0.37381029566207685,0.9999549324720438,22188.425046052427,1.301772176909963,0.3578794580225818,0.8135045016185708,16385,0.9997303438890873,5.8667653975415196e-05,0.9997607527091009,4179.275626597632,306,919,0,68,4.594949850535377,8.84411702340681,-1.4872748983374582,16.413616670617102,27674.1226073714,0,0,10,7,8,34,20,22,89,2,2,35,0.8,0.25,smart,399,1
