n_cluster,mfpt,sd,mode,f_mode,median,q10,q90,S_mode,S_mfpt,lam1,tau1,A1,ratio,cv,t_cert,lam2,w1,mu2,tau_rel,n_blocked,n_open,pocket_free,chem_dist,G_tt,G_ss,G_st,R_st,mfpt_tetali,blk_t_r3,blk_s_r3,nsite_r3,blk_t_r6,blk_s_r6,nsite_r6,blk_t_r10,blk_s_r10,nsite_r10,deg_s,deg_t,N,q,p,scheme,rep,attempts
1049,15237.813027214494,13581.375060649667,3386,6.160714396798405e-05,11106,3078,32922,0.8810551462301182,0.3686115462913306,0.9999262271812054,13554.62797105483,1.1344860985756622,0.22221036535575397,0.8912942452039243,8193,0.9989322430820942,8.369423737534375e-05,0.9989570601089578,958.327941953367,172,1053,0,68,2.5138785711407228,3.163233627121706,-0.39132886969469693,6.4597699376518225,15237.813027181775,0,0,10,0,6,34,6,15,89,2,2,35,0.8,0.14,smart,0,1
1053,16342.720822657515,14756.961312148977,3319,5.7570342808460884e-05,11845,3140,35559,0.889656141800249,0.36844110516371914,0.999932133771669,14734.369230378226,1.1170608608237447,0.20308735834234806,0.9029684513541928,8193,0.9988752980454186,7.581070744037995e-05,0.9989134982794314,919.8850142541778,172,1053,1,68,2.7288347836466054,2.7055481086877644,-0.37519576196179877,6.184774416257967,16342.720822628247,0,0,10,2,3,34,11,8,89,2,2,35,0.8,0.14,smart,1,1
1053,17260.04308910593,15652.823860480532,3407,5.4464676178466584e-05,12487,3257,37643,0.8917967709583722,0.36841531868422606,0.9999360236471405,15630.275356251806,1.1115137009647749,0.197392322974582,0.9068820848054643,8193,0.998953298830267,7.111059274098794e-05,0.9990015980938782,1001.1005686284655,172,1053,1,68,2.8963358011133526,3.1494679640808627,-0.3819249945304744,6.809653754255164,17260.04308906475,0,1,10,6,6,34,13,15,89,2,2,35,0.8,0.14,smart,2,1
1052,18753.41128626784,17110.0362487147,3527,5.019743172492882e-05,13532,3450,41035,0.8961110906482307,0.3683536370516559,0.9999414828963891,17088.5207820846,1.1037257705685712,0.18807244965520703,0.9123692744500036,8193,0.9989162819306796,6.458683527468877e-05,0.9989361745232502,939.5037200600266,172,1053,0,68,3.1912641682554272,2.7445913896961946,-0.37402314851748886,6.683901854986599,18753.41128622554,1,0,10,5,3,34,17,13,89,2,2,35,0.8,0.14,smart,3,1
1053,23851.159780297465,21994.869714707056,4114,3.947988245909757e-05,17132,4183,52495,0.9027088010503181,0.36826057234704257,0.9999544892704565,21972.34046768377,1.0903912722053815,0.17248637122453134,0.9221719160540017,8193,0.9989541643325267,4.962450228604955e-05,0.9990835367684743,1090.6511728747096,172,1053,1,68,4.120679340261008,2.8965527450251876,-0.40945547079669453,7.836143026879585,23851.1597802188,2,1,10,4,4,34,9,11,89,2,1,35,0.8,0.14,smart,4,1
1053,17198.215522076818,15485.492377846724,3576,5.4568196468518066e-05,12481,3340,37362,0.8870874208118744,0.3685062579034974,0.9999353177965024,15459.70304777862,1.1209123235370795,0.2079285490642677,0.9004127409595766,8193,0.9990997570419352,7.250307901454714e-05,0.9990998615254729,1110.440106158897,172,1053,1,68,2.856368419004651,2.6761793778852034,-0.41014924900012867,6.352846294890112,17198.215522045164,0,0,10,1,3,34,11,11,89,2,2,35,0.8,0.14,smart,5,1
1053,17482.010457824428,15837.17774128845,3501,5.359861000131983e-05,12655,3311,38105,0.8897935624379933,0.3684510048584652,0.9999367624423944,15812.88744774412,1.1130526818249464,0.20026300799019695,0.905912839915972,8193,0.9989376311980828,7.038673308536855e-05,0.9989922847980337,991.8437826301823,172,1053,1,68,2.940253387894468,4.04912392933111,-0.3801664521419489,7.749710221509475,17482.010457791734,1,2,10,4,5,34,11,14,89,1,2,35,0.8,0.14,smart,6,1
1053,16639.841459679323,14989.27651206203,3460,5.63740846653011e-05,12074,3226,36158,0.8867811396203801,0.3684972809922138,0.9999331764538785,14964.284984759624,1.120370030713719,0.20793467343929128,0.9008064498921553,8193,0.9989174086364314,7.48670984204242e-05,0.9989675160234787,968.0379471825446,172,1053,1,68,2.7764073064730135,3.9270449582719515,-0.3840564085599645,7.4715650818648935,16639.84145964863,1,1,10,3,5,34,9,17,89,1,2,35,0.8,0.14,smart,7,1
1052,19025.94919511382,17309.98820288308,3684,4.932883628890707e-05,13747,3541,41567,0.892908275600821,0.3683969583453515,0.9999421508528272,17285.839532966802,1.107467060078331,0.19363028683720615,0.9098094410621349,8193,0.9989432277554652,6.40660249476988e-05,0.9990094654238426,1009.0557916570498,172,1053,0,68,3.2139626063878963,3.1653438264072853,-0.4031380010383613,7.185582434871904,19025.949195062116,0,2,10,5,5,34,13,10,89,2,2,35,0.8,0.14,smart,8,1
1051,25122.573330810916,23392.839021576732,3904,3.7668964729530825e-05,17968,4208,55589,0.9114308842083427,0.3681516022863303,0.9999572201853449,23375.01034081547,1.0784445917976,0.15539809352300873,0.9311482033923334,8193,0.9989518084441215,4.6135659753210686e-05,0.9989896024719193,989.2093837721837,172,1053,0,68,4.402417981052259,4.025750237968889,-0.3782810352630401,9.184730289547229,25122.573330736894,2,1,10,7,5,34,14,15,89,2,1,35,0.8,0.14,smart,9,1
1052,16152.460750339742,14382.859486647843,3632,5.7813431384062576e-05,11780,3269,34879,0.8790098916192621,0.36869960441726113,0.9999303258037474,14352.015757342257,1.1361482176114914,0.22485737969823616,0.8904438592333569,8193,0.9989767146428449,7.916021388603273e-05,0.999065357483877,1069.4277102412627,172,1053,0,68,2.6606285427023066,3.115873477697972,-0.4101814858735101,6.596864992147299,16152.460750308795,0,1,10,2,4,34,13,13,89,2,2,35,0.8,0.14,smart,10,1
1050,17165.748782152907,15508.374520465444,3495,5.466075396120207e-05,12440,3289,37360,0.888706409608584,0.36846316439291066,0.9999354185606216,15483.825051870454,1.116530661846403,0.20360311946506662,0.9034487640055282,8193,0.9989267890394918,7.210715725218447e-05,0.9989649782957515,965.6632278593914,172,1053,0,68,2.88965033988784,2.6992165707742046,-0.38001609480273246,6.348899100267509,17165.748782125505,1,1,10,3,1,34,8,9,89,2,2,35,0.8,0.14,smart,11,1
1051,20104.026514416903,18408.673178357443,3677,4.683190881640179e-05,14484,3641,44077,0.898282092944177,0.3683151438932329,0.9999456152386418,18387.00368263638,1.0991802077104238,0.18289868436868442,0.9156709560224816,8193,0.9988674217454356,5.977865328626201e-05,0.9989384455467292,941.5147058502723,172,1053,0,68,3.4429890013402464,2.822324948771249,-0.3827058634287475,7.030725676968991,20104.026514361063,2,0,10,6,4,34,13,10,89,2,2,35,0.8,0.14,smart,12,1
1049,17042.13058145558,15451.923618021196,3367,5.5119128349804416e-05,12331,3217,37163,0.8917298642240047,0.36842335181818825,0.9999351909256218,15429.438002415916,1.1118101446843414,0.1975691938227375,0.9066896620798827,8193,0.9989300531724332,7.205538636136262e-05,0.9989405465508208,943.382817303885,172,1053,0,68,2.8865680304551526,4.786403942796856,-0.36264657038725384,8.398265114026517,17042.13058141842,1,3,10,6,6,34,14,15,89,2,2,35,0.8,0.14,smart,13,1
1053,17556.373136615093,15941.268648159234,3420,5.366905805233765e-05,12694,3298,38315,0.8934050776928066,0.3683926838701113,0.9999371860987439,15919.542851575645,1.109810913231322,0.19480105448814716,0.9080046615614793,8193,0.9989675658756076,6.971155311682876e-05,0.9990031428689805,1002.6526946350367,172,1053,1,68,2.945166975717061,2.7872480841097658,-0.38937682989947686,6.511168719625781,17556.373136571074,1,1,10,4,5,34,12,12,89,2,2,35,0.8,0.14,smart,14,1
1052,16687.23139444279,15067.386010249293,3399,5.62538266902834e-05,12096,3204,36307,0.8890176557610113,0.36847566710654556,0.9999335283415014,15043.50555392825,1.1172483495982157,0.20368867187470896,0.9029290512066045,8193,0.998958116042483,7.42653507529046e-05,0.9989871974733793,986.8592217551976,172,1053,0,68,2.792601276285602,2.557678279822943,-0.3798761751228241,6.110031906354193,16687.23139440832,0,0,10,4,1,34,10,7,89,2,2,35,0.8,0.14,smart,15,1
1053,16121.40830852924,14530.510467326432,3357,5.800710200909463e-05,11696,3115,35042,0.8859742769575537,0.3685344000957702,0.9999310627280014,14505.440989712059,1.1198053217110184,0.20823242831855673,0.9013176882095888,8193,0.9988999707814189,7.71963240484524e-05,0.9989179352741614,923.6590438133576,172,1053,1,68,2.695039269569933,2.8149905765648184,-0.3669566104864966,6.243943067107744,16121.4083084971,1,0,10,2,4,34,7,11,89,2,2,35,0.8,0.14,smart,16,1
1051,16913.69063074807,15234.455931224571,3537,5.5308932756921993e-05,12274,3278,36751,0.8856433720775412,0.3685217065208922,0.9999342472397795,15207.987009315728,1.1206659285359701,0.2091205330177878,0.9007174284912867,8193,0.9988929940219856,7.368687808666261e-05,0.9989907425754128,990.3274050921477,172,1053,0,68,2.8333409062719324,3.6285563676650554,-0.3852491281185723,7.232395530174132,16913.6906307221,2,1,10,2,5,34,9,13,89,2,2,35,0.8,0.14,smart,17,1
1052,17841.927718971987,16012.586891686009,3751,5.282363897447114e-05,12964,3513,38692,0.887398766591312,0.36849860729037404,0.9999374470598245,15985.958779837078,1.125003470986696,0.21023513036718683,0.8974695528364476,8193,0.9989793362835532,7.037227481851405e-05,0.999019187606642,1019.0628915035215,172,1053,0,68,2.9734580988320034,4.468271191694056,-0.4185433686454497,8.278816027816958,17841.927718931405,1,1,10,4,8,34,12,16,89,2,2,35,0.8,0.14,smart,18,1
1053,18758.188565416738,17114.889416166432,3491,5.0330839143644864e-05,13534,3452,41046,0.8979869835902724,0.3683242259394055,0.9999415032443242,17094.46515083168,1.1035392977424887,0.18610539007141294,0.9123956375894445,8193,0.998898171643526,6.45534686789712e-05,0.9989130503093375,919.5056912312151,172,1053,1,68,3.186527250242183,4.535303383791792,-0.37628159408334,8.474393822200655,18758.18856537388,2,2,10,5,8,34,13,16,89,2,2,35,0.8,0.14,smart,19,1
1052,16570.288946481232,14811.436037517658,3594,5.678135576341867e-05,12062,3313,35856,0.8840326035433597,0.368568848533122,0.9999323634846696,14784.413071500625,1.1304855303502144,0.2168942262629162,0.8938550248191615,8193,0.9989723477186468,7.646210190431647e-05,0.9990040099984056,1003.526060192972,172,1053,0,68,2.7475616322182472,4.012114636084105,-0.4026834146347986,7.565043097571949,16570.28894644702,1,0,10,3,8,34,12,15,89,2,2,35,0.8,0.14,smart,20,1
1051,17535.16319392346,15742.071964867926,3785,5.300722265961223e-05,12747,3436,38032,0.8814804913830103,0.36864345143329946,0.9999363496723932,15710.338219715977,1.1254901876650647,0.21585199739182542,0.8977431114141611,8193,0.9990075666665329,7.163781916341388e-05,0.9990772971865346,1083.272493619225,172,1053,0,68,2.929916890959362,3.7374494784576475,-0.40693623823105834,7.481238845879126,17535.16319389566,0,1,10,5,5,34,13,13,89,1,2,35,0.8,0.14,smart,21,1
1051,20618.586105925406,18889.43643358446,3765,4.562449446920547e-05,14852,3725,45218,0.8981569184678632,0.36830910075803364,0.9999469990639036,18867.091280788154,1.0985844826310123,0.18260223958412006,0.9161363604925353,8193,0.998905915107389,5.822600596069327e-05,0.9989401536527743,943.0329082954771,172,1053,0,68,3.54941746222304,3.0773548545055287,-0.3741954979818772,7.375163312692323,20618.58610587684,2,0,10,3,6,34,7,16,89,2,1,35,0.8,0.14,smart,22,1
1052,19784.328415882872,17940.504515372184,3970,4.720094439396919e-05,14318,3729,43146,0.8886242228109634,0.3684845920562862,0.9999441724566428,17911.80528167746,1.112007086838973,0.20066387478752534,0.9068038165485331,8193,0.9989620832907049,6.208062385417317e-05,0.9990813473859667,1088.050682123783,172,1053,0,68,3.335043316472217,2.9742804058141457,-0.4262358500372594,7.161795422360882,19784.328415839846,0,0,10,5,4,34,12,12,89,2,2,35,0.8,0.14,smart,23,1
1053,15881.526823474602,14232.005701709051,3432,5.89416322169651e-05,11550,3141,34413,0.8828189904517466,0.368568978395168,0.9999296063219766,14205.321142835965,1.1273890104336126,0.21610012929784153,0.896135860229296,8193,0.9989516545613932,7.936105900792074e-05,0.9989734650659423,973.65088270557,172,1053,1,68,2.6309928424427715,3.090390751356704,-0.38544150199057026,6.492266597780616,15881.526823441543,0,0,10,3,6,34,6,13,89,2,2,35,0.8,0.14,smart,24,1
1052,16995.443074225335,15351.931440327233,3490,5.500016149203553e-05,12319,3255,36986,0.887064309126565,0.3685150453615395,0.9999347546276065,15326.257484258296,1.1169564600985071,0.20534916240535123,0.9032969233740901,8193,0.9989418894924693,7.287624018663714e-05,0.9990101784382275,1009.7830216420635,172,1053,0,68,2.8455672011219106,3.9798354420894086,-0.3855056266732882,7.596413896557896,16995.443074202747,0,2,10,3,7,34,9,10,89,1,2,35,0.8,0.14,smart,25,1
1053,33202.93963363686,31418.29670261197,4273,2.8636971002444684e-05,23582,5114,74124,0.9239840273923782,0.36804820867721716,0.999968157001711,31403.57793390292,1.0594591674427647,0.1286934243518353,0.9462504540044724,8193,0.9989386549353917,3.373635645628045e-05,0.9989765072442448,976.5464002186826,172,1053,1,68,5.887965829614442,3.169129438099051,-0.41838547779290425,9.893866223299302,33202.93963349968,0,2,10,7,4,34,13,10,89,2,2,35,0.8,0.14,smart,26,1
1053,21456.00286878296,19527.5382868444,4184,4.3553370926317515e-05,15503,3983,46884,0.8912459989709051,0.3684359377536924,0.9999487152374321,19498.46908379323,1.1072789998507615,0.19500370248772841,0.9101200445519911,8193,0.9990208385014315,5.678654060408413e-05,0.9990732282405421,1078.5142429202624,172,1053,1,68,3.6600990453137756,3.9912673358518878,-0.41511517476818643,8.481596730702037,21456.00286873153,1,2,10,6,4,34,13,16,89,2,1,35,0.8,0.14,smart,27,1
1052,17673.459702884567,16012.550162924155,3473,5.3428684818961884e-05,12789,3351,38525,0.8934544423121856,0.3683961706000804,0.9999374654547883,15990.661305954567,1.1125016357279882,0.1965093455602898,0.9060223879261553,8193,0.9989509092118402,6.956978383771645e-05,0.9989694770324631,969.8810035853609,172,1053,0,68,2.9758633225213753,3.5178368777743785,-0.38411000501714143,7.261920210330037,17673.4597028526,0,1,10,4,7,34,10,16,89,2,2,35,0.8,0.14,smart,28,1
1051,19946.00324880638,18103.14256740246,3913,4.711242289881705e-05,14426,3750,43520,0.892322023101456,0.36841453205310287,0.9999446830470908,18077.14070785,1.1105283935033627,0.19617965319614414,0.9076075212454304,8193,0.9990220423195112,6.143104684779631e-05,0.9990810062671045,1087.6466258075438,172,1053,0,68,3.3542202961565013,4.225874645706349,-0.44140353804897764,8.462902017960806,19946.003248749792,0,1,10,3,6,34,15,15,89,2,2,35,0.8,0.14,smart,29,1
1053,18456.649975767712,16830.3613616967,3494,5.0945775795273746e-05,13321,3402,40374,0.8953105677968018,0.3683515021562707,0.9999405082900394,16808.564664102705,1.1044566851237418,0.18930846088468803,0.9118860347784558,8193,0.9989472040407245,6.570601677553053e-05,0.9990006079282139,1000.1082146910906,172,1053,1,68,3.120094799774372,2.693164951399826,-0.38544175781864154,6.5841432668114805,18456.649975727218,1,1,10,3,4,34,12,12,89,2,2,35,0.8,0.14,smart,30,1
1053,16888.875265546343,15276.69750069248,3400,5.560531688947461e-05,12232,3220,36782,0.8899730090594132,0.3684423767854754,0.9999344432240405,15253.453310013398,1.1148877540549114,0.20131595186424703,0.9045420290276678,8193,0.998878720660304,7.30884467129438e-05,0.9989487372258056,950.7368671303238,172,1053,1,68,2.837976445320622,3.272315989724235,-0.3697871378718365,6.849866710788529,16888.875265508294,1,2,10,4,8,34,7,16,89,2,2,35,0.8,0.14,smart,31,1
1053,16324.06207122688,14698.857990772034,3383,5.757730618832547e-05,11846,3171,35464,0.8877563106714385,0.36848797610780337,0.999931858775719,14674.904062146004,1.1207835600188505,0.2072400843147334,0.9004411969665649,8193,0.9988764750644229,7.637156393395706e-05,0.9989177054042534,923.4627604754339,172,1053,1,68,2.72395807943787,2.922492929836307,-0.37652854377077993,6.399508096815737,16324.062071193543,1,1,10,2,5,34,7,10,89,2,2,35,0.8,0.14,smart,32,1
1052,16878.737958082922,15325.483792290437,3278,5.584731502295742e-05,12204,3170,36836,0.8939611737544346,0.36837326932167846,0.9999346630317026,15304.770901047908,1.1098225984279058,0.19420883291989405,0.9079756928717139,8193,0.998955790755927,7.251244392944121e-05,0.9990120974937197,1011.745552848869,172,1053,0,68,2.8269668870329685,2.4394080916057455,-0.3819186563222197,6.030212291283154,16878.737958048292,0,0,10,1,3,34,12,5,89,2,2,35,0.8,0.14,smart,33,1
1052,18312.15051559102,16658.102611783976,3529,5.1281811130971986e-05,13232,3409,40004,0.8938272717147306,0.3683994884722881,0.999939887440222,16634.9586028592,1.1076347871460503,0.19271357544791906,0.9096748411717792,8193,0.9990480835950002,6.658276235445763e-05,0.9990772356295234,1083.2001958505996,172,1053,0,68,3.0938974288080305,2.544462378313697,-0.3875000076077759,6.413359822337279,18312.150515547142,0,0,10,5,0,34,15,10,89,2,2,35,0.8,0.14,smart,34,1
1053,17446.84528454681,15867.93958054523,3375,5.383997955552324e-05,12607,3252,38110,0.8933362410488962,0.3683857297572184,0.9999368950756645,15846.123860159478,1.1078283353032816,0.19344471421371165,0.909501936983412,8193,0.9989715344896556,6.990942327615422e-05,0.9989715344995084,971.8222717062622,172,1053,1,68,2.947408963588556,2.7614730455682275,-0.36633183119028734,6.441545671537358,17446.84528451061,1,0,10,4,2,34,14,9,89,2,2,35,0.8,0.14,smart,35,1
1053,20523.443484142368,18897.040999723074,3567,4.5963729916428894e-05,14750,3626,45133,0.9026851800548377,0.36826308503274996,0.9999470290756074,18877.78108028637,1.0921993154876546,0.17380124357572238,0.9207539180412903,8193,0.9988629463980244,5.785480736274731e-05,0.9989115993909251,918.2792554418185,172,1053,1,68,3.527319336444789,3.8499328730387408,-0.37077059405598656,8.118793397595503,20523.443484086583,0,2,10,6,6,34,15,14,89,1,2,35,0.8,0.14,smart,36,1
1052,15487.818430788639,13832.88502578625,3414,6.040034395444341e-05,11280,3101,33499,0.8810924059411206,0.36862314152721093,0.9999275666436721,13805.294046542927,1.1319117341459077,0.2204313031726418,0.8931461256213785,8193,0.9989362631027559,8.198816597111256e-05,0.9990217845812104,1021.7696361259489,172,1053,0,68,2.5568318867335256,2.7032912000113303,-0.3876202864160905,6.035363659577037,15487.81843076698,0,1,10,2,3,34,8,11,89,2,2,35,0.8,0.14,smart,37,1
1051,16213.899764855829,14541.04466936231,3486,5.7665998692599286e-05,11789,3195,35148,0.8832223740088518,0.36858149093400855,0.9999311020160696,14513.71279053227,1.1264340646343811,0.2150007123860493,0.8968258642427599,8193,0.9989268328840896,7.760903608407645e-05,0.9989749754598068,975.0863134851227,172,1053,0,68,2.702001584921412,2.834277511051407,-0.38342177660655014,6.303122649185919,16213.899764829439,0,0,10,4,3,34,7,12,89,2,2,35,0.8,0.14,smart,38,1
1051,17036.309283888244,15425.196358128585,3406,5.514758481614165e-05,12334,3236,37123,0.8905845255268461,0.36844262076474416,0.9999350760207762,15402.129530798735,1.1136139381192345,0.19992593132957254,0.9054306364769195,8193,0.9990159629554108,7.230024818196365e-05,0.9990327719301795,1033.3822385365481,172,1053,0,68,2.856781161320681,2.889392555640593,-0.3851425844178288,6.516458885796932,17036.30928385587,0,0,10,3,4,34,13,14,89,2,2,35,0.8,0.14,smart,39,1
1053,19209.737229687296,17200.126310678454,4139,4.895731702365803e-05,13973,3816,41606,0.884198637279932,0.3685466120424148,0.9999417578800749,17169.204691435098,1.1282588715184338,0.21546364484379657,0.8953858194424893,8193,0.998963528508604,6.571218850183237e-05,0.9990056692115512,1005.2014518557946,172,1053,1,68,3.199749152884139,5.129106126626336,-0.4488239201720658,9.226503119854605,19209.737229640916,1,1,10,5,5,34,12,15,89,2,2,35,0.8,0.14,smart,40,1
1051,17027.902593405706,15383.642818636732,3450,5.523104620868128e-05,12339,3264,37060,0.8897194273870574,0.3684450369694633,0.9999348985468085,15360.140210369826,1.116411918774838,0.20260862904724747,0.9034373278946441,8193,0.9989423569333445,7.268003827280467e-05,0.9989427936346791,945.3890332227037,172,1053,0,68,2.86338346010203,3.7696064071817807,-0.3769405348303335,7.3868709369444785,17027.90259336957,1,1,10,3,7,34,9,14,89,2,2,35,0.8,0.14,smart,41,1
1053,17493.12506358574,15849.72258299918,3459,5.3821745564973114e-05,12660,3314,38133,0.8921796093684923,0.3684102541778376,0.9999368195326219,15827.17651406037,1.1125922920406817,0.19773482367655207,0.9060543799570998,8193,0.9988839960778195,7.029410101236823e-05,0.9989475199067426,949.6366477601146,172,1053,1,68,2.937301714377626,2.642915422494165,-0.3852291618888757,6.350675460649542,17493.12506354313,0,0,10,3,4,34,14,9,89,2,2,35,0.8,0.14,smart,42,1
1051,19290.545827677353,17698.126110786972,3466,4.885361261521205e-05,13886,3464,42338,0.8998733311591454,0.3682810048669069,0.9999434353569409,17678.388182637096,1.09670514239963,0.1796735059215957,0.917450769350153,8193,0.9989605881122163,6.203473492122596e-05,0.9990207674760527,1020.7078291903944,172,1053,0,68,3.2864554480525796,2.52848188429151,-0.3844381442649027,6.583813620873895,19290.545827628368,0,0,10,4,2,34,16,7,89,2,2,35,0.8,0.14,smart,43,1
1053,22677.48659344574,20661.97711911054,4421,4.111992263162238e-05,16379,4189,49583,0.8904583439440872,0.36845535288725384,0.9999515296505906,20630.66961172883,1.106003446763573,0.19495105781598213,0.9111228898304045,8193,0.9991606124830227,5.36083735126421e-05,0.9992664644646168,1362.7604105833154,172,1053,1,68,3.835609364286513,2.5486968534646723,-0.4716055632357893,7.3275173442227635,22677.48659340492,2,0,10,4,1,34,13,3,89,2,2,35,0.8,0.14,smart,44,1
1052,16328.084103016236,14618.188091957421,3570,5.707549155008048e-05,11882,3236,35362,0.8809335712828976,0.368641738184021,0.9999314559388336,14588.655976339014,1.1289587928989921,0.218641695956265,0.895278833678781,8193,0.9989312048043182,7.738342055502157e-05,0.9989930929152546,992.6402118615758,172,1053,0,68,2.7085484315599713,2.8294666742151344,-0.39565006710647826,6.329315239988063,16328.084102985526,0,0,10,2,1,34,11,12,89,2,2,35,0.8,0.14,smart,45,1
1052,21252.985944338656,19612.98245691961,3573,4.4603466760569736e-05,15258,3718,46796,0.9064432685850128,0.3682066412410661,0.9999489690071074,19595.43460953051,1.089238025619046,0.1681175534279112,0.9228342082512925,8193,0.998890474811101,5.558489794398004e-05,0.9989364097791772,939.711639880951,172,1053,0,68,3.6451355800983296,2.6837596615814103,-0.3953560442884473,7.119607330256635,21252.98594427445,1,0,10,5,3,34,16,11,89,2,2,35,0.8,0.14,smart,46,1
1053,15423.990135811717,13777.34757627194,3414,6.0531647680235284e-05,11234,3085,33363,0.8801204230818979,0.36865035250946915,0.9999272704484307,13749.069163860426,1.1319193866498525,0.22134350255277388,0.8932414670237263,8193,0.9989325483581207,8.232398940400467e-05,0.9989866075546321,986.2844574400848,172,1053,1,68,2.545684214704211,2.614146368442912,-0.383848574617446,5.927527732382015,15423.990135778524,0,0,10,1,1,34,6,9,89,2,2,35,0.8,0.14,smart,47,1
1052,16867.85770104017,15182.337163166743,3586,5.5148550743925835e-05,12248,3273,36636,0.8827456596144948,0.3685936451948648,0.9999340101030744,15153.334847841003,1.1219787158943337,0.21259368341593646,0.9000750084719122,8193,0.9989595848595892,7.40392598147493e-05,0.9990244852732023,1024.5997685514903,172,1053,0,68,2.817404411532867,2.6396985961264368,-0.389412641890254,6.235928291439812,16867.857701005618,0,0,10,5,3,34,12,7,89,2,2,35,0.8,0.14,smart,48,1
1052,16372.951450747796,14733.560809674404,3470,5.698173647439525e-05,11888,3183,35557,0.883629989936907,0.36856727260966377,0.9999320049810733,14706.459647914717,1.1220846726927869,0.21193491047953458,0.8998720147674708,8193,0.9988966959515854,7.629616855720067e-05,0.9989748881010165,975.003175190452,172,1053,0,68,2.732265608935197,2.5418772613134273,-0.3804628037487686,6.035068477746162,16372.951450717657,0,0,10,3,2,34,9,5,89,2,2,35,0.8,0.14,smart,49,1
1052,16884.743117776692,15291.960590138026,3363,5.569567889904868e-05,12222,3204,36798,0.8911316140022328,0.3684172144269687,0.9999345123216068,15269.548109483012,1.1132196584971124,0.1991738918704275,0.9056673520865269,8193,0.9988954198780309,7.290217097668713e-05,0.9989062225429731,913.7626718307881,172,1053,0,68,2.8349864960720708,2.6838334351134634,-0.37504071262436917,6.268901356434273,16884.743117743274,0,0,10,4,1,34,11,13,89,2,2,35,0.8,0.14,smart,50,1
1051,15555.381008034452,13858.841831626356,3504,5.995968334800272e-05,11343,3141,33600,0.8782546944766577,0.36870332229165115,0.999927690250369,13828.893749350214,1.1354804479781002,0.2252596704760984,0.8909355434282309,8193,0.9989673500404153,8.210630690431745e-05,0.9989834355946788,983.2054185694586,172,1053,0,68,2.573771297880721,3.038278486664,-0.3863392650127733,6.384728314570268,15555.381008005312,0,0,10,2,5,34,9,14,89,2,2,35,0.8,0.14,smart,51,1
1053,19600.717891789496,17793.184612950405,3912,4.753926837292132e-05,14180,3675,42770,0.8887301306732894,0.3684817539138706,0.9999437089517869,17764.31397094457,1.1107414995122094,0.19958452652587227,0.9077822920151182,8193,0.9990387071112866,6.252480330200881e-05,0.9991054655145442,1117.3998121888028,172,1053,1,68,3.323499538548409,3.3255731209981287,-0.3993338691924827,7.447740397931503,19600.717891755794,1,1,10,2,6,34,4,9,89,2,1,35,0.8,0.14,smart,52,1
1053,17615.98015507102,15956.998336791583,3471,5.357564876919953e-05,12749,3343,38395,0.8930986590638668,0.36839040390217154,0.9999372469091379,15934.9700451166,1.1128019484653044,0.19703700670898072,0.90582517670458,8193,0.9989159112927011,6.983176178370776e-05,0.9989242354735661,929.0713689537146,172,1053,1,68,2.9517058108843095,2.9021424691623605,-0.3941593657596103,6.64216701156589,17615.980155030236,0,0,10,2,3,34,15,15,89,2,2,35,0.8,0.14,smart,53,1
1047,16644.66936798238,14923.844334185682,3588,5.615254236213756e-05,12103,3283,36077,0.8828593234533881,0.36858334924529934,0.999932867957933,14895.516400433626,1.1267776728478551,0.2155645102150159,0.896614045268639,8193,0.9989053178023068,7.564288613392236e-05,0.9989415741770247,944.2992338131346,172,1053,0,68,2.7919614486877795,3.3422620474472247,-0.38753604280285003,6.909295581740704,16644.669367953447,1,0,10,3,2,34,11,17,89,2,2,35,0.8,0.14,smart,54,1
1052,16146.76065116586,14453.512772798713,3472,5.8232323996364535e-05,11746,3210,34967,0.884719275699222,0.36854293556862083,0.999930690873357,14427.614276346823,1.1285969164555383,0.21502765012803407,0.895133896206922,8193,0.9989595386828588,7.822206661157183e-05,0.998974845983131,974.9630971752706,172,1053,0,68,2.67224886090142,3.5053051841666965,-0.39747749862909654,6.97250904232631,16146.760651130518,0,2,10,1,8,34,12,13,89,2,2,35,0.8,0.14,smart,55,1
1053,19202.27464479042,17419.918116074263,3819,4.87358976146792e-05,13893,3615,41886,0.8900344702325103,0.36845780850446236,0.9999425079059621,17393.195889119856,1.1113392910030646,0.19888268815257754,0.9071799272905561,8193,0.9988872606448029,6.38932230265457e-05,0.9990191221492458,1018.9948525088938,172,1053,1,68,3.2358426239522347,2.8202461868219,-0.41131305406084884,6.878714918895833,19202.274644738885,1,0,10,3,3,34,13,12,89,2,2,35,0.8,0.14,smart,56,1
1050,16366.634375003741,14671.189923479364,3519,5.726915833498908e-05,11901,3234,35470,0.883660446273651,0.36855790200451605,0.9999317160236297,14644.224176415904,1.1269158335948761,0.2150106075183338,0.896408484928717,8193,0.9989730158465882,7.695029415248671e-05,0.9990021511238943,1001.6556780081931,172,1053,0,68,2.714634661339858,2.8250764959113943,-0.40281950532091715,6.345350167893087,16366.634374969071,0,0,10,2,3,34,9,10,89,2,2,35,0.8,0.14,smart,57,1
1053,16983.97968161831,15308.447973224878,3474,5.545561953859835e-05,12318,3287,36918,0.889592234711399,0.36845578721269556,0.9999345773063989,15284.715948773726,1.1193417863290587,0.20454569924856278,0.9013463428593915,8193,0.9988897691302568,7.323035472232333e-05,0.9989427108520879,945.3149729148533,172,1053,1,68,2.8381687882271827,3.0025188834523378,-0.3876583117890577,6.6160042952576354,16983.979681585504,0,0,10,3,5,34,14,16,89,2,2,35,0.8,0.14,smart,58,1
1051,17354.487147222862,15603.804391535354,3635,5.4149061717898146e-05,12602,3391,37673,0.8867489337137924,0.36851844284851054,0.9999358072071372,15577.572787596859,1.1227409410941613,0.20945591587716195,0.8991221843183271,8193,0.9989038427300305,7.20718766703083e-05,0.9989376074202438,940.7715458941069,172,1053,0,68,2.904681479647839,3.7350373907516263,-0.3977899089705654,7.435298688340596,17354.487147189713,1,1,10,5,4,34,8,20,89,2,2,35,0.8,0.14,smart,59,1
1052,16679.559039520384,15076.21593999902,3387,5.62722158363639e-05,12085,3190,36311,0.8888945464452952,0.3684492973289388,0.999933568865295,15052.682578827107,1.1158940977130376,0.2030629222256341,0.9038737717392638,8193,0.9989078419448031,7.413011112188121e-05,0.9989411664400274,943.935409233725,172,1053,0,68,2.7934010995136096,2.701693854403698,-0.3776177292856263,6.250330412488561,16679.559039483982,0,0,10,3,3,34,9,10,89,2,2,35,0.8,0.14,smart,60,1
1052,16851.334633267026,15181.93078934237,3514,5.5571335211932546e-05,12228,3264,36620,0.8860661237893533,0.3685280564139217,0.9999340212942153,15155.905202914008,1.1203099837662878,0.20852947712894174,0.9009334346355566,8193,0.998935538267904,7.391660280663244e-05,0.9990510092876367,1053.2510134587149,172,1053,0,68,2.8080663258394867,2.923454621410262,-0.3956094599464519,6.522739867142652,16851.334633234037,0,1,10,3,4,34,9,10,89,2,2,35,0.8,0.14,smart,61,1
1053,17821.09356140952,16045.547118690365,3698,5.2662345074203856e-05,12933,3461,38715,0.8874839552506046,0.36850434061170595,0.9999375753626776,16018.816131710415,1.1209778650750362,0.20750690675951508,0.9003682665936958,8193,0.9989584154310599,6.997663667408258e-05,0.9990023991954307,1001.9048822377924,172,1053,1,68,2.981826560883703,5.558739361146808,-0.4029965276971789,9.346558977424868,17821.09356137834,0,2,10,3,5,34,13,11,89,2,2,35,0.8,0.14,smart,62,1
1053,21502.65183099262,19745.049753621053,3836,4.3839432025271845e-05,15473,3846,47216,0.9004252202345013,0.36827705074431694,0.9999493001800713,19723.43592704547,1.0956043145912906,0.17839660104020388,0.9182611479185899,8193,0.9989342079919523,5.5546941462907104e-05,0.9989527470761188,954.3790800708883,172,1053,1,68,3.6974257490185476,2.948459797156366,-0.38664867281236076,7.419182891799634,21502.651830939732,1,0,10,6,3,34,14,12,89,2,1,35,0.8,0.14,smart,63,1
1051,15025.426437226213,13417.209170183321,3334,6.214445318258692e-05,10945,3009,32495,0.8798358650572058,0.3686608827541561,0.9999253185417775,13389.704521119535,1.1323020114423739,0.2218905409393144,0.8929669468110099,8193,0.9988602712582526,8.456196536319833e-05,0.9989198354692528,925.2847987528999,172,1053,0,68,2.4859856292521365,3.232267301596263,-0.3732772512802157,6.46480743340883,15025.42643719751,0,2,10,1,4,34,7,12,89,2,2,35,0.8,0.14,smart,64,1
1052,17225.06225301312,15635.589249821038,3377,5.456465852301262e-05,12457,3237,37586,0.8923618816087711,0.3684061911385165,0.9999359547229287,15613.453836836507,1.1103175512153314,0.19605154108568015,0.9077232360705089,8193,0.9989053894661938,7.111059520475814e-05,0.9989163456480707,922.3033831154034,172,1053,0,68,2.90431222417136,2.5939296118178907,-0.37041443989237277,6.239070715773996,17225.062252975236,0,0,10,6,2,34,16,8,89,2,2,35,0.8,0.14,smart,65,1
1051,17622.533848498868,15939.125731858425,3569,5.315009153014469e-05,12766,3359,38378,0.888814561334507,0.3684626957412028,0.9999371632426398,15913.752130148516,1.115152496196998,0.2025247918762838,0.9044741164288449,8193,0.9989059188275008,7.007256682333862e-05,0.9989934308172059,992.9736058080491,172,1053,0,68,2.966430143178019,3.2286855773735685,-0.38704918098411123,6.969214082519811,17622.533848471994,1,2,10,4,4,34,11,12,89,2,2,35,0.8,0.14,smart,66,1
1053,19921.048309305967,18210.86688688066,3683,4.733127455791324e-05,14362,3635,43636,0.8977208283249214,0.3683181589643388,0.9999450241040426,18189.28994946154,1.1011959061584948,0.1848798287527627,0.9141520367868187,8193,0.9990149686452792,6.0539231565698065e-05,0.9990618249781463,1065.3991161820202,172,1053,1,68,3.3757823636568305,3.0757301132205255,-0.4078925288898168,7.26729753465699,19921.048309258098,1,1,10,7,4,34,17,11,89,2,2,35,0.8,0.14,smart,67,1
1053,16664.344939657516,15064.521147844533,3384,5.624111737665748e-05,12074,3184,36281,0.8887143692745358,0.36847981130921476,0.9999335154497103,15040.588422415862,1.1157937353272165,0.20306828814775768,0.9039971989534523,8193,0.9988455058159774,7.41830447093679e-05,0.99890715528524,914.5429945935936,172,1053,1,68,2.795050386671848,3.0075034849994378,-0.3700673606456267,6.54268859296254,16664.344939626506,0,1,10,2,4,34,12,11,89,2,2,35,0.8,0.14,smart,68,1
1052,15773.041174970058,14173.88333305859,3340,5.929902189793357e-05,11458,3084,34229,0.8848094018503823,0.3685558078098064,0.9999293226911473,14148.31262199795,1.123747922280534,0.21175371083796973,0.8986144888501818,8193,0.9989021675928944,7.942347897580317e-05,0.9989426417754569,945.2531833316103,172,1053,0,68,2.627706311289605,2.8244657092236056,-0.37097071816744154,6.194113456848093,15773.041174944065,0,0,10,2,4,34,15,12,89,2,2,35,0.8,0.14,smart,69,1
1052,16656.74165865034,15026.190158172158,3402,5.645515953715955e-05,12077,3211,36223,0.8892201167575862,0.3684542180759325,0.999933347669517,15002.726329576144,1.1183183196232416,0.20424162598651105,0.902108615604818,8193,0.9989147172982946,7.453852222483476e-05,0.9989336825278731,937.3069208619925,172,1053,0,68,2.7866827452059453,3.0904594645810013,-0.3799981784874252,6.637138566761797,16656.74165862713,1,2,10,2,5,34,10,14,89,2,2,35,0.8,0.14,smart,70,1
1051,20600.140265560283,18968.336962147805,3528,4.6026403613145736e-05,14803,3641,45303,0.9051852603905074,0.36822374920612067,0.9999472327425896,18950.646010673634,1.091955004039408,0.17126096980505415,0.9207867867705465,8193,0.9988726217239281,5.7619470778877875e-05,0.9989230429715803,928.0420651947986,172,1053,0,68,3.5255065265375483,2.9274693631737967,-0.394596283265102,7.242168456241549,20600.140265512928,0,1,10,6,4,34,18,14,89,2,2,35,0.8,0.14,smart,71,1
1050,20245.395692973867,18416.043191729863,3874,4.6600757504554235e-05,14626,3774,44227,0.8953331822714308,0.3683696081602676,0.9999456302882941,18392.09338292321,1.1074679268755407,0.19135215032346667,0.9096410596766514,8193,0.9989973261405128,6.021271190799636e-05,0.999032467706392,1033.0571521062604,172,1053,0,68,3.446242970178924,3.9284481277513223,-0.41002287609388194,8.19473685011801,20245.39569293223,2,0,10,5,6,34,14,18,89,2,2,35,0.8,0.14,smart,72,1
1053,22991.600994619817,21294.709293557054,3717,4.131585991724136e-05,16480,3954,50725,0.9097745928817488,0.3681652120768082,0.9999530034119252,21277.640409334486,1.0847477257100429,0.16166773252849168,0.9261951483300425,8193,0.9989892948349978,5.097944203046715e-05,0.9990009183900963,1000.4191510135751,172,1053,1,68,3.9896078112618665,3.2631463123903925,-0.377267971179152,8.007290066010563,22991.600994551965,1,0,10,5,6,34,12,13,89,2,1,35,0.8,0.14,smart,73,1
1052,18969.296797699415,17358.762980681568,3488,4.961318619195689e-05,13670,3444,41575,0.8978098825129706,0.3683280389083319,0.9999423248422205,17337.987456681454,1.0999781223344018,0.1838760833993078,0.9150978639749486,8193,0.9989067305466489,6.34414117598243e-05,0.9989331694086772,936.8558587830155,172,1053,0,68,3.2437664025985447,3.084113309608223,-0.36256378706974596,7.05300728634626,18969.29679765521,2,1,10,4,5,34,15,14,89,2,2,35,0.8,0.14,smart,74,1
1053,21178.06845362732,19451.801546571074,3819,4.428863913488161e-05,15240,3781,46509,0.8982786430007403,0.3683167266840284,0.9999485316432187,19428.913766385387,1.0955021804446634,0.18032806005714336,0.9184879909687621,8193,0.9989322255449705,5.638369707777959e-05,0.9989762340798481,976.2857016236152,172,1053,1,68,3.6386563654504993,2.917522654779979,-0.383768791924862,7.323716604080203,21178.068453581276,1,1,10,3,5,34,14,11,89,2,1,35,0.8,0.14,smart,75,1
1051,18318.756507625738,16694.778750311045,3529,5.106275940999534e-05,13228,3382,40059,0.8924747648540635,0.3684004560516429,0.9999400179598448,16671.157001200496,1.1054574296236255,0.1926440803190406,0.9113489086096721,8193,0.998943302899349,6.630759193358779e-05,0.9989574092240361,958.6490088191606,172,1053,0,68,3.113430742164736,2.637713680624909,-0.37253624310468597,6.496216908999017,18318.756507590813,1,0,10,6,3,34,17,10,89,2,2,35,0.8,0.14,smart,76,1
1053,16365.035690031882,14676.105585120513,3489,5.738652677131262e-05,11896,3229,35475,0.8850749184765675,0.3685431099386026,0.9999317433064677,14650.077809469745,1.1262137335314317,0.21319843513235887,0.8967964300902739,8193,0.9989488429835083,7.687162566165957e-05,0.9989917993131238,991.3659333092777,172,1053,1,68,2.7164483274252267,3.1024660177643084,-0.39182055956437917,6.602555464318294,16365.035690000275,0,0,10,2,2,34,10,13,89,2,2,35,0.8,0.14,smart,77,1
1053,18124.195090360226,16450.79212122548,3572,5.174700386497176e-05,13108,3406,39546,0.8913774518512861,0.3684295822803091,0.9999391252165704,16426.663159388394,1.1105134536626458,0.19708461436170763,0.9076702186887856,8193,0.9989277121997446,6.760226598759109e-05,0.9989525625109797,954.2108242806484,172,1053,1,68,3.0600236617998937,2.945368637515164,-0.38236856808173825,6.770129435478534,18124.195090326793,1,0,10,6,5,34,13,13,89,2,2,35,0.8,0.14,smart,78,1
1053,15194.909500220272,13486.664265301457,3519,6.115993070199578e-05,11100,3107,32754,0.8748527051906541,0.3687886407642505,0.9999256763795616,13454.17287037057,1.140946076436294,0.2315907179275393,0.8875777947282903,8193,0.9989343054570047,8.479924312590493e-05,0.9990144000046786,1014.1103122528259,172,1053,1,68,2.497025930971998,3.111730517541475,-0.38899676612093503,6.386749980755344,15194.909500194293,0,1,10,3,3,34,8,10,89,2,2,35,0.8,0.14,smart,79,1
1053,17558.247914100466,15934.513766238832,3400,5.376360040385568e-05,12697,3305,38309,0.894865828599841,0.36837613721344853,0.9999371617992626,15913.386583898711,1.1103741654936266,0.1936411888380713,0.907522996838559,8193,0.9989591860703878,6.97739147050064e-05,0.9989835440219523,983.3103522971782,172,1053,1,68,2.9563315637056937,5.369047133588134,-0.37856832500525905,9.082515347304344,17558.247914063166,0,4,10,4,7,34,10,20,89,2,2,35,0.8,0.14,smart,80,1
1051,18093.24987792558,16452.32970295073,3507,5.196094453947569e-05,13075,3377,39518,0.8931984031345085,0.3683947974427421,0.9999391365098284,16429.711229607226,1.1080885942656067,0.19382919175170774,0.9093076044355729,8193,0.9988690853058557,6.744213926652452e-05,0.9989406131750318,943.4421775472875,172,1053,0,68,3.0510639795658427,2.687086181133312,-0.3919902312584185,6.5221306232159915,18093.24987788149,0,0,10,2,1,34,8,10,89,2,2,35,0.8,0.14,smart,81,1
1053,16463.376161006126,14897.148408916111,3317,5.693393207676623e-05,11923,3133,35862,0.8894929139578012,0.36846999837303673,0.9999327703722556,14873.894417666903,1.1145409123831187,0.20147750786721308,0.9048659438518047,8193,0.9988992123608534,7.493017064547283e-05,0.9989331202100573,936.812633085289,172,1053,1,68,2.7642126819525648,2.6616340452865033,-0.3627343571676483,6.151315441574365,16463.376160967924,0,0,10,4,3,34,11,9,89,2,2,35,0.8,0.14,smart,82,1
1052,17814.568982176825,16094.137662787376,3683,5.236654540455698e-05,12913,3409,38771,0.8856540258764878,0.3685161074965761,0.9999377599900708,16066.33547794015,1.1169138910938905,0.20674089862543288,0.9034255995129206,8193,0.9990176946248717,6.951673167203188e-05,0.9990741617061382,1079.6021465253477,172,1053,0,68,2.989124559671649,2.8975720901106916,-0.3976756270466607,6.682047903875662,17814.56898213831,1,0,10,6,3,34,9,12,89,2,2,35,0.8,0.14,smart,83,1
1053,19530.668873342074,17927.293240071598,3484,4.825658409896717e-05,14056,3499,42877,0.9006782131756212,0.36827640436849784,0.9999441595312354,17907.659115846855,1.09606788232215,0.17838610764403484,0.9179047249396068,8193,0.998878867781271,6.12049443467385e-05,0.9989040280471724,911.9320173238797,172,1053,1,68,3.3394870819071047,3.1682105700198027,-0.3700416689554695,7.247780989837846,19530.668873291455,0,1,10,6,3,34,19,14,89,2,2,35,0.8,0.14,smart,84,1
1053,16922.03510606939,15183.639236626774,3640,5.5180437716778605e-05,12302,3327,36692,0.8827373766701124,0.368595797937546,0.9999340160704052,15154.70530193232,1.1258769760945946,0.21510415131419086,0.8972702834767723,8193,0.9990308605503417,7.428978712307914e-05,0.9990846474398621,1091.9751551411948,172,1053,1,68,2.8052156757659032,2.6572462071784746,-0.40884607276762924,6.280154028479637,16922.03510602905,0,0,10,3,2,34,10,10,89,2,2,35,0.8,0.14,smart,85,1
1053,18553.69812828278,16791.95762953218,3690,5.0762639401674686e-05,13433,3531,40420,0.8919190942518308,0.36840953875187515,0.9999403633695153,16767.717647042748,1.114015388029047,0.19888218372891703,0.9050463963265065,8193,0.9989176144333552,6.643612405043809e-05,0.998983931532637,983.6855603674189,172,1053,1,68,3.114602151748244,3.144293735660566,-0.40936710337854937,7.077630094165909,18553.698128242566,0,1,10,5,6,34,14,12,89,2,2,35,0.8,0.14,smart,86,1
1053,18816.178655477248,17142.077385681303,3561,5.01356640184062e-05,13585,3485,41139,0.896163739129967,0.36834761934854643,0.9999415923816718,17120.554210710954,1.1055043694859652,0.18925202960716042,0.9110286259261985,8193,0.998957913298908,6.456987727319087e-05,0.9989719601322663,972.2248361359983,172,1053,1,68,3.1812446772766907,3.3933414897633543,-0.39257842916934993,7.359743025378744,18816.1786554384,1,0,10,3,6,34,14,10,89,2,2,35,0.8,0.14,smart,87,1
1053,17108.85201699253,15349.757468978476,3651,5.478740495810084e-05,12436,3369,37096,0.8845212957411196,0.36855139931556036,0.9999347367635797,15322.062203394631,1.125750647782383,0.2133983037771221,0.8971821986497447,8193,0.9989375269317984,7.347013067691733e-05,0.9990024433720347,1001.9492735532135,172,1053,1,68,2.8404979210267,2.973775814597801,-0.40904662160652494,6.632366978837551,17108.852016963927,0,0,10,3,3,34,8,13,89,2,2,35,0.8,0.14,smart,88,1
1053,16750.291053943285,15102.367409682178,3481,5.580182399783428e-05,12151,3232,36415,0.8860931688547949,0.3685343898465765,0.9999336725509025,15076.214290085012,1.1194084453124729,0.2078172844155157,0.9016182083670027,8193,0.9989896589230715,7.424750667608228e-05,0.9990514397070573,1053.729164370384,172,1053,1,68,2.79094285113808,3.2957123761382365,-0.39049894447501543,6.867653116226347,16750.291053902947,0,1,10,3,2,34,11,5,89,1,2,35,0.8,0.14,smart,89,1
1052,16196.047529705325,14472.94969378346,3605,5.739987829455201e-05,11797,3231,35040,0.8785250870123462,0.36869609224361183,0.9999307582964657,14441.663444250267,1.13167053635685,0.22258517044902684,0.893609979054364,8193,0.9989946876684225,7.835879577705506e-05,0.9990518683925708,1054.2058206012862,172,1053,0,68,2.686026622134178,3.3333455550639917,-0.39306986639839003,6.80551190999495,16196.047529681307,0,0,10,4,5,34,7,15,89,2,2,35,0.8,0.14,smart,90,1
1053,18036.338391219022,16432.99552250398,3402,5.231384794512501e-05,13021,3339,39436,0.8966733516200421,0.36834543289955773,0.9999390730850427,16412.607415525625,1.105366783278541,0.18861921561952183,0.9111048576525029,8193,0.9989237427088401,6.734658800154283e-05,0.9989535684347646,955.1285780386002,172,1053,1,68,3.055800204071645,3.425894599904837,-0.369905093398159,7.2215049907728,18036.33839117852,2,3,10,6,10,34,9,18,89,2,2,35,0.8,0.14,smart,91,1
1052,17494.88967759594,15807.56557566782,3543,5.356753718569842e-05,12678,3347,38079,0.889494794614917,0.36847616675837536,0.9999366395695275,15782.221048579633,1.1164417349277544,0.20251628134227032,0.9035533156811548,8193,0.9989703447934085,7.073822892240088e-05,0.9990198795059282,1019.7826345904986,172,1053,0,68,2.935506305945667,3.377909561708976,-0.3905183475821636,7.0944525628189705,17494.88967755639,0,0,10,5,5,34,12,17,89,2,2,35,0.8,0.14,smart,92,1
1053,17817.28216673842,16118.088500477565,3563,5.286048625904133e-05,12903,3398,38806,0.8912567938246364,0.3684280574475613,0.999937869143903,16094.562300729456,1.1146160951000268,0.19997438254929048,0.9046322749811452,8193,0.9989596451351546,6.925205220812334e-05,0.9989596453316572,960.7105757655756,172,1053,1,68,2.994760024263773,3.088490622733428,-0.38933915269779196,6.861928952392785,17817.28216670264,0,0,10,6,2,34,14,17,89,2,2,35,0.8,0.14,smart,93,1
1053,22222.123212190745,20435.14317100224,3898,4.2443508625108265e-05,15980,3948,48835,0.90211364944808,0.3682678023131315,0.9999510146537435,20413.76827041835,1.0937740479511722,0.17541078153421505,0.919585539863797,8193,0.9989636103807051,5.357890046553453e-05,0.9990666198794409,1070.8747864773677,172,1053,1,68,3.7900757496291764,2.790901052984859,-0.4306504065223999,7.442277615658835,22222.12321213805,0,1,10,5,2,34,18,11,89,2,2,35,0.8,0.14,smart,94,1
1052,16877.960422458338,15211.894289370633,3497,5.5569018100362466e-05,12244,3265,36686,0.8870768236403391,0.36849632371503765,0.9999341550663567,15186.697318120823,1.119679894293368,0.20719328120634667,0.9012874724560448,8193,0.9989410131337272,7.372524834181334e-05,0.9989745807421183,974.7107780744482,172,1053,0,68,2.819816824756508,3.0874291064370456,-0.38892089813864944,6.685087727470853,16877.96042242853,1,1,10,3,6,34,9,11,89,2,2,35,0.8,0.14,smart,95,1
1053,19393.810280184454,17672.097380496245,3644,4.8743978181425986e-05,13999,3590,42407,0.8973380113545292,0.36831996455172833,0.9999433470372322,17650.82750128466,1.1051216666518204,0.187895000897438,0.911223587587254,8193,0.9989773012710744,6.260841663506978e-05,0.9990412780804716,1042.5552415652799,172,1053,1,68,3.26721628861783,2.920886132904301,-0.4163184274582719,7.020739276438675,19393.810280140675,0,0,10,3,2,34,19,10,89,2,2,35,0.8,0.14,smart,96,1
1053,16754.35063520497,15152.38383817507,3371,5.607742318410235e-05,12136,3197,36485,0.8902156014060495,0.368452237393463,0.9999339056651154,15129.389745955166,1.1150919788079494,0.20120147139076272,0.9043850261994769,8193,0.9989300575066408,7.370126267438018e-05,0.9990018082754819,1001.3114680414579,172,1053,1,68,2.800981837482968,2.790378058921934,-0.3812310087046291,6.35382191381416,16754.3506351777,0,1,10,2,3,34,10,12,89,2,2,35,0.8,0.14,smart,97,1
1053,15820.032576624248,14071.133256253344,3584,5.911504772361067e-05,11543,3217,34141,0.8783350187996479,0.3686867285082548,0.9999287823539745,14040.963813894088,1.1375710292275178,0.2265482060571566,0.8894503338156784,8193,0.9989697721411779,8.101513088837435e-05,0.9990088454283501,1008.4242855725076,172,1053,1,68,2.6007486266936777,3.006742488834844,-0.40400589877798115,6.415502913084484,15820.032576608284,0,0,10,2,2,34,9,14,89,2,2,35,0.8,0.14,smart,98,1
1052,16731.936363640452,14968.800893157131,3622,5.6153944624517275e-05,12176,3333,36223,0.8837762227158752,0.3685644005963334,0.999933073812361,14941.334204275321,1.1294227123028737,0.21647225528964079,0.8946245412267569,8193,0.9989306887228219,7.558795636747903e-05,0.9989751235967474,975.2273259980853,172,1053,0,68,2.7791532167546054,3.5436461426527104,-0.4018232782269413,7.126445915861199,16731.936363602934,0,1,10,4,6,34,9,17,89,2,2,35,0.8,0.14,smart,99,1
1051,17818.67144524548,16119.507731087468,3596,5.267235048575005e-05,12906,3396,38809,0.8894456437488248,0.36844735840506965,0.9999378692842269,16094.598651853068,1.1148102237302944,0.20181078095805585,0.9046413915100614,8193,0.9990120787711755,6.926395715165518e-05,0.9990324691707981,1033.0587164467884,172,1053,0,68,2.995100826378923,2.7375265991534246,-0.3957024933552482,6.524032412242844,17818.67144520307,2,0,10,4,1,34,12,9,89,2,2,35,0.8,0.14,smart,100,1
1052,17303.83160253049,15622.803770673461,3524,5.432376186599812e-05,12542,3325,37647,0.8891874808362846,0.36845398983669075,0.9999358934184436,15598.52236835674,1.1172791647334261,0.2036543166245709,0.9028522774336757,8193,0.9989397003995688,7.162494789559874e-05,0.9989851333140781,984.8510101363837,172,1053,0,68,2.8928934508265813,2.742502072075588,-0.3968083747425454,6.4290122723872605,17303.831602493607,0,0,10,3,3,34,12,14,89,2,2,35,0.8,0.14,smart,101,1
1053,16605.191471039947,14890.961198871226,3590,5.621754951783174e-05,12074,3272,35994,0.8821314610426273,0.3686069870442201,0.9999327178500507,14862.283076578346,1.126632853627862,0.21619744682023628,0.8967654016421069,8193,0.9990328900312457,7.580228059587617e-05,0.9990334857984093,1034.1458649761964,172,1053,1,68,2.760163606092916,3.103679192274186,-0.39371891451518803,6.651280627397478,16605.19147100167,1,1,10,4,5,34,8,13,89,2,2,35,0.8,0.14,smart,102,1
1052,14862.964266735036,13128.210134899478,3523,6.272187310944322e-05,10878,3096,31955,0.873279089934419,0.3688172493364025,0.9999236415193273,13095.622273580726,1.1474079435104652,0.23703212473469137,0.8832834352082694,8193,0.9991000124105797,8.761432727828708e-05,0.9991075365131863,1119.9939455465308,172,1053,0,68,2.423395172466625,3.019310799944161,-0.4022634333721552,6.247232839155097,14862.964266711984,0,0,10,0,3,34,2,15,89,2,2,35,0.8,0.14,smart,103,1
1052,23006.659102662266,21263.848025546708,3841,4.112370626929289e-05,16507,3995,50699,0.9063243679165014,0.36820461660285714,0.9999529304731808,21244.667890815643,1.0874522977053405,0.16695166311894152,0.9242475376655672,8193,0.9989892267859178,5.118586509166673e-05,0.9990169900707532,1016.7836404621862,172,1053,0,68,3.983164650357613,3.035478479765773,-0.3907249128734342,7.800092955870254,23006.659102595306,3,0,10,6,5,34,10,13,89,2,2,35,0.8,0.14,smart,104,1
1052,21897.346615084363,20205.50546420991,3713,4.31847379768572e-05,15722,3832,48211,0.9051022378102964,0.36823007331766566,0.9999504633082006,20186.55657303038,1.089462516645422,0.16956392321260677,0.9227376183692959,8193,0.998894796089325,5.3968368914128544e-05,0.9989248791501047,929.6279048972763,172,1053,0,68,3.784198585946688,3.3066617488596517,-0.37879506709976524,7.84845046900587,21897.346615024344,1,1,10,4,7,34,13,12,89,2,1,35,0.8,0.14,smart,105,1
1049,19128.42033036939,17450.68704264591,3585,4.9318607157201304e-05,13802,3522,41853,0.8968714153234139,0.3683429203023182,0.9999426267331345,17429.220396956967,1.1037642744217004,0.18741746250254893,0.9122910695840465,8193,0.9989339515997483,6.332656227342333e-05,0.9989538887802942,955.4212155642543,172,1053,0,68,3.2556347291207373,3.079938296625602,-0.3913472213706206,7.118267468487581,19128.42033032717,1,0,10,4,4,34,13,17,89,2,2,35,0.8,0.14,smart,106,1
1052,17778.602456013232,16117.757423611147,3549,5.2678549956522345e-05,12866,3357,38767,0.8898515619272391,0.36844414807718084,0.9999378628800083,16092.939795919077,1.112159962027721,0.1996219899050404,0.9065818004249069,8193,0.9989188691589996,6.910641701080197e-05,0.9989497784754723,951.6799779219252,172,1053,0,68,3.003925017158981,3.155082431414353,-0.3760374269429263,6.911082302459187,17778.60245597603,1,1,10,7,5,34,14,10,89,2,2,35,0.8,0.14,smart,107,1
1053,19822.73833482909,18120.99110430455,3605,4.784705861436625e-05,14288,3620,43421,0.9007161656342454,0.36827138118433306,0.9999447572095184,18101.409607157006,1.100949424459098,0.18186185677817868,0.9141517583605226,8193,0.9989340052965139,6.0819518386463856e-05,0.9989421771318597,944.8377657259573,172,1053,1,68,3.364439901338319,3.7459349970011147,-0.4005626313836808,7.911500161106795,19822.73833478133,1,0,10,5,7,34,16,12,89,2,2,35,0.8,0.14,smart,108,1
1051,18444.15453734148,16621.65742570168,3879,5.037590848332779e-05,13387,3559,40087,0.8838565296273589,0.36860810199407584,0.9999397234532963,16589.700573578997,1.1204752110819622,0.2103105345461454,0.9011883625269985,8193,0.9991015221105968,6.75383763913467e-05,0.9991406847722999,1163.2172322836038,172,1053,0,68,3.0999412775888886,3.1574404312504476,-0.4098883203759619,7.07715834959126,18444.15453730529,2,1,10,4,3,34,13,10,89,2,2,35,0.8,0.14,smart,109,1
1053,17558.69806870102,15929.753582576337,3450,5.356618853583701e-05,12701,3308,38302,0.8923802514753366,0.3683986496683847,0.9999371372345272,15907.167951747906,1.110990938735038,0.1964838159698038,0.9072286293806526,8193,0.9989251707045186,6.983996282435871e-05,0.9989447573454977,947.1492472036198,172,1053,1,68,2.954831876969519,2.6108888572490403,-0.38015351119077406,6.326027756600108,17558.698068663944,0,0,10,5,1,34,13,10,89,2,2,35,0.8,0.14,smart,110,1
1053,15185.955657105816,13552.414148314723,3368,6.161288380583747e-05,11064,3050,32832,0.8804286240783338,0.36863319462324357,0.999926066312887,13525.134099876183,1.132973166874476,0.22178386899372016,0.8924307731646295,8193,0.9989019277736043,8.376488362736254e-05,0.9989720920580039,972.3496794792821,172,1053,1,68,2.5018734575080814,2.8558217894080666,-0.3824486046150958,6.122592456146339,15185.955657078528,0,1,10,1,3,34,5,9,89,2,2,35,0.8,0.14,smart,111,1
1053,17654.463458144557,16013.304235399619,3475,5.325463305704289e-05,12771,3329,38507,0.8921854201998373,0.3684196327094496,0.9999374647072997,15990.470162510708,1.1112659867716217,0.19683407588333554,0.9070399830254926,8193,0.9988702716271372,6.949334375077933e-05,0.9989272984567128,931.7256598917561,172,1053,1,68,2.981035200494499,3.101101882427448,-0.37213924549039257,6.826415573902732,17654.463458110455,1,0,10,5,4,34,11,12,89,2,2,35,0.8,0.14,smart,112,1
1053,18610.19065528128,16918.377412137314,3608,5.052328578680701e-05,13450,3476,40641,0.893319995757143,0.3683938636623702,0.9999408130508072,16895.116573345946,1.1083795575379398,0.19387227497189052,0.9090921057993645,8193,0.9988632826535165,6.560160455858429e-05,0.9989446696000985,947.0704549344684,172,1053,1,68,3.1468734473542663,2.7181208892369213,-0.38782563246285284,6.640645601516894,18610.190655237133,2,0,10,7,2,34,11,10,89,2,2,35,0.8,0.14,smart,113,1
1048,15891.472928109588,14242.865483264566,3433,5.8775364929484674e-05,11558,3138,34437,0.8826576235802621,0.3686149114956122,0.9999296563372709,14215.421673558589,1.1273476762205141,0.21602780406387298,0.8962583611787874,8193,0.9989046283635377,7.930176471472268e-05,0.9989822198381353,982.0303647114406,172,1053,0,68,2.6503125721781067,2.6905284532648963,-0.38241126905998046,6.105663563562964,15891.472928087576,0,0,10,2,1,34,11,10,89,2,2,35,0.8,0.14,smart,114,1
1051,21427.670914269092,19630.636544265988,3932,4.38022158818234e-05,15436,3869,46992,0.8972385625370145,0.36832956321804916,0.999948997816908,19606.50384099851,1.0986975803657038,0.18350104478138157,0.9161348717183059,8193,0.999057815460428,5.6035975156524996e-05,0.999091452307296,1100.1576090731428,172,1053,0,68,3.65752990217579,2.783090724359238,-0.42004781699068505,7.280716260516398,21427.670914219823,1,0,10,6,2,34,14,9,89,2,2,35,0.8,0.14,smart,115,1
1051,16905.43903433338,15315.97424645035,3355,5.563489243626221e-05,12235,3203,36850,0.8915407687110709,0.3684289810068607,0.9999346158776002,15293.732956584312,1.112764450985502,0.19845683943411976,0.9059790884664413,8193,0.998910194014537,7.275712706566175e-05,0.9989390056503271,942.0119996627956,172,1053,0,68,2.8480139726285087,2.7240863249489307,-0.3690058245732607,6.310111946723961,16905.439034295297,0,1,10,4,2,34,10,12,89,2,2,35,0.8,0.14,smart,116,1
1053,19007.629680415674,17373.341471478227,3458,4.990867644388911e-05,13701,3474,41633,0.9007636078773485,0.36826531874867063,0.9999423804125983,17354.709310193113,1.101103706404134,0.18192694502896994,0.9140193576781791,8193,0.9989531714736204,6.34451412498449e-05,0.998979645874238,979.5518152937724,172,1053,1,68,3.2213933637611154,4.108363509394694,-0.3887927103841982,8.107342293924207,19007.629680375077,0,2,10,4,8,34,13,17,89,2,2,35,0.8,0.14,smart,117,1
1052,22410.099052460024,20773.211966367555,3658,4.2161185306631915e-05,16060,3837,49464,0.9075292250703596,0.3681974853835472,0.9999518206528989,20755.28147018057,1.0839256794589216,0.1632299791016966,0.926957614856558,8193,0.9990117862167411,5.222283154274131e-05,0.999047348980409,1049.2022558844833,172,1053,0,68,3.8717304890342708,2.728130195585894,-0.3887446159860061,7.377349916592177,22410.099052406655,1,1,10,8,4,34,15,11,89,2,2,35,0.8,0.14,smart,118,1
1052,16922.365038951364,15210.957402829885,3556,5.551128928925078e-05,12289,3310,36729,0.8863128901713776,0.36852234125464256,0.9999341482021832,15185.114254911363,1.1231383599794147,0.21013611228778672,0.8988671127125425,8193,0.9989590235705913,7.396068020187085e-05,0.9989777223276503,977.707721752623,172,1053,0,68,2.8172186262715617,3.103097900677877,-0.3999610389218093,6.720238604793057,16922.36503891713,0,0,10,3,3,34,9,11,89,2,2,35,0.8,0.14,smart,119,1
1053,17409.80974828034,15688.018127480753,3600,5.3953199208524205e-05,12630,3372,37838,0.8876618174778594,0.36848609413884564,0.9999361544978417,15662.310469883038,1.119893256413755,0.2067799735925082,0.9011022150331277,8193,0.9989419968922887,7.150014731974132e-05,0.9989899394591192,989.5395812576392,172,1053,1,68,2.9207063856109126,3.395067854497214,-0.3860001192783633,7.087774478664853,17409.809748242038,1,0,10,4,4,34,8,15,89,2,2,35,0.8,0.14,smart,120,1
1052,17498.050077887146,15775.194986680779,3638,5.3421637973019853e-05,12694,3378,38039,0.886071098887923,0.3685307806782334,0.9999365011051335,15747.80556920881,1.1195288207418803,0.20790888034990015,0.9015401668450135,8193,0.9989704851602487,7.108884288841389e-05,0.9990241933538665,1024.2931027870488,172,1053,0,68,2.9355685013048523,2.9844446375002556,-0.3910569887818709,6.70212711636885,17498.050077856165,1,1,10,4,2,34,9,12,89,2,2,35,0.8,0.14,smart,121,1
1053,19183.511757730404,17443.167710560043,3728,4.892820343885853e-05,13864,3579,41898,0.8926805734485032,0.36839236190940605,0.9999425918373115,17418.62565903264,1.1082066727435518,0.194333553057496,0.9092791732218136,8193,0.998976913996164,6.362010896134909e-05,0.9990535236805378,1056.050390908251,172,1053,1,68,3.2304675241569973,2.778705030856255,-0.4131244526126366,6.835421460238526,19183.511757692122,0,1,10,4,2,34,12,5,89,2,2,35,0.8,0.14,smart,122,1
1052,18302.863948190432,16651.56954795627,3523,5.1379921075901663e-05,13223,3408,39987,0.8940465354077083,0.36837583474100727,0.9999398664349254,16629.147659469654,1.1073902968164633,0.19248353754759304,0.9097794528272488,8193,0.9989290836034211,6.659132647680673e-05,0.9989368939337511,940.1398265560014,172,1053,0,68,3.099005731915956,2.8266406165755886,-0.38062619738972225,6.686898743270989,18302.863948147868,0,0,10,5,3,34,12,10,89,2,2,35,0.8,0.14,smart,123,1
1052,16799.68033711241,15082.849629013497,3519,5.618929307397466e-05,12204,3305,36440,0.8879292323618694,0.3684713119371371,0.9999335946943668,15058.53767925588,1.1244047183006287,0.2094682713828862,0.8978057514400295,8193,0.9989399366366675,7.466643897427594e-05,0.9989602369030658,961.2574549523864,172,1053,0,68,2.793226201803264,3.3806426325756274,-0.4006293755867895,6.975127585552471,16799.68033707168,0,0,10,4,5,34,10,17,89,2,2,35,0.8,0.14,smart,124,1
1052,21369.48269936762,19697.67791777327,3648,4.428741804019912e-05,15350,3758,47022,0.904849955702755,0.36823541273747173,0.9999491858372508,19679.052819165685,1.0907249818759568,0.17071073040565243,0.9217667172802539,8193,0.9989243310980296,5.542427674371431e-05,0.9989345146715713,938.0393479039492,172,1053,0,68,3.6870545076435395,2.795720943814667,-0.3755847888029381,7.233945029064082,21369.482699308475,1,0,10,4,3,34,15,15,89,2,1,35,0.8,0.14,smart,125,1
1053,18235.997839976564,16585.661102504724,3525,5.155560239381277e-05,13177,3400,39834,0.8935177915818442,0.3683842810351205,0.9999396265927566,16563.08395782657,1.1077977624317288,0.19329899196810446,0.9095011552450392,8193,0.9989297691741961,6.688152545507267e-05,0.9989625871382737,963.4362949519788,172,1053,1,68,3.0843848760023094,3.0028355566076037,-0.3792424440241067,6.845705320658126,18235.99783993908,0,1,10,5,5,34,11,12,89,2,2,35,0.8,0.14,smart,126,1
1052,19430.412290963337,17668.03199581981,3781,4.8303137659542777e-05,14042,3625,42438,0.8924390247054064,0.36841268258910054,0.9999433222497596,17643.107861819444,1.108190325514764,0.1945918564866717,0.9092978435684984,8193,0.9989585533383617,6.280973448850998e-05,0.9990111352381952,1010.7605455236858,172,1053,0,68,3.2915728179822685,3.807237108016413,-0.40242191412923217,7.903653754257146,19430.412290906494,1,1,10,7,4,34,11,11,89,1,2,35,0.8,0.14,smart,127,1
1052,17793.25838212146,16103.454024365215,3542,5.29176807684127e-05,12883,3387,38763,0.8917532691569179,0.36842480753071777,0.9999378131706745,16080.07542931026,1.1140544541558628,0.19906415811726627,0.9050312021853092,8193,0.9988697390339466,6.927951419992287e-05,0.9989491844203584,951.1416841430082,172,1053,0,68,2.9938864021917544,3.39199403935966,-0.38886233964823763,7.1636051208478895,17793.25838207836,1,0,10,4,6,34,15,14,89,2,2,35,0.8,0.14,smart,128,1
1050,17065.09099695851,15403.145610485217,3454,5.53107891946397e-05,12369,3286,37123,0.8907046474928317,0.36842999872448995,0.9999349841703484,15380.36962831776,1.1174246902045966,0.20240149909634836,0.9026113961672108,8193,0.9989006604370018,7.265029330699649e-05,0.9989642749974598,965.0071646500817,172,1053,0,68,2.8510524434603304,3.2825225037632997,-0.3994410797648587,6.932457106753348,17065.090996932242,0,0,10,2,6,34,9,13,89,2,2,35,0.8,0.14,smart,129,1
1052,17549.01583944953,15998.240247938864,3306,5.3727407928778405e-05,12667,3241,38383,0.8964562851884115,0.368341461356214,0.9999374168458319,15978.24081239212,1.1046861349041466,0.1883866326320269,0.9116317629604858,8193,0.9989349562025022,6.913474268829314e-05,0.9989439447091595,946.4200293644267,172,1053,0,68,2.9713765428064636,2.8215882928331055,-0.3649382555627261,6.522841346765022,17549.015839421936,0,0,10,4,3,34,17,11,89,2,2,35,0.8,0.14,smart,130,1
1053,15775.918027127964,14161.611547316632,3360,5.9411738464292805e-05,11464,3100,34216,0.8845294208836065,0.3685470398128082,0.9999292622791215,14136.229133533407,1.1250312740165314,0.2129828510912778,0.897672739105553,8193,0.9989538491323074,7.958214824095213e-05,0.9989627659087223,963.6024323324552,172,1053,1,68,2.621649840754885,3.1320490913552366,-0.37472585290137694,6.503150637912875,15775.918027100219,0,1,10,3,3,34,10,13,89,2,2,35,0.8,0.14,smart,131,1
1052,19752.53134655062,18036.94241837972,3666,4.780024237804678e-05,14246,3623,43241,0.8978993403110311,0.36830768295788013,0.9999444939671882,18015.559680107566,1.1025266504732099,0.18559646536848518,0.9131458698598399,8193,0.9989414134214899,6.1196880437362e-05,0.9989953018679573,994.8237534206796,172,1053,0,68,3.344435050473385,2.894353671277634,-0.41079904582134047,7.0603868133937,19752.531346510255,1,0,10,3,4,34,19,13,89,2,2,35,0.8,0.14,smart,132,1
1051,15916.457212036676,14260.454364491823,3451,5.8685859972191885e-05,11578,3147,34485,0.8821840785458782,0.36861709117463853,0.9999297425635535,14232.868738838255,1.1277897863349773,0.21681960715417328,0.8959565671252195,8193,0.9989572475935117,7.923561923884194e-05,0.9989806288712217,980.4968961561993,172,1053,0,68,2.643829394414377,2.6654752347117774,-0.3849921492586078,6.07928892764337,15916.457212001535,0,0,10,3,2,34,8,8,89,2,2,35,0.8,0.14,smart,133,1
1053,15920.77633987679,14140.631154274848,3645,5.86833253106734e-05,11624,3254,34332,0.8770672336831229,0.36870967728881987,0.9999291270012421,14109.2458426731,1.139583992133801,0.228946121859043,0.8881872876297364,8193,0.9989195875349098,8.076573485933766e-05,0.9990688534479708,1073.4447249568545,172,1053,1,68,2.6051271715223616,2.797451530877956,-0.4187619718498903,6.240102646100098,15920.776339854907,0,0,10,3,3,34,7,13,89,2,2,35,0.8,0.14,smart,134,1
1051,15775.614691677283,14169.97827793709,3357,5.9271979789659774e-05,11462,3090,34226,0.8841555200269452,0.3685587484290559,0.9999293006475918,14143.90112279118,1.1243861734049787,0.21279677943522843,0.8982203581209881,8193,0.9989570688331109,7.949337431693036e-05,0.9990044006959443,1003.920064662307,172,1053,0,68,2.6309019010621255,2.6041362783116284,-0.3711180212303787,5.977274221834512,15775.61469164711,0,0,10,2,0,34,10,6,89,2,2,35,0.8,0.14,smart,135,1
1052,20666.307035920578,18955.83478677786,3682,4.5770628090419454e-05,14876,3717,45352,0.9015691873370515,0.3682730338822259,0.9999471915746655,18935.872244263788,1.0968441028187528,0.17816439064803558,0.9172337734956852,8193,0.9989536921877932,5.7922609907384395e-05,0.9989539882497204,955.5121179389911,172,1053,0,68,3.5449473372003713,3.724668442355788,-0.38400837304051877,8.037632525637196,20666.30703586708,1,0,10,6,7,34,12,14,89,2,2,35,0.8,0.14,smart,136,1
1053,16176.526385006222,14528.596381508132,3393,5.813319764981773e-05,11751,3173,35095,0.8872155333475638,0.3685008907335786,0.9999310556470222,14503.951146655352,1.124163384476933,0.20974836743350045,0.8981283148015305,8193,0.9989799537020764,7.750471718409539e-05,0.9990134270573966,1013.1097146660189,172,1053,1,68,2.688219185619132,3.41157782959887,-0.3842454648995342,6.86828794501707,16176.52638498078,0,1,10,1,5,34,11,15,89,2,2,35,0.8,0.14,smart,137,1
1052,17587.40346948128,15935.89682716464,3506,5.339143108156435e-05,12729,3330,38339,0.8905865319971457,0.3684400064871055,0.9999371573765767,15912.266609623777,1.1126789339637784,0.19934722064481106,0.9060971879571403,8193,0.9989135704129232,6.992366323826279e-05,0.9990149277229529,1014.6538545920772,172,1053,0,68,2.9467431401075523,2.4956972978117147,-0.3968696867819696,6.236179811483206,17587.403469438887,0,0,10,4,2,34,10,8,89,2,2,35,0.8,0.14,smart,138,1
1053,15716.452767950785,14157.129148290085,3236,5.9918489290948223e-05,11402,3049,34151,0.8887961578461971,0.3684743997037929,0.9999292556473498,14134.903917362986,1.1201622425057587,0.20589887856876316,0.9007839973380957,8193,0.9989116054614273,7.92451527094447e-05,0.9989203979245266,925.7671177995242,172,1053,1,68,2.6132799068898778,4.578043579484392,-0.37180134057826664,7.9349261675308025,15716.45276791978,0,4,10,1,6,34,7,13,89,1,2,35,0.8,0.14,smart,139,1
1050,16831.930167062157,15212.978767440029,3414,5.5709642932205845e-05,12196,3218,36642,0.889077660619428,0.3684671352134622,0.9999341647135972,15188.922789481472,1.1160238821823976,0.2028287882681894,0.9038166518305666,8193,0.9989327845813,7.347375191622874e-05,0.9989643266904769,965.0553555099145,172,1053,0,68,2.831553413361176,2.656765538846697,-0.3745285232156505,6.237375998639174,16831.93016702834,1,0,10,4,3,34,13,12,89,2,2,35,0.8,0.14,smart,140,1
1053,20081.368604335505,18410.62466626596,3597,4.708105218698647e-05,14458,3619,44057,0.9010175640927865,0.3682819523741562,0.9999456266426159,18390.860178279137,1.097455826355154,0.17912125766285764,0.9168012912372498,8193,0.9989686413570973,5.9672357860194264e-05,0.9989806256368414,980.4937835434844,172,1053,1,68,3.425184671402412,3.129622087974317,-0.38894041963338327,7.3326875986434965,20081.368604303465,2,1,10,6,5,34,13,17,89,2,2,35,0.8,0.14,smart,141,1
1043,26888.590442824734,25130.793300826404,3971,3.537161475900559e-05,19198,4423,59619,0.9159374756679863,0.36810615193046586,0.9999601834801939,25114.70355715162,1.0738644630709677,0.1476834573550384,0.9346266534225337,8193,0.9989229508591861,4.275754566307802e-05,0.998966698485828,967.2716496711898,172,1053,0,68,4.769746230627983,2.79485342933434,-0.38626344199603574,8.337126543954394,26888.590442734258,2,0,10,5,2,34,11,10,89,2,1,35,0.8,0.14,smart,142,1
1048,16551.725024013416,14883.011725760867,3493,5.6555760426868856e-05,12020,3230,35931,0.8850958932027676,0.36853603166523224,0.9999326921830165,14856.615331309009,1.1228832292166764,0.2110354053690669,0.8991819102944519,8193,0.9989170690448486,7.557881888601308e-05,0.9989585669161227,959.7152313502293,172,1053,0,68,2.771230092463969,3.0643019427595966,-0.3874960571492994,6.610524149522164,16551.725023973526,0,1,10,3,4,34,11,10,89,2,2,35,0.8,0.14,smart,143,1
1053,18380.553633754265,16702.847672860284,3608,5.0956449657099124e-05,13288,3436,40131,0.8912385785695477,0.36841564669217525,0.9999400438146876,16678.34630234374,1.1090947894711758,0.19629441375336085,0.9087238614068174,8193,0.9989439152115198,6.649709272685682e-05,0.9989796786365434,979.5832845577914,172,1053,1,68,3.104359566228297,2.562660748793366,-0.38672374501808215,6.4404678050578275,18380.553633712185,0,0,10,6,1,34,14,5,89,2,2,35,0.8,0.14,smart,144,1
1053,18191.620522068217,16507.09298535166,3561,5.168883792888426e-05,13158,3424,39687,0.8928745550473481,0.36839844364783053,0.9999393357665359,16483.677621490875,1.1107628286728084,0.19574946584226283,0.9074009083097869,8193,0.9989426202701202,6.73835755622224e-05,0.9990239041871468,1023.9895095300635,172,1053,1,68,3.0609290843948846,3.0399906127024883,-0.3942694952871724,6.889458687671718,18191.62052202603,2,0,10,5,4,34,11,11,89,2,2,35,0.8,0.14,smart,145,1
1053,16799.638022514246,14948.459284565115,3858,5.482800560651021e-05,12267,3390,36261,0.8743731091450733,0.36890048576567835,0.9999329254420607,14908.28255999752,1.13844387538412,0.22964780519851993,0.8898084151891695,8193,0.9992029863165987,7.636061968033083e-05,0.999242281262903,1319.2508563248032,172,1053,1,68,2.760329165404031,2.9895236749097585,-0.43048527381225243,6.610823387938294,16799.638022473733,0,0,10,4,2,34,11,10,89,2,2,35,0.8,0.14,smart,146,1
1050,16494.084558102044,14785.406114816711,3594,5.632045088779464e-05,11999,3249,35745,0.8805887073077328,0.36866699729547936,0.9999322269944356,14754.6372598837,1.1275243145413787,0.21789630017596792,0.8964065912681396,8193,0.9989906101956885,7.641571164360966e-05,0.9990697123976955,1074.4363157905614,172,1053,0,68,2.748603396590056,2.864278818519105,-0.39312699542380103,6.399136205956763,16494.084558072747,0,0,10,5,3,34,9,9,89,2,2,35,0.8,0.14,smart,147,1
1053,20279.548649256474,18565.702416708264,3692,4.650827774288937e-05,14611,3676,44457,0.8992485481643728,0.3682923665447224,0.999946077105823,18544.498650745623,1.0993373584797541,0.18205533386638578,0.915488936061156,8193,0.998944588199632,5.927945204640266e-05,0.9990044065023055,1003.9259225015146,172,1053,1,68,3.4388934541462888,2.89389636383727,-0.4128726710586895,7.1585351601009375,20279.54864920421,0,0,10,4,3,34,15,12,89,2,2,35,0.8,0.14,smart,148,1
1052,16796.288957895005,15233.872959364662,3326,5.5877893100537e-05,12152,3167,36634,0.8910870908760634,0.368429799622554,0.9999342627825314,15211.582867933954,1.1114367065451574,0.19801993216106417,0.9069784996884126,8193,0.9989774066291918,7.306275648094466e-05,0.9989795916997374,979.4997833503589,172,1053,0,68,2.823632634956368,2.7197652452640613,-0.36957819353302007,6.282554267286469,16796.28895785418,0,0,10,3,5,34,14,10,89,2,2,35,0.8,0.14,smart,149,1
1051,17665.337415600963,15875.404256138641,3632,5.3721962170387075e-05,12825,3465,38338,0.8910198299799389,0.3684301737574542,0.9999369190798656,15852.153980596568,1.1228336434553865,0.20560037516138446,0.8986754049836851,8193,0.9989049825336753,7.08293793873708e-05,0.9990238436285133,1023.9259524028885,172,1053,0,68,2.93077395523594,4.634434133715528,-0.43085067189499854,8.426909432741466,17665.33741557308,0,2,10,2,8,34,10,17,89,2,2,35,0.8,0.14,smart,150,1
1052,17869.168082698205,16109.987445969839,3672,5.262563377283894e-05,12960,3455,38847,0.8885375306874947,0.36847643872316904,0.9999378296674281,16084.34237269779,1.1191592118383713,0.20549361800202712,0.9015521803484691,8193,0.9989080566226223,6.957850040139243e-05,0.9989521470468181,953.8322900563527,172,1053,0,68,2.9883219325164903,3.793044360898221,-0.40885831133598416,7.5990829160866795,17869.168082664015,0,0,10,2,6,34,13,16,89,2,2,35,0.8,0.14,smart,151,1
1052,16980.66204438628,15377.31218304693,3405,5.5186879989567546e-05,12294,3221,37004,0.8898081084615203,0.3684451107732695,0.9999348709057606,15353.621093268459,1.1135238588288368,0.20052221704310258,0.9055778945986732,8193,0.9989022425104477,7.25228003397141e-05,0.998929627710449,933.7542909940527,172,1053,0,68,2.856201875560927,2.5267040990384824,-0.3720608705107171,6.1270277156208435,16980.66204433685,0,0,10,5,0,34,17,8,89,2,2,35,0.8,0.14,smart,152,1
1052,15106.632008973082,13508.371234655227,3308,6.19186476623419e-05,10997,3011,32695,0.881616237164912,0.36860222213120647,0.9999258295523448,13481.958730596887,1.1303160734831867,0.2189766718375813,0.8942013829840751,8193,0.998926982394547,8.383604916230475e-05,0.9989440675883627,946.530222781276,172,1053,0,68,2.4991013031398714,2.745412405511361,-0.3728819685226333,5.990277645696499,15106.632008944774,0,0,10,1,4,34,7,11,89,2,2,35,0.8,0.14,smart,153,1
1053,18559.767388724365,16896.75002956845,3547,5.062129314284222e-05,13406,3444,40563,0.8947379187028728,0.3683808098444207,0.9999407380623105,16873.737304684048,1.1066042484198146,0.19111230899127069,0.9103966486042142,8193,0.9990470610127508,6.55795120169081e-05,0.9990765570360483,1082.4038369901743,172,1053,1,68,3.1287433640612083,2.8202953177090375,-0.3963786470818737,6.741795975933993,18559.767388668326,0,1,10,5,4,34,15,10,89,2,2,35,0.8,0.14,smart,154,1
1053,27753.658809053974,26111.959129124214,3831,3.422818299379469e-05,19760,4409,61763,0.919736897997819,0.36807455483716356,0.9999616829444192,26097.538712020905,1.0660947107015466,0.13803585416818007,0.940847450376734,8193,0.9989291708807538,4.0849610284513925e-05,0.9989328058000684,936.5364879276661,172,1053,1,68,4.8724799864624595,2.7862398110611974,-0.3988702146676518,8.456460226858962,27753.658808950036,0,1,10,7,4,34,16,11,89,2,2,35,0.8,0.14,smart,155,1
1051,15187.897786734764,13572.780109068397,3346,6.157255846202162e-05,11059,3035,32860,0.8808287731573067,0.3686235985630161,0.9999261787839174,13545.741211027143,1.1311771383164912,0.22030698698291373,0.8936575884071972,8193,0.9989455371942196,8.350487195563605e-05,0.9989775657517704,977.557918709892,172,1053,0,68,2.5169907375891536,2.9759514662523516,-0.3731896214425557,6.239321446726616,15187.897786711632,0,0,10,3,5,34,6,15,89,2,2,35,0.8,0.14,smart,156,1
1053,18577.11199549188,16931.704283535935,3522,5.06509167850325e-05,13411,3432,40626,0.8954364795922992,0.3683602303414932,0.9999408645758934,16909.83783583732,1.1050574493431815,0.18958813408966294,0.9114282288681235,8193,0.9989300674152916,6.534804092944249e-05,0.9989334672723443,937.1176456924113,172,1053,1,68,3.144649676980393,2.616911756949405,-0.3837666564405403,6.529094746810878,18577.11199546121,0,0,10,5,0,34,15,8,89,2,2,35,0.8,0.14,smart,157,1
1053,15867.235655334625,14102.768407227579,3606,5.897105650500098e-05,11581,3236,34229,0.878199251660221,0.3686959618330609,0.9999289413869826,14072.389367186723,1.1385370515136377,0.22726075784899866,0.8887980687730048,8193,0.9989451093260571,8.090286374971072e-05,0.9989908608483932,990.4435319216276,172,1053,1,68,2.609581366699309,4.440767506086833,-0.40413860581695127,7.858626084420044,15867.235655298111,0,1,10,3,6,34,6,17,89,2,2,35,0.8,0.14,smart,158,1
1053,17908.99303192689,16278.532297521055,3467,5.2527321847338e-05,12943,3347,39107,0.8936871992017866,0.36838426339019603,0.9999384875182039,16256.363168025495,1.1085271343325032,0.1935898904991072,0.9089585477252035,8193,0.9988989442918844,6.818825517131449e-05,0.998947324390603,949.4601764121119,172,1053,1,68,3.014431422041664,3.2797926594665205,-0.3870867226666103,7.068397526841405,17908.993031889062,0,2,10,2,6,34,15,11,89,2,2,35,0.8,0.14,smart,159,1
1052,16385.330969881616,14313.207781480538,4217,5.605770891238769e-05,12062,3525,35017,0.8614166109674362,0.36925706720964635,0.9999298876912961,14262.330850620932,1.1648223691690736,0.2573643466678457,0.8735379106952486,8193,0.9991469377074251,8.166838553256649e-05,0.9992126728884273,1269.6200474668506,172,1053,0,68,2.6435364769586296,3.612110456888446,-0.4715454564729382,7.198737846792952,16385.330969850045,0,1,10,3,2,34,11,10,89,2,2,35,0.8,0.14,smart,160,1
1053,16511.307230809198,14855.275302210655,3435,5.696202976905027e-05,11985,3218,35855,0.8876172976701299,0.3684964820779924,0.9999325758281415,14830.976191068108,1.1218217417698635,0.20803925164631892,0.8997031606614116,8193,0.9988679317456312,7.563790191183753e-05,0.9989330251717452,936.7291441171135,172,1053,1,68,2.750088402333618,3.060869388229369,-0.38596235374849674,6.5828824980599805,16511.307230772334,0,0,10,2,6,34,10,10,89,2,2,35,0.8,0.14,smart,161,1
1052,15900.095132263703,14236.738589688666,3438,5.892230350793127e-05,11567,3154,34437,0.8832794228163852,0.3685857830548251,0.9999296294361675,14209.987242467667,1.1284551041153992,0.21622512138457442,0.895387006886529,8193,0.9989503068127206,7.941002193629582e-05,0.9989988090253918,998.3103586506933,172,1053,0,68,2.6337335509929964,3.056589017567725,-0.38909822319534193,6.468519014951405,15900.09513223066,0,1,10,2,6,34,10,14,89,2,2,35,0.8,0.14,smart,162,1
1053,16946.925348444005,15338.936270678301,3395,5.543719857546352e-05,12271,3223,36921,0.8904527175252367,0.36843500313454597,0.9999347106515162,15315.93404119071,1.1140519177245898,0.200331324425862,0.9051161762559282,8193,0.9989244073470563,7.27357238857177e-05,0.9989290220549771,933.2259548744654,172,1053,1,68,2.844645900309329,2.666025737499727,-0.3741433396542814,6.258958317117618,16946.925348408407,0,0,10,6,3,34,13,9,89,2,2,35,0.8,0.14,smart,163,1
1050,17784.100602083665,16134.580848124184,3487,5.295842845544506e-05,12863,3352,38795,0.8928077596340401,0.368396768604491,0.9999379370156555,16112.163776008632,1.1108968024690766,0.1960740145381008,0.9072475020881171,8193,0.9989385547142583,6.894557086011043e-05,0.9989550527352398,956.4860055942468,172,1053,0,68,3.0014082077156603,3.2630425326302803,-0.3860395260080619,7.036529792362065,17784.10060204954,0,2,10,5,6,34,12,18,89,2,2,35,0.8,0.14,smart,164,1
1053,17543.710391791472,15894.785342238036,3456,5.377305242723577e-05,12696,3326,38242,0.8929821517810872,0.3683872889506867,0.9999370007746265,15872.711039364287,1.1125701042846892,0.1969936759567707,0.9060104725437698,8193,0.9989795103515038,7.009105474365067e-05,0.9989896378486082,989.2440373336777,172,1053,1,68,2.9526056759173107,4.431945289845597,-0.3795330499628088,8.143617065688526,17543.71039175883,0,1,10,4,9,34,9,18,89,1,2,35,0.8,0.14,smart,165,1
1052,17421.36795601473,15737.317466159066,3543,5.3899259630472686e-05,12625,3340,37914,0.8890316960386048,0.368473209645651,0.9999363588304909,15712.599042277201,1.1166585896651064,0.20337094130296346,0.9033341988925592,8193,0.9989396169329176,7.106545858885162e-05,0.9989641960170144,964.9335443504843,172,1053,0,68,2.9222129597502526,2.9388186831588654,-0.38983418016892807,6.640700003246975,17421.367955974893,0,0,10,4,5,34,12,12,89,2,2,35,0.8,0.14,smart,166,1
1052,15995.806273585682,14251.88452562996,3565,5.8632364162665196e-05,11661,3235,34552,0.8806461399913919,0.3686270058399408,0.9999296952497282,14223.289939113907,1.1350359792861033,0.22287091622802305,0.8909763147834874,8193,0.9989741369050176,7.979842107359483e-05,0.9990581237482228,1061.210521048492,172,1053,0,68,2.629428619291022,3.022054600170059,-0.41159918936866874,6.474681598198418,15995.806273549972,0,1,10,3,4,34,7,15,89,2,2,35,0.8,0.14,smart,167,1
1053,16952.659147025977,14868.827796480055,4292,5.341774006805001e-05,12472,3569,36306,0.8615491753550978,0.3694472388273376,0.9999324755567768,14808.95198339864,1.160714468721595,0.253175620578259,0.8770793813245816,8193,0.9993015660486099,7.837659824191038e-05,0.9993582884542719,1557.8325129956822,172,1053,1,68,2.741475392794477,4.1363520105147815,-0.4784028877348694,7.834633178778997,16952.659146987007,0,2,10,3,7,34,13,13,89,2,2,35,0.8,0.14,smart,168,1
1051,17427.826589860702,15766.664652164454,3510,5.381834780659367e-05,12622,3319,37959,0.8897228376133783,0.36845038799988605,0.9999364790403187,15742.335194567353,1.1147489676544964,0.20140204987132906,0.9046833562905261,8193,0.9989243531954323,7.080992422925263e-05,0.9989527673803389,954.3975937021266,172,1053,0,68,2.9330651219650927,3.244176333053978,-0.3833623927490878,6.943966240517247,17427.82658982302,0,0,10,4,6,34,12,12,89,2,2,35,0.8,0.14,smart,169,1
1052,20775.57307958127,18884.071518850425,4068,4.496535176954612e-05,15020,3876,45366,0.8913363141329408,0.3684433972287972,0.9999469657023156,18855.222493314024,1.1089366754213548,0.19580687302426944,0.9089555049343088,8193,0.9990928813857539,5.881167775749614e-05,0.9991586610619921,1188.0815523472493,172,1053,0,68,3.513275378962216,3.3444088877210287,-0.4364533433830066,7.7305909534492585,20775.573079535872,1,2,10,6,7,34,16,11,89,2,2,35,0.8,0.14,smart,170,1
1053,17546.665916998634,15904.443937148666,3490,5.3441584564793996e-05,12698,3316,38257,0.8906725088661771,0.3684299750736461,0.999937032048641,15880.594717039201,1.1122987483104099,0.1988981847895675,0.9064083178184275,8193,0.9988978337683965,7.003917348051692e-05,0.9989325231625767,936.2883872817781,172,1053,1,68,2.95571649255165,2.7940727385454283,-0.3769835866427273,6.503756404382533,17546.665916958398,0,0,10,3,4,34,8,9,89,2,2,35,0.8,0.14,smart,171,1
1052,17918.360784704655,16328.933941315046,3385,5.261876309989007e-05,12935,3314,39183,0.8962360563430968,0.36835189646595345,0.9999386838541288,16308.418074966132,1.1051486256347682,0.1889123698686478,0.911296191516226,8193,0.9989508559201421,6.77634543390639e-05,0.9990056696948992,1005.2019407314644,172,1053,0,68,3.023202259053521,2.59878795419781,-0.3833302095149097,6.38865063228115,17918.360784669945,0,0,10,3,1,34,15,10,89,2,2,35,0.8,0.14,smart,172,1
1053,19831.204611710138,18149.449977347787,3642,4.748731255113722e-05,14291,3600,43466,0.8979752347642006,0.36832053699937645,0.9999448382170242,18127.99305804259,1.0998147922332437,0.1836499633436001,0.9151965466903966,8193,0.9989379242855712,6.0667744882984945e-05,0.9989386715892125,941.7153368531353,172,1053,1,68,3.388020476563847,3.364723567670496,-0.3785900859571355,7.509924216148614,19831.204611672973,2,1,10,4,6,34,7,14,89,2,2,35,0.8,0.14,smart,173,1
1053,17283.681933642067,15518.42484342758,3689,5.4145443704507554e-05,12560,3392,37490,0.8839166252186559,0.36855752016437987,0.9999354443903423,15490.020575290482,1.1248578671747491,0.21343831795582247,0.8978656806465248,8193,0.9989790451224777,7.26158853940429e-05,0.9990043791573598,1003.8983357178558,172,1053,1,68,2.873348762985701,3.0017210802680827,-0.40940184168830906,6.6938735266304015,17283.681933608663,0,0,10,3,2,34,9,9,89,2,2,35,0.8,0.14,smart,174,1
1050,15449.827525644165,13809.965353342803,3400,6.050130534041468e-05,11249,3084,33431,0.8808724379424505,0.368622186862736,0.9999274465941,13782.450464658074,1.1308931798690576,0.22006718161458833,0.8938588686780184,8193,0.9989196227597216,8.205015190870357e-05,0.9989660503353238,966.6649839737998,172,1053,0,68,2.5638311888825043,2.856005126820724,-0.37899310171137135,6.177822519125971,15449.827525617846,0,0,10,3,4,34,8,13,89,2,2,35,0.8,0.14,smart,175,1
1050,17070.805083555544,15362.38134875902,3557,5.493762126579023e-05,12392,3321,37075,0.8869952793918314,0.3685118652404033,0.9999347969990805,15336.217413977656,1.1216876164857126,0.208367442694691,0.8999213144058295,8193,0.9989848099448598,7.313739868932671e-05,0.9990494432934024,1051.5150115473466,172,1053,0,68,2.844035286456871,2.869439886767817,-0.40754663421154935,6.528568441647787,17070.805083509207,0,1,10,2,2,34,12,9,89,2,2,35,0.8,0.14,smart,176,1
1053,18723.12480180884,17082.595702586626,3524,5.028229685059577e-05,13510,3445,40969,0.8959847916833739,0.3683481796291504,0.999941388765599,17061.07548009117,1.1037170883985266,0.18821644556145598,0.9123795244336713,8193,0.9989880023233201,6.469022098098346e-05,0.998991062072387,990.6411671215079,172,1053,1,68,3.1808527472233354,2.9142658147851543,-0.3752963129409686,6.845711187890427,18723.12480176506,2,0,10,5,3,34,10,11,89,2,2,35,0.8,0.14,smart,177,1
1053,17065.884927003262,15481.887141841706,3376,5.4910162063189746e-05,12346,3213,37226,0.8910164221433133,0.3684335778077453,0.9999353137247659,15458.729891217705,1.1112403750161013,0.19782156122816535,0.9071833783049126,8193,0.9989606567563463,7.188200074993629e-05,0.9990000348266523,999.5347444931557,172,1053,1,68,2.8795486668047956,2.993613562570812,-0.3618349850406586,6.596832199456925,17065.884926966315,1,1,10,3,5,34,13,12,89,2,2,35,0.8,0.14,smart,178,1
1052,26616.420735780677,24828.594825811495,4100,3.550007290061829e-05,19023,4419,58952,0.9112962413448795,0.3681622850477269,0.999959694229358,24809.843132941867,1.0763423341170784,0.15404024608343886,0.9328299650912193,8193,0.9989472736016758,4.338280725131569e-05,0.9990216122295817,1021.5895542911788,172,1053,0,68,4.642961673855363,2.594519611938465,-0.4171943595442726,8.071870004882374,26616.420735682084,1,0,10,9,2,34,17,10,89,2,2,35,0.8,0.14,smart,179,1
1053,19772.481757146314,18089.142009778607,3640,4.759694806991823e-05,14251,3594,43329,0.8977862428642003,0.36833237742318836,0.9999446534622762,18067.47752617718,1.1002885672318576,0.18409423989906604,0.9148645188781473,8193,0.9988806979003877,6.089716269379131e-05,0.9989324467539729,936.221337973762,172,1053,1,68,3.3788060957406807,2.913502841808689,-0.3766510281153656,7.045610993780101,19772.481757102083,3,1,10,4,3,34,15,12,89,2,2,35,0.8,0.14,smart,180,1
1053,18044.335921355083,16391.57785010646,3506,5.215649232578057e-05,13044,3382,39390,0.8934861095918903,0.3683940972774667,0.9999389113931567,16369.164514602231,1.1092837030064546,0.19429919811295046,0.9084057136570696,8193,0.9988835999288446,6.776459601086608e-05,0.9989618868879134,962.7860798153507,172,1053,1,68,3.03914983758797,3.51272688811513,-0.3880744589585796,7.3280256436202595,18044.335921317586,1,2,10,4,3,34,14,13,89,1,2,35,0.8,0.14,smart,181,1
1052,17185.839248478253,15589.370921767284,3411,5.452938616115482e-05,12433,3237,37486,0.8905145555758792,0.3684341901302453,0.9999357593333866,15565.963618358199,1.111357663658992,0.19847735980086234,0.9071055941098524,8193,0.9988910543347271,7.139435715977185e-05,0.998905904347301,913.4967769040294,172,1053,0,68,2.904034977838014,2.732799681495107,-0.3632348412583684,6.363304341849858,17185.839248446973,1,0,10,4,1,34,11,13,89,2,2,35,0.8,0.14,smart,182,1
1053,19267.4926028685,17562.316825129026,3627,4.897280766520295e-05,13907,3561,42138,0.8967203812265871,0.36834640379903827,0.9999429911486066,17540.63572345119,1.104827684426373,0.18824452536496733,0.9114998607818013,8193,0.999008199197838,6.298495727705235e-05,0.99903620033419,1037.0599390908196,172,1053,1,68,3.2619364216516713,3.445495188131266,-0.3976063329204936,7.502644275623924,19267.492602822447,0,1,10,5,7,34,13,13,89,2,2,35,0.8,0.14,smart,183,1
1053,16555.99390483854,14888.692498523951,3473,5.6685610385969975e-05,12021,3231,35943,0.8862647695124143,0.3685152979508136,0.9999327225688917,14863.3255526186,1.1225575018606175,0.20977296923170557,0.8992931855436771,8193,0.9989831214569757,7.552278499677464e-05,0.9990015471134828,1001.0494275057729,172,1053,1,68,2.757563678392029,2.9715162308884775,-0.3869745751336103,6.503029059547727,16555.99390481249,1,1,10,3,3,34,11,10,89,2,2,35,0.8,0.14,smart,184,1
1053,25396.429760703108,23692.392743526503,3838,3.7396502868361595e-05,18148,4216,56253,0.9140993857419668,0.3681351052630911,0.9999577643602076,23676.186437463926,1.076089552816984,0.15112360422954757,0.9329024971922105,8193,0.9988798904591493,4.544933073727851e-05,0.9989009534130755,909.3794456787891,172,1053,1,68,4.4362782221239625,2.936777782129793,-0.38735516071118753,8.14776632567613,25396.429760627067,2,0,10,7,5,34,16,11,89,2,2,35,0.8,0.14,smart,185,1
1052,21734.594311533754,20030.16245790494,3745,4.343260809260783e-05,15615,3825,47820,0.9034386145885083,0.3682372928845347,0.999950026926819,20010.27652699045,1.0910757705522358,0.1723059536479439,0.9215797714372641,8193,0.9988803981956049,5.452440932782076e-05,0.9989255401095829,930.2000779291506,172,1053,0,68,3.754012722185868,2.783170280087421,-0.3780394282834776,7.2932618588402445,21734.594311468754,1,0,10,4,2,34,13,11,89,2,1,35,0.8,0.14,smart,186,1
1052,16070.861053424765,14476.419578761106,3347,5.833244237138834e-05,11661,3115,34921,0.8864662047176319,0.36850322414816217,0.9999308081169948,14452.062297302597,1.120433210721884,0.20826513208430364,0.9007868048038485,8193,0.9991259080642575,7.752488363186757e-05,0.9991259080646736,1143.5443457804283,172,1053,0,68,2.6837857150835362,2.684300979219718,-0.3715110631283523,6.111108820559959,16070.861053394534,1,0,10,3,2,34,6,9,89,2,2,35,0.8,0.14,smart,187,1
1053,17708.10626887989,16069.999605382765,3460,5.3226423331531554e-05,12806,3334,38635,0.8932728996667834,0.36838764543931474,0.9999376890852755,16048.052714999598,1.110506864150444,0.19539074068471013,0.9074939669649532,8193,0.9989276785901764,6.919669851329219e-05,0.9990038154612507,1003.3299916957735,172,1053,1,68,2.9658396378119893,2.4948852947684377,-0.39752337621271633,6.255771685005859,17708.106268840074,0,0,10,2,1,34,11,7,89,2,2,35,0.8,0.14,smart,188,1
1053,23325.596932845237,21644.640479492497,3759,4.055721247334141e-05,16708,3974,51515,0.9087131074161894,0.3681757810351408,0.9999537619547259,21626.711831571654,1.0826143287827292,0.1611534320352967,0.9279351153073492,8193,0.9989653858145762,5.005797034869855e-05,0.9990225608385991,1022.58149687005,172,1053,1,68,3.9985519629904607,3.807591419337356,-0.4317608447541686,8.669665071836153,23325.596932775472,0,2,10,5,3,34,16,12,89,1,2,35,0.8,0.14,smart,189,1
1053,19377.336471314848,17752.802451288546,3511,4.866716876658441e-05,13957,3501,42496,0.8995129654808355,0.3683034434358481,0.9999436086878983,17732.728088967207,1.0984248059820654,0.18119105302204422,0.9161631928912845,8193,0.9988395670070307,6.194161605457736e-05,0.9989192827255872,924.8112967603205,172,1053,1,68,3.302756789427664,2.6810363565493147,-0.3776489980868103,6.739091142150599,19377.33647126371,0,0,10,6,6,34,13,9,89,2,2,35,0.8,0.14,smart,190,1
1052,26126.79926865414,24372.130056375063,3977,3.629180645069541e-05,18671,4339,57869,0.9130887919983405,0.3681343007742251,0.9999589413458739,24354.90134338167,1.076219050917043,0.1522191815042358,0.9328402536324357,8193,0.9990315464180314,4.418810577559196e-05,0.999040382101821,1041.5813587594735,172,1053,0,68,4.582424457808967,3.315503310539653,-0.38464764648166166,8.667223061311944,26126.799268568706,3,0,10,5,5,34,13,15,89,2,1,35,0.8,0.14,smart,191,1
1052,21389.407022224063,19644.37566656664,3809,4.406041686712302e-05,15390,3823,46972,0.9005753332132056,0.3682892985687866,0.9999490406254553,19622.97475255243,1.095390940606994,0.17807880302817022,0.9184160947592285,8193,0.9989470957121545,5.582043721497942e-05,0.9989743373313715,974.479340553461,172,1053,0,68,3.6821161352541134,2.9610892473600265,-0.3843110552715344,7.411827493157208,21389.407022164905,1,0,10,4,6,34,13,12,89,2,1,35,0.8,0.14,smart,192,1
1053,16623.862412445946,14853.080752463497,3628,5.6461101283632164e-05,12104,3327,35964,0.882972028109388,0.3685843781282837,0.9999325486758893,14825.005841515824,1.1311818996516807,0.21824049730367057,0.8934795286409071,8193,0.9990251187276457,7.629971694178148e-05,0.999031161811487,1031.664022432149,172,1053,1,68,2.7487763355079022,3.7201519567001853,-0.40865242278373176,7.28623313777555,16623.86241240545,0,1,10,4,8,34,11,13,89,2,2,35,0.8,0.14,smart,193,1
1052,15880.248147559181,14209.566831604589,3451,5.90353844633575e-05,11556,3160,34382,0.8827905863646798,0.36859006814237916,0.9999294947029058,14182.831477207084,1.129294849865141,0.21731398451291983,0.8947950119903272,8193,0.9989011905377061,7.962126889664901e-05,0.9989975573142674,997.0631828629354,172,1053,0,68,2.625939515423111,2.811391448697132,-0.3931190677578306,6.223569099635903,15880.248147531753,0,0,10,2,4,34,7,12,89,2,2,35,0.8,0.14,smart,194,1
1052,17115.237305865132,15489.082119348197,3427,5.49097780801559e-05,12393,3257,37285,0.8906464030848065,0.3684422237366356,0.9999353436076862,15465.874845018297,1.114224406411875,0.2002309368404503,0.904987867976585,8193,0.998939921749392,7.204173034675554e-05,0.9989727996809172,973.019861169223,172,1053,0,68,2.8705819959820356,2.768345761560634,-0.3832654005640533,6.405458558670776,17115.237305832427,0,0,10,4,3,34,13,11,89,2,2,35,0.8,0.14,smart,195,1
1052,16795.49349646771,15087.896745901942,3556,5.5811208809050256e-05,12201,3291,36442,0.885175310519639,0.3685505330581634,0.9999336069010922,15061.3063636677,1.1240426209195287,0.21172346026914118,0.8983300638992897,8193,0.9989273528952943,7.462867290745386e-05,0.9989656725078686,966.3116901160847,172,1053,0,68,2.798510433076372,2.9781301556968223,-0.3945491670060477,6.56573892278529,16795.493496433526,0,0,10,3,5,34,11,14,89,2,2,35,0.8,0.14,smart,196,1
1053,20499.472518355138,18828.467008351996,3643,4.5990932531486565e-05,14749,3662,45020,0.9008694340876543,0.3682876552765249,0.9999468328145072,18808.09388166671,1.095282296430636,0.17771188974438604,0.9184854386615592,8193,0.9988483123736628,5.823307702165577e-05,0.9989043739313984,912.2200680689203,172,1053,1,68,3.5055390250732112,3.1476199564868526,-0.38799801544118717,7.429155012442438,20499.472518308306,1,1,10,6,3,34,18,11,89,2,2,35,0.8,0.14,smart,197,1
1052,17803.948522935163,16043.57649290174,3662,5.284289439143206e-05,12915,3448,38695,0.8886906507004589,0.36847027404551497,0.9999375725466745,16018.093525845994,1.119741477996584,0.20568471062936336,0.9011246281820182,8193,0.9989961997661441,6.990260885420313e-05,0.9990192645361583,1019.1428666808958,172,1053,0,68,2.984998631647031,3.131008791239289,-0.39978245635653004,6.91557233559938,17803.948522898732,1,0,10,4,7,34,9,15,89,2,2,35,0.8,0.14,smart,198,1
1052,17246.788286838593,15543.789461097029,3576,5.4334457582642945e-05,12512,3336,37487,0.8869164404834206,0.36850234534490744,0.9999355593829463,15517.66300611847,1.1197830169342,0.2073429522370217,0.9012570458094414,8193,0.998992700625699,7.21595085776452e-05,0.9990188680621207,1018.7308303649605,172,1053,0,68,2.8826679870070535,2.815845043136266,-0.3961891017390136,6.490891233621347,17246.788286804313,0,0,10,5,4,34,13,11,89,2,2,35,0.8,0.14,smart,199,2
1052,16807.643440547818,15106.478081273457,3540,5.5857835408650986e-05,12207,3288,36478,0.8859104225574379,0.36850962334549325,0.9999336919392643,15080.62269516362,1.123281581050665,0.21061846132812892,0.8987862060917855,8193,0.9989389659905792,7.448262329969207e-05,0.9990135135976894,1013.1986343871091,172,1053,0,68,2.791941077408033,2.6654376051958955,-0.40342839797407815,6.264235478552084,16807.643440509903,0,0,10,3,2,34,7,8,89,2,2,35,0.8,0.14,smart,200,1
1051,15844.107581178563,14242.074500535013,3328,5.928168413935171e-05,11506,3098,34389,0.8863631051318545,0.36851401331388345,0.9999296687769982,14217.936092913184,1.1230975586347134,0.21004654146336255,0.8988877680591725,8193,0.9989374603483513,7.898882484927204e-05,0.9989375243990084,940.6979954603219,172,1053,0,68,2.636562135522291,2.8541853823101198,-0.3784916382447785,6.247730794321967,15844.107581145949,0,1,10,2,4,34,10,13,89,2,2,35,0.8,0.14,smart,201,1
1052,18104.328324001108,16500.803192591775,3444,5.1934384848638385e-05,13070,3345,39592,0.8948278396943843,0.36837198600255083,0.9999393192257084,16479.184238839982,1.1051002448755183,0.19023075246786433,0.9114286317220881,8193,0.9988855300985475,6.705833852865619e-05,0.9989081783088682,915.4003789067481,172,1053,0,68,3.075050666940397,2.7685718011500335,-0.3668368471203805,6.577296162331192,18104.328323959693,1,1,10,4,3,34,13,15,89,2,2,35,0.8,0.14,smart,202,1
1052,16277.436130158854,14472.836030451776,3699,5.743692063718816e-05,11879,3314,35121,0.8779302321883763,0.3687072058755852,0.9999307572274089,14441.440468001729,1.13808975665434,0.22724709041533195,0.889134868336942,8193,0.9988883390721737,7.880449020863036e-05,0.9990031300398082,1002.6397846052538,172,1053,0,68,2.6821211499722337,3.0904290604466182,-0.41244845651542933,6.597447123449711,16277.436130125108,0,0,10,3,0,34,11,15,89,2,2,35,0.8,0.14,smart,203,1
1052,16812.50264093411,15156.042009651643,3465,5.5863039067493134e-05,12195,3250,36548,0.8879771622051612,0.3684728167539085,0.9999339145447703,15131.422692527962,1.1193443784123258,0.20609662190110936,0.9014744760694096,8193,0.9989390535249622,7.397238280637424e-05,0.9990021025782508,1001.6069252012408,172,1053,0,68,2.8056214734123013,2.750248268490807,-0.39067180432624077,6.33721335055559,16812.50264090473,0,0,10,3,0,34,12,10,89,2,2,35,0.8,0.14,smart,204,1
1053,15210.553402152625,13579.884479503484,3358,6.153802357909279e-05,11080,3051,32892,0.8810789970054173,0.3686147599076425,0.999926217352403,13552.822252782073,1.1324076945925563,0.2207677729545836,0.8927935835379687,8193,0.9988951251731569,8.355203786645477e-05,0.998989692653393,989.2977266574385,172,1053,1,68,2.5087217206954073,3.243316190107351,-0.38027227780903583,6.51258246642083,15210.553402125894,0,1,10,1,6,34,9,14,89,2,2,35,0.8,0.14,smart,205,1
1053,17926.958818473966,16309.0469207125,3440,5.2543335718813516e-05,12951,3339,39165,0.894684522505067,0.36836465668234936,0.9999386055845914,16287.62642045427,1.107349758797014,0.19188976975029556,0.9097497844367118,8193,0.998980021890006,6.79850910946493e-05,0.9989801053473621,979.993338882872,172,1053,1,68,3.025898881680251,2.78805078606488,-0.3790315681637922,6.572012804072716,17926.958818428888,0,0,10,4,2,34,14,14,89,2,2,35,0.8,0.14,smart,206,1
1052,15186.922878804524,13496.820616795541,3475,6.138546831253663e-05,11086,3095,32760,0.8766769958308798,0.3687274273485766,0.9999257437943041,13466.38792093379,1.138911845677929,0.22881527928543371,0.888713317668337,8193,0.9989505099648143,8.457127228232654e-05,0.9990236455999341,1023.7181737027748,172,1053,0,68,2.493302052354429,3.136807848637996,-0.39394564323034315,6.418001187453111,15186.922878775902,0,0,10,2,7,34,6,10,89,2,2,35,0.8,0.14,smart,207,1
1051,16982.19496629426,15308.097468120683,3520,5.514833949114848e-05,12319,3281,36915,0.8868202574098254,0.36851468148434363,0.999934566812009,15282.264455562028,1.1195737448302616,0.20727591497956466,0.9014204287787135,8193,0.9989316508492119,7.325727931555203e-05,0.9989878498987421,987.4956671874414,172,1053,0,68,2.8475219044159377,2.9947029596340116,-0.38410415957303307,6.610433183196016,16982.194966262043,0,0,10,5,4,34,14,11,89,2,2,35,0.8,0.14,smart,208,1
1052,22369.4473190345,20732.845829447684,3628,4.23437248414075e-05,16030,3834,49371,0.9086821990934172,0.36819073891014314,0.9999517284611891,20715.640907018515,1.0840000521570308,0.16218550008219826,0.9268376430474342,8193,0.9988832735648854,5.232635058883731e-05,0.9988849890231629,896.3520643399804,172,1053,0,68,3.8926292841149586,3.0008480851335966,-0.360117354473691,7.613712078195937,22369.447318976298,1,0,10,9,5,34,16,12,89,2,1,35,0.8,0.14,smart,209,1
1053,17262.279379494772,15618.920724818692,3494,5.4281983754738076e-05,12502,3286,37601,0.8887138151398655,0.36847288505538184,0.9999358761317836,15594.317147998396,1.114664599900924,0.20240664185694934,0.9048005991243447,8193,0.9989289809776304,7.147660590987809e-05,0.9989444381685726,946.8627004377273,172,1053,1,68,2.9032839237312276,2.9564972608338387,-0.3754016184266515,6.610584421418369,17262.279379461233,1,0,10,5,4,34,9,12,89,2,2,35,0.8,0.14,smart,210,1
1052,16837.662969021218,14999.515187354686,3883,5.478387093037022e-05,12286,3390,36366,0.8730366917736779,0.3688305776173346,0.9999331646336352,14961.638371025949,1.1365457884037375,0.2306139520160333,0.8908311809632697,8193,0.9991002421396256,7.596145415849143e-05,0.9991250131602424,1142.3742590561928,172,1053,0,68,2.779051555738292,2.897707376558287,-0.4220250543337423,6.520809040964064,16837.662968978904,1,1,10,3,1,34,12,8,89,2,2,35,0.8,0.14,smart,211,1
1051,18456.269891856307,16850.83910568024,3459,5.0936965688521974e-05,13314,3384,40400,0.8961442268858502,0.368353051211088,0.9999405824776965,16829.552162006974,1.1028844217482334,0.18741598493454292,0.9130143417070178,8193,0.9988961733520968,6.553065972746286e-05,0.99893423448859,937.7926118258754,172,1053,0,68,3.1377356169809,2.482464150133535,-0.37439947185163425,6.368998710817704,18456.269891814965,1,0,10,6,3,34,16,6,89,2,2,35,0.8,0.14,smart,212,1
1052,21472.71375496772,19583.127175846963,4100,4.361884243345831e-05,15500,3953,46974,0.8935823049634903,0.3683864299464127,0.999948866637808,19556.20343028923,1.1044991218761342,0.19094000165915048,0.9120005696213596,8193,0.9990694980070839,5.647675363981748e-05,0.999097682382342,1107.7571287001979,172,1053,0,68,3.658779457377341,3.7426333704346813,-0.4234855150380734,8.248383857888168,21472.71375490508,1,1,10,4,4,34,12,13,89,1,1,35,0.8,0.14,smart,213,1
1053,16660.52996779903,14960.420080305272,3553,5.610045037282293e-05,12107,3267,36140,0.8839200987084237,0.36855928704165936,0.9999330357108892,14932.832570316485,1.1247667562390515,0.21325852219990188,0.897955833891258,8193,0.9990309823915149,7.531920624727713e-05,0.9990320703806155,1032.6328867940658,172,1053,1,68,2.7739844917720395,3.1150248578052686,-0.3904086645003157,6.669826678577939,16660.52996777395,1,0,10,5,3,34,9,9,89,2,2,35,0.8,0.14,smart,214,1
1053,16559.978054397758,14911.742122274007,3439,5.662678116894664e-05,12018,3213,35977,0.887208453715619,0.3685119041134162,0.9999328272649116,14886.49244281495,1.1209041048982016,0.20766935733267597,0.9004687127779112,8193,0.9989974406523675,7.529419449808161e-05,0.9990755905898803,1081.271688830474,172,1053,1,68,2.7464753845786274,2.637054286172118,-0.39881959250810983,6.181168855766964,16559.978054361673,0,0,10,1,3,34,10,9,89,2,2,35,0.8,0.14,smart,215,2
1049,21254.93813352816,19434.968047714166,3936,4.427905630250114e-05,15323,3873,46564,0.8971954599825898,0.3683293541792279,0.9999484849705905,19411.310713144656,1.1009818773407967,0.18518049665791492,0.9143742468512237,8193,0.9989459489999133,5.6717113790667446e-05,0.9989895034438788,989.1123928453262,172,1053,0,68,3.640503177723295,3.051355705732488,-0.41191591350358114,7.515690710462946,21254.938133484968,2,0,10,7,3,34,11,15,89,2,2,35,0.8,0.14,smart,216,1
1053,18634.67515913552,16957.13755681504,3533,5.075423639755504e-05,13459,3470,40717,0.8967742586564186,0.36832610774055174,0.9999409569592393,16936.297069162618,1.1068442812964165,0.18959278709336508,0.9099776310563654,8193,0.9988444483073796,6.53514520165928e-05,0.9989177254205219,923.4798488286957,172,1053,1,68,3.153244001952779,3.2580211182618193,-0.3861055059482364,7.183476132111071,18634.675159098846,1,0,10,6,4,34,12,14,89,2,2,35,0.8,0.14,smart,217,1
1050,15385.961614185413,13664.721473010635,3515,6.0784049287280304e-05,11233,3146,33177,0.8775908680742607,0.36870459996615307,0.9999266605304405,13634.722691938243,1.1396064297599684,0.22845500906223964,0.8881291800710172,8193,0.9989531971119321,8.357813106528432e-05,0.9990126074774169,1012.2683731070663,172,1053,0,68,2.5320012182773968,3.1811934839761693,-0.39865813680000034,6.510510975853567,15385.961614156335,0,0,10,3,5,34,7,13,89,2,2,35,0.8,0.14,smart,218,1
1051,24719.29067032665,23118.384348433607,3636,3.842750563832786e-05,17645,4052,54829,0.9159308776368478,0.36811667185710334,0.9999567175698226,23103.563144002757,1.073115605350506,0.14709159937039376,0.935236559040313,8193,0.9988824034850485,4.6447051260942733e-05,0.9989083937684622,915.5811579800682,172,1053,0,68,4.32863381423217,2.7400935655642806,-0.3753225454713606,7.819372470739172,24719.290670242048,2,0,10,7,5,34,21,11,89,2,2,35,0.8,0.14,smart,219,1
1052,29427.517201908267,27729.316173857795,4003,3.227296527298508e-05,20939,4638,65543,0.9204120221654694,0.36806849695959704,0.999963918268017,27714.35582684302,1.0643306886068973,0.13602914484883624,0.9422920725388158,8193,0.9989503826180922,3.8402894647813876e-05,0.998996771723099,996.2820276903045,172,1053,0,68,5.219282147239542,2.739593433404879,-0.37530287211293906,8.709481324870298,29427.51720179405,3,1,10,6,3,34,13,9,89,2,2,35,0.8,0.14,smart,220,1
1051,18269.16368172621,16571.232664081537,3564,5.1679384141384424e-05,13214,3447,39848,0.8939535409998977,0.3683798966494045,0.9999395752036826,16548.997236909938,1.1110365531966853,0.19508282163813018,0.9070602766921928,8193,0.9989535372159782,6.713415742816158e-05,0.9989712520947386,971.5553564645871,172,1053,0,68,3.0825249171421625,3.639667794994781,-0.3940048034437581,7.510202319024459,18269.163681679012,1,2,10,4,5,34,12,14,89,2,2,35,0.8,0.14,smart,221,1
1052,23519.091155375703,21663.743819005733,4103,4.00401995316378e-05,16902,4147,51732,0.9017591830382709,0.36826834747600895,0.9999537925451478,21641.029554510205,1.0918077820168777,0.17445402005094857,0.9211131363829976,8193,0.9989444861668133,5.044965879511523e-05,0.9990183018190616,1018.1429383965149,172,1053,0,68,4.0551108188072345,2.681288150346087,-0.41619928676325796,7.568797542679837,23519.09115530079,1,0,10,4,0,34,14,9,89,2,1,35,0.8,0.14,smart,222,1
1048,22645.757601024405,20791.748450762927,3993,4.179998798773363e-05,16294,4055,49723,0.9025769109048148,0.3682530427489932,0.9999518557889929,20770.429233006424,1.0956141652685119,0.17632441671191307,0.9181299569250176,8193,0.9990323285333087,5.274747955507806e-05,0.9990416349628876,1042.943661548504,172,1053,0,68,3.90821727264391,4.4658165148469555,-0.4134921931856827,9.20101817386223,22645.75760094707,2,0,10,7,8,34,16,20,89,2,2,35,0.8,0.14,smart,223,1
1051,19019.5378558797,17286.525039328593,3662,4.960420931903713e-05,13745,3558,41530,0.894838466903092,0.36835510978658487,0.9999420772150983,17263.863262534975,1.1085085273472486,0.19253885282327876,0.9088824960057922,8193,0.9989182488205877,6.42079009911998e-05,0.9989741053031708,974.2588279193977,172,1053,0,68,3.220554262368949,2.9998988322873186,-0.3987678795587707,7.017988853773809,19019.537855830167,1,0,10,4,4,34,7,17,89,2,2,35,0.8,0.14,smart,224,1
1053,18875.459247910905,17141.996618021054,3676,4.986036020242186e-05,13647,3542,41198,0.89327357922077,0.3684018333046452,0.9999415847975882,17118.33137314672,1.10964278976208,0.19475022841665968,0.9081631547544091,8193,0.9989243159790608,6.482000816903944e-05,0.9989860445702714,985.7365592822324,172,1053,1,68,3.1840608428222863,2.7166627741381713,-0.4010216354054139,6.7027668877712845,18875.45924786884,2,1,10,3,2,34,13,7,89,2,2,35,0.8,0.14,smart,225,1
1050,18461.06794243211,16689.496931576195,3686,5.116116186176129e-05,13371,3532,40194,0.8921222105919437,0.3684068449708391,0.9999399988189878,16665.838609168943,1.1153270057445217,0.1996634220454744,0.9040374578339522,8193,0.9989499221619537,6.692093755976908e-05,0.9989567180842149,958.0136041556531,172,1053,0,68,3.1082352042900983,5.374493231879537,-0.4081586894987176,9.299045815167071,18461.067942391284,0,1,10,6,7,34,16,12,89,2,2,35,0.8,0.14,smart,226,1
1053,20584.090173805052,18953.556102324663,3554,4.594978026320367e-05,14793,3638,45268,0.9038159105607184,0.3682392792773073,0.999947189319595,18935.063641658595,1.0920551872726554,0.17265761906361823,0.9207866824468454,8193,0.9989046698232368,5.767217747964648e-05,0.9989369366364016,940.1776115298161,172,1053,1,68,3.525991333992362,2.9987942972085064,-0.383617435952785,7.292020503106439,20584.0901737612,0,2,10,6,5,34,13,12,89,2,2,35,0.8,0.14,smart,227,1
1049,18772.37714722841,16916.693925409083,3992,4.936323740928189e-05,13627,3622,40799,0.8817191231323522,0.368637953053383,0.9999407707547012,16883.051270377695,1.1206894222427795,0.2126528765478903,0.9011482026348856,8193,0.9990648735628361,6.637758869389286e-05,0.9991279212725288,1146.1853910028522,172,1053,0,68,3.1476765668274798,2.7280294012513737,-0.4314229845902006,6.738551937259254,18772.377147185733,1,0,10,2,1,34,14,7,89,2,2,35,0.8,0.14,smart,228,1
1052,18894.279004200846,17261.321974955383,3462,5.011961226016431e-05,13623,3459,41373,0.8998348279217319,0.3682956333043666,0.9999420040318612,17242.07792069286,1.101792376145866,0.18323006658419083,0.9135739961878195,8193,0.9989186297813445,6.389951554297763e-05,0.9989526352865666,954.2771618728646,172,1053,0,68,3.2022489165564196,3.3457918227173877,-0.38981933518362605,7.327679409641059,18894.27900415264,1,1,10,2,6,34,15,13,89,2,2,35,0.8,0.14,smart,229,1
1053,18003.041574684805,16428.06447020391,3384,5.2279802656615366e-05,12990,3310,39396,0.8960832254728357,0.36834422279328,0.9999390539401688,16407.45159621622,1.1035231904858431,0.18796823780924066,0.9125160546929154,8193,0.9989369745811687,6.725539039266373e-05,0.9989371021878125,940.324126588339,172,1053,1,68,3.055946242556679,3.619917157731687,-0.36343487323461954,7.402733146757605,18003.041574641185,1,3,10,4,6,34,13,9,89,2,2,35,0.8,0.14,smart,230,1
1053,17130.390848876446,15390.908043757701,3642,5.467033038466449e-05,12444,3354,37171,0.8842735807323178,0.36855758401608807,0.9999349123036371,15363.38681004969,1.1239285835175385,0.21260460617212787,0.8984563270935039,8193,0.9989902460697239,7.315392237769051e-05,0.9990634911758599,1067.2955200225304,172,1053,1,68,2.8386587651723776,2.6860706818835722,-0.41497672368629274,6.354682894428536,17130.3908488409,0,0,10,2,2,34,12,10,89,2,2,35,0.8,0.14,smart,231,1
1051,21218.316460894734,19473.17991880735,3756,4.458980991847886e-05,15270,3806,46578,0.9022148372912566,0.3682687904732313,0.999948595125364,19452.908005792557,1.0961395053463527,0.1770168715751927,0.9177532984153731,8193,0.9989288431846574,5.6346913856215153e-05,0.9990112195927994,1010.8468179622802,172,1053,0,68,3.6197433418616694,2.9948004660721463,-0.417995280561377,7.4505343690565695,21218.31646083311,0,0,10,4,1,34,17,11,89,2,2,35,0.8,0.14,smart,232,1
1052,18990.12657765031,17292.702530987277,3630,4.955418690156801e-05,13714,3523,41509,0.8946570699509835,0.36837027050582766,0.9999420975636628,17269.930451272092,1.1062018868872927,0.19115196442514434,0.9106154432556153,8193,0.9989412380231718,6.405178433155495e-05,0.9990090983389408,1008.6817961700375,172,1053,0,68,3.214078962914598,2.7703399679565033,-0.39621126096686643,6.776841452804834,18990.126577616502,2,0,10,4,3,34,15,10,89,2,2,35,0.8,0.14,smart,233,1
1053,21376.685979370268,19565.530637826203,3903,4.4176724885702135e-05,15403,3881,46856,0.8990221416434288,0.36829408097016453,0.9999488327341589,19543.245074976585,1.0996116801211049,0.18258208984155072,0.9152742692065583,8193,0.998954229167803,5.626412315887682e-05,0.9989799841710516,979.8768577631099,172,1053,1,68,3.6488999165736002,2.9000009967323463,-0.4112493672467419,7.37139964779943,21376.6859793141,2,0,10,7,1,34,10,11,89,2,2,35,0.8,0.14,smart,234,1
1053,16579.287375117994,14991.652423744286,3373,5.6470120890047464e-05,12011,3164,36101,0.8881496229970228,0.36848445631450816,0.9999331912510981,14967.599478962331,1.1154997381104008,0.20344662129822058,0.9042398557035441,8193,0.9989452919966877,7.45251419037239e-05,0.9989506698579032,952.4888336150716,172,1053,1,68,2.7841688784197074,2.8066308017059463,-0.3647935859845275,6.320386852094709,16579.287375088297,1,1,10,4,4,34,10,9,89,2,2,35,0.8,0.14,smart,235,1
1053,19324.27159137586,17657.75459850539,3609,4.8590580631818335e-05,13936,3530,42319,0.8961133170962647,0.3683566920108849,0.9999432971630098,17635.30188949902,1.101918939159057,0.18675995019706948,0.9137604237763761,8193,0.9988647395502765,6.248192998373092e-05,0.9989727354117298,972.9589544251015,172,1053,1,68,3.277213158593213,2.7837603846559893,-0.3931138293132631,6.847201201875729,19324.271591327597,1,1,10,3,3,34,14,5,89,2,2,35,0.8,0.14,smart,236,1
1051,19423.872736873378,17824.214270271284,3456,4.865819531287599e-05,13980,3486,42636,0.9014350577069768,0.36826672456785814,0.9999438385550412,17805.309670155548,1.0963239639527484,0.17792538320328316,0.917644720583173,8193,0.9988656348143219,6.157113795869365e-05,0.9989520297232162,953.7254495049468,172,1053,0,68,3.30081400721915,2.9156469372873324,-0.39545102357391915,7.007362991654321,19423.87273681758,0,0,10,0,4,34,14,13,89,2,2,35,0.8,0.14,smart,237,1
1053,21957.211842945904,20197.139874525896,3868,4.289301927750344e-05,15789,3896,48260,0.901185882154889,0.36827966804035184,0.999950436076095,20175.4651175388,1.0935063692360594,0.176160799816788,0.9198408258293751,8193,0.9990758150559231,5.419846647460938e-05,0.9990848854067523,1092.259243006829,172,1053,1,68,3.781096731599871,2.6967525264201617,-0.3893138748369026,7.256477007693838,21957.211842889614,1,0,10,5,1,34,11,12,89,2,1,35,0.8,0.14,smart,238,1
1053,24330.771630018506,22477.532231069534,4100,3.878079105175409e-05,17462,4232,53604,0.9051081547282285,0.36822495333284505,0.999955469932522,22456.23668313701,1.0880900967067852,0.16851089074961992,0.9238314580758094,8193,0.9989290385676006,4.845272542849036e-05,0.9990087366109451,1008.3135293983411,172,1053,1,68,4.2155966938500855,3.7971349694985492,-0.4056324856274138,8.823996634603462,24330.77162994903,1,2,10,8,5,34,15,12,89,1,1,35,0.8,0.14,smart,239,2
1052,18439.98696453707,16706.82585292541,3662,5.1012152194913504e-05,13346,3494,40195,0.891418087827495,0.36841838377593383,0.9999400590476432,16682.584942451016,1.112720831221246,0.19859016207780347,0.9060107192621775,8193,0.998936450738279,6.66975463310043e-05,0.9989897546456848,989.3584642195889,172,1053,0,68,3.103827121328723,3.010249986955117,-0.4018738224921216,6.917824753268084,18439.986964497642,1,0,10,4,5,34,15,13,89,2,2,35,0.8,0.14,smart,240,1
1051,21715.291470111802,20027.355652498478,3733,4.3441601803541746e-05,15597,3808,47797,0.9032452454832357,0.3682532753453983,0.9999500195027452,20007.304137959596,1.0902088594414057,0.17190651136955615,0.92226971395081,8193,0.9989404189716454,5.4489180906398436e-05,0.9989955974346976,995.116648577494,172,1053,0,68,3.7509685054474438,3.153410821437698,-0.3813419550771136,7.667063237039369,21715.29147005655,1,0,10,5,4,34,11,16,89,2,1,35,0.8,0.14,smart,241,1
1053,16092.636058211143,14434.113780551075,3444,5.8238863590099036e-05,11699,3172,34887,0.8841519754170982,0.3685510337505493,0.9999305957325386,14407.835916159645,1.1261283970947173,0.21401092944264563,0.8969390551267814,8193,0.9990230532550832,7.815811646808732e-05,0.9990348166200055,1035.5724635940317,172,1053,1,68,2.6710198181405187,2.808538956359708,-0.38551124704250533,6.250581268585237,16092.636058188622,0,0,10,3,3,34,10,11,89,2,2,35,0.8,0.14,smart,242,1
1053,17524.654343349524,15834.25779494507,3590,5.334901931221213e-05,12701,3353,38143,0.8873343713748459,0.3684919002358918,0.9999367427800611,15807.972149610929,1.1165921193651267,0.20485425444995314,0.903541803719173,8193,0.9989015229591924,7.063251327694227e-05,0.9989797506115105,979.6524259610632,172,1053,1,68,2.9417842831664878,2.829541182731597,-0.38673506029264026,6.544795586483366,17524.654343312308,1,1,10,3,3,34,15,7,89,2,2,35,0.8,0.14,smart,243,1
1050,16818.301844025435,15236.697225010197,3323,5.600674164231261e-05,12172,3188,36659,0.8924065226007174,0.36841278915699277,0.99993427788706,15215.078971924755,1.1127111993666075,0.19758237370323264,0.9059593154122698,8193,0.998862883422157,7.31297311145981e-05,0.9988918459823153,901.901544957441,172,1053,0,68,2.837949187496173,3.1716782444575635,-0.3655368780271336,6.740701188008004,16818.30184399736,1,0,10,5,7,34,13,14,89,2,2,35,0.8,0.14,smart,244,1
1051,24043.709901092203,22473.01413797998,3539,3.957264698894191e-05,17166,3953,53313,0.9163557161771664,0.36810104871692817,0.9999554753260014,22458.95697133405,1.0737715948176036,0.1471902636722147,0.9346733191519303,8193,0.998959273897221,4.7809330208544165e-05,0.9989725288427549,972.7632443535076,172,1053,0,68,4.17241693675363,2.684429338124827,-0.4029798093977692,7.662805893673995,24043.709901025606,0,0,10,5,4,34,20,9,89,2,2,35,0.8,0.14,smart,245,1
1052,19067.97842246334,17217.92482130161,3951,4.8813668696843444e-05,13826,3652,41488,0.8854162777411172,0.3685551512673972,0.9999418180789132,17186.969596042287,1.1177080832542279,0.20720602428128723,0.902975891823842,8193,0.99905391055685,6.503040349815423e-05,0.9991108352873677,1124.1509447341182,172,1053,0,68,3.204894183941553,3.5937502089627187,-0.4201967708916339,7.63903793468754,19067.978422422562,0,1,10,5,2,34,11,8,89,1,2,35,0.8,0.14,smart,246,1
1050,15638.060661978265,14038.1069837299,3342,5.9819591301966406e-05,11365,3071,33917,0.8837602008988745,0.36857056891833,0.9999286364176228,14012.249448161103,1.125132092908663,0.21370936411096045,0.897688484983408,8193,0.9989523417645535,8.029345679772744e-05,0.9989810535778135,980.9057850942643,172,1053,0,68,2.6077666523345546,3.295272066631771,-0.37091156898836397,6.644861856943053,15638.060661945323,0,2,10,3,6,34,10,22,89,2,2,35,0.8,0.14,smart,247,1
1052,17594.609107429078,15928.234336270098,3550,5.320482152881771e-05,12741,3341,38336,0.8888668607129357,0.36846022738172063,0.9999371209410828,15903.045900504045,1.1140135695954916,0.20176634663063142,0.9052906057199431,8193,0.9989216229248183,7.004812487748507e-05,0.9989494556002172,951.38733402235,172,1053,0,68,2.966323077493141,2.926055203677333,-0.37865964254340556,6.649697566257285,17594.609107392233,1,1,10,6,2,34,10,9,89,2,2,35,0.8,0.14,smart,248,1
1053,17003.88026690144,15316.68103370949,3520,5.523186205305314e-05,12337,3297,36948,0.8876717999097267,0.3684868277096248,0.9999346068349982,15291.61806183003,1.12033911704458,0.2070115729320786,0.9007756343429368,8193,0.9989327420395882,7.326252073897664e-05,0.9989459372465499,948.2100308692882,172,1053,1,68,2.844863122234815,3.1923728143317325,-0.38474376605888805,6.806723468684324,17003.880266866345,1,2,10,6,4,34,13,11,89,2,2,35,0.8,0.14,smart,249,1
1053,16189.551462053996,14441.453567875094,3596,5.7770854374359005e-05,11798,3256,34993,0.8803916362957822,0.3686360358362956,0.9999306155556882,14411.952380605377,1.1336331534991688,0.2221185687836079,0.8920230805482046,8193,0.9989441124513116,7.865650640909099e-05,0.9990549115482971,1057.6019413899778,172,1053,1,68,2.668621118967065,2.8734624271409968,-0.4063174303244965,6.354718406757055,16189.551462020072,0,1,10,3,3,34,8,8,89,2,2,35,0.8,0.14,smart,250,1
1053,16083.802940002388,14436.499692753636,3443,5.815399894311851e-05,11690,3160,34881,0.8835271061327502,0.3685653721587458,0.999930605464942,14409.856647855766,1.1252927785590323,0.2140662884793768,0.8975799906655343,8193,0.9989141406049699,7.80891691724502e-05,0.9989638110631202,964.5748766830471,172,1053,1,68,2.676993673655225,2.848988603932245,-0.3778596862637885,6.281701650115047,16083.802939973604,0,0,10,3,5,34,9,12,89,2,2,35,0.8,0.14,smart,251,1
1051,21881.77874613806,20212.07567240083,3755,4.2891841960532245e-05,15708,3806,48204,0.9021843356463021,0.36825945608243216,0.9999504743528639,20191.05846761937,1.0884770331811096,0.17160396527008684,0.9236943626426203,8193,0.9989472746987297,5.390752946157488e-05,0.9989790467683252,978.9767106550427,172,1053,0,68,3.7817307368124267,2.8460887494066354,-0.38226141277766884,7.392342311774399,21881.77874609595,1,1,10,9,3,34,17,10,89,2,2,35,0.8,0.14,smart,252,1
1051,15831.645555438323,14224.684929201132,3362,5.911302686737305e-05,11501,3098,34354,0.8844054466534209,0.36854584603710283,0.9999295749215132,14198.987186581004,1.1239159198508784,0.21235947888216336,0.8984969300500045,8193,0.998900487122022,7.915186686852858e-05,0.9989759278641325,975.9936253386518,172,1053,0,68,2.6357885598952637,2.581838797826215,-0.37689375321591656,5.971414864153313,15831.645555399253,0,0,10,4,1,34,8,6,89,2,2,35,0.8,0.14,smart,253,1
1053,17744.871417643255,16065.288803988155,3569,5.2826651751413146e-05,12848,3370,38665,0.8894641547565569,0.36845239332794366,0.9999376595754529,16040.455879605528,1.1138489617840504,0.20112853545117482,0.9053482792788717,8193,0.9989601248483418,6.943781715930251e-05,0.9990155013123954,1015.2453044691063,172,1053,1,68,2.978945502912134,2.7346396185393114,-0.39140044535040114,6.496386012152247,17744.871417602248,1,0,10,3,5,34,12,7,89,2,2,35,0.8,0.14,smart,254,1
1052,14794.280217133708,12983.199017599123,3695,6.220660504196224e-05,10867,3135,31695,0.8653273706373029,0.3691314395891524,0.9999227299590027,12941.126361204051,1.1578616997767845,0.24975868685525557,0.8775823377039245,8193,0.9990610942475214,8.946802101125531e-05,0.9991174016209996,1132.5180961683973,172,1053,0,68,2.4026875686985956,3.383835902207698,-0.40991323303162813,6.60634993696955,14794.280217100977,0,0,10,1,4,34,6,17,89,2,2,35,0.8,0.14,smart,255,1
1052,16066.076905434458,14473.85772878981,3352,5.82300464292018e-05,11658,3111,34913,0.8859346661523784,0.368526022541221,0.999930792910938,14448.88680638703,1.1203886322364771,0.20863836390987045,0.9008955835319032,8193,0.9989278282527659,7.753883585540338e-05,0.9989557969957431,957.1681019040465,172,1053,0,68,2.68892578139719,4.0440956956528105,-0.36546146297725907,7.463944403004518,16066.076905409602,0,3,10,4,7,34,7,13,89,1,2,35,0.8,0.14,smart,256,1
1053,19350.583781822235,17647.092167117462,3668,4.857959711524309e-05,13966,3566,42331,0.8950271009010943,0.36835492874308395,0.9999432609589239,17624.048825053364,1.1043754905171668,0.18955500471493197,0.911966913561284,8193,0.9989079451345746,6.266120631998806e-05,0.9989469468630462,949.1196084026294,172,1053,1,68,3.2925816652451716,2.779058859854587,-0.3827428896985426,6.837126304496844,19350.583781778656,1,0,10,6,2,34,15,9,89,2,2,35,0.8,0.14,smart,257,1
1051,25307.13719029376,23443.661333627002,4064,3.760254980916853e-05,18138,4349,55839,0.910708408368086,0.36816515507563813,0.9999573123332767,23425.46999572341,1.0844752067587682,0.16058710906102397,0.9263656002393873,8193,0.9989299110833257,4.629371619601387e-05,0.998959162867094,960.2650208274888,172,1053,0,68,4.409887835284281,4.536653732640255,-0.40593275276888396,9.758407073462305,25307.137190219382,2,0,10,2,8,34,9,16,89,2,1,35,0.8,0.14,smart,258,1
1052,16833.066810913137,15057.895297885763,3711,5.53609591591171e-05,12254,3347,36439,0.879873900150545,0.3686546268415756,0.9999334550916968,15026.945752502945,1.1300847972752226,0.2204589360742097,0.8945425968441768,8193,0.9989544411304644,7.520138920962e-05,0.999112664143601,1126.4689229232195,172,1053,0,68,2.7792099473426215,2.570189078000398,-0.4209928684140581,6.191384762171136,16833.066810880133,0,0,10,3,2,34,12,9,89,2,2,35,0.8,0.14,smart,259,1
1053,16803.013550302785,15077.878913439174,3600,5.5620980073120756e-05,12215,3303,36436,0.8834882269180933,0.3685922578404329,0.999933553830194,15049.276421300343,1.125770698941652,0.2142472830378173,0.8973318308826499,8193,0.9991340972397472,7.48031510245747e-05,0.9991662370038575,1198.881534887535,172,1053,1,68,2.7757263740773603,2.9592595990707236,-0.41572919102653916,6.566444355201162,16803.013550272033,1,1,10,2,3,34,6,9,89,2,2,35,0.8,0.14,smart,260,1
1051,20516.8454451954,18803.375079797584,3687,4.6085765659414095e-05,14774,3704,45004,0.9007383719808463,0.36827416483507575,0.999946761972748,18783.066021906532,1.0978855214063783,0.17970598890793008,0.9164847066779912,8193,0.9989465139510412,5.8449259308222636e-05,0.9989508252199826,952.6299524799817,172,1053,0,68,3.499998345227435,4.549580251231597,-0.4042538802999126,8.858086357058857,20516.845445146213,0,1,10,6,7,34,18,15,89,1,2,35,0.8,0.14,smart,261,1
1053,24449.86331615899,22643.046212293153,4060,3.852621249890321e-05,17530,4203,53939,0.9055073849246857,0.3682189235521039,0.9999557963144383,22622.048032600807,1.085158851490587,0.16605409803320798,0.9261011368242822,8193,0.998971230021363,4.796802065572231e-05,0.9990284615634889,1028.795274097062,172,1053,1,68,4.238665761897178,2.8606757361080635,-0.4051829211212332,7.909707340247708,24449.863316091938,1,1,10,6,4,34,12,8,89,2,1,35,0.8,0.14,smart,262,1
1053,17101.897640731593,15470.75991560238,3450,5.485238810912099e-05,12387,3259,37247,0.8894908615587435,0.3684517280124386,0.9999352640953915,15446.87816977819,1.1148319827471078,0.20173199913108672,0.9046224132903046,8193,0.9989710792849062,7.216965688998444e-05,0.9989725766612427,972.8085421222563,172,1053,1,68,2.864419109144474,2.7362001660720154,-0.3838045643030232,6.368228403822536,17101.897640701074,0,0,10,2,3,34,16,11,89,2,2,35,0.8,0.14,smart,263,1
1052,20720.039216885147,18919.997379733315,3857,4.545428845899219e-05,14945,3798,45359,0.8972822267742604,0.3683362409078784,0.9999470821884213,18896.72892791635,1.1026617264124159,0.18614829632450014,0.9131255583877012,8193,0.999037759042572,5.835044547350522e-05,0.999088766595601,1096.9136000122232,172,1053,0,68,3.4907892849952638,3.8730840105402167,-0.448381668774224,8.260636633083928,20720.039216827507,0,2,10,2,4,34,14,11,89,1,2,35,0.8,0.14,smart,264,1
1052,17412.26270758517,15792.414809230233,3460,5.378105110666562e-05,12598,3281,37977,0.8903593698001471,0.36845017204365554,0.9999365843457231,15768.477093543675,1.1115757359292717,0.1987105328070169,0.9069708557952496,8193,0.9989126735582972,7.049130257246203e-05,0.9989571101181469,958.3739201696861,172,1053,0,68,2.9340677523752925,2.6202197003432266,-0.3762483517205337,6.306784156159587,17412.262707544047,0,0,10,4,4,34,14,8,89,2,2,35,0.8,0.14,smart,265,1
1053,15214.219199814494,13591.889775932355,3349,6.142774604821242e-05,11080,3042,32911,0.8811391848102373,0.3686458756850545,0.9999262802288869,13564.382045174763,1.1316708470235215,0.2201230280710583,0.8933675529072226,8193,0.9989143650756324,8.342651581823677e-05,0.9989870750947176,986.739931845186,172,1053,1,68,2.516219281806504,2.842775428075091,-0.3734709745653431,6.105936659012281,15214.219199797775,0,0,10,2,3,34,7,10,89,2,2,35,0.8,0.14,smart,266,1
1052,18574.21688961638,16933.301401411478,3454,5.100912923251517e-05,13404,3432,40626,0.8988556556641417,0.368307952325952,0.9999408784685135,16913.81149644204,1.1044195741324991,0.18595669580723503,0.9116562761188479,8193,0.9988959817918572,6.52949766266526e-05,0.9989097380943023,916.7107139248244,172,1053,0,68,3.1440769577796,4.19043347782905,-0.38714298320423174,8.108796402017113,18574.216889574956,0,1,10,3,8,34,14,14,89,1,2,35,0.8,0.14,smart,267,1
1052,17547.5433090501,15923.748684933431,3437,5.362430206453902e-05,12691,3303,38283,0.8927772162452905,0.36838773612554265,0.9999371147214031,15901.472957468177,1.1106287571975149,0.19586787389362798,0.9074631362625445,8193,0.9988954113116174,6.984219881442154e-05,0.9988971795538503,906.2658312686239,172,1053,0,68,2.9620119052912104,2.8927431669344896,-0.37402294432995453,6.6028009608856095,17547.543309007327,1,0,10,4,3,34,12,14,89,2,2,35,0.8,0.14,smart,268,1
1049,18867.678921864477,17099.756088817663,3736,4.993253170484754e-05,13653,3573,41135,0.8918165619686618,0.3684001438534362,0.9999414380785214,17075.442429247174,1.1122590257355827,0.1980105775316434,0.9062988701276823,8193,0.9988869486064805,6.513602572920774e-05,0.998944849305146,947.2318377834616,172,1053,0,68,3.192051351366855,4.079854877194986,-0.40521822381385214,8.082342676189546,18867.678921822808,2,1,10,5,5,34,11,18,89,2,2,35,0.8,0.14,smart,269,1
1053,24011.51575136754,22309.395084971868,3794,3.9475654740845095e-05,17189,4066,53067,0.9107267072552006,0.36815446916429434,0.9999551420948535,22292.114792553053,1.0810140137164372,0.15800751769633362,0.9291123191046892,8193,0.9988927606941376,4.849202408918834e-05,0.9989403167019547,943.1780859126617,172,1053,1,68,4.182691638305982,2.776257349467821,-0.377900147315541,7.714749282404885,24011.515751297313,2,0,10,7,5,34,14,12,89,2,1,35,0.8,0.14,smart,270,1
1052,15559.187691447905,13824.587610782924,3609,5.957504688967844e-05,11363,3168,33558,0.8737586404030383,0.36881745893817725,0.9999274890934058,13790.528778029695,1.1397223343103637,0.2319529831228711,0.888516025703681,8193,0.998945933839454,8.264229972704314e-05,0.9990499027621528,1052.0237679949057,172,1053,0,68,2.559980041135705,2.940203675049708,-0.3980404325181489,6.296264581221711,15559.18769141927,0,0,10,3,2,34,7,13,89,2,2,35,0.8,0.14,smart,271,1
1053,18356.530728320864,16804.86502432597,3363,5.127491221413704e-05,13227,3327,40241,0.8981295574743517,0.3683073225848615,0.9999404244927617,16784.921493829166,1.0994637828991507,0.18320455263431062,0.9154706449187073,8193,0.9989434366781194,6.550111255649599e-05,0.9989649315883556,965.6196297977699,172,1053,1,68,3.1226079950457057,2.7514781811623057,-0.3639125611342441,6.6019112984765,18356.530728287435,0,1,10,6,3,34,14,11,89,2,2,35,0.8,0.14,smart,272,1
1050,16693.55093450945,14974.982204413855,3571,5.614188971709918e-05,12135,3289,36192,0.8841547657705006,0.36854916180400615,0.9999331024932663,14947.740202844241,1.1259680668286463,0.21391494320228255,0.8970519371919299,8193,0.9989561203704355,7.532445633273424e-05,0.9989717393623951,972.0159898894765,172,1053,0,68,2.786123124291914,3.1110145156311066,-0.39360086322694454,6.684339366376909,16693.55093447401,0,0,10,4,5,34,10,15,89,2,2,35,0.8,0.14,smart,273,1
1049,16744.517448384642,15134.303319966997,3394,5.597691647999697e-05,12133,3201,36452,0.8891543844203265,0.36845852648751554,0.9999338222723694,15110.324070850858,1.1160052836424121,0.20269321050678724,0.9038363372739067,8193,0.9990214730930689,7.385469369556272e-05,0.9990227436127468,1022.7728416193472,172,1053,0,68,2.8185127591598786,2.745025379689299,-0.37395958561565135,6.31145731008048,16744.517448347655,1,0,10,3,2,34,10,10,89,2,2,35,0.8,0.14,smart,274,1
1053,18240.06825697441,16612.4690929017,3477,5.157064149496803e-05,13172,3380,39873,0.8949812031906599,0.3683691326473086,0.9999397266822484,16590.589341032104,1.1059986509333224,0.19062428665367018,0.9107679236095859,8193,0.9989397218634278,6.666220812077007e-05,0.9989880317576938,987.6732181020669,172,1053,1,68,3.0773246841370074,2.7581310763432367,-0.3870757445300099,6.609607249540264,18240.068256931845,0,1,10,3,4,34,11,11,89,2,2,35,0.8,0.14,smart,275,1
1053,26166.178326079185,24413.35492970236,3956,3.625598405169313e-05,18697,4340,57962,0.9139039499917493,0.3681351727675651,0.999959011218719,24396.4195620714,1.0759772744684306,0.15118753494304332,0.9330118684305598,8193,0.9989863119829193,4.4102997166547805e-05,0.9991142964314336,1128.5458456851768,172,1053,1,68,4.5105065631499635,2.70579806301349,-0.4593278767388012,8.134960379641056,26166.17832601435,0,0,10,4,2,34,19,11,89,2,2,35,0.8,0.14,smart,276,1
1052,16754.0729425975,15115.926771002452,3430,5.609514040437909e-05,12148,3229,36437,0.8886864809084484,0.3684690465777054,0.9999337421542691,15092.05226461376,1.118202131381075,0.20472633799266624,0.9022240038462507,8193,0.9989093575712964,7.408966431702656e-05,0.9989568750124794,958.1578034658985,172,1053,0,68,2.7965997771785984,2.864930223132635,-0.3885851928903049,6.438700386091843,16754.07294256243,0,0,10,3,6,34,11,9,89,2,2,35,0.8,0.14,smart,277,1
1052,17499.361272392518,15815.228544179448,3543,5.366547184319777e-05,12679,3348,38093,0.8895258443779172,0.36846811076513475,0.9999366731838261,15790.598622724874,1.1160436068891033,0.20246453255351302,0.9037603314773549,8193,0.9989952827570187,7.067548833558636e-05,0.9990578743816066,1060.929502048523,172,1053,0,68,2.9290593480239995,2.7425830447712154,-0.39781541858450686,6.4672732299642295,17499.361272360744,0,1,10,3,3,34,11,11,89,2,2,35,0.8,0.14,smart,278,1
1053,20158.576588786666,18432.036843338905,3752,4.657849333220567e-05,14534,3672,44161,0.8962446984556189,0.36833898623648065,0.9999456795849042,18408.784943620525,1.101115089582479,0.1861242525470312,0.9143521003160432,8193,0.9989764637083166,5.981302873471557e-05,0.9990398930486756,1041.0505499325188,172,1053,1,68,3.434179058126196,3.0102520292951094,-0.3946104174164924,7.233651922254291,20158.576588732252,1,0,10,7,5,34,11,12,89,2,2,35,0.8,0.14,smart,279,1
1052,17539.849995499695,15960.99000515952,3364,5.3665157133652554e-05,12670,3263,38325,0.8945593538299759,0.36836691139508004,0.9999372660189292,15939.824248562805,1.1070654200074306,0.19179183407287528,0.9099844074638453,8193,0.9989227503719706,6.94506211032377e-05,0.998946006763564,948.2726038522804,172,1053,0,68,2.9690562492358867,2.680428983454616,-0.36551599324703066,6.380517219184564,17539.849995460147,1,0,10,3,4,34,10,9,89,2,2,35,0.8,0.14,smart,280,1
1052,23724.199311450957,22030.828884393748,3813,3.9813497879916446e-05,16988,4027,52416,0.9084994800135661,0.3681895509112749,0.9999545720748462,22012.39177178565,1.0817706476774178,0.16072196789206622,0.9286226521356247,8193,0.9988829008068776,4.914259601640947e-05,0.9989487778218105,950.773601918107,172,1053,0,68,4.138787193611822,2.51312744716286,-0.3715168579821148,7.3949483567389125,23724.19931138411,1,0,10,5,1,34,12,6,89,2,1,35,0.8,0.14,smart,281,1
1053,16492.106658461635,14814.610613813347,3520,5.666011725648689e-05,11983,3229,35782,0.88352976674942,0.36857516310377486,0.9999323762642931,14787.207144029566,1.1243192522573178,0.21343543750330934,0.8982849141478472,8193,0.9989608367710486,7.603066796515423e-05,0.9990614237909522,1064.9435057219264,172,1053,1,68,2.7361664788018816,2.5978996511065717,-0.3962374449278822,6.126541019764218,16492.106658437206,0,0,10,2,1,34,9,9,89,2,2,35,0.8,0.14,smart,282,1
1050,16708.215992169535,15035.966287565674,3467,5.628506681042742e-05,12127,3253,36287,0.887931663242701,0.36849269151084496,0.9999333863701176,15011.442772015076,1.121518083528083,0.20750270415613747,0.8999145267581184,8193,0.9988906941333453,7.470839052253146e-05,0.998937991273097,941.1117595169851,172,1053,0,68,2.798601403751798,3.1555224954645165,-0.3839159280846764,6.721955755385667,16708.21599214149,1,0,10,4,5,34,10,17,89,2,2,35,0.8,0.14,smart,283,1
1052,17816.676398375315,16092.918557019795,3628,5.259594507621341e-05,12913,3414,38772,0.8887374804991288,0.368474947975822,0.9999377623824142,16066.953068845782,1.1168805637127888,0.20362944911155448,0.903250314322782,8193,0.9989208408702881,6.951198541353807e-05,0.9990105890549551,1010.2023005859338,172,1053,0,68,2.989510594133788,2.882932427175148,-0.39769024205118314,6.6678235054113015,17816.676398332947,0,0,10,5,3,34,13,12,89,2,2,35,0.8,0.14,smart,284,1
1051,18026.54824343235,16381.324620986705,3533,5.202184422153133e-05,13031,3371,39358,0.8915682595603827,0.3684042864931079,0.9999388687341778,16357.741339173903,1.1090154889785657,0.19598871355125824,0.9087332971222013,8193,0.9989705419100251,6.779552065793587e-05,0.9990296115068447,1030.0150241828678,172,1053,0,68,3.028511726123381,2.460425849558177,-0.4018495000209407,6.292636575723439,18026.54824338841,0,0,10,2,1,34,11,8,89,2,2,35,0.8,0.14,smart,285,1
1051,18389.675203633404,16716.95255098249,3598,5.085463123405144e-05,13293,3431,40158,0.8914705735144364,0.3684266202013167,0.9999400932669348,16692.11447811321,1.1087176793262554,0.1956532652240162,0.9090401198428768,8193,0.9989257453070115,6.641965406018885e-05,0.9990041897043866,1003.7072488378757,172,1053,0,68,3.111480297127287,3.226794638239734,-0.38798215836269306,7.114239252092408,18389.675203599847,1,1,10,6,7,34,17,12,89,2,2,35,0.8,0.14,smart,286,1
1052,28991.575823320716,27140.523343118824,4135,3.296054108461906e-05,20684,4729,64340,0.9195322218810315,0.36807766499459943,0.9999631346417563,27125.23666794309,1.0718207637133963,0.14262763863542116,0.9361520570153723,8193,0.9988776653637372,3.951305642732755e-05,0.998942541421593,945.1634304033469,172,1053,0,68,5.102726614374711,4.615972247224052,-0.40897981589545157,10.536658493389666,28991.57582322105,3,1,10,6,6,34,18,14,89,2,1,35,0.8,0.14,smart,287,1
1052,19634.344371017643,17839.16773451162,3828,4.78715570556092e-05,14194,3676,42865,0.8927175578886437,0.36840482816347236,0.9999438668821664,17814.29522840644,1.1091297518100454,0.19496449321987702,0.9085695655233645,8193,0.9989553984628453,6.225891105132311e-05,0.9990255431504074,1025.7126242418597,172,1053,0,68,3.3094178707774593,3.136125530900236,-0.42334721876220205,7.2922378392021,19634.34437097862,0,0,10,3,6,34,14,12,89,2,2,35,0.8,0.14,smart,288,1
1052,16674.57157056969,14902.174748388317,3644,5.6271864084733667e-05,12140,3334,36078,0.8825420855624417,0.3685793196671515,0.9999327704459411,14873.91072042598,1.1308744237315969,0.21853634946948758,0.8937066050134913,8193,0.9989232033445714,7.602818320437367e-05,0.998948716163629,950.7178093631971,172,1053,0,68,2.7670835045478306,4.94409234872927,-0.4029871362380497,8.5171501257532,16674.57157053373,1,0,10,3,6,34,12,13,89,2,2,35,0.8,0.14,smart,289,1
1050,17199.130056355727,15551.566977950384,3518,5.427851684363745e-05,12462,3280,37449,0.8870462733571136,0.3685084864377679,0.9999355920495777,15525.53355793624,1.1157161408891938,0.20454522923384524,0.9042066038801476,8193,0.998981790262549,7.18609898880405e-05,0.9990279570446976,1028.2610395897086,172,1053,0,68,2.8836397686122095,2.527757496339665,-0.3923850040204539,6.196167272992782,17199.130056321483,0,0,10,3,1,34,11,6,89,2,2,35,0.8,0.14,smart,290,1
1050,15405.912269940462,13705.622219810602,3508,6.041173934521652e-05,11243,3125,33250,0.8768932848163379,0.3687438704134088,0.9999268721545045,13674.18154952959,1.1376853558983475,0.227704788819595,0.8896339262266596,8193,0.9989754478660426,8.319647892890221e-05,0.9990321942329802,1032.7650992435363,172,1053,0,68,2.541919975595588,2.886191565158665,-0.39253950438583324,6.21319054952592,15405.912269902461,0,0,10,2,2,34,9,13,89,2,2,35,0.8,0.14,smart,291,1
1047,18800.121974635353,17173.27302605055,3519,5.0005715037695225e-05,13559,3440,41164,0.8960333615228824,0.36835033923199056,0.9999416979188843,17151.546386347432,1.1022905061415629,0.187179636640004,0.9134660428916521,8193,0.99885621431452,6.426583050208649e-05,0.9989201666949097,925.5687719701923,172,1053,0,68,3.214054519487904,2.8348149199948365,-0.3771817698317543,6.803232979146249,18800.121974588412,0,0,10,6,4,34,14,13,89,2,2,35,0.8,0.14,smart,292,1
1053,19596.027534652458,17809.424416421494,3831,4.7846313363348564e-05,14165,3663,42787,0.8919211090397084,0.36841637536146443,0.9999437705579134,17783.77746439752,1.1088923137518152,0.1954988067466983,0.9088283012936351,8193,0.9989626778577859,6.235239613649427e-05,0.9990283473531598,1028.6742882994436,172,1053,1,68,3.315789742384369,2.7383845964462745,-0.406152809295342,6.866479957421327,19596.02753459368,1,0,10,4,4,34,10,10,89,2,2,35,0.8,0.14,smart,293,1
1053,18279.252941292398,16704.718426935156,3397,5.146216002853418e-05,13181,3338,40033,0.8969488422447592,0.36834190924781884,0.9999400644227698,16684.0811104889,1.1016968456962637,0.1858391046346461,0.9138622065456293,8193,0.998950845553739,6.603083637965698e-05,0.9989667673087246,967.3361122657295,172,1053,1,68,3.103639151111493,2.8606411675925645,-0.36820376270707966,6.7006878441182165,18279.252941254785,0,1,10,4,3,34,15,12,89,2,2,35,0.8,0.14,smart,294,1
1052,20855.174068646687,19121.053947093922,3817,4.4979871195750134e-05,15019,3753,45756,0.897108437916399,0.36833432065106664,0.9999476392268859,19097.7665132231,1.0977342026161,0.18302412568871398,0.9168494055314642,8193,0.9989165319262405,5.7478211523192734e-05,0.9989773761873383,977.3766154544752,172,1053,0,68,3.5814672601336266,2.6922598755816516,-0.3833947300931425,7.040516595901563,20855.174068592805,2,0,10,7,2,34,10,8,89,2,2,35,0.8,0.14,smart,295,1
1051,17645.523070663916,16086.457304551754,3368,5.315640724484648e-05,12738,3255,38594,0.8939708683018146,0.3683690509128439,0.9999377538294763,16064.745319719088,1.1049058463735961,0.1908699439802596,0.9116452507602824,8193,0.9989155550733513,6.877615772609413e-05,0.9989383439755335,941.4245810115309,172,1053,0,68,2.9925913831629014,2.7549235146424285,-0.3652626740446045,6.4780402458945385,17645.523070625444,0,1,10,5,2,34,16,7,89,2,2,35,0.8,0.14,smart,296,1
1052,17221.204091647487,15632.830410275286,3401,5.4436150002217704e-05,12455,3235,37578,0.8909209852409091,0.3684316743418231,0.9999359397689865,15609.808983241895,1.1103958516552022,0.19748909436881537,0.9077663981612887,8193,0.9989304581662376,7.113221477378741e-05,0.9990250131876734,1025.1548171749257,172,1053,0,68,2.8965983597154845,2.6617223988547143,-0.3773948135949144,6.3131103857600275,17221.204091612697,0,0,10,5,3,34,12,8,89,2,2,35,0.8,0.14,smart,297,1
1053,16900.076613989717,15305.35132253696,3376,5.5533906837411714e-05,12234,3206,36830,0.8905171370713464,0.3684408512495317,0.9999345670658893,15282.323752822886,1.113354660312121,0.19976240801212583,0.905637984496907,8193,0.9988985549309654,7.285006213022934e-05,0.9989305618703522,934.5703672499521,172,1053,1,68,2.8334278688958787,2.5249886305662277,-0.37646322587320113,6.111342951208509,16900.076613959205,0,0,10,3,2,34,12,5,89,2,2,35,0.8,0.14,smart,298,1
1053,17014.515586338224,15350.219708012553,3522,5.503211370569485e-05,12339,3277,37003,0.8865196179880414,0.368492827561091,0.9999347471808151,15324.508361884453,1.1184892750221127,0.2069997222153056,0.9021837636293322,8193,0.9989937327245079,7.29845784234466e-05,0.9990139052218499,1013.6012213897432,172,1053,1,68,2.828826105892114,2.7845814208313926,-0.4028007860920362,6.419009098907578,17014.51558629655,0,0,10,3,3,34,10,9,89,2,2,35,0.8,0.14,smart,299,1
1050,16143.466800688697,14525.81644603634,3401,5.7835738055576925e-05,11721,3139,35058,0.8848146077117651,0.36856853504916753,0.9999310347876967,14499.56410777525,1.1221149065509861,0.21067345954803895,0.8997953553208692,8193,0.998960199537965,7.738689275908586e-05,0.9989827984190108,982.5892248110301,172,1053,0,68,2.7009923392918758,2.7966715463331457,-0.3739537179760568,6.245571321577135,16143.466800656644,0,1,10,5,2,34,12,10,89,2,2,35,0.8,0.14,smart,300,1
1053,17925.05451349638,16188.732244675071,3698,5.203665065897826e-05,12995,3433,39005,0.8862173861004864,0.3685343134517865,0.9999381226999501,16160.515410727505,1.117354086824421,0.20630341722060877,0.9031343381681783,8193,0.9990366479731958,6.913885409277586e-05,0.999072715155862,1077.9172033369507,172,1053,1,68,3.0139041742473984,2.803246859372332,-0.3906645842451636,6.598480202110057,17925.05451346334,1,0,10,6,4,34,7,12,89,2,2,35,0.8,0.14,smart,301,1
1051,17238.5471046545,15577.499009690673,3507,5.444466650843958e-05,12491,3300,37523,0.888727194985361,0.368453206721641,0.9999357059726178,15553.04424620777,1.116232093800992,0.2034394185721772,0.9036433821899449,8193,0.9990261079713266,7.176705680393995e-05,0.9990310462448265,1031.5409166934471,172,1053,0,68,2.892619105746904,3.101270377629998,-0.38778947743469866,6.7694684382462995,17238.54710461932,0,1,10,6,4,34,10,13,89,2,2,35,0.8,0.14,smart,302,1
1053,15824.152741489066,14112.58218036994,3534,5.904907715518187e-05,11533,3185,34199,0.8794225681775869,0.3686636107733712,0.9999289963602752,14083.285048990423,1.1339768747023529,0.22332949243685368,0.8918380914870981,8193,0.9989574334690563,8.051648546783344e-05,0.9989735280452586,973.7106518664153,172,1053,1,68,2.609954481467119,3.4241393208329987,-0.3955826014326427,6.825259005165403,15824.152741467247,0,1,10,1,5,34,10,14,89,2,2,35,0.8,0.14,smart,303,1
1053,17445.587990603337,15862.996041171918,3392,5.380000285528185e-05,12608,3255,38102,0.8925813252839845,0.3683907750979241,0.999936873591004,15840.730565351958,1.1081889189777345,0.19443311408173933,0.9092841152568865,8193,0.9989538682433036,6.995598694435045e-05,0.9989913720638107,990.9457842183288,172,1053,1,68,2.944075905776147,2.5926584999726763,-0.3694260867319768,6.275586579212778,17445.587990555272,1,0,10,5,3,34,11,9,89,2,2,35,0.8,0.14,smart,304,1
1047,17165.23661195758,15531.716651886782,3442,5.4757013154170825e-05,12430,3269,37390,0.8905136924084505,0.36844383294155153,0.9999355207836813,15508.373350925682,1.1144426701341557,0.20052155864849816,0.9048355698788991,8193,0.998931612172259,7.185839000252515e-05,0.9989583414382414,959.5073826912349,172,1053,0,68,2.8997519128106277,3.337630421490515,-0.37918535785189084,6.995753050004924,17165.236611918284,1,0,10,3,5,34,12,12,89,2,2,35,0.8,0.14,smart,305,1
1053,21600.211722133157,19890.34102183186,3748,4.3693293427551953e-05,15524,3815,47503,0.9028993446579644,0.3682550062159305,0.9999496748110843,19870.264945651237,1.0920665347488077,0.1735168177152414,0.9208400953519711,8193,0.9989343528466552,5.495845466993162e-05,0.9989441110584264,946.5692112298783,172,1053,1,68,3.715342635146991,2.9065916051788,-0.38726168053726645,7.396457601400324,21600.211722077616,1,1,10,5,3,34,14,11,89,2,2,35,0.8,0.14,smart,306,1
1053,18923.511874015687,17240.804482594343,3650,4.942067509419624e-05,13666,3497,41374,0.8924400147412749,0.3684055729615786,0.9999419161479973,17215.9890109691,1.1058783347967318,0.19288174543393818,0.9110784825446746,8193,0.99903023848164,6.423367353166369e-05,0.9991265556139131,1144.39251098954,172,1053,1,68,3.1853495891187302,2.70320948047306,-0.4088596936865549,6.706278456964901,18923.511873969826,0,1,10,3,3,34,13,7,89,2,2,35,0.8,0.14,smart,307,1
1049,15602.903728816707,13931.30136358849,3454,5.98820800592625e-05,11366,3127,33742,0.880397606128217,0.3686414537179743,0.9999280754253748,13902.953788630455,1.1324107039082938,0.2213690515580682,0.8928659437832097,8193,0.9990683900450371,8.144815817990385e-05,0.999118149458894,1133.478932430189,172,1053,0,68,2.5818336206942063,3.101605568616214,-0.3929811989037958,6.4694015871180115,15602.903728791522,0,0,10,0,4,34,7,12,89,2,2,35,0.8,0.14,smart,308,1
1052,18970.937049101765,17266.963206144672,3646,4.951150907145296e-05,13704,3524,41456,0.8939524987679133,0.3683836714383198,0.9999420086961246,17243.464748029575,1.106890384224891,0.1921887142718989,0.9101797745389824,8193,0.9989118466424287,6.419001662858323e-05,0.9989713258094784,971.6250139139985,172,1053,0,68,3.2143554632252256,2.9831706722946567,-0.39228656130925293,6.982099258138388,18970.937049051357,1,1,10,5,3,34,15,11,89,2,2,35,0.8,0.14,smart,309,1
1053,25042.556297072726,23316.110027427032,3855,3.790886790411152e-05,17910,4198,55409,0.91296115385699,0.3681346635059163,0.9999570812659583,23299.34847349981,1.078456063812652,0.15393795881974792,0.9310595033044808,8193,0.9989646535985284,4.628596897875019e-05,0.9990066942075134,1006.2392391163233,172,1053,1,68,4.343579510785287,3.7628889667519934,-0.41284143831218045,8.932151354161642,25042.556296998166,0,1,10,7,5,34,14,16,89,1,2,35,0.8,0.14,smart,310,1
1051,15756.726522871435,14118.231241726984,3411,5.9331204857879804e-05,11461,3116,34140,0.8824907633726872,0.3685875497765605,0.9999290366983546,14091.290776279293,1.1276450255384658,0.21647897455406206,0.8960129644462561,8193,0.9989100490644836,8.002141409635727e-05,0.9989499322014896,951.8193735523316,172,1053,0,68,2.6184531961307003,2.714022889079326,-0.37997240288853656,6.0924208909871,15756.726522846091,0,0,10,2,3,34,10,11,89,2,2,35,0.8,0.14,smart,311,1
1053,20231.00548116957,18552.42762295701,3635,4.665754847813067e-05,14565,3641,44391,0.9002706779409667,0.36828291335086766,0.9999460410901037,18532.120501013673,1.0972074929235642,0.17967470788257914,0.917029439798485,8193,0.9990091529644856,5.920412024861928e-05,0.9990210577001539,1021.010583675313,172,1053,1,68,3.452634739020001,3.1372586561207156,-0.38991141123932954,7.369716217619375,20231.005481115375,0,1,10,6,7,34,11,13,89,2,2,35,0.8,0.14,smart,312,1
1051,16625.948634794433,14969.590502935944,3470,5.63595156987508e-05,12067,3228,36118,0.8863364368269997,0.3685147184323684,0.9999330861170292,14944.081830110454,1.1210579248471093,0.20870989537030432,0.900375120346992,8193,0.9990316163322315,7.501433878707971e-05,0.99904063785391,1041.8591626382008,172,1053,0,68,2.78045222792999,2.7821445417098447,-0.38338195566049404,6.329360680960823,16625.948634767992,0,1,10,4,3,34,12,11,89,2,2,35,0.8,0.14,smart,313,1
1053,18066.20706086061,16444.625312782082,3445,5.218348971923994e-05,13048,3358,39481,0.8954332518722493,0.36835915153639853,0.9999391135029024,16423.502814427153,1.1066219460918403,0.19068750780917332,0.9102422693033563,8193,0.9988995750867493,6.73783339089063e-05,0.9989152461894728,921.3680701413772,172,1053,1,68,3.0639993645463917,3.3899373934758543,-0.367378994584956,7.188694747192159,18066.207060826546,2,0,10,5,4,34,12,12,89,2,2,35,0.8,0.14,smart,314,1
1052,22220.158378600798,20525.83684030462,3794,4.235380588267821e-05,15949,3867,48951,0.9030550926077184,0.36825062202288444,0.9999512333433239,20505.314176355187,1.088314315188521,0.170745857673716,0.9237484490692064,8193,0.9989181614727921,5.307345056485436e-05,0.9989577552536592,958.9674503669028,172,1053,0,68,3.8453255697386477,2.999042869532036,-0.3790391410104997,7.602446721291683,22220.158378540513,3,1,10,8,3,34,12,10,89,2,2,35,0.8,0.14,smart,315,1
1053,20859.064604159754,19210.17018611858,3655,4.507423706514858e-05,14992,3680,45876,0.9010996019002193,0.36827906158170226,0.9999478893673778,19189.441657840784,1.0920860774242258,0.17522358117971948,0.9209507018012519,8193,0.99897446657993,5.6909296372803334e-05,0.9990197246016141,1019.6214082583618,172,1053,1,68,3.5719929397076267,2.709446516683503,-0.38984269260312093,7.061124841597372,20859.064604116087,0,1,10,7,4,34,21,9,89,2,2,35,0.8,0.14,smart,316,1
1052,17555.66165521229,15903.012206261186,3529,5.334525228591088e-05,12709,3326,38264,0.8891407279247944,0.36845029086914316,0.9999370229838855,15878.308831652954,1.1131678155085534,0.20101777246044367,0.9058623091850012,8193,0.9989771304613165,7.010398745562258e-05,0.9990103062513813,1009.9134938013,172,1053,0,68,2.9496350434935925,2.5531457653129284,-0.3879432179484641,6.278667244703449,17555.661655185217,1,0,10,5,3,34,12,7,89,2,2,35,0.8,0.14,smart,317,1
1053,15830.511327148424,14117.283764691492,3525,5.911851512850628e-05,11537,3189,34212,0.8801327386474758,0.3686316747422026,0.9999290227270908,14088.516928840218,1.1339689031342037,0.22267126608569024,0.8917768651276068,8193,0.9989246666194395,8.048602030848072e-05,0.9989770189507745,977.0351298100352,172,1053,1,68,2.6151808768256606,2.980204508828541,-0.3915639146498467,6.3785132149538954,15830.511327118546,1,0,10,2,3,34,5,12,89,2,2,35,0.8,0.14,smart,318,1
1053,16418.698664951415,14681.30125639539,3601,5.694529000715725e-05,11953,3273,35535,0.8813051848417588,0.3686139347714063,0.9999317536002584,14652.287596102016,1.130398751409067,0.21932310675065647,0.8941817835864908,8193,0.998983886484502,7.714564505643807e-05,0.9990172728092748,1017.07632119964,172,1053,1,68,2.7183347274866043,2.8905822816786686,-0.400126557399955,6.409170123965183,16418.698664927735,0,0,10,4,3,34,8,11,89,2,2,35,0.8,0.14,smart,319,1
1050,23968.156029837086,22199.994118174156,3917,3.951076307370501e-05,17181,4121,52880,0.9080284268694174,0.36819323093650974,0.9999549176781102,22181.14366676927,1.0848156380458112,0.16342517109467533,0.926228704892366,8193,0.9989703666980667,4.8906007785679323e-05,0.9990672997413306,1071.6557308224674,172,1053,0,68,4.134592231379791,2.861663017532129,-0.4307708219102414,7.857796892732403,23968.156029772672,1,1,10,6,3,34,15,12,89,2,2,35,0.8,0.14,smart,320,1
1053,15405.090408585253,13729.698343736223,3491,6.0280902701647805e-05,11234,3102,33281,0.8766029753231015,0.36874296952818914,0.9999270014203961,13698.39667693067,1.1353361068881331,0.22661340553084108,0.891244256254716,8193,0.9990088021356254,8.287792317608748e-05,0.9990147672421673,1014.4885000470599,172,1053,1,68,2.5415294737301335,2.9556468159109324,-0.38441362381205674,6.2660035372651794,15405.09040855963,0,0,10,2,3,34,10,11,89,2,2,35,0.8,0.14,smart,321,1
1052,17591.465368547855,15914.965644030588,3494,5.363020459993605e-05,12738,3354,38316,0.8924883474225636,0.36842033059558693,0.9999370781887109,15892.240199033797,1.1144506777022463,0.19861904206382913,0.904698119832887,8193,0.9990338717774837,7.012325523390402e-05,0.9990772388454492,1083.2039726674288,172,1053,0,68,2.940533543700863,2.8483913089039694,-0.4038515073462146,6.596627867297262,17591.46536850763,0,0,10,3,3,34,12,13,89,2,2,35,0.8,0.14,smart,322,1
1053,17036.132155702093,15314.149955184977,3626,5.475749385334198e-05,12375,3325,36976,0.8834973556987541,0.3685866459222453,0.9999345803642147,15285.430403600263,1.123496738470889,0.21284173936079478,0.8989217631808075,8193,0.9989366782547896,7.349874743715634e-05,0.9989957636883793,995.2814752814605,172,1053,1,68,2.841761540434941,2.9885444949875226,-0.39397106273024857,6.618248160882961,17036.132155664724,0,0,10,4,2,34,13,11,89,2,2,35,0.8,0.14,smart,323,1
1053,16298.046748805533,14589.110948242367,3563,5.725850092160789e-05,11860,3233,35294,0.8811324953396454,0.3686304713958639,0.9999313210590872,14560.004083440592,1.129084640522544,0.21861515400679093,0.8951447479012532,8193,0.9989435988564057,7.754433731216674e-05,0.9990543346588913,1056.9564615731001,172,1053,1,68,2.695600520903683,2.707597580957568,-0.3999449204580104,6.203087942777272,16298.046748769315,0,0,10,2,4,34,9,8,89,2,2,35,0.8,0.14,smart,324,1
1053,21373.852083062156,19608.925866348593,3832,4.4110645488303083e-05,15386,3838,46910,0.9002594128161551,0.3682850584337135,0.9999489476765434,19587.24708134664,1.096718117982291,0.1792844820441465,0.9174259178993668,8193,0.9989656225973317,5.5990008100015305e-05,0.9990015297069049,1001.0319672457174,172,1053,1,68,3.6715667358236046,3.095701322933902,-0.3880442960870102,7.5433566509315275,21373.852083009388,1,0,10,4,6,34,12,15,89,2,1,35,0.8,0.14,smart,325,1
1052,16802.032009272298,15119.248056989503,3538,5.56369017692739e-05,12199,3268,36489,0.8849485550267333,0.36855034222751104,0.9999337427757667,15092.193833862935,1.1219999948150723,0.210569769064095,0.8998464024259601,8193,0.9989596802956139,7.434060524630522e-05,0.9990195936988464,1019.4852027515069,172,1053,0,68,2.8092978616655704,2.9495413645640247,-0.3850048016870898,6.528848829603775,16802.032009234994,1,0,10,3,5,34,6,10,89,2,2,35,0.8,0.14,smart,326,1
1052,20705.111065016317,19019.466339138176,3722,4.533458009006037e-05,14898,3695,45474,0.8987462932165294,0.36831110504948905,0.9999473625870124,18997.394140533266,1.0953336463949588,0.17976237791299512,0.9185879891885134,8193,0.9988784291019928,5.765552950460156e-05,0.998947438865358,949.5634924808726,172,1053,0,68,3.55719589629825,3.05169616751491,-0.37913700578587217,7.367166075384905,20705.111064962482,2,1,10,7,5,34,10,13,89,2,2,35,0.8,0.14,smart,327,1
1052,15227.189694387442,13568.168336906974,3381,6.163444551911822e-05,11100,3078,32894,0.8813497878379348,0.36862662225416054,0.9999261546205964,13541.308676753342,1.1348654574613288,0.2220370316425621,0.8910487495869338,8193,0.9989807500358977,8.380457027855151e-05,0.9989996472340686,999.1472750641093,172,1053,0,68,2.513550264868688,3.233362222068124,-0.3813527188499367,6.509617924636685,15227.189694359964,0,0,10,2,4,34,9,14,89,2,2,35,0.8,0.14,smart,328,1
1053,16216.034085916666,14622.706128995502,3376,5.7597366502055346e-05,11763,3127,35256,0.885638110504066,0.36853202296894255,0.9999314961450703,14597.218634004188,1.1192612760520437,0.20818900491409273,0.901743672436842,8193,0.9989787762372313,7.667371208347803e-05,0.9989806951274135,980.5606622888608,172,1053,1,68,2.7049102016397795,2.54759688366564,-0.3750582857067313,6.002623656718882,16216.034085879379,0,0,10,2,1,34,12,5,89,2,2,35,0.8,0.14,smart,329,1
1053,20995.44285101951,19331.492683810364,3647,4.49566244198645e-05,15090,3710,46171,0.902810306130955,0.3682600686440024,0.9999482198927876,19311.935867976637,1.0921908306926562,0.17370436174547785,0.92074707930591,8193,0.9988563684866126,5.6553758309986194e-05,0.99891283648822,919.3247463396465,172,1053,1,68,3.614319789526041,2.918889353375011,-0.37341864370531785,7.280046430311688,20995.442850963103,2,0,10,6,4,34,13,13,89,2,2,35,0.8,0.14,smart,330,1
1052,16560.013661628847,14925.194576777221,3444,5.652766588244712e-05,12014,3202,35994,0.8862850005421888,0.3685152547096512,0.9999328872663663,14899.80200651309,1.119801003725099,0.2079708429214694,0.901279122212341,8193,0.9990160776273104,7.515290648597245e-05,0.9990267065024566,1026.9392293217818,172,1053,0,68,2.7674105548007213,2.9405060648229178,-0.38088101584503803,6.469678651313715,16560.013661596695,1,1,10,3,4,34,12,11,89,2,2,35,0.8,0.14,smart,331,1
1052,16508.979951828038,14888.600173747138,3424,5.666369055927637e-05,11974,3183,35896,0.8863413595103172,0.3685135186724123,0.9999327224772427,14863.305304348958,1.1190097079378385,0.2074022750037237,0.9018485828434557,8193,0.9989422412591561,7.528420109163069e-05,0.9989682044048632,968.6841251801382,172,1053,0,68,2.760379092634621,2.660978834819391,-0.3782102518142398,6.1777784310824915,16508.979951801008,0,0,10,4,4,34,8,8,89,2,2,35,0.8,0.14,smart,332,1
1051,30709.79552370034,28935.082299184087,4154,3.095017286053859e-05,21851,4841,68396,0.9211999039007639,0.3680685799681378,0.999965422192563,28919.783673935624,1.0644059244064534,0.13526628651089986,0.9422101907794659,8193,0.9989754235759324,3.680482308902483e-05,0.9989987297966925,998.2313245811567,172,1053,0,68,5.4548079307225645,2.7095654607493342,-0.38911129355645724,8.942595978584812,30709.795523586257,3,0,10,9,1,34,14,10,89,2,2,35,0.8,0.14,smart,333,1
1053,17665.39525735715,15965.869036797229,3581,5.3154703656883906e-05,12799,3380,38456,0.8892879853919199,0.36846788983610346,0.9999372707785635,15941.033734560058,1.11599317135367,0.20271270174431064,0.9037934789569955,8193,0.9989149213583933,7.000538276786683e-05,0.9989616873070516,962.6009202753851,172,1053,1,68,2.9662722771366914,3.5724485529362155,-0.3889784839868751,7.3166777980466575,17665.39525731558,1,2,10,5,5,34,12,15,89,2,2,35,0.8,0.14,smart,334,1
1052,19528.243693640605,17918.165398550995,3482,4.832875493693103e-05,14056,3505,42863,0.9010833590553273,0.3682811625632064,0.9999441320959496,17898.864881080466,1.096485761327035,0.17830584535023583,0.9175513005496785,8193,0.9989426405561531,6.125836130668012e-05,0.9989465667850727,948.7769862429601,172,1053,0,68,3.338264813599796,3.369203839516152,-0.37432904449812354,7.456126742112195,19528.243693595057,0,1,10,6,6,34,16,13,89,2,2,35,0.8,0.14,smart,335,1
1053,17034.58004360857,15352.427703381374,3554,5.481910679070226e-05,12360,3291,37025,0.8855770552194177,0.36853358036962636,0.9999347502012184,15325.217754191031,1.1200161956637065,0.20863443600615633,0.9012507302251724,8193,0.9989863807432726,7.308083139928527e-05,0.9990354127120875,1036.2127319197957,172,1053,1,68,2.8494422626625195,3.0664943811372103,-0.385995542385195,6.68792772857012,17034.580043576218,0,1,10,3,4,34,11,13,89,2,2,35,0.8,0.14,smart,336,1
1053,16647.00853857673,14872.757774326663,3640,5.646757559769673e-05,12120,3335,36013,0.8827516863385605,0.36857535085006077,0.9999326399067545,14845.085144568171,1.1311910822043691,0.2186579043054428,0.8934192434551511,8193,0.999029412405263,7.619713677563992e-05,0.9990706509792597,1075.5219311318142,172,1053,1,68,2.735966813852267,4.636709326957818,-0.4258581697268911,8.224392480263868,16647.008538544265,0,1,10,1,8,34,8,19,89,1,2,35,0.8,0.14,smart,337,1
1051,17165.497768694724,15395.315327253717,3708,5.438006387512825e-05,12481,3381,37211,0.8822131448553294,0.3686151065988321,0.9999349218716725,15365.645667486353,1.1264827556640664,0.2160147086886347,0.8968755543652601,8193,0.9989334362378758,7.330938933210335e-05,0.9990315460097048,1032.0734953074073,172,1053,0,68,2.8563726841614705,2.8485097228324285,-0.41013497876127464,6.525152364516448,17165.497768659025,0,0,10,3,3,34,12,11,89,2,2,35,0.8,0.14,smart,338,1
1053,24783.291174033802,23012.83770745954,3992,3.81270382104585e-05,17747,4209,54754,0.908253279399416,0.36819013230999365,0.999956510644241,22993.63229717702,1.0818411199887834,0.16107626593930907,0.9285626168799881,8193,0.9990362478494638,4.704857334205654e-05,0.9990470350397722,1048.8564464808562,172,1053,1,68,4.286202923664206,2.961351448101025,-0.42097488715203063,8.089504146069292,24783.291173947484,1,0,10,7,3,34,13,11,89,2,2,35,0.8,0.14,smart,339,1
1051,15778.488930730467,14205.734058812062,3308,5.9328984730054096e-05,11452,3064,34276,0.8854974965137087,0.3685384117206078,0.9999294862761071,14181.136486887459,1.121194268675757,0.20965252214724314,0.9003228459440574,8193,0.9989136703172452,7.905958309184342e-05,0.9989405804186823,943.4129916550975,172,1053,0,68,2.6294360146640217,2.6610209428253775,-0.3731308608267284,6.036718679142855,15778.48893070389,0,1,10,1,2,34,10,6,89,2,2,35,0.8,0.14,smart,340,1
1052,21077.59154026473,19353.454501736698,3775,4.4645897320963895e-05,15168,3770,46281,0.8997481466692985,0.36828940869639126,0.999948272530506,19331.588145023154,1.0957659202429955,0.17910015918035893,0.9182004720399674,8193,0.9989098697981785,5.668119821204425e-05,0.9990202854132433,1020.2053497942753,172,1053,0,68,3.618548387760462,2.721086041508225,-0.388598292887577,7.11683101504384,21077.591540208683,1,0,10,2,4,34,13,12,89,2,1,35,0.8,0.14,smart,341,1
1053,18955.804533689756,17192.86287874546,3663,4.9990538984945983e-05,13709,3580,41345,0.8958301880758336,0.3683440248654647,0.9999417641588794,17171.055874772726,1.1109470191858324,0.1932389624238753,0.9069972655704982,8193,0.9989023016733672,6.46969341031587e-05,0.9989586830551527,959.8223250513698,172,1053,1,68,3.1849941813163176,4.347267637876755,-0.4153485601171648,8.362958939427402,18955.804533647286,1,1,10,4,8,34,12,17,89,2,2,35,0.8,0.14,smart,342,1
1052,15220.897577788044,13396.568750026674,3715,6.097873707437806e-05,11160,3206,32661,0.8690754863808892,0.3689316602548529,0.9999251489801513,13359.371402609682,1.1528143210460151,0.24407233417175897,0.8801431506625716,8193,0.9990232245459554,8.628932762677605e-05,0.9990546797337104,1057.3424700663902,172,1053,0,68,2.4757945186281294,3.3139497939520397,-0.41791224520401377,6.625568802988196,15220.897577757074,0,1,10,2,4,34,6,14,89,2,2,35,0.8,0.14,smart,343,1
1051,15802.310491973793,14180.823022231656,3407,5.9015688383839e-05,11488,3105,34267,0.882154869390834,0.3686117171355487,0.9999293483329946,14153.447698190499,1.1257681898551068,0.2156013832110476,0.8973892159272714,8193,0.9988926476777046,7.95373992751149e-05,0.9989694828558897,969.8864871851347,172,1053,0,68,2.626679028909359,2.6551777535397956,-0.3804209695568121,6.042698721562779,15802.31049193973,0,0,10,1,1,34,11,9,89,2,2,35,0.8,0.14,smart,344,1
1053,14766.406475629015,13066.861364212089,3465,6.305130715117861e-05,10800,3054,31779,0.874135007937451,0.36882355119447074,0.9999232844847731,13034.672827185987,1.144980797625958,0.23465424751233518,0.8849046235980356,8193,0.9990490760928953,8.783779181508342e-05,0.9990677536708527,1072.177785127074,172,1053,1,68,2.4135160508325564,3.098795591378484,-0.39111955707028534,6.294550756351611,14766.40647560846,0,0,10,0,4,34,5,14,89,2,2,35,0.8,0.14,smart,345,1
1053,18435.799043670635,16784.483542670292,3586,5.0716457318979716e-05,13318,3418,40292,0.8914801143695282,0.368417249952292,0.9999403360525619,16760.04037057286,1.1067836524850516,0.19451286008843446,0.9104288619609753,8193,0.9989786328675725,6.603508166739897e-05,0.9989844824813079,984.219510604393,172,1053,1,68,3.12808462378094,2.7794614342044883,-0.3734916428169479,6.654529343619323,18435.79904363788,1,1,10,4,4,34,8,10,89,2,2,35,0.8,0.14,smart,346,1
1047,18729.644155199883,17123.15437407862,3456,5.033339481164042e-05,13502,3416,41028,0.8979731824331919,0.368309382424228,0.9999415319251285,17102.850878447007,1.1010971337870747,0.18452032357702405,0.9142274264364356,8193,0.998890593556398,6.437902965952584e-05,0.9989285721169866,932.833843686304,172,1053,0,68,3.1911699351552754,2.6190408902910267,-0.38660354242902667,6.583417910304355,18729.64415515382,1,0,10,3,3,34,16,6,89,2,2,35,0.8,0.14,smart,347,1
1053,18957.503888439478,17123.109442784218,3890,4.940118850789772e-05,13741,3635,41254,0.8873634290948437,0.36848130849228844,0.9999415052022852,17095.037360270024,1.1169609037543138,0.20519579069542854,0.9032364990427935,8193,0.9989967731427731,6.533640212049875e-05,0.9991037138176136,1115.2149944713158,172,1053,1,68,3.1657608925677754,2.699292857755374,-0.4349046133010008,6.73486297692515,18957.503888399104,0,0,10,4,3,34,14,6,89,2,2,35,0.8,0.14,smart,348,1
1052,15495.617575319526,13867.750220520036,3339,6.0686040323482835e-05,11273,3083,33553,0.8844597377492427,0.3685368372225785,0.9999277636566134,13842.947116547188,1.1288508880615935,0.21548027910279327,0.8949465971984067,8193,0.998938656455104,8.154406038248912e-05,0.9989397688625219,942.6904713294517,172,1053,0,68,2.56637157349556,3.8530581643848256,-0.3795633267497887,7.178556391379963,15495.617575290535,0,1,10,2,6,34,6,13,89,2,2,35,0.8,0.14,smart,349,1
1053,21153.27512925476,19462.61034231109,3732,4.440464315471408e-05,15210,3746,46499,0.9006166493694727,0.36829973836124424,0.9999485631026069,19440.797015600103,1.0933151567358363,0.17642658062148886,0.920075507144258,8193,0.9990903049100528,5.623673953550408e-05,0.9991790087298545,1217.5396798017994,172,1053,1,68,3.6216681977123266,2.9175059287978984,-0.39604787620896,7.331269878928145,21153.275129195576,3,1,10,6,3,34,16,12,89,2,2,35,0.8,0.14,smart,350,1
1052,16309.815259376082,14727.150461184172,3280,5.7906298910425136e-05,11819,3136,35487,0.8916162203981832,0.3684100954340371,0.999932002241869,14705.86719651101,1.1168615583772805,0.2011058953052466,0.9029624325583897,8193,0.9990176142600625,7.594408211259972e-05,0.9990217204636826,1021.702635427507,172,1053,0,68,2.728371775685394,2.948637107633236,-0.37235355879086646,6.421716000900362,16309.815259345129,0,0,10,2,2,34,9,14,89,2,2,35,0.8,0.14,smart,351,1
1052,19949.43109856369,18295.439401325024,3592,4.723177867310389e-05,14363,3588,43775,0.899787275091555,0.3683015587292304,0.9999452817710737,18274.945301725882,1.0971880527047175,0.1800552598343827,0.9170907837388029,8193,0.998900219202282,6.003618704335129e-05,0.9989279775566968,932.316202147812,172,1053,0,68,3.4066464226317468,2.9554772691082896,-0.38602108659186724,7.134165864923771,19949.431098516212,0,1,10,6,6,34,18,12,89,2,2,35,0.8,0.14,smart,352,1
1053,17295.987276748663,15692.120917415614,3372,5.45184099115e-05,12509,3259,37730,0.8938333470572335,0.3683811281925707,0.9999361892800644,15670.848022254597,1.1107863903077906,0.19495851529291108,0.9072694531008844,8193,0.9988740600425237,7.088007926003611e-05,0.998893837362769,903.5261027804532,172,1053,1,68,2.9156310642731347,3.1075090671962773,-0.36945673757180675,6.7620536066130255,17295.987276713615,0,1,10,5,7,34,12,15,89,2,2,35,0.8,0.14,smart,353,1
1052,19439.801615053908,17879.96438010086,3420,4.846384590517161e-05,13979,3451,42725,0.9014659699538629,0.3682660102429332,0.9999440136261732,17860.988990753296,1.0935790260089606,0.17592772126602363,0.9197606402657355,8193,0.9989491634487208,6.122552415918158e-05,0.9989492072393662,951.1623499905673,172,1053,0,68,3.3333873404241947,2.472180005247327,-0.3623924342921959,6.530352214255913,19439.801615008215,1,0,10,5,2,34,12,8,89,2,2,35,0.8,0.14,smart,354,1
1053,18417.58758286423,16751.052871283584,3529,5.119085527398749e-05,13307,3435,40231,0.8951501923961082,0.36835277306163083,0.9999402261735227,16729.230362547074,1.1076415917297,0.19161032812372183,0.9095139521350127,8193,0.9989660197108845,6.620797630339536e-05,0.9990183184453454,1018.1601906808435,172,1053,1,68,3.0950899838481156,2.712721956573994,-0.4030273158327378,6.613866572087585,18417.587582819695,0,0,10,3,4,34,12,10,89,2,2,35,0.8,0.14,smart,355,1
1053,18508.20582455306,16823.9920009965,3581,5.081347877534711e-05,13376,3458,40417,0.8937330012091643,0.3683897778946591,0.9999404817430643,16801.06730370326,1.108472520540771,0.1934817471745117,0.9090017779399083,8193,0.9989536982783821,6.597435228408702e-05,0.9989861311337066,985.8207635042638,172,1053,1,68,3.1237842517059358,2.7088703154177116,-0.39154448989437485,6.615743546912397,18508.205824525638,0,0,10,6,3,34,10,8,89,2,2,35,0.8,0.14,smart,356,1
1041,17852.235772803248,16211.580724637963,3556,5.2089329485764006e-05,12914,3339,38962,0.8887022047769557,0.36850941220196703,0.9999382147976116,16184.60518740799,1.110415742765487,0.19919073696177267,0.9080980629516041,8193,0.999055446950361,6.860726140227964e-05,0.9990958335963881,1105.4910298016396,172,1053,0,68,3.0385722600580447,2.694535979217304,-0.39125209590065324,6.515612431076655,17852.235772765023,0,0,10,3,0,34,14,11,89,2,2,35,0.8,0.14,smart,357,1
1053,16997.10141686196,15273.070567705578,3585,5.525111976222858e-05,12346,3329,36884,0.885819314477555,0.36852097528646177,0.9999344151456574,15246.922742112243,1.123585238033625,0.2109183155454673,0.8985691261778284,8193,0.9989442832382677,7.36901741780749e-05,0.9990294643951679,1029.8588209316329,172,1053,1,68,2.8212443506077998,3.1361091731613273,-0.4070750068149084,6.771503537398944,16997.10141683056,0,0,10,4,4,34,11,14,89,2,2,35,0.8,0.14,smart,358,1
1053,17000.734449657342,15391.092959928828,3433,5.505181118439139e-05,12311,3228,37042,0.8886878999823414,0.3684625987471818,0.9999349265430699,15366.748749696048,1.1139739648634353,0.20193245239879584,0.9053192969694932,8193,0.9989686575727271,7.249013682398548e-05,0.9989708568490073,971.1820354181915,172,1053,1,68,2.8555844948410436,3.407173015814809,-0.37342489729904543,7.009607305253943,17000.73444961757,1,1,10,4,2,34,11,8,89,1,2,35,0.8,0.14,smart,359,1
1050,16269.740088574026,14508.30845534518,3633,5.7253938781499026e-05,11860,3271,35160,0.8792976745320484,0.3686970990380163,0.9999309257201335,14476.668658661098,1.1343928010605775,0.22329797404393675,0.8917357238874474,8193,0.9990404166517526,7.835736581943369e-05,0.9991043658366812,1116.0272318529735,172,1053,0,68,2.6868625128626014,3.5631805088404853,-0.4121355992385597,7.074314220180207,16269.740088531096,0,0,10,2,6,34,8,14,89,2,2,35,0.8,0.14,smart,360,1
1053,14994.502791381128,13354.540944670296,3394,6.216124138529771e-05,10936,3032,32382,0.877488931009142,0.36869262114677664,0.9999249570529031,13325.202657160942,1.1360067150116828,0.22634961940524487,0.8906291279192341,8193,0.9989197775681129,8.52492918164924e-05,0.9989856424033992,985.3455416157788,172,1053,1,68,2.4653657435550294,2.879117141512855,-0.3825930012438333,6.109668887555552,14994.502791366012,0,1,10,1,2,34,5,7,89,2,2,35,0.8,0.14,smart,361,1
1052,19394.80079146632,17767.8938207031,3497,4.868434035643408e-05,13969,3506,42534,0.9003932375167836,0.3682823591932295,0.9999436580689504,17748.270429156593,1.098424832545948,0.1803060540605642,0.916116335080943,8193,0.9989032503465902,6.188737617883019e-05,0.998941692284452,944.4046736828576,172,1053,0,68,3.309228933649546,3.1813520497146186,-0.37799555141319213,7.246572086190549,19394.800791430003,1,1,10,6,6,34,15,14,89,2,2,35,0.8,0.14,smart,362,1
1053,16264.998300912774,14675.872221989452,3364,5.7507152009278344e-05,11795,3130,35375,0.8865204767112823,0.36850947812322826,0.99993174807769,14651.10197349811,1.118363611089175,0.20682449132572095,0.9022978023407391,8193,0.9989790712860833,7.63304662984518e-05,0.9989893069349572,988.9199826033356,172,1053,1,68,2.7158664837596755,2.4950469321045996,-0.37340194945615435,5.957717314776584,16264.998300881345,0,0,10,2,0,34,11,6,89,2,2,35,0.8,0.14,smart,363,1
1052,17026.657695258513,15369.70795035967,3470,5.5225944580431146e-05,12342,3275,37040,0.8892037277228981,0.36844933654982487,0.9999348378107538,15345.822939938509,1.1175074171752002,0.2037980713599655,0.9026849676222563,8193,0.9988954286709277,7.281922980221641e-05,0.9989482408588007,950.2879405052197,172,1053,0,68,2.8502882291798053,2.651069009503287,-0.38671893721264666,6.274795113108386,17026.657695224298,0,0,10,3,2,34,11,12,89,2,2,35,0.8,0.14,smart,364,1
1052,14829.427150509957,13250.345033059459,3234,6.333413478885246e-05,10797,2968,32082,0.8831172607743565,0.3685891855160694,0.9999243919282261,13225.601077070532,1.1310675383153272,0.21807990067160407,0.8935169847477085,8193,0.998861992167505,8.551783561809456e-05,0.9988655171744538,880.9588199723598,172,1053,0,68,2.456105770120572,3.4937293325016388,-0.36317695810869494,6.676189018839601,14829.427150485944,0,1,10,1,9,34,4,16,89,2,2,35,0.8,0.14,smart,365,1
1052,18785.168356282866,17117.79534367083,3567,5.013738569067479e-05,13562,3475,41077,0.8953655144115614,0.3683560476357339,0.9999415082167914,17095.91841741294,1.105275909301931,0.18988384518826978,0.9112399217835933,8193,0.9989391284795278,6.464955887257776e-05,0.9989828691107258,982.657550604646,172,1053,0,68,3.171064253861055,2.900859886530111,-0.40026052869379547,6.872445197778758,18785.168356238515,0,0,10,6,4,34,13,11,89,2,2,35,0.8,0.14,smart,366,1
1053,22085.567564880657,20416.9712937143,3671,4.2851619810838694e-05,15845,3831,48675,0.9068404128275918,0.36819679923202747,0.9999509788489617,20398.857800020087,1.087161288484379,0.16621714561854578,0.9244485673159846,8193,0.9989656188398484,5.329389772597194e-05,0.9989656337114844,966.2754275223551,172,1053,1,68,3.808955299080999,3.845186322668247,-0.3858343618542206,8.425810345457688,22085.56756482393,1,1,10,8,4,34,17,14,89,1,2,35,0.8,0.14,smart,367,1
1052,16433.092686607997,14800.576333402396,3420,5.708207865330598e-05,11925,3188,35705,0.8867204490840193,0.36850610388603056,0.9999323240603649,14775.800188966226,1.120593378288436,0.20811663788564272,0.9006567793209123,8193,0.9989610266475857,7.583720982479634e-05,0.9989982513717717,997.7543406140137,172,1053,0,68,2.7415765635903946,3.1341456904540417,-0.3825855441231187,6.640893342290674,16433.09268657308,0,1,10,2,5,34,11,15,89,2,2,35,0.8,0.14,smart,368,1
1053,17114.074004362003,15226.331358164545,3914,5.4271831553925384e-05,12490,3469,36938,0.8758779559627238,0.3687678261208354,0.999934172326907,15190.679524535715,1.1377172663567205,0.2287006588263208,0.8896964775472916,8193,0.9989590230159067,7.489328028245574e-05,0.9990940711839946,1103.3394120038881,172,1053,1,68,2.818793255184518,2.9699814212678284,-0.43174311790678727,6.6522609122659215,17114.07400432572,0,1,10,4,2,34,11,7,89,2,2,35,0.8,0.14,smart,369,1
1052,17242.051194438307,15509.193803176497,3661,5.4119193509387714e-05,12522,3357,37436,0.8835593132887996,0.36857669627946893,0.999935404345661,15480.417561478784,1.1226453159547114,0.2123297256640157,0.8994981877898164,8193,0.9989521187613267,7.251800877486503e-05,0.9991079819080109,1120.5534210494116,172,1053,0,68,2.8655109663175784,2.578208920854129,-0.4124455345176041,6.268610956206915,17242.051194393058,0,0,10,5,0,34,12,7,89,2,2,35,0.8,0.14,smart,370,1
1052,17886.15260448695,16262.36744187593,3445,5.266070782145098e-05,12925,3340,39063,0.8944351523940055,0.36837603941795666,0.9999384282553254,16240.715917613617,1.108109171854489,0.1926071009332539,0.9092155144531376,8193,0.998863161434759,6.822821500130704e-05,0.9989355947618469,938.9917177142592,172,1053,0,68,3.0180390377172617,2.749810900206117,-0.38237020267082134,6.532590343265021,17886.152604441315,0,0,10,4,3,34,12,13,89,2,2,35,0.8,0.14,smart,371,1
1053,16145.60203647397,14543.96707852097,3377,5.78844061440194e-05,11717,3127,35083,0.8854900644224369,0.36852815322716137,0.999931124036637,14518.353178633097,1.1206080458926404,0.20915912533773198,0.9008005428143959,8193,0.999058477114456,7.718295871341118e-05,0.9990788714616754,1085.12473927883,172,1053,1,68,2.686387202692774,2.6131369506493956,-0.3802038773530079,6.059931908048185,16145.602036441041,0,0,10,2,3,34,6,6,89,2,2,35,0.8,0.14,smart,372,1
1052,15583.277953958213,13958.829706828059,3355,6.021410216849685e-05,11334,3088,33759,0.8839254741921844,0.36856972724766235,0.9999282321945127,13933.324404692366,1.1278041150164233,0.2152948827526892,0.8957569612805669,8193,0.9989148820557557,8.094002635449164e-05,0.9989376979099744,940.851725934645,172,1053,0,68,2.587086052518592,3.336397519781374,-0.37551431895029524,6.674512210200557,15583.277953926347,1,1,10,2,6,34,8,15,89,2,2,35,0.8,0.14,smart,373,2
1046,15552.430809837622,13988.954815628565,3258,6.0317287033966574e-05,11292,3032,33768,0.8863629546188063,0.36852733835484863,0.9999283953936632,13965.081974836527,1.1223159104202942,0.20948493774614102,0.8994706349556568,8193,0.9988388058496643,8.036298895126973e-05,0.998893604870471,903.3361352512652,172,1053,0,68,2.611954131545638,2.88827075518285,-0.36174200799682016,6.2237089027221275,15552.430809807054,1,1,10,2,5,34,8,12,89,2,2,35,0.8,0.14,smart,374,1
1052,17007.316794356648,15373.031741236273,3492,5.4904342860693024e-05,12325,3248,37025,0.8865961764958933,0.3685135279898963,0.9999348438926896,15347.255428088562,1.116130912231631,0.20532339358544272,0.9039069435301715,8193,0.9989866619158605,7.272274548982205e-05,0.9989956552875731,995.1739987033872,172,1053,0,68,2.8532628138064267,2.755053341512207,-0.3800673752294401,6.3684509057775145,17007.316794328657,0,0,10,4,1,34,14,13,89,2,2,35,0.8,0.14,smart,375,1
1051,17607.04108325213,15782.26187342611,3758,5.3349723865425697e-05,12802,3481,38157,0.8851901318232873,0.36854375664089545,0.9999365272383465,15754.289513064952,1.1268256856609526,0.2134373392003169,0.8963608251268435,8193,0.9990416312377098,7.152273817126787e-05,0.9990471869514082,1049.0237505273792,172,1053,0,68,2.93730648470587,4.152941369653933,-0.4132246443577846,7.916697143075371,17607.041083229506,1,2,10,2,7,34,8,15,89,2,2,35,0.8,0.14,smart,376,1
1053,16023.477472630979,14375.171350634502,3414,5.861610364776727e-05,11646,3158,34742,0.8849726502932083,0.3685454516859788,0.9999303159284937,14349.98179560955,1.1256892887354848,0.21306236463534886,0.8971318101946423,8193,0.9989585746934367,7.844261289037352e-05,0.999020832416699,1020.775558053335,172,1053,1,68,2.6502179544093685,2.879310745000337,-0.39317757694893307,6.315883853307572,16023.477472601458,0,1,10,1,4,34,5,11,89,2,2,35,0.8,0.14,smart,377,1
1050,17269.952563555053,15573.105300782656,3610,5.392662627575314e-05,12529,3327,37548,0.8847244868711136,0.3685580866659578,0.9999356723032945,15544.903471124502,1.1194282981044577,0.2090335793752102,0.9017456905843928,8193,0.9989470880336792,7.201024404416835e-05,0.9990253644900297,1025.5245092365815,172,1053,0,68,2.8950641488942894,2.806530369237565,-0.39445062510754303,6.49049576834694,17269.95256350962,0,0,10,4,4,34,11,13,89,2,2,35,0.8,0.14,smart,378,1
1049,19309.389301739273,17590.147792649357,3758,4.833746198274805e-05,13947,3570,42215,0.8909043346484324,0.36844713372352794,0.9999430662622436,17563.77803859737,1.1061735389138887,0.19462034460414043,0.9109634446629,8193,0.9990085155927594,6.297859417770559e-05,0.9990739298218602,1079.331693218312,172,1053,0,68,3.2883785079065078,2.8875902728006175,-0.3931065829792168,6.962181946665559,19309.389301695624,2,0,10,4,3,34,9,10,89,2,2,35,0.8,0.14,smart,379,1
1052,16466.191502217025,14871.931074131859,3370,5.69005448312183e-05,11935,3157,35832,0.8878849873768165,0.3684889951252125,0.9999326522138013,14847.798007484467,1.1169944599071284,0.20466177619434706,0.903179771237902,8193,0.9989095901917739,7.5227104071085e-05,0.9989262117461255,930.7822153297226,172,1053,0,68,2.7623002488574646,2.8058029204480537,-0.36815440935317995,6.304411988011878,16466.19150218799,0,0,10,5,4,34,11,14,89,2,2,35,0.8,0.14,smart,380,1
1053,19318.542799357936,17652.37639619165,3618,4.86196822186708e-05,13932,3530,42306,0.895685702656404,0.36834240165276233,0.9999432796786997,17629.865569281053,1.1019359977417085,0.1872812063299229,0.9137529978078024,8193,0.9989177631200093,6.250216384462452e-05,0.9989901187258817,989.7153258974014,172,1053,1,68,3.2884870329360494,2.6294906670542058,-0.38075186531926064,6.679481430628776,19318.542799314208,3,0,10,4,2,34,11,10,89,2,2,35,0.8,0.14,smart,381,1
1053,22842.11184656311,21176.349922210076,3734,4.1328126659417744e-05,16369,3908,50421,0.9071865410984702,0.36820222779497613,0.9999527372881782,21157.828865789532,1.0838043701131215,0.16346999896867365,0.9270749598135922,8193,0.998918138450582,5.1223533615899223e-05,0.9989181445404957,923.8378065227761,172,1053,1,68,3.9743444852126664,2.701303597737052,-0.3641382966487384,7.403924676247196,22842.1118465003,1,0,10,8,3,34,13,11,89,2,1,35,0.8,0.14,smart,382,1
1053,20730.197768097747,19000.037356471847,3721,4.561682093234648e-05,14927,3741,45474,0.9008889175030832,0.36828034015645883,0.9999473131208184,18979.557564658116,1.097809621890833,0.17949659919435723,0.9165391265929701,8193,0.9988955545936993,5.784016291309752e-05,0.9989545658462894,956.0403094257987,172,1053,1,68,3.5372012503578687,3.214190460387259,-0.4001582497472311,7.55170821023959,20730.19776805335,1,0,10,7,4,34,14,10,89,2,2,35,0.8,0.14,smart,383,1
1052,20813.112757196763,19114.0078657312,3663,4.5456433748487404e-05,14974,3722,45705,0.902666690407083,0.3682570964141379,0.9999476302619036,19094.49715141638,1.0952974251989283,0.17599481839800282,0.9183637300538794,8193,0.9989547924322744,5.736043929544818e-05,0.9989567170698411,958.0126722020647,172,1053,0,68,3.5543754754729706,2.88661051063268,-0.4024900677114209,7.245966121528491,20813.1127571499,2,0,10,5,4,34,18,12,89,2,2,35,0.8,0.14,smart,384,1
1053,16361.612016906849,14743.694623288566,3376,5.741429212134185e-05,11869,3168,35560,0.8880377419032202,0.36847316486583714,0.9999320666499252,14719.810400031773,1.1198288240450396,0.2063366370325551,0.9011150373235565,8193,0.9989748645892921,7.607372352780839e-05,0.9989754901414462,975.5764175547815,172,1053,1,68,2.722942386764056,3.4767648083577347,-0.3846762299260168,6.969059654973824,16361.612016873232,0,1,10,1,3,34,11,8,89,1,2,35,0.8,0.14,smart,385,1
1050,18126.41990924738,16516.62399042895,3489,5.1671719904660414e-05,13089,3350,39634,0.8928094480788421,0.3684113330745886,0.9999393715319352,16493.401818952734,1.1056459291642005,0.19248147276010366,0.9111906307545499,8193,0.9989331791551642,6.703361890749845e-05,0.9990046012225046,1004.1224086258095,172,1053,0,68,3.07587420813024,3.467368177910695,-0.3767772031484238,7.296796792337783,18126.419909212986,1,2,10,6,2,34,12,7,89,1,2,35,0.8,0.14,smart,386,1
1051,19286.863997415927,17693.259029846526,3498,4.87461482836922e-05,13885,3464,42328,0.8983098119503181,0.36830384582893844,0.9999434173937166,17672.775683429434,1.0969050129359363,0.18136696564400856,0.9173735570602398,8193,0.9990532572009871,6.206574447740203e-05,0.9990634901254796,1067.2943223933178,172,1053,0,68,3.284475381299425,2.5549068006124074,-0.38571757728739475,6.610817336486622,19286.863997373737,0,0,10,3,4,34,15,4,89,2,2,35,0.8,0.14,smart,387,1
1049,15960.737900589504,14347.990816764614,3391,5.851020184443091e-05,11593,3115,34643,0.8838672349012603,0.3685631961411184,0.9999301775635738,14321.54389846974,1.1233684668202635,0.21245884877758406,0.8989553557066228,8193,0.9989100787725939,7.843632335788576e-05,0.9989432472104554,945.7950245167151,172,1053,0,68,2.6764195664170436,3.078808259082158,-0.36661911815043674,6.488466061800074,15960.737900556433,0,1,10,5,5,34,8,12,89,2,2,35,0.8,0.14,smart,388,1
1053,15930.588451352185,14253.122311394483,3458,5.889541076866171e-05,11593,3171,34489,0.88311769643931,0.36856691313372714,0.9999297112378124,14226.525323322641,1.1293888272712782,0.21706668341598429,0.8947015582581748,8193,0.9989549679975727,7.938334269787749e-05,0.9989932559416809,992.8010353852328,172,1053,1,68,2.6327989665036813,2.8654866326703354,-0.3929538257707169,6.28419325071545,15930.588451324707,0,0,10,1,2,34,7,16,89,2,2,35,0.8,0.14,smart,389,1
1053,21738.51329613234,20013.878208114686,3790,4.335718527666582e-05,15625,3842,47803,0.9022260669295727,0.3682520271354033,0.9999499841670648,19993.168826579902,1.0923525412265873,0.17434494937030984,0.92066453374599,8193,0.998982908770803,5.463492220862492e-05,0.9990296763629258,1030.0839034454154,172,1053,1,68,3.704521307993449,3.051120980558776,-0.4243511129151605,7.6043445143825465,21738.51329608383,0,1,10,5,4,34,15,13,89,2,2,35,0.8,0.14,smart,390,1
1051,16558.64261050866,14933.079646107084,3419,5.660279410562108e-05,12009,3194,36004,0.8872728823244039,0.36848682784943504,0.9999329260165957,14908.410264013137,1.1189212244361286,0.20647827726109566,0.9018299384413345,8193,0.998954804160155,7.505050363838625e-05,0.9989609985487539,961.9624766342159,172,1053,0,68,2.773631433574307,3.8961946061733865,-0.3773947530051776,7.424615545758049,16558.64261047519,1,1,10,5,5,34,8,13,89,1,2,35,0.8,0.14,smart,391,1
1053,17748.006134329917,16022.366209714262,3648,5.275834461694949e-05,12867,3409,38611,0.8873750974278043,0.3684974257864002,0.9999374857964285,15995.864706629862,1.1176354111428872,0.20554421563691508,0.9027699274186212,8193,0.9989200748607493,6.986808761116473e-05,0.9989853252683496,985.0374170329889,172,1053,1,68,2.975783595262937,2.682575857663647,-0.3951577407830746,6.448674934492733,17748.006134282252,1,0,10,3,1,34,12,9,89,2,2,35,0.8,0.14,smart,392,1
1046,16019.062500857952,14376.281724306695,3408,5.858429166980574e-05,11642,3152,34739,0.884970583966993,0.36854014400388097,0.9999303204212542,14350.907077864931,1.1252783506430903,0.21274653244017705,0.8974483821095478,8193,0.9989039495448399,7.840892144485932e-05,0.998988486347814,988.1173187405019,172,1053,0,68,2.6706483455722068,2.64065967185158,-0.39226991462313965,6.0958478466700665,16019.062500821661,0,0,10,0,1,34,11,9,89,2,2,35,0.8,0.14,smart,393,1
1053,18138.441804841717,16386.571247341224,3674,5.183135870730017e-05,13144,3477,39476,0.8897613201554231,0.3684617607089757,0.9999388823702445,16361.391056470824,1.1164646197819124,0.2025532313927481,0.9034167004889657,8193,0.998979875572103,6.823567126711152e-05,0.999016112932684,1015.8767291085171,172,1053,1,68,3.03262903878304,3.158588779217133,-0.41246911977591305,7.016156057551998,18138.441804812886,0,0,10,3,5,34,13,16,89,2,2,35,0.8,0.14,smart,394,1
1050,17608.19550458398,15976.408352940569,3480,5.329260489970759e-05,12737,3315,38412,0.8911719013601901,0.3684306186227833,0.999937317489987,15952.913471570595,1.1109831722250891,0.19763524315106817,0.9073279739983235,8193,0.9988823220290253,6.963921381755451e-05,0.9989445181714282,946.934508149923,172,1053,0,68,2.9749313103816792,2.6434905277276886,-0.3790106904860405,6.376443219081449,17608.19550455553,1,0,10,3,3,34,13,8,89,2,2,35,0.8,0.14,smart,395,1
1053,15954.947674781875,14169.420441373622,3721,5.803445522625523e-05,11655,3253,34402,0.8728908868140117,0.3688384239487788,0.9999292488620448,14133.548278012002,1.1405125533128353,0.23321919167941557,0.8880894334595388,8193,0.999040260381312,8.069256099916186e-05,0.9990880283803537,1096.0252746006986,172,1053,1,68,2.619374580830803,3.2751930505242317,-0.4110048445726785,6.716577320500392,15954.947674749332,1,1,10,3,1,34,8,11,89,2,2,35,0.8,0.14,smart,396,1
1053,18104.478211102578,16544.27769490556,3297,5.2394121350582815e-05,13052,3312,39650,0.9007404615102891,0.36828706715795545,0.999939492494554,16526.37534091398,1.1013849679312935,0.1821096394801433,0.9138223980826895,8193,0.9989186036794601,6.664205694532594e-05,0.9989287309258054,932.9722045119606,172,1053,1,68,3.054578845740859,2.9834752292376527,-0.38406848779387237,6.806191050566256,18104.47821106036,0,0,10,2,4,34,12,14,89,2,2,35,0.8,0.14,smart,397,1
1048,15545.184136271526,13838.71147608547,3500,6.011535698950506e-05,11338,3150,33563,0.8789589636032047,0.36868604096400576,0.9999275872881112,13809.229997379543,1.1364240481392154,0.2251501152587483,0.8902249953923447,8193,0.9988952727719203,8.229154718172701e-05,0.9989841667191938,983.9134198571671,172,1053,0,68,2.570847362017438,2.7941872766225915,-0.39579083192195713,6.156616302483943,15545.18413624243,0,0,10,2,1,34,12,10,89,2,2,35,0.8,0.14,smart,398,1
1053,20562.539901703272,18786.85479122287,3841,4.5739417379114144e-05,14829,3760,45028,0.8962658249180201,0.3683330305123666,0.9999467061898687,18763.405175845182,1.1020168982339689,0.18679599010440512,0.9136446606805945,8193,0.9990199731307016,5.8730679336059996e-05,0.9990263293606821,1026.5412607483227,172,1053,1,68,3.5058507238797,2.700867499568921,-0.3996649269551749,7.006048077358971,20562.539901645614,1,1,10,1,2,34,8,7,89,2,1,35,0.8,0.14,smart,399,1
