n_cluster,mfpt,sd,mode,f_mode,median,q10,q90,S_mode,S_mfpt,lam1,tau1,A1,ratio,cv,t_cert,lam2,w1,mu2,tau_rel,n_blocked,n_open,pocket_free,chem_dist,G_tt,G_ss,G_st,R_st,mfpt_tetali,blk_t_r3,blk_s_r3,nsite_r3,blk_t_r6,blk_s_r6,nsite_r6,blk_t_r10,blk_s_r10,nsite_r10,deg_s,deg_t,N,q,p,scheme,rep,attempts
914,36742.993717197875,34168.38314665392,5799,2.5752817040407437e-05,26294,6196,81243,0.910193570956365,0.36817015579271645,0.9999707105418253,34141.47674684261,1.0800293909590395,0.1578260074460326,0.9299292107126566,8193,0.999297650989114,3.1633475674010137e-05,0.9992983665471542,1424.7455536512957,306,919,0,68,7.370232922241511,8.489285005504609,-0.6698094666098823,17.199136860965886,36742.99371705087,2,4,10,9,11,34,22,23,89,1,2,35,0.8,0.25,uniform,0,1
910,29329.307481420023,26834.27071308902,5416,3.209273368953663e-05,21137,5332,64274,0.8973008681930491,0.3683208482208419,0.9999626909927792,26802.679027702332,1.100159783001158,0.18466170752347325,0.9149302529590377,8193,0.9994871502241485,4.104586928831262e-05,0.9994946149954875,1978.1894541415775,306,919,0,68,5.7452201005329915,6.64912328168824,-0.7007815437144157,13.795906469650063,29329.307481325704,1,1,10,10,10,34,25,23,89,2,2,35,0.8,0.25,uniform,1,1
908,24849.136079560227,22222.315752868726,5453,3.764058859584606e-05,18089,4952,53784,0.8811703972799164,0.36862546733066265,0.9999549123247224,22178.509977220736,1.1302453851330798,0.21944424878760235,0.8942892695230478,8193,0.9994631526612462,5.096013690892388e-05,0.9994642274471757,1865.963615579145,306,919,0,68,4.725492424464535,5.195307095616375,-0.7478855666092334,11.416570653299376,24849.13607947491,2,3,10,5,11,34,18,26,89,2,2,35,0.8,0.25,uniform,2,1
910,35900.19317643711,32862.18186971133,6863,2.5825382063161986e-05,25883,6492,78693,0.8904054729998806,0.36845077936050946,0.9999695243343786,32812.56509741034,1.100368277063699,0.1911688877625453,0.9153761849749665,12289,0.9994654441336227,3.3534455672486114e-05,0.9994690974208544,1883.08470232907,306,919,0,68,7.096711852315388,5.965845024027716,-0.793440494121915,14.649437864586934,35900.19317628973,2,1,10,12,5,34,31,20,89,1,2,35,0.8,0.25,uniform,3,1
909,35555.45901652178,32539.561299045436,6617,2.6370507544412382e-05,25626,6451,77930,0.8956114034520163,0.36836549218560266,0.9999692291221621,32497.760374305777,1.1000941269132796,0.1861036303011933,0.9151776463896886,12289,0.9994011844461063,3.3850861989784025e-05,0.9994829833314994,1933.6735743624652,306,919,0,70,6.938608049278854,4.919332044749959,-0.8843752326530269,13.626690559334866,35555.4590163804,1,1,10,10,7,34,31,23,89,2,2,35,0.8,0.25,uniform,4,1
913,26648.332169406007,24242.30625064801,5118,3.5368369008894544e-05,19252,4966,58217,0.8946173328470657,0.3683746674067878,0.9999586963197618,24210.41762500699,1.1074149899834904,0.19205704760299377,0.9097119510721099,8193,0.9993072308780461,4.574031463728284e-05,0.9993404190810752,1515.6141492149616,306,919,0,68,5.169626958469284,4.709618390638069,-0.6679047325090764,11.215054814125507,26648.332169316218,2,1,10,7,6,34,21,18,89,1,1,35,0.8,0.25,uniform,5,3
918,28710.361819514696,25895.88011372174,5916,3.265500238129252e-05,20821,5536,62430,0.8875764230081151,0.36850647297432554,0.9999613206159753,25853.0657971461,1.1187473155257552,0.2060580092020589,0.9019698280542071,8193,0.9993420582091745,4.327245704369003e-05,0.9993615493064685,1565.7916121047404,306,919,0,70,5.547914094438084,9.065848055428942,-0.7070666941065671,16.02789553808016,28710.361819419948,4,3,10,10,11,34,27,21,89,2,1,35,0.8,0.25,uniform,6,2
904,42272.87950071917,39311.367431495506,6696,2.236602418267201e-05,30252,7128,93470,0.9096363670690016,0.3681756591282631,0.9999745419464823,39279.80079950085,1.0800495020351346,0.15839942958903672,0.9299429775259742,12289,0.999312730699273,2.7495958024774403e-05,0.9994094595385244,1692.8640218847409,306,919,0,68,8.560168747251902,4.349088007964656,-0.7922382218877669,14.493733198992091,42272.8795005113,3,2,10,9,8,34,20,18,89,2,1,35,0.8,0.25,uniform,7,2
892,62936.1026443022,59320.4885894304,8745,1.4964118428382545e-05,44784,9896,140196,0.9171933844046303,0.36811643679888545,0.9999831318281247,59282.74701510077,1.0642477722706605,0.1389504534372643,0.9425510334615687,12289,0.9995789031902942,1.7951914340631418e-05,0.999649290344566,2850.8614445852972,306,919,0,72,12.981565130807283,5.968732690600752,-1.1296686458434748,21.209635113094986,62936.10264386238,2,2,10,9,7,34,29,24,89,1,1,35,0.8,0.25,uniform,8,1
913,37848.56883398273,35095.676844984606,6236,2.4873905432277813e-05,27122,6468,83555,0.9057693395909311,0.3682149791866666,0.9999714807491128,35063.53460200565,1.0836686582882342,0.16476184416254447,0.9272656252585589,8193,0.999452903975567,3.09054183442893e-05,0.9994770636162473,1911.7784496832119,306,919,0,68,7.571735162397853,5.4756648547333935,-0.7192985361384426,14.48599708940813,37848.56883381819,3,2,10,8,10,34,19,24,89,1,1,35,0.8,0.25,uniform,9,1
910,47899.17910279455,45525.96483145573,5899,1.9804616564480463e-05,33956,7196,107195,0.9255782239701779,0.3680409227049158,0.9999780251202137,45506.006050792064,1.0544562045976225,0.12315451142367988,0.9504539677758201,8193,0.9993140394127037,2.317154833599319e-05,0.9993147260878129,1458.770436345182,306,919,0,68,9.931549692172194,6.259257231704602,-0.5957424182692129,17.38229176041522,47899.1791025084,4,2,10,12,9,34,29,19,89,2,1,35,0.8,0.25,uniform,10,1
911,37206.044040716755,34084.72194940669,7005,2.5042301419729215e-05,26811,6714,81591,0.8926960125681953,0.36840827971537116,0.9999706204529386,34036.78443595282,1.0991619059923476,0.18827586164049093,0.916107122598301,12289,0.999468269097359,3.2292878945348756e-05,0.9994930549160832,1972.1002091827813,306,919,0,68,7.352505667689286,5.747649935459582,-0.8156708505486848,14.731497304246236,37206.04404057396,3,2,10,8,9,34,19,22,89,2,2,35,0.8,0.25,uniform,11,1
900,24465.652233478908,21218.228263790585,6400,3.797932645010369e-05,18053,5413,52086,0.8626998606389825,0.3691861362400598,0.9999527104844333,21145.83630374615,1.174166532635756,0.2615912275268187,0.8672659964795651,12289,0.9994130583449915,5.552576652319608e-05,0.9994879349782939,1952.3769506882988,306,919,0,70,4.50523825116389,12.936771502012611,-0.931573356260508,19.305156465697515,24465.65223340979,0,2,10,6,15,34,20,27,89,1,2,35,0.8,0.25,uniform,12,2
913,31070.785744607943,28723.70052825973,5131,3.0534034322843154e-05,22290,5391,68479,0.9079206865662784,0.36819539815885804,0.9999651560545786,28698.890605870987,1.087099980098867,0.1651390486927238,0.9244600623994349,8193,0.9994175961440626,3.787885237450602e-05,0.9995320172551145,2136.330882492937,306,919,0,68,6.066288265157101,6.401294768317233,-0.74001748391116,13.947618001296654,31070.78574449661,2,5,10,9,11,34,24,29,89,1,2,35,0.8,0.25,uniform,13,1
916,27142.985794157106,24548.297165852113,5541,3.4414229146492e-05,19665,5173,59108,0.8873150390117228,0.3685076167529948,0.9999591966571693,24507.295942342185,1.1154454512187084,0.20414113767810965,0.9044066615227152,8193,0.9993294378904017,4.5513903155039684e-05,0.999367843497921,1581.3867059009026,306,919,0,68,5.211544477821823,4.456406845982165,-0.7148716344190078,11.097694592642002,27142.985794063003,1,2,10,8,6,34,21,19,89,2,1,35,0.8,0.25,uniform,14,1
912,32943.53197554594,29967.853468667025,6476,2.8048320554157552e-05,23822,6099,71965,0.8894042081011949,0.36857879471401594,0.9999665698311634,29912.600492979833,1.1087588195448883,0.1965788005004184,0.9096733614025426,12289,0.9995699429391663,3.7065994536719734e-05,0.9995756183786584,2355.8696793163476,306,919,0,68,6.392332664544166,6.405437742197358,-0.832126101998594,14.462022610738712,32943.531975434984,1,3,10,8,9,34,23,20,89,2,2,35,0.8,0.25,uniform,15,1
912,24025.93788874821,20872.318261089204,6410,3.8198120271451465e-05,17730,5264,51194,0.8565525274914946,0.3693702988635751,0.9999519049613554,20791.66542890521,1.173046133184463,0.2667949958782638,0.8687410396937759,12289,0.9994311536793475,5.641769910743768e-05,0.999471455834926,1891.4894358761412,306,919,0,68,4.436706522747703,8.433113151755263,-0.83213950547294,14.534098685448846,24025.93788868613,4,2,10,8,7,34,19,26,89,1,2,35,0.8,0.25,uniform,16,1
910,35687.640705927675,33006.50980606996,6165,2.6170373265358555e-05,25609,6167,78671,0.9000501096585544,0.3682992353778476,0.999969669035292,32969.10744744493,1.0872030119982534,0.17274888107063913,0.9248722850033518,8193,0.9995269033020798,3.297591618745982e-05,0.9995338947812095,2144.938286415467,306,919,0,68,7.162178327094677,5.542387008311449,-0.6812591906590456,14.067083716724218,35687.640705779435,4,3,10,11,8,34,19,28,89,2,2,35,0.8,0.25,uniform,17,1
912,28427.868542400374,25169.771157913136,6954,3.224863791052217e-05,20805,5847,61194,0.8644689380626387,0.36901023326771754,0.9999601523117108,25095.058683580868,1.145545739691997,0.24461911344595033,0.88539072566669,12289,0.9995854964754636,4.564734955637974e-05,0.999615759573491,2602.037158257308,306,919,0,68,5.296372944477517,5.406363311272844,-0.9378087533973333,12.578353762545028,28427.86854230932,3,2,10,7,4,34,17,15,89,1,1,35,0.8,0.25,uniform,18,1
907,24106.23172747317,21797.024506018082,4955,3.858277148552922e-05,17470,4591,52488,0.8859534130879693,0.3685527241792172,0.9999540417044243,21758.357400964698,1.1159707301055612,0.2055485094484067,0.9042070429106781,8193,0.9993611121508968,5.1288112668204154e-05,0.9993694412639859,1585.3950320425483,306,919,0,68,4.694370639657823,8.85844612648238,-0.6212262131312959,14.795269192402795,24106.231727398652,4,5,10,8,11,34,20,27,89,1,1,35,0.8,0.25,uniform,19,1
912,30049.960526355393,27390.59072700682,5767,3.106519492056785e-05,21700,5537,65718,0.8928456860420574,0.3684430086657007,0.9999634371122701,27349.637310697814,1.1054645379780832,0.19191372963508682,0.9115017207088786,8193,0.9995024015184435,4.041897579192459e-05,0.9995060025542752,2023.8019236500747,306,919,0,68,5.842315752201293,6.484195816236586,-0.7475878719774832,13.821687312392847,30049.96052625522,2,2,10,8,8,34,25,24,89,2,2,35,0.8,0.25,uniform,20,1
912,40975.38887787066,38298.29738244719,6001,2.32536819749231e-05,29255,6738,90855,0.9171040431479935,0.36810955376209314,0.9999738734031492,38274.6724480482,1.0737708437926008,0.14645376564664955,0.9346658672745564,8193,0.9993330356649562,2.8053977946198242e-05,0.9993640917960629,1572.053963134453,306,919,0,70,8.2617892151017,9.323489281180997,-0.7240416791273624,19.03336185453742,40975.38887768453,2,4,10,10,12,34,25,26,89,2,2,35,0.8,0.25,uniform,21,1
906,30044.24946774204,27641.00742072952,5435,3.1031193580452335e-05,21609,5318,66039,0.8963513916636187,0.36835404004344363,0.999963776892591,27606.18731698655,1.0937323398042258,0.18089984260833208,0.9200099157213816,8193,0.9993508139899093,3.9618384021634424e-05,0.999350925784328,1540.1558152140478,306,919,0,68,6.005768332946565,3.61341901582392,-0.6265163177496723,10.87221998426983,30044.249467653957,3,1,10,10,4,34,24,17,89,2,1,35,0.8,0.25,uniform,22,4
910,24153.145554880008,21270.15402110995,5927,3.81309525773356e-05,17714,5061,51843,0.8671152411742453,0.3690515228119933,0.9999528433525011,21205.4179957274,1.1527869593673594,0.24539246809625104,0.8806370156955574,8193,0.9993943718152553,5.4361568284483866e-05,0.9994581514647779,1845.0341493482538,306,919,0,68,4.5308329158262275,6.027207960030701,-0.7775507225961156,12.11314232104916,24153.14555482166,2,2,10,6,9,34,20,25,89,2,2,35,0.8,0.25,uniform,23,1
913,23379.682259691548,21695.887205661576,5094,4.280993483622354e-05,16448,4523,51590,0.8756041826774295,0.3616569403543934,0.9999546557433975,22053.009633965095,1.0372892993131781,0.21788148972334262,0.9279804132782006,8193,0.999823375094737,4.703511215930858e-05,0.9998514964820789,6733.347198782518,306,919,0,68,4.486449551619874,7.438683837450084,-0.6350580627528952,13.195249514575748,23379.68225961169,3,3,10,7,11,34,20,26,89,2,2,35,0.8,0.25,uniform,24,1
884,41827.60447066275,38065.62358467528,8705,2.1458893219834225e-05,30287,7651,91386,0.8774072741579934,0.3689240514577682,0.9999736589580124,37963.07032543109,1.1103146424623052,0.2081161498527977,0.910059853209474,16385,0.9996748266382093,2.9246844616822558e-05,0.999677622285922,3101.451368437944,306,919,0,68,8.460390974608208,13.313850767670717,-1.0028679553652229,23.77997765300937,41827.60447048257,5,0,10,10,9,34,21,27,89,2,2,35,0.8,0.25,uniform,25,2
902,19131.742205142447,16590.129634135097,5054,4.78006847180394e-05,14136,4198,40725,0.8593279404533715,0.3695362780048895,0.9999394681833885,16519.737714211802,1.1766081871252732,0.264168309702685,0.8671520584087639,8193,0.9995680642022877,7.12222310069284e-05,0.9996013376065113,2507.8880573784445,306,919,0,68,3.500508961371415,6.829103622316748,-0.7415624810045351,11.812737545697233,19131.742205115537,1,2,10,4,8,34,14,22,89,2,2,35,0.8,0.25,uniform,26,2
908,26563.32134655666,24070.80388246927,5397,3.52277109078142e-05,19227,5030,57907,0.8870655945229273,0.36846444728829963,0.9999583921037799,24033.39958881687,1.1127589552267103,0.20317489404236722,0.9061669498490449,8193,0.9994145873805238,4.6299559127276554e-05,0.9994286232549626,1749.658685091147,306,919,0,68,5.182886752456968,8.183288746328397,-0.6680650859762638,14.702305670737893,26563.32134648687,3,3,10,12,11,34,23,28,89,1,2,35,0.8,0.25,uniform,27,1
904,37851.26177183546,35034.85489407277,6388,2.4829392320690605e-05,27146,6525,83478,0.9033907315241035,0.3682460605743263,0.9999714294350532,35000.55796981534,1.0859291507981474,0.16876584031746103,0.9255927875075929,12289,0.999567404206869,3.1025609330615575e-05,0.99957842998663,2371.5851898192495,306,919,0,68,7.5218957206299235,6.409680418892735,-0.8522772377040163,15.636130614930691,37851.26177166941,3,3,10,11,8,34,30,20,89,2,1,35,0.8,0.25,uniform,28,2
907,23255.769179461015,21011.908334029587,4796,4.095587966967108e-05,16831,4498,50619,0.8877993964582692,0.368150207576508,0.999952369104806,20994.276515076,1.1145617208719496,0.20622839704806334,0.903513797883187,8193,0.9995799818413643,5.3087572514093874e-05,0.9995884976953536,2429.6200129250215,306,919,0,68,4.4576035858268,5.649768966174745,-0.6704601803024597,11.448292912606465,23255.769179396193,2,2,10,7,5,34,20,18,89,1,2,35,0.8,0.25,uniform,29,1
911,22353.07566151349,19789.26814425232,5318,4.1286264258848674e-05,16355,4602,48116,0.870525193636276,0.3689432962215805,0.9999493282131158,19734.347757999858,1.1452042784479108,0.237909094950915,0.8853040379729302,8193,0.9994327118809149,5.802954713668623e-05,0.9994545833124142,1832.9605412050278,306,919,0,68,4.204655459408717,4.732394644321267,-0.7027157066615889,10.342481517053162,22353.075661450246,1,3,10,7,8,34,20,21,89,2,2,35,0.8,0.25,uniform,30,2
914,48556.83849128226,45062.391502375765,7975,1.9411918874409064e-05,34783,8271,107243,0.9057384154068954,0.3682129465571032,0.9999777887809893,45021.79253952605,1.0826679187824668,0.16424051169294734,0.9280338857000775,12289,0.9995109569429632,2.404737425996934e-05,0.9995203031323068,2084.149803173536,306,919,0,68,9.675029029985453,9.446242220921729,-0.9500997426598669,21.021470736226917,48556.83849098911,4,4,10,8,8,34,25,23,89,1,2,35,0.8,0.25,uniform,31,1
914,34808.24992728348,31994.014534787882,6204,2.705850694174735e-05,25038,6200,76473,0.8998887374249998,0.3682919444138766,0.999968710199151,31958.795770038418,1.094473143074796,0.1782336087841396,0.9191503336601321,8193,0.9993260454216065,3.424584668153413e-05,0.9993405506821547,1515.9167081345365,306,919,0,68,6.887682902247231,7.009704505308557,-0.7290019833435682,15.355391374242924,34808.249927149955,3,2,10,8,8,34,20,29,89,1,1,35,0.8,0.25,uniform,32,1
910,23661.064311219186,20890.94984509866,5734,3.897310145074834e-05,17332,4918,50858,0.8683067659590115,0.3689867036813534,0.9999519948459972,20830.596589108773,1.1489891739231248,0.2423390564591447,0.882925196023112,8193,0.9994085092874143,5.515740224163865e-05,0.9994848268641837,1940.5949608093838,306,919,0,68,4.43490928580298,4.73908082404267,-0.7653246287384379,10.704639367322526,23661.06431116345,2,4,10,9,8,34,17,25,89,2,2,35,0.8,0.25,uniform,33,1
912,32833.61943225711,30224.537004565602,5787,2.8552057636783242e-05,23605,5800,72194,0.9003453707635396,0.3682983792188408,0.9999668772929613,30190.26909203502,1.0927605599967114,0.17625227130197565,0.9205362529990149,8193,0.9993239360184543,3.619518789223317e-05,0.9994601056731262,1851.714268472233,306,919,0,68,6.347295651838331,3.735847326479243,-0.8530594867878089,11.789261951893192,32833.6194321352,1,2,10,4,4,34,22,18,89,2,2,35,0.8,0.25,uniform,34,3
911,32944.47252851805,30130.80602156777,6161,2.846567527411571e-05,23750,5994,72182,0.8952384580033491,0.36836560337286733,0.9999667692437552,30092.104349419846,1.100861304310848,0.18701164496310552,0.9145936695597522,8193,0.9993998794286914,3.6582453663017515e-05,0.9994096249552522,1693.3384842695996,306,919,0,68,6.4670101996394225,4.192395033213224,-0.7655853060433655,12.190575844939376,32944.4725283851,2,2,10,10,5,34,23,19,89,2,1,35,0.8,0.25,uniform,35,1
911,36833.74420354509,34244.704531234165,5932,2.5520512150984406e-05,26367,6213,81432,0.9071513327434002,0.36820981243169804,0.9999707726211959,34213.99479382519,1.0805548324093694,0.1610479772900489,0.9297101142364522,8193,0.9994433464600854,3.1581785405858786e-05,0.9994859283452794,1944.754068745219,306,919,0,68,7.299095849042531,3.3447831094287905,-0.7873463470889741,12.218571652649269,36833.74420337901,3,1,10,12,4,34,23,14,89,2,1,35,0.8,0.25,uniform,36,2
913,34320.03442528253,30581.80508989844,8227,2.5802790894797724e-05,25117,6757,74126,0.8622412132189833,0.3695963208969029,0.9999671593135069,30449.53337916407,1.140848655924351,0.23971421176487567,0.8910773430742759,12289,0.9996821030578982,3.7466253045418295e-05,0.9997139991960995,3495.9936445791213,306,919,0,68,6.411212061692115,5.684910990711875,-1.106867768564231,14.309858589532451,34320.03442512022,4,2,10,8,8,34,19,23,89,2,1,35,0.8,0.25,uniform,37,2
903,37436.05622625547,32457.789065044693,10627,2.353178139016111e-05,27752,8073,79669,0.8406043397715527,0.37036143567342167,0.9999689980378961,32255.52291131228,1.1821580205129216,0.283870713725097,0.867019454957456,16385,0.999705836118174,3.6649218153013965e-05,0.999721006486396,3583.81269815055,306,919,0,68,7.0356570947995305,12.66216731746354,-1.255828226600137,22.209480865463345,37436.0562261195,5,2,10,10,10,34,19,25,89,2,2,35,0.8,0.25,uniform,38,2
909,30157.129783468874,26370.12659045338,7807,3.0161950759242038e-05,22205,6436,64481,0.8589020446992139,0.3694028931955752,0.9999619302734166,26267.090803129893,1.1644209365507687,0.2588774215601756,0.874424283073139,12289,0.9995493217797926,4.432918668252541e-05,0.9996163619314703,2606.1234551886737,306,919,0,72,5.599695102098971,7.8242565054523086,-1.035536973448713,15.495025554448706,30157.129783364224,2,3,10,9,11,34,19,25,89,1,2,35,0.8,0.25,uniform,39,1
910,22211.243381406744,19905.259406250185,4755,4.2241083153475836e-05,16152,4392,48130,0.8846663079633301,0.36857487268340977,0.9999496709725988,19868.749445597423,1.1272429504577053,0.2140807661393895,0.8961794287893436,8193,0.9993765163091876,5.673304134169928e-05,0.9994260800128589,1741.903113585311,306,919,0,68,4.228492007280302,5.269278192295337,-0.6530999446645697,10.803970088904778,22211.243381349166,1,4,10,9,11,34,23,26,89,2,2,35,0.8,0.25,uniform,40,1
912,26809.310563279032,24315.37634525441,5426,3.4580411529762644e-05,19406,5037,58471,0.886538221933233,0.368555998937866,0.9999588015069334,24272.232457515023,1.112211712902414,0.2023923736193367,0.9069750707636404,8193,0.999484656160854,4.58214465429234e-05,0.9995031907980375,2012.3451233922808,306,919,0,68,5.167749221482958,5.251327484801806,-0.7114855511488861,11.842047808582535,26809.31056320121,1,2,10,8,11,34,21,23,89,1,2,35,0.8,0.25,uniform,41,1
918,26438.12659235044,23755.432345529272,5718,3.505014584220277e-05,19215,5158,57369,0.8804020417458936,0.3686717701555508,0.9999578174049182,23705.95992528625,1.1245674232201432,0.21627856194827497,0.8985293365076263,8193,0.999510059862883,4.743717225607667e-05,0.9995289514080384,2122.4231942734987,306,919,0,68,4.986576611965563,4.351099675903317,-0.7733638220783421,10.884403932025565,26438.126592261524,2,1,10,8,7,34,20,18,89,2,2,35,0.8,0.25,uniform,42,1
911,37956.7364620879,35395.41839069516,5843,2.4901957649501837e-05,27131,6311,84055,0.91164376009241,0.3681579913110225,0.9999717266254398,35368.46516554058,1.076747088352603,0.153938418963815,0.9325200659980067,8193,0.9993062519677963,3.0443273736191795e-05,0.9993413332263895,1517.7183220706477,306,919,0,68,7.690252022791766,6.675022029797138,-0.6427307350340412,15.650735522656987,37956.73646189655,4,4,10,11,10,34,23,22,89,2,1,35,0.8,0.25,uniform,43,1
912,32660.65827742145,30032.872611099057,6016,2.844619236898319e-05,23499,5793,71770,0.8936304797644036,0.3683821806555297,0.9999666586356671,29992.27383864424,1.0945530525281384,0.1841971447390852,0.9195427831245214,8193,0.9994757450271082,3.649389210611982e-05,0.999516622059676,2068.2745490696666,306,919,0,68,6.371112222845691,4.135768049058103,-0.7913128379618235,12.08950594782744,32660.658277282266,1,3,10,11,8,34,25,21,89,2,2,35,0.8,0.25,uniform,44,1
909,39376.4025995387,36809.10695459404,5939,2.3992849232937553e-05,28117,6468,87316,0.9126658987708947,0.3681522242878302,0.9999728133854104,36782.30709222552,1.073856006129011,0.15082637335868707,0.9348011632486017,8193,0.9994051878955917,2.9194509363289657e-05,0.9994064473194997,1684.2703725128956,306,919,0,68,8.001132274222764,7.376671677904097,-0.6625426651271105,16.702889282381083,39376.40259934518,3,3,10,10,8,34,25,25,89,1,2,35,0.8,0.25,uniform,45,1
896,22327.576000681387,19839.968917708753,5161,4.164358993588509e-05,16303,4550,48158,0.8746152423611501,0.3687654035155233,0.9999494788642949,19793.195961699617,1.13936355190909,0.23114914041015908,0.8885858866678265,8193,0.9992597261726724,5.756194062352178e-05,0.9994270861178273,1744.96298101071,306,919,0,68,4.246520833889997,4.239441981531443,-0.7373130948213007,9.960589005064042,22327.576000626614,1,2,10,6,10,34,17,23,89,2,2,35,0.8,0.25,uniform,46,1
899,43006.741284312346,40530.81742903603,5982,2.1924730511049474e-05,30603,6769,95795,0.9172131601265396,0.36810419849838877,0.9999753125093589,40505.844467595845,1.0643441450363607,0.13909447266542993,0.9424294010348685,8193,0.9994596499673011,2.6275986119673903e-05,0.9994683511567107,1880.4407545262618,306,919,0,68,8.906226634189695,6.048069343640134,-0.6614577449144796,16.277211467658788,43006.74128407326,3,3,10,11,13,34,26,26,89,1,1,35,0.8,0.25,uniform,47,1
911,28656.691276410285,26023.52894392747,5768,3.244198100508794e-05,20730,5365,62543,0.886922911875668,0.36850603283154065,0.9999615094917315,25979.931146810002,1.1104280015812245,0.20127934325579738,0.908113525490977,8193,0.9994773709173801,4.2740938176416146e-05,0.9994889227562203,1956.1513484970108,306,919,0,68,5.521350238425634,4.27539103058843,-0.7699101954581808,11.336561659930425,28656.691276340774,1,1,10,8,7,34,21,18,89,2,2,35,0.8,0.25,uniform,48,1
911,40049.40857923097,37279.87784346455,6381,2.3497372091997878e-05,28652,6717,88601,0.9078868945937134,0.3682005575805847,0.9999731532982981,37248.02352598462,1.0790386366263114,0.1593281955057157,0.9308471502072903,12289,0.9994041456305324,2.8968628402589e-05,0.999449958195092,1817.5435847928018,306,919,0,68,8.035539334778145,5.121309832886073,-0.7568665003496989,14.670582168363616,40049.40857900732,3,2,10,7,8,34,23,25,89,2,1,35,0.8,0.25,uniform,49,1
898,35077.98119623143,31123.740910739365,8554,2.581319011937269e-05,25672,7114,75593,0.863006071736806,0.36920658670521855,0.9999677602186211,31017.080056172228,1.1439950693624568,0.2438566789846786,0.8872728660360625,12289,0.9995852011985165,3.688215093484579e-05,0.9996525959571837,2877.992667598468,306,919,0,68,6.73897830802066,4.859676380604367,-1.073489664379348,13.745634017383722,35077.981196076034,4,1,10,7,6,34,22,16,89,2,1,35,0.8,0.25,uniform,50,1
910,23871.093398535904,21498.993036991957,4945,3.923701644301094e-05,17323,4627,51866,0.8875012125815571,0.3685137067287567,0.9999534088889018,21462.821570331882,1.120668003693683,0.20715431494659955,0.9006287511870137,8193,0.9993942360518331,5.221316746452681e-05,0.9994621257387394,1858.6705309355204,306,919,0,70,4.5218875164839245,9.187378684022233,-0.7245066370203844,15.158279474546926,23871.093398444606,0,4,10,4,12,34,22,26,89,1,2,35,0.8,0.25,uniform,51,1
910,51403.65061609735,47948.99208952638,8268,1.805226508006471e-05,36759,8509,113847,0.9043458084408825,0.368278652139628,0.9999791224403017,47897.81831001318,1.0771146669750622,0.16084460735578238,0.9327935178695436,12289,0.9995989335629789,2.2487525761819986e-05,0.999608529422398,2553.97035982189,306,919,0,68,10.311212914051847,8.466034402543867,-0.9862927157939438,20.7498327481836,51403.650615798346,2,3,10,11,14,34,29,26,89,1,2,35,0.8,0.25,uniform,52,1
909,20163.732450082127,17063.999243731276,6008,4.525631219524756e-05,15059,4757,42368,0.8440165915648024,0.37010690773408583,0.9999410646988095,16967.259212398018,1.2146423226709835,0.2979607081612278,0.8462718539821616,12289,0.9994629010557312,7.158531112528083e-05,0.9994964428067671,1985.371698989539,306,919,0,70,3.6001827480834536,6.623917464302843,-0.836282037402011,11.896664287190319,20163.732450031435,1,3,10,6,12,34,17,24,89,2,2,35,0.8,0.25,uniform,53,2
898,21903.761749081317,19497.850696603153,5058,4.1925867692403214e-05,15994,4409,47288,0.8728388586475636,0.36895086430380675,0.9999485700501559,19443.42329394046,1.1382141379500725,0.23091923925862376,0.8901599149936392,8193,0.9995312938752404,5.853829602684741e-05,0.9995323842142744,2138.007749951028,306,919,0,68,4.188167683664409,7.4338529969637905,-0.6901756902886382,13.002372061205477,21903.761749049183,1,1,10,6,9,34,18,27,89,1,2,35,0.8,0.25,uniform,54,1
914,24617.059558720794,21870.372341213482,5666,3.770928169494943e-05,17979,5013,53091,0.8754402298925491,0.3688233684987936,0.9999541637992133,21816.316897166947,1.1398973991039911,0.23016558848080512,0.8884234239692419,8193,0.9993917523895218,5.2248566062026244e-05,0.9994390809420086,1782.2883712035057,306,919,0,68,4.640926093702249,7.0488377759284235,-0.7457390175982638,13.1812419048272,24617.05955864334,2,2,10,5,11,34,22,22,89,2,2,35,0.8,0.25,uniform,55,1
907,32571.639497708347,29520.522415576437,6618,2.856333050575762e-05,23582,6148,71011,0.8865655416799818,0.3685287185603977,0.9999660670979397,29469.42267640816,1.1129838969666128,0.20318289475313714,0.9063259593565568,12289,0.9994473836261687,3.7766773570530505e-05,0.9995301200367657,2127.7030727878437,306,919,0,68,6.328022074269942,4.631538575087131,-0.8542578590405857,12.668076367438244,32571.639497563243,4,3,10,9,8,34,25,21,89,2,1,35,0.8,0.25,uniform,56,1
912,31550.0693340467,28820.44239051981,6147,2.9335959470332557e-05,22769,5754,69079,0.8884570459841273,0.3684930844868912,0.9999652466000775,28773.663164704816,1.1031342994268416,0.19483316930041017,0.9134826958817088,8193,0.9994971428280087,3.833766747626716e-05,0.9995026058330718,2009.9778983516337,306,919,0,68,6.2008352404448885,4.464414949409991,-0.71803961348538,12.10132941682564,31550.069333922023,4,2,10,9,8,34,19,17,89,2,1,35,0.8,0.25,uniform,57,1
912,22949.69859148181,19692.083171686983,6447,3.9900706527525755e-05,17031,5215,48578,0.8512527442556278,0.36967235985934976,0.9999489841707198,19601.259177330052,1.192088113088839,0.2809187220608169,0.8580541087801498,12289,0.9994994114206268,6.081536366444465e-05,0.9995388300377852,2167.897910111532,306,919,0,68,4.131316372069402,7.661570902992833,-0.9015122663985752,13.595911807859386,22949.698591413977,1,3,10,7,9,34,15,28,89,1,2,35,0.8,0.25,uniform,58,1
910,37540.709234508366,34101.20016099671,7644,2.4496846117207515e-05,27168,6991,81943,0.884014794190314,0.3686344838572845,0.9999706176051973,34033.48554285365,1.1108339445525337,0.20361895541849387,0.9083792196885303,12289,0.9995902710687539,3.2638961519350605e-05,0.9996062850490821,2539.4085931293166,306,919,0,68,7.323500834515789,4.576342027487588,-0.9272044917105613,13.754251845424498,37540.709234329894,3,1,10,7,4,34,21,19,89,2,2,35,0.8,0.25,uniform,59,1
902,31571.16681685923,27971.792714376305,7433,2.9467687636464697e-05,23081,6506,67988,0.8727508470335479,0.3688229423411355,0.9999641616376103,27902.560664938825,1.1434324257383377,0.23543634111206574,0.8859917302593696,12289,0.9994073816593515,4.0978745641968837e-05,0.9994639553102563,1865.0160571154104,306,919,0,68,6.092267290654839,12.2121658711898,-0.9079914270252718,20.12041601589518,31571.166816737303,3,1,10,5,9,34,18,22,89,1,2,35,0.8,0.25,uniform,60,1
912,26198.79205495873,23135.334581312385,6325,3.509890091361628e-05,19196,5430,56317,0.868708968274883,0.3690637596042802,0.9999566437394797,23064.219785384394,1.1492738226616621,0.2414233445088491,0.883068751138604,12289,0.9995375919737752,4.98282152644429e-05,0.9996176174953538,2614.6823780177774,306,919,0,68,4.8451767742345995,6.378291126107749,-0.9001723606092996,13.023812621560948,26198.792054888178,2,3,10,7,8,34,19,22,89,2,2,35,0.8,0.25,uniform,61,1
909,27495.008146114164,24756.262102728713,5818,3.354502757903168e-05,19973,5303,59728,0.8827271982963149,0.3687401945134781,0.9999595164077442,24700.86527272416,1.122386717607896,0.21160204678179922,0.9003911535930018,8193,0.9996409773384786,4.543824622907581e-05,0.9996415049796461,2788.938994999174,306,919,0,68,5.33310214919311,8.306211367671189,-0.7164045936081379,15.072122704080574,27495.00814603167,2,4,10,6,8,34,17,26,89,1,1,35,0.8,0.25,uniform,62,1
892,25520.130732637943,22560.9150512393,6247,3.583149417170842e-05,18694,5264,54889,0.8649416591173773,0.3691038508043686,0.9999555353602415,22489.280762123322,1.1480740457814047,0.24478714727000403,0.8840438666870122,12289,0.999501590469076,5.1048698861717747e-05,0.9995277272108332,2116.9202798619062,306,919,0,68,4.951710349730058,9.178822175178485,-0.7702920566739674,15.671116638256477,25520.130732561953,3,3,10,7,11,34,17,28,89,2,1,35,0.8,0.25,uniform,63,1
905,33988.75753783545,31462.843604745594,5763,2.747874519298605e-05,24380,5846,74962,0.9022636104233658,0.3682832844800136,0.9999681823809891,31428.627351474715,1.086067545926246,0.16955606551915792,0.9256838403028392,8193,0.9995814265350067,3.455608339618912e-05,0.9995814755443212,2388.8466004947163,306,919,0,68,6.809811495356248,6.887771842540644,-0.7015161372830225,15.100615612462938,33988.7575376927,2,3,10,6,11,34,22,23,89,1,2,35,0.8,0.25,uniform,64,1
908,25387.83528934118,21815.16287836309,7086,3.615771729914357e-05,18826,5752,53780,0.8521635407052444,0.3696216550478787,0.9999539550981725,21717.430978989527,1.1897495485282175,0.2791100509059543,0.8592762096389511,12289,0.9995862801246861,5.478190116144972e-05,0.9995904382410931,2441.134171822063,306,919,0,70,4.638489341777444,11.419690096251847,-0.9535448629066609,17.965269163842613,25387.835289265837,2,2,10,9,10,34,18,30,89,2,2,35,0.8,0.25,uniform,65,1
902,47823.09064642004,44989.14789093663,6997,1.9578731488561005e-05,34063,7598,106416,0.9117432962631022,0.36815658333154133,0.9999777561020627,44955.64944734193,1.0666627287091022,0.1463100754347374,0.9407411207185215,12289,0.9994301985123208,2.37267368707321e-05,0.9994398951597934,1784.8799897187812,306,919,0,68,9.800235866308016,6.139477671243004,-0.8035536339396799,17.54682080543038,47823.09064611711,3,3,10,13,6,34,31,19,89,1,2,35,0.8,0.25,uniform,66,1
914,34184.805886778304,31123.9185295188,6739,2.7094650142033605e-05,24705,6319,74712,0.8886252769963657,0.3685138005237943,0.9999678167991022,31071.611288392858,1.1072985507824782,0.1971343649667015,0.9104605897895893,12289,0.9994668573414254,3.5636411713741884e-05,0.9994994186349372,1997.1771987656443,306,919,0,68,6.644741823877564,9.436886550148808,-0.8355220462852474,17.752672466596866,34184.80588664405,2,3,10,9,12,34,26,24,89,2,2,35,0.8,0.25,uniform,67,3
911,27301.77007027074,24659.089959227855,5684,3.412213703715328e-05,19794,5229,59410,0.8844837480519455,0.36854978869181093,0.9999593751907208,24615.000173520555,1.1173743583275286,0.2081916295306209,0.9032048067124946,8193,0.9993751593379779,4.539312020073332e-05,0.9994064879741922,1684.3857767885884,306,919,0,68,5.27110577519075,5.622316907117828,-0.7226966551477682,12.338815992604115,27301.77007019195,1,2,10,8,10,34,25,23,89,2,1,35,0.8,0.25,uniform,68,1
913,22758.602437076675,20007.047795975162,5767,3.992615648804322e-05,16720,4771,48801,0.8604362396232155,0.3693027264598685,0.9999498338211982,19933.248666420222,1.156759552692617,0.2533986880760665,0.8790982597148023,8193,0.999391878326946,5.803020655123147e-05,0.9994705976692505,1888.4225047847972,306,919,0,68,4.252425661270841,4.823449047975139,-0.7330294180307353,10.541933545307451,22758.602437011697,3,2,10,10,8,34,25,21,89,2,2,35,0.8,0.25,uniform,69,1
905,29483.924388067044,26490.44186164967,6380,3.143791455697991e-05,21430,5755,63975,0.8803665052716024,0.36867344793858886,0.999962172077662,26434.99891390384,1.1246766535443449,0.21638910465331954,0.8984706890773021,12289,0.9994226214557139,4.254418110548605e-05,0.9994909156734842,1963.8110705085155,306,919,0,68,5.7074354538020655,4.868228552106247,-0.8083489413283402,12.192361888564992,29483.924387965086,2,1,10,8,9,34,22,18,89,2,1,35,0.8,0.25,uniform,70,2
915,44250.906918858855,40707.49251567541,8506,2.044705065776344e-05,31871,7762,97255,0.8847870317856822,0.368658709079199,0.9999753848841588,40624.94358522703,1.095677583716038,0.19222204904403695,0.9199244795212703,12289,0.9996558205319898,2.6970230648090715e-05,0.999676011885988,3086.032956002597,306,919,0,68,8.729710121236796,5.029094720438034,-0.9426192598928896,15.64404336146061,44250.90691866831,2,4,10,10,7,34,29,14,89,2,1,35,0.8,0.25,uniform,71,5
918,27824.387478311153,24892.887741637634,6125,3.350813859275644e-05,20254,5532,60236,0.8801337579451713,0.368657814458918,0.999959746531087,24842.079456345342,1.1299220715841802,0.22013063197795027,0.8946427935221002,8193,0.9993941298165592,4.548328298280531e-05,0.999476113204382,1908.3092799570093,306,919,0,68,5.241710535214219,5.744661105278182,-0.8202475210457557,12.626866682583913,27824.387478233286,1,2,10,9,6,34,22,24,89,2,2,35,0.8,0.25,uniform,72,2
916,25152.225027168995,22740.536726081824,5088,3.73321069967864e-05,18222,4805,54764,0.8894382115774048,0.36846591930431655,0.999955958111095,22705.156471595412,1.1155626853965805,0.20228826652528875,0.9041163038863517,8193,0.9993360974980544,4.913148785690423e-05,0.9993788637769819,1609.4527459213527,306,919,0,68,4.823406077269233,6.074266801896817,-0.6683461120525633,12.234365103271177,25152.225027093828,2,4,10,6,10,34,16,23,89,2,2,35,0.8,0.25,uniform,73,1
891,26049.139932102415,23231.23384141944,5894,3.546781748211134e-05,18999,5220,56295,0.8761278490747993,0.36884192745788347,0.9999568473785422,23173.063182535025,1.1350993230208504,0.22626466806055112,0.8918234499093673,8193,0.9995234154799552,4.898251140365761e-05,0.9995334475108988,2142.881517014178,306,919,0,68,5.0480828580746175,8.241264969809912,-0.7990865991675526,14.887521026219636,26049.13993201387,1,3,10,9,11,34,25,26,89,1,2,35,0.8,0.25,uniform,74,3
896,35633.91803759279,32923.97128512483,6051,2.6439981716723727e-05,25574,6195,78511,0.9038063302378962,0.3682446114576806,0.9999695974942931,32891.525728578534,1.0880330236399163,0.1698101228614929,0.9239503568030594,8193,0.9993320452244732,3.30789302105262e-05,0.9993692468747435,1584.9062814650974,306,919,0,68,7.2323493408106625,4.716666886849883,-0.7216502211188659,13.392316669898278,35633.91803744429,1,1,10,9,5,34,20,22,89,2,1,35,0.8,0.25,uniform,75,1
914,25483.05130090667,22746.086368732333,5755,3.632494359245359e-05,18575,5098,55098,0.8761764669353808,0.3687712473969929,0.9999559341920438,22692.831773951628,1.133573443383988,0.2258363777572916,0.8925966557200723,8193,0.9993224835147853,4.995182966061331e-05,0.9994127905445758,1702.469804078731,306,919,0,68,4.829960551455748,4.908691259543084,-0.746199470607803,11.231050752214438,25483.05130083043,3,2,10,4,9,34,15,18,89,2,1,35,0.8,0.25,uniform,76,1
910,27621.849025582727,25079.96714879199,5533,3.364486025148938e-05,19983,5171,60279,0.8877969085780388,0.36851534168291017,0.9999600608456467,25037.586460749637,1.110653322799062,0.20031244088241382,0.9079756798888987,8193,0.9993767479358713,4.435855449228402e-05,0.9994311041917492,1757.291072669048,306,919,0,68,5.361506586917646,5.25886371652384,-0.7092294626431246,12.038829228727735,27621.849025501506,1,3,10,7,8,34,22,15,89,1,1,35,0.8,0.25,uniform,77,1
903,20867.17583505367,17446.20094725354,6571,4.3465282503445575e-05,15679,5070,43565,0.8356766911564091,0.3706630699561406,0.9999422792998385,17324.307164916467,1.2362124395215521,0.3148964695529964,0.8360595168775348,12289,0.9995108041894855,7.135504755795274e-05,0.9995423718734431,2184.6803342329486,306,919,0,68,3.687065552680395,10.886916319151124,-0.9346788183056237,16.443339508442765,20867.17583500187,0,6,10,6,10,34,20,26,89,1,2,35,0.8,0.25,uniform,78,2
912,43069.5367714148,40402.00953712352,6216,2.1982844019535103e-05,30706,6950,95689,0.916091241502733,0.36810977020221813,0.9999752332880669,40376.27680634396,1.06966059351321,0.1443247470477916,0.9380646407123256,8193,0.9992938310728655,2.6491975785909503e-05,0.9993479939056266,1533.227940876732,306,919,0,68,8.747891583732262,4.485062285062276,-0.6971822695992961,14.627318407993132,43069.5367711919,4,3,10,11,10,34,27,19,89,2,1,35,0.8,0.25,uniform,79,3
905,24084.778415675453,21555.766116722145,5317,3.8463686174516134e-05,17537,4767,52150,0.8788786757918212,0.3687508321912123,0.9999535031758087,21506.345192369652,1.1300571004813365,0.22076184003999216,0.8949954093284365,8193,0.9994680892485058,5.254406632758467e-05,0.9995397680548982,2172.3174086733748,306,919,0,68,4.533111972259468,4.476357164293081,-0.7894909925163244,10.588451121585198,24084.77841561046,1,1,10,9,6,34,20,25,89,2,2,35,0.8,0.25,uniform,80,1
905,34393.14998545116,31139.95474383452,6894,2.7265687518014837e-05,24903,6530,74942,0.8900556940388096,0.36846629518341384,0.9999678374302962,31091.542990406437,1.1138015828064936,0.20044689139890562,0.9054115356403009,12289,0.999474514724983,3.5822721043497353e-05,0.9994780514643088,1915.3976583146589,306,919,0,70,6.745119280860862,10.259441510173808,-0.8555768484889007,18.715714488012473,34393.149985307675,3,2,10,9,9,34,30,26,89,1,1,35,0.8,0.25,uniform,81,1
906,38534.13640921803,35601.12246816477,6677,2.43322099911573e-05,27661,6700,84897,0.9005394172527328,0.36828083415552915,0.9999718812232912,35562.92476378401,1.0883194094137913,0.17327493547780004,0.9238853075645512,12289,0.9993519472224757,3.060221046143295e-05,0.9993730187678764,1594.4440206431123,306,919,0,68,7.695814516599681,9.329323018997814,-0.8106173617732146,18.646372259143924,38534.13640902922,2,4,10,14,10,34,27,27,89,2,2,35,0.8,0.25,uniform,82,2
917,43512.169467452506,39974.786963786384,7868,2.153226345402902e-05,31310,7760,95569,0.8976557855031932,0.3683342326872413,0.9999749542488041,39926.4318027898,1.0953126652680687,0.18082297656717242,0.9187036052911102,12289,0.9994303902728624,2.7432928496469293e-05,0.9994926046977151,1970.3498956082444,306,919,0,68,8.610794504423145,5.748085044676029,-0.8793187926822394,16.117517134463654,43512.16946722819,5,1,10,10,8,34,19,20,89,2,1,35,0.8,0.25,uniform,83,1
905,22911.80639114645,20146.56957493915,5684,4.0285489652950224e-05,16812,4833,49139,0.8658737612466547,0.3690333257278459,0.9999502144843867,20085.663364477143,1.1547060955079396,0.24808170525552295,0.8793095241379205,8193,0.9993424419117617,5.748763834694288e-05,0.9993805430670829,1613.8171782802303,306,919,0,68,4.333468374691795,9.94899787899538,-0.7299142531757796,15.742294760038735,22911.806391100774,1,4,10,9,13,34,19,27,89,1,2,35,0.8,0.25,uniform,84,1
898,26497.311773961803,23308.735425493396,6492,3.486446951497767e-05,19440,5579,56841,0.868275608684043,0.3690485968341587,0.9999569683333931,23238.200210722614,1.15420050426946,0.24500598609325774,0.8796641570409518,12289,0.9994739900439527,4.966717129744675e-05,0.9995055511237801,2021.953741359111,306,919,0,68,5.036107804765741,6.293005112580661,-0.8652979355201988,13.0597087883868,26497.31177388387,2,1,10,8,7,34,18,25,89,2,2,35,0.8,0.25,uniform,85,1
907,33334.28255259459,31039.12928979452,5291,2.8212006910588353e-05,23845,5580,73758,0.9081494893623155,0.36819976386366143,0.9999677555229436,31012.563048407985,1.0786659820623445,0.15872548004151277,0.9311473628034804,8193,0.9993089618152491,3.478102051045407e-05,0.9993367103392021,1507.1368929408154,306,919,0,68,6.732025441451681,5.503837817608115,-0.6184227509356734,13.472708760931143,33334.28255247665,3,4,10,11,11,34,23,24,89,1,1,35,0.8,0.25,uniform,86,1
905,30207.540347055987,26793.104488905534,7162,3.0361639580036505e-05,22093,6161,65088,0.8697070188636513,0.36900724458027473,0.9999625674990393,26714.252533741645,1.1432137251224828,0.23709312038369934,0.8869674320079747,12289,0.9995340471921317,4.279334886400197e-05,0.9996275367922568,2684.3289110117175,306,919,0,68,5.692732446424163,4.697640719405395,-0.9829670777613677,12.356307321352293,30207.540346939524,2,1,10,9,6,34,25,19,89,2,1,35,0.8,0.25,uniform,87,2
914,24510.222006714255,21866.84025846254,5446,3.81789647057078e-05,17860,4930,52982,0.8803008988965603,0.3686519700882042,0.9999541764087854,21822.32037086772,1.1334427763297752,0.2221930098596471,0.8921518643312331,8193,0.9992855269995767,5.193841844806757e-05,0.99933366203345,1500.239884543366,306,919,0,68,4.665063951869462,4.305288492190851,-0.698223139298958,10.36679872265823,24510.22200663968,2,0,10,7,4,34,20,24,89,2,1,35,0.8,0.25,uniform,88,1
909,35268.375936340446,32378.10659456928,6424,2.64981809833998e-05,25389,6304,77432,0.8968031254430446,0.36836660766292795,0.9999690756210506,32336.44689739318,1.096344255557168,0.1821461813720979,0.9180492646730285,12289,0.9994480494333832,3.390376521790582e-05,0.9994771227120837,1911.9945763004014,306,919,0,68,6.996420019776639,6.663552406811374,-0.7633986680607544,15.186769762709522,35268.37593622095,3,1,10,9,11,34,22,21,89,2,2,35,0.8,0.25,uniform,89,1
915,23053.52467842009,20395.050971929348,5413,4.051766114455073e-05,16860,4780,49607,0.8744100754036496,0.3687730845192449,0.999950852708905,20346.501381351754,1.1451043032818904,0.2348014056638807,0.8846825488260681,8193,0.999348107484907,5.627877452740131e-05,0.9993491434125049,1535.9367264622126,306,919,0,68,4.306050043240641,7.927833399418172,-0.7329717443770971,13.699826931413007,23053.52467835115,2,4,10,4,9,34,21,24,89,2,2,35,0.8,0.25,uniform,90,1
912,56658.178157969436,53846.17606237277,7139,1.6647835769485315e-05,40171,8514,126790,0.9228219892840073,0.3680635251715747,0.9999814195286806,53819.44798625714,1.0546852606767378,0.1260012275738139,0.9503689990215272,12289,0.9994364217379634,1.9596549237085198e-05,0.9994893094124498,1957.6327767520247,306,919,0,68,11.540103032773075,4.61015095201117,-0.8849360368756201,17.920126058535487,56658.17815759805,1,1,10,9,8,34,27,21,89,2,2,35,0.8,0.25,uniform,91,1
900,27419.336480161957,24480.257961492,6231,3.37465999065173e-05,19986,5483,59292,0.8748022563964856,0.3687866527651103,0.9999590544920409,24422.203483363995,1.1333421441479716,0.22724838744760156,0.8928100057856471,12289,0.9994550046762054,4.640526978377824e-05,0.9994782630664141,1916.174693579595,306,919,0,68,5.265195977207927,6.501094487122027,-0.8279899072495104,13.422270278828977,27419.33648005847,1,1,10,9,5,34,23,19,89,1,2,35,0.8,0.25,uniform,92,1
900,27653.26093026771,25108.489618056756,5458,3.379082249108678e-05,20002,5182,60349,0.8906683714926944,0.3684763990119686,0.999960110836598,25068.965353001822,1.1103757047090002,0.197372744348786,0.9079757241423347,8193,0.9994324231545673,4.429195792279227e-05,0.999507192056093,2028.688027750875,306,919,0,68,5.3261118833405545,5.4126278039800635,-0.8190572122568299,12.376854111834277,27653.26093018823,0,2,10,7,10,34,17,21,89,1,2,35,0.8,0.25,uniform,93,2
907,30903.052451692285,27604.563068720123,6979,2.9950814183618823e-05,22520,6167,66843,0.8757332880130911,0.3687725297719668,0.9999636896556096,27539.86120222785,1.132631495763077,0.22583529607340852,0.8932633147444458,12289,0.9994706515303876,4.1126239678919756e-05,0.9995756713781837,2356.1639947874714,306,919,0,70,5.850793118206188,5.684611803689667,-0.9635514135664704,13.462507749028797,30903.05245158901,1,0,10,7,10,34,20,24,89,2,2,35,0.8,0.25,uniform,94,1
913,30024.81524817163,27322.505352875578,5839,3.1180755427963574e-05,21694,5580,65604,0.8919092259686804,0.36842837482409474,0.9999633469584359,27282.365410764705,1.1074042875493801,0.19447247057933412,0.9099974513428318,8193,0.999553219539264,4.0589735379883e-05,0.9995533109785538,2238.19389073218,306,919,0,68,5.872403290350888,5.34737346511156,-0.7047742010117852,12.629325157486019,30024.8152480706,3,2,10,8,7,34,20,26,89,2,1,35,0.8,0.25,uniform,95,1
911,27633.03930912325,24844.270421998805,5907,3.368779158626479e-05,20074,5387,59982,0.8824760475368438,0.36861317475033945,0.9999596719251742,24796.12131614942,1.1234459179098906,0.2137658450784225,0.8990784598130067,8193,0.9993658271644617,4.530641104039082e-05,0.9994153438725719,1709.9070659542379,306,919,0,68,5.340247118518054,5.551083811169511,-0.7262818187025459,12.343894567092658,27633.039309039832,3,3,10,9,8,34,21,18,89,1,1,35,0.8,0.25,uniform,96,1
903,42660.460519267705,40150.513091370805,5994,2.2166271952596565e-05,30373,6766,94953,0.9170705337463209,0.368107271164828,0.9999750788704488,40126.09209098825,1.0658448260412052,0.14050481234943057,0.9411645491552236,8193,0.9992367223626127,2.6562056991500397e-05,0.9992910515947775,1410.0398231163263,306,919,0,68,8.777159494528085,4.340148347922417,-0.6714474864367961,14.460202815324095,42660.46051905644,2,1,10,13,8,34,28,23,89,2,2,35,0.8,0.25,uniform,97,2
907,27027.39457071061,23857.433931332074,6533,3.422450084602874e-05,19797,5629,58086,0.8691808459834721,0.36895742133156334,0.9999579674454717,23790.583151510913,1.149082457695334,0.24171771285271293,0.8827130513418485,12289,0.9994920328318216,4.829887106055097e-05,0.9996320636162178,2717.3611107633237,306,919,0,68,4.920993270485549,5.666531295510243,-1.0387409237066279,12.66500641340905,27027.39457066152,0,4,10,7,6,34,18,20,89,1,2,35,0.8,0.25,uniform,98,2
884,25773.76653784358,22808.74345607973,6183,3.5694162292544516e-05,18864,5308,55467,0.8688774145613851,0.368988307488181,0.9999560306360559,22742.608158433974,1.146026868506691,0.23989508832252013,0.8849596516128012,12289,0.9994143306103442,5.0390072471185124e-05,0.9994354331453779,1770.7693638390822,306,919,0,68,5.00947291326005,7.038940680773615,-0.8216959866882044,13.691805567410073,25773.766537771284,2,2,10,5,6,34,23,26,89,2,2,35,0.8,0.25,uniform,99,2
893,26860.306599589123,24164.240045589424,5535,3.517287903365633e-05,19496,5242,58326,0.8896821523541221,0.3684664809168844,0.9999585529435105,24126.665703825918,1.1217449647372235,0.2060661511616799,0.8996263671077775,8193,0.9993152109831762,4.64930269204926e-05,0.999386588248009,1629.7262964287524,306,919,0,68,5.244549948046785,7.6096656159433085,-0.7711962108560941,14.396607985702282,26860.306599501357,2,2,10,7,10,34,19,19,89,2,1,35,0.8,0.25,uniform,100,1
885,47998.876707944335,44974.10665842865,7689,1.903887938158414e-05,34274,7740,106567,0.9009556047587628,0.3683507710509071,0.9999777375714185,44918.22916280803,1.0723651112272545,0.1601912487824405,0.9369824825709921,12289,0.9996270659500459,2.3873451702359595e-05,0.9996515474219387,2869.3309406801145,306,919,0,68,9.898195801039536,5.84886194778074,-0.9490079746960821,17.645073698212443,47998.87670763011,3,3,10,11,5,34,31,20,89,1,1,35,0.8,0.25,uniform,101,3
914,30165.040894726262,27315.9071741786,6159,3.061652105065024e-05,21855,5693,65733,0.8857270495971415,0.36862075285879065,0.9999633207437937,27262.866363346217,1.1145638423649948,0.20417674955238582,0.9055484880497617,12289,0.9994930707969518,4.088137273260786e-05,0.9995140136561933,2057.1709470484043,306,919,0,68,5.836413691931431,6.6861490838539925,-0.7642517117107176,14.05106619920686,30165.04089464462,2,2,10,7,10,34,23,24,89,2,2,35,0.8,0.25,uniform,102,2
913,48535.89407936164,45215.452738207154,7904,1.9126753754910605e-05,34727,8087,107420,0.9034840865154197,0.36828707286354695,0.9999778598887842,45166.39144924862,1.078651638760274,0.16284855054026762,0.9315879226263929,12289,0.9995796214926916,2.3881467245652956e-05,0.9996216283768865,2642.4042956198796,306,919,0,68,9.59877233164524,4.955274941762146,-1.033405998926804,16.620859271260993,48535.89407906138,0,2,10,11,8,34,28,14,89,2,2,35,0.8,0.25,uniform,103,2
909,45893.65151071312,43223.62567040792,6102,2.0836330888769355e-05,32658,7252,102190,0.9238747754125765,0.3680501211663393,0.9999768537530718,43203.0484221737,1.064760615028349,0.13295956628283517,0.9418214556389803,8193,0.9993710905027894,2.4645212115063228e-05,0.9993713149443164,1590.1215011986249,306,919,0,68,9.406122032595409,8.596727402777159,-0.6914910610149503,19.38583155740247,45893.65151045909,3,2,10,12,10,34,29,25,89,2,1,35,0.8,0.25,uniform,104,2
891,30866.325659155755,28548.781331595077,5282,3.035459430046062e-05,22147,5336,68045,0.9016369167252338,0.3682800129497094,0.9999649354770098,28518.353662363694,1.0869860959682982,0.17112500069904568,0.9249167408796118,8193,0.999238720180771,3.811464895224237e-05,0.9993352011175103,1503.7142661445105,306,919,0,68,6.24406307150906,4.246980946734268,-0.6844050898979099,11.859854198039148,30866.32565906805,3,2,10,9,4,34,24,15,89,1,2,35,0.8,0.25,uniform,105,1
900,32064.744529286494,29038.5912092798,6659,2.8756264049268663e-05,23231,6054,69875,0.8826163504765495,0.3686245824346505,0.9999654957398887,28981.428511863345,1.11451758289002,0.20767357101248599,0.9056236572462711,12289,0.9994650491376667,3.8455604578995344e-05,0.9995291868470035,2123.4848019519472,306,919,0,68,6.28670609359855,5.238156974234094,-0.8387926906647595,13.202448449162164,32064.744529184893,2,1,10,6,6,34,17,22,89,1,2,35,0.8,0.25,uniform,106,1
886,26135.1591750323,23477.260771947003,5589,3.5847836643099036e-05,18988,5125,56705,0.8833577728320455,0.36856574928581104,0.9999573288432007,23434.533752438634,1.1242299568629253,0.21384985500066667,0.898301809249187,8193,0.9992774004229893,4.7972192767899185e-05,0.9994687484002555,1881.8472286118088,306,919,0,68,5.064476730194035,4.285505066173129,-0.8351077336815579,11.02019726373028,26135.159174968878,1,1,10,7,5,34,20,19,89,2,2,35,0.8,0.25,uniform,107,1
916,22351.79426087609,19570.538002302736,5753,4.020752606146871e-05,16466,4713,47824,0.8584247064606246,0.369644277586153,0.9999486741172768,19482.84732349702,1.1642258444859575,0.2573842588588013,0.8755689934278976,12289,0.9995050376602171,5.975491915761379e-05,0.9995387578692503,2167.5586303809396,306,919,0,68,4.110688996258743,5.109896606153438,-0.7696154275005286,10.759816457413237,22351.79426081746,1,3,10,4,5,34,22,18,89,2,2,35,0.8,0.25,uniform,108,1
915,33070.777665087895,30188.370809031698,6145,2.8548342231877323e-05,23856,6073,72384,0.8979370599305565,0.3683236667150391,0.9999668354741891,30152.20007505821,1.1029727366360433,0.1858135923573138,0.9128412737902111,8193,0.9994332925665808,3.6579567792984975e-05,0.9994409636520951,1788.2924062486725,306,919,0,68,6.473218707383099,8.40690676417803,-0.7553665745719219,16.39085862070497,33070.777664944224,4,2,10,6,11,34,24,21,89,2,1,35,0.8,0.25,uniform,109,2
900,41927.49729000487,39464.008462924234,6046,2.2357393216672706e-05,29855,6641,93325,0.9132800225527247,0.36814792984886174,0.9999746427101922,39435.89117296787,1.065983802595184,0.14420130918334853,0.9412440764102582,8193,0.9994438880826588,2.703046021299007e-05,0.9994449959924158,1801.2887450514975,306,919,0,68,8.646597652793028,4.6062096167890285,-0.6706239671587314,14.59405520389952,41927.497289782914,4,3,10,11,8,34,28,20,89,2,2,35,0.8,0.25,uniform,110,2
906,21207.03324066454,18422.976162176015,5698,4.2926629560720384e-05,15659,4627,45185,0.8543778532011788,0.369513061987411,0.9999454924321404,18345.576316001647,1.173986536845204,0.26868444705759553,0.8687201058774177,8193,0.9994436233131417,6.399115082354536e-05,0.9995393721343406,2170.4498205953464,306,919,0,68,3.8455041315040495,5.3927702858967805,-0.8359601600261363,10.910194737453104,21207.033240631743,1,2,10,5,7,34,16,22,89,2,2,35,0.8,0.25,uniform,111,1
873,36603.20358819115,32754.4285407212,8583,2.4610817694772156e-05,26696,7179,79242,0.8655894824668281,0.3691353086834723,0.999969371179582,32648.488314702096,1.1326183555071452,0.23448767207821747,0.8948514154451871,12289,0.999603443720089,3.469076421310993e-05,0.9996531083720164,2882.2446651945356,306,919,0,68,7.336316173758874,6.885271119180606,-1.049297477565526,16.32018224807053,36603.20358803101,3,3,10,8,6,34,19,16,89,2,2,35,0.8,0.25,uniform,112,2
908,29463.20644782799,27050.68638698525,5289,3.2059812048114474e-05,21198,5282,64691,0.8997680924878633,0.3682476783228738,0.9999629961502938,27023.715259393342,1.0955592720634602,0.17951203000819016,0.9181175319422645,8193,0.9995728028874111,4.053991064782676e-05,0.9996045488314818,2528.257193239854,306,919,0,68,5.806684202148326,4.400003814427521,-0.6830088480149392,11.572705712605725,29463.206447741224,3,1,10,10,9,34,22,21,89,2,1,35,0.8,0.25,uniform,113,1
907,31282.852693831035,28392.049059941677,6309,2.9745234645897954e-05,22634,5872,68253,0.8869993757463719,0.3685073517074389,0.9999647205335743,28344.59988984745,1.1111243157513215,0.20167598082396532,0.907591431568534,12289,0.9993171711452044,3.919987299226215e-05,0.9994195693989701,1722.358805415456,306,919,0,68,6.155847938012175,5.00313613405783,-0.7422452689820764,12.643474610034158,31282.85269371893,3,2,10,9,7,34,21,20,89,2,1,35,0.8,0.25,uniform,114,2
908,22725.279915946794,19664.692205075098,6015,4.085900096862618e-05,16785,5062,48323,0.8612690511693106,0.3692386810280562,0.9999489693422275,19595.56329673367,1.177495289997836,0.2646832084026015,0.8653223316856036,8193,0.9993648694575503,6.008835917265143e-05,0.9994319862861429,1760.0208267161195,306,919,0,68,4.160198932029434,10.879750828890963,-0.845369331381173,16.730688423682743,22725.27991588416,1,3,10,6,12,34,19,27,89,2,2,35,0.8,0.25,uniform,115,1
903,33057.42390505341,29549.46592972636,7468,2.7651332215122423e-05,24102,6538,71528,0.8743507808060218,0.36896398673986525,0.9999660643149803,29467.00594019547,1.132893555425071,0.22590992030865373,0.8938828994841671,12289,0.9995839421131166,3.8445518857993905e-05,0.9996752743783179,3079.022909314603,306,919,0,68,6.2449292262151905,9.675818734397856,-1.0767593463107252,18.074266653234496,33057.42390495451,1,3,10,8,6,34,23,19,89,1,2,35,0.8,0.25,uniform,116,1
910,47673.8933084727,44903.153149592916,6566,1.9865575937088267e-05,33929,7529,106157,0.9190805759918462,0.36808840226797895,0.9999777173907357,44877.54763337149,1.064899899382628,0.1377273711948564,0.9418813953173116,12289,0.9994456240430045,2.3728748363644244e-05,0.9994471962810958,1808.4602879467113,306,919,0,72,9.733360628506043,4.461972489500846,-0.7444181205500368,15.684169359106964,47673.893308205166,4,1,10,9,8,34,26,21,89,2,2,35,0.8,0.25,uniform,117,3
913,32680.314862576564,29206.99278883162,7603,2.786755590579207e-05,23832,6473,70703,0.8686144559620921,0.3689883355845842,0.999965663501066,29123.028342917543,1.1333137436978211,0.23264769730558735,0.8937182188008117,12289,0.9995114432028194,3.89140261525073e-05,0.9995715018062635,2333.232088753765,306,919,0,68,6.2129634270077965,7.950900173188841,-0.9459226326743387,16.055708865545316,32680.314862448948,3,3,10,6,9,34,18,24,89,1,2,35,0.8,0.25,uniform,118,1
895,34859.09484012026,32416.618726400447,5653,2.6955773950251837e-05,24951,5876,77076,0.9059840254862549,0.36821472466472727,0.9999691242548536,32387.382306314747,1.0802853250483395,0.16216714822709083,0.9299328876747338,8193,0.9992673485412122,3.335461438165589e-05,0.9992682510465744,1366.0888426363117,306,919,0,68,7.135064908606249,5.443700313716186,-0.6546769550718662,13.888119132466167,34859.094839959565,4,2,10,14,10,34,24,28,89,2,2,35,0.8,0.25,uniform,119,1
905,33613.78437153742,31079.795785143786,5755,2.772225708230163e-05,24124,5809,74088,0.9014763353958961,0.36830334648715213,0.9999677886113162,31044.420469886558,1.0875448079677663,0.1712095233428422,0.9246145998205636,8193,0.9995478752969618,3.503132852078978e-05,0.999559034324203,2267.25016442,306,919,0,68,6.645791934156748,4.731828057113094,-0.7826687004045232,12.942957392078888,33613.78437138975,0,3,10,8,5,34,25,20,89,1,2,35,0.8,0.25,uniform,120,1
910,28527.0856154264,25563.065926550476,6298,3.2607964869694634e-05,20755,5637,61811,0.8784818882327371,0.36867402864668397,0.9999607995535609,25509.4135522566,1.128005060281124,0.22077263990101648,0.8960980547107451,8193,0.9993355020156509,4.4218301948552766e-05,0.9994102867169672,1695.2392681888537,306,919,0,68,5.499609921659905,5.977292372193241,-0.7700792245666453,13.017060742986438,28527.085615330805,2,2,10,7,9,34,22,28,89,2,1,35,0.8,0.25,uniform,121,4
902,27702.187488810883,25085.154533039225,5649,3.3149454064033826e-05,20080,5211,60364,0.8854642346126973,0.36873161681035216,0.999960048667629,25029.95431828497,1.115238454439539,0.20391891442802748,0.9055297363492072,8193,0.9995604217198121,4.4555262166367245e-05,0.9996120247516913,2576.983980777519,306,919,0,68,5.346815054472602,4.286050292929423,-0.7955768499018245,11.224019047205672,27702.18748872866,1,0,10,7,4,34,17,18,89,2,2,35,0.8,0.25,uniform,122,1
913,46734.566466166405,43348.02513321784,7790,2.006680823408577e-05,33490,7974,103187,0.9036800822480869,0.36824516689646114,0.9999769083013171,43305.105780211845,1.083500117094066,0.16668604395077866,0.9275366909544296,12289,0.9994181604365545,2.5019858226943524e-05,0.9994723252397822,1894.6067062177053,306,919,0,68,9.377028411091585,5.6519391438926725,-0.8605546044435824,16.750076763871423,46734.56646591803,4,2,10,13,6,34,31,22,89,2,1,35,0.8,0.25,uniform,123,1
916,30725.99283345601,26992.11524717217,7961,2.9234575951426398e-05,22601,6421,65858,0.855304716728993,0.3695631059391287,0.9999627927638998,26875.992443316514,1.1593024209448255,0.25909659105731686,0.8784782120297117,12289,0.9995856070349821,4.31344388876347e-05,0.9996226305195076,2649.422794036416,306,919,0,68,5.688420297193506,7.90121021609637,-1.0203117624874807,15.630254038264837,30725.992833338918,1,4,10,9,8,34,25,18,89,2,2,35,0.8,0.25,uniform,124,1
910,36792.01584256004,33910.67347332503,6587,2.510740561653672e-05,26452,6435,80951,0.8961822153823711,0.36842883110181956,0.9999704684496968,33861.58951651961,1.0920243002891594,0.1790334084489149,0.9216856618684658,12289,0.9995334047731947,3.2249170556070354e-05,0.9995452925347753,2198.716109794968,306,919,0,68,7.3549584746134276,4.91299170103123,-0.7311988533849221,13.7303478824145,36792.015842392495,4,2,10,11,5,34,24,21,89,2,2,35,0.8,0.25,uniform,125,1
914,24868.427312956606,21926.805714479524,6015,3.729856491126253e-05,18222,5205,53414,0.8698935008492878,0.3689430090907059,0.9999542682752441,21866.15832448361,1.1504687738615968,0.24187295498441702,0.8817126004206756,8193,0.999361807702567,5.2612921306785376e-05,0.9994543663792596,1832.2315934573726,306,919,0,68,4.622276196463738,6.657457951663338,-0.8193927997892616,12.918519747705599,24868.42731287621,0,0,10,5,10,34,19,16,89,2,2,35,0.8,0.25,uniform,126,3
918,24692.915605852322,22086.843856919808,5487,3.7587523928911674e-05,17980,4906,53450,0.8781865270518032,0.3687046483847822,0.9999546263172127,22038.70727606018,1.13052079406324,0.22220948257319434,0.8944607517989952,8193,0.9993299955113323,5.1295891894322377e-05,0.9993619970741178,1566.8908778486089,306,919,0,68,4.7008808615710445,4.639981080189049,-0.6788393139807262,10.698540569721544,24692.915605782626,2,1,10,8,9,34,25,18,89,2,1,35,0.8,0.25,uniform,127,1
912,26462.937725338776,23223.234587299536,6731,3.411357436601912e-05,19470,5553,56690,0.8600316105916412,0.3695353032622713,0.9999567584671875,23125.41471211903,1.160465272620464,0.25435573593006405,0.8775758318420875,12289,0.9995881223321423,5.018029716387757e-05,0.9996122754824733,2578.650768822013,306,919,0,68,4.881394494933753,6.207668949305596,-0.9218813220103171,12.932826088259983,26462.937725264957,0,2,10,7,6,34,22,18,89,1,2,35,0.8,0.25,uniform,128,1
906,25219.63069772782,22882.96638099795,5060,3.696442649460368e-05,18248,4740,55017,0.8881506559589885,0.36848878534018326,0.999956228727407,22845.53441023976,1.1113668551186888,0.20063735510829206,0.9073474015247815,8193,0.9993529869582979,4.8645941566445816e-05,0.9993989594265417,1663.2811389884912,306,919,0,68,4.87925443674326,4.75428755292795,-0.6879929578858236,11.009527905442857,25219.63069766975,1,2,10,6,9,34,19,26,89,2,2,35,0.8,0.25,uniform,129,1
904,36463.60666527172,33500.42144764342,6669,2.5577284294781157e-05,26242,6496,80089,0.8955533456670127,0.3683602345610996,0.9999701114215371,33457.09655876402,1.0954656140535841,0.18289468897632713,0.9187358166505656,12289,0.9993927295633878,3.274190995912333e-05,0.9994560065831628,1837.7574942663853,306,919,0,68,7.285184526904475,5.103351522195908,-0.7819850892733554,13.952506227647094,36463.60666512379,5,2,10,11,9,34,26,23,89,2,1,35,0.8,0.25,uniform,130,1
911,48294.545941512675,45250.30470732282,7067,1.959799500976778e-05,34449,7840,107228,0.9151262570918341,0.36812011770262654,0.9999778863145226,45220.36564807579,1.0710572679670811,0.14633122358285597,0.9369651132474339,12289,0.99935502071641,2.3685023552332306e-05,0.9994663088516126,1873.2428553569068,306,919,0,68,9.702119666839838,4.5821873039205645,-0.9004151171793278,16.085137205119057,48294.5459412073,2,3,10,7,7,34,26,18,89,2,2,35,0.8,0.25,uniform,131,2
912,33196.511051630325,30344.1061648623,6436,2.794908109878245e-05,23948,6044,72710,0.8890350386531347,0.3684560688712501,0.9999669941122751,30297.124722090997,1.1021697611586625,0.19387579586270767,0.9140751604187651,12289,0.9994922540704552,3.6378091390666976e-05,0.9994924532556754,1969.7618324509929,306,919,0,68,6.526673368781193,3.9394262643806037,-0.7532632653187238,11.972626163799244,33196.51105149562,4,1,10,7,4,34,24,10,89,2,2,35,0.8,0.25,uniform,132,3
914,27598.930505595432,24815.111202764296,5928,3.372024292340277e-05,20049,5381,59910,0.8815537715092638,0.3686135355367927,0.9999596242113725,24766.81808486806,1.1233860406465688,0.21479093180071424,0.8991330732085164,8193,0.9993519957891092,4.5357597324293116e-05,0.9993953808443402,1653.4336542121998,306,919,0,68,5.292250654994319,4.611608115146411,-0.7469026284911406,11.39766402712301,27598.93050552855,3,1,10,8,7,34,21,18,89,2,1,35,0.8,0.25,uniform,133,1
892,21481.566374279188,19025.469172068966,5060,4.322704120179286e-05,15708,4427,46251,0.8727187443100176,0.36882637123121875,0.9999473078451354,18977.65722925968,1.1440028913176377,0.23555079326331424,0.8856648924283747,8193,0.999385971009237,6.0279977514944095e-05,0.9993860997204397,1628.4290001634051,306,919,0,68,4.145694700280275,7.475132550914942,-0.6708000024608223,12.962427256116863,21481.566374225295,0,3,10,8,12,34,20,28,89,1,2,35,0.8,0.25,uniform,134,1
917,56680.248674472285,53339.28656948523,8151,1.648021188383561e-05,40369,8975,126148,0.9135541924923942,0.3681739138687666,0.9999812376071184,53297.60575244671,1.0663723324963092,0.14380670852051247,0.9410559730572996,12289,0.9996399556367278,2.0007696660875516e-05,0.9996458154108121,2822.8865054296293,306,919,0,70,11.489867852672724,5.011154700830484,-0.872236547342342,18.24549564818789,56680.24867406907,4,3,10,12,6,34,27,14,89,1,1,35,0.8,0.25,uniform,135,1
913,34151.35154900404,31390.861219088885,6212,2.7310409510759573e-05,24572,6070,75030,0.8961001864642217,0.3683614267761111,0.9999681034577536,31350.860664388296,1.0948589063768808,0.1818961686212141,0.9191689287624795,8193,0.9993863407599772,3.492221336117872e-05,0.9995149849954619,2061.291843623968,306,919,0,68,6.6624764562236685,5.834571052813081,-0.8186520320253752,14.134351573087502,34151.35154885689,3,2,10,9,10,34,25,25,89,2,2,35,0.8,0.25,uniform,136,2
918,30279.07222225954,26496.27580538324,7704,3.032371596258404e-05,22274,6474,64770,0.8628792051385828,0.369227793270588,0.9999621277238404,26404.039184985435,1.1623168025121413,0.2544331590958205,0.875068945669498,12289,0.9995445470807001,4.401958292968137e-05,0.9995788509981497,2373.9565007227197,306,919,0,70,5.6294561312880615,5.5165976682553834,-0.9672916295303278,13.0806370586041,30279.072222156406,3,0,10,6,5,34,17,18,89,2,1,35,0.8,0.25,uniform,137,1
914,29452.13654862565,26732.947925345736,5941,3.1560494020470415e-05,21310,5524,64262,0.8868374484271384,0.3685181597013598,0.9999625303846179,26687.79102422454,1.111055538981632,0.20171711448476323,0.90767431697899,8193,0.9993079516556409,4.163082371391118e-05,0.9993828615315549,1619.8818419735796,306,919,0,68,5.744380120104307,4.186654687317019,-0.7002887088965449,11.331612225214416,29452.136548533894,3,2,10,10,6,34,23,15,89,2,2,35,0.8,0.25,uniform,138,1
872,23079.063812648033,19163.091976686806,7592,3.8544786682723096e-05,17435,5641,48004,0.8260836813745736,0.37157694573623695,0.9999473357780987,18987.723193400667,1.2529991051517158,0.3289561509786784,0.8303236271735097,12289,0.9995945945017641,6.598822291616099e-05,0.9996287451992842,2693.067831538011,306,919,0,70,4.210961410658006,9.03155729310697,-1.0824018491141358,15.407322401993248,23079.063812606542,1,2,10,6,7,34,17,22,89,2,2,35,0.8,0.25,uniform,139,1
910,47530.36277215094,44082.517119759366,7917,1.975815503016376e-05,34060,8115,104940,0.903908907555088,0.36824238822594524,0.9999772936016885,44039.95001939045,1.0835400130118888,0.1665672117410966,0.9274601443940221,12289,0.9995831165749317,2.4603291121833635e-05,0.9995847737780338,2407.8257095228673,306,919,0,68,9.454237982733261,3.7959041279094845,-0.9919955935027805,15.234133297648306,47530.36277187399,2,0,10,10,3,34,27,17,89,2,1,35,0.8,0.25,uniform,140,1
914,35844.18997319153,32614.45926969653,7114,2.591731274903126e-05,25908,6654,78313,0.8880621587450648,0.3684996268342405,0.9999692889483395,32561.068095264665,1.1079464533523065,0.19847010088164022,0.9098952799348912,12289,0.9994200690025525,3.402620076619338e-05,0.9994964402199411,1985.3614974108668,306,919,0,68,7.011619243364747,4.258980493130416,-0.8317483656202665,12.934096467735696,35844.18997306151,4,2,10,7,3,34,18,20,89,2,1,35,0.8,0.25,uniform,141,1
903,35274.34642529402,31742.771514848107,7725,2.6093667857637604e-05,25631,6833,76603,0.8767749218834495,0.36874504085544924,0.9999684258208378,31670.948837330085,1.1231254331668366,0.21899767913093549,0.8998826266582919,12289,0.9994806627295143,3.5461763648675475e-05,0.9995050456405645,2019.8882651332226,306,919,0,68,6.903279072605423,9.118354148142206,-0.9094222397224009,17.840477700192434,35274.346425160125,2,1,10,5,9,34,17,27,89,2,2,35,0.8,0.25,uniform,142,1
913,22212.64764965999,19627.89025870852,5270,4.1832916647547473e-05,16258,4614,47766,0.8726465683252225,0.3688571200730533,0.9999489215292315,19577.220020545723,1.1471599190482107,0.23725222148745823,0.8836357812126447,8193,0.9994811392103976,5.859517439190447e-05,0.9994920348662436,1968.1390109044924,306,919,0,68,4.131421465895947,4.422211479533572,-0.73443782207514,10.0225085895798,22212.647649588012,0,1,10,7,8,34,22,20,89,2,2,35,0.8,0.25,uniform,143,2
910,44207.58029387918,40873.37083689414,7391,2.1357692710533048e-05,31716,7662,97438,0.9057737568740968,0.36822186538525314,0.9999755117121567,40835.34799187479,1.087108976005303,0.16718852176180587,0.9245783317064588,12289,0.9995098235924167,2.6621437521649042e-05,0.9995939371232327,2462.1727619570024,306,919,0,68,8.73821287389118,6.812846091063183,-0.977738838991454,17.506536642937274,44207.58029361599,4,3,10,9,9,34,24,19,89,1,2,35,0.8,0.25,uniform,144,2
908,36538.85951834734,33648.71150045868,6564,2.5344929116078403e-05,26277,6422,80357,0.8963776978684654,0.368407812479769,0.9999702399464976,33601.59012544488,1.0929210885490546,0.17964435908854803,0.9209020736830218,12289,0.9995004837908781,3.2525390069223156e-05,0.9995284733450445,2120.270842873807,306,919,0,68,7.2747669009979665,5.766207742314646,-0.7734400413343615,14.587854725981336,36538.85951818877,3,3,10,8,12,34,20,26,89,1,1,35,0.8,0.25,uniform,145,1
914,43962.489686243905,40579.99888802353,7774,2.116752785992182e-05,31577,7662,96808,0.8976123426713202,0.3683448849930736,0.9999753273522157,40530.21274282349,1.0897373791232985,0.1768325692080293,0.9230596169061196,12289,0.9994802790431325,2.688670653239378e-05,0.9995085643291144,2034.3542833026665,306,919,0,68,8.77597941747735,5.450673285987227,-0.8438213890849388,15.914295481634454,43962.48968598966,5,1,10,12,8,34,23,22,89,2,1,35,0.8,0.25,uniform,146,2
901,21122.051770991675,18552.219829038044,5243,4.368065179485896e-05,15507,4469,45273,0.8663413875704854,0.3690669495903106,0.9999459324078686,18494.86774867361,1.1563511312875399,0.2482239915347884,0.8783341708553639,8193,0.9993572821014484,6.252112132706415e-05,0.999398485872269,1661.9712932536472,306,919,0,68,3.9683565559615834,5.310957181553093,-0.7202231934113826,10.719760124337443,21122.051770925213,2,2,10,4,5,34,16,22,89,1,2,35,0.8,0.25,uniform,147,1
909,51378.457045042844,48348.93690390645,7160,1.84321623017585e-05,36581,8154,114349,0.9182760361490814,0.3681027821543602,0.9999793048962282,48320.108149243744,1.0659761621510226,0.13935801913480816,0.9410352058941658,12289,0.999372897770048,2.2060487294231976e-05,0.9994608556273068,1854.290713617373,306,919,0,68,10.485910927644404,4.637031850220505,-0.8184800612890908,16.75990290044309,51378.457044702736,2,2,10,11,7,34,28,22,89,1,1,35,0.8,0.25,uniform,148,1
913,20655.433153254995,18151.01723892736,5116,4.444694850370276e-05,15167,4351,44284,0.8661342799336053,0.36916342727700197,0.999944725856083,18091.141568366776,1.1562751500774568,0.24768301695933173,0.8787526799488601,8193,0.9993749356028812,6.391211905340748e-05,0.999472959477867,1896.8872688176934,306,919,0,68,3.8091451333479465,6.944452095666358,-0.7155937830161949,12.184784795046694,20655.433153202306,1,5,10,4,10,34,18,22,89,1,2,35,0.8,0.25,uniform,149,1
904,49771.136554854005,46760.62231493504,6923,1.9142932362229374e-05,35457,7969,110673,0.9199628299746982,0.3680824623020072,0.9999786029456967,46734.90506037623,1.0677097134886624,0.13909668292123467,0.9395128492474548,12289,0.9994483785645017,2.284584271969904e-05,0.9994526355219657,1826.4361917987424,306,919,0,72,10.121620055441774,12.046673908643067,-0.8896933415944696,23.947680647273778,49771.13655460382,2,2,10,9,10,34,27,23,89,2,2,35,0.8,0.25,uniform,150,1
908,31298.366166055748,28491.037884249225,6000,3.0113182622415875e-05,22606,5818,68400,0.8945187056934601,0.3683736488905322,0.999964855745921,28453.653491166773,1.1066159743091777,0.19170329748736933,0.9103043185413564,8193,0.9994834216938563,3.889119296914854e-05,0.9994951425236868,1980.2569971175437,306,919,0,68,6.074128263794355,5.502188257493423,-0.8197849886167817,13.215886498521343,31298.36616594656,1,0,10,9,6,34,26,22,89,2,1,35,0.8,0.25,uniform,151,1
892,38302.96601634035,35533.9634418015,6157,2.4728833146052956e-05,27438,6535,84581,0.9093215914934211,0.3681826703758061,0.9999718351912151,35504.800517825766,1.0828925913654939,0.1607447318145904,0.9277078810722497,8193,0.9994697817452185,3.0499462770352624e-05,0.999596706877918,2479.086017438218,306,919,0,68,7.676128766124921,6.001963075362914,-0.9119802061113725,15.502052253710579,38302.966016173865,2,3,10,8,9,34,17,18,89,1,1,35,0.8,0.25,uniform,152,3
874,25200.837756707828,22384.587523596245,5838,3.676482180277556e-05,18407,5134,54344,0.8741653890612554,0.3688254253019864,0.9999552160091133,22328.907898523674,1.1401898694506873,0.23165896532332825,0.8882477534953389,8193,0.9993579955720158,5.106225272271845e-05,0.9994584905441923,1846.1897758338016,306,919,0,68,4.9362966606297904,5.109275863461653,-0.8304854347012254,11.706543393493895,25200.83775659654,2,1,10,5,6,34,21,20,89,2,2,35,0.8,0.25,uniform,153,1
911,24876.71172661163,22071.627812637278,5934,3.666340905768445e-05,18197,5056,53610,0.8679147114656623,0.369080462240336,0.9999545521585989,22002.745236695184,1.1432685603694914,0.23853634938624782,0.887240566807966,8193,0.9994373682528203,5.1959088210603334e-05,0.9995215555380392,2089.6067112815117,306,919,0,68,4.681559933077212,5.096736152174902,-0.7798476907518017,11.337991466755717,24876.711726541158,3,2,10,6,4,34,23,20,89,1,2,35,0.8,0.25,uniform,154,2
910,19874.892081523576,16978.206562457803,5713,4.6063888895244265e-05,14778,4576,41970,0.848148784411589,0.3697784441226289,0.9999408141749049,16895.437466461404,1.199018975006358,0.2874481016835816,0.8542540252704749,8193,0.9994205703869913,7.096492734045012e-05,0.9995119693588658,2048.551628855178,306,919,0,68,3.5340236832502407,4.2347873815963295,-0.8340844665277465,9.436979997902064,19874.89208148984,1,2,10,4,6,34,14,20,89,2,2,35,0.8,0.25,uniform,155,1
907,31036.770048588543,28180.333132408876,6153,3.011596834045518e-05,22449,5820,67732,0.8899621467222238,0.3684667174875053,0.9999644591494498,28136.136698693997,1.1103731108729973,0.19824872209213082,0.9079660379701924,8193,0.999475015410587,3.94636047886417e-05,0.9994857430531962,1944.0531736052721,306,919,0,68,6.057289457049046,5.027443697767828,-0.7865407631223787,12.657814681061632,31036.77004847741,3,1,10,10,5,34,28,18,89,2,2,35,0.8,0.25,uniform,156,1
913,24799.978185503103,21915.43226129175,6045,3.685791620461629e-05,18171,5119,53329,0.8659966479560062,0.36912379683687163,0.9999542235086706,21844.77408684786,1.148733528709693,0.24375021440678613,0.8836875620359407,12289,0.9994349397132474,5.258499041698239e-05,0.9994796663110457,1921.34361431891,306,919,0,68,4.674343362354552,4.812823129494821,-0.7582915084948523,11.003749508839077,24799.97818542753,2,0,10,9,8,34,18,22,89,2,2,35,0.8,0.25,uniform,157,1
915,20971.912474994664,18265.51343504276,5432,4.408036330651267e-05,15451,4569,44749,0.8621447160789593,0.36917770718568316,0.9999450677057126,18203.727817538303,1.1683526520648884,0.2590130969923086,0.8709512523867907,8193,0.9994391225228456,6.418029171497566e-05,0.9994398532676794,1784.74646515877,306,919,0,68,3.855009201930455,6.195715935169188,-0.7290153827582739,11.50875590261619,20971.912474950936,1,2,10,6,8,34,21,20,89,2,2,35,0.8,0.25,uniform,158,2
879,31127.484370104237,28485.054889762,5730,3.022838341236295e-05,22433,5652,68222,0.8976236430297561,0.36833719187930136,0.9999648519498662,28450.580389653034,1.1000065186661638,0.18408169230351498,0.9151094431877667,8193,0.999277773648773,3.8663084265735474e-05,0.9993698479131539,1586.4184404411371,306,919,0,68,6.323898827918297,4.582559432024836,-0.7585777067809283,12.423613673504988,31127.484370003094,1,1,10,8,5,34,23,23,89,2,1,35,0.8,0.25,uniform,159,1
903,29222.437446337353,26285.069820036435,6397,3.138881816979698e-05,21241,5658,63445,0.876833446628205,0.3687982579408077,0.9999618654068396,26222.409883245768,1.1239900602369846,0.21890713297777217,0.8994824565303645,12289,0.9995183443713398,4.286290366340352e-05,0.9995222635297142,2092.704189284185,306,919,0,68,5.657582248816341,7.291472658300462,-0.8147184037281407,14.578491714573085,29222.43744623834,2,1,10,10,7,34,19,18,89,2,2,35,0.8,0.25,uniform,160,1
916,21665.34797173635,19072.006735104314,5158,4.340733246268734e-05,15873,4580,46496,0.8749794957665636,0.36877011937576787,0.9999474456768889,19027.43035037727,1.1514678614223977,0.23807602844546494,0.8803000422603323,8193,0.999325238146465,6.051461404137241e-05,0.9993755227405128,1600.8392838569127,306,919,0,68,4.008819718257639,10.40202819229082,-0.7216056030717993,15.854059116692056,21665.347971688825,1,4,10,6,13,34,16,29,89,1,2,35,0.8,0.25,uniform,161,2
907,32143.49107388023,29639.55279159708,5481,2.9452025390427166e-05,23085,5645,70744,0.9048040835695959,0.36823158963886654,0.9999662302674764,29611.81627189643,1.0902811749542838,0.17051663701998615,0.9221012342272353,8193,0.9994205025827734,3.681850365381088e-05,0.9994452247751718,1802.0317815060348,306,919,0,68,6.399198200034022,9.432722585725841,-0.6886719375016349,17.209264660763132,32143.491073724206,4,5,10,8,12,34,22,25,89,1,1,35,0.8,0.25,uniform,162,1
905,29242.392203726737,26072.499481242878,6679,3.172627797551736e-05,21323,5883,63188,0.8748115001843016,0.36876505519793024,0.999961557038634,26012.0641819285,1.134934729087975,0.2284012865113275,0.8915994047135488,12289,0.9994638524145406,4.363025194354368e-05,0.9995612054719794,2278.4709535857546,306,919,0,68,5.535106703904845,3.9662811038092753,-0.927300412920805,11.35598863355573,29242.392203636067,1,1,10,9,2,34,23,16,89,2,1,35,0.8,0.25,uniform,163,1
908,30691.87998099416,27810.968977809876,6313,3.0252054848782286e-05,22225,5798,66905,0.8844289136299119,0.3685514796873391,0.9999639792871242,27761.3048077043,1.1133714512254234,0.20568958317018388,0.9061344236661855,12289,0.9993381824164236,4.010443336871834e-05,0.9994540479400561,1831.1626101884056,306,919,0,68,5.974283078402647,6.657787172359576,-0.7860429085791498,14.204156067920522,30691.879980897356,3,3,10,9,9,34,18,28,89,2,1,35,0.8,0.25,uniform,164,1
897,31273.52343034161,28012.162463091554,6970,2.9485628624187335e-05,22767,6167,67745,0.8763666868341908,0.3687699084088623,0.9999642177696308,27946.332536056598,1.1291793428451247,0.22287223297767905,0.8957149495958016,12289,0.9994484294420811,4.0404555373945916e-05,0.9994993625243903,1996.9533026926422,306,919,0,68,6.11195024977682,5.286499635859363,-0.8609646733532927,13.120379232342767,31273.523430238554,3,1,10,8,7,34,20,19,89,2,2,35,0.8,0.25,uniform,165,1
914,37959.47664815495,34508.326481008764,7542,2.4564502399572486e-05,27444,7081,82895,0.8886693223620531,0.36848561253581125,0.9999709756164537,34453.289460605294,1.1089337336598646,0.19868556328914994,0.9090833048322879,12289,0.9995062520669888,3.218611801364391e-05,0.9995381959896095,2164.92074066944,306,919,0,68,7.385102224405932,5.600873259907816,-0.9211289895971229,14.828233463507994,37959.476647993964,4,1,10,11,3,34,24,20,89,2,1,35,0.8,0.25,uniform,166,1
898,19564.64314546561,17197.366890369205,4856,4.684619787842345e-05,14366,4115,41951,0.865434006521036,0.36916456633004563,0.9999416580634075,17139.829206094768,1.156017748130513,0.24820284039402216,0.8790023289719417,8193,0.9993838692029531,6.744431416167458e-05,0.9993994201126861,1664.5573738083358,306,919,0,68,3.705181016916056,5.839248896064844,-0.6522005299489121,10.848830972878725,19564.64314542371,2,1,10,5,10,34,13,22,89,1,2,35,0.8,0.25,uniform,167,2
901,28807.556153163496,26048.956520236963,5973,3.2177432640358496e-05,20880,5481,62726,0.8841855176255722,0.3685822187540226,0.9999615394841135,26000.191275887657,1.1161668697884242,0.20734143390167709,0.9042404146238695,8193,0.999398163098402,4.292835362755569e-05,0.9994271076826536,1745.0286837737588,306,919,0,68,5.594470640695864,5.178237193883079,-0.8001034221401684,12.372914678859278,28807.556153076323,1,3,10,10,6,34,25,24,89,2,2,35,0.8,0.25,uniform,168,1
901,46868.822823011586,43637.7223288432,7576,1.997977069948446e-05,33532,7848,103699,0.9054300765954333,0.36822413525450703,0.9999770630193316,43597.217346288875,1.078943382948238,0.1616426345634682,0.9310607713283129,12289,0.9994197860919052,2.4747703517171255e-05,0.9994625790901862,1860.2388690395044,306,919,0,68,9.58745702690533,4.7343888682595106,-0.816277228976661,15.954400353118164,46868.82282274837,4,1,10,11,9,34,25,16,89,2,1,35,0.8,0.25,uniform,169,2
911,21326.66910265794,18378.437975450925,5889,4.232793072724437e-05,15822,4736,45244,0.8516025620109534,0.3700448673749357,0.9999452912786356,18278.121302266656,1.1885380113591937,0.2761331350738712,0.8617584812229502,12289,0.9996365684766135,6.502339489452701e-05,0.9996405846814046,2781.796517413687,306,919,0,68,3.867498796555212,7.3971354872651744,-0.8145361326659935,12.893706549152373,21326.66910260259,0,2,10,6,8,34,18,19,89,2,2,35,0.8,0.25,uniform,170,4
908,39288.28867713703,35434.5085035286,8276,2.3622213698098078e-05,28507,7557,85427,0.8830371071208741,0.3686160181614911,0.9999717246908848,35366.045273091484,1.1195158046372442,0.21064801442512407,0.9019102052197286,12289,0.9995191285136791,3.1654655435122835e-05,0.9995621982063623,2283.6386183343307,306,919,0,68,7.684050196356035,6.917497273052771,-0.9697578822670165,16.54106323394284,39288.28867694865,3,1,10,13,8,34,26,20,89,2,1,35,0.8,0.25,uniform,171,1
911,30891.474139566344,26849.74833925413,8274,2.9586813069681062e-05,22800,6746,65838,0.8551417950884767,0.36945482761755943,0.9999626050180135,26741.05586554496,1.1728816178347856,0.267840892364619,0.8691637122251961,12289,0.9995414161003617,4.385988697162814e-05,0.9995594325586068,2269.3000121370114,306,919,0,68,5.790738421114208,14.965556448023904,-0.9911439366164407,22.73858274237099,30891.474139463102,3,1,10,4,10,34,20,25,89,2,1,35,0.8,0.25,uniform,172,1
916,36799.19101657006,33829.68692684089,6898,2.476343434592715e-05,26503,6484,80849,0.889729944957203,0.36858874536896497,0.9999703860042841,33767.31740366763,1.0960445394894411,0.18744977292826753,0.9193051801494209,12289,0.9995749386404044,3.245825829667933e-05,0.9996016258660216,2509.7031017568916,306,919,0,68,7.2507815836377505,3.772973171766531,-0.7839762801977072,12.591707315799695,36799.19101636639,3,2,10,10,2,34,24,13,89,2,2,35,0.8,0.25,uniform,173,1
915,33620.7252852957,30874.105969773384,5993,2.804614277393158e-05,24192,6013,73828,0.9005475672151533,0.36828221444817505,0.9999675755397582,30840.41431148425,1.0955480103895634,0.17825314442639603,0.9183057684741984,8193,0.9993599278846664,3.5522552906044946e-05,0.999379413857687,1610.879790352761,306,919,0,68,6.6138147448934514,6.078340342845211,-0.7349776671655482,14.162110422069759,33620.72528516992,3,2,10,10,11,34,31,26,89,2,1,35,0.8,0.25,uniform,174,3
908,23016.466449826476,20063.657706664733,5941,4.034584267111923e-05,16946,5013,49134,0.862752988401856,0.36910298503744293,0.9999500008704896,19999.848197725354,1.1666415005948736,0.2581195516240848,0.8717088589771779,8193,0.9994562055888339,5.8331059480571125e-05,0.9994666554800928,1874.4606285690197,306,919,0,68,4.23991422295917,7.877618067876289,-0.8297920435095782,13.777116377854616,23016.46644976812,1,2,10,7,7,34,19,28,89,1,2,35,0.8,0.25,uniform,175,1
869,21012.97412990905,18293.973346516756,5544,4.328156395682962e-05,15505,4546,44824,0.8570843919601852,0.3695346093229283,0.9999451062303817,18216.50361811661,1.1711741850286768,0.26383699735816485,0.8706037152769263,8193,0.9994613912229253,6.429016589585564e-05,0.9995246772437429,2103.333590973866,306,919,0,68,4.0128878714413805,6.2268123920578775,-0.82323966131948,11.88617958613822,21012.974129845938,1,3,10,5,7,34,20,17,89,2,2,35,0.8,0.25,uniform,176,1
917,30239.187405739143,27587.980955068968,5810,3.0773070381153005e-05,21830,5548,66164,0.8919190751905404,0.3684509805604273,0.9999636981930518,27546.3381316615,1.1044005134166792,0.19213479258034927,0.9123254730658867,8193,0.9993622182160832,4.0091734231814765e-05,0.9993919322974854,1644.0536657233422,306,919,0,68,5.92722673244319,4.432159260344384,-0.6680158860152708,11.695417764818114,30239.18740563204,3,1,10,9,6,34,26,23,89,2,1,35,0.8,0.25,uniform,177,3
907,26777.57781258457,24441.322060247818,5048,3.5079433617716915e-05,19320,4915,58606,0.8953314955854237,0.3683555760150312,0.9999590335450979,24409.71568131177,1.1033109708946074,0.18851593057933747,0.9127532830382145,8193,0.9993907697279922,4.5198739132247516e-05,0.9993920971416924,1644.4996171743087,306,919,0,68,5.218301480544361,4.6359036164908005,-0.6863463281633467,11.226897753361856,26777.577812489453,2,3,10,5,10,34,19,21,89,2,1,35,0.8,0.25,uniform,178,2
910,21174.00272165558,18673.394640750106,5056,4.4001918524286464e-05,15508,4434,45485,0.8726801922123915,0.3688522531521652,0.9999463120616187,18625.65756740119,1.149652661741458,0.23878338292783005,0.8819019665871681,8193,0.999472688949529,6.172248126364107e-05,0.9994727914041059,1896.2823829496767,306,919,0,68,3.9570115920013516,10.27996778523757,-0.6966153797809918,15.630210136800905,21174.002721609664,1,6,10,5,13,34,20,26,89,1,2,35,0.8,0.25,uniform,179,3
912,22534.923250365388,19925.370318012476,5424,4.0890176900135656e-05,16497,4659,48475,0.8688110801396698,0.36896792853913846,0.9999496706403692,19868.61828652063,1.1470060589619586,0.24069307624165323,0.8841996086092461,8193,0.9994589577403458,5.772808044039689e-05,0.9994607631176923,1853.9725121221,306,919,0,68,4.200921949013678,3.5429514795497585,-0.7409471848244389,9.225767798212315,22534.923250301814,1,0,10,7,6,34,20,17,89,2,2,35,0.8,0.25,uniform,180,1
912,28583.541322359975,25756.156487006057,5890,3.292995213202252e-05,20735,5539,62122,0.88843879832688,0.3684701785812289,0.9999611131610319,25715.14124030405,1.1198195106316988,0.2060626405095734,0.9010834660594645,8193,0.9994128014289871,4.35462409834759e-05,0.9994292418602396,1751.5555611611883,306,919,0,68,5.488459630488214,5.094946327935081,-0.7798608349233702,12.143127628270037,28583.541322276822,1,3,10,8,6,34,20,20,89,2,1,35,0.8,0.25,uniform,181,3
900,32647.37971714076,29753.500664807456,6209,2.8946261560301267e-05,23566,6046,71394,0.8952581439859135,0.36834038802587954,0.9999663497392602,29716.951749908487,1.1050059781837576,0.1901837162368074,0.9113595309208249,8193,0.9994227629685172,3.718373928494822e-05,0.9996305898166186,2706.517926447782,306,919,0,68,6.226864597053054,7.417439177407799,-1.028108673386007,15.700521121232866,32647.379716975774,1,3,10,7,10,34,18,23,89,2,2,35,0.8,0.25,uniform,182,1
908,29514.73991500401,26902.835787295273,5525,3.2064388325590356e-05,21302,5458,64549,0.8978291771487614,0.36831807338635186,0.9999627856325517,26870.84213079916,1.104722430470372,0.18719460228722293,0.9115050942264628,8193,0.9993100148099201,4.1111546455861755e-05,0.9993548094152438,1549.429569535532,306,919,0,68,5.753292810253706,8.949095402801367,-0.7477512238669867,16.197890660789046,29514.739914907943,1,3,10,7,10,34,22,26,89,2,2,35,0.8,0.25,uniform,183,1
911,23491.42730527099,20430.1265546725,6259,3.877998339991738e-05,17337,5108,50083,0.8556979580143247,0.3694871639779074,0.9999508516241248,20346.052291729182,1.1722609397978074,0.26643762078243793,0.8696843443858518,12289,0.9994236223563638,5.761472129321182e-05,0.9995092051054623,2037.0109664977945,306,919,0,68,4.2849891764428705,4.937382759336815,-0.8722945349028774,10.966961005585441,23491.427305179885,0,0,10,6,5,34,21,21,89,2,2,35,0.8,0.25,uniform,184,2
911,39870.57096678723,37562.38226381114,5639,2.449016111453611e-05,28332,6377,88798,0.9180252353407821,0.3677702598360131,0.9999733831672004,37569.71007985973,1.0628529824144386,0.14143263723755975,0.9421079596552845,8193,0.9996794553031867,2.828978012371095e-05,0.9997319965793267,3730.7956360827716,306,919,0,68,7.974967290341429,5.664340539830224,-0.7781767198891594,15.195661269949971,39870.57096660033,3,2,10,7,5,34,21,18,89,1,1,35,0.8,0.25,uniform,185,1
906,30506.60391461992,25770.458289458315,9281,2.970762862939334e-05,22818,7212,64037,0.8393288641834813,0.37034669276865984,0.9999609524684516,25609.3134816553,1.218887203062073,0.30422920971390705,0.8447501518550918,16385,0.9996204978185813,4.759453651565308e-05,0.9996444869078407,2812.335902587666,306,919,0,70,5.545220768820027,12.62753462369819,-1.1891288811832588,20.551013154884735,30506.603914514886,3,1,10,12,11,34,20,23,89,2,1,35,0.8,0.25,uniform,186,1
905,36650.14128227536,33396.94685259449,7316,2.519393283021963e-05,26481,6752,80137,0.8857817142460713,0.3685474329189347,0.9999700047992568,33338.166691589606,1.1064478397260402,0.19961723868000866,0.9112365105327936,12289,0.9995046103569675,3.318812506467777e-05,0.9995451316599966,2197.938305788609,306,919,0,68,7.221925027183338,5.884963593764072,-0.8775537091959764,14.861996039339362,36650.1412821164,4,2,10,10,9,34,24,17,89,2,2,35,0.8,0.25,uniform,187,1
914,26150.767121009085,23256.238928629053,6129,3.496764878253181e-05,19107,5276,56427,0.8702570890748789,0.36900988063492224,0.9999568748622263,23187.831712520165,1.139806124849393,0.23437170969550888,0.8893138324017036,12289,0.999473271987187,4.91542961696457e-05,0.9995409445605271,2177.8860868378533,306,919,0,68,4.919617256429275,5.01785955658583,-0.8026512601857289,11.542779333386564,26150.767120930566,2,1,10,7,7,34,18,23,89,1,1,35,0.8,0.25,uniform,188,1
913,59400.72445078873,55955.22061700541,8236,1.5917639596103043e-05,42275,9375,132278,0.9180928446132448,0.3680984873224994,0.9999821180454843,55921.79859975044,1.0648252800732112,0.1386515076398305,0.9419955923830897,12289,0.9994660778857072,1.9041157225605107e-05,0.9994838405966403,1936.8859534158084,306,919,0,68,12.113676816960654,7.2876046375439385,-0.8985300724851137,21.19834159947482,59400.72445031993,3,4,10,14,6,34,28,18,89,1,1,35,0.8,0.25,uniform,189,1
914,30041.544414364835,27702.09425225368,5129,3.1408881345498435e-05,21578,5270,66118,0.9044036101774298,0.36824319312304665,0.9999638662972574,27674.49381437016,1.0903912779050513,0.17073023707621,0.9221261686868365,8193,0.9993930829128768,3.939987430907738e-05,0.9993982958812475,1661.4463597715817,306,919,0,68,5.962628758619906,4.47647499324518,-0.6110133451572379,11.661130442179562,30041.544414261545,3,0,10,11,7,34,26,29,89,2,1,35,0.8,0.25,uniform,190,1
873,26240.48217594649,23171.78721550653,6408,3.5441958440734535e-05,19203,5486,56408,0.8674592322548431,0.3687543692611823,0.9999567437658549,23117.55499500337,1.1473294277119537,0.24420282969776885,0.8830549324565042,12289,0.9996269133402905,4.9629150367175005e-05,0.999631923920511,2716.3296024460874,306,919,0,68,5.024324359859825,7.721701630543417,-0.9872408579824018,14.720507706368045,26240.482175881316,2,1,10,5,8,34,17,24,89,1,2,35,0.8,0.25,uniform,191,1
913,31544.605762780986,28447.09543816496,6616,2.9579554815832016e-05,22884,6083,68586,0.8842351399959075,0.3685515966251309,0.9999647843905362,28395.99845967628,1.1193200494315108,0.2097347498888739,0.9018053879668159,12289,0.9993248182620285,3.9417537726116264e-05,0.9993989990672612,1663.3908783945294,306,919,0,68,6.12045267167781,9.900882533437809,-0.7896471667983253,17.60062953871227,31544.605762643554,4,1,10,10,11,34,22,29,89,2,2,35,0.8,0.25,uniform,192,1
918,43679.05958613357,40543.26153006799,7356,2.1369188438417866e-05,31295,7422,96478,0.901405838695641,0.3682704700194786,0.9999753094928802,40500.89574272454,1.0827805724478996,0.16841021921486718,0.9282082058135457,12289,0.9995370347943029,2.673440143365833e-05,0.9995397398368898,2172.184195793109,306,919,0,68,8.612056252976704,5.332783155493159,-0.9040787330522941,15.75299687457445,43679.0595858731,1,3,10,11,7,34,23,17,89,2,2,35,0.8,0.25,uniform,193,2
891,22203.283363494433,19311.485383971412,5871,4.142714240170702e-05,16374,4851,47340,0.8580437617685324,0.3693001569362648,0.9999480276467081,19240.499039591657,1.1709633252063574,0.2644203518860105,0.8697580924325105,8193,0.9993978103230688,6.0857719629753543e-05,0.999435835258474,1772.0318508281284,306,919,0,68,4.137459421241605,6.8936594996521725,-0.8464425683058857,12.72400405750555,22203.28336343407,1,1,10,2,4,34,16,22,89,2,2,35,0.8,0.25,uniform,194,3
912,37399.31211573051,34253.324372909716,7059,2.48879943354636e-05,26953,6753,82004,0.8923849823744219,0.3684138907311251,0.9999707648847954,34204.9407150741,1.0994738931418022,0.18874678705737258,0.9158811335062615,12289,0.9994918018042773,3.214324593031967e-05,0.9995337917024648,2144.4639295786833,306,919,0,68,7.246841353883824,5.5643114701516065,-0.9547621802279268,14.720677184491285,37399.31211554958,1,3,10,6,6,34,24,20,89,1,2,35,0.8,0.25,uniform,195,2
913,36452.74991809425,33030.51386854717,7518,2.5397504951944046e-05,26399,6879,79461,0.8837844023714994,0.36857737864875134,0.9999696693189781,32969.415815678185,1.1135537496205434,0.20623958458256808,0.906118576589242,12289,0.9994593115915184,3.37748435803669e-05,0.9995383317957347,2165.5577293293263,306,919,0,68,7.0736329504801825,5.240597489056829,-0.9116353776556936,14.137501194848399,36452.74991794027,3,1,10,8,4,34,21,19,89,2,1,35,0.8,0.25,uniform,196,1
899,47698.71448483474,43955.21689185814,8463,1.9617825773176183e-05,34279,8388,104940,0.8985215078023467,0.36831320520241073,0.9999772233183594,43904.05184537104,1.0915685610549857,0.17742616528356786,0.9215178515100905,12289,0.9994825680938457,2.486230960382275e-05,0.9995832096544265,2398.7877861524685,306,919,0,68,9.556394936395701,6.567828333375799,-1.055109954491722,18.234443178754944,47698.71448453897,2,3,10,9,10,34,20,18,89,1,2,35,0.8,0.25,uniform,197,1
913,33177.49605093051,29860.10359542154,7084,2.7899286070140593e-05,24099,6427,72057,0.8816762863866533,0.3686801129717718,0.9999664410870346,29797.84301953513,1.1225207685095522,0.21351822298841985,0.9000107648143046,12289,0.9995074526893752,3.7670576772522575e-05,0.9995361941502151,2155.5745353541924,306,919,0,70,6.430448154826049,5.966549954315711,-0.8373494466620259,14.071697002465811,33177.49605079307,4,2,10,8,6,34,20,20,89,1,1,35,0.8,0.25,uniform,198,4
912,24502.45586617933,21741.976987836915,5654,3.811699955999312e-05,17897,5026,52810,0.8760879440594872,0.36874992548876817,0.9999539020977365,21692.461083274982,1.140971705888631,0.23075237971570842,0.8873386858272971,8193,0.9994357679439239,5.259640218355644e-05,0.9994466174783088,1806.568230881967,306,919,0,68,4.600955483002189,5.939341954677411,-0.7723901016734226,12.085077641026444,24502.45586612079,3,2,10,8,7,34,23,24,89,1,2,35,0.8,0.25,uniform,199,1
909,29771.997910336613,26635.611278522185,6868,3.0269771249193387e-05,21720,5835,64446,0.8688206956720892,0.3691793714062151,0.9999623314550707,26546.848769636264,1.1331681889320047,0.23068656731349166,0.8946531354308104,12289,0.9995810922110904,4.268479683720111e-05,0.9995984543794473,2489.877021630165,306,919,0,68,5.729849238221238,7.457633701121022,-0.8206453514882205,14.828773642318701,29771.99791022949,3,4,10,9,10,34,16,20,89,1,2,35,0.8,0.25,uniform,200,2
917,25629.38693044142,22810.267528530614,5886,3.608868132077781e-05,18706,5180,55327,0.874580803537366,0.36882663212030287,0.9999560527038771,22754.028447954704,1.137600772972374,0.22965824410762153,0.8900044152612022,8193,0.9994415645015006,4.999447803951e-05,0.999494397186452,1977.3370529121569,306,919,0,68,4.782306914022918,7.076798480104719,-0.8075266585772852,13.474158711282207,25629.386930371933,2,4,10,8,10,34,18,20,89,1,2,35,0.8,0.25,uniform,201,1
912,25197.828516029724,22450.832169678535,5782,3.653510102167692e-05,18389,5062,54427,0.8737496958504118,0.3688903862509884,0.9999553412363718,22391.5216009135,1.136645253018405,0.22946421737578507,0.8909828144673787,8193,0.9994760423849988,5.076117168393879e-05,0.9994891748717627,1957.117045386821,306,919,0,68,4.801077738686227,9.910499910831668,-0.7247618481474088,16.161101345812714,25197.82851596138,2,4,10,6,9,34,17,22,89,1,1,35,0.8,0.25,uniform,202,1
909,33450.39188103009,30937.990606175666,5684,2.807553477279489e-05,23998,5785,73741,0.902834324720399,0.36825611087925153,0.9999676454132012,30907.01880498422,1.0868697844077218,0.1699232708607946,0.9248917237265845,8193,0.9994250633846117,3.516522277871428e-05,0.9994256744851739,1740.6728134827597,306,919,0,68,6.714436274381743,5.583467378787368,-0.6453859216347198,13.588675496438551,33450.39188089482,3,2,10,8,11,34,18,23,89,2,2,35,0.8,0.25,uniform,203,1
917,27443.616618544856,24748.590182088206,5692,3.4123337563884755e-05,19906,5295,59669,0.8864650843744983,0.3685105317410273,0.9999595259162051,24706.668293919458,1.1190803673453014,0.20740706588043742,0.9017976940169211,8193,0.9993015101004683,4.5293752561240153e-05,0.999393184332942,1647.4468537018886,306,919,0,68,5.239826702568581,4.997318708545992,-0.7456949154157011,11.728535241945973,27443.61661845793,1,1,10,9,7,34,24,23,89,2,2,35,0.8,0.25,uniform,204,1
915,35629.91094326566,33291.12004203337,5409,2.6517385290316853e-05,25447,5867,78988,0.9121245783174398,0.36814737121649094,0.99996994046419,33266.81344902841,1.0744032624132953,0.151810651691296,0.9343587777989004,8193,0.9993845816814044,3.2296063341105964e-05,0.9993900643141778,1639.0170707886573,306,919,0,68,7.105935403845771,4.183877758727599,-0.6820232722420349,12.65385970705744,35629.91094310171,2,2,10,10,7,34,26,16,89,2,1,35,0.8,0.25,uniform,205,2
905,38463.012741452854,35626.63820302613,6442,2.4343881289060016e-05,27581,6598,84860,0.9037832682674736,0.3682711619371328,0.9999719021200919,35589.37379848859,1.0852476177372319,0.1674855800637074,0.9262570886609236,12289,0.9995398335000557,3.0493157233998724e-05,0.9995408183726971,2177.2874439339694,306,919,0,68,7.747618758703355,7.259536232539739,-0.7524945542821783,16.51214409980745,38463.01274125954,2,4,10,8,10,34,29,28,89,1,1,35,0.8,0.25,uniform,206,1
911,25362.219234815246,22644.13426608045,5741,3.659266381752002e-05,18483,5077,54844,0.875745441832196,0.3687412183106974,0.9999557391997193,22592.855598942828,1.1330431668622103,0.22636031755924615,0.8928293717687125,8193,0.9994265267095899,5.0149397318235574e-05,0.9994652121032518,1869.4001646091263,306,919,0,68,4.770092625394085,5.924451605478492,-0.7979028158220705,12.290349862516717,25362.219234739587,2,2,10,5,8,34,16,20,89,2,2,35,0.8,0.25,uniform,207,2
908,32092.717648674537,29341.311538005837,5990,2.9203809288669846e-05,23140,5845,70302,0.8957477791627171,0.36836403181235106,0.9999658744851049,29303.087153959124,1.1013373612668327,0.1866467048871878,0.9142669642132244,8193,0.9994016272710095,3.758370452676495e-05,0.9994161940560217,1712.397893390362,306,919,0,68,6.292771665798575,6.583554099157192,-0.7761088735316923,14.42854351201915,32092.71764855941,2,3,10,7,8,34,23,19,89,2,1,35,0.8,0.25,uniform,208,1
914,42302.331456462605,39196.78280429474,6981,2.230853261654851e-05,30322,7258,93350,0.9061726472245579,0.3682184938497306,0.9999744649291007,39161.32586251547,1.0845005701345543,0.16502636520601277,0.9265868205074208,12289,0.9993835786961734,2.7692798949084085e-05,0.9994452942369814,1802.2574995966781,306,919,0,68,8.420594134878211,5.033815532014921,-0.8359335360736923,15.126276739040515,42302.3314562502,2,2,10,10,7,34,23,21,89,1,1,35,0.8,0.25,uniform,209,2
907,25806.9434610202,22967.252332452983,5859,3.618862176534524e-05,18826,5237,55710,0.877510055981617,0.3686962723989561,0.9999563663425222,22917.58795421894,1.1368897683887627,0.22703192297257746,0.8899640659554899,8193,0.9994643418872485,4.960665874441844e-05,0.9995063406140751,2025.1881732594834,306,919,0,68,4.873225398962583,7.86561088903441,-0.8173905791897472,14.373617446376487,25806.94346092082,1,4,10,9,9,34,25,22,89,1,2,35,0.8,0.25,uniform,210,1
913,29193.625711654982,26475.21058192206,5962,3.1779267780869285e-05,21132,5493,63667,0.8851109380741751,0.3685367568720658,0.9999621630966907,26428.724181134025,1.1122851889030136,0.20422266349807275,0.9068832642926004,8193,0.9994513694231424,4.208542714503566e-05,0.9994628529373537,1861.1875069986538,306,919,0,68,5.663072477993953,5.1975529971521315,-0.7320262539996246,12.324677983145333,29193.62571155068,4,3,10,12,6,34,22,22,89,1,1,35,0.8,0.25,uniform,211,1
909,34006.74872042631,31610.27360486141,5577,2.7546882152283872e-05,24347,5741,75173,0.9045076841319986,0.36823259342683345,0.9999683348599343,31579.96981133679,1.0809204801289758,0.16399685973655428,0.9295294256070576,8193,0.9994568051957201,3.4227498403279174e-05,0.9994724311094071,1894.9870058314975,306,919,0,68,6.784160556484333,3.933842959810128,-0.6980723852697908,12.114148286834043,34006.748720272495,2,2,10,8,7,34,21,17,89,2,2,35,0.8,0.25,uniform,212,3
904,36610.527546669124,33812.895954092106,6285,2.56867657283625e-05,26281,6376,80645,0.9023351981691206,0.3682565541539248,0.9999703955040169,33778.1530970727,1.0885982075870804,0.1716719321235735,0.9235839584936123,8193,0.9992736830730671,3.2227401263781014e-05,0.999374229334379,1597.5294735692707,306,919,0,68,7.368650437124633,5.299580956487551,-0.7310237988292819,14.13027899127075,36610.527546511694,3,3,10,10,7,34,24,22,89,2,1,35,0.8,0.25,uniform,213,2
913,29765.490674889137,26685.85786486642,6494,3.121751499199617e-05,21651,5862,64511,0.8803047591829255,0.3686738706279962,0.9999624497733036,26630.497675943952,1.1273397517869919,0.2181721131672286,0.8965368035198973,12289,0.9995177820769937,4.233186324358931e-05,0.9995774844099051,2366.2765369218496,306,919,0,68,5.619958955621415,4.877013841089854,-0.900411400304804,12.297795597320878,29765.490674803194,1,2,10,8,9,34,20,24,89,2,2,35,0.8,0.25,uniform,214,1
913,36346.10963971997,33507.88904528941,6181,2.6071648665921288e-05,26106,6389,79984,0.9054038242498956,0.36822563525791374,0.999970128917536,33476.693239682485,1.0905162299388165,0.17005946609606995,0.9219112960764065,8193,0.9993083416070697,3.257490023319411e-05,0.9994078210082818,1688.1785663688324,306,919,0,68,7.159095699337913,6.956859510738843,-0.8028122173270751,15.721579644730905,36346.10963957567,2,4,10,7,12,34,20,25,89,2,1,35,0.8,0.25,uniform,215,2
906,36573.14061955653,33705.11534730337,6524,2.5555460012805478e-05,26284,6429,80466,0.8975656685940474,0.36832852195396415,0.9999702957967064,33664.769189062514,1.0915600876295315,0.17838227424503603,0.9215811050495467,12289,0.9994426528401504,3.24239227503442e-05,0.9994540419265104,1831.142435036091,306,919,0,68,7.323367787554279,6.968654891767062,-0.7501731880306775,15.792369055382697,36573.140619399855,4,2,10,9,12,34,22,32,89,2,1,35,0.8,0.25,uniform,216,1
912,23875.566532068533,20840.08937545137,5920,3.953109940033738e-05,17551,5202,51008,0.8717147962122798,0.3688286006107746,0.9999518952527933,20787.46912723754,1.1631750039873097,0.24795223150196397,0.8728626123891111,8193,0.9993729721283058,5.5954239524257985e-05,0.9993735907742497,1595.9004458793358,306,919,0,72,4.423918670914787,12.404899071888083,-0.8119511825989759,18.452720108000822,23875.56653202276,2,2,10,7,10,34,22,25,89,2,2,35,0.8,0.25,uniform,217,1
907,39563.508870671736,35960.744329981855,8064,2.3264058646631818e-05,28622,7357,86387,0.8835632330376134,0.3686100449893838,0.9999721383968135,35891.18911935301,1.10995097334761,0.20382418623080747,0.9089371836945283,12289,0.9995375289164141,3.092501357607555e-05,0.9995854494363219,2411.7509370231555,306,919,0,68,7.753650844627774,6.738880098104271,-0.9703863925253824,16.43330372778281,39563.50887048957,4,2,10,10,9,34,28,21,89,1,1,35,0.8,0.25,uniform,218,3
903,33788.46520814332,30969.119787866017,6254,2.7549194068394682e-05,24344,6074,74117,0.8950355696379202,0.3684125447872858,0.9999676650696938,30925.8075702839,1.0985579537180759,0.18509275166759365,0.9165589380011905,12289,0.9994840037554754,3.552179487055564e-05,0.9995379528171243,2163.7810935053767,306,919,0,68,6.632992276888061,4.551731463835659,-0.8506102055070258,12.885944151737771,33788.46520801382,1,2,10,8,8,34,27,20,89,2,2,35,0.8,0.25,uniform,219,2
910,21858.23922728649,19397.77600385173,5128,4.2144008913647105e-05,15978,4457,47112,0.871786362818951,0.3689327127658311,0.9999483076099658,19344.707275487573,1.14199949993892,0.23460261124777693,0.8874354334834406,8193,0.9994028016680476,5.9032683569556624e-05,0.9994379029546121,1778.5521794560946,306,919,0,68,4.150481540846998,4.953074964779183,-0.6535270805229046,10.410610666671989,21858.239227233058,2,3,10,5,10,34,16,27,89,2,1,35,0.8,0.25,uniform,220,1
916,28019.895800352555,25599.385986083118,5428,3.299465899038572e-05,20221,5102,61354,0.8892321604562913,0.3684947781552049,0.999960873483986,25557.615103178658,1.1029823000047794,0.19371949270174313,0.9136146032977402,8193,0.9993889811995577,4.315585462455049e-05,0.9994491941819899,1815.021808254317,306,919,0,68,5.432039893903839,4.3404737046959845,-0.6858412851930534,11.144196168985928,28019.895800263763,0,3,10,10,13,34,19,21,89,2,2,35,0.8,0.25,uniform,221,2
901,34668.692803139136,31273.567071152935,7223,2.6863383713636006e-05,25149,6669,75390,0.8851201154149656,0.36857171198308314,0.999967965785862,31216.12343913332,1.1190632869699337,0.2083435923302531,0.90206940448361,12289,0.9995292334826319,3.58483129689851e-05,0.9995709384661545,2330.1679946184636,306,919,0,68,6.6772076280481665,8.41830402733038,-1.0183956578550226,17.132302971088592,34668.692802993864,2,4,10,9,8,34,22,26,89,2,2,35,0.8,0.25,uniform,222,4
916,35485.90631410025,31978.23980873765,7501,2.617604660883799e-05,25756,6850,77124,0.8829754236848378,0.36860615421314546,0.9999686691056981,31916.878108773664,1.1205268725616016,0.2113796934931177,0.9011532501293665,12289,0.9994592923001158,3.5107109006775944e-05,0.9995381721250369,2164.808844344023,306,919,0,68,6.805504624630354,6.4517721004468696,-0.9425098543994289,15.14229643387608,35485.9063139564,2,2,10,6,10,34,22,24,89,1,2,35,0.8,0.25,uniform,223,1
914,37883.90531879863,34955.18163720059,6633,2.471298087186546e-05,27210,6623,83405,0.8997324615383557,0.3682947378115878,0.9999713604320264,34916.2278240061,1.0899427661032257,0.17508754559970338,0.9226921391299974,12289,0.9993563843500566,3.121548993726964e-05,0.9993963526660233,1656.0963491253433,306,919,0,68,7.537058220960542,9.03580326576074,-0.752636597123768,18.078134680968816,37883.9053186453,2,4,10,9,10,34,22,27,89,1,1,35,0.8,0.25,uniform,224,2
911,23717.682443168258,20929.85591336237,5747,3.890048278204245e-05,17378,4940,50965,0.8687004112608041,0.36898642768843737,0.9999520831735491,20868.9956214094,1.1497228095055338,0.24230866627761055,0.8824578861578904,8193,0.999620867292251,5.509106832982889e-05,0.999621260992902,2639.840628514958,306,919,0,68,4.443872412062225,7.340862328121893,-0.7630831188046691,13.310900977793455,23717.682443098704,0,0,10,7,9,34,16,24,89,2,2,35,0.8,0.25,uniform,225,1
914,31978.484633646036,29489.837335524026,5649,2.9210597775535086e-05,22976,5602,70382,0.8986038913138973,0.3683261750160424,0.9999660505610996,29455.067817667903,1.0907518180892997,0.17665002156032206,0.9221774475359726,8193,0.9995336155121133,3.703041220402976e-05,0.999534069277236,2145.7417759717127,306,919,0,68,6.328806997298665,5.745535968575764,-0.6686732288566568,13.411689423587742,31978.48463352982,2,3,10,11,7,34,27,16,89,1,2,35,0.8,0.25,uniform,226,1
908,21310.05551501483,18417.106026341633,5778,4.257543002629226e-05,15783,4705,45279,0.8546620328331094,0.36984964610425164,0.9999454327877406,18325.52323531609,1.183196994254672,0.27113960336372117,0.864244863809254,8193,0.9995676389927803,6.456376153020521e-05,0.9995817133967122,2390.2052665719766,306,919,0,68,3.901772329579359,10.007196064680828,-0.7920724975072829,15.493113389274752,21310.055514973355,3,3,10,5,11,34,16,18,89,1,2,35,0.8,0.25,uniform,227,1
917,29443.479649903333,26636.353499191402,6119,3.148097900283273e-05,21336,5594,64126,0.8834910696332807,0.3685877117242418,0.9999623882412014,26586.92988429631,1.1155496789815023,0.2078219039582874,0.9046605162130983,8193,0.999476652509978,4.195778545382466e-05,0.999476848430854,1910.991881443156,306,919,0,68,5.65601530246084,3.9967322991858203,-0.7656814586739863,11.184110518994634,29443.479649803183,4,0,10,7,3,34,19,15,89,2,1,35,0.8,0.25,uniform,228,4
895,43246.123499470035,40157.960766275566,6928,2.1859844228743362e-05,30969,7342,95546,0.909028969362153,0.36819497155617853,0.9999750775511469,40123.96793821736,1.0818439939374442,0.16019932977541676,0.9285909930578561,12289,0.9995527433944469,2.6962201606135158e-05,0.9995801478434287,2381.2907557598787,306,919,0,68,8.783223877966192,5.375294017699697,-0.8807143341526812,15.91994656397125,43246.12349923196,3,2,10,10,8,34,23,21,89,1,1,35,0.8,0.25,uniform,229,3
909,42927.65997565736,39937.66788290064,7080,2.1655088857772616e-05,30729,7203,94938,0.9026593144714568,0.36827469748710057,0.9999749346753396,39895.25293742343,1.0801409952280903,0.16492862653158355,0.9303481229945394,12289,0.9994635850069868,2.707408472452903e-05,0.999561660022434,2280.834204416724,306,919,0,68,8.589637087822183,5.576387005612209,-0.855392609748158,15.876809312930707,42927.6599754572,2,3,10,10,8,34,25,21,89,1,1,35,0.8,0.25,uniform,230,1
915,25340.11044004524,22794.23793950342,5500,3.645365817110867e-05,18412,4920,55019,0.8788709862981456,0.3687040696243162,0.9999560349425574,22744.83591008203,1.1233756479053378,0.21704719926193744,0.8995319098326204,8193,0.999353932178266,4.938927488969427e-05,0.9994749336121066,1904.0210283436086,306,919,0,68,4.744410935667939,4.942198535589121,-0.7944110184264767,11.275431508110014,25340.110439981952,1,2,10,6,4,34,17,15,89,1,2,35,0.8,0.25,uniform,231,1
908,40042.90099186881,37477.715910045255,5912,2.362762739836851e-05,28576,6536,88854,0.914724963936407,0.3681240196351007,0.9999733000303958,37452.72615578738,1.072321332821086,0.1476416506686292,0.9359390798797408,8193,0.9994021535784722,2.8630946992499905e-05,0.9994519819939168,1824.2575150192995,306,919,0,68,8.057652689050554,7.865047364627534,-0.7623695558088732,17.447439165295833,40042.900991661794,3,3,10,10,9,34,26,24,89,1,2,35,0.8,0.25,uniform,232,1
909,28488.594679487975,25818.304770185016,5837,3.231292962750484e-05,20637,5354,62106,0.8843837804811037,0.36865550839204964,0.9999611891974733,25765.522209606283,1.1138359380181748,0.20488901139804866,0.9062681069619208,8193,0.9995092999224291,4.322886663776078e-05,0.9995242525793266,2101.455654785994,306,919,0,68,5.535861369182019,4.344559582046292,-0.7322562720495094,11.34493349532733,28488.594679397298,2,2,10,5,6,34,20,23,89,2,1,35,0.8,0.25,uniform,233,2
912,25644.34207613167,22853.844427424425,5849,3.611574248748957e-05,18705,5162,55399,0.8752404328555232,0.3687924722519442,0.9999561400677508,22799.352816869996,1.13569816400531,0.2280814997177847,0.8911846659811762,8193,0.9993761486918148,4.98116445288953e-05,0.9994371190941911,1776.074695054823,306,919,0,68,4.868494609949414,5.686684685476551,-0.7552646172509462,12.065708529927857,25644.34207603364,3,1,10,8,5,34,22,19,89,1,2,35,0.8,0.25,uniform,234,1
907,49300.47196359313,45706.73735703237,8071,1.9139690405877567e-05,35330,8434,108826,0.9069438094481049,0.3682177554967517,0.9999781019549705,45665.67698579359,1.0838338880672986,0.16371040029718545,0.9271054725558282,12289,0.9995150700453902,2.3733843285472723e-05,0.9995284752432845,2120.279380563837,306,919,0,70,9.9418031670725,6.215772509000726,-0.9293042118223234,18.016184099717872,49300.47196328802,5,1,10,8,6,34,22,21,89,2,2,35,0.8,0.25,uniform,235,4
908,38833.998159929804,35715.53469509405,7010,2.3913237838057174e-05,27940,6871,85344,0.8966690889851417,0.36839117301984364,0.999971963385754,35667.144857555926,1.0943703847431678,0.1805119310952934,0.9196975945666731,12289,0.9995425378003203,3.068244031938911e-05,0.9996538581192317,2888.4887227575737,306,919,0,70,7.42657533339937,7.189890660555678,-1.1271687546496083,16.870803503254265,38833.99815974236,1,3,10,7,9,34,23,22,89,1,2,35,0.8,0.25,uniform,236,1
904,40473.85407319484,37862.14728351295,6208,2.31263051788782e-05,28899,6615,89784,0.9093941257043467,0.3681954183944546,0.9999735662207014,37829.88318686998,1.0733165891642544,0.1533829713565987,0.9354717545564416,8193,0.9994859311225414,2.837181383559431e-05,0.9994894151537033,1958.0383027379228,306,919,0,68,8.23822045166285,5.926474576547193,-0.7161720423621483,15.59703911293434,40473.85407299299,1,3,10,13,6,34,26,19,89,1,2,35,0.8,0.25,uniform,237,1
910,25282.29097736505,22502.73690866555,5770,3.6780613726793944e-05,18447,5120,54580,0.876128508490951,0.36876119078362984,0.9999554591083081,22450.77930422599,1.1371235724046749,0.2282229883820978,0.8900592485393035,8193,0.9993552121647146,5.064849787889112e-05,0.9994272969110873,1745.6054288328944,306,919,0,68,4.793480393420555,4.7389884780032165,-0.7630670741142341,11.05860301965224,25282.290977283294,2,2,10,8,6,34,20,15,89,2,2,35,0.8,0.25,uniform,238,1
918,47847.7833684572,44909.61955870013,6836,1.9822231477565757e-05,34103,7699,106339,0.9170734227631935,0.3681012386626977,0.999977719776291,44882.35274961223,1.0689520186361443,0.14286973227910305,0.9385935229824249,12289,0.9994798227138552,2.381649010933569e-05,0.999490345557326,1961.6137276898532,306,919,0,70,9.60988244767754,7.877549925936982,-0.814471227307072,19.11637482822867,47847.78336817937,1,2,10,9,10,34,24,23,89,2,1,35,0.8,0.25,uniform,239,1
907,23353.611886911913,20171.249673083017,6365,3.9004176241449374e-05,17289,5184,49607,0.8542617716573391,0.3696505954640694,0.9999501997009512,20079.700699476143,1.182784002769223,0.27254884729702744,0.863731476345533,12289,0.9994982836719782,5.890299704827626e-05,0.9995413845657636,2179.976076069276,306,919,0,68,4.308432402896455,5.800180808276929,-0.8412063814121903,11.791025973997765,23353.611886839706,2,1,10,5,8,34,20,26,89,1,1,35,0.8,0.25,uniform,240,1
911,25627.488693701012,22931.46635486778,5764,3.614387811861649e-05,18658,5087,55484,0.8755918097400958,0.3687096849702298,0.9999562974312476,22881.450155060993,1.1300297683538374,0.22491474170142683,0.8947995891811324,8193,0.999551721305209,4.9385203644225454e-05,0.9995603739616262,2274.1604991588933,306,919,0,68,4.869528754013808,4.736487813793715,-0.7567036704901137,11.11942390878775,25627.488693615363,2,1,10,9,2,34,24,12,89,1,2,35,0.8,0.25,uniform,241,2
909,33622.98849680728,30925.057126400065,6290,2.7225080993705586e-05,24204,5925,73892,0.8900444770233135,0.3685225399775993,0.9999676095966358,30872.841979343488,1.0950792986035671,0.18707438812576926,0.9197593226829495,12289,0.9995212522193697,3.5470060197951615e-05,0.9995440974220832,2192.9510378177233,306,919,0,68,6.60335120251351,5.247583972723378,-0.7944460464822429,13.439827268201373,33622.9884966857,1,4,10,6,10,34,22,26,89,1,2,35,0.8,0.25,uniform,242,1
914,38421.673488512184,35409.409997356444,6804,2.414879041670282e-05,27620,6729,84533,0.8981828875040898,0.36838152614519104,0.9999717215929853,35362.17086805126,1.0918704236837613,0.17708754934983115,0.9215998883532133,12289,0.9996114198253347,3.087635624826921e-05,0.9996664807015565,2997.827219431581,306,919,0,70,7.524076790702902,7.97468427379125,-0.8832915874907611,17.265344239475674,38421.67348834504,3,4,10,7,14,34,23,22,89,1,1,35,0.8,0.25,uniform,243,1
899,30614.13181051352,27892.573677750683,5881,3.0677130797403505e-05,22106,5666,66936,0.8933848487176814,0.36838954778198907,0.9999640999822925,27854.639460954855,1.1056667243696454,0.19210082573631385,0.9111012473060497,8193,0.9992349106111632,3.9693454983387325e-05,0.9992958923479681,1419.7373114192528,306,919,0,68,6.1044664464893925,6.652928733254709,-0.7062414089950821,14.169877997734265,30614.131810402716,4,2,10,10,7,34,23,26,89,2,1,35,0.8,0.25,uniform,244,1
915,32420.67593853024,29503.52212476476,6337,2.883778400269835e-05,23426,6024,70840,0.8909625679243948,0.36843275733252345,0.9999660559349342,29459.731058479243,1.10740800166516,0.19546168661057478,0.910021807710104,12289,0.999323176428116,3.758992926291967e-05,0.9994024394895553,1672.970640639212,306,919,0,68,6.324020589887925,5.131669243292622,-0.7624659540261886,12.980621741232923,32420.67593840707,3,2,10,8,4,34,23,17,89,1,2,35,0.8,0.25,uniform,245,1
913,24819.742340457164,22028.770467385028,5844,3.708440980225966e-05,18144,5057,53498,0.8709196784088541,0.36895961199713484,0.9999544773691859,21966.59596837752,1.1420556315841253,0.23545772231785211,0.8875503284930263,8193,0.999510275694878,5.198937688588006e-05,0.9995357324637779,2153.43044745529,306,919,0,68,4.638501638155459,4.236384928213407,-0.7984627299455407,10.471812026259947,24819.742340381064,0,1,10,7,6,34,24,19,89,2,2,35,0.8,0.25,uniform,246,1
912,29586.82880454076,26937.1391160723,5641,3.187156425366561e-05,21367,5496,64665,0.8953485318492959,0.3683581123058411,0.9999628292841501,26902.398613096517,1.1063770157613775,0.190659162469425,0.9104436063096493,8193,0.9992484002781914,4.112482567573869e-05,0.9993797782160949,1611.8264191682047,306,919,0,68,5.743499452766319,3.812949407821244,-0.7448401973334157,11.046129255254392,29586.828804454788,2,1,10,7,4,34,23,18,89,2,1,35,0.8,0.25,uniform,247,1
873,36626.686940014835,34022.90917402414,5831,2.5916741782619752e-05,26221,6214,80937,0.9099125374340862,0.36815862975800145,0.9999705858778128,33996.77496762103,1.0812583737612678,0.15920085836727985,0.9289103660875739,8193,0.9993877029499686,3.18042659216444e-05,0.9994262027247719,1742.2757428050645,306,919,0,68,7.609940788339487,6.575550141196833,-0.781052783216045,15.74759649596841,36626.6869398399,1,2,10,9,8,34,21,26,89,1,2,35,0.8,0.25,uniform,248,2
907,39811.67156270715,37047.19085794619,6411,2.360808543138452e-05,28487,6688,88060,0.9065329196665912,0.36820393805662677,0.9999729839052593,37014.472354035184,1.0794600668721015,0.16103317816992607,0.9305610491534714,12289,0.999390572348537,2.9162795435478643e-05,0.9994666384652139,1874.4008150512389,306,919,0,68,7.954179916745737,5.642262686183476,-0.8245789724584811,15.245600547846173,39811.67156254112,1,3,10,11,8,34,23,20,89,1,2,35,0.8,0.25,uniform,249,5
902,27072.067660979606,24766.331254966975,5071,3.455324590441074e-05,19516,4917,59323,0.8946551241116069,0.36837643260088243,0.9999595697721907,24733.468964517615,1.1006482287595651,0.18731483917311195,0.9148296895941934,8193,0.9993588898616981,4.4499458626734865e-05,0.9993690073629248,1584.3044938296252,306,919,0,68,5.361571997167281,5.05393948758238,-0.6411037591304994,11.69771900301066,27072.067660902987,2,3,10,7,8,34,24,20,89,1,1,35,0.8,0.25,uniform,250,3
912,24230.492093735957,21965.00719372762,4778,3.8804706835521994e-05,17533,4579,52833,0.8922801189627171,0.3684244630960093,0.9999544085801926,21933.451696410553,1.1120283667140394,0.19718955692341072,0.9065027284116112,8193,0.9994725122876891,5.069895210503295e-05,0.9994725243939306,1895.3222243864507,306,919,0,68,4.674524961411097,7.32451445452479,-0.6391794450941105,13.277398306124107,24230.492093663746,1,4,10,8,8,34,22,25,89,1,2,35,0.8,0.25,uniform,251,1
906,57917.669794461865,55424.89508548685,6496,1.637454734765968e-05,40937,8360,130108,0.9303479739253481,0.36800757384849225,0.9999819512810671,55405.09436341801,1.046763870586258,0.11215920846009507,0.9569600310609635,12289,0.9993951868456815,1.8892746889641312e-05,0.9994033541891487,1675.536187866381,306,919,0,70,12.068119080090128,4.541718448236223,-0.717238490350403,18.04431450902716,57917.66979409561,3,2,10,9,5,34,25,19,89,1,1,35,0.8,0.25,uniform,252,2
907,67101.12275782248,64359.704413439955,6502,1.4416336161263956e-05,47369,9546,150931,0.9433420053271566,0.36795190240725756,0.999984459326459,64346.77538283753,1.043937674466856,0.09689852766646909,0.9591449705800499,8193,0.9994075179810692,1.6223494596477662e-05,0.9995544915550097,2244.1263245994915,306,919,0,72,13.782088444834791,6.683764489812743,-1.014190002173535,22.494232938994607,67101.12275718276,3,3,10,10,11,34,32,28,89,2,2,35,0.8,0.25,uniform,253,1
908,23697.392327345202,21120.168004043666,5309,3.946400884215892e-05,17276,4784,51196,0.8792949846814511,0.3686753957699217,0.9999525538962252,21076.046233558744,1.1348702064213947,0.2240330888168556,0.8912443914629546,8193,0.9993735883234814,5.384516958491342e-05,0.999389905464663,1638.5901918506972,306,919,0,68,4.524182397347877,7.847432139518382,-0.6955075425831143,13.762629622032488,23697.392327286703,3,4,10,9,8,34,22,21,89,2,2,35,0.8,0.25,uniform,254,2
916,26292.53796995505,23561.839356101,5791,3.5166800897606774e-05,19134,5178,56970,0.8784653718732741,0.36872733656659,0.9999574639099583,23508.948067967405,1.1283172921871791,0.22025260576280153,0.8961416879201822,8193,0.9994340734764743,4.799420593627153e-05,0.9994534791741113,1829.2563930463223,306,919,0,68,5.002516295160918,5.686212014252442,-0.7382125192228808,12.165153347859121,26292.537969877798,1,1,10,7,10,34,20,22,89,2,2,35,0.8,0.25,uniform,255,2
914,24304.174503504582,21475.489832089588,5805,3.827623209946951e-05,17788,5056,52263,0.8714128396513707,0.36885307372621207,0.9999533171142281,21420.62646386324,1.1471153965029304,0.23884785715157444,0.8836132175150772,8193,0.9994363477337976,5.3550657021787e-05,0.9994393125867453,1783.0249198664192,306,919,0,68,4.5612220147872575,5.810834350117185,-0.7569780953745939,11.886012555653629,24304.17450343966,3,2,10,6,7,34,19,25,89,2,2,35,0.8,0.25,uniform,256,1
902,71210.18722543697,68285.95866150156,7291,1.3452782420574544e-05,50280,10148,160153,0.9380801329400095,0.3679745887400084,0.9999853520044188,68268.22621868216,1.0443033468969376,0.10238703595762468,0.9589352496058198,12289,0.999444555754246,1.529695081067828e-05,0.9994671146311932,1876.076154772122,306,919,0,74,14.843405797269929,4.675157924748462,-0.9459927004596963,21.410549122937784,71210.18722476061,4,0,10,12,4,34,30,17,89,2,1,35,0.8,0.25,uniform,257,1
910,29223.583342730446,26984.130843031737,5037,3.1902466848880314e-05,20987,5079,64364,0.9013386039216474,0.3683231145266877,0.999962897489046,26951.853740283386,1.08927158784283,0.17236079302550644,0.9233683127276112,8193,0.9994714069195407,4.041471101998806e-05,0.9994836404173894,1936.1348789722356,306,919,0,68,5.825275666066148,4.002433507863085,-0.5974899037393799,11.022688981407992,29223.583342615155,1,0,10,8,6,34,19,20,89,2,1,35,0.8,0.25,uniform,258,4
901,69931.65644605194,66416.78693127204,8437,1.3663599745305184e-05,49586,10552,156438,0.928740659185478,0.36801980198287165,0.9999849378245654,66390.97209016126,1.05518642001147,0.12064636287442493,0.9497385062301305,12289,0.9994075496258462,1.5893402974511424e-05,0.9997634006071655,4226.053514590127,306,919,0,74,14.074321641445396,4.011614080285066,-1.4487985461699495,20.98353281407036,69931.65644520713,5,1,10,15,6,34,24,14,89,2,1,35,0.8,0.25,uniform,259,1
914,26237.662258742195,23372.4157302397,5957,3.551778577759172e-05,19136,5303,56668,0.8767964025549592,0.36871804917050477,0.9999571199161645,23320.349923800277,1.1358585115006161,0.22704004424080013,0.8907964246110449,8193,0.9994732580111697,4.870570819850004e-05,0.9995563475012403,2253.5163447513746,306,919,0,68,4.867404805893429,6.849197786487539,-0.8738779640569124,13.464358520494795,26237.662258673063,1,5,10,8,8,34,21,21,89,1,2,35,0.8,0.25,uniform,260,1
908,39912.86382007376,36950.991314799656,6657,2.3683383218556877e-05,28618,6882,88035,0.905310036524348,0.3682059997500611,0.9999729134714199,36918.221311314526,1.0854629104059739,0.16678833245365698,0.9257915313061433,12289,0.9995114187357176,2.9401422145445724e-05,0.9997051189659646,3390.6980674640913,306,919,0,70,7.680894434224294,4.288882280479723,-1.1104852617639114,14.190747238231841,39912.86381978645,1,1,10,8,8,34,17,19,89,2,1,35,0.8,0.25,uniform,261,2
906,27163.3484153986,24806.708704198456,5228,3.4198063808033706e-05,19601,4963,59466,0.8909104711862127,0.36844692299154735,0.9999596286745499,24769.556190013664,1.1031499149499062,0.19246522630605825,0.9132419289713123,8193,0.9996394545099668,4.453562423703686e-05,0.999639470501858,2773.1981143560038,306,919,0,68,5.245110444996455,4.50214436882314,-0.7512137084935299,11.249682230806654,27163.348415309632,2,2,10,5,8,34,20,21,89,2,2,35,0.8,0.25,uniform,262,2
910,23384.858407899388,20914.654276734112,5283,3.926843364144838e-05,17039,4628,50614,0.8743491183563016,0.36885359190971106,0.9999520655692147,20861.33111857661,1.1315838462762615,0.22591541534480306,0.894367368487857,8193,0.9994637499649965,5.424182755714368e-05,0.9995664612558333,2306.0988860017924,306,919,0,68,4.382746127538772,3.56448564719765,-0.7567831928581051,9.460798160452631,23384.85840780579,3,1,10,8,5,34,17,19,89,2,2,35,0.8,0.25,uniform,263,1
915,44615.45518362414,41160.56191430074,8001,2.0805153277127425e-05,32057,7792,98216,0.8956515294912241,0.3683716167067469,0.999975673638969,41107.169111556475,1.0905375897500793,0.17933247497016963,0.9225628595493632,12289,0.9994886326090159,2.6528811126112793e-05,0.9995395377368522,2171.230589801253,306,919,0,68,8.87104467654139,5.293921140441784,-0.8809673854000034,15.92690058778318,44615.45518338187,3,2,10,10,8,34,20,18,89,2,2,35,0.8,0.25,uniform,264,1
917,24989.240740930378,22500.71328348201,5333,3.6978949648479934e-05,18149,4828,54286,0.8813464008427319,0.3686943139771396,0.9999554631878733,22452.835838008414,1.1220617942502544,0.21341184613364314,0.900416043718673,8193,0.9994524717205926,4.9973055325415e-05,0.999467720054247,1878.2106002441683,306,919,0,68,4.725852449036571,4.795514727820063,-0.724363634024486,10.970094444905605,24989.240740834946,1,1,10,6,8,34,21,14,89,1,2,35,0.8,0.25,uniform,265,2
896,29352.078745387676,26776.693535533283,5563,3.176604943011813e-05,21190,5384,64220,0.8942993977473169,0.3684554631951771,0.9999625979860394,26736.028170275407,1.1045180389930869,0.1895266106450521,0.912258847756768,8193,0.9995470331198923,4.131119911421094e-05,0.9995558693241455,2251.0895386752118,306,919,0,68,5.756299827999198,4.612442804370154,-0.7955034633605876,11.959749559090527,29352.07874529184,1,2,10,9,4,34,26,18,89,1,2,35,0.8,0.25,uniform,266,1
904,44974.497410343356,41766.597781830846,7318,2.0922436193810872e-05,32209,7630,99368,0.9065157321188451,0.36822151194705516,0.9999760359661416,41728.70159689523,1.081880559188006,0.16271443643341274,0.9286729188045413,12289,0.9994154546671833,2.5926222351287334e-05,0.9994316172251417,1758.8776893047586,306,919,0,70,9.14492781627755,7.015883593988645,-0.8051822302062207,17.771175870678636,44974.49741010664,4,2,10,11,10,34,23,27,89,2,1,35,0.8,0.25,uniform,267,2
886,46966.782785783595,44489.178294423546,5922,2.028350570665e-05,33341,7192,104912,0.9256415473971403,0.3680378543099653,0.9999775129929298,44469.624318294496,1.058221485297838,0.12608911338488643,0.947247728194191,8193,0.9993450819819061,2.379623402186719e-05,0.9993454667973087,1527.306320864146,306,919,0,68,9.910561154382577,5.662804097808589,-0.6914214157072682,16.956208083605702,46966.78278549801,4,3,10,12,5,34,25,18,89,1,1,35,0.8,0.25,uniform,268,1
907,33295.52656216342,30382.08911742623,6368,2.814272278134432e-05,24028,6120,72859,0.8929954408671898,0.36838618272911133,0.9999670412926787,30340.495784807343,1.1038319556989364,0.1912569242030402,0.9124976311968593,12289,0.9993903888846375,3.638087436002338e-05,0.9994419205692165,1791.359579261914,306,919,0,68,6.559975303662399,5.310579345023724,-0.7819269150879247,13.434408478861974,33295.52656203272,4,2,10,10,7,34,19,22,89,2,1,35,0.8,0.25,uniform,269,1
911,29720.856521564012,26559.915580384983,6621,3.128685209937412e-05,21648,5929,64302,0.878377544043478,0.36869877477291524,0.9999622683571721,26502.45415021766,1.131640128504341,0.22277285296929863,0.8936456983032907,12289,0.999418477422056,4.2698641138401454e-05,0.9994973349113014,1988.8961236253076,306,919,0,70,5.674643365952435,10.699883138956851,-0.8502428078033476,18.075012120515982,29720.85652145759,3,5,10,10,9,34,24,20,89,1,1,35,0.8,0.25,uniform,270,2
914,35048.981018412094,31867.727359074353,7016,2.642241898200699e-05,25345,6519,76545,0.8868558848118383,0.36853913099838154,0.9999685660112276,31812.19825981297,1.1090888331398632,0.20017700361429402,0.9092340613934953,12289,0.9994546097878221,3.48630859287662e-05,0.9994937946353056,1974.9827751474131,306,919,0,68,6.8528906837273205,5.567394430210119,-0.8164705894195344,14.053226292776507,35048.98101828113,4,2,10,10,6,34,26,21,89,1,2,35,0.8,0.25,uniform,271,3
914,47309.69500021266,44206.451972875,7102,2.0049373497028956e-05,33785,7792,104884,0.9138113238647722,0.3681276183973752,0.9999773637341032,44176.3975729149,1.0742344289739056,0.150117222272688,0.9344057697407749,12289,0.9995602818909689,2.431665616995511e-05,0.9995624051692162,2284.7189141448644,306,919,0,70,9.427439809399779,5.244685094548534,-0.924791043981545,16.5217069919114,47309.69499995265,1,2,10,9,11,34,22,26,89,2,2,35,0.8,0.25,uniform,272,1
912,21280.80110177884,17878.645289287484,6433,4.359923934042682e-05,15919,5167,44547,0.8454186468330569,0.36987380843261447,0.9999437806030491,17786.955112872114,1.2236605614038605,0.3022912515949539,0.840130275349128,12289,0.9993700553990035,6.87934588348015e-05,0.9994686918041682,1881.646716942959,306,919,0,70,3.779569570298831,9.547106858929977,-0.8872727765702872,15.101221982369383,21280.80110172318,2,1,10,7,11,34,14,28,89,2,2,35,0.8,0.25,uniform,273,1
909,27075.118424200788,24076.279638672877,6189,3.437023357317235e-05,19762,5502,58422,0.8764223645146197,0.3687579641278844,0.999958370197167,24020.752367401907,1.1382996432455201,0.22858625779704927,0.8892400491645704,8193,0.9994700558562709,4.738718971309518e-05,0.9995147959272511,2060.4884305200653,306,919,0,68,5.10059702105889,4.314581155729841,-0.8565247444235821,11.128227665635896,27075.118424117834,1,1,10,6,7,34,21,16,89,2,2,35,0.8,0.25,uniform,274,1
898,35066.110831827675,33011.2704294192,5034,2.7524997839310324e-05,24925,5627,78064,0.9162863954444195,0.3677534006063827,0.9999697144837308,33018.58381010369,1.0635963311563936,0.14355740858010696,0.9414009608233086,8193,0.9997750063902426,3.221156399106833e-05,0.9997756331810227,4456.487001743943,306,919,0,68,7.182083819047457,6.123037593815422,-0.6277404196327935,14.560602252128465,35066.11083167433,2,3,10,10,6,34,26,21,89,2,1,35,0.8,0.25,uniform,275,1
916,27168.78865362388,24506.78944574628,5562,3.464745944062264e-05,19700,5243,59081,0.8889439614094087,0.3684587982421472,0.9999591322670824,24468.682126595,1.118436516451604,0.20472020563412638,0.9020199523130917,8193,0.9994310726332898,4.5707964839848975e-05,0.9994314597086491,1758.3902462475621,306,919,0,68,5.172078746175614,8.592193468290104,-0.7599711781776978,15.284214570821112,27168.788653538166,1,3,10,8,10,34,21,22,89,2,2,35,0.8,0.25,uniform,276,1
911,26278.751042506647,23571.11062502968,5724,3.542610471129257e-05,19109,5172,56969,0.8804441877408374,0.36863231161615134,0.9999574909752568,23523.916424270945,1.1265533387489401,0.21781857100975852,0.8969646459568311,8193,0.9994342417302557,4.788868375174816e-05,0.9994342453523858,1767.0506114465984,306,919,0,68,5.045388387962893,4.467481764193103,-0.7238215006057738,10.960513153367543,26278.751042430278,2,1,10,7,6,34,23,20,89,2,1,35,0.8,0.25,uniform,277,1
904,32963.522252153765,30833.328882875052,4931,2.86569233002134e-05,23531,5397,73120,0.9133169716596853,0.36813411213542707,0.9999675451080294,30811.495948687145,1.0731008500149677,0.1495895967148298,0.9353772526799823,8193,0.9993088403810234,3.482737216089792e-05,0.999310882495932,1450.631272257084,306,919,0,68,6.709941055160038,4.515625346320666,-0.5828736023694033,12.391313606219512,32963.52225203308,2,2,10,11,9,34,35,22,89,2,1,35,0.8,0.25,uniform,278,1
904,21658.471069904645,19047.626246142227,5260,4.317345655712621e-05,15876,4591,46457,0.8711864917697175,0.3688003895653214,0.9999473736760809,19001.397250246675,1.1529291684477676,0.24286109499709752,0.879453872097634,8193,0.9995955487260173,6.067442387446039e-05,0.9995982110107303,2488.368568454553,306,919,0,68,4.027726910667841,5.708468620889124,-0.7639702286799311,11.264135988916829,21658.47106985193,1,3,10,5,8,34,15,18,89,1,2,35,0.8,0.25,uniform,279,2
915,28432.07663166866,25465.216308111118,6190,3.2707810006549794e-05,20690,5619,61589,0.8813392450290151,0.3686818340538519,0.999960648652081,25411.590125337792,1.1286681670814167,0.2177118499007335,0.8956509451633601,12289,0.9994601618320232,4.441461372831923e-05,0.999479461804785,1920.5885706495308,306,919,0,70,5.4460176390630615,10.979488896361568,-0.7686439197516804,17.96279437492799,28432.07663157744,2,4,10,12,10,34,25,27,89,1,1,35,0.8,0.25,uniform,280,2
897,22149.052232739694,19912.48749485579,4675,4.257492998176704e-05,16079,4341,48078,0.8857551407797428,0.36843511438953264,0.9999497057923554,19882.505352348522,1.1224383866967707,0.2110699794679988,0.8990221019670577,8193,0.9994453776603913,5.645214928878315e-05,0.9994724479737714,1895.0475992580793,306,919,0,68,4.297888445529046,4.638177489385812,-0.6405847390148105,10.21723541294448,22149.052232679198,3,1,10,6,9,34,17,20,89,2,2,35,0.8,0.25,uniform,281,2
910,36431.84531330786,33402.542853869476,6638,2.5788608740979632e-05,26236,6559,79930,0.8979387157877193,0.36832537113378033,0.9999700267039517,33362.53082300663,1.0976976231718862,0.18220323299339616,0.9168501503729256,12289,0.9994390667834864,3.290161583081959e-05,0.9994403799577166,1786.426661551606,306,919,0,68,7.234158163137148,4.897909339440678,-0.7728408067848511,13.677749116147528,36431.8453131451,5,1,10,11,5,34,29,22,89,2,1,35,0.8,0.25,uniform,282,1
910,31421.1909598142,28306.448778416176,6732,2.9349044617929376e-05,22818,6058,68277,0.8802363936539772,0.3687090290194794,0.9999645961981228,28245.054061258255,1.1215314129327676,0.21425031306451178,0.900871288253154,12289,0.9994744405690397,3.970647594274246e-05,0.9995680876219336,2314.784384596261,306,919,0,68,6.046898995796384,5.2400054480561975,-0.8588572590870086,13.004618962026598,31421.19095971943,4,3,10,8,7,34,20,22,89,1,1,35,0.8,0.25,uniform,283,4
913,38261.15107146004,35016.31959924066,6944,2.4746786375403847e-05,27567,6953,83862,0.9002079823280034,0.36828783986008273,0.9999714110418868,34978.03947571154,1.0996228853636953,0.18148957377238203,0.9151925286785274,12289,0.9994375643902855,3.1437072610033814e-05,0.9994822509890434,1930.9377362266112,306,919,0,68,7.501040529579229,9.40730710577504,-0.8803726295262247,18.669092894406717,38261.1510713164,3,3,10,8,9,34,26,24,89,2,1,35,0.8,0.25,uniform,284,1
906,35625.79388613641,32954.676978176816,6230,2.6275766227079613e-05,25556,6169,78543,0.8983723337656437,0.36823211341110096,0.9999696263239278,32922.74569298184,1.0866148172802725,0.17487329601444676,0.9250229506043641,12289,0.9995744831695401,3.300448647543132e-05,0.9996262451718788,2675.050690230889,306,919,0,68,7.020071556590479,4.680035203855443,-0.8443421047742351,13.388790969994393,35625.79388598215,1,1,10,9,8,34,23,18,89,2,1,35,0.8,0.25,uniform,285,1
905,32939.1648583536,30064.6964434083,6255,2.847325204491116e-05,23767,6047,72090,0.89406508422703,0.36838296720252967,0.9999666943226841,30024.411081197508,1.1034501424612866,0.18989552488346373,0.9127340226351757,8193,0.9993938470311183,3.67511543790083e-05,0.9993951616584222,1652.8342891200039,306,919,0,68,6.525165680423884,5.036672476241736,-0.7542077689061978,13.070253694478014,32939.16485821862,4,1,10,10,8,34,24,22,89,2,1,35,0.8,0.25,uniform,286,2
908,37519.78485065757,34727.07960598531,6270,2.5071081964527712e-05,26909,6466,82745,0.9049034082362002,0.36823866240750813,0.9999711764528504,34693.35619820005,1.0859455294768836,0.16711183246270966,0.9255671306275277,8193,0.9993583679974284,3.1300802170704036e-05,0.9994503453763662,1818.8242298325365,306,919,0,68,7.447555616133728,4.5957621412768495,-0.8167141747238947,13.676746106858367,37519.78485049361,1,2,10,10,8,34,28,18,89,2,2,35,0.8,0.25,uniform,287,1
903,27871.835730179013,25592.996315506214,5047,3.357849966145209e-05,20061,4978,61200,0.8976778212477831,0.36834107932103394,0.999960878998571,25561.217833000017,1.0959876927967196,0.18107885138456162,0.9182386321183243,8193,0.9994584782944215,4.287613609623636e-05,0.9994667139693263,1874.6662687111186,306,919,0,68,5.51412552240798,4.037761531073,-0.6590385374121382,10.869964128305257,27871.835730087834,2,2,10,6,5,34,22,20,89,2,1,35,0.8,0.25,uniform,288,1
904,37528.14555521731,34604.07090366012,6334,2.5297848069733195e-05,26951,6592,82594,0.9065101787117011,0.36821288294481297,0.9999710761575521,34573.05300325166,1.0902157752873929,0.16877998915988066,0.9220831563005204,8193,0.9994008624239248,3.1533229318442935e-05,0.9994016546925496,1670.7756959980163,306,919,0,68,7.478613567445173,7.1456778126977625,-0.824073502257024,16.272438384656983,37528.14555505393,3,3,10,9,10,34,20,26,89,2,1,35,0.8,0.25,uniform,289,1
909,27438.244886092554,24326.073780716022,6402,3.383493971314904e-05,20056,5632,59109,0.8739969023300821,0.368835826770396,0.9999587897881305,24265.330106001376,1.1426446926723997,0.2333239617394384,0.886575430815767,12289,0.9994692320787527,4.708862987727104e-05,0.9995012603453255,2004.5540796059686,306,919,0,68,5.204540873425892,8.692557663367474,-0.8324767032525174,15.5620519432984,27438.244886003373,2,2,10,9,11,34,24,26,89,2,2,35,0.8,0.25,uniform,290,2
916,33455.999823032435,31026.568716466027,5502,2.8522230929382823e-05,23961,5742,73865,0.9068315370050101,0.3681065998908887,0.9999677494733944,31006.745622450155,1.0828628270470608,0.1644548071826628,0.9273842922221116,8193,0.9995169771536639,3.4922896414179175e-05,0.9996010698128138,2506.204227595994,306,919,0,68,6.535399242912112,4.858138828086577,-0.7694042118715678,12.932346494741825,33455.99982290925,3,2,10,8,7,34,19,21,89,2,1,35,0.8,0.25,uniform,291,1
908,36645.322745437836,33604.5648092827,6759,2.5047695549410344e-05,26428,6517,80403,0.8939295978653907,0.36870174573853876,0.9999701805430017,33534.6512263426,1.0996543995920152,0.1844437296118906,0.9170219359977204,12289,0.9997806652925526,3.279109708174335e-05,0.9997812462381924,4570.849940447777,306,919,0,68,7.021717259674207,6.027141317848684,-1.0499397326770232,15.148738042876937,36645.322745274585,2,2,10,7,7,34,18,20,89,1,2,35,0.8,0.25,uniform,292,1
899,23621.776390534837,21116.614827306432,5297,3.9246782328338345e-05,17206,4703,51115,0.8767238124191679,0.3687236638174376,0.9999525388775725,21069.376746808863,1.1313882825649406,0.22424223785822006,0.8939469444714491,8193,0.9993667371574405,5.3696957792039116e-05,0.9993921572878756,1644.662390293688,306,919,0,68,4.566102516550132,4.710970787593465,-0.6890201509623518,10.655113606068301,23621.776390468618,3,2,10,7,7,34,16,23,89,2,1,35,0.8,0.25,uniform,293,1
901,51466.880256445336,47549.23774797705,8894,1.8176327960942217e-05,36946,8940,113389,0.9008246953136252,0.36829280937284303,0.9999789461388482,47496.7259364933,1.0884051931514707,0.17281016365638716,0.9238803189750817,12289,0.9995330448301992,2.29151318138524e-05,0.9995949225264917,2468.16353160181,306,919,0,72,10.363929615667193,7.878109321740146,-1.0604611182082808,20.362961173823898,51466.880256109005,5,2,10,12,8,34,29,17,89,2,1,35,0.8,0.25,uniform,294,1
896,39343.0846474311,36188.44393082247,7020,2.3820056974455673e-05,28295,6976,86470,0.8989502996567339,0.36831867373599275,0.9999723348513362,36146.06158505432,1.0937785329934764,0.17843034075515404,0.9198171484295498,12289,0.9993975892899393,3.025954572063415e-05,0.9994723353056628,1894.6428578095577,306,919,0,68,7.871924069028793,4.98508439026368,-0.9100144683060059,14.677037395904485,39343.0846472599,1,1,10,10,7,34,23,21,89,2,2,35,0.8,0.25,uniform,295,1
900,27981.078847882764,25291.130564143357,5774,3.3371162895912535e-05,20278,5347,60913,0.885760227567306,0.36851899960980805,0.9999603939791436,25248.186392784864,1.11625017160934,0.20635373036865232,0.9038654549968167,8193,0.9992338038384776,4.4210227578223314e-05,0.9994467147394022,1806.8858924093497,306,919,0,68,5.398227468184917,6.246869982549227,-0.819790053549791,13.284677557833726,27981.078847806184,0,1,10,6,6,34,20,20,89,2,2,35,0.8,0.25,uniform,296,1
909,30205.543989149122,27436.40592094868,5902,3.115798241266085e-05,21838,5665,65933,0.8926133833844505,0.3683938535110202,0.9999635019092471,27398.193445615423,1.1094659679873813,0.19539459385734628,0.9083235160672752,8193,0.9993050609989202,4.049338958725623e-05,0.9993219652981502,1474.3507103661718,306,919,0,68,5.932297952263994,5.1898206288116056,-0.7135863137497633,12.549291208575127,30205.54398903253,2,1,10,10,5,34,23,21,89,2,1,35,0.8,0.25,uniform,297,1
913,23350.475920350145,20685.98181945114,5594,3.9439338431344363e-05,17081,4796,50281,0.8686245047790296,0.36895546036444465,0.9999515238048226,20628.18168889126,1.144384886758274,0.2395668516171347,0.8858912293698958,8193,0.9994499433316166,5.547542512863146e-05,0.9994511580328326,1821.5180574962621,306,919,0,68,4.361335105487026,4.634934972830804,-0.753774625130263,10.503819328578356,23350.475920267923,2,1,10,6,7,34,19,24,89,2,2,35,0.8,0.25,uniform,298,1
900,42010.6477111265,39259.815869036574,6662,2.218768105641685e-05,30013,6903,93140,0.9053265877016423,0.36822472762623276,0.9999745051547668,39223.115236720485,1.0746722617934537,0.1585788451967993,0.9345206038953461,12289,0.9995576604996563,2.73986029912442e-05,0.9995593974946443,2269.1193772469646,306,919,0,68,8.588737305129312,6.1933777225590285,-0.7469621861811806,16.276039400050703,42010.64771089722,1,3,10,15,6,34,31,19,89,1,2,35,0.8,0.25,uniform,299,2
890,20585.166382093856,17988.141593622015,5346,4.432403174774466e-05,15158,4411,43999,0.8587940632698193,0.36935824484260543,0.9999441969198193,17919.657749393562,1.1650351763610305,0.2597015686329479,0.8738399903956627,8193,0.9995006223767029,6.501255136017475e-05,0.9995693411399819,2321.5234793241234,306,919,0,68,3.835759318758156,6.875487915350356,-0.7901207670963426,12.291488768301198,20585.166382052517,0,4,10,3,10,34,17,24,89,1,2,35,0.8,0.25,uniform,300,2
906,24221.68419728659,21766.584923565955,5304,3.797376529449661e-05,17611,4711,52561,0.8774990318893454,0.36875913277355,0.9999539523434783,21716.13175413987,1.1249971355666313,0.21897734099737684,0.898640439131988,8193,0.9994103434666828,5.180348168661652e-05,0.9994558999171288,1837.3971200406813,306,919,0,68,4.623480452627032,7.70185852042851,-0.7234697012845491,13.772278375624639,24221.68419721946,2,4,10,6,9,34,21,23,89,1,2,35,0.8,0.25,uniform,301,2
913,63366.12759166729,60503.58253208403,7561,1.4872838909882873e-05,44835,9269,142170,0.9252960462162391,0.36804067392055057,0.9999834649818196,60477.20792051978,1.0493855522042361,0.11932242488799771,0.9548253117496849,12289,0.9994449566875073,1.735160918424124e-05,0.9996762743577199,3088.5354691152647,306,919,0,68,12.890738948628579,7.091221305386275,-0.9901214218298272,21.962203097674507,63366.12759114262,4,4,10,12,11,34,32,25,89,1,1,35,0.8,0.25,uniform,302,1
912,31679.734551626218,27721.13892527555,8176,2.8762186464128243e-05,23319,6752,67762,0.8593109098899561,0.3693820204009045,0.9999637868702126,27613.793648774146,1.1633801946942028,0.25808297057149115,0.8750432829574495,12289,0.9995879690219575,4.212963798282971e-05,0.9996301106064104,2703.0108492617414,306,919,0,68,5.893962698182351,6.886397204534779,-1.0533475104856327,14.887054923688396,31679.734551526006,3,2,10,5,7,34,21,22,89,2,1,35,0.8,0.25,uniform,303,1
901,25705.419256696507,23451.61419937498,4901,3.643007380469526e-05,18553,4725,56244,0.8935825604452556,0.3684052605140097,0.9999573006610539,23419.06631017197,1.1041085362647716,0.19066018535073076,0.9123217935169686,8193,0.9994565115537342,4.7144704623327914e-05,0.9994669938106682,1875.6507771094405,306,919,0,68,5.041078523677456,4.4287206457943205,-0.6648968939936507,10.799592957459078,25705.419256608333,2,1,10,5,8,34,21,26,89,2,2,35,0.8,0.25,uniform,304,1
906,24113.20391460765,21553.52834459114,5414,3.818814287105358e-05,17574,4786,52175,0.8760449915866523,0.3688592368864649,0.9999534865916889,21498.677035830096,1.1323147647293446,0.22452429047473976,0.8938475542660729,8193,0.9994558062847654,5.266781898874988e-05,0.9994740968319935,1900.9906883651786,306,919,0,68,4.636133869257258,5.250052894365597,-0.6868692023845283,11.259925168391913,24113.203914537295,2,2,10,8,5,34,22,19,89,1,1,35,0.8,0.25,uniform,305,1
910,38738.15262938136,35462.28177178757,7383,2.3482602246612392e-05,27966,6927,84912,0.889296736695081,0.3687676375271162,0.9999717374025492,35381.95207907096,1.102153081983166,0.19058730215235628,0.9154355426048592,12289,0.9997264198444856,3.1149708885428035e-05,0.9997313554786609,3721.8911695659954,306,919,0,68,7.610342556786484,3.9829608639230876,-0.9035371419368364,13.400377704583244,38738.15262919111,2,2,10,9,5,34,21,15,89,2,2,35,0.8,0.25,uniform,306,1
910,27328.293953431996,24829.52687460361,5318,3.4419981294811085e-05,19755,5118,59661,0.8930950563177862,0.3683970618830792,0.999959670770272,24795.41121898009,1.1090962165232638,0.19459685295620674,0.9085648345598762,8193,0.9993608250905778,4.4728996106712376e-05,0.9993615827157051,1565.8735782605706,306,919,0,68,5.316311001531726,7.341333186149371,-0.6899074497520521,14.037459087185201,27328.293953341188,4,3,10,9,10,34,27,22,89,2,2,35,0.8,0.25,uniform,307,1
913,36486.94277852368,33518.00371931591,6612,2.564408736957936e-05,26257,6506,80136,0.8972746994653974,0.3683443029967545,0.9999701286210262,33476.36093776762,1.0954838211106408,0.18121551153613896,0.9186300952307987,12289,0.9994184812889028,3.2723612379980694e-05,0.9994674005221744,1877.0834712377905,306,919,0,68,7.196597767152188,4.562885195658099,-0.7961607823273861,13.35180452746506,36486.94277837426,2,0,10,10,6,34,24,23,89,2,1,35,0.8,0.25,uniform,308,1
912,25610.03726344066,20377.012532226443,9849,3.2771710202684214e-05,19912,6574,52098,0.7954306122684967,0.37742062807147475,0.9999497491518989,19899.66164062326,1.3708448448622987,0.38457577779708413,0.7956650871928028,16385,0.9997705597933009,6.888611606930027e-05,0.9997866766272565,4687.218853056963,306,919,0,72,4.18286743030389,13.942982413519061,-1.4333688116631507,20.992587467149253,25610.037263369708,2,2,10,6,11,34,14,27,89,2,2,35,0.8,0.25,uniform,309,1
910,28132.39922242753,24951.101327632932,6607,3.276015406200341e-05,20570,5748,60616,0.8719375155129585,0.36895683721493683,0.9999598104650305,24881.599298321882,1.1428891489204214,0.23485376941234395,0.8869169362470007,12289,0.9995287704475562,4.593218341677651e-05,0.9996125491691664,2580.472623897291,306,919,0,70,5.25498258932462,5.837842827253474,-0.9279622947084559,12.948750005995006,28132.399222350497,1,3,10,7,9,34,21,25,89,2,2,35,0.8,0.25,uniform,310,1
916,21527.96683779011,18598.172017529843,5928,4.236347929521454e-05,15932,4785,45734,0.851971318691367,0.369584737455665,0.9999459956891679,18516.540294530052,1.1820630268878218,0.2753627430154719,0.8639075003071206,8193,0.999538650708193,6.383649912725396e-05,0.9995830055865675,2397.613627650764,306,919,0,68,3.8134490309967966,4.876788060222437,-0.8869804095548239,10.464197910328883,21527.966837726424,0,1,10,2,7,34,15,16,89,2,2,35,0.8,0.25,uniform,311,1
896,36270.4721796218,33428.190989282855,6576,2.543458376745881e-05,26077,6348,79801,0.8942000570730713,0.36842371751278974,0.9999700428903837,33380.55754306782,1.0920307592191147,0.18130450487200053,0.9216364987954071,12289,0.9994569461621092,3.2714085158610055e-05,0.9994894134559478,1958.0317903859182,306,919,0,68,7.282245449949439,9.272813554529899,-0.8138420901149415,18.182743184709224,36270.47217948843,0,3,10,9,14,34,20,23,89,2,2,35,0.8,0.25,uniform,312,1
883,57495.72524314135,54707.764996014535,6890,1.6567442811141185e-05,40736,8586,128751,0.9279520927222082,0.36801483147795133,0.9999817143277149,54687.12561088394,1.053091988118427,0.11983499592122993,0.9515101299211911,12289,0.9995985575342798,1.925649498125238e-05,0.9995989962031284,2493.2419405961955,306,919,0,68,12.130291912980246,6.137915030596654,-0.892522411540659,20.053251766658217,57495.72524275979,2,2,10,12,9,34,29,21,89,1,2,35,0.8,0.25,uniform,313,1
914,33878.11222287793,31302.446947970933,5701,2.789605297638223e-05,24311,5892,74644,0.9053012609798714,0.3682233439951979,0.9999680245460062,31273.4891076623,1.0878639969622403,0.16827974246304397,0.9239725856635056,8193,0.9994436336854245,3.4784945186384324e-05,0.9994446616138541,1800.2038577559474,306,919,0,68,6.7420621039014295,6.9778403683243315,-0.6710915553426113,15.062085582910985,33878.112222745265,3,2,10,10,11,34,20,23,89,2,2,35,0.8,0.25,uniform,314,1
903,51684.009733398925,48443.16258192569,7487,1.8328907786957175e-05,36861,8374,114776,0.9162301884920271,0.3681217131450763,0.9999793439375246,48411.43722942227,1.0706407552833066,0.1448610515828805,0.9372949744381199,12289,0.9994813867724965,2.2115222329925375e-05,0.9996287635633357,2693.2010749770516,306,919,0,68,10.393159104516137,4.089551962863923,-1.0540191309288085,16.590749329237674,51684.00973303393,3,1,10,9,5,34,28,18,89,2,1,35,0.8,0.25,uniform,315,1
915,31799.319130436223,29054.40594730212,5985,2.9431131844127944e-05,22936,5806,69634,0.8947203528619941,0.3683897764402546,0.9999655358895497,29015.19159441713,1.1022233949150764,0.18821157696648763,0.9136801271789856,8193,0.9994315858528569,3.7987148823368804e-05,0.9994399402964358,1785.0238780612003,306,919,0,68,6.233401088031016,8.063347152937785,-0.7172697601257959,15.731287761220393,31799.319130317414,3,3,10,10,10,34,24,29,89,2,1,35,0.8,0.25,uniform,316,1
911,22885.097725307394,20154.901836309273,5615,3.99782790037629e-05,16795,4775,49122,0.8665527383170109,0.36922390870689664,0.9999502135787465,20085.297986987694,1.153776099033679,0.24535617314802527,0.8806998369957169,8193,0.9994760339188193,5.744238289893339e-05,0.9995237522470177,2099.2474000296793,306,919,0,68,4.255880100577924,6.207895222809267,-0.7682906404226769,12.000356604232545,22885.09772525774,2,3,10,7,7,34,21,24,89,1,2,35,0.8,0.25,uniform,317,1
893,40470.417919450665,37307.09008640922,7088,2.3201011123074775e-05,29077,7109,89055,0.9004837557417529,0.36829398421066095,0.9999731662994953,37266.07080950623,1.0910064733554121,0.17514027194153103,0.9218360472743943,12289,0.9993813127866583,2.927574095487042e-05,0.9994315324919489,1758.6154444185206,306,919,0,70,8.159889655667259,6.807409315940573,-0.9040337305075369,16.775366432622906,40470.41791927046,2,0,10,12,7,34,31,27,89,2,2,35,0.8,0.25,uniform,318,1
912,25847.761832081655,23490.73266991858,5104,3.620670608387896e-05,18685,4833,56437,0.8901754274771548,0.36841189815401276,0.9999573695715278,23456.9231525939,1.1089138528072535,0.1974639055078661,0.9088110925241665,8193,0.9995220411230271,4.727347268400908e-05,0.9995227059987126,2094.6446662101316,306,919,0,68,5.031038490295304,6.2114188126702885,-0.6373303325118469,12.517117967989286,25847.761832000608,2,2,10,9,9,34,27,22,89,1,2,35,0.8,0.25,uniform,319,1
915,53148.65181984037,49128.03112267378,9733,1.7218843522357724e-05,38177,9169,117122,0.8902819211859033,0.36847400444417,0.9999796131779681,49050.79393890238,1.0888968679364353,0.18312788126766133,0.9243514076181009,16385,0.999632743142779,2.219914665811672e-05,0.9997135482943196,3490.48983643957,306,919,0,70,10.371171368705447,4.717742453569569,-1.2460202858201814,17.580954393915377,53148.65181945475,3,1,10,8,6,34,20,17,89,1,2,35,0.8,0.25,uniform,320,1
911,26705.15060738653,24331.421759833815,5025,3.554663422778035e-05,19275,4954,58391,0.8974699413543057,0.36829139239554765,0.9999588559620167,24304.357978825476,1.105053007309686,0.18816594872938505,0.911113444651529,8193,0.9994201812053902,4.5466342906547193e-05,0.9995038211750457,2014.9023694397101,306,919,0,68,5.0771647638338635,4.784892374106678,-0.7856564452316953,11.433370028403933,26705.15060729362,1,2,10,8,6,34,15,19,89,1,2,35,0.8,0.25,uniform,321,3
910,34194.906701322856,31524.975214172857,5759,2.779705492450699e-05,24558,6012,75251,0.9070197842873888,0.3682031694117821,0.9999682517003949,31497.24987497565,1.0903840095042059,0.1684168946651113,0.9219201996814715,8193,0.9993299031296367,3.4617838218734376e-05,0.9993409547291384,1516.846391827828,306,919,0,68,6.8301664196369245,8.394864365944711,-0.6851976905122874,16.59542616660621,34194.906701178916,5,5,10,8,12,34,26,28,89,2,1,35,0.8,0.25,uniform,322,1
896,26797.11511354855,23972.482329326118,5942,3.4721767363159935e-05,19509,5327,58010,0.878665252709628,0.3686809284084294,0.9999581980741423,23921.84279490129,1.1301675776598026,0.221740287147393,0.8945919076641834,8193,0.9992709435374485,4.724318128818816e-05,0.9994086170339739,1690.451597010869,306,919,0,70,5.230979586904498,6.621523397470764,-0.7505193223537866,13.353541629082835,26797.115113477117,2,4,10,7,8,34,16,22,89,1,1,35,0.8,0.25,uniform,323,1
907,44351.67544438366,41923.55312266622,5961,2.128890491897561e-05,31518,6870,98954,0.9193065709908705,0.3680806899803909,0.9999761340833401,41900.2580643926,1.0608395981807175,0.13440303980116838,0.9452529741573739,8193,0.9993662100020511,2.5317909439751424e-05,0.9993662248542163,1577.3466119562104,306,919,0,68,9.144407070976051,3.7645896500124927,-0.6354552099864675,14.179907140961479,44351.67544416502,3,2,10,9,6,34,24,16,89,2,1,35,0.8,0.25,uniform,324,1
891,24547.718450699842,22017.222889180666,5428,3.763892524488642e-05,17857,4820,53214,0.8771588679820298,0.36871667556715404,0.9999544811203114,21968.406235565737,1.1271543149189793,0.2211203461087949,0.8969152442170432,8193,0.9993360067016862,5.130680165153883e-05,0.9994192512290738,1721.4149173424478,306,919,0,68,4.781863113730643,6.162965396602544,-0.7282869313041186,12.401402372941426,24547.718450629865,1,3,10,9,9,34,22,21,89,2,2,35,0.8,0.25,uniform,325,2
912,24421.01545474382,21874.717911260905,5447,3.791761749512396e-05,17774,4825,52902,0.876471692866958,0.3687195793971045,0.9999541845988429,21826.221464160757,1.1288107897844044,0.22304559816909297,0.8957333470345806,8193,0.9994330592935029,5.1716919164658134e-05,0.9994445180413436,1799.738439243471,306,919,0,68,4.609728561744688,6.288259413005792,-0.7457572835781722,12.389502541906824,24421.01545467224,2,3,10,8,8,34,20,21,89,1,2,35,0.8,0.25,uniform,326,1
914,42985.71960129139,39765.843161785146,7108,2.2044554707453105e-05,30830,7436,94774,0.9072086227985545,0.36820113390062054,0.9999748310917026,39731.06038915079,1.0863227587542408,0.16535724110075056,0.9250942762068007,12289,0.9993298457572906,2.7341557896693833e-05,0.9993838379602058,1622.4496524749918,306,919,0,68,8.539560454547244,8.74698762208507,-0.8665051036693936,19.0195582839711,42985.719601050034,3,2,10,10,6,34,25,27,89,1,1,35,0.8,0.25,uniform,327,1
915,26360.462455666748,23963.13382857253,5472,3.6207794787845456e-05,18997,5028,57569,0.8839209997857359,0.3676524815454698,0.9999582834234453,23970.786295348742,1.1040748731286234,0.20758361160024627,0.9090558964537869,8193,0.9996936797750535,4.605822396708389e-05,0.9997530189530884,4048.393659739535,306,919,0,68,4.919070534535667,7.4692279426769455,-0.8427791825350147,14.073856842282641,26360.46245559837,2,3,10,10,11,34,22,27,89,2,2,35,0.8,0.25,uniform,328,1
908,25808.816964331825,23096.00936783785,5695,3.608198133764663e-05,18786,5124,55881,0.8794355874214977,0.36865942730153645,0.9999566136356777,23048.216237522687,1.129642207756189,0.22066102479127872,0.894888339893955,8193,0.999449434280525,4.901106837968236e-05,0.9994534377300699,1829.1176485560925,306,919,0,68,4.9107874641048905,5.3858387351196475,-0.7739739817684868,11.84457416276151,25808.816964265134,2,1,10,7,8,34,20,18,89,2,2,35,0.8,0.25,uniform,329,2
900,31591.96700556824,28641.732189317827,6375,2.9578470631246763e-05,22864,5965,68888,0.8878521401347199,0.3684773987735868,0.9999650307917434,28596.08681887657,1.1122562775538964,0.20179180355804927,0.9066143992955418,12289,0.9995303751167788,3.889472140477294e-05,0.9996133269836472,2585.6643953599173,306,919,0,68,6.046874554227487,3.8356844974845705,-0.9735625581003626,11.829684167912783,31591.967005475322,2,1,10,6,4,34,22,12,89,2,2,35,0.8,0.25,uniform,330,2
906,42016.42487574482,39060.55686849068,6853,2.2350524007725236e-05,30078,7093,92886,0.9053421723802728,0.3682262323567466,0.9999743754275886,39024.54142861235,1.0806882006894756,0.16310288227202524,0.9296497020868499,12289,0.9994302630823141,2.7692173052804307e-05,0.999432981905274,1763.112100744526,306,919,0,68,8.51737080648519,4.1957255152310875,-0.7577781726636506,14.228652667043578,42016.424875544246,6,0,10,13,5,34,26,18,89,2,1,35,0.8,0.25,uniform,331,1
914,36818.4977441771,33052.85421030206,8404,2.388309318415719e-05,26875,7011,79841,0.8668365574404551,0.3696477285856855,0.9999696120988089,32907.333733990614,1.1316134843027057,0.2282548315358441,0.8977241396419934,16385,0.9997255402748293,3.438735874766399e-05,0.9997480978402647,3969.2952401934194,306,919,0,68,6.952296915842391,4.702774314569987,-1.1042671419336814,13.86360551427974,36818.49774403665,2,3,10,7,5,34,24,20,89,2,2,35,0.8,0.25,uniform,332,1
911,50070.70004295871,46494.05428891804,8000,1.8814684043555987e-05,35860,8492,110622,0.9092498666856615,0.36821486909966017,0.9999784726469221,46452.02931662029,1.082008537091029,0.1597740793145754,0.9285680897017208,12289,0.9995521966857939,2.3292779811284746e-05,0.9996907841310577,3233.486649687632,306,919,0,68,9.70403122416872,5.537420287523919,-1.2884385985965698,17.81832870888578,50070.7000426959,2,2,10,8,11,34,24,23,89,2,2,35,0.8,0.25,uniform,333,1
903,40543.81974400367,37780.66475903501,6439,2.287054860725652e-05,29007,6732,89745,0.9066903291557751,0.36829828437917567,0.999973502351352,37738.69766331865,1.0783938853451527,0.15881582052841264,0.9318476896746435,12289,0.99958750222969,2.8574902278488944e-05,0.999599558085693,2496.7410502160337,306,919,0,68,8.172840792342829,4.551607085432466,-0.8069642450406647,14.338376367856624,40543.819743786466,3,1,10,11,5,34,27,21,89,2,2,35,0.8,0.25,uniform,334,1
907,29851.227467535606,27228.7205621683,5598,3.1578422236907684e-05,21541,5498,65310,0.8968266837500701,0.36834968098639104,0.9999632287376337,27194.650112732015,1.1040183437269775,0.18752997698630808,0.9121474348678161,8193,0.9994120468654407,4.059614817448934e-05,0.9994569984641963,1841.1153721230144,306,919,0,68,5.840779782683603,6.904104079407632,-0.7416298021952631,14.228143466481761,29851.227467425655,3,3,10,7,8,34,24,31,89,1,2,35,0.8,0.25,uniform,335,2
909,29248.017211001268,26354.77438581136,6109,3.1824863811764873e-05,21228,5647,63564,0.8852940047000698,0.36859647092408354,0.9999619851105913,26304.982284291895,1.1205591719940884,0.20886885958553722,0.9010790097558596,8193,0.9994222001496602,4.259793299938623e-05,0.9994980972147548,1991.917672107533,306,919,0,68,5.632004638881659,4.445453088903926,-0.8032026682462466,11.683863064278079,29248.01721089633,3,1,10,5,6,34,21,21,89,2,1,35,0.8,0.25,uniform,336,1
912,29911.001035036305,27198.060951057898,5947,3.11347809631865e-05,21623,5572,65327,0.88832365190581,0.36848116914752727,0.9999631744302168,27154.54487162454,1.1086512981814676,0.19882316854036317,0.909299589111023,8193,0.9994020370672626,4.082671574634337e-05,0.9994110665122572,1697.484563453192,306,919,0,68,5.8567619852413895,5.016585677686403,-0.7026680662780085,12.278683795483808,29911.001034928453,3,2,10,7,9,34,16,20,89,2,2,35,0.8,0.25,uniform,337,1
909,38872.163813696396,36461.48447165582,5684,2.429267145826384e-05,27716,6275,86359,0.914331272477301,0.36812550258252297,0.9999725559445706,36437.263453319734,1.069818066085734,0.14622288656844137,0.9379844313891478,8193,0.9994239707810442,2.9360146305189233e-05,0.9994584778902438,1846.146623544831,306,919,0,68,7.774940391917645,7.32288237203081,-0.7777909202093377,16.65340460436713,38872.16381361714,1,4,10,9,13,34,29,23,89,1,2,35,0.8,0.25,uniform,338,1
909,48470.37758778973,45803.09517358865,6670,1.9411890989838066e-05,34453,7522,108125,0.916501308823198,0.3681097737064162,0.999978154190916,45774.87028329604,1.061309841907814,0.13760982133715116,0.9449708760908642,12289,0.9994071327600978,2.3185172185641202e-05,0.9994647486171082,1867.7809761582155,306,919,0,68,9.88420038679338,3.335214816735455,-0.7803491374063225,14.78011347834148,48470.377587487645,1,2,10,11,5,34,31,18,89,2,2,35,0.8,0.25,uniform,339,1
903,26776.68749995028,23817.07501237381,6288,3.404288070540967e-05,19568,5390,57782,0.8695211148248198,0.36907381599140576,0.99995788377948,23743.320967457614,1.1399812857652682,0.23483113809397357,0.889470552039644,12289,0.9995336338042063,4.801170322029795e-05,0.9995518795226771,2231.042707523617,306,919,0,68,5.097838631292722,7.682079866757462,-0.8327676809702983,14.445453859990781,26776.687499867538,2,2,10,5,8,34,13,23,89,2,1,35,0.8,0.25,uniform,340,1
911,76788.2079235512,73436.6113889999,8912,1.2237606960745903e-05,54299,11119,172436,0.9269009376727251,0.36805001653148867,0.9999863766773517,73403.03200165967,1.0476802032429553,0.11605948674922337,0.9563527184032203,12289,0.9996210478368497,1.4272885440956215e-05,0.999655020671912,2898.2243833512553,306,919,0,68,15.85128158146225,6.382492127808144,-1.0067223532965082,24.24721841586341,76788.20792282613,4,4,10,12,10,34,27,25,89,2,1,35,0.8,0.25,uniform,341,1
911,23275.225199113553,20988.87179390316,4877,4.0008048514931764e-05,16886,4484,50605,0.884281120819876,0.36857269957385663,0.9999522695645751,20950.492608954657,1.1194473319488671,0.20953610365865516,0.9017687955475735,8193,0.9994376116033256,5.343170858955394e-05,0.9994381981044005,1779.4868272493193,306,919,0,68,4.491612678271139,4.876209588574971,-0.6182062457810559,10.604234758408221,23275.225199057746,1,2,10,4,9,34,23,25,89,1,1,35,0.8,0.25,uniform,342,1
899,20701.581185846062,18012.23729736369,5424,4.3719036507099006e-05,15284,4470,44145,0.8585419288811034,0.3696255130219159,0.9999442353009261,17931.991636262803,1.172586518003948,0.26200897174504034,0.8700899286707089,8193,0.9994603286075032,6.538893431475672e-05,0.9994944541741793,1977.5600048929111,306,919,0,68,3.8367043100147207,8.281578365979133,-0.7687642518972184,13.65581117978829,20701.581185794166,2,2,10,5,8,34,17,24,89,1,2,35,0.8,0.25,uniform,343,1
913,23441.34102226653,20759.33274853731,5539,3.9684486438997055e-05,17141,4838,50468,0.8722757994938652,0.36882715574951824,0.9999517101970984,20707.805681907488,1.1440349564425702,0.2362919422885661,0.8855863975025308,8193,0.9993036175557723,5.524522255950818e-05,0.9993782308517172,1607.8139064318825,306,919,0,68,4.383299859922267,5.69027839184083,-0.7517146027708854,11.577007457304868,23441.34102219424,2,2,10,10,6,34,24,23,89,1,2,35,0.8,0.25,uniform,344,1
907,23453.15771864763,20940.13569136335,5212,3.982599622220357e-05,17086,4701,50718,0.8796732268292454,0.36866535398593575,0.9999521467438003,20896.71952536909,1.1325404911210575,0.2222302029656302,0.8928493102109583,8193,0.9993447301376188,5.419575027828427e-05,0.9993552240743722,1550.4263382785718,306,919,0,68,4.49726739375943,6.801267124510104,-0.6743219598408022,12.647178437951139,23453.157718577055,2,2,10,9,9,34,21,24,89,1,2,35,0.8,0.25,uniform,345,1
912,46960.94971615374,44358.7644686424,6101,2.0293876477556647e-05,33377,7303,104736,0.9242931761004658,0.36804938817828997,0.9999774462756763,44338.07511094534,1.0614323283568339,0.12991645264578974,0.9445883172457172,8193,0.9993914912758532,2.3939252122325803e-05,0.9994065204614069,1684.4780078523818,306,919,0,72,9.53198465831593,7.30628353671359,-0.7664692267451727,18.371206648519866,46960.949715878625,3,4,10,8,10,34,25,26,89,1,2,35,0.8,0.25,uniform,346,1
910,20345.95848190852,17855.542434788385,5081,4.5058027659315886e-05,14950,4302,43589,0.8650441138787054,0.36920951872503516,0.9999438034916613,17794.199871930065,1.1583727919356999,0.24973018619486462,0.8775965236862842,8193,0.9993949893623506,6.509650626139696e-05,0.9994718359151039,1892.8509591894335,306,919,0,68,3.783514357827116,3.828642864557753,-0.6881248689538577,8.988406960292584,20345.95848185343,1,0,10,7,6,34,21,19,89,2,2,35,0.8,0.25,uniform,347,4
909,23669.005956044268,20741.223096252343,5829,3.954678942910742e-05,17379,5076,50672,0.8703292170244221,0.3689004033584112,0.9999516582703442,20685.561647452494,1.1583533875836967,0.24627143238820595,0.8763030916790882,8193,0.9993358412466382,5.5996806308392115e-05,0.9993806151948577,1614.0051666071922,306,919,0,68,4.431826785118181,10.478331718066604,-0.7758752954046667,16.46190909399412,23669.005955976347,3,3,10,6,10,34,16,30,89,1,2,35,0.8,0.25,uniform,348,1
916,34990.18762649669,32547.115994172338,5455,2.7142130328979727e-05,25035,5895,77379,0.9119068771132238,0.36815292206065037,0.9999692530960725,32523.099848638998,1.0796034847731766,0.15590085021062142,0.9301783786242315,8193,0.9992804861320865,3.3194464625893967e-05,0.9993421225374595,1519.5398567531417,306,919,0,68,6.941903446681248,7.402790742359669,-0.6978755110386329,15.740445211118184,34990.18762635705,2,3,10,10,7,34,26,20,89,2,1,35,0.8,0.25,uniform,349,1
913,30748.639203208066,28189.8945135861,5583,3.059566569442196e-05,22142,5538,67459,0.8986120189122102,0.36830628815918354,0.9999644857686981,28157.22616319965,1.0976879533067654,0.18156901068381312,0.9167851080266665,8193,0.9994863620844238,3.898354387122171e-05,0.999509010550461,2036.2036009528326,306,919,0,68,6.020907547285585,5.870640998845216,-0.7148294084842601,13.321207363099322,30748.63920308934,5,3,10,9,10,34,28,22,89,2,1,35,0.8,0.25,uniform,350,1
907,25580.363863599778,22840.920814273384,5739,3.6154922384702546e-05,18645,5106,55318,0.8771456478953545,0.36879749286375435,0.9999561150782716,22786.369850867235,1.1332542852215666,0.22435177351665644,0.8929083626826532,8193,0.9993901111984966,4.973277560540098e-05,0.9994218420435201,1729.1310825244548,306,919,0,68,4.897246880031194,5.68300879153977,-0.7434066731143683,12.0670690177997,25580.363863515122,2,1,10,8,5,34,25,22,89,2,2,35,0.8,0.25,uniform,351,1
916,43854.30925713211,40486.27462237849,7590,2.1260585792078574e-05,31495,7632,96578,0.9008909172866374,0.368326165762132,0.9999752714188607,40438.53668854105,1.089451319265034,0.17307307146254103,0.9231994599434749,12289,0.9995123439456646,2.6940585346115965e-05,0.9995836461386082,2401.303077334792,306,919,0,68,8.67673857981241,4.9028819633397385,-0.8984381138278639,15.376496770807877,43854.30925687245,4,1,10,11,6,34,25,16,89,1,1,35,0.8,0.25,uniform,352,1
910,30401.584792378508,27534.03556176626,6230,3.04890178031596e-05,22020,5747,66254,0.8852804055099202,0.36856254294754187,0.9999636158038152,27483.960418221093,1.11407849159868,0.20492352759063479,0.9056776398271473,12289,0.9995119148439934,4.053485040364886e-05,0.9995573623665432,2258.6842809649947,306,919,0,68,5.89307494677091,5.7672358556883445,-0.7885920405463052,13.237494883551864,30401.58479229333,3,2,10,7,6,34,24,21,89,1,2,35,0.8,0.25,uniform,353,1
917,20672.95940720753,17946.060717491127,5441,4.4710608926353355e-05,15252,4551,44033,0.860434580439553,0.36923795863443787,0.9999440815524401,17882.686021354206,1.1731830836428607,0.263194054263127,0.8680934530947861,8193,0.9993684830880094,6.560257674108362e-05,0.9994369273592054,1775.469743727036,306,919,0,68,3.760541832306976,5.680537812036332,-0.7482824658731272,10.937644576089562,20672.959407155773,1,2,10,7,8,34,18,24,89,1,2,35,0.8,0.25,uniform,354,1
907,35393.64225095028,32691.547879415684,6028,2.6623567624097155e-05,25405,6163,77968,0.9035883824204405,0.3682448274969283,0.9999693810713198,32659.03588276562,1.0884293387378536,0.1703130736661654,0.9236559393244687,8193,0.9992613202803908,3.3326540296393596e-05,0.999322865199115,1476.3107627472607,306,919,0,68,7.099129060615806,6.027009611628143,-0.7054227036192982,14.536984079482547,35393.6422508062,3,3,10,9,7,34,23,29,89,2,1,35,0.8,0.25,uniform,355,1
911,22125.115365322214,19668.99168993112,5149,4.149855807518207e-05,16165,4475,47732,0.8721145853008272,0.36896416746761346,0.9999490163774816,19613.64176526771,1.1399493351368974,0.2327219503709473,0.8889893392718441,8193,0.9996486776905967,5.811874659264299e-05,0.9996647041807993,2981.9409770864168,306,919,0,68,4.175373907805286,4.308494605463355,-0.681951090058878,9.847770693386396,22125.115365271267,2,1,10,5,6,34,16,24,89,2,2,35,0.8,0.25,uniform,356,1
915,54422.6809484688,51576.73308691892,6920,1.745208717664968e-05,38628,8311,121599,0.9241902041191595,0.36804840204812694,0.9999806025388638,51552.63847241333,1.0577430542153974,0.12715286860918043,0.9477065846086373,12289,0.9994095424657198,2.0517529786465976e-05,0.9994306194660292,1755.7946277811661,306,919,0,68,11.14692346117973,4.571386445974871,-0.748744505617513,17.215798918389627,54422.68094809738,3,3,10,13,10,34,31,21,89,2,1,35,0.8,0.25,uniform,357,1
898,21803.44101406905,18452.737156660543,6556,4.1547850271937386e-05,16296,5124,45813,0.8411987441498554,0.37034139359242113,0.999945471273515,18338.457540602358,1.216045653889456,0.30068648319178737,0.8463222454085846,12289,0.9995118756702038,6.6309420854601e-05,0.9995492056455735,2217.8063590796437,306,919,0,68,3.9415467619259026,9.031709424217757,-0.9144534639109564,14.802163113965573,21803.441014007498,1,5,10,5,10,34,16,25,89,1,2,35,0.8,0.25,uniform,358,1
913,26043.568611838742,22686.73373661797,7156,3.389919400062805e-05,19261,5537,55565,0.8456326279850316,0.3701721700011646,0.9999556661098356,22555.607666772776,1.174543953110629,0.27477033223269814,0.8711069544557407,12289,0.9995815771457761,5.207210261079177e-05,0.9996185842220696,2621.3107528237706,306,919,0,68,4.803167246582414,5.8876365101566535,-0.9018861185330567,12.494575993805181,26043.568611752125,2,3,10,9,8,34,22,21,89,1,2,35,0.8,0.25,uniform,359,1
899,45762.33739498125,43170.57280036026,6301,2.060601077678363e-05,32550,7165,101988,0.91775752717619,0.36810409151277085,0.9999768223998999,43144.60543101403,1.0631924255961132,0.13768964521228824,0.9433646806051208,8193,0.9995541349679175,2.464224887030032e-05,0.9995545043360194,2244.1907216163095,306,919,0,68,9.518970241588132,5.665721738448171,-0.661749979711197,16.508191939458698,45762.33739474048,3,3,10,12,9,34,22,28,89,1,1,35,0.8,0.25,uniform,360,1
910,24901.617120634633,21097.46984369533,7462,3.652730777770249e-05,18594,5851,52354,0.8418586536641113,0.37015911265729873,0.9999523252129948,20974.947665910262,1.213378566533173,0.299659253607937,0.8472329223234658,12289,0.99952378309813,5.784756471648105e-05,0.9995905233391555,2441.6415959636543,306,919,0,68,4.454470792716596,7.871147080918757,-1.018412090928824,14.362442055493,24901.617120586663,2,3,10,8,10,34,17,24,89,2,2,35,0.8,0.25,uniform,361,4
914,31702.05976156387,29145.951055539168,5762,2.929004617992759e-05,22813,5618,69656,0.895781325621687,0.3684053192465615,0.9999656426970874,29105.39351109409,1.094877405998464,0.18175475168922461,0.9193708949749766,8193,0.9994891005350531,3.761703469020304e-05,0.9994984629153353,1993.3704626431243,306,919,0,68,6.268440526144036,4.8661207170352,-0.6685528571030898,12.471666957385414,31702.059761439366,3,2,10,8,7,34,21,23,89,2,2,35,0.8,0.25,uniform,362,2
909,27395.7024206423,23636.925245357677,7519,3.342569635462116e-05,20284,6121,58159,0.8536513102770963,0.36958948664889324,0.9999575074533429,23533.03890316013,1.1838727920958791,0.2744591061966906,0.8627968315040379,12289,0.9995838596455884,5.0305769854356744e-05,0.9996095000313093,2560.3196350001067,306,919,0,68,4.958385924128165,9.637138855599192,-1.06927137411837,16.734067527964097,27395.7024205305,2,2,10,8,7,34,20,25,89,1,2,35,0.8,0.25,uniform,363,1
918,26988.063765492974,24063.775936743685,6043,3.457314206578104e-05,19675,5433,58319,0.8789358811857165,0.368712096518667,0.9999583535257807,24011.136485451967,1.134554108673517,0.22391380324684867,0.8916451415648315,8193,0.9995974106323148,4.725017843747649e-05,0.9996063388011679,2539.755402488508,306,919,0,70,5.063630473372427,5.694236430980213,-0.8161219809677086,12.390110866288058,26988.063765421226,2,1,10,8,7,34,20,24,89,2,1,35,0.8,0.25,uniform,364,1
916,20105.595053500398,17321.822268341028,5624,4.503512762792511e-05,14908,4487,42648,0.8492449108942198,0.3698283027478669,0.9999419816220865,17235.41792259214,1.1874860000270968,0.27972313105057084,0.8615423827172569,8193,0.9994268739428901,6.889601151675702e-05,0.9994630140497786,1861.7460709664094,306,919,0,68,3.64512949179645,8.589087910265217,-0.7447384238066698,13.723694249675006,20105.59505346229,2,2,10,4,9,34,11,26,89,1,2,35,0.8,0.25,uniform,365,4
913,40612.128661882954,37536.985139554614,6940,2.3135039651448755e-05,29145,7047,89497,0.9024692100728181,0.36826203479951863,0.9999733326758287,37498.57540463268,1.087702057718076,0.17088491119928978,0.9242801689138113,12289,0.9993967094616709,2.900610337498086e-05,0.9994696174547963,1884.9315353980305,306,919,0,68,8.01483253390185,5.251261467442346,-0.8815811926438177,15.02925638663183,40612.128661680974,1,1,10,10,6,34,25,20,89,2,2,35,0.8,0.25,uniform,366,1
893,27098.286418579915,24240.82368509659,5863,3.404072979685914e-05,19751,5343,58659,0.8822921239468268,0.36898303058398263,0.9999586324903071,24173.060537777365,1.132024114574919,0.21636054433242832,0.8945519030485962,12289,0.9996748400470343,4.6829018532506416e-05,0.9996810246970765,3134.5389273235455,306,919,0,68,5.218551415941581,6.538550347761138,-0.850493694583558,13.458089152869835,27098.286418494747,2,2,10,4,9,34,18,20,89,1,2,35,0.8,0.25,uniform,367,1
914,30925.58327147085,28336.583104531404,5722,3.0247018736366798e-05,22279,5577,67826,0.8956115364872309,0.36835535179911305,0.9999646651057666,28300.136568824615,1.0986466115063098,0.1850248045371096,0.9162828993648174,8193,0.999378748157175,3.882056181747556e-05,0.9993799948776504,1612.3898486621233,306,919,0,68,6.069775389892859,6.665399866621093,-0.6973106651044079,14.129796586722767,30925.58327133751,3,4,10,5,13,34,20,27,89,2,2,35,0.8,0.25,uniform,368,3
916,25402.159020191975,21988.23537226463,6942,3.5792013373145465e-05,18789,5602,54020,0.8524183690710452,0.369636561179392,0.9999543167891961,21889.379941207357,1.1796735708406187,0.27328385726905574,0.8656049808516809,12289,0.999506334128966,5.389127641666486e-05,0.9995788771157862,2374.103762236934,306,919,0,68,4.584611881461302,4.561766684477065,-0.9617110486937276,11.069800663325822,25402.159020110033,1,1,10,6,5,34,19,16,89,2,2,35,0.8,0.25,uniform,369,1
915,24443.077488797175,21776.75253944049,5512,3.778577684605986e-05,17837,4911,52795,0.8773334535206533,0.368870460538807,0.9999539621602446,21720.76244705937,1.1365752935757825,0.2255035194535662,0.8909169702309898,8193,0.9994956821130052,5.2325471235981996e-05,0.9995228471554777,2095.2644756863397,306,919,0,68,4.557876072634451,4.393730923468799,-0.7848731052277597,10.52135320655877,24443.077488719613,1,1,10,4,10,34,21,24,89,2,2,35,0.8,0.25,uniform,370,2
913,55340.626990659555,51736.351979511164,8454,1.6966129606367254e-05,39521,9078,122720,0.9105774241114468,0.36817690464071007,0.999980655850993,51694.718001553214,1.0739497070946469,0.15276299636841617,0.9348710846417276,12289,0.9995178016912138,2.0774643160467245e-05,0.9995403819137368,2175.219390248993,306,919,0,70,11.066405224194902,6.921319671809629,-1.0564046312832363,20.100534158571,55340.626990257704,0,3,10,8,6,34,26,25,89,2,2,35,0.8,0.25,uniform,371,1
914,41121.13740759966,38209.71730454095,6534,2.2986073579819066e-05,29438,6958,90884,0.9097285441943657,0.3681870529369851,0.9999738073621551,38178.16706917963,1.0810333537997778,0.15889638302641992,0.9291989403357155,12289,0.9994175982825332,2.831511513445647e-05,0.9996083183515683,2552.593797518709,306,919,0,68,8.005860098297862,6.412228373576247,-0.9922006035084908,16.402489678891094,41121.13740725504,2,3,10,5,10,34,20,25,89,2,1,35,0.8,0.25,uniform,372,1
900,31383.072914207645,29789.476588304948,5170,3.266554970951127e-05,21987,5251,70194,0.9026163804313349,0.3648658700893508,0.9999666622731258,29995.546331564852,1.038266049539496,0.16473848861560825,0.9492211508331534,8193,0.9998004548230699,3.4613429982607125e-05,0.999815961628474,5433.149455194153,306,919,0,68,6.434232684572697,5.977728867082761,-0.5397835185620025,13.491528588779463,31383.072914106146,2,3,10,10,8,34,21,17,89,1,2,35,0.8,0.25,uniform,373,2
915,28457.468200958396,24845.012804665206,7420,3.212283178793561e-05,20961,6123,60797,0.8585985014882366,0.3693538014031735,0.999959598224415,24750.88741764632,1.166183733609698,0.2607399909086118,0.873057737575842,12289,0.999500845338682,4.711589349631516e-05,0.9995443724692831,2194.275151367294,306,919,0,68,5.281263310748494,7.62389398687353,-0.9389483178577802,14.783053933337584,28457.468200873704,2,2,10,12,6,34,26,25,89,1,2,35,0.8,0.25,uniform,374,1
913,31975.43627164173,29107.545669771713,6359,2.905059293882298e-05,23108,5926,69878,0.8874253804395774,0.36850445504019,0.9999655886504174,29059.679621872558,1.1074049081187423,0.19887140697559924,0.9103095708372404,12289,0.9993884563034978,3.810729742277053e-05,0.9994518682060229,1823.8787095437465,306,919,0,68,6.250249908529131,4.9617579368009,-0.7542268212686318,12.720461487867295,31975.43627152679,3,2,10,5,9,34,15,25,89,1,2,35,0.8,0.25,uniform,375,3
916,41211.02199042162,38414.89380638617,6420,2.291694901018843e-05,29463,6868,91241,0.9102476080206001,0.3681700639296009,0.9999739483129341,38384.730001138196,1.077258882866922,0.15578356686937184,0.9321509623157287,8193,0.9993708232679306,2.8064411305669957e-05,0.9993888142716189,1635.6638081932838,306,919,0,68,8.264280938818121,5.525588200051653,-0.7337587970384989,15.257386732946774,41211.02199022332,3,4,10,10,12,34,26,24,89,2,1,35,0.8,0.25,uniform,376,1
911,28455.590257041298,25458.489844515552,6103,3.200917726340851e-05,20765,5557,61600,0.8825400856873724,0.36931793567123167,0.9999605794095814,25366.953639108375,1.1339801379416263,0.21447455297434292,0.894674459905673,12289,0.999739921436408,4.470216656091904e-05,0.9997457535182616,3932.691082035527,306,919,0,68,5.3824765458051145,9.61479783579726,-0.8646343777847049,16.726543137171785,28455.590256951626,1,3,10,7,14,34,18,23,89,1,1,35,0.8,0.25,uniform,377,1
909,29849.20343234116,27290.529910251033,5495,3.130733586494473e-05,21529,5420,65387,0.8976256975079709,0.3684446494018853,0.9999633037458746,27250.237812933345,1.1017525848737646,0.1840920147988355,0.9142800065706999,8193,0.9996109917133034,4.043019283785103e-05,0.9996282526381045,2689.498883603766,306,919,0,68,5.834762434540364,4.490134914694646,-0.7327190687016558,11.79033548663832,29849.20343223498,2,1,10,7,6,34,24,25,89,2,1,35,0.8,0.25,uniform,378,4
909,49517.40658068188,47100.817126741065,5945,1.923173806172033e-05,35089,7406,110865,0.9279570647579884,0.36802729066122336,0.9999787607255567,47082.08762000699,1.0535001928696452,0.12005879165568638,0.9511971724528159,8193,0.9994004358394917,2.2375579722791607e-05,0.999413940732906,1705.8120191376802,306,919,0,68,10.115651927687972,3.895013198763248,-0.7792670118762967,15.569199150203813,49517.4065803196,2,1,10,9,6,34,29,21,89,2,2,35,0.8,0.25,uniform,379,1
912,33531.34817159775,30965.37220527946,5832,2.7894107410417967e-05,24075,5837,73857,0.9001250148559656,0.3682979338387959,0.9999676704880328,30930.9907360126,1.0889297398987188,0.17392679740028805,0.9234753117236199,8193,0.9993759787142787,3.520456705773369e-05,0.9994696917461268,1885.1956671039359,306,919,0,68,6.5638265079070965,3.5801764694873675,-0.7895393191559187,11.723081615706302,33531.34817140735,1,0,10,9,5,34,27,18,89,2,2,35,0.8,0.25,uniform,380,1
916,26013.264225594525,23257.753217128567,5822,3.554097259022076e-05,18951,5168,56294,0.8768065080791689,0.3687834332881599,0.9999569028522701,23202.891698054205,1.1315231128954326,0.22380889801102768,0.8940728474300891,8193,0.9994321848922162,4.876541875623135e-05,0.9994711480774068,1890.3884206817552,306,919,0,68,4.934148283873562,4.319885642111211,-0.7456037304308802,10.745241386846534,26013.264225514347,2,2,10,7,7,34,23,17,89,2,2,35,0.8,0.25,uniform,381,1
908,59475.918103798314,56738.05452152341,7204,1.5813355671958166e-05,42101,8743,133375,0.9242534148648242,0.3680530226881729,0.9999823669770637,56711.27333487091,1.0504542090830877,0.12112465397217517,0.9539668546604569,12289,0.9994834316566513,1.8522683162610276e-05,0.9995135859153134,2055.361480497381,306,919,0,68,12.322603198944513,7.63575185470367,-0.77781929078508,21.513993635218345,59475.91810337236,3,4,10,12,10,34,30,25,89,1,1,35,0.8,0.25,uniform,382,1
913,32921.0350179372,28562.411828270036,8948,2.7481008763930665e-05,24337,7188,70094,0.8520451953350449,0.36969460502453605,0.9999648266919094,28430.149665434776,1.1769010340871184,0.2718019040143979,0.8676037011809516,16385,0.9996164911488461,4.1395502664119996e-05,0.999670022049627,3030.0054922433983,306,919,0,70,5.983427337499949,7.793845663034776,-1.2281904101058367,16.233653820746397,32921.03501782041,0,2,10,8,5,34,23,20,89,2,2,35,0.8,0.25,uniform,383,1
916,27044.432585759256,24410.90577811299,5618,3.4600084623100926e-05,19609,5201,58831,0.8855776982713903,0.36851522865691355,0.9999589666837709,24369.9406993876,1.117902893910109,0.20773221927230454,0.9026222199598671,8193,0.9994900631365737,4.5871262959516956e-05,0.9994983925942604,1993.0909390190209,306,919,0,68,5.168455365527617,7.2064399351989135,-0.7364425789454238,13.847780458617377,27044.432585686525,3,3,10,9,9,34,24,18,89,2,2,35,0.8,0.25,uniform,384,1
915,41357.82934929707,38736.33788760489,6110,2.276141931396307e-05,29509,6720,91807,0.9138547551849054,0.3681477697869611,0.9999741659688174,38708.13176078209,1.071636361321805,0.14773502613970835,0.9366143846778859,8193,0.9993948082119526,2.7684687174916533e-05,0.9994137434646779,1705.2378657635566,306,919,0,70,8.340137479150986,6.760113824242614,-0.6998252200979722,16.499901743589543,41357.829349063984,3,1,10,10,12,34,21,27,89,2,2,35,0.8,0.25,uniform,385,1
914,36931.386593785166,33505.42712281599,7416,2.5210961642906436e-05,26725,6941,80560,0.8880324031129965,0.3685128772749297,0.9999701047688766,33449.65115614147,1.1115969352686523,0.200804808158705,0.9072344748749375,12289,0.999455979479114,3.3231447296360637e-05,0.9994992708408841,1996.5875689888146,306,919,0,68,7.210869209975314,4.88755830776859,-0.8703970030682724,13.839221523880449,36931.3865936092,4,0,10,10,4,34,19,20,89,2,1,35,0.8,0.25,uniform,386,1
906,39775.433582780905,36570.62122109547,7375,2.301243688793898e-05,28642,7012,87395,0.8916389332556858,0.3685661464575311,0.9999726072914639,36505.56505809284,1.0957344561478481,0.18541595491727575,0.9194273431359193,12289,0.9996279157079186,3.0015134590455808e-05,0.9996619859624536,2957.95698520722,306,919,0,68,7.922832785109609,7.469881052903104,-0.8576161293715978,17.10794609675591,39775.433582599864,4,5,10,14,9,34,24,28,89,1,1,35,0.8,0.25,uniform,387,1
915,35341.97773748249,32469.18339873017,6684,2.6038505761343464e-05,25448,6276,77622,0.8893737107857768,0.36848020265041603,0.9999691530539974,32417.62008991662,1.0961908305081627,0.18912354168881665,0.9187143866115468,12289,0.9994707053076909,3.381413935736714e-05,0.9995402924669808,2174.7960535962193,306,919,0,68,6.9517716199137745,3.779276541521964,-0.7732508363366245,12.277549834108989,35341.97773734558,4,1,10,10,3,34,17,14,89,2,1,35,0.8,0.25,uniform,388,1
910,27504.511792043813,24992.188316964657,5528,3.3755109006940306e-05,19892,5134,60048,0.8867077453967805,0.3685051653786562,0.9999599209595383,24950.197131153647,1.1097064817136426,0.20098520714696255,0.9086577688026481,8193,0.9993574985282807,4.447597098140371e-05,0.9993928029558911,1646.4117874810158,306,919,0,68,5.381027233230336,6.255962310040486,-0.663920413352287,12.964830369975395,27504.511791950932,3,3,10,6,10,34,17,18,89,1,1,35,0.8,0.25,uniform,389,2
913,28291.448256686504,25119.459566352434,6533,3.251973648867336e-05,20681,5746,60994,0.8744615320404283,0.36899244661348307,0.9999600769664712,25047.69677955323,1.1416866049996073,0.23091783569107202,0.88788171388206,12289,0.9995511667473854,4.557959261107558e-05,0.9996327103691195,2722.1469376737323,306,919,0,68,5.287428528273502,5.292191529567373,-0.9100409693438297,12.399701996528533,28291.448256623116,2,1,10,6,7,34,19,23,89,2,1,35,0.8,0.25,uniform,390,1
909,28658.20326860221,26281.191214300063,5351,3.256375376774842e-05,20640,5151,62882,0.8934816949254009,0.36836937081932136,0.9999619009276252,26246.85820443143,1.097675642498329,0.18671791632738294,0.9170564870371204,8193,0.999449895827437,4.1820423747711944e-05,0.9994701679239645,1886.8904050559217,306,919,0,68,5.656332335549124,6.62654189005495,-0.649102927049042,13.58108007970216,28658.203268508667,3,3,10,8,11,34,20,24,89,2,2,35,0.8,0.25,uniform,391,1
904,26583.512140572097,23997.21700099997,5613,3.483583777552559e-05,19283,5093,57829,0.8819069264709894,0.36861432270903016,0.9999582475057918,23950.16495590266,1.118476079984965,0.2111459151943045,0.9027105551028795,8193,0.9994483025242871,4.669916605187756e-05,0.9994672870150756,1876.683407659944,306,919,0,68,5.170725492991392,5.476507251901923,-0.7105825026907964,12.068397750274908,26583.51214048349,1,3,10,7,8,34,19,21,89,1,1,35,0.8,0.25,uniform,392,3
911,45218.84494176335,41862.19313202153,7521,2.0909413498184433e-05,32424,7796,99737,0.9057410536135586,0.3682147852250347,0.9999760906854661,41824.20386321717,1.0855419586941102,0.166324460735036,0.9257687405756427,12289,0.9994137956254735,2.5954564130117537e-05,0.999677369593045,3099.0218360302665,306,919,0,68,8.787292039549998,3.890685593868212,-1.1400065206022536,14.957990674622716,45218.84494149351,2,2,10,8,5,34,18,18,89,2,1,35,0.8,0.25,uniform,393,1
909,38659.20634239539,35279.77342915521,7517,2.4031977929952713e-05,27907,7087,84599,0.8896659623085967,0.36846752725475207,0.9999716114585679,35224.98005244279,1.1041607111618332,0.19444268807341053,0.9125840069423737,12289,0.999563098147429,3.13455120967432e-05,0.9995640336074018,2293.254750676827,306,919,0,68,7.574527975448957,5.949052009626364,-0.9313480074341071,15.386275999943535,38659.20634220352,0,2,10,8,10,34,17,21,89,2,2,35,0.8,0.25,uniform,394,2
916,28119.94011101729,25331.5191882525,5981,3.304537760722773e-05,20412,5439,61103,0.8820850422428652,0.3686060368341857,0.9999604481512376,25282.76819506798,1.1209685938801512,0.21269604331968922,0.9008383050690674,8193,0.9993605987702914,4.433638029274888e-05,0.9994159988717237,1711.8254102638905,306,919,0,68,5.42024410269257,5.454798962862853,-0.7194808123558598,12.314004690267144,28119.94011092181,2,3,10,7,10,34,17,24,89,1,1,35,0.8,0.25,uniform,395,3
912,23221.94213301385,20657.43922343041,5303,3.9827119737484464e-05,16955,4697,50117,0.8759052502934468,0.36886061480255794,0.9999514682594073,20604.57180642503,1.1384816474840047,0.22836160600283748,0.8895655283742365,8193,0.9994768031000945,5.525249598551094e-05,0.9995222728968481,2092.7452322240933,306,919,0,68,4.350802904424147,7.762795934752657,-0.7417282650831543,13.597055369343114,23221.942132953296,1,3,10,6,8,34,18,20,89,2,2,35,0.8,0.25,uniform,396,1
912,28875.79085436871,25759.73111323499,6611,3.190256672380146e-05,21059,5780,62413,0.8735449695903086,0.3688436609187585,0.9999610820077172,25694.556225054595,1.134776181666912,0.22894611037120047,0.8920874667347065,12289,0.9994383122133244,4.4163210680844255e-05,0.9995419913162298,2182.8646783358804,306,919,0,68,5.45465376048612,3.8104938405890083,-0.8777565145713566,11.020660630217842,28875.790854262093,2,2,10,7,7,34,19,11,89,2,1,35,0.8,0.25,uniform,397,2
912,25885.775292698978,22976.429531940223,5925,3.620433685201644e-05,18902,5309,55801,0.8777275874692892,0.36869516393786056,0.9999563835693642,22926.639733008848,1.140303503606183,0.22889018903255073,0.8876083204825111,8193,0.9993234223416362,4.973596866901058e-05,0.9993854696381163,1626.7588476415578,306,919,0,68,4.887619934057753,7.599593146528376,-0.7890851739744872,14.065383428535103,25885.775292627015,1,3,10,4,6,34,16,24,89,2,1,35,0.8,0.25,uniform,398,1
915,24956.85097392472,21427.035894113305,7047,3.640335443578044e-05,18530,5636,52842,0.8491253551434054,0.36988471386593497,0.9999530915821402,21317.63532498843,1.1926345681229946,0.28236735505464244,0.8585632825431615,12289,0.9996017871762298,5.594460067622258e-05,0.9996051966427444,2532.4064928919797,306,919,0,68,4.5075436850392,9.952403573770551,-0.9475057081551749,16.354958675120102,24956.850973864264,2,2,10,7,9,34,18,24,89,2,2,35,0.8,0.25,uniform,399,1
