n_cluster,mfpt,sd,mode,f_mode,median,q10,q90,S_mode,S_mfpt,lam1,tau1,A1,ratio,cv,t_cert,lam2,w1,mu2,tau_rel,n_blocked,n_open,pocket_free,chem_dist,G_tt,G_ss,G_st,R_st,mfpt_tetali,blk_t_r3,blk_s_r3,nsite_r3,blk_t_r6,blk_s_r6,nsite_r6,blk_t_r10,blk_s_r10,nsite_r10,deg_s,deg_t,N,q,p,scheme,rep,attempts
1200,14082.462194366832,12869.271406369466,2593,6.704530324706161e-05,10153,2574,30842,0.8986627650834039,0.36831703337262217,0.9999222082834308,12854.339095963409,1.1015236480126813,0.18412973272793404,0.913850946570788,4097,0.9984856254029241,8.568941542084213e-05,0.9984880844814636,660.9124910452805,25,1200,1,68,2.1091858607288687,2.216177274434329,-0.23789117166247628,4.8011454784881495,14082.462194348069,0,0,10,0,2,34,0,2,89,2,2,35,0.8,0.02,smart,0,1
1200,14186.402200331664,12983.804840989207,2580,6.658648307036012e-05,10222,2576,31095,0.8996808774770658,0.36829962147562445,0.9999228976277195,12969.269540502657,1.0996126026257083,0.1818642925504877,0.9152288690000385,4097,0.9984728667982492,8.478274025220974e-05,0.9984784142122757,656.7089559362897,25,1200,1,68,2.1278924778795476,2.1930281733606294,-0.23650788883877616,4.79393642891773,14186.402200309944,0,0,10,0,1,34,1,2,89,2,2,35,0.8,0.02,smart,1,1
1200,14419.110830844204,13209.694726936836,2600,6.55236388635063e-05,10385,2607,31622,0.9004041565254947,0.368282001187064,0.9999242179445113,13195.236023152225,1.0983801867910226,0.18031625046104013,0.9161240857293168,4097,0.9984854259929901,8.32375082634389e-05,0.9984901539474366,661.8190544420385,25,1200,1,68,2.1647174227599324,2.142382281504473,-0.23846771571055644,4.784035135685519,14419.110830822934,0,0,10,1,0,34,1,2,89,2,2,35,0.8,0.02,smart,2,1
1200,14175.375091971335,12979.768473343565,2569,6.662021468529088e-05,10212,2568,31079,0.8999154528231522,0.36829660804895253,0.9999228741165859,12965.315822617376,1.0990376063553122,0.1812297722869452,0.915656085932785,4097,0.9984515566637289,8.476424629571455e-05,0.9984674183266268,651.9936461721979,25,1200,1,68,2.127687669971463,2.2648414376745767,-0.23487484535363798,4.862278798353315,14175.375091950606,0,1,10,0,1,34,1,1,89,2,2,35,0.8,0.02,smart,3,1
1200,14332.599821757878,13131.521937000227,2586,6.588173874172513e-05,10322,2590,31434,0.9002189840103276,0.3682707470717624,0.9999237662110029,13117.042925137506,1.0983001462692974,0.18042783808658866,0.9161995799998315,4097,0.998473890590884,8.37275816063459e-05,0.9984798450781774,657.3275627868095,25,1200,1,68,2.1523288345194134,2.1758261407230077,-0.2364378024355627,4.801030580113547,14332.599821729858,0,0,10,0,1,34,2,2,89,2,2,35,0.8,0.02,smart,4,1
1200,14222.202744983699,13010.854812692603,2600,6.63638840748798e-05,10250,2587,31166,0.8990907815271464,0.36830327987448375,0.9999230560738933,12995.977436309367,1.1001978957606129,0.18281275036084293,0.9148269818669018,4097,0.9984921316517638,8.465354559423691e-05,0.998513533403473,672.2361503228843,25,1200,1,68,2.1323242035179844,2.148383977712896,-0.23804292064172589,4.756794022514332,14222.202744958262,0,0,10,0,0,34,1,2,89,2,2,35,0.8,0.02,smart,5,1
1200,14677.257342997627,13475.311357710083,2605,6.432137252710969e-05,10561,2627,32226,0.9014082598315208,0.36827384067423563,0.9999257140867069,13461.002392722756,1.095714172379792,0.17748547559826083,0.9181082706939808,4097,0.9984768470664184,8.139612800349224e-05,0.9984864159916124,660.1833868503037,25,1200,1,68,2.210041195655021,2.1019351792108227,-0.2361683615071374,4.784313097880118,14677.25734297295,0,0,10,2,0,34,3,0,89,2,2,35,0.8,0.02,smart,6,1
1200,14281.6757154346,13088.995036728193,2569,6.61359470413883e-05,10284,2577,31327,0.900505724442382,0.36826834693628413,0.9999235194148827,13074.713768022075,1.097894314324801,0.17988085230247955,0.9164887438651583,4097,0.9984494791530253,8.396759955703301e-05,0.9984582046916523,648.0943992295472,25,1200,1,68,2.145280964114193,2.123875612373406,-0.2349983217872581,4.739153220062116,14281.675715408708,0,0,10,0,0,34,2,2,89,2,2,35,0.8,0.02,smart,7,1
1200,14684.667789651701,13481.695587353894,2613,6.426160881463082e-05,10567,2629,32242,0.9010006026486063,0.3682613061904668,0.9999257485604993,13467.252359620468,1.0957733291626246,0.17794069552199088,0.9180797128318052,4097,0.9984587501243098,8.13627470570166e-05,0.9984835670692431,658.9421605739681,25,1200,1,68,2.2113141994525747,2.1200551970405597,-0.23613043215203985,4.803630260797213,14684.667789627687,0,0,10,1,0,34,2,1,89,2,2,35,0.8,0.02,smart,8,1
1200,14873.524495022077,13666.843865280978,2610,6.35834119781422e-05,10698,2653,32672,0.9027135947614912,0.3682360375256779,0.9999267585706342,13652.974655146501,1.0946139856325694,0.17547959132843893,0.9188705656050148,4097,0.9984830613764967,8.017109291183952e-05,0.9984930653894741,663.0986748427355,25,1200,1,68,2.2416772914432577,2.169056337519784,-0.2372434577237412,4.885220544410524,14873.524495001991,0,0,10,2,1,34,4,2,89,2,2,35,0.8,0.02,smart,9,1
1200,14240.38052579581,13044.535704654223,2577,6.630137843091943e-05,10257,2575,31228,0.8998665302454496,0.368295432059262,0.9999232572961633,13030.05469138405,1.098546760175699,0.18096426533910945,0.9160243773700171,4097,0.9984672510453998,8.430544866715702e-05,0.9984953534934485,664.1078044513098,25,1200,1,68,2.1364640051192785,2.104136149352331,-0.2369327491771071,4.714465652825823,14240.380525778313,0,0,10,0,0,34,0,1,89,2,2,35,0.8,0.02,smart,10,1
1200,14062.417279442187,12863.196962578131,2579,6.706788569001354e-05,10135,2559,30814,0.8986143242602979,0.3683159796439602,0.9999221715125663,12848.265695821987,1.1003768502815885,0.18339663435889034,0.9147216091633696,4097,0.9984670098125851,8.564066586436541e-05,0.9984923984450379,662.8051068171816,25,1200,1,68,2.1083421626316916,2.1322223208428497,-0.23539405060517593,4.711352584684893,14062.417279421205,0,0,10,0,0,34,0,1,89,2,2,35,0.8,0.02,smart,11,1
1200,14275.085638618162,13071.948185233034,2590,6.612485704478862e-05,10283,2585,31298,0.8996618361836244,0.3682913064347872,0.9999234174026499,13057.296863948517,1.0989743982014388,0.18143498859252474,0.9157176717644131,4097,0.9984729784160541,8.416231383573564e-05,0.9984841635919665,659.2016690422466,25,1200,1,68,2.1434676303813087,2.200777039665936,-0.23571330938424032,4.815671288815725,14275.085638593295,0,0,10,1,1,34,1,3,89,2,2,35,0.8,0.02,smart,12,1
1200,14208.344635185656,13013.10004917984,2569,6.64743315113891e-05,10234,2571,31155,0.9001290301338389,0.36829227078472276,0.9999230723644166,12998.729625644517,1.0987261321680646,0.1808092403416305,0.9158772808025853,4097,0.9984654606105421,8.452240350176283e-05,0.9984726411810543,654.2248708326289,25,1200,1,68,2.1335509992132238,3.04807528050662,-0.23450643998083004,5.6506391596815035,14208.344635164323,0,1,10,1,2,34,1,4,89,1,2,35,0.8,0.02,smart,13,1
1200,14152.437891717953,12964.175674225658,2557,6.6721215737933e-05,10193,2559,31035,0.9001190808441998,0.3682955786442211,0.9999227819274524,12949.836190884063,1.0985189857918554,0.18067558533476155,0.9160383372402808,4097,0.9984510281458828,8.482551874003471e-05,0.9984645608829161,650.7793586266049,25,1200,1,68,2.125050865377213,2.4605485445663517,-0.23368878323851044,5.052976976420585,14152.437891694339,0,1,10,0,2,34,0,3,89,2,2,35,0.8,0.02,smart,14,1
1200,14307.872972720324,13104.043200746888,2597,6.593033279713734e-05,10307,2589,31373,0.8994596040426122,0.36828888541811067,0.999923604265338,13089.23601651834,1.0988061723398528,0.18150846075803803,0.9158624224391227,4097,0.9984582698450817,8.394410478711701e-05,0.9984884620433707,661.0777030769214,25,1200,1,68,2.1480753882975443,2.1147588223792426,-0.23657010715191715,4.735974424980621,14307.872972696769,0,0,10,0,0,34,2,0,89,2,2,35,0.8,0.02,smart,15,1
1200,14422.06466924558,13201.115433553918,2624,6.54582185902942e-05,10391,2617,31614,0.8994954367168198,0.368293613502333,0.9999241661487723,13186.223123404901,1.0994856473937953,0.1819434359905184,0.9153415780824169,4097,0.9984805259632706,8.33782310117527e-05,0.998491076089476,662.2238147295348,25,1200,1,68,2.1641827672614427,2.164367425499397,-0.23949467760946155,4.807539547979763,14422.064669225425,0,0,10,0,0,34,4,1,89,2,2,35,0.8,0.02,smart,16,1
1200,14255.910267936675,13051.501575908522,2585,6.625741087429223e-05,10270,2585,31253,0.8999443882836777,0.3682834107100182,0.9999232980094188,13036.971282459977,1.099222394651799,0.18132830183520363,0.9155151323632403,4097,0.9984674269119865,8.43125457614289e-05,0.9984674868220059,652.0228092605436,25,1200,1,68,2.1395827151687006,2.277368972070051,-0.23640232948391482,4.889756346206582,14255.910267915693,0,1,10,0,1,34,2,1,89,2,2,35,0.8,0.02,smart,17,1
1200,15079.314892865823,13863.348571870818,2637,6.26970648252067e-05,10844,2683,33134,0.9028735916177415,0.3682556842245631,0.9999277970136952,13849.342655310731,1.0939667930742485,0.17487531885467764,0.9193619650737388,4097,0.9984448571883776,7.898766937847543e-05,0.9984814791311499,658.0354394585488,25,1200,1,68,2.2750500283567057,2.12385740079261,-0.2381691204503288,4.875245670049973,15079.314892842207,1,0,10,1,0,34,1,3,89,2,2,35,0.8,0.02,smart,18,1
1200,14496.059520761093,13284.888954091959,2610,6.513569866538095e-05,10439,2616,31797,0.9003697471651654,0.3682819367560234,0.9999246466245272,13270.305630830815,1.0979635945218036,0.18004892959096833,0.91644828962419,4097,0.998472910588464,8.273526299358733e-05,0.9984898690890224,661.6941200897019,25,1200,1,68,2.1781574117782676,2.1323892758445853,-0.23785250834565863,4.786251704314171,14496.059520743558,0,0,10,1,0,34,2,1,89,2,2,35,0.8,0.02,smart,19,1
1200,15215.072706756348,14008.681256861664,2608,6.227722527688962e-05,10934,2690,33459,0.9050675154203986,0.36822282875809664,0.9999285510163327,13995.500338244216,1.0920625033424163,0.171408973868518,0.9207107666755363,4097,0.998444881838847,7.802675596508045e-05,0.9984463536798682,643.1470036548368,25,1200,1,68,2.2971838229317356,2.149801812354045,-0.2386616281910198,4.92430889166782,15215.072706736531,0,0,10,1,1,34,3,3,89,2,2,35,0.8,0.02,smart,20,1
1200,14921.933291887937,13710.99811872626,2625,6.3323071946007e-05,10733,2662,32778,0.9022998455328757,0.36825313131505405,0.9999269932856908,13696.870290086774,1.0946790763993202,0.1759155431573359,0.9188486404895013,4097,0.9984696008105701,7.991892259142394e-05,0.9984900752606762,661.784538973045,25,1200,1,68,2.2498812693643804,2.1095677353174165,-0.23710761261329308,4.833664229908383,14921.93329186604,1,0,10,1,0,34,2,0,89,2,2,35,0.8,0.02,smart,21,1
1200,14362.136360823899,13171.246328104244,2570,6.576739462746257e-05,10339,2584,31515,0.9009012572181491,0.3682759403399259,0.9999239980836937,13157.062968392163,1.0970867085821254,0.17894273772600286,0.9170812751807532,4097,0.9984472389668007,8.338069220657115e-05,0.9984611927853428,649.3538562827847,25,1200,1,68,2.1592495432263994,2.12087082279062,-0.23443985024121902,4.749000066499457,14362.136360805709,0,0,10,1,0,34,3,1,89,2,2,35,0.8,0.02,smart,22,1
1200,14099.938899898658,12894.724569728009,2589,6.690045557845295e-05,10163,2568,30892,0.898571680310189,0.3683029199457165,0.9999223616708081,12879.735959553007,1.100641742293007,0.18361781695512228,0.9145234359718175,4097,0.9984763820839375,8.545198591086355e-05,0.9984986324555271,665.55929753721,25,1200,1,68,2.1131973068919976,2.120681730601192,-0.23679250975483698,4.707464057002863,14099.938899881006,0,0,10,0,0,34,0,1,89,2,2,35,0.8,0.02,smart,23,1
1200,15763.737762678456,14550.307617384095,2668,5.9971689012763645e-05,11317,2754,34713,0.9051431936671914,0.36821223412141063,0.9999312110339199,14536.715146414004,1.0890772478579858,0.16924919966105,0.9230239576702914,4097,0.9984394832332534,7.491649786147432e-05,0.998470264285574,653.207562301559,25,1200,1,68,2.393309714941959,2.1410358907270592,-0.23397991216629885,5.002305430001615,15763.737762649545,1,0,10,1,0,34,1,1,89,2,2,35,0.8,0.02,smart,24,1
1200,14891.67025011204,13681.253091296534,2627,6.341733429683287e-05,10713,2658,32709,0.901932508588585,0.368250869908284,0.9999268336376318,13666.98280475455,1.094877483464984,0.17640734423193632,0.9187185091741875,4097,0.9984608894422132,8.010820270437549e-05,0.9984739449372211,654.7842228120235,25,1200,1,68,2.245081444460001,2.1390023675241863,-0.23686359722129702,4.857811006426781,14891.67025008779,0,0,10,2,0,34,2,1,89,2,2,35,0.8,0.02,smart,25,1
1200,15413.786499762255,14203.44769743641,2639,6.136680528492878e-05,11073,2714,33911,0.904581026755918,0.36822098208787124,0.9999295297461207,14189.884517402035,1.0911091440888927,0.171210364178893,0.9214768673262398,4097,0.9984729434273821,7.689073839413051e-05,0.9984730006965559,654.3790187955146,25,1200,1,68,2.3318778321856795,2.171150756680289,-0.23708658443774727,4.9772017577414625,15413.78649974056,0,0,10,2,1,34,5,2,89,2,2,35,0.8,0.02,smart,26,1
1200,15001.516650271553,13786.685299754216,2635,6.298133974979381e-05,10790,2674,32956,0.9024053692929874,0.3682409067107999,0.9999273942963871,13772.522638721486,1.0944504799465278,0.17564890680252,0.9190194312456169,4097,0.9984908561364408,7.94633471659905e-05,0.9984913836047011,662.3589039020806,25,1200,1,68,2.262003089229499,2.13097196314087,-0.2382496858119605,4.869474423994291,15001.516650248755,0,0,10,1,0,34,4,1,89,2,2,35,0.8,0.02,smart,27,1
1200,14342.065399780451,13148.005487364657,2575,6.58465365834127e-05,10327,2585,31464,0.9006111369689507,0.3682784827144345,0.9999238628395221,13133.690889698919,1.0975548550342173,0.17954178343374574,0.9167442150672334,4097,0.9984236705680255,8.356471013142782e-05,0.9984613896706035,649.4370135929784,25,1200,1,68,2.1564185231647106,2.143808439196376,-0.23392571012929064,4.768078382619668,14342.065399764007,0,0,10,1,0,34,1,2,89,2,2,35,0.8,0.02,smart,28,1
1200,14667.090481008605,13464.1087980318,2600,6.443479115578842e-05,10554,2628,32201,0.9017511075303453,0.36826335176258157,0.9999256534066775,13450.015415030577,1.0958442323000608,0.17726760487136553,0.9179808916748375,4097,0.9984745290221675,8.147228548382188e-05,0.9984746129923955,655.0712097757536,25,1200,1,68,2.2073415673470014,2.137026467870944,-0.23717351281785132,4.8187150608536475,14667.090480989114,0,0,10,2,0,34,4,1,89,2,2,35,0.8,0.02,smart,29,1
1200,15972.956576557179,14753.89807344222,2675,5.925034007977786e-05,11463,2782,35187,0.906291606094793,0.36820550003123165,0.9999321624482095,14740.598008732672,1.0881640268878034,0.16747056108109518,0.9236798461654796,4097,0.9984691251875363,7.381838353077951e-05,0.9984883035212491,661.0083275491047,25,1200,1,68,2.4262197040643216,2.1060486123183506,-0.2359397253573278,5.004147767097328,15972.956576529896,1,0,10,1,0,34,3,0,89,2,2,35,0.8,0.02,smart,30,1
1200,13958.035004194653,12769.897870900075,2554,6.758455266622002e-05,10059,2538,30588,0.8988822151424802,0.36830149591814887,0.9999216036118873,12755.189688795164,1.1001497276165966,0.18297704506633453,0.914877908463654,4097,0.9984230341872223,8.624776502852643e-05,0.9984531109990161,645.9586662676636,25,1200,1,68,2.093888303877361,2.2263086601904645,-0.23245086348462357,4.7850986910370725,13958.035004171905,0,1,10,0,1,34,0,2,89,2,2,35,0.8,0.02,smart,31,1
1200,14146.290249311116,12940.466595949962,2587,6.673962025215701e-05,10195,2574,30998,0.8991035961633126,0.36830459306896346,0.9999226377702733,12925.70446740731,1.1002786331477847,0.18287479999401113,0.9147604331517322,4097,0.9984705912877319,8.512000838125843e-05,0.9984914616099237,662.3931797788738,25,1200,1,68,2.120263624418095,2.129954584393398,-0.23745141713068615,4.725121043072865,14146.290249292686,0,0,10,0,0,34,1,2,89,2,2,35,0.8,0.02,smart,32,1
1200,14836.682574105651,13651.4978553486,2572,6.374898534170893e-05,10666,2630,32615,0.903683032494785,0.36822881748513475,0.9999266784480683,13638.054738761937,1.0929287317235978,0.1733541165387532,0.9201179432910733,4097,0.9984369304802545,8.01352307609545e-05,0.9984500859349781,644.6969320276066,25,1200,1,68,2.2395369074483233,2.1675644363926563,-0.23324352156508485,4.873588386971149,14836.682574080449,0,0,10,2,1,34,4,2,89,2,2,35,0.8,0.02,smart,33,1
1200,14189.02538593161,12988.511003662581,2585,6.649450576118954e-05,10223,2574,31104,0.899215787757481,0.36829605043894553,0.9999229241491508,12973.732376131335,1.0994424819395978,0.1821830555439715,0.9153913429840406,4097,0.9984621556359236,8.474046475529868e-05,0.998470225921695,653.1911685294688,25,1200,1,68,2.1288143222397315,2.12048445704497,-0.23602324208005065,4.721345263444803,14189.025385918692,0,0,10,0,0,34,1,0,89,2,2,35,0.8,0.02,smart,34,1
1200,14621.534394556098,13424.302089926454,2591,6.460813347359675e-05,10521,2618,32104,0.9016816528529404,0.36824951712381104,0.9999254326835222,13410.201186144446,1.0956736941580307,0.17720438430625196,0.9181185590839632,4097,0.9984519035191979,8.17014471088992e-05,0.9984602845723215,648.970534821622,25,1200,1,68,2.20155857254459,2.1389283352096284,-0.23536382654371035,4.8112145608416395,14621.534394529801,0,0,10,1,0,34,4,2,89,2,2,35,0.8,0.02,smart,35,1
1200,14592.00237380538,13384.978823438207,2614,6.467788939387718e-05,10504,2623,32023,0.900534706001604,0.3682767100338094,0.999925210808372,13370.41600760231,1.0968517182898787,0.17913922524385575,0.917281842515737,4097,0.9984711924323296,8.203265334677808e-05,0.9984975924271499,665.0982236958099,25,1200,1,68,2.1949569379499967,2.1117102647473236,-0.23704345768093477,4.78075411805919,14592.00237378559,0,0,10,1,0,34,1,1,89,2,2,35,0.8,0.02,smart,36,1
1200,14557.725815517839,13357.209544976226,2585,6.496909460257521e-05,10478,2614,31953,0.9018579736477643,0.3682521647287801,0.9999250586108233,13343.26117813308,1.0964199496207456,0.17756894399292186,0.917534078759615,4097,0.9984801960601923,8.216723414606524e-05,0.9984810643136657,657.855595030728,25,1200,1,68,2.1881160124409376,2.1326311609150905,-0.23817162347675427,4.797090420309536,14557.72581550615,0,0,10,0,0,34,3,1,89,2,2,35,0.8,0.02,smart,37,1
1200,14777.67711666641,13576.728000635829,2601,6.39561732141774e-05,10630,2638,32459,0.9023157198601405,0.3682454824470501,0.9999262713938446,13562.75653897861,1.0948266260073918,0.17600871770750537,0.9187322130163381,4097,0.9984639938517843,8.072004111756665e-05,0.9984757450822089,655.5581137495905,25,1200,1,68,2.226894362015631,2.1850094329558067,-0.23605182409206735,4.884007443155572,14777.67711664619,0,0,10,1,2,34,2,2,89,2,2,35,0.8,0.02,smart,38,1
1200,14530.472342391336,13317.770557712853,2620,6.493083630060321e-05,10464,2621,31874,0.9000275433745053,0.3682981682593394,0.9999248317395291,13302.987313182759,1.097871655432549,0.1803107248176914,0.9165407871056926,4097,0.9984844250056214,8.252510255937234e-05,0.9984946032309427,663.7765758241533,25,1200,1,68,2.1839976482762298,2.119995040367395,-0.237747742119634,4.779488172882893,14530.472342375182,0,0,10,1,0,34,2,0,89,2,2,35,0.8,0.02,smart,39,1
1200,14211.300811454345,12999.694272732411,2595,6.646510847809083e-05,10242,2586,31140,0.8993835029076708,0.36830148960020576,0.9999229909146032,12984.98079559231,1.1002801642862352,0.1826011590654969,0.9147434457410559,4097,0.9984908996304686,8.4731569132156e-05,0.9984917527366268,662.5211335858392,25,1200,1,68,2.1304656752414872,2.1523304638759875,-0.23808445999699407,4.758965059111462,14211.300811430887,0,0,10,0,0,34,2,2,89,2,2,35,0.8,0.02,smart,40,1
1200,14278.74908644135,13082.915614179456,2577,6.61157158705553e-05,10283,2579,31316,0.9001248721005772,0.36827620617465096,0.9999234827262545,13068.44444303552,1.098241092126803,0.18047799456375616,0.9162508238626155,4097,0.9984522975312037,8.403441428511015e-05,0.9984715223969374,653.7456383792445,25,1200,1,68,2.1444162596264458,2.11275925085648,-0.23537525477643123,4.727926020035788,14278.749086417263,0,0,10,0,0,34,2,0,89,2,2,35,0.8,0.02,smart,41,1
1200,14210.09243100826,13013.313491621126,2578,6.639187204456757e-05,10236,2572,31157,0.8996013124165425,0.36829400966401366,0.9999230718653247,12998.64528966039,1.098908179015415,0.18142035405585896,0.9157796513148917,4097,0.9984530582617215,8.453695639131516e-05,0.998489353096109,661.4679338098914,25,1200,1,68,2.1336400937956626,2.9841687427355064,-0.23470864470221556,5.5872261259356,14210.092430987268,0,1,10,0,1,34,2,1,89,1,2,35,0.8,0.02,smart,42,1
1200,15258.533036735313,14058.863878829934,2624,6.192665988732163e-05,10963,2688,33568,0.9039263393591764,0.36822185132867274,0.999928803613893,14045.156728629961,1.0912836514498663,0.17196934945729397,0.9213771628624361,4097,0.998442287739514,7.769545220102543e-05,0.9984763553997741,655.8209072814391,25,1200,1,68,2.309277393489104,2.1107974075018374,-0.23381144596263834,4.887697692916218,15258.533036710454,1,0,10,2,0,34,4,0,89,2,2,35,0.8,0.02,smart,43,1
1200,14168.555042701637,12967.767365143369,2581,6.66319650353775e-05,10209,2572,31056,0.8993695359051512,0.36827974722805656,0.9999228014310165,12953.107983555283,1.0996108011968557,0.18216395336160257,0.915249813834982,4097,0.9984663398534804,8.488838029130454e-05,0.9984819822211645,658.2536863960211,25,1200,1,68,2.125206790289356,2.136186393221728,-0.2362190501572276,4.7338312838255385,14168.555042679502,0,0,10,0,0,34,1,1,89,2,2,35,0.8,0.02,smart,44,1
1200,14721.242610493706,13500.425670161067,2631,6.418406533800484e-05,10598,2649,32303,0.9011231714946519,0.3682768782394066,0.9999258515914816,13485.9661227882,1.0970875147390928,0.1787213260193505,0.9170710671215753,4097,0.998489222244906,8.134729322364562e-05,0.998505000616567,668.3964722596678,25,1200,1,68,2.2142387124818717,2.1336879006934124,-0.23930172259691213,4.826530058369109,14721.242610472704,0,0,10,1,0,34,2,1,89,2,2,35,0.8,0.02,smart,45,1
1200,14411.686216504446,13204.819660598792,2594,6.556800432534079e-05,10379,2604,31608,0.9005989077930713,0.368267685846053,0.9999241904582951,13190.451653726757,1.0981899589116195,0.1799928170118857,0.9162577829009673,4097,0.9984829183075788,8.325327749032234e-05,0.9984863482390012,660.1538139704033,25,1200,1,68,2.1640662452765898,2.1772370004873127,-0.23788145746993536,4.8170661607037735,14411.686216479151,0,0,10,0,1,34,2,2,89,2,2,35,0.8,0.02,smart,46,1
1200,14864.727833764706,13659.788266422158,2614,6.356723260664916e-05,10692,2651,32654,0.9022898834650324,0.36824725346315157,0.9999267196399242,13645.721150086372,1.0945592655935885,0.17585253017969096,0.9189396818550845,4097,0.9984464964148702,8.020969710729019e-05,0.9984665002077918,651.6029927504363,25,1200,1,68,2.2423751568775585,2.1789472641764425,-0.23507948207799334,4.891481385209987,14864.727833733312,1,0,10,2,0,34,2,3,89,2,2,35,0.8,0.02,smart,47,1
1200,14118.996505206105,12921.727920026571,2568,6.689199166688336e-05,10173,2564,30947,0.8996765867914597,0.36828921086021427,0.999922527009993,12907.224348949112,1.099655302442054,0.18188261460742625,0.915201580739958,4097,0.9984717673194069,8.519358425754355e-05,0.9984926972759423,662.9366106862676,25,1200,1,68,2.117918674587442,2.243013044319739,-0.23524740961062385,4.8314265381284285,14118.996505188394,0,0,10,0,3,34,1,4,89,2,2,35,0.8,0.02,smart,48,1
1200,14070.946015211055,12874.437179782743,2570,6.708365180914429e-05,10140,2558,30837,0.8991454007744217,0.3682944378408271,0.9999222410723042,12859.759640002987,1.1000062435289306,0.1826458574442517,0.9149659991492501,4097,0.9984538520353922,8.553530595606734e-05,0.9984655905353509,651.2163942787419,25,1200,1,68,2.110195528607568,2.136819011688491,-0.2349621405897177,4.716938821475494,14070.946015183714,0,0,10,0,0,34,0,2,89,2,2,35,0.8,0.02,smart,49,1
1200,14213.462349415724,13016.421265678213,2579,6.639568409987301e-05,10239,2573,31164,0.8995932868680854,0.3683032020907876,0.9999230904649173,13001.788967581264,1.0988987021846028,0.18144769631771077,0.9157811760210053,4097,0.9984655849286804,8.451578828789098e-05,0.9984900749676182,661.7844104316492,25,1200,1,68,2.1330869467782905,2.1092088392403525,-0.23582344478723685,4.713942675593116,14213.462349393163,0,0,10,0,0,34,1,0,89,2,2,35,0.8,0.02,smart,50,1
1200,14622.359456361006,13418.839929046988,2598,6.463675564865271e-05,10524,2623,32098,0.901607127164866,0.36827272592124594,0.9999254022108146,13404.723002668467,1.0962311260420696,0.17767310451869792,0.9176932060174143,4097,0.9984795897977455,8.177641843912863e-05,0.99848107311571,657.8594101434985,25,1200,1,68,2.199740286558057,2.1091293119087986,-0.23731962283164992,4.783508844130156,14622.359456338243,0,0,10,1,0,34,2,0,89,2,2,35,0.8,0.02,smart,51,1
1200,14223.690973022847,13021.935618877034,2576,6.644364309350927e-05,10247,2579,31182,0.9001717958504166,0.36827336262053423,0.9999231246205542,13007.565868640506,1.0992055006363046,0.181106296873697,0.9155103020429012,4097,0.9984646197667875,8.450183995045287e-05,0.9984713498564399,653.6717928938143,25,1200,1,68,2.1339140001288417,2.1511083662748467,-0.23670116203837924,4.758424690480447,14223.690973003326,0,0,10,0,0,34,1,3,89,2,2,35,0.8,0.02,smart,52,1
1200,15549.451758874346,14346.877078517531,2627,6.0891939292927966e-05,11165,2722,34234,0.9057625824627855,0.36822303795022904,0.999930236999198,14333.7457763969,1.0894971894608665,0.16894486318469235,0.9226612809888629,4097,0.9984741047427679,7.600659330251025e-05,0.9984755572852055,655.4772935295955,25,1200,1,68,2.355180616656824,2.1219379538409573,-0.23639467648478743,4.949907923467356,15549.45175884967,1,0,10,2,0,34,5,1,89,2,2,35,0.8,0.02,smart,53,1
1200,14112.459896843477,12899.606706435736,2602,6.683482265758717e-05,10174,2576,30911,0.8982399122383484,0.3683230961201257,0.9999223899811416,12884.434370680665,1.1012879311748442,0.18437607752437174,0.9140579885240971,4097,0.9984687971917191,8.54709771074763e-05,0.9984999436345959,666.1414912187419,25,1200,1,68,2.113922537037473,2.1633734679710765,-0.23815411243298953,4.7536042298745285,14112.459896822773,0,0,10,0,1,34,0,2,89,2,2,35,0.8,0.02,smart,54,1
1200,14152.22320892636,12946.609452620129,2581,6.67492811046961e-05,10199,2575,31012,0.8995408404645518,0.3682977623203111,0.99992267547338,12932.007229121251,1.100181844858136,0.1823741727287104,0.9148109990559078,4097,0.9984662736276111,8.50710403499403e-05,0.9984736269902761,654.6477255755109,25,1200,1,68,2.121849998191139,2.1547159607330255,-0.23685386995948002,4.750273698843125,14152.223208903715,0,0,10,0,0,34,1,3,89,2,2,35,0.8,0.02,smart,55,1
1200,14207.245482784843,13019.010521566426,2557,6.649645206145829e-05,10231,2565,31162,0.9005218329852438,0.36828402923728093,0.9999231083662817,13004.816068212342,1.0980552061473277,0.1799785893119366,0.9163641563976479,4097,0.9984387997409384,8.443125871370755e-05,0.9984550465251919,646.7685535489289,25,1200,1,68,2.133679560047388,2.123637574360248,-0.23419468708015695,4.725706508567949,14207.245482765267,0,0,10,0,0,34,2,2,89,2,2,35,0.8,0.02,smart,56,1
1200,13988.675131886665,12779.073531824422,2589,6.744339637188284e-05,10088,2560,30630,0.8980156140531891,0.36830312832077877,0.9999216574376775,12763.953572141108,1.1020015024330276,0.18507828479756963,0.9135299384210446,4097,0.9984559660526768,8.633362138406602e-05,0.9984727586949103,654.275248774784,25,1200,1,68,2.095079938157936,2.1595337013450875,-0.23636591715250443,4.7273454738080325,13988.675131862641,0,0,10,0,1,34,0,1,89,2,2,35,0.8,0.02,smart,57,1
1200,14053.587105360559,12851.317056189608,2580,6.714218927399729e-05,10130,2561,30789,0.8986714862725945,0.36829100336992127,0.9999220997991621,12836.437372929002,1.1007262447462403,0.18358302265874116,0.9144510195043114,4097,0.9984654852797119,8.574679553366981e-05,0.9984703187251084,653.2308269840968,25,1200,1,68,2.1068546615259796,2.2248133062317503,-0.23540985603049133,4.802487679818712,14053.587105338824,0,0,10,0,1,34,1,3,89,2,2,35,0.8,0.02,smart,58,1
1200,13973.384574598054,12765.717642401602,2583,6.752793268010464e-05,10076,2557,30598,0.8981929561569927,0.36832162693585624,0.9999215758857536,12750.680030486721,1.1019313177540386,0.18485142137257038,0.9135737712113179,4097,0.9984411773307412,8.641798755529184e-05,0.9984772597238306,656.2106828882083,25,1200,1,68,2.0932514696807263,2.295042470670048,-0.23564595941558145,4.859585859181937,13973.384574577847,0,0,10,0,2,34,0,4,89,2,2,35,0.8,0.02,smart,59,1
1200,14550.897139248054,13356.050766172999,2582,6.494814631783909e-05,10471,2608,31944,0.9016627579880596,0.3682588891523755,0.9999250517316782,13342.036417767697,1.095974626900711,0.17744610351451015,0.9178850374900801,4097,0.9984533081544199,8.2141400411258e-05,0.9984597005429097,648.7242774832954,25,1200,1,68,2.1894017462941884,2.1518288382337096,-0.23574777690939905,4.8127261383466955,14550.897139221524,0,0,10,1,1,34,2,2,89,2,2,35,0.8,0.02,smart,60,1
1200,16080.66665033452,14863.848235018335,2680,5.88283792797648e-05,11537,2791,35438,0.9065049937810153,0.3681959063199618,0.9999326646838648,14850.547815886555,1.0873195596590397,0.16665975722743118,0.9243303501169914,4097,0.9984637006738657,7.321500628982619e-05,0.9984651834254406,651.043526516245,25,1200,1,68,2.445936256406897,2.1736505731522864,-0.2341748519772324,5.087936533513648,16080.666650304776,1,0,10,2,0,34,3,3,89,2,2,35,0.8,0.02,smart,61,1
1200,14086.949141698404,12889.496207579992,2573,6.698398636906385e-05,10151,2560,30873,0.8990981991727907,0.3682962285061955,0.9999223315959607,12874.74845998977,1.099977365880644,0.18265133025743177,0.9149955805140332,4097,0.9984369977129063,8.54334864875341e-05,0.9984537099824004,646.2090838153758,25,1200,1,68,2.1137135513171126,2.143393591771133,-0.23411130562859678,4.725329754345439,14086.949141674255,0,0,10,0,0,34,1,3,89,2,2,35,0.8,0.02,smart,62,1
1200,15113.300968066207,13915.090909639664,2609,6.256856436036896e-05,10861,2671,33235,0.9038688913773967,0.3682424945621575,0.9999280679100216,13901.501177356442,1.0921357377221652,0.17262939482993897,0.9207181765943581,4097,0.9984458325462723,7.855960615497322e-05,0.9984553822961113,646.9092576489319,25,1200,1,68,2.2845544285424095,2.1669369200052726,-0.2343290661309923,4.920149480809667,15113.300968040412,1,0,10,1,1,34,3,1,89,2,2,35,0.8,0.02,smart,63,1
1200,14359.142986981395,13150.481355117756,2595,6.578917559685345e-05,10343,2599,31485,0.9002562206689694,0.3682858817927469,0.9999238761437049,13135.986355090103,1.0987885656955296,0.18072109194488395,0.9158263391513364,4097,0.9984831792758607,8.364402287419065e-05,0.9984938723713601,663.4542305757486,25,1200,1,68,2.15669223161756,2.2435410266753553,-0.23649826620926234,4.87322979071144,14359.142986960933,0,0,10,1,1,34,2,3,89,2,2,35,0.8,0.02,smart,64,1
1200,14232.77425012193,13030.222510615435,2590,6.630329838106772e-05,10254,2580,31202,0.899328260754859,0.36828689704886314,0.9999231712742778,13015.46492858016,1.099276491698513,0.1819743610405267,0.9155082685656878,4097,0.9984814157690456,8.445601207389832e-05,0.998493664338867,663.3625351390994,25,1200,1,68,2.134629967292951,2.1211190917577256,-0.2374990743904755,4.730747207831628,14232.77425010056,0,0,10,0,0,34,0,1,89,2,2,35,0.8,0.02,smart,65,1
1200,15359.688564852724,14149.521147916592,2637,6.157746434306379e-05,11036,2708,33787,0.9043519359394814,0.3682208716029392,0.9999292607176583,14135.917086516118,1.0914657125531797,0.17168316850083767,0.9212114612984189,4097,0.9984813125348656,7.720950120672833e-05,0.9984881628910687,660.9467944180838,25,1200,1,68,2.322689558223778,2.1678468207125525,-0.23725853591497784,4.965053450766286,15359.688564832535,0,0,10,3,1,34,4,1,89,2,2,35,0.8,0.02,smart,66,1
1200,14425.020040893447,13224.037969199697,2592,6.545373458358021e-05,10386,2600,31646,0.900467193868596,0.36827847622015547,0.9999243003505287,13209.600793156847,1.0975636704462455,0.17968779195120332,0.9167431262979816,4097,0.998472168592671,8.3085185125444e-05,0.9984875444024701,660.676308819948,25,1200,1,68,2.168048594123794,2.1579193258557003,-0.23612141268777842,4.798210745355051,14425.020040869435,0,0,10,1,1,34,2,2,89,2,2,35,0.8,0.02,smart,67,1
1200,14339.169082236624,13131.942818909612,2605,6.578814317602651e-05,10329,2596,31441,0.8993535637472877,0.36829763589620906,0.9999237664839359,13117.08988887021,1.0988785726254335,0.18167021987536758,0.915809189751272,4097,0.998480279933884,8.377137731905901e-05,0.9985030459062619,667.5230324389478,25,1200,1,68,2.1522659823160537,2.1303560214933346,-0.2375955313869369,4.757813066583262,14339.169082217944,0,0,10,0,0,34,2,1,89,2,2,35,0.8,0.02,smart,68,1
1200,14628.328406125167,13432.679014361738,2592,6.454858485402177e-05,10525,2617,32122,0.901560617030924,0.3682730832643205,0.9999254788509059,13418.509391202519,1.0954940476916297,0.17719044364048314,0.91826479700423,4097,0.9984524560733062,8.163747526004561e-05,0.9984756366471557,655.5114452673291,25,1200,1,68,2.2036042437913927,2.103235343989305,-0.23445049055829376,4.775740568897285,14628.328406098119,0,0,10,1,0,34,3,1,89,2,2,35,0.8,0.02,smart,69,1
1200,14216.93754510885,13013.63040594102,2579,6.646358207280268e-05,10243,2580,31164,0.9000086372255885,0.3682825031747878,0.9999230751317523,12999.197266772695,1.0994147079044847,0.18140334314736234,0.9153610167203827,4097,0.9984862657444167,8.45723315549732e-05,0.9984863839680356,660.1694087654963,25,1200,1,68,2.132981887083135,3.028476949937469,-0.23650770376501135,5.634474244550626,14216.937545088877,0,1,10,0,1,34,1,4,89,1,2,35,0.8,0.02,smart,70,1
1200,13990.361211882628,12787.118038550594,2589,6.734258885852385e-05,10087,2554,30642,0.8976224524181069,0.36832905614762623,0.9999217054899938,12771.78760241525,1.101424685858528,0.18505597966984932,0.9139948458006883,4097,0.9984681671041412,8.623550608818136e-05,0.9985002320308453,666.269682366868,25,1200,1,68,2.096068416566831,2.1235904624711326,-0.23565845207640668,4.690975783190776,13990.361211859428,0,0,10,0,0,34,0,1,89,2,2,35,0.8,0.02,smart,71,1
1200,14159.602253367038,12950.979839525431,2586,6.671404665875501e-05,10205,2578,31025,0.8994331174277677,0.36828131809189724,0.9999227013229236,12936.332004430089,1.1004106096689763,0.18263224868375594,0.9146429121231702,4097,0.998480218459487,8.506028436851803e-05,0.9984902096115307,661.843473331232,25,1200,1,68,2.1228979126674616,2.2823186577614494,-0.23703579622338464,4.87928816287568,14159.602253345078,0,0,10,0,3,34,1,4,89,2,2,35,0.8,0.02,smart,72,1
1200,14047.046947315222,12829.938109775689,2604,6.716608169273236e-05,10130,2573,30755,0.8978851785563261,0.36831584710601717,0.9999219676106269,12814.691326658927,1.1022453355351058,0.18537704115082324,0.9133548252451625,4097,0.9984965789273564,8.601083720753785e-05,0.9985212343050114,675.7395293757725,25,1200,1,68,2.102619568087932,2.2166469665324713,-0.2385549231273424,4.796376380875088,14047.046947291647,0,0,10,0,1,34,0,4,89,2,2,35,0.8,0.02,smart,73,1
1200,14116.6411930654,12916.995064766148,2579,6.685553149592146e-05,10173,2565,30938,0.899054072856404,0.36828625048612645,0.9999224971662635,12902.25401927747,1.0999394311131812,0.18269218326997624,0.9150190111165707,4097,0.9984946424866575,8.52484228500573e-05,0.9985006699713882,666.4644397456409,25,1200,1,68,2.116411019021231,2.125242305084682,-0.23636251315260676,4.714378350411127,14116.641193043028,0,0,10,0,0,34,0,2,89,2,2,35,0.8,0.02,smart,74,1
1200,15180.740637915142,13966.011762593887,2628,6.236120248917837e-05,10913,2693,33369,0.904047223254093,0.36822626731527874,0.9999283304323271,13952.42356353914,1.0930774039661049,0.1731140833429665,0.9199822390557566,4097,0.9984942655173105,7.834038497565362e-05,0.9984987089387332,665.5932299111533,25,1200,1,68,2.293974491273716,2.273569071564625,-0.23614894837466702,5.039841459587675,15180.740637890296,1,1,10,1,1,34,3,4,89,2,2,35,0.8,0.02,smart,75,1
1200,14702.248500121112,13506.31310434977,2588,6.429213644526389e-05,10576,2625,32292,0.9023591652327665,0.3682603128438934,0.9999258871569696,13492.438047624268,1.094920960138166,0.176027496745051,0.9186562928955058,4097,0.9984453343909802,8.114770524968705e-05,0.9984620605807086,649.7205419796361,25,1200,1,68,2.2144962700393034,2.1201890067029616,-0.23587847997652406,4.806442236695313,14702.248500094964,0,0,10,1,0,34,3,1,89,2,2,35,0.8,0.02,smart,76,1
1200,14091.603851996904,12876.719648192524,2610,6.687415598135629e-05,10161,2575,30860,0.8976429605117527,0.36830743580337566,0.9999222502728226,12861.28145955377,1.1017000476408938,0.185216674227621,0.9137866621454718,4097,0.9984823352281543,8.565687813566494e-05,0.9985309257631475,680.2006718476119,25,1200,1,68,2.1102219911154854,2.109797208575511,-0.23837865088081914,4.696776501452635,14091.603851977827,0,0,10,0,0,34,1,0,89,2,2,35,0.8,0.02,smart,77,1
1200,14712.418634590087,13521.05090594292,2584,6.422293305353722e-05,10582,2622,32321,0.902417811994466,0.36826456842729705,0.9999259680168638,13507.175428660032,1.094442598277109,0.1756339364844341,0.9190229860747597,4097,0.9984402697278475,8.102375597946269e-05,0.9984676243176897,652.0813582873916,25,1200,1,68,2.2170793911595577,2.0919844219269446,-0.23499038126898134,4.779044575624465,14712.418634571235,0,0,10,2,0,34,4,0,89,2,2,35,0.8,0.02,smart,78,1
1200,14249.058679068854,13051.757863849123,2577,6.62811975311017e-05,10263,2578,31246,0.9000196625233365,0.3682849803563715,0.9999233000282762,13037.314448109197,1.0986054189274976,0.180854052049451,0.9159733395597208,4097,0.9984786186920278,8.426300456752088e-05,0.9985100713196324,670.6729413952439,25,1200,1,68,2.137897192897141,2.113882285551351,-0.23694592027699538,4.725671319002483,14249.05867904482,0,0,10,0,0,34,1,1,89,2,2,35,0.8,0.02,smart,79,1
1200,14502.63798695322,13311.651134366964,2565,6.522363145685775e-05,10436,2600,31838,0.9022335571647393,0.36824525105230344,0.9999248030168958,13297.905843529074,1.095944701632788,0.17686437476461253,0.9178779161654809,4097,0.998457151475589,8.241173521209386e-05,0.9984626573924651,649.972964188561,25,1200,1,68,2.182403422062668,2.176667083048685,-0.23470290909252187,4.828476323296396,14502.637986931137,0,0,10,1,1,34,3,3,89,2,2,35,0.8,0.02,smart,80,1
1200,14168.629312532184,12971.682572065227,2574,6.663213482462386e-05,10208,2569,31061,0.8996104407515785,0.3682792029619492,0.9999228252715833,12957.109570115244,1.0992377655212577,0.18166894928384436,0.9155213454975313,4097,0.9984328411910539,8.48333760198794e-05,0.998448982080086,644.2377470844867,25,1200,1,68,2.1265459268244857,2.153318240914226,-0.2348922919280992,4.74964875159491,14168.62931251551,0,0,10,0,0,34,1,1,89,2,2,35,0.8,0.02,smart,81,1
1200,14604.24766536,13407.396800050763,2592,6.466970613424663e-05,10509,2615,32065,0.9014767519024208,0.3682717665969726,0.9999253381397382,13393.219310347615,1.0957821454100183,0.17748261049749228,0.9180477561916413,4097,0.9984634811777929,8.181313341807795e-05,0.9984813371977022,657.9738930499415,25,1200,1,68,2.1984882685222695,2.10588788192778,-0.23555300903462878,4.775482168519308,14604.24766534139,0,0,10,2,0,34,2,0,89,2,2,35,0.8,0.02,smart,82,1
1200,14435.241566563842,13226.635964807832,2602,6.541693183644186e-05,10396,2607,31660,0.9003211280589912,0.36828754160078786,0.9999243146513243,13212.096850241795,1.0981951627581363,0.1802533049413581,0.916273960765888,4097,0.998478442489701,8.311728380781113e-05,0.9984796162545613,657.2285571639019,25,1200,1,68,2.168565427554457,2.13932258730934,-0.23730816686901096,4.78250434860182,14435.241566540808,0,0,10,1,0,34,3,1,89,2,2,35,0.8,0.02,smart,83,1
1200,14514.20219506621,13298.58847026505,2615,6.507977349301724e-05,10453,2622,31833,0.9004326104245879,0.3682851597269549,0.9999247243878117,13284.015003687482,1.0982232078195073,0.18016835957328148,0.9162466039494488,4097,0.9984706109613583,8.266942428831014e-05,0.9985031892233321,667.5869945249576,25,1200,1,68,2.178724693132992,2.113432763261603,-0.2403090060416408,4.772775468477876,14514.2021950478,0,0,10,0,0,34,4,0,89,2,2,35,0.8,0.02,smart,84,1
1200,14948.912296517008,13754.931923235323,2597,6.323438599910709e-05,10746,2650,32862,0.903312943383724,0.36823897012283247,0.9999272290627561,13741.249624677244,1.0929376345269728,0.173725014133977,0.9201292810072962,4097,0.9984388456141945,7.953409601387948e-05,0.9984564864286389,647.372373696496,25,1200,1,68,2.257351071299133,2.104073740235345,-0.23413431144974656,4.829693434433971,14948.912296493278,0,0,10,2,0,34,3,1,89,2,2,35,0.8,0.02,smart,85,1
1200,14740.460173854386,13538.742903854114,2605,6.408744596903854e-05,10605,2634,32372,0.9018443101448271,0.3682721762472494,0.9999260634956332,13524.618723264375,1.095193829037473,0.1767244692008035,0.9184749149058592,4097,0.9984529480782063,8.097480332326219e-05,0.9984727719268477,654.2809217640707,25,1200,1,68,2.2216078125644443,2.126036033498724,-0.23513554974069262,4.817914945544553,14740.460173830821,0,0,10,1,0,34,2,2,89,2,2,35,0.8,0.02,smart,86,1
1200,14241.909203354404,13034.157315360071,2594,6.62934912892187e-05,10262,2586,31216,0.899434512090873,0.36828940626130713,0.9999231947358048,13019.44088539526,1.099676848019706,0.1821385014439661,0.9151973326925951,4097,0.9984851450150889,8.446097084159005e-05,0.9984853244997783,659.7072909490528,25,1200,1,68,2.1362575244695567,2.182024559979732,-0.23739400941926928,4.793070103287827,14241.909203332958,0,0,10,0,2,34,1,2,89,2,2,35,0.8,0.02,smart,87,1
1200,14071.930392751703,12874.068832714864,2576,6.703070695366034e-05,10141,2559,30837,0.8988059858807413,0.36829946005416087,0.9999222377594128,12859.211756565512,1.1001580778587874,0.18305946150265703,0.9148758182705449,4097,0.9984619764654105,8.555075713467713e-05,0.9984763010287738,655.7974874073591,25,1200,1,68,2.1100208086245877,2.173477087170815,-0.23530092349705226,4.754099742789507,14071.93039272984,0,0,10,0,1,34,0,1,89,2,2,35,0.8,0.02,smart,88,1
1200,14102.325444062773,12904.907510423793,2574,6.691983888573455e-05,10162,2562,30908,0.8991479559149822,0.36830532320300796,0.9999224246763466,12890.19709804476,1.0998421247997057,0.18252308884870339,0.9150907459632407,4097,0.9984587141949449,8.532060879951796e-05,0.998462204473497,649.7813836729173,25,1200,1,68,2.115538139126192,2.1776228489518386,-0.23484943488135754,4.762859857840746,14102.325444045297,0,0,10,0,1,34,1,2,89,2,2,35,0.8,0.02,smart,89,1
1200,14382.551250781185,13174.38166827248,2598,6.567083044102709e-05,10359,2602,31539,0.900198555335345,0.3682694169943126,0.9999240142133963,13159.855958857397,1.0985647950375759,0.18063554613503569,0.9159975472054664,4097,0.9984801038843957,8.347531008618174e-05,0.9984801209934197,657.446983293647,25,1200,1,68,2.159303082371273,2.2030423308210065,-0.23778879275553227,4.837922998703345,14382.551250760833,0,0,10,1,1,34,2,2,89,2,2,35,0.8,0.02,smart,90,1
1200,14023.952708865947,12820.42236927947,2586,6.72373504288771e-05,10110,2558,30719,0.8981121816955433,0.36830932359385526,0.9999219104825592,12805.316097528294,1.1011311979427432,0.1843987963796491,0.9141803766333578,4097,0.998452357836189,8.598680388656738e-05,0.9984686750552504,652.5291352373532,25,1200,1,68,2.1019933793164998,2.159363812120289,-0.23533207215779886,4.732021335752386,14023.952708845793,0,0,10,0,0,34,1,2,89,2,2,35,0.8,0.02,smart,91,1
1200,14265.363035487651,13059.648494140505,2592,6.6177524516307e-05,10278,2587,31273,0.8996100017585076,0.36830021960057185,0.9999233450620565,13044.973994738022,1.099293546526487,0.18169884590752683,0.9154795753639277,4097,0.9984680296394558,8.426627859093456e-05,0.9984804958125362,657.6092804456222,25,1200,1,68,2.1407349886156513,2.1531359453326293,-0.23682551729540535,4.767521968539091,14265.363035466338,0,0,10,0,0,34,2,2,89,2,2,35,0.8,0.02,smart,92,1
1200,15364.65450399132,14161.47343967269,2627,6.155171478979258e-05,11037,2703,33807,0.904619637639642,0.36821702537466705,0.9999293209689709,14147.967869800981,1.090830049693938,0.1709768351327117,0.9216916290564116,4097,0.9984505908770354,7.709881093018266e-05,0.9984557817352789,647.0767214873256,25,1200,1,68,2.3256730838518767,2.103160879214678,-0.23510266680916236,4.8990392966848795,15364.654503966234,0,0,10,2,0,34,3,0,89,2,2,35,0.8,0.02,smart,93,1
1200,14887.600598897243,13655.441239151829,2657,6.348148491921939e-05,10717,2677,32671,0.9012372809304552,0.36825744570768093,0.9999266936895731,13640.890403208592,1.0968597775888127,0.1784706664011936,0.9172358667496304,4097,0.9985019346156428,8.040674335085547e-05,0.9985113561468367,671.2522213696504,25,1200,1,68,2.2402353601342253,2.2504142492553303,-0.24103140634471884,4.972712422078993,14887.600598873665,0,0,10,1,1,34,2,2,89,2,2,35,0.8,0.02,smart,94,1
1200,16158.08483247049,14942.449007151128,2679,5.8572546340445446e-05,11590,2798,35618,0.9069648487356338,0.36820033562010235,0.9999330199209111,14929.312165478645,1.0867289988141107,0.16579935232277118,0.9247660946254918,4097,0.9984569950841053,7.278919428895086e-05,0.9984733425692305,654.5256694613997,25,1200,1,68,2.456462198581774,2.105833454278768,-0.23655194015931186,5.035399533179165,16158.084832446513,1,0,10,3,0,34,4,0,89,2,2,35,0.8,0.02,smart,95,1
1200,14173.153282181189,12954.536991747898,2609,6.659806631861105e-05,10218,2588,31043,0.8985669645635987,0.368308959564491,0.9999227201370141,12939.481527721839,1.1013059392296691,0.18408041937146719,0.9140193952488073,4097,0.9985022855695006,8.510877208957265e-05,0.9985022859926314,667.1840892259937,25,1200,1,68,2.1226336259557446,2.1766930537906926,-0.23955858773722724,4.778443855220892,14173.15328215783,0,0,10,0,1,34,0,2,89,2,2,35,0.8,0.02,smart,96,1
1200,14149.03221837722,12934.722564509393,2593,6.67859120018099e-05,10200,2582,30994,0.8992346205073819,0.368295847794371,0.9999226036915313,12920.012867938392,1.1010387129311663,0.18326341759488876,0.9141771935263076,4097,0.9984816345303006,8.521633186248672e-05,0.9984970153742028,664.8426751328661,25,1200,1,68,2.1195623473494214,2.2896236812789117,-0.2386096890430188,4.886405406714371,14149.032218354641,0,0,10,0,2,34,0,4,89,2,2,35,0.8,0.02,smart,97,1
1200,14117.922690983733,12912.009774374596,2588,6.683747025930854e-05,10176,2571,30933,0.898817186878434,0.3682993552907489,0.9999224662296219,12897.10570938662,1.1005444384873158,0.18331308767208365,0.9145828360868359,4097,0.9984702135744172,8.532935978467685e-05,0.9984948674217955,663.8931740985676,25,1200,1,68,2.116361137431961,2.179316976042972,-0.2366259777290904,4.7689300689331136,14117.922690966307,0,0,10,0,1,34,1,2,89,2,2,35,0.8,0.02,smart,98,1
1200,14487.269191207513,13284.044497454654,2598,6.517636809731471e-05,10430,2608,31787,0.9006385703629742,0.36828348565927443,0.9999246426731915,13269.609780667755,1.0972866311014167,0.17932986304808607,0.9169460663792242,4097,0.99847180281856,8.26885872629022e-05,0.9984719915256701,653.9465047697283,25,1200,1,68,2.177932551628415,2.1306485832047164,-0.2366123135685497,4.781805761970231,14487.26919118179,0,0,10,1,0,34,3,0,89,2,2,35,0.8,0.02,smart,99,1
1200,14442.941351224861,13241.602057649938,2587,6.542431590379584e-05,10399,2602,31687,0.90096020682118,0.36827038911657267,0.9999244019114883,13227.34767725428,1.0974250897258027,0.1791186391392917,0.9168217010399311,4097,0.9984852897871828,8.29632390682246e-05,0.9984873682396529,660.5993074447586,25,1200,1,68,2.170312730902207,2.1439464410879205,-0.23684416096479516,4.787947493919718,14442.941351202015,0,0,10,0,0,34,2,2,89,2,2,35,0.8,0.02,smart,100,1
1200,14686.446894947738,13486.29465028043,2594,6.436239346448481e-05,10567,2627,32250,0.9021091314152642,0.36826915138093264,0.9999257764791952,13472.318167318585,1.095428776751878,0.17662543013670365,0.9182816474772962,4097,0.9984589407893769,8.130658060179894e-05,0.9984775989954705,656.3570328944475,25,1200,1,68,2.210269535574061,2.125749555014928,-0.23747161358041255,4.810962317749814,14686.446894926841,0,0,10,0,0,34,3,1,89,2,2,35,0.8,0.02,smart,101,1
1200,14035.535935489384,12828.222722211718,2590,6.720294431289532e-05,10119,2563,30741,0.8981572831373514,0.3682969571645749,0.9999219580411811,12813.119937617872,1.1013910395099853,0.18453160690865297,0.9139816805837154,4097,0.9984669361325964,8.595471414926752e-05,0.9985008770894324,666.5565872414343,25,1200,1,68,2.1025052605669887,2.136460255074809,-0.2367507286778553,4.712466972997508,14035.535935469063,0,0,10,0,0,34,0,2,89,2,2,35,0.8,0.02,smart,102,1
1200,14306.265922828354,13102.989008936971,2596,6.593867564282916e-05,10305,2589,31370,0.8994795319410196,0.3682993471377135,0.9999235982429336,13088.204211933355,1.0987641676251343,0.1814589505048687,0.9158916155772467,4097,0.9984690423420493,8.394751300833147e-05,0.9984911364818925,662.2503403280241,25,1200,1,68,2.1477677906113346,2.1049663917502954,-0.23660986319014154,4.725953908741913,14306.265922808858,0,0,10,1,0,34,1,0,89,2,2,35,0.8,0.02,smart,103,1
1200,14110.902139992397,12907.505272309203,2584,6.687461880620078e-05,10170,2568,30920,0.8988913994993244,0.3682972493047016,0.9999224394722829,12892.6562088623,1.100356400678037,0.18312082206824745,0.9147186440849456,4097,0.9984554953405316,8.534422311381082e-05,0.9984867218972332,660.3169424991357,25,1200,1,68,2.1150180997986623,2.4081700530820505,-0.23679892353137322,4.996785999943459,14110.902139980211,0,1,10,0,1,34,0,2,89,2,2,35,0.8,0.02,smart,104,1
1200,14889.002601179729,13670.042826766832,2636,6.347222644675554e-05,10713,2665,32691,0.9018393711593874,0.368260671948945,0.999926773459016,13655.75067244626,1.0956476450833088,0.1770434239692548,0.9181301926620449,4097,0.9984828073617219,8.023048718704264e-05,0.9985210815405602,675.6696773852049,25,1200,1,68,2.2397309262572214,2.121667999170462,-0.2417695072683783,4.844937939964439,14889.002601153597,0,0,10,1,0,34,2,1,89,2,2,35,0.8,0.02,smart,105,1
1200,14012.096455054421,12804.452781806045,2590,6.731409802428986e-05,10103,2561,30687,0.898006259300767,0.3683147475379621,0.9999218128195377,12789.320448547645,1.1016226068511785,0.18484029197970153,0.9138142049534096,4097,0.9984881217640785,8.61327655636619e-05,0.9984881272029895,660.9311808197654,25,1200,1,68,2.0988985672039466,2.1623906678792673,-0.2364508419694225,4.734190919022059,14012.096455040215,0,0,10,0,0,34,0,3,89,2,2,35,0.8,0.02,smart,106,1
1200,14251.99294260442,13051.08795100187,2578,6.628943669065219e-05,10266,2581,31248,0.9001809709214074,0.3682821668795165,0.9999232962950912,13036.679895016629,1.0989083228380736,0.18088698264040076,0.9157377500508994,4097,0.9984475318671265,8.429033971703497e-05,0.9984810561104251,657.8520395001931,25,1200,1,68,2.138873415083709,2.1502366854145842,-0.23645874201318978,4.762027584524673,14251.992942581393,0,0,10,0,1,34,1,2,89,2,2,35,0.8,0.02,smart,107,1
1200,14243.568941211903,13044.31626588639,2580,6.628157175637377e-05,10260,2579,31231,0.8998751229476231,0.3682744097255364,0.9999232556407218,13029.773611177188,1.0988472349067095,0.1811343779532044,0.9158039196303089,4097,0.9984622424642897,8.433032698795134e-05,0.998471733550805,653.8360326628031,25,1200,1,68,2.13837646807815,3.0000042258545037,-0.23555168878789634,5.6094840715084455,14243.56894119628,0,1,10,0,1,34,2,1,89,1,2,35,0.8,0.02,smart,108,1
1200,14225.938407780277,13023.577149398507,2590,6.631827337478742e-05,10249,2579,31186,0.8992545437149726,0.36829318748816997,0.9999231317582836,13008.773754398057,1.099322064381457,0.1820618032890898,0.915481058337481,4097,0.9984602049795923,8.450295416935186e-05,0.998473022877469,654.3885315904663,25,1200,1,68,2.1354577170527067,2.1342808775521114,-0.23553201757367678,4.740802629752172,14225.938407758302,0,0,10,1,0,34,1,0,89,2,2,35,0.8,0.02,smart,109,1
1200,14117.508996957813,12912.683230365075,2587,6.684886607365325e-05,10175,2570,30933,0.8988278489374647,0.3682862127063283,0.9999224705278652,12897.820754208577,1.100438381424102,0.18324762538189093,0.9146573402678642,4097,0.9984819408337272,8.531640682919962e-05,0.9984833599641493,658.8521102787536,25,1200,1,68,2.1159773556409602,2.1750820449575685,-0.23694081051529495,4.764941021629119,14117.508996937531,0,0,10,0,0,34,0,2,89,2,2,35,0.8,0.02,smart,110,1
1200,19630.807234001873,18371.34439236487,2863,4.841161469687544e-05,14009,3207,43558,0.9166046885800042,0.36809968516109937,0.9999455348899051,18359.87782739693,1.0723282301197286,0.14584219415292776,0.9358425343072225,4097,0.9984731715856905,5.840447511170866e-05,0.9984747321925426,655.122442886809,25,1200,1,68,3.035976653750352,2.158632449275898,-0.23582455190906843,5.666258206844387,19630.807233956522,1,0,10,2,0,34,2,2,89,2,1,35,0.8,0.02,smart,111,1
1200,14502.847647207689,13288.441571113297,2617,6.509834678034515e-05,10445,2620,31808,0.9001483493923303,0.36827873492630686,0.9999246662362379,13273.760432343905,1.098220931816284,0.18044732066835611,0.9162643016298797,4097,0.9984844191709971,8.273311623617963e-05,0.9985127289982947,671.8722942119738,25,1200,1,68,2.177758547118334,2.1361680413260338,-0.2393827274132472,4.792692043270862,14502.847647189488,0,0,10,1,1,34,1,1,89,2,2,35,0.8,0.02,smart,112,1
1200,14304.302697046702,13098.392679772685,2596,6.597225077586249e-05,10305,2591,31362,0.8996224642947579,0.36829918822338514,0.9999235716728269,13083.65395835928,1.0990134472737842,0.18148385524140062,0.9156959942183696,4097,0.9984497666442252,8.399575931599682e-05,0.9984700778321227,653.1278941450718,25,1200,1,68,2.1477065353058085,2.134270725388491,-0.23634391419798428,4.754665089090268,14304.302697022757,0,0,10,0,0,34,3,1,89,2,2,35,0.8,0.02,smart,113,1
1200,14151.321303563216,12960.394387979846,2560,6.674988448914246e-05,10193,2562,31029,0.9000798111581756,0.36829187477932535,0.9999227594637609,12946.069873708917,1.098772366853519,0.18090183560141537,0.9158434120718112,4097,0.9984478134539331,8.48697668206763e-05,0.9984610709923001,649.3024258988067,25,1200,1,68,2.124128974304201,2.1521118747276557,-0.23442457628638222,4.745090001604622,14151.3213035435,0,0,10,0,1,34,0,2,89,2,2,35,0.8,0.02,smart,114,1
1200,14183.601245211757,12974.032990044683,2602,6.649940552220589e-05,10223,2581,31079,0.8985713520180382,0.3682927472997075,0.9999228363702538,12958.973300997222,1.1003782735891015,0.1834512938579974,0.9147206527978631,4097,0.9984946272488319,8.490918168430937e-05,0.9985194373598941,674.9187834436979,25,1200,1,68,2.1257835176540585,2.1264753745388587,-0.23815002321093617,4.72855893861479,14183.60124518997,0,0,10,0,0,34,1,1,89,2,2,35,0.8,0.02,smart,115,1
1200,14306.835230997469,13086.653685732179,2625,6.591422240710789e-05,10311,2603,31349,0.8985393698952515,0.3683005104119382,0.9999235002231786,13071.43355408493,1.1003937862884197,0.1834787329005246,0.9147133852061411,4097,0.9984865158824162,8.417987906695147e-05,0.9985081546169167,669.8106271829901,25,1200,1,68,2.1454470666354006,2.1281976371428972,-0.23902547186117976,4.751695647500657,14306.835230979483,0,0,10,1,0,34,1,0,89,2,2,35,0.8,0.02,smart,116,1
1200,16317.397969227435,15107.39610458513,2654,5.8151189274591266e-05,11698,2811,35993,0.9090931024932171,0.3681842550950415,0.9999337553378581,15095.055887844728,1.0852150642205096,0.16264848139422172,0.9258459058898841,4097,0.998469975010689,7.188970528102195e-05,0.9984778423812705,656.4620612661897,25,1200,1,68,2.481538657064463,2.3691981297451203,-0.23802767113509898,5.326792129079781,16317.397969197371,0,0,10,4,3,34,5,5,89,2,2,35,0.8,0.02,smart,117,1
1200,14153.042153924362,12944.510738970588,2590,6.67100244198258e-05,10201,2577,31010,0.8991047319670981,0.3682983010417555,0.9999226617926841,12929.719540990569,1.1004816061513296,0.18299952560247576,0.914609777755896,4097,0.9984814652449495,8.510927460411935e-05,0.9984815213332824,658.0537417311749,25,1200,1,68,2.121850780296748,2.157183649290403,-0.2369895786874628,4.753013586962076,14153.042153905264,0,0,10,0,0,34,1,2,89,2,2,35,0.8,0.02,smart,118,1
1200,14410.541351375361,13217.247769156074,2579,6.551592573163088e-05,10374,2591,31623,0.9007703484456064,0.3682613566303407,0.9999242622162032,13202.949446121936,1.0969527978840985,0.17896621210235497,0.9171930080124716,4097,0.998457005177764,8.308077384171682e-05,0.9984877367248105,660.7603940620737,25,1200,1,68,2.1674585432811955,2.1790100603611355,-0.23429834861041687,4.815065300863164,14410.541351349673,0,0,10,1,1,34,3,1,89,2,2,35,0.8,0.02,smart,119,1
1200,14269.530810287224,13078.903675245976,2571,6.614458081156117e-05,10275,2574,31302,0.9001536882839857,0.3682686871014758,0.9999234595251886,13064.482964575158,1.0978260415806582,0.18017410902862402,0.9165615778913418,4097,0.9984510430560529,8.402812648298785e-05,0.9984630522516151,650.1400780695058,25,1200,1,68,2.144039144214975,2.1141963300332285,-0.23421599082955558,4.7266674559073145,14269.530810267182,0,0,10,1,0,34,2,1,89,2,2,35,0.8,0.02,smart,120,1
1200,15159.50068917525,13947.724629219052,2638,6.233669163774989e-05,10898,2688,33324,0.9030862360018107,0.3682310224835677,0.9999282343961046,13933.751860094799,1.0930378487550554,0.17401628550231096,0.9200649094714924,4097,0.9984793089233552,7.844252129690516e-05,0.9984882803482449,660.9981873481302,25,1200,1,68,2.289724863733237,2.15564166093274,-0.23685858445899582,4.919083693583968,15159.500689153396,1,0,10,1,1,34,4,2,89,2,2,35,0.8,0.02,smart,121,1
1200,16059.022321545921,14850.425060510046,2662,5.895202120778373e-05,11519,2782,35399,0.907031262073879,0.36819733937491644,0.999932605113762,14837.421026982625,1.0867533941022938,0.1657635157794427,0.9247402963370731,4097,0.9984409896000539,7.324162136448525e-05,0.9984654900717369,651.1737267086088,25,1200,1,68,2.4416958384647547,2.101686928840183,-0.23480788178727946,5.012998530879496,16059.022321512206,1,0,10,1,0,34,4,0,89,2,2,35,0.8,0.02,smart,122,1
1200,14596.878076066756,13401.058631222144,2585,6.473842057137275e-05,10503,2614,32049,0.9018290780230687,0.3682570130483951,0.9999253037248109,13387.048401894444,1.0957160468613467,0.17709266231649917,0.9180770409526614,4097,0.9984664170684853,8.184590736584237e-05,0.9984781477242024,656.5938735338414,25,1200,1,68,2.196443652259054,2.092804131718614,-0.2363693604144599,4.761986504806588,14596.878076041083,0,0,10,1,0,34,4,0,89,2,2,35,0.8,0.02,smart,123,1
1200,14132.160245627372,12930.170746528907,2584,6.67572390290281e-05,10184,2569,30971,0.8989542773369783,0.3683042713560435,0.9999225755075805,12915.30956167859,1.1000541748552743,0.18284536511673893,0.914946513611012,4097,0.9984701932217481,8.517113612216939e-05,0.9984847203166284,659.4440482765788,25,1200,1,68,2.1188598175409252,2.1362797724171734,-0.23650022339332166,4.728140036744741,14132.16024560548,0,0,10,0,1,34,0,2,89,2,2,35,0.8,0.02,smart,124,1
1200,14670.986706110254,13463.65457222702,2607,6.441263756879072e-05,10559,2632,32205,0.901570481711794,0.3682635275707247,0.9999256503122907,13449.455613127446,1.0962204738435704,0.17769765948422692,0.9177061394663798,4097,0.9984710517559471,8.150364989089599e-05,0.998471259366497,653.6330708307305,25,1200,1,68,2.2091429939722045,2.1736443278067528,-0.2360214570427188,4.854830235864395,14670.98670608954,0,0,10,1,0,34,2,4,89,2,2,35,0.8,0.02,smart,125,1
1200,14068.202642894932,12857.066220082386,2589,6.712540200818742e-05,10143,2570,30812,0.89871840311583,0.36830852354994054,0.9999221346386081,12842.181028115347,1.1014398084346295,0.184032037760528,0.9139096547330285,4097,0.9984809818468662,8.576400873554576e-05,0.998496489503887,664.6099636915751,25,1200,1,68,2.1076538486352816,2.2225949939777565,-0.23704659184390386,4.804342026300846,14068.202642875114,0,0,10,0,0,34,0,4,89,2,2,35,0.8,0.02,smart,126,1
1200,14159.502241791724,12959.723167232538,2584,6.662582891343036e-05,10203,2570,31037,0.8990273691757833,0.368283013398303,0.999922752563143,12944.913339136972,1.099617483849206,0.1824922907511065,0.9152668607927443,4097,0.9984596803183053,8.494263215085864e-05,0.9984703550776024,653.2463631094458,25,1200,1,68,2.1244409033197384,2.150003054884121,-0.23547613697565253,4.745396232155164,14159.502241772345,0,0,10,0,1,34,1,1,89,2,2,35,0.8,0.02,smart,127,1
1200,14294.655929831402,13093.907198616338,2584,6.60577212522993e-05,10296,2586,31347,0.9000663960488874,0.3682740485940194,0.9999235468608308,13079.407645131376,1.0985723613938043,0.18076685529782296,0.9160001655787159,4097,0.9984600676756142,8.398930563330227e-05,0.9984779920966553,656.5266846926862,25,1200,1,68,2.145859322562965,2.104734288835722,-0.23658333240578938,4.723760276210266,14294.655929812527,0,0,10,0,0,34,2,0,89,2,2,35,0.8,0.02,smart,128,1
1200,14476.947694822398,13270.147058232938,2605,6.520580846341215e-05,10424,2610,31758,0.9003078716410763,0.3682788758754459,0.9999245629083718,13255.578381903679,1.097713255313512,0.17994124555217286,0.9166398427327975,4097,0.9984885871133915,8.280829542273914e-05,0.9984914100948676,662.3705434134826,25,1200,1,68,2.177025069402215,2.292384793388208,-0.23579954639863945,4.9410089555877015,14476.947694805127,0,1,10,1,1,34,2,1,89,2,2,35,0.8,0.02,smart,129,1
1200,14424.808434963423,13230.1195314772,2575,6.551044298042995e-05,10384,2594,31654,0.9012327744094851,0.36826265291399124,0.9999243371091713,13216.018541257276,1.0969346722940585,0.17851190271328754,0.9171781789080479,4097,0.9984756463652174,8.299724835637502e-05,0.9985039921713944,667.945575107158,25,1200,1,68,2.168778941620673,3.0372207892911414,-0.23535579753514357,5.676711325982102,14424.8084349349,0,1,10,1,2,34,2,3,89,1,2,35,0.8,0.02,smart,130,1
1200,14567.773282162114,13364.724237688873,2604,6.479327436107794e-05,10486,2617,31972,0.9007877765191407,0.3682680634736018,0.9999250979245662,13350.264898578731,1.096661023004465,0.17875072254100324,0.9174170944885348,4097,0.9984697957873296,8.214218667043008e-05,0.9984753306917599,655.379803397104,25,1200,1,68,2.192391770371691,2.1186036564132054,-0.23557044331866556,4.782136313422227,14567.77328214214,0,0,10,1,0,34,1,0,89,2,2,35,0.8,0.02,smart,131,1
1200,14237.766815889277,13030.529563677568,2597,6.628247818831832e-05,10259,2585,31207,0.8991724210977824,0.3682893569636734,0.9999231725484671,13015.68079937962,1.0996862622541612,0.18240220068092144,0.9152088057191358,4097,0.998470820139823,8.448609301489688e-05,0.9984952850307113,664.077565577096,25,1200,1,68,2.135662167978133,2.154010139986614,-0.23729896800004585,4.764270243964838,14237.766815869074,0,0,10,0,0,34,2,1,89,2,2,35,0.8,0.02,smart,132,1
1200,14461.433093282096,13249.131382764464,2611,6.529080443788406e-05,10415,2613,31715,0.9001304559702671,0.36829512436682393,0.9999244427009977,13234.488713578092,1.0983452042699264,0.1805491878403747,0.9161700156064897,4097,0.998497143081078,8.298799700683393e-05,0.9984971847809815,664.9176767700545,25,1200,1,68,2.172363200314665,2.1381462559229285,-0.2378756485612366,4.786260753360066,14461.43309325541,0,0,10,1,0,34,2,2,89,2,2,35,0.8,0.02,smart,133,1
1200,14580.582936023782,13379.347472806652,2599,6.47608235433318e-05,10494,2617,32004,0.9011062872547976,0.3682584948062124,0.999925180631676,13365.023151749197,1.0963778332355716,0.17825076071401325,0.9176140303520186,4097,0.9984555888512102,8.203029692711787e-05,0.9984766737149194,655.958052532567,25,1200,1,68,2.1943900568541697,2.1025738206196314,-0.2357070991468202,4.768378075767441,14580.58293600594,0,0,10,1,0,34,1,0,89,2,2,35,0.8,0.02,smart,134,1
1200,14288.52968849823,13082.49524824142,2595,6.605970842808894e-05,10294,2589,31326,0.8995924074017572,0.3682770503559942,0.9999234788630842,13067.784657247948,1.0991449861005431,0.18161420779976295,0.9155942237200495,4097,0.9984955756782071,8.410782397166096e-05,0.9985058412538454,668.7728041059926,25,1200,1,68,2.1447793073160883,2.132617336231587,-0.23664230743011455,4.750681258407904,14288.529688477218,0,0,10,1,0,34,2,1,89,2,2,35,0.8,0.02,smart,135,1
1200,15373.892088162936,14182.113185432825,2600,6.158960970379445e-05,11039,2694,33844,0.9057465747050705,0.36820919558306436,0.9999294264132478,14169.107151976981,1.0897328501233807,0.1691178775738812,0.9224803390126748,4097,0.9984545489527056,7.690635583507535e-05,0.9984646957120101,650.8365534387955,25,1200,1,68,2.327881563150301,2.1054975862498044,-0.2344337848725596,4.902246719145224,15373.892088137163,1,0,10,1,0,34,4,1,89,2,2,35,0.8,0.02,smart,136,1
1200,14431.27291289131,13230.06191344878,2590,6.544714006743614e-05,10391,2601,31661,0.9006641216468095,0.3682832364893873,0.9999243352633634,13215.69613012301,1.097523363694783,0.17947134778986676,0.916763337046346,4097,0.9984677110141972,8.304381626690906e-05,0.9984802862342971,657.5185229356347,25,1200,1,68,2.1693271810355834,2.1347766282314145,-0.23588497110910284,4.775873751485204,14431.272912868119,0,0,10,1,0,34,1,1,89,2,2,35,0.8,0.02,smart,137,1
1200,14323.242002491177,13125.691653291402,2576,6.597044488653956e-05,10315,2586,31417,0.9006265979739753,0.36828215253897095,0.999923733658255,13111.443966833704,1.0980090161176077,0.1798475512423771,0.916391111105189,4097,0.9984728788403942,8.374113086263442e-05,0.9984755138896829,655.4586206874324,25,1200,1,68,2.151263669897281,2.177411574302586,-0.23594333051451674,4.800561905228901,14323.242002470786,0,0,10,0,1,34,3,2,89,2,2,35,0.8,0.02,smart,138,1
1200,14928.158349914382,13721.639265630043,2613,6.334470352702367e-05,10736,2659,32798,0.9028711682351012,0.3682508812295198,0.9999270514806767,13707.797424449018,1.0942009680336036,0.17503833619335812,0.9191783034448279,4097,0.9984833008936607,7.982034046019541e-05,0.998483430381184,658.882725186049,25,1200,1,68,2.2502439327173893,2.4070203027448778,-0.23778245893111494,5.132829153324497,14928.158349891026,0,1,10,2,1,34,3,1,89,2,2,35,0.8,0.02,smart,139,1
1200,14510.381156981412,13310.747292506434,2586,6.514499555299173e-05,10445,2608,31845,0.9014033850771023,0.36827539423036276,0.9999247960283372,13296.670048572612,1.0967227292851431,0.17821723440778067,0.9173258199425178,4097,0.9984724043474024,8.247790505532818e-05,0.9984740952557384,654.8487755905819,25,1200,1,68,2.182529757614391,2.2069350308750333,-0.2358671018788675,4.861198992247159,14510.38115695955,0,0,10,1,1,34,1,2,89,2,2,35,0.8,0.02,smart,140,1
1200,14076.544301804366,12880.327199106581,2571,6.703951631638208e-05,10144,2558,30850,0.8990911354111645,0.3682840496346386,0.9999222764176627,12865.607935649427,1.09994109182585,0.18264425876672322,0.915020542183464,4097,0.9984651674853373,8.549136201714494e-05,0.998487236661674,660.5418059561273,25,1200,1,68,2.111008714320288,2.1207660928990766,-0.23508200264431645,4.701938812507998,14076.544301787626,0,0,10,0,0,34,0,1,89,2,2,35,0.8,0.02,smart,141,1
1200,14542.796795859602,13347.438096660979,2580,6.499439611215152e-05,10466,2608,31925,0.9017646052953192,0.36825541912669324,0.999925003513422,13333.457964691692,1.0960757453391439,0.17740741593353881,0.9178040705664713,4097,0.9984613216516142,8.22018299240014e-05,0.9984709194023903,653.4876358208298,25,1200,1,68,2.1882800016359196,2.219635370804573,-0.23551946433740784,4.878954301115308,14542.796795839964,0,0,10,1,2,34,3,2,89,2,2,35,0.8,0.02,smart,142,1
1200,16125.584355867013,14915.107533985158,2666,5.871340238884156e-05,11566,2791,35550,0.9072787139224677,0.3681844722120461,0.9999328977506239,14902.1300745842,1.086493998718948,0.1653273420153622,0.9249343902727194,4097,0.9984579417436876,7.290619124808627e-05,0.9984841404153995,659.1915826028765,25,1200,1,68,2.45350151157809,2.1482691247514207,-0.23409588106160967,5.06996239845273,16125.584355838198,1,0,10,2,1,34,4,2,89,2,2,35,0.8,0.02,smart,143,1
1200,15799.935388051741,14587.911888653001,2659,5.9882080250286803e-05,11341,2757,34798,0.9058368858527289,0.36820962765295223,0.9999313897283927,14574.577115728316,1.0886916113532712,0.16829182744701565,0.9232893382389843,4097,0.9984534512222615,7.469542715164594e-05,0.9984714817975083,653.7282607584337,25,1200,1,68,2.3969289484320844,2.1201625568267266,-0.23639361623900182,4.989878737736815,15799.935388026517,1,0,10,2,0,34,3,1,89,2,2,35,0.8,0.02,smart,144,1
1200,14051.266052513147,12835.915059452973,2601,6.715533276753133e-05,10133,2572,30767,0.8980183577207841,0.3683195202338983,0.9999220044754513,12820.748466236093,1.1020294118212381,0.18510787499712858,0.9135059439826917,4097,0.9984754143111483,8.595336204349311e-05,0.9984755517956168,655.4749313325862,25,1200,1,68,2.104069424311031,2.199203044901933,-0.23780825110400153,4.778888971420967,14051.266052490195,0,0,10,0,1,34,0,2,89,2,2,35,0.8,0.02,smart,145,1
1200,14219.120313162874,13015.919145634829,2582,6.642931800229614e-05,10245,2580,31169,0.89981094050674,0.36829036665271103,0.9999230881220943,13001.392903109661,1.0994042451550299,0.18158647955245164,0.9153814623528981,4097,0.9984672237936988,8.455724507277922e-05,0.9984805087316556,657.6148758681506,25,1200,1,68,2.1336816241905563,2.1808548884803978,-0.23617176133317952,4.7868800353373135,14219.120313142414,0,0,10,0,1,34,2,2,89,2,2,35,0.8,0.02,smart,146,1
1200,14070.3959477438,12859.17486911247,2588,6.71279412108534e-05,10144,2571,30816,0.8988081196315517,0.36831228883175327,0.9999221477702517,12844.347253928112,1.1014190831612556,0.18393227949032862,0.9139170579755043,4097,0.9984623665872756,8.574793151165495e-05,0.9984774338571575,656.2857898126467,25,1200,1,68,2.107633680607468,2.258744497452515,-0.23743231068053186,4.841242799421047,14070.395947728,0,0,10,0,1,34,0,3,89,2,2,35,0.8,0.02,smart,147,1
1200,14286.666820218557,13084.092433619146,2591,6.604051071373275e-05,10291,2586,31326,0.8996282904279379,0.3682815101532543,0.9999234880997847,13069.36229198724,1.0988450559147422,0.1813579075234823,0.9158254054824374,4097,0.9984439891224862,8.40747232704465e-05,0.9984815919573484,658.0843723387151,25,1200,1,68,2.1450526585266547,2.0997969073418203,-0.23605847817331246,4.7169665222151,14286.666820199802,0,0,10,0,0,34,2,0,89,2,2,35,0.8,0.02,smart,148,1
1200,14467.899556696386,13252.862797843854,2623,6.519221883424484e-05,10421,2616,31727,0.8995231821017934,0.36828927143304696,0.9999244622157285,13237.907893066038,1.0985985871617128,0.1812979133371132,0.9160184410949854,4097,0.9984929583664128,8.298570307809491e-05,0.99851054775815,670.8876329111188,25,1200,1,68,2.172516475481183,2.104983945344852,-0.23880011729760953,4.755100655421254,14467.899556672755,0,0,10,1,0,34,2,0,89,2,2,35,0.8,0.02,smart,149,1
1200,14115.993303278288,12921.285991560471,2568,6.68673455600209e-05,10171,2561,30943,0.8994909263238758,0.3682917859294972,0.9999225238296416,12906.694494440735,1.0994567900173584,0.18192131044746312,0.9153649845214676,4097,0.9984409044914598,8.518170156536907e-05,0.9984729676658192,654.3648533162561,25,1200,1,68,2.117802644851566,2.1071751812640525,-0.234862905691643,4.694703637498905,14115.993303259256,0,0,10,0,0,34,1,0,89,2,2,35,0.8,0.02,smart,150,1
1200,14977.645225797743,13765.669698209853,2638,6.301446267614598e-05,10773,2668,32905,0.9018776866428811,0.3682512244594037,0.9999272821507382,13751.281848765853,1.094412457280605,0.17612915516627842,0.9190810364836013,4097,0.9984701291331417,7.95833200988877e-05,0.9984752182746373,655.3314475258011,25,1200,1,68,2.260014832619578,2.126668939857997,-0.236259371676256,4.859202515830087,14977.645225775004,0,0,10,2,0,34,3,1,89,2,2,35,0.8,0.02,smart,151,1
1200,14751.207683940034,13549.648116737808,2601,6.406744534111274e-05,10612,2635,32397,0.9021683756241831,0.3682615500709279,0.9999261237289888,13535.646124562194,1.0950798353261049,0.17632454614761922,0.9185450037077039,4097,0.9984708989450546,8.090041469385293e-05,0.9984758957615564,655.6229744358168,25,1200,1,68,2.2218113255212084,2.0941822769529765,-0.23672328846543972,4.789440179405064,14751.207683919887,0,0,10,1,0,34,4,0,89,2,2,35,0.8,0.02,smart,152,1
1200,14092.906892352714,12894.533669578617,2577,6.694241485874574e-05,10156,2561,30885,0.8989276499939485,0.3682969881218753,0.9999223615343157,12879.713315442814,1.1000281167395238,0.1828579454674725,0.9149662144277435,4097,0.998443951004553,8.54044951935606e-05,0.9984702819943272,653.2151299384635,25,1200,1,68,2.113549901805511,2.120251562121881,-0.23526791358330337,4.704337291093999,14092.906892332887,0,0,10,0,0,34,1,1,89,2,2,35,0.8,0.02,smart,153,1
1200,14359.381273058807,13150.708613382323,2595,6.580209617938426e-05,10343,2600,31485,0.9002721393410369,0.36829170728265653,0.999923877610868,13136.239544299306,1.0987827961069412,0.18071809297722047,0.915826967980563,4097,0.9984675790573354,8.364197157699883e-05,0.9984698322143793,653.0229758004456,25,1200,1,68,2.1555132266928023,2.1535031973980567,-0.23771698547961856,4.784450395050096,14359.381273034525,0,0,10,0,0,34,2,2,89,2,2,35,0.8,0.02,smart,154,1
1200,14085.135737590164,12868.343298072274,2612,6.691223454594274e-05,10157,2576,30843,0.8975801538080243,0.36832354879239826,0.9999221994741432,12852.883553421307,1.1019369756290276,0.18544372228015807,0.9136115929454243,4097,0.9984806194316962,8.573127616507328e-05,0.9985073728069996,669.4595310131381,25,1200,1,68,2.108839151145253,2.1140652655200105,-0.2386834717840206,4.700271360233305,14085.135737575642,0,0,10,0,0,34,1,0,89,2,2,35,0.8,0.02,smart,155,1
1200,14277.399771251683,13072.95876447677,2588,6.614213431095802e-05,10285,2587,31302,0.8998921969885509,0.3682975120326785,0.9999234238535516,13058.396874434802,1.0990600270719193,0.18126549942315673,0.9156400306728036,4097,0.9984677778786667,8.416178158895433e-05,0.9984692662393657,652.7813414750113,25,1200,1,68,2.142809571713692,2.1689771010308756,-0.2367570568246436,4.785300786393854,14277.399771230013,0,0,10,0,1,34,2,2,89,2,2,35,0.8,0.02,smart,156,1
1200,14680.247001180198,13473.06586852162,2611,6.434849350373908e-05,10565,2633,32226,0.9013606810395374,0.36827268056405893,0.9999257018552129,13458.786263546084,1.096151764771206,0.17785804283743267,0.9177683364209385,4097,0.9984778609878469,8.14420425278921e-05,0.9984841141697481,659.180160870746,25,1200,1,68,2.209426029959675,2.143075562654463,-0.2372818035666292,4.827065199747396,14680.247001157824,0,0,10,1,1,34,2,1,89,2,2,35,0.8,0.02,smart,157,1
1200,14049.182565184901,12844.628944442837,2588,6.711363970168483e-05,10128,2562,30776,0.8982191557838213,0.36831543199946126,0.9999220577535864,12829.512547852817,1.1010207896666004,0.1842100056705996,0.9142616579183009,4097,0.9984784861738432,8.581603369494777e-05,0.9984882521884481,660.9858654108874,25,1200,1,68,2.105118902335984,2.109381343261721,-0.2364115251911709,4.687323295980047,14049.182565162931,0,0,10,0,0,34,0,0,89,2,2,35,0.8,0.02,smart,158,1
1200,14941.24290610622,13734.262510557037,2621,6.323999729148305e-05,10746,2660,32827,0.9024640194885519,0.36825845027483406,0.9999271175179483,13720.218222076755,1.0941814743106526,0.17542047984032466,0.9192182067359396,4097,0.9984757269275132,7.974666166308299e-05,0.9984770351205822,656.113832716724,25,1200,1,68,2.253792239753671,2.1573425091928526,-0.2364149112601671,4.883964571466858,14941.242906083029,1,0,10,1,1,34,4,2,89,2,2,35,0.8,0.02,smart,159,1
1200,15133.994617073351,13916.35695974699,2633,6.255261185204549e-05,10882,2691,33257,0.9036020995356888,0.3682373285192274,0.9999280738756324,13902.654220550852,1.0936726986813265,0.1739791817442298,0.9195428775987082,4097,0.9984749920010856,7.86636385431451e-05,0.998479955626192,657.3754045210741,25,1200,1,68,2.282286921515378,2.196218831723115,-0.24004551465942653,4.958596782557345,15133.994617048826,0,0,10,2,0,34,2,2,89,2,2,35,0.8,0.02,smart,160,1
1200,14258.209193373634,13056.808306805386,2584,6.621078324763891e-05,10271,2582,31262,0.8998367748359932,0.3682935199626854,0.9999233288626652,13042.217693669152,1.0989376448026995,0.18122893029237425,0.9157397068401417,4097,0.9984513838085911,8.42567990872033e-05,0.998466686800873,651.6823489801315,25,1200,1,68,2.1402600564012118,2.120374759301435,-0.23610814249076648,4.732851100684179,14258.20919335187,0,0,10,0,0,34,3,1,89,2,2,35,0.8,0.02,smart,161,1
1200,15108.927531935718,13914.844423473553,2598,6.26199664441999e-05,10857,2667,33230,0.9043101527811064,0.36822662910920095,0.9999280677619385,13901.472558040452,1.0917769357871008,0.17195131782243386,0.9209683740994697,4097,0.9984760297928768,7.853395845514984e-05,0.9984768534618214,656.0355213406622,25,1200,1,68,2.2836952594853783,3.03464638653707,-0.23445932916751103,5.787260304357471,15108.927531917338,0,1,10,2,2,34,5,3,89,1,2,35,0.8,0.02,smart,162,1
1200,14110.110130930649,12905.333403503873,2593,6.68191869015999e-05,10170,2569,30916,0.8983442764049423,0.36831104605494175,0.9999224248401913,12890.224324190434,1.1005394838549873,0.18376894127253532,0.9146160649174668,4097,0.9984557104820115,8.537452633600633e-05,0.9984859480358778,659.9791860004234,25,1200,1,68,2.115776292114659,2.146308834550662,-0.23590872970381008,4.733902586072941,14110.110130910814,0,0,10,0,0,34,1,1,89,2,2,35,0.8,0.02,smart,163,1
1200,14621.306548401724,13408.518792883571,2615,6.461583693302003e-05,10526,2631,32083,0.9010196171458035,0.3682796797041196,0.9999253431512533,13394.11839499488,1.097117080418034,0.1788485858868645,0.9170533938602959,4097,0.9984740005362998,8.190730393056267e-05,0.9984856772480871,659.8610805518151,25,1200,1,68,2.199498113499549,2.1683527122442734,-0.23738631122954026,4.842623448202903,14621.306548374536,0,0,10,2,0,34,2,2,89,2,2,35,0.8,0.02,smart,164,1
1200,14129.485472114957,12934.764663564772,2564,6.685047298667691e-05,10180,2563,30974,0.8998736161832726,0.36830001877901614,0.9999226057240832,12920.352190359241,1.0993165159333593,0.18146449883544205,0.9154448468128575,4097,0.9984640304919327,8.508080575418369e-05,0.9984685929775979,652.494135319897,25,1200,1,68,2.120345526700689,2.2419115944176613,-0.2345687186482928,4.831394558414936,14129.485472093891,0,1,10,0,1,34,0,4,89,2,2,35,0.8,0.02,smart,165,1
1200,14495.413276056159,13294.079844485213,2590,6.518041607537329e-05,10435,2608,31808,0.9011206928352726,0.3682812495856146,0.9999247007799038,13279.850025538364,1.097017268731064,0.1786772098646003,0.9171232024439528,4097,0.9984675017086637,8.260454476761475e-05,0.9984798084474805,657.3117116979585,25,1200,1,68,2.179451891293254,2.1264284027613543,-0.23645032137838132,4.778780936811371,14495.413276029813,0,0,10,1,0,34,2,2,89,2,2,35,0.8,0.02,smart,166,1
1200,14394.408119402333,13180.061619684573,2604,6.565903498540635e-05,10369,2608,31559,0.9002598143398768,0.3682922654794922,0.9999240471711047,13165.566545040067,1.0990301215150093,0.18090358272460322,0.9156376219400829,4097,0.9984812143596786,8.347444677010542e-05,0.9985013381397695,666.7618014981664,25,1200,1,68,2.1592299237916515,2.1247598813620705,-0.23983809610596718,4.763665997365656,14394.408119385711,0,0,10,0,0,34,2,1,89,2,2,35,0.8,0.02,smart,167,1
1200,14356.588960910967,13144.902756472495,2606,6.57598028725158e-05,10343,2602,31475,0.8996830314082788,0.36827747586901627,0.9999238424110033,13130.167773107996,1.0991284285571707,0.18151944080139226,0.9156006898478768,4097,0.9984769204399689,8.37069711167317e-05,0.998476926166641,656.0668614596228,25,1200,1,68,2.1558768826040193,2.1931756967931157,-0.23688794421124768,4.8228284678196305,14356.588960891602,0,0,10,1,0,34,2,4,89,2,2,35,0.8,0.02,smart,168,1
1200,14163.409321542447,12954.73277598043,2586,6.670747100352654e-05,10208,2579,31034,0.8994731433590897,0.368303248250299,0.9999227239144186,12940.114059042979,1.1003792070903116,0.18258315786063684,0.9146620338279973,4097,0.9984573628372775,8.503299777935473e-05,0.9984607276734216,649.1574940862988,25,1200,1,68,2.124108700559959,2.2930201808481834,-0.23645951969392487,4.890047920795992,14163.409321523302,0,0,10,0,2,34,1,5,89,2,2,35,0.8,0.02,smart,169,1
1200,14153.175237991225,12960.947070716084,2571,6.665385221533709e-05,10196,2563,31032,0.8994045382178255,0.3682977553034265,0.9999227607515357,12946.28572598481,1.098939642018576,0.18165534989623322,0.9157624951837765,4097,0.9984673797682888,8.488127205715503e-05,0.9984968369463878,664.7636978827321,25,1200,1,68,2.123720460113198,2.0917546191400946,-0.23514207954820596,4.685759238349704,14153.175237968422,0,0,10,0,0,34,1,0,89,2,2,35,0.8,0.02,smart,170,1
1200,14295.760164936899,13092.760890094518,2589,6.605012250210546e-05,10298,2588,31346,0.8998775958069462,0.3682786054512102,0.9999235398369342,13078.206079291413,1.0987802868101089,0.18110264652802588,0.9158492265564885,4097,0.998485522054663,8.401291990323649e-05,0.9984880625054369,660.9028774043664,25,1200,1,68,2.145387150314296,2.196782996562368,-0.23723954383839913,4.816649234553462,14295.76016491617,0,0,10,0,1,34,2,1,89,2,2,35,0.8,0.02,smart,171,1
1200,14393.656122897628,13198.875101969443,2575,6.565038945031692e-05,10362,2591,31582,0.9010302607593813,0.3682606096063588,0.9999241575427501,13184.726794876782,1.0971910427159695,0.17889825753886493,0.9169925270739578,4097,0.9984619337538164,8.32136647522969e-05,0.998472954423883,654.3591745846411,25,1200,1,68,2.1631672726576023,2.2107282481948753,-0.235775414488847,4.845446349830172,14393.656122878696,0,0,10,1,1,34,1,1,89,2,2,35,0.8,0.02,smart,172,1
1200,14212.801906704042,13009.598015318767,2581,6.646222013708712e-05,10240,2579,31155,0.8998357478530291,0.3682813498176451,0.999923050746225,12995.077610546216,1.099454040318071,0.18159684606471346,0.9153436529064873,4097,0.9984735775375512,8.460216796265769e-05,0.9984815983646282,658.0871514031486,25,1200,1,68,2.1320229136735627,2.339477128069384,-0.2367774041065159,4.945054849955978,14212.801906680472,0,1,10,0,2,34,1,4,89,2,2,35,0.8,0.02,smart,173,1
1200,14494.062321686863,13305.727920980149,2564,6.524178990530106e-05,10430,2596,31822,0.9020862645619462,0.3682583128819229,0.9999247692796073,13291.942160702978,1.095777798217205,0.17690002589291984,0.9180123298539528,4097,0.9984536881311594,8.243615315041128e-05,0.9984557778733427,647.0751019657912,25,1200,1,68,2.1808949593918676,2.2892210040183705,-0.23478209421926757,4.939680151848774,14494.062321666812,0,1,10,1,1,34,2,3,89,2,2,35,0.8,0.02,smart,174,1
1200,14604.292311490919,13406.742272392557,2587,6.470516246214265e-05,10509,2616,32064,0.9018432672108659,0.36826855126203145,0.9999253353717669,13392.722777631687,1.0958168773861598,0.17713970282315578,0.9180001321833234,4097,0.9984564018219643,8.181875976168235e-05,0.9984694138823682,652.844358155565,25,1200,1,68,2.1988791549971416,2.306488656257586,-0.23516956357977822,4.975706938414284,14604.29231146152,0,1,10,1,2,34,3,3,89,2,2,35,0.8,0.02,smart,175,1
1200,14283.944802161279,13080.89915195172,2592,6.60524738944551e-05,10290,2586,31319,0.8995719602329328,0.3682899088597059,0.9999234693053449,13066.152589773561,1.0989129014793169,0.18146247664075327,0.9157763722226421,4097,0.9984665053930354,8.410056771584715e-05,0.9984720681893191,653.9793414947156,25,1200,1,68,2.144622549683689,2.1516437867884197,-0.23603491733917956,4.768336171150467,14283.944802137208,0,0,10,1,1,34,2,1,89,2,2,35,0.8,0.02,smart,176,1
1200,14611.65918602481,13409.473021551235,2602,6.462378372809083e-05,10516,2621,32075,0.9011799329861113,0.3682597560023244,0.9999253488869564,13395.147549841404,1.096228935537655,0.17807697037504538,0.9177241852435626,4097,0.9984775072252045,8.183471018876967e-05,0.9984978104036322,665.1948059211308,25,1200,1,68,2.1984358973560085,2.1014693819928696,-0.2368406336447136,4.773586546638305,14611.659186004332,0,0,10,2,0,34,3,0,89,2,2,35,0.8,0.02,smart,177,1
1200,14645.830998508616,13448.081719546377,2591,6.452042691569062e-05,10538,2621,32159,0.9018830691172183,0.36825485705854116,0.9999255650815102,13434.054908196096,1.0955257199080037,0.17691041227116722,0.9182190973605932,4097,0.9984713157297939,8.154536766504758e-05,0.998489889934809,661.703261120492,25,1200,1,68,2.2043740263923977,2.1048146190473784,-0.23659780668968383,4.782384258819143,14645.830998492487,0,0,10,1,0,34,3,0,89,2,2,35,0.8,0.02,smart,178,1
1200,14191.721346433438,12997.014825725126,2567,6.655080340044443e-05,10223,2569,31117,0.9001126015939014,0.3682757497581436,0.9999229769243833,12982.622155254543,1.0988127594098756,0.18088010166892968,0.9158166587727882,4097,0.9984408156645165,8.463393825676495e-05,0.9984691132982321,652.7160762741931,25,1200,1,68,2.1303443413241276,2.14950077120094,-0.23494254974525533,4.749730212015579,14191.721346416298,0,0,10,0,1,34,2,2,89,2,2,35,0.8,0.02,smart,179,1
1200,14493.521625570467,13294.204109258506,2586,6.520920378255134e-05,10433,2606,31806,0.9012643053278677,0.36825324334612514,0.9999247021200498,13280.08638820776,1.0968299402005608,0.17842454489719056,0.9172514763978381,4097,0.9984845575999279,8.258896916346392e-05,0.9984909097729173,662.1507760310592,25,1200,1,68,2.178731146253581,2.294057154003093,-0.23685579133710993,4.946499882930894,14493.521625544146,0,1,10,1,2,34,2,2,89,2,2,35,0.8,0.02,smart,180,1
1200,14185.946948977213,12977.71740482937,2593,6.653956954815146e-05,10223,2580,31086,0.8991183253304756,0.368295396339638,0.9999228597262216,12962.897075530815,1.1001914150951566,0.18278652876161727,0.9148291228993384,4097,0.9984717006092938,8.486906696935525e-05,0.9984827471404876,658.5857955856197,25,1200,1,68,2.127510163926393,2.1753327485531404,-0.23681432756583645,4.776471567611207,14185.946948953377,0,0,10,0,1,34,1,3,89,2,2,35,0.8,0.02,smart,181,1
1200,13984.951086661511,12780.364628320785,2578,6.748566830391252e-05,10083,2555,30628,0.8984450486683694,0.3683056012880487,0.9999216664661744,12765.424766208771,1.1015245035360661,0.1843410094196776,0.9138655222405726,4097,0.9984462382896064,8.628630695783044e-05,0.9984841510770042,659.1962224937483,25,1200,1,68,2.0951697302048964,2.1985128144941273,-0.23565545090272422,4.764993446504473,13984.951086645722,0,0,10,0,1,34,0,2,89,2,2,35,0.8,0.02,smart,182,1
1200,14097.550882245621,12882.083177219127,2605,6.690657809844693e-05,10165,2577,30873,0.8980827859427054,0.3682994515905023,0.9999222839299701,12866.851618674522,1.1016673307042315,0.18478386932305546,0.9137816408552745,4097,0.9984703379248646,8.561725542297172e-05,0.9984836363529108,658.9722909382334,25,1200,1,68,2.111506573803635,2.1738623320902835,-0.23808523990022504,4.761539385694368,14097.55088222316,0,0,10,0,0,34,0,2,89,2,2,35,0.8,0.02,smart,183,1
1200,14225.912138361135,13020.094714013821,2592,6.634323871249668e-05,10250,2582,31182,0.8993285307817149,0.3682917769655578,0.999923111331074,13005.317547318717,1.0996373840906724,0.18220272800719026,0.9152379536285941,4097,0.998478350297138,8.454965476429928e-05,0.9984954752232371,664.1615773099131,25,1200,1,68,2.1338419313105255,2.1445389818230405,-0.2371434250799091,4.752667763293384,14225.912138342608,0,0,10,0,1,34,2,2,89,2,2,35,0.8,0.02,smart,184,1
1200,14169.62765318397,12977.209286314133,2562,6.667493354346881e-05,10207,2565,31070,0.9001672757802819,0.3682707608145475,0.9999228598273026,12962.914062167954,1.0987592197047646,0.18080926773148542,0.9158468806622525,4097,0.9984585932832086,8.475847596129405e-05,0.998470367910636,653.2518477958622,25,1200,1,68,2.126934729619041,2.165580926979264,-0.2346698792424349,4.761855415083175,14169.627653168856,0,0,10,0,0,34,1,2,89,2,2,35,0.8,0.02,smart,185,1
1200,14268.768317562017,13052.186579452293,2608,6.616702820237211e-05,10284,2597,31266,0.8992072385690874,0.36828977877474534,0.9999232999623524,13037.303242083939,1.1003074079141981,0.1827768131037681,0.9147381391978764,4097,0.9984946111040273,8.439361961108183e-05,0.998503723262914,667.8254430844594,25,1200,1,68,2.138998155989934,2.1817277846798437,-0.23912989693354092,4.79898573453686,14268.76831754085,0,0,10,0,1,34,2,2,89,2,2,35,0.8,0.02,smart,186,1
1200,14168.004457600338,12965.116355321526,2590,6.657394040863643e-05,10210,2573,31052,0.8988667659637404,0.36830032611179453,0.9999227840872927,12950.198430442417,1.0998576037045857,0.18280626659533628,0.9150982690696762,4097,0.9984795372420379,8.492650871840043e-05,0.9984963445203888,664.5458333060517,25,1200,1,68,2.1241922515002156,2.1039158181570543,-0.23714182476302095,4.702391719183312,14168.004457579418,0,0,10,0,0,34,0,0,89,2,2,35,0.8,0.02,smart,187,1
1200,14131.276447859063,12929.573580930553,2583,6.676508827155278e-05,10184,2569,30969,0.8989985301910062,0.36830720614555607,0.9999225720078574,12914.725770785337,1.100032173196736,0.18278603560907147,0.914961477729029,4097,0.9984395734654238,8.517328246314786e-05,0.9984747137487266,655.1145150736966,25,1200,1,68,2.119520530743568,2.1182424846139063,-0.23569221056251122,4.709147436482497,14131.276447836475,0,0,10,0,0,34,1,1,89,2,2,35,0.8,0.02,smart,188,1
1200,14347.118288009207,13150.438262583943,2579,6.583266482924948e-05,10331,2588,31473,0.9005373862550748,0.36828021882603723,0.999923876872489,13136.112120568076,1.097756898472517,0.17975735253785655,0.9165909138404884,4097,0.9984571863305873,8.356468835871702e-05,0.9984572251119717,647.6825762530052,25,1200,1,68,2.156097348166627,2.1323195953100065,-0.2350890331649607,4.758595009806555,14347.118287989528,0,0,10,1,0,34,2,1,89,2,2,35,0.8,0.02,smart,189,1
1200,14232.45202852979,13032.011516358292,2582,6.6338190521182e-05,10253,2579,31204,0.8997392480301204,0.3683006884176915,0.9999231829064394,13017.435893655509,1.0990512217266084,0.1814163852317386,0.9156546946537995,4097,0.998484560435451,8.442592052743164e-05,0.9984940343226113,663.5256321094519,25,1200,1,68,2.1357769792971655,2.138696934347928,-0.2362983587874388,4.747070631219971,14232.452028507627,0,0,10,0,0,34,2,1,89,2,2,35,0.8,0.02,smart,190,1
1200,14455.737457621051,13246.064259394285,2612,6.527222872235272e-05,10411,2610,31706,0.8998607623433623,0.3682794597300499,0.999924424482981,13231.298325281756,1.0981728270725708,0.18068950184364035,0.9163188179245032,4097,0.9984808428423385,8.29949791824035e-05,0.998493688139502,663.3730245711337,25,1200,1,68,2.1724544191557302,2.1352303541905724,-0.23683515711086214,4.781355087568027,14455.737457599555,0,0,10,1,0,34,2,1,89,2,2,35,0.8,0.02,smart,191,1
1200,14077.764574041126,12863.644724891412,2607,6.695422618659468e-05,10151,2573,30830,0.8977078634299702,0.36831070073648453,0.999922171502425,12848.264021581756,1.1017323742850624,0.18518565119402627,0.9137562044908389,4097,0.9985023891707449,8.574617542078454e-05,0.9985055148726986,668.6266413220536,25,1200,1,68,2.1078207530653086,2.1124748724152203,-0.23847334260418426,4.697242310688897,14077.764574016956,0,0,10,0,0,34,0,0,89,2,2,35,0.8,0.02,smart,192,1
1200,14368.537726223683,13162.878257811906,2595,6.571688756957034e-05,10349,2598,31510,0.9001454592207367,0.3682700876309666,0.9999239476018343,13148.329276096545,1.0984496647967008,0.1806029290833072,0.9160903154249749,4097,0.9984683824485757,8.353973127220745e-05,0.9984876209284191,660.7097641650832,25,1200,1,68,2.1571537753069903,2.1209697748277203,-0.2376025123944397,4.753328574923589,14368.537726208579,0,0,10,0,0,34,2,1,89,2,2,35,0.8,0.02,smart,193,1
1200,14181.017760752768,12976.76672218576,2586,6.657534429868325e-05,10219,2576,31080,0.8993248238240891,0.3682938241016349,0.9999228547887303,12962.067384881846,1.099839452785777,0.18235644603428858,0.9150800697887933,4097,0.9984823277530949,8.484734694819332e-05,0.9984942693362524,663.6292729161343,25,1200,1,68,2.125937156608997,2.138263414150143,-0.23756580351322135,4.739332177785583,14181.01776073331,0,0,10,0,0,34,0,2,89,2,2,35,0.8,0.02,smart,194,1
1200,15113.58434408307,13910.045155372525,2612,6.26077263579965e-05,10863,2676,33229,0.9039915536927694,0.36822210005331124,0.9999280420748903,13896.509926893743,1.0925803821161777,0.172824654994736,0.920367057786545,4097,0.9984686069927732,7.861981731288538e-05,0.9984688810373324,652.616987557668,25,1200,1,68,2.2836434164178434,2.2426493176136084,-0.23528730759306277,4.9968673492175775,15113.584344065435,0,0,10,2,2,34,4,3,89,2,2,35,0.8,0.02,smart,195,1
1200,14274.285160653486,13063.14799190096,2601,6.61366582882249e-05,10286,2592,31286,0.8993937979818613,0.3683011446628626,0.999923364968233,13048.36259525055,1.0997424467832877,0.18221577968538527,0.9151525169126522,4097,0.9984810780917002,8.427879734528787e-05,0.9984879452511992,660.851588044762,25,1200,1,68,2.1412574082237255,2.138380773362543,-0.23779011854745852,4.755218418681185,14274.285160627103,0,0,10,0,0,34,2,2,89,2,2,35,0.8,0.02,smart,196,1
1200,14189.909157726184,12982.694216018654,2593,6.650678977348935e-05,10226,2580,31097,0.8990844389360688,0.3682949052367257,0.9999228891809818,12967.848828829534,1.100069569330986,0.18273548978910495,0.9149244066125525,4097,0.9984672160966294,8.482726546825668e-05,0.9984996530009869,666.0123554285382,25,1200,1,68,2.1274364835095803,2.1833777406973227,-0.23754837610723217,4.785910976421367,14189.909157700875,0,0,10,0,1,34,1,1,89,2,2,35,0.8,0.02,smart,197,1
1200,14170.044394451485,12960.24850621649,2601,6.656064969142714e-05,10213,2580,31048,0.8985455443917373,0.36830608244285307,0.9999227541607943,12945.181085040964,1.1005112874602339,0.18355623508268362,0.9146229994375522,4097,0.9984641414801311,8.500991795524933e-05,0.9984945589296002,663.7570278286391,25,1200,1,68,2.1239389903476664,2.183832978731546,-0.23773507539103017,4.7832421198612725,14170.04439443218,0,0,10,0,1,34,1,1,89,2,2,35,0.8,0.02,smart,198,1
1200,14788.875829467288,13593.719172158702,2595,6.388665917419295e-05,10636,2634,32492,0.9024389609378517,0.3682491267082012,0.9999263638959267,13579.79477704006,1.09422772997655,0.17546972670021227,0.9191854288933038,4097,0.9984513238164551,8.057466700489867e-05,0.9984716393823558,653.7957163704822,25,1200,1,68,2.229794529153893,2.1270979727708723,-0.23501810908680298,4.826928720098371,14788.875829444176,0,0,10,2,0,34,3,1,89,2,2,35,0.8,0.02,smart,199,1
1200,14510.023059372315,13313.63947536096,2589,6.507954128449534e-05,10444,2605,31848,0.9009975944646397,0.3682710140112139,0.9999248112875416,13299.36864826941,1.0964668699829214,0.17842838632346025,0.9175477820320495,4097,0.9984674955904841,8.244193220747225e-05,0.9984776186580248,656.3655166374383,25,1200,1,68,2.182814707349169,2.1384269592228713,-0.23552246921045286,4.792286604992946,14510.02305935773,0,0,10,1,0,34,3,1,89,2,2,35,0.8,0.02,smart,200,1
1200,14997.051282294307,13788.544400287117,2625,6.300075326025617e-05,10785,2668,32954,0.902656670093743,0.36825177070157084,0.9999274047371715,13774.503500195322,1.0939141866811537,0.17503440847062418,0.9194170334381688,4097,0.998472795020214,7.941298789381877e-05,0.9984902415557453,661.8574875268029,25,1200,1,68,2.2633258756287806,2.3989977677560486,-0.2361826714162915,5.134688986217411,14997.051282270431,1,1,10,1,1,34,1,2,89,2,2,35,0.8,0.02,smart,201,1
1200,14372.413739674423,13186.796243953411,2559,6.575145954474425e-05,10345,2581,31545,0.901403577363394,0.36827683566738967,0.9999240890585628,13172.831545977724,1.0964888375569966,0.17804942484615455,0.9175074196167784,4097,0.998428021170062,8.3235499934623e-05,0.9984480028418845,643.830947315479,25,1200,1,68,2.1616254602000566,2.1255228621203472,-0.23377682974198266,4.754701981804368,14372.413739652235,0,0,10,0,0,34,3,2,89,2,2,35,0.8,0.02,smart,202,1
1200,15159.095932457523,13958.714688216503,2620,6.233939635413003e-05,10894,2678,33338,0.9035825635242041,0.3682405196568876,0.9999282920674493,13944.958528789068,1.092032410814203,0.17283352593542547,0.9208144569049891,4097,0.9984490709428956,7.8307386458291e-05,0.9984670260334246,651.8266707846512,25,1200,1,68,2.292102809777159,2.1411392689669775,-0.23441317896258285,4.902068436669302,15159.095932438451,1,0,10,2,1,34,2,1,89,2,2,35,0.8,0.02,smart,203,1
1200,14435.673072907373,13228.019439890613,2602,6.54052595493227e-05,10396,2607,31662,0.900268068954003,0.3682721613577869,0.9999243224740805,13213.462631205732,1.0981083955646167,0.18024791686945235,0.9163424090503086,4097,0.9984867890199274,8.310212656796103e-05,0.9984879158979248,660.8387495776451,25,1200,1,68,2.1688200695061393,2.131431806121819,-0.23712544264123225,4.774502760910424,14435.67307288423,0,0,10,1,0,34,3,1,89,2,2,35,0.8,0.02,smart,204,1
1200,14598.563779225557,13387.275523027349,2614,6.469379600814072e-05,10510,2627,32033,0.9008324579807313,0.3682614884208992,0.9999252242531914,13372.8201233532,1.0971653699987376,0.17905871012598137,0.9170268887736801,4097,0.9984926735715101,8.204135991461334e-05,0.998492702874665,662.939074964188,25,1200,1,68,2.1965289949803584,2.2870385695906807,-0.23656496822051198,4.956697501012064,14598.563779205224,0,1,10,1,1,34,1,2,89,2,2,35,0.8,0.02,smart,205,1
1200,14635.230166197,13427.129552406239,2602,6.460590313569418e-05,10534,2629,32121,0.9017062317180737,0.36826848833290965,0.999925448392213,13413.026940875883,1.0965407295688652,0.1777901659524181,0.9174525716321762,4097,0.9984768546195709,8.174887439358348e-05,0.9984775654966217,656.3425797518704,25,1200,1,68,2.202288833131521,2.168905066152776,-0.23691619456276097,4.8450262884098185,14635.230166165691,0,0,10,1,1,34,1,3,89,2,2,35,0.8,0.02,smart,206,1
1200,14248.401960507308,13034.204019436718,2604,6.625877875051224e-05,10269,2592,31222,0.8991870649326744,0.3683075413807951,0.9999231941750005,13019.345819184642,1.100246716774653,0.1827573370836659,0.9147835705059405,4097,0.9984913116543828,8.45053567848917e-05,0.9984949891481697,663.9469107228574,25,1200,1,68,2.1363105867974514,2.1563736216988585,-0.2384230732833481,4.769530355063006,14248.401960484798,0,0,10,0,0,34,3,3,89,2,2,35,0.8,0.02,smart,207,1
1200,14145.142883789578,12934.19811467929,2599,6.669040057532577e-05,10196,2578,30989,0.8985667484138555,0.3683095654285225,0.9999225984484663,12919.13765177935,1.1008205276439407,0.18373798139419786,0.9143914784701087,4097,0.9984665466654167,8.520521680006417e-05,0.9985156783552878,673.2083029309205,25,1200,1,68,2.1191393250061115,2.105942706752672,-0.23838448895532524,4.701851009669434,14145.14288376862,0,0,10,0,0,34,0,0,89,2,2,35,0.8,0.02,smart,208,1
1200,14858.092676360175,13652.238751692712,2614,6.360848386473293e-05,10688,2651,32637,0.9023006207795217,0.36825601919975826,0.9999266793249385,13638.217847500497,1.0946795273879737,0.17593106039505188,0.9188419435163421,4097,0.9984727028025674,8.026264192428636e-05,0.9984791447849561,657.0246592913835,25,1200,1,68,2.239014456468162,2.2000197422733616,-0.237334322922362,4.913702844586248,14858.092676343143,0,1,10,1,1,34,3,1,89,2,2,35,0.8,0.02,smart,209,1
1200,14378.752441772942,13179.21145570419,2580,6.571980685841862e-05,10354,2594,31542,0.9008662610415042,0.36826638548156854,0.9999240437785903,13164.978494854013,1.0977550814127999,0.17943142219380742,0.9165754476317526,4097,0.9984795843344144,8.338132801767814e-05,0.9984798287553636,657.3204993713887,25,1200,1,68,2.160714505939968,2.2819168342515286,-0.23574423435197853,4.914119808895454,14378.752441751682,0,1,10,0,2,34,2,3,89,2,2,35,0.8,0.02,smart,210,1
1200,13937.691428887247,12727.331312631839,2596,6.760685776952903e-05,10053,2555,30512,0.8971773068189822,0.3683162780358273,0.9999213363549947,12711.852693761737,1.1025699263244155,0.18625753147465532,0.9131592113061984,4097,0.9984652934309703,8.673216927800399e-05,0.9985013752851515,666.778340464559,25,1200,1,68,2.0867479653683905,2.1619744851367506,-0.2362006061101697,4.721123662725481,13937.691428871361,0,0,10,0,1,34,0,1,89,2,2,35,0.8,0.02,smart,211,1
1200,14148.958439214237,12947.945814858273,2586,6.665743595669297e-05,10196,2570,31011,0.8988761772256285,0.36829901846508034,0.9999226817042411,12933.049423032659,1.099833429378909,0.18276963715101657,0.9151165345833991,4097,0.9984614656821806,8.503724637865057e-05,0.9984827518426238,658.5878381732989,25,1200,1,68,2.122378539493608,2.106965979451554,-0.23578120037138048,4.700906919687923,14148.958439189932,0,0,10,0,0,34,1,0,89,2,2,35,0.8,0.02,smart,212,1
1200,14280.77581147854,13074.547431883202,2594,6.609427525877412e-05,10288,2589,31307,0.8996094262597725,0.36828460852501527,0.9999234322295504,13059.825429867435,1.0992267158453424,0.18164279267762232,0.9155348143883192,4097,0.9984733864175666,8.416533885126376e-05,0.9985023139778089,667.1965653154232,25,1200,1,68,2.1431681210097824,2.128929394758179,-0.23696118089946425,4.74601987756689,14280.77581145548,0,0,10,0,0,34,2,1,89,2,2,35,0.8,0.02,smart,213,1
1200,14265.080255009589,13064.264571112639,2589,6.613575835385367e-05,10276,2582,31278,0.8995099961228191,0.3682940723479649,0.9999233717846119,13049.523342520666,1.098856205423325,0.18149214401305586,0.9158213159386013,4097,0.9984414228561742,8.420338999012676e-05,0.9984749799233639,655.2289450580074,25,1200,1,68,2.1427933561717802,2.153923134318809,-0.2347200196599059,4.766156529810401,14265.080254990116,0,0,10,1,0,34,1,2,89,2,2,35,0.8,0.02,smart,214,1
1200,14979.79808107979,13767.41709741017,2642,6.298854723752668e-05,10774,2669,32909,0.9016610492134998,0.36825753026342867,0.9999272909557997,13752.947188831455,1.0944460070908906,0.1763708686659117,0.9190655990750025,4097,0.9984713320978724,7.957612310463987e-05,0.9984858434985825,659.9335865303366,25,1200,1,68,2.2612460089979143,2.1604038248418544,-0.23538700451148312,4.892423842862735,14979.798081056384,1,0,10,1,1,34,2,1,89,2,2,35,0.8,0.02,smart,215,1
1200,14324.982579227435,13114.182514966506,2607,6.586186826690095e-05,10321,2597,31403,0.8993240977914021,0.36829412755187574,0.9999236629047966,13099.291089117278,1.099325960630937,0.18198975011532606,0.9154763325145887,4097,0.9984977022155735,8.391935051656423e-05,0.9985032109398535,667.596687628212,25,1200,1,68,2.14935961143083,2.1197142211360807,-0.2381374851029876,4.745348802772885,14324.982579202906,0,0,10,0,0,34,2,0,89,2,2,35,0.8,0.02,smart,216,1
1200,14177.55359198438,12958.99956259977,2622,6.644728284687472e-05,10222,2588,31053,0.8976801160067199,0.3683062776267828,0.999922743886344,12943.459412126542,1.1013526228663229,0.18494022843845292,0.9140504727082429,4097,0.9984864694575107,8.508622340770736e-05,0.9985174303899096,674.0044616389979,25,1200,1,68,2.124570883946266,2.13485095751841,-0.23835471471359124,4.736131270891858,14177.553591959142,0,0,10,0,0,34,1,1,89,2,2,35,0.8,0.02,smart,217,1
1200,14319.604156935575,13131.176029343544,2563,6.596507731610263e-05,10309,2577,31420,0.9009211736749226,0.36826120237179877,0.9999237661251593,13117.028154059499,1.0971850971574668,0.1789853945619463,0.917006914816397,4097,0.9984416619028397,8.364267137377047e-05,0.9984617451109854,649.5871928338945,25,1200,1,68,2.1522873641266536,2.1473048811593816,-0.23431332869112786,4.768218902668291,14319.60415690669,0,0,10,0,1,34,2,1,89,2,2,35,0.8,0.02,smart,218,1
1200,14398.646979866118,13189.656216250809,2596,6.563999830051505e-05,10371,2604,31575,0.900506349539204,0.36826728142273757,0.9999241031570302,13175.278601456928,1.0984870448591477,0.18029471822109622,0.9160344186987942,4097,0.9984652527002623,8.33716987483401e-05,0.9984717493459867,653.8427955328475,25,1200,1,68,2.161990176989899,2.172788179830326,-0.2377843196516125,4.8103469961234495,14398.64697984907,0,0,10,1,1,34,2,3,89,2,2,35,0.8,0.02,smart,219,1
1200,14307.210005013549,13104.084333588291,2588,6.599824136641172e-05,10306,2589,31372,0.9000246521070365,0.3682905168734975,0.999923606068639,13089.545003541725,1.0986987466132367,0.18088781803671786,0.9159077366583941,4097,0.9984582745726304,8.393391663533544e-05,0.9984602415630023,648.9523934716979,25,1200,1,68,2.148717031701727,2.170037270397319,-0.23581796913043046,4.7903902403599075,14307.210004992945,0,0,10,0,0,34,3,2,89,2,2,35,0.8,0.02,smart,220,1
1200,14214.14962524757,13013.49627623119,2582,6.641084643919325e-05,10240,2577,31161,0.8996120759595289,0.368294168868202,0.9999230732152249,12998.873396798703,1.0992257738591729,0.1816499803416857,0.9155311164810207,4097,0.9984643046185787,8.45599045253309e-05,0.998470417576791,653.2730753889397,25,1200,1,68,2.1336308246385447,2.1625622938885174,-0.23539411289975753,4.766981344326577,14214.149625229813,0,0,10,0,0,34,3,2,89,2,2,35,0.8,0.02,smart,221,1
1200,14167.661123231936,12968.005983829411,2576,6.665138415578411e-05,10208,2571,31056,0.8996319441995,0.368280009838371,0.9999228034102908,12953.440106301849,1.099495861588617,0.181822530733454,0.9153244047152324,4097,0.9984628914697292,8.487733091431848e-05,0.9984633001647755,650.2450447636315,25,1200,1,68,2.1254808303515804,2.2199286821134336,-0.2357960235172343,4.8170015594994835,14167.661123212889,0,0,10,0,2,34,1,3,89,2,2,35,0.8,0.02,smart,222,1
1200,14105.42638572365,12887.873920570115,2607,6.688348901932986e-05,10171,2580,30889,0.8981306416427071,0.3683236380068914,0.999922319027609,12872.665315997643,1.1017936014979854,0.1848224880772545,0.9136819808307362,4097,0.9984816868312955,8.558839833899954e-05,0.9984931952057098,663.1558460933954,25,1200,1,68,2.1125009930267926,2.1757864397506688,-0.23840340458877704,4.7650942419550155,14105.426385693418,0,0,10,0,0,34,1,3,89,2,2,35,0.8,0.02,smart,223,1
1200,14123.749566658498,12917.368880259653,2588,6.684008006536301e-05,10180,2572,30946,0.8989061098056774,0.36829177789594375,0.999922498907169,12902.54385358867,1.1005258097056438,0.1832374602640514,0.9145849563031965,4097,0.9984681465702202,8.529195294130653e-05,0.9984759611642571,655.6511313502897,25,1200,1,68,2.117383995457592,2.209019934339827,-0.23657426564773146,4.7995524610928815,14123.749566631941,0,0,10,0,1,34,1,4,89,2,2,35,0.8,0.02,smart,224,1
1200,14682.674437343963,13468.667422051385,2625,6.430653621503389e-05,10569,2639,32223,0.9008486513777118,0.36826437389566963,0.9999256761693655,13454.13481903489,1.0967849972084491,0.17878214294008768,0.9173170378139783,4097,0.9984762181627216,8.15172623752794e-05,0.9984811900413237,657.9100939748034,25,1200,1,68,2.2105198260459185,2.1537664472651072,-0.23659258017551893,4.8374714336620634,14682.674437328626,1,0,10,1,0,34,2,2,89,2,2,35,0.8,0.02,smart,225,1
1200,15069.410358140523,13868.721309377108,2617,6.269908044994749e-05,10832,2669,33131,0.9032028924839043,0.368254090739018,0.9999278257784915,13854.862464116422,1.0926986682165947,0.17366306562793227,0.9203227584737713,4097,0.9984551691824709,7.886467572215264e-05,0.9984643796609874,650.7024996889385,25,1200,1,68,2.2769294923162975,2.1141481015835812,-0.2346389007043384,4.860355395308556,15069.410358123816,1,0,10,1,0,34,2,1,89,2,2,35,0.8,0.02,smart,226,1
1200,14726.317037637516,13517.930428261561,2611,6.419110924330605e-05,10597,2639,32331,0.9017656784198799,0.36826947391181186,0.9999259494058185,13503.780561093141,1.0958924828536685,0.17730162900383084,0.9179437325512169,4097,0.9984739170712789,8.115148951471824e-05,0.9984811436465258,657.8899822539497,25,1200,1,68,2.2169175098441136,2.188706106538199,-0.2374686630918846,4.880560942566082,14726.31703761599,0,0,10,1,0,34,2,2,89,2,2,35,0.8,0.02,smart,227,1
1200,13991.182124802988,12788.793795718066,2579,6.742916557034505e-05,10087,2554,30646,0.8982865706432976,0.36831322940130934,0.9999217179011625,12773.81257387073,1.1012723356050655,0.18433038588126557,0.9140609908183971,4097,0.998454981785665,8.620990982295088e-05,0.9984697361557263,652.9819524425833,25,1200,1,68,2.096458721731437,2.174515529923104,-0.23540496573231856,4.7417841831191785,13991.182124782534,0,0,10,0,0,34,0,4,89,2,2,35,0.8,0.02,smart,228,1
1200,14755.121442497535,13545.632518686587,2611,6.407397720318391e-05,10617,2643,32396,0.9020141602122251,0.3682615695892171,0.9999261013575095,13531.548300794659,1.0957652242787324,0.17695550729117193,0.9180292125331214,4097,0.9984967607345026,8.097556256300428e-05,0.9985015683706371,666.8643249086622,25,1200,1,68,2.2208816079634612,2.144703057390306,-0.23830529911648113,4.84219526358673,14755.121442479656,0,0,10,1,0,34,3,3,89,2,2,35,0.8,0.02,smart,229,1
1200,14177.122137287606,12979.31952932311,2567,6.666647073812411e-05,10213,2571,31080,0.900208151609685,0.3682849416195478,0.999922872340704,12965.017281760704,1.0992000111726752,0.1810663670060702,0.9155115829316215,4097,0.9984424119030838,8.477872396013313e-05,0.9984530522629917,645.9341208830759,25,1200,1,68,2.1279171789878557,2.213974029401132,-0.23493651055674286,4.811764229502474,14177.122137267592,0,0,10,0,1,34,1,5,89,2,2,35,0.8,0.02,smart,230,1
1200,14236.669688782124,13042.138099636628,2570,6.634817611441318e-05,10254,2574,31221,0.9002322663754652,0.3682712561404157,0.9999232440111846,13027.799354126199,1.098429519552468,0.18051974627359993,0.9160947317555078,4097,0.9984508053706408,8.43110439175582e-05,0.9984638922325598,650.4958639683672,25,1200,1,68,2.137434916344923,2.1587805235766755,-0.2353433651146785,4.766902170150955,14236.669688757607,0,0,10,0,1,34,2,2,89,2,2,35,0.8,0.02,smart,231,1
1200,14315.8416419461,13108.093028055928,2582,6.607442602771874e-05,10313,2594,31386,0.9007904867363988,0.36827023684030824,0.9999236313859391,13093.884542797041,1.098995473417338,0.18035963686791678,0.9156355145511382,4097,0.9984507588047783,8.392876116457118e-05,0.9984728344846215,654.307743776717,25,1200,1,68,2.1484785026682314,2.337295839597491,-0.23749510431911453,4.960764550903952,14315.841641924077,0,0,10,0,2,34,2,3,89,2,2,35,0.8,0.02,smart,232,1
1200,14238.938608585604,13036.513700994465,2574,6.640275546662837e-05,10258,2581,31216,0.9004618003784507,0.36827650299386083,0.999923211359325,13022.2594956607,1.0991247493839194,0.18077190096514384,0.9155537543461197,4097,0.9984714698172302,8.440029543788719e-05,0.9984717202705314,653.8303466848209,25,1200,1,68,2.1363384627395425,2.210501298289733,-0.23681797202153695,4.82047570507235,14238.938608566476,0,0,10,0,1,34,1,3,89,2,2,35,0.8,0.02,smart,233,1
1200,14515.40491908102,13314.959094411743,2591,6.50847337953169e-05,10449,2609,31855,0.901144461344612,0.36828052382474735,0.9999248189457322,13300.723416823394,1.0967855640749018,0.1785000152902409,0.9172984955389534,4097,0.9984605544686478,8.245749501321801e-05,0.9984741895835724,654.8892902271702,25,1200,1,68,2.1839019252923286,2.16014621190839,-0.23533222788449357,4.814712592969706,14515.404919060933,0,0,10,1,0,34,3,3,89,2,2,35,0.8,0.02,smart,234,1
1200,14641.295011154252,13437.989976244791,2599,6.454207745273604e-05,10537,2625,32141,0.9016538620754899,0.3682709604253173,0.999925508519598,13423.853954863624,1.0960733173130652,0.17751162025080366,0.9178143030385809,4097,0.9984790508812148,8.164812403597934e-05,0.9984894365911624,661.5045235145817,25,1200,1,68,2.2044483743049437,2.2188705075244264,-0.23576746088445757,4.894853803598286,14641.295011136408,0,0,10,2,1,34,2,3,89,2,2,35,0.8,0.02,smart,235,1
1200,14538.526880223744,13342.892522548316,2573,6.507709806034295e-05,10463,2608,31915,0.90222862692861,0.368241857797903,0.9999249791495247,13329.127606133934,1.0960948495832517,0.17697804056750502,0.9177609693522796,4097,0.9984668316345847,8.222996781767965e-05,0.9984802567836485,657.5057713868586,25,1200,1,68,2.187718331533309,2.2075617073838827,-0.2353694818333389,4.86601900258387,14538.526880199888,0,0,10,1,2,34,3,5,89,2,2,35,0.8,0.02,smart,236,1
1200,14163.149166944137,12963.640696067421,2580,6.663094565906636e-05,10205,2570,31045,0.8993094739166698,0.36829867779655767,0.9999227764582402,12948.91900766414,1.099546925356076,0.1821628770260749,0.9153077852433914,4097,0.9984488054346681,8.491090790734627e-05,0.9984523077144503,645.6231406070889,25,1200,1,68,2.125332062670105,2.2244120701604233,-0.23519279848369212,4.820129729797912,14163.149166922782,0,0,10,0,1,34,2,2,89,2,2,35,0.8,0.02,smart,237,1
1200,15006.647062470382,13810.027510263177,2600,6.30285138179658e-05,10787,2659,32992,0.903665686281657,0.36822734631840437,0.9999275202339871,13796.454026928353,1.0927402432085878,0.17325655685621158,0.9202606986606762,4097,0.9984532837484185,7.920155714085555e-05,0.9984588516041195,648.3666533295229,25,1200,1,68,2.265455748382244,2.144979450819552,-0.23565209535918438,4.881739389920165,15006.64706244857,0,0,10,2,1,34,3,2,89,2,2,35,0.8,0.02,smart,238,1
1200,14086.533467205347,12884.447471025149,2585,6.695910047757509e-05,10153,2564,30865,0.898560188422897,0.3682907230764329,0.9999222998593489,12869.489566518392,1.1004528347189357,0.18350859748554182,0.914664172063428,4097,0.9984719505514045,8.550534003771359e-05,0.9984761014817738,655.7115484528208,25,1200,1,68,2.1118649437646573,2.12916563817846,-0.2358906341003682,4.712811850143853,14086.533467190153,0,0,10,0,0,34,1,1,89,2,2,35,0.8,0.02,smart,239,1
1200,14731.59703773301,13538.595242728192,2574,6.424839509065382e-05,10595,2626,32363,0.90331829330561,0.3682307491696982,0.999926066147171,13525.103783399369,1.0943803191231627,0.17472647353895468,0.9190174838512685,4097,0.9984574593785616,8.091175345338291e-05,0.9984602832269777,648.9699673396397,25,1200,1,68,2.2199696633208874,2.2768417814717132,-0.23529650963060206,4.967404464053804,14731.597037708938,0,1,10,1,1,34,5,2,89,2,2,35,0.8,0.02,smart,240,1
1200,14976.799488291908,13771.113133708704,2621,6.308420985931307e-05,10770,2663,32911,0.9026233075860837,0.36824488430885866,0.9999273128686066,13757.09340600881,1.0938106603548785,0.1750040121755628,0.9194963947053075,4097,0.9984580956447805,7.950595918880617e-05,0.9984682635787439,652.3537093294385,25,1200,1,68,2.2607290762296093,2.1301422483997507,-0.2354041718155253,4.861679668260411,14976.799488270808,1,0,10,1,0,34,2,2,89,2,2,35,0.8,0.02,smart,241,1
1200,14073.843136839838,12874.400631152412,2575,6.706229346583412e-05,10143,2561,30840,0.8989980143162882,0.368293859933072,0.9999222403765969,12859.644580596349,1.1002719368561356,0.18296352850911443,0.9147750551128602,4097,0.9984518854210919,8.555673145127098e-05,0.9984738681480871,654.7512513964508,25,1200,1,68,2.110229004506755,2.221526499720442,-0.2354115182961571,4.8025785408195105,14073.843136817472,0,0,10,0,1,34,0,2,89,2,2,35,0.8,0.02,smart,242,1
1200,14542.122257272878,13348.334811693863,2573,6.503930968058297e-05,10465,2606,31926,0.9021437611282055,0.368259603176675,0.9999250094795201,13334.518788136997,1.0959109045951276,0.17693428472678246,0.9179083063352756,4097,0.9984665215928336,8.218292913521692e-05,0.9984716850330017,653.8152601388124,25,1200,1,68,2.1874295796317016,2.126413588903051,-0.23625746324410601,4.7863580950229645,14542.122257254845,0,0,10,0,0,34,4,1,89,2,2,35,0.8,0.02,smart,243,1
1200,14418.447782337846,13219.255581945285,2586,6.551809835734582e-05,10381,2598,31634,0.900728879862719,0.36828607954430675,0.9999242738060762,13204.97023039489,1.0974248096163373,0.17935356420042456,0.9168293134950675,4097,0.9984847795452947,8.310380395010558e-05,0.9984886957457652,661.1800069987286,25,1200,1,68,2.1658875312945534,2.109920351375583,-0.23718709909195898,4.750182080854055,14418.447782319075,0,0,10,0,0,34,2,1,89,2,2,35,0.8,0.02,smart,244,1
1200,14797.096607515603,13596.585554711295,2600,6.388322464899858e-05,10643,2639,32504,0.9024878912690152,0.36825446464239436,0.9999263795358795,13582.67977880885,1.0946350384133432,0.17571014564299273,0.9188684723329741,4097,0.9984524284314753,8.05875395709661e-05,0.9984614017816841,649.4421295761903,25,1200,1,68,2.2308995197350363,2.157138334660922,-0.23528324817924404,4.8586043507544465,14797.096607485682,0,0,10,2,0,34,4,3,89,2,2,35,0.8,0.02,smart,245,1
1200,14535.275678433489,13330.019175350495,2599,6.499437882373663e-05,10464,2615,31895,0.9010314085432725,0.3682786832281589,0.9999249035472293,13315.708191395477,1.097080534439341,0.17880637818629266,0.9170805886488086,4097,0.9984610400510235,8.238685654020898e-05,0.9984671608655478,651.88405099012,25,1200,1,68,2.186221437905645,2.2684683628570905,-0.2363245084967598,4.9273388177562545,14535.27567841443,0,1,10,1,1,34,2,2,89,2,2,35,0.8,0.02,smart,246,1
1200,15055.774395105833,13862.744929616045,2574,6.298303283091347e-05,10819,2661,33110,0.9054644209507109,0.3682095455239582,0.9999277998671142,13849.890014483328,1.0919677668346663,0.17096430462166914,0.9207593422841401,4097,0.9984485066650977,7.884021787268071e-05,0.9984507209289007,644.9613752144999,25,1200,1,68,2.2732456400002623,2.319027931634499,-0.23605009251334333,5.064373756661448,15055.774395081633,0,0,10,1,3,34,5,5,89,2,2,35,0.8,0.02,smart,247,1
1200,14211.81217279033,13011.833914440913,2580,6.644061927553587e-05,10238,2576,31157,0.899700235854407,0.3682826590983432,0.9999230637665774,12997.27692538325,1.0991699158857617,0.18153912876358017,0.9155647257534916,4097,0.9984667178059715,8.456599322006637e-05,0.9984684293517464,652.4243724504049,25,1200,1,68,2.13248996257491,2.1335153884190103,-0.23614539955318364,4.738296150100287,14211.812172768561,0,0,10,0,0,34,2,2,89,2,2,35,0.8,0.02,smart,248,1
1200,14853.727698754272,13653.122392833513,2596,6.368945516848487e-05,10682,2646,32634,0.903136860103672,0.36823636505192897,0.9999266859525779,13639.450796812931,1.0941923721409024,0.17477094320355133,0.919171447715347,4097,0.9984599578321659,8.021967146037024e-05,0.9984651794725017,651.0418484615836,25,1200,1,68,2.238055952304747,2.10449901700467,-0.23756533081692668,4.81768563094327,14853.727698730043,0,0,10,1,0,34,5,0,89,2,2,35,0.8,0.02,smart,249,1
1200,16245.493455221822,15021.17060030577,2702,5.8219992247764814e-05,11654,2815,35808,0.906565284134009,0.3682153448865053,0.9999333700749283,15007.771411897476,1.0869241852983422,0.16632304875488352,0.924636154740962,4097,0.9984753801092918,7.24216770253101e-05,0.9984754427738944,655.4280222737997,25,1200,1,68,2.4702081082712315,2.121251934488509,-0.23737413425999482,5.06620831127973,16245.493455187358,1,0,10,2,0,34,2,0,89,2,2,35,0.8,0.02,smart,250,1
1200,14450.199753131228,13257.190195015954,2581,6.533858978753897e-05,10401,2595,31715,0.900907401570256,0.36827744759645487,0.999924490837758,13242.925960949186,1.096616904870216,0.17861344784806318,0.9174399261950161,4097,0.998486162348601,8.280462378761355e-05,0.9984891763963297,661.3905127052475,25,1200,1,68,2.1739680791718166,2.148483264113943,-0.23439854634716653,4.791248435980093,14450.1997531139,0,0,10,1,1,34,1,2,89,2,2,35,0.8,0.02,smart,251,1
1200,14369.83883898507,13175.870349141307,2569,6.578734990516806e-05,10345,2588,31529,0.901220085664278,0.36826335830929735,0.9999240255862161,13161.82596888412,1.0972827007588364,0.1787772311704956,0.9169114905725629,4097,0.9984423996704952,8.336540994580133e-05,0.9984510987585815,645.1188252548793,25,1200,1,68,2.160699428678544,2.2023089157054763,-0.23427371114819168,4.831555766680404,14369.838838960415,0,0,10,1,1,34,1,4,89,2,2,35,0.8,0.02,smart,252,1
1200,13988.077794537126,12783.525782761968,2590,6.737106376395507e-05,10086,2555,30635,0.8976244035626709,0.3683199199336735,0.9999216836760719,12768.230059486274,1.1015610034029177,0.1851576777054738,0.9138872381560831,4097,0.9984680190376161,8.62702083691372e-05,0.9984813782599486,657.9916976335298,25,1200,1,68,2.0955984648423973,2.1331699170525065,-0.2357478342441361,4.700264050383176,13988.077794519199,0,0,10,0,0,34,0,1,89,2,2,35,0.8,0.02,smart,253,1
1200,14224.11245000048,13028.153091234157,2582,6.63289432219319e-05,10246,2574,31190,0.899409245751879,0.3682939478560344,0.9999231595812305,13013.48424840873,1.0987203922166418,0.18152274942117128,0.9159202823395647,4097,0.9984905866832593,8.442613504865777e-05,0.9985116698157401,671.393794699795,25,1200,1,68,2.1337239224639437,2.1204376858052054,-0.23696148586654087,4.72808458000223,14224.112449982907,0,0,10,0,1,34,0,1,89,2,2,35,0.8,0.02,smart,254,1
1200,14434.985619178076,13229.913596763075,2604,6.536212723329052e-05,10395,2604,31664,0.8999708796263783,0.36828471061818335,0.9999243325551384,13215.223107226102,1.0979029191747953,0.1803950532891678,0.9165172689320894,4097,0.9984745639982452,8.307550860044366e-05,0.9984897304623352,661.6333376864637,25,1200,1,68,2.1694547575468106,2.1641960792187915,-0.2363761789794788,4.80640319472456,14434.985619157736,0,0,10,1,1,34,1,1,89,2,2,35,0.8,0.02,smart,255,1
1200,14318.76414344367,13114.654545349822,2582,6.602303433337736e-05,10314,2591,31398,0.900591165898988,0.3682698323080745,0.9999236692427522,13100.378801298173,1.098650336471839,0.1803228249403253,0.9159068767366219,4097,0.9984760268605557,8.386081213359606e-05,0.9984893021823384,661.4456240561328,25,1200,1,68,2.14868637563376,2.279646693731694,-0.23777431493666729,4.903881699238789,14318.764143422564,0,1,10,0,2,34,1,3,89,2,2,35,0.8,0.02,smart,256,1
1200,14170.777544033563,12973.596316493631,2581,6.655497414972166e-05,10210,2569,31066,0.8991449940305566,0.3682903293232341,0.9999228352856945,12958.791154042661,1.0992846443850222,0.1821353833252925,0.9155176048865441,4097,0.9984447046719945,8.48259855248523e-05,0.998467776469312,652.1461604192347,25,1200,1,68,2.1272943927362205,2.1139235183525824,-0.23450186459902014,4.710221640286844,14170.777544011444,0,0,10,1,0,34,1,0,89,2,2,35,0.8,0.02,smart,257,1
1200,15125.439434131958,13906.482399406677,2640,6.253608981248758e-05,10877,2691,33236,0.90316027176389,0.36825524529580345,0.9999280216621003,13892.568786350903,1.0938817002867518,0.1745403835370624,0.9194101407741853,4097,0.9984698756547404,7.873578664596181e-05,0.9984752923957266,655.3633296781952,25,1200,1,68,2.2833939920922184,2.171376995764335,-0.23751258025953956,4.929796148375633,15125.439434110549,1,0,10,1,0,34,2,2,89,2,2,35,0.8,0.02,smart,258,1
1200,14137.998830259701,12932.189153654104,2593,6.671202139629939e-05,10190,2573,30979,0.8986132724491337,0.3683039659182046,0.9999225867266879,12917.181383510235,1.1003898609651501,0.18340643758225358,0.9147114318594517,4097,0.9984820349373725,8.518478105710489e-05,0.9985241658270957,677.0827777390581,25,1200,1,68,2.118883728275554,2.103241406942704,-0.23744941009654433,4.697023955411347,14137.998830232591,0,0,10,0,0,34,0,0,89,2,2,35,0.8,0.02,smart,259,1
1200,14241.032492274408,13032.041695689219,2601,6.624460181422686e-05,10262,2587,31212,0.8990163505609018,0.36829968614522995,0.9999231809176826,13017.098874413517,1.0998395054531538,0.18264125170776851,0.9151051163431407,4097,0.9984915243928113,8.448866150559864e-05,0.9985295954497251,679.5848239393142,25,1200,1,68,2.13485402956858,2.1078905068347256,-0.23865138580615936,4.720047308015625,14241.032492248436,0,0,10,0,0,34,0,1,89,2,2,35,0.8,0.02,smart,260,1
1200,14493.291545891145,13295.201161958557,2583,6.521298699433113e-05,10432,2605,31808,0.9013867316036025,0.36827367533688693,0.9999247079499768,13281.114715222611,1.0967155268259128,0.17822038505340643,0.9173348317641311,4097,0.9984750080485368,8.257396030710538e-05,0.998476768856937,655.9990553495411,25,1200,1,68,2.1784976045178035,2.146124496219552,-0.2370509864613616,4.798724073660079,14493.29154587499,0,0,10,0,1,34,4,1,89,2,2,35,0.8,0.02,smart,261,1
1200,14209.795097609494,13003.225497227206,2591,6.64341305679846e-05,10239,2581,31144,0.8993309931771841,0.3682882060759389,0.9999230116250885,12988.473993216114,1.0998320032671876,0.182339012083002,0.9150888811489428,4097,0.9984702259445056,8.467427860749844e-05,0.9985004065919417,666.3472981325144,25,1200,1,68,2.1302426407518116,2.1082040389410848,-0.238056542179827,4.7145597640525505,14209.795097589831,0,0,10,0,0,34,1,1,89,2,2,35,0.8,0.02,smart,262,1
1200,14167.278223157002,12967.710178700647,2586,6.656382920921653e-05,10208,2570,31055,0.8989269855834429,0.3683072773190333,0.9999227997080499,12952.818883163069,1.0995500586867006,0.18253329674665922,0.9153282637948331,4097,0.9984756213059786,8.488558554470568e-05,0.998481823485801,658.1848093286243,25,1200,1,68,2.125157395442266,2.1110890785422716,-0.23605564174679214,4.7083577574781215,14167.278223134346,0,0,10,0,0,34,1,0,89,2,2,35,0.8,0.02,smart,263,1
1200,14154.900900791761,12956.739341199527,2567,6.676994609543199e-05,10198,2569,31028,0.9000727240111167,0.36827996239298655,0.9999227376597273,12942.41625095378,1.0994156539560624,0.18135061615700987,0.9153535889802511,4097,0.9984608397970863,8.494342635748589e-05,0.9984630990087819,650.1598725122351,25,1200,1,68,2.123268668853583,3.0646011306096343,-0.2358814812744444,5.659632762012106,14154.900900768165,0,1,10,0,2,34,1,3,89,1,2,35,0.8,0.02,smart,264,1
1200,14418.234296190165,13208.51323441987,2603,6.549339718615117e-05,10385,2607,31619,0.9002003486969363,0.36828900829308014,0.9999242104780915,13193.936042613028,1.098436096160373,0.18053528237419542,0.9160978357738334,4097,0.998462832493411,8.324994657507107e-05,0.9984860872169689,660.0399069679349,25,1200,1,68,2.1642734044913254,2.1075624444348233,-0.23876564487018126,4.749367138666511,14418.23429616904,0,0,10,0,0,34,3,0,89,2,2,35,0.8,0.02,smart,265,1
1200,14630.753784150935,13433.980951169031,2585,6.461060557504263e-05,10527,2618,32126,0.9021201101421948,0.36825031235058786,0.9999254874209553,13420.052775898163,1.095533859247927,0.17668262607222976,0.9182015601767332,4097,0.9984561483074016,8.163105328377609e-05,0.9984613217041992,649.4083046033254,25,1200,1,68,2.2031951995872863,2.1275374736783874,-0.2352637644336417,4.801260202132957,14630.753784125567,0,0,10,1,0,34,3,1,89,2,2,35,0.8,0.02,smart,266,1
1200,14415.889696060814,13230.514602866935,2561,6.553767028098168e-05,10375,2585,31646,0.901548861772,0.3682612941627752,0.999924340085267,13216.538415277995,1.096136846006857,0.17765119281536962,0.9177730186491516,4097,0.9984186144744843,8.293362030490637e-05,0.9984361235197803,638.9365595234501,25,1200,1,68,2.1701033413036463,2.18818873540209,-0.23254494136985188,4.82338195944544,14415.889696040987,0,0,10,1,1,34,3,1,89,2,2,35,0.8,0.02,smart,267,1
1200,14807.471855874866,13606.893837038897,2608,6.377962850135452e-05,10651,2640,32528,0.9020319027881987,0.36827057245362493,0.9999264341723089,13592.767838261358,1.0946031966162235,0.1761272974471517,0.9189207968435449,4097,0.9984569072535486,8.052539015289272e-05,0.9984673588486309,651.9683245047205,25,1200,1,68,2.232710308405092,2.110614615377557,-0.23520166756951655,4.8137282589216825,14807.471855847652,0,0,10,1,0,34,2,0,89,2,2,35,0.8,0.02,smart,268,1
1200,14160.919369457448,12957.534918253616,2585,6.664799601444776e-05,10205,2573,31035,0.8991844179571705,0.3682937143258626,0.9999227397572881,12942.767641950402,1.0999338496950204,0.18254464505852488,0.9150207398398641,4097,0.998463603692196,8.498115619465175e-05,0.9984731507609491,654.4433827538704,25,1200,1,68,2.124037657488268,2.148048887296645,-0.23611557075155978,4.744317686288031,14160.919369438965,0,0,10,0,0,34,1,2,89,2,2,35,0.8,0.02,smart,269,1
1200,14922.319917981866,13718.205244599922,2615,6.333052740248721e-05,10731,2656,32788,0.9025654497459096,0.36825879808123213,0.9999270325333146,13704.237809631213,1.0940549505110633,0.17524084823090025,0.9193078100456117,4097,0.9984663110201341,7.983041815376575e-05,0.9984722914698717,654.074996237145,25,1200,1,68,2.2525359469044126,2.246473104048303,-0.23451737275539558,4.9680437964635065,14922.31991795885,1,0,10,1,2,34,1,4,89,2,2,35,0.8,0.02,smart,270,1
1200,14084.881297520877,12884.40414678152,2575,6.701653992436666e-05,10151,2563,30864,0.8991316058411752,0.3682934687689665,0.9999223010675763,12869.689696348401,1.1002713076361768,0.1828201420805182,0.9147683870824914,4097,0.9984360693169876,8.548990597992739e-05,0.9984685195574817,652.4628303663833,25,1200,1,68,2.1127496825481993,2.504379760784333,-0.23473053370204422,5.08659051073662,14084.88129750146,0,1,10,0,2,34,1,3,89,2,2,35,0.8,0.02,smart,271,1
1200,14221.751503008369,13025.801180936325,2576,6.637242064508407e-05,10244,2573,31185,0.8997950435816044,0.3682803279597101,0.999923146392483,13011.25093552997,1.0987170041048064,0.18113099497309393,0.9159069597145569,4097,0.9984578690545683,8.444036540624961e-05,0.9984758006592961,655.5820356947899,25,1200,1,68,2.1343341245639786,2.1075579120126,-0.23595779260041108,4.7138076217774,14221.751502986339,0,0,10,0,0,34,1,0,89,2,2,35,0.8,0.02,smart,272,1
1200,14451.052440693176,13254.810185405635,2582,6.537371817151358e-05,10403,2599,31713,0.9010495231093855,0.3682714800937713,0.9999244776368276,13240.611076483403,1.0968911911146717,0.17867210783411624,0.9172210978960256,4097,0.9984724578691898,8.283981489614377e-05,0.998478979526231,656.953219274131,25,1200,1,68,2.1719133214110986,2.115765735695571,-0.2365954187006187,4.760869894507906,14451.052440670303,0,0,10,0,0,34,2,0,89,2,2,35,0.8,0.02,smart,273,1
1200,14991.256224593171,13779.234296617851,2627,6.306162566642976e-05,10782,2670,32936,0.9027032770761234,0.368255936682292,0.9999273559257132,13765.247714160927,1.0942506291850602,0.17523548131279376,0.919151410007455,4097,0.998434796822651,7.949082399506219e-05,0.9984465150643975,643.213869260143,25,1200,1,68,2.263749912410076,2.2838177837416826,-0.23479279168571385,5.017153279523187,14991.256224574741,1,1,10,1,2,34,2,2,89,2,2,35,0.8,0.02,smart,274,1
1200,14049.388082937867,12843.023362768614,2591,6.712105122226694e-05,10129,2564,30774,0.8981332615856373,0.36832173418608566,0.9999220479179676,12827.89371856156,1.101191793758144,0.18442084343492604,0.9141340026307402,4097,0.9984623963178391,8.584019304061056e-05,0.9984935843932412,663.3273038751217,25,1200,1,68,2.1046378217397743,2.121057335230364,-0.23692685874657252,4.699548874463283,14049.388082918082,0,0,10,0,0,34,0,1,89,2,2,35,0.8,0.02,smart,275,1
1200,14103.158186642067,12905.043913038297,2565,6.701069041164181e-05,10162,2563,30909,0.8998313080843127,0.3682905112765923,0.9999224275090204,12890.667820836074,1.0998392748848778,0.18187415655802988,0.9150463848063071,4097,0.9984504865546201,8.531727223040011e-05,0.9984687069270421,652.5427271598426,25,1200,1,68,2.1152189495813603,2.31520296952194,-0.23530741485424914,4.901036748811799,14103.158186613657,0,1,10,0,1,34,1,4,89,2,2,35,0.8,0.02,smart,276,1
1200,14444.634593978553,13241.509081919467,2593,6.539298486068205e-05,10401,2604,31689,0.9006727214375719,0.36826536884102246,0.9999244006905538,13227.134046511825,1.0975954315446024,0.1795130214703339,0.9167077917941499,4097,0.998457268581098,8.297745667645075e-05,0.9984631487420109,650.1809281797974,25,1200,1,68,2.1715766781616543,2.135574215946819,-0.2358624208316197,4.778875735771713,14444.634593959645,0,0,10,1,0,34,1,2,89,2,2,35,0.8,0.02,smart,277,1
1200,14267.644181539106,13073.109124535316,2567,6.62384715332018e-05,10275,2577,31293,0.9006594320741104,0.36826529236889527,0.9999234269029107,13058.916916950435,1.0981589368259743,0.17991757905775638,0.9162766437258508,4097,0.9984513962312244,8.408943088925298e-05,0.9984681502906592,652.3054274550367,25,1200,1,68,2.143115755582474,2.186728030344301,-0.23482494133762905,4.799493668602032,14267.644181520616,0,0,10,1,2,34,1,2,89,2,2,35,0.8,0.02,smart,278,1
1200,14779.83458844486,13576.267223272609,2607,6.39326786696706e-05,10633,2640,32460,0.9020879287511029,0.3682523925417497,0.9999262683876567,13562.203537412359,1.0950572887994008,0.17638898354371293,0.9185669259036754,4097,0.998484731346564,8.07403395114996e-05,0.9984874881210891,660.6517060842821,25,1200,1,68,2.226596472209336,2.113444862178942,-0.23670929252774003,4.813459919443758,14779.834588422456,0,0,10,1,0,34,2,1,89,2,2,35,0.8,0.02,smart,279,1
1200,14311.922880581544,13110.020652772228,2583,6.601635163077525e-05,10308,2589,31385,0.9003405823887433,0.3682779511581943,0.9999236415318978,13095.624429527692,1.0985232717459972,0.18047889312655685,0.916020912225564,4097,0.9984527524987895,8.388155420531619e-05,0.998464461841608,650.7373514744704,25,1200,1,68,2.148332177573365,2.1499604408076487,-0.2369883025210665,4.772269223423147,14311.922880566588,0,0,10,0,0,34,2,2,89,2,2,35,0.8,0.02,smart,280,1
1200,15538.77811031029,14326.402070148322,2652,6.084579952457198e-05,11161,2729,34196,0.9046654470752669,0.36821979382641057,0.9999301347386033,14312.764984647805,1.0904592845546082,0.17066979019671727,0.9219773889841743,4097,0.998469655382375,7.618522295818457e-05,0.998479236543375,657.06433242143,25,1200,1,68,2.3522624184284493,2.116079125346734,-0.2375339332852303,4.9434094103456445,15538.778110282079,0,0,10,2,0,34,3,1,89,2,2,35,0.8,0.02,smart,281,1
1200,14113.767888301856,12886.340261763584,2630,6.678177870634906e-05,10180,2589,30895,0.8972094388145386,0.36831784567082626,0.9999223071502276,12870.697316432226,1.1027317150976064,0.18634286894996097,0.9130333135522498,4097,0.9985071557863321,8.567436948068149e-05,0.9985157349919747,673.2340103484183,25,1200,1,68,2.111430174477254,2.1737473460427457,-0.2408644735695003,4.766906467659,14113.767888280525,0,0,10,0,1,34,0,1,89,2,2,35,0.8,0.02,smart,282,1
1200,15475.734822987095,14264.529772580867,2641,6.115139137197886e-05,11117,2722,34053,0.9049092658363034,0.36821504343315187,0.9999298323433267,14251.08038617653,1.090748982497283,0.17065425520713592,0.9217352155319211,4097,0.9984861613101109,7.653530012099466e-05,0.998487369052203,660.5996625720547,25,1200,1,68,2.342606784012464,2.124473507382249,-0.2366823531481371,4.940444997690987,15475.734822963605,1,0,10,2,0,34,3,1,89,2,2,35,0.8,0.02,smart,283,1
1200,14678.229221266438,13465.58642784213,2618,6.436703341619897e-05,10565,2637,32214,0.9012088345208409,0.36827463133829214,0.9999256601100678,13451.228277392325,1.0966665025903939,0.1783593893060977,0.917384939617418,4097,0.9984884769670225,8.152606709533815e-05,0.9984970112045886,664.8408293284751,25,1200,1,68,2.209632202725995,2.1483724634370227,-0.23673933414796614,4.83148333445895,14678.229221243768,1,0,10,1,0,34,1,2,89,2,2,35,0.8,0.02,smart,284,1
1200,14120.262291879197,12912.659098963504,2594,6.68015372134713e-05,10178,2572,30936,0.8985253842882138,0.3683128765105316,0.9999224693559488,12897.625789307858,1.100706932992924,0.18370763562174433,0.9144772832151846,4097,0.9984729856101272,8.533851742702302e-05,0.9984864831231048,660.2126912336537,25,1200,1,68,2.1162763057662306,2.153116712307598,-0.23710074287682692,4.743594503827483,14120.262291858346,0,0,10,0,0,34,1,3,89,2,2,35,0.8,0.02,smart,285,1
1200,14525.950231065668,13325.1947596874,2593,6.503534804403218e-05,10456,2611,31879,0.9011056950868023,0.36826801068327414,0.9999248766781225,13310.94542782436,1.0967355092143625,0.1785081153902432,0.9173372170303672,4097,0.9984739670375958,8.239041467345118e-05,0.9984934175697281,663.2537984082832,25,1200,1,68,2.1840636113904197,2.1228418588364915,-0.23692809378437188,4.780761657795655,14525.950231048751,0,0,10,0,0,34,3,0,89,2,2,35,0.8,0.02,smart,286,1
1200,16172.897656397805,14960.170507416933,2666,5.8581431793646005e-05,11599,2798,35656,0.9076858982155845,0.3681876156420641,0.9999331006760057,14947.334147209836,1.0863639716893205,0.16484368210574574,0.9250148504772655,4097,0.9984437054863077,7.267701531794629e-05,0.9984632321785004,650.2162559326727,25,1200,1,68,2.460134941353058,2.125718204120982,-0.2353480013757094,5.056549148225459,16172.897656372606,1,0,10,1,0,34,4,2,89,2,2,35,0.8,0.02,smart,287,1
1200,14132.644648117563,12925.587113933761,2586,6.680636779242572e-05,10186,2574,30965,0.899136847704751,0.36828693629939446,0.9999225485744334,12910.818186652956,1.1005064283553256,0.1829806143427267,0.914590823993825,4097,0.998468169045311,8.523579172158909e-05,0.9984774992373167,656.3139939207459,25,1200,1,68,2.118329829761793,2.2362015265346904,-0.23711094492105722,4.828753246138598,14132.644648097103,0,1,10,0,1,34,0,2,89,2,2,35,0.8,0.02,smart,288,1
1200,14332.606882724584,13125.01611798919,2590,6.593836719910752e-05,10324,2596,31425,0.9003530605699566,0.36826873818620504,0.9999237288484173,13110.61709688584,1.0988825137460778,0.18070683311085478,0.9157452112782825,4097,0.9984769578486341,8.381303477782882e-05,0.9984869658984145,660.4235099426603,25,1200,1,68,2.151628775736632,2.2861253478631194,-0.23713903804717748,4.912032199694106,14332.606882702856,0,0,10,0,3,34,2,3,89,2,2,35,0.8,0.02,smart,289,1
1200,14338.592193618617,13144.068483821538,2573,6.588748883850913e-05,10324,2585,31456,0.9007512484847028,0.368262652363891,0.9999238405433464,13129.845769989726,1.0976078938763882,0.17944578974392705,0.9166917021094512,4097,0.9984509894006249,8.359322081670392e-05,0.998457707197915,647.8851835869824,25,1200,1,68,2.1547965996045875,2.1549716728312234,-0.2349687659952446,4.7797058044263,14338.592193598992,0,0,10,0,0,34,2,3,89,2,2,35,0.8,0.02,smart,290,1
1200,14345.293175296836,13142.273672373722,2592,6.580825543733807e-05,10332,2593,31460,0.9000234278665421,0.3682927588325564,0.9999238280681877,13127.695330276361,1.0983959224455901,0.18068644316475363,0.9161383815428212,4097,0.9984731029594099,8.36669393077088e-05,0.9984913049615302,662.3243512956363,25,1200,1,68,2.1546873506444433,2.139483249486528,-0.23619484523519638,4.766560290601364,14345.293175277837,0,0,10,1,0,34,2,1,89,2,2,35,0.8,0.02,smart,291,1
1200,14010.717029952248,12812.986904830406,2573,6.732297019692523e-05,10099,2552,30697,0.8985535332592453,0.3682968482959756,0.999921866328113,12798.079349209958,1.100657395655862,0.18364513354308815,0.9145132884661561,4097,0.99845618701375,8.599840381252984e-05,0.9984831781387106,658.7730719712317,25,1200,1,68,2.100098576662785,2.1518480407448473,-0.23502092832588328,4.721988474059399,14010.71702993201,0,0,10,0,1,34,0,2,89,2,2,35,0.8,0.02,smart,292,1
1200,14779.403611415935,13584.717275484923,2596,6.391347071375072e-05,10630,2632,32471,0.9022834492599873,0.3682651823138632,0.9999263147645829,13570.739799770447,1.0942642519274277,0.17564984814372298,0.9191654570548293,4097,0.9984494962854081,8.063111901190348e-05,0.99846997242051,653.0828622788257,25,1200,1,68,2.2286043394085278,2.094309899275273,-0.23462959582452955,4.79217343033286,14779.403611398344,0,0,10,2,0,34,2,0,89,2,2,35,0.8,0.02,smart,293,1
1200,14103.54003946366,12891.13102840228,2600,6.688382215967375e-05,10168,2575,30891,0.8982816325918046,0.3682957499632102,0.999922339170522,12876.004232811343,1.1013116494207331,0.1843508787669507,0.9140351282253327,4097,0.9984795972643863,8.552877620800683e-05,0.9984894270429159,661.5003390197056,25,1200,1,68,2.11277094832926,2.1535889337204286,-0.23781905824521693,4.741997998540122,14103.540039446862,0,0,10,0,1,34,0,1,89,2,2,35,0.8,0.02,smart,294,1
1200,14939.265592730113,13734.897985134468,2615,6.325007383324222e-05,10743,2658,32826,0.9026809286369237,0.36825736884364124,0.9999271212185751,13720.914930455909,1.0939582899820068,0.17504207176506295,0.9193824087188245,4097,0.9984521538055153,7.972634710405512e-05,0.998458964550528,648.4142104360931,25,1200,1,68,2.2554063315757418,2.1915275628088553,-0.2344712672089091,4.915876428802415,14939.265592707907,1,0,10,1,1,34,2,3,89,2,2,35,0.8,0.02,smart,295,1
1200,14071.28700483604,12860.88911441087,2593,6.706236378844346e-05,10145,2570,30820,0.8984089156383528,0.3683153012351406,0.9999221569153011,12845.856273811454,1.1013721022052567,0.18427596559638318,0.9139810104072797,4097,0.9984683335304022,8.573420183732808e-05,0.9985024774235318,667.2694404696214,25,1200,1,68,2.1074127544882075,2.1371611481238055,-0.23780174631479073,4.720177395241594,14071.287004817988,0,0,10,0,0,34,0,2,89,2,2,35,0.8,0.02,smart,296,1
1200,14509.848313829116,13318.424997979277,2562,6.523160285523902e-05,10441,2601,31854,0.9025204424576879,0.3682470590091618,0.9999248420405894,13304.810673299551,1.0959063792538526,0.17656973006107837,0.9178886443137857,4097,0.9984400048892064,8.236608717003853e-05,0.9984469451160669,643.3921181671246,25,1200,1,68,2.1827471249917205,2.1250275017282982,-0.2355609273098585,4.778896481339736,14509.848313809474,0,0,10,0,0,34,3,2,89,2,2,35,0.8,0.02,smart,297,1
1200,14369.31713603476,13153.725588680412,2614,6.567768711330038e-05,10353,2606,31499,0.8994596548349805,0.368301893777904,0.9999238927103877,13138.845844685837,1.099411402406439,0.18191539481335006,0.9154036663088227,4097,0.9984739962654108,8.367322200624663e-05,0.9984907899712548,662.0981745420239,25,1200,1,68,2.156859005818386,2.290608169313489,-0.23802718351667432,4.923521542165224,14369.317136010364,0,1,10,1,1,34,1,2,89,2,2,35,0.8,0.02,smart,298,1
1200,14294.948354102633,13090.156972760125,2597,6.59957690735395e-05,10298,2589,31342,0.8994218669845386,0.3682915412455236,0.999923523120835,13075.347372837165,1.0989974670672031,0.18167256961475234,0.9157190812097804,4097,0.9984788874038912,8.404789649175354e-05,0.9984935908816813,663.3301631284871,25,1200,1,68,2.1459585943610624,2.171955267434074,-0.236532797985322,4.790979457765781,14294.948354078308,0,0,10,1,1,34,1,1,89,2,2,35,0.8,0.02,smart,299,1
1200,15145.698075518274,13949.249120253833,2597,6.251842786284728e-05,10883,2674,33312,0.9047596917943209,0.3682155987368011,0.9999282460970879,13936.024132985105,1.0917009228736931,0.17146783113271144,0.9210040402694678,4097,0.9984556352317345,7.833380202923321e-05,0.9984556386338347,647.0167166186387,25,1200,1,68,2.2899954825559856,2.2607636316950184,-0.2342875300251541,5.019334174301313,15145.698075486838,0,0,10,2,3,34,3,5,89,2,2,35,0.8,0.02,smart,300,1
1200,14223.322365014563,13016.51260936224,2593,6.636376479054132e-05,10249,2583,31174,0.8993078443141393,0.3683032969482329,0.9999230901840835,13001.74149012747,1.0997488939781908,0.18230621042366743,0.9151527523118832,4097,0.9984761896360852,8.458148499054235e-05,0.998492173009148,662.7059357354766,25,1200,1,68,2.1332431277519976,2.150210066796901,-0.2373105997473692,4.7580743940436365,14223.3223649962,0,0,10,0,1,34,2,1,89,2,2,35,0.8,0.02,smart,301,1
1200,14024.872593786693,12808.99098545688,2593,6.733848208788911e-05,10114,2570,30706,0.898408468175739,0.3683033442929116,0.999921841520155,12794.017005364756,1.1022649897972647,0.1848858150161558,0.9133053366296907,4097,0.9984585259587967,8.615135598932676e-05,0.998467057261923,651.8399597287452,25,1200,1,68,2.0999704961258763,2.382899421022913,-0.23750826950166765,4.957886456152125,14024.872593765263,0,0,10,0,4,34,0,5,89,2,2,35,0.8,0.02,smart,302,1
1200,14264.112684272168,13057.92861520919,2585,6.624431643716113e-05,10277,2587,31269,0.9001113750728411,0.36828700097147393,0.9999233361873234,13043.463828527787,1.0993089911257767,0.18122403105033383,0.9154392498319972,4097,0.9984560075997707,8.427721856946745e-05,0.9984733879344032,654.5451343699139,25,1200,1,68,2.140217938860448,2.2917884780538933,-0.23713417518136057,4.906274767277062,14264.112684250851,0,1,10,0,1,34,2,3,89,2,2,35,0.8,0.02,smart,303,1
1200,14261.403759955047,13055.77079440459,2589,6.622589560818692e-05,10275,2586,31264,0.8997892265465076,0.36829865871181483,0.9999233228271039,13041.191050159612,1.0993004142415177,0.181538931480905,0.9154618306974953,4097,0.9984751898468511,8.429124792762217e-05,0.9985009971344719,666.6100073290688,25,1200,1,68,2.1392417590976076,2.1308028980155256,-0.23765886755824517,4.745362392229623,14261.403759935116,0,0,10,0,0,34,2,2,89,2,2,35,0.8,0.02,smart,304,1
1200,14075.82149433199,12864.834720317776,2592,6.705804444844782e-05,10148,2571,30829,0.898550634969257,0.3683000965466833,0.9999221811613909,12849.858825298114,1.1013794081552712,0.18414555775971858,0.9139668846680209,4097,0.9984667528163804,8.570806641100177e-05,0.9984809614129041,657.8109975341443,25,1200,1,68,2.10865705797002,2.198474722214574,-0.2373131910821248,4.781758162348844,14075.821494312868,0,0,10,0,0,34,0,3,89,2,2,35,0.8,0.02,smart,305,1
1200,14747.520344023887,13520.91962966161,2648,6.401437286613178e-05,10618,2657,32356,0.9005199939529476,0.3682656903775768,0.9999259623387503,13506.139494873738,1.0974587004033474,0.17955560922979466,0.9168266470736329,4097,0.9984886284682962,8.125327549628466e-05,0.9985194933287714,674.9443168949037,25,1200,1,68,2.2180746264300537,2.1297514916281144,-0.23984543090285274,4.827516979863874,14747.52034399744,0,0,10,1,0,34,2,1,89,2,2,35,0.8,0.02,smart,306,1
1200,14651.213109544715,13454.61510936252,2587,6.451789447073773e-05,10541,2620,32173,0.9021212349651466,0.3682620541767899,0.999925601857686,13440.695820694753,1.0953645626792656,0.176572409441964,0.9183277185830669,4097,0.9984637874677192,8.149308862038737e-05,0.9984640049192821,650.5436236389128,25,1200,1,68,2.2060902467275856,2.130219527744393,-0.23577860485962635,4.8078669841912305,14651.21310952327,0,0,10,1,0,34,3,2,89,2,2,35,0.8,0.02,smart,307,1
1200,14259.819899002689,13049.256868451901,2599,6.620551334680127e-05,10275,2590,31253,0.8993895568339071,0.36828822431933134,0.9999232833463817,13034.47939945272,1.0998040382177252,0.18226036642873522,0.9151067096832372,4097,0.998477887013144,8.437328544840097e-05,0.9985006650498194,666.4622504332254,25,1200,1,68,2.1388569482583204,2.1522867863032653,-0.23777970157253106,4.7667031377066476,14259.819898985108,0,0,10,0,0,34,2,3,89,2,2,35,0.8,0.02,smart,308,1
1200,14655.435381703315,13457.63389469847,2597,6.443120738064217e-05,10545,2622,32181,0.9015470923663313,0.3682758916239549,0.9999256170550109,13443.44201770102,1.0954877374010663,0.1772038791315776,0.9182691297932882,4097,0.9984682206092355,8.148560410738236e-05,0.998491313663352,662.328174344505,25,1200,1,68,2.207037333363387,2.0934656050083964,-0.23553523025055412,4.771573398872892,14655.435381683646,0,0,10,2,0,34,3,0,89,2,2,35,0.8,0.02,smart,309,1
1200,14119.897070796056,12915.913405493264,2584,6.68418063181208e-05,10176,2569,30940,0.8989886359557567,0.36829538234912307,0.9999224903208086,12901.114481334049,1.1003288544783205,0.18300416688903798,0.914731413461011,4097,0.9984668501224364,8.52861365157981e-05,0.9984775307722933,656.327598545117,25,1200,1,68,2.1174535383929483,2.1717060142183646,-0.2358626400696855,4.760884832750683,14119.897070775802,0,0,10,0,1,34,1,2,89,2,2,35,0.8,0.02,smart,310,1
1200,14177.02376055122,12978.119195959998,2567,6.667782099598602e-05,10214,2572,31078,0.9002764496420304,0.36828156871158313,0.999922865320272,12963.83722198723,1.0992993590290447,0.18106762345584107,0.9154332683050673,4097,0.9984375878759469,8.4794103984397e-05,0.9984378209888903,639.6313737813726,25,1200,1,68,2.1278684978576643,2.292057003562237,-0.23496879556439978,4.889863092548701,14177.023760532385,0,0,10,0,2,34,2,4,89,2,2,35,0.8,0.02,smart,311,1
1200,14697.524479463184,13491.235964883052,2608,6.428237352694469e-05,10577,2634,32267,0.9016184824967177,0.3682503148117452,0.999925802434409,13477.031123504741,1.09593064958632,0.1774448481881525,0.9179257352987793,4097,0.9984472619631352,8.131538625595108e-05,0.9984698690999229,653.0387297203056,25,1200,1,68,2.214116344009259,2.1728787758004255,-0.23547106923114422,4.857937258271973,14697.52447944242,0,0,10,1,0,34,2,3,89,2,2,35,0.8,0.02,smart,312,1
1200,14124.488078239365,12919.73596131053,2589,6.679325442780873e-05,10180,2570,30949,0.8987278418412844,0.36831587744711125,0.9999225125173298,12904.810187394769,1.100386259863166,0.18329867855449541,0.9147047234380894,4097,0.9984900260588196,8.526616124199948e-05,0.9985003817656233,666.33625840973,25,1200,1,68,2.1171052016351277,2.126180258171094,-0.2369761447353613,4.717237749276944,14124.488078222934,0,0,10,0,0,34,0,2,89,2,2,35,0.8,0.02,smart,313,1
1200,15063.152797427221,13863.745070976585,2614,6.273292262379124e-05,10827,2667,33118,0.9032812650751484,0.36824591360994463,0.9999278001250325,13849.939491968611,1.09262347086487,0.17353604754288027,0.920374722172672,4097,0.9984548821666765,7.888727798339317e-05,0.9984684987208231,652.4539465547286,25,1200,1,68,2.27619685049004,2.1096155386741655,-0.2343286157436781,4.854469620651561,15063.152797402307,1,0,10,2,0,34,3,0,89,2,2,35,0.8,0.02,smart,314,1
1200,14872.039155419516,13654.711332611883,2643,6.34523992848857e-05,10702,2662,32654,0.901153748852403,0.3682710144558049,0.9999266894709737,13640.105419637706,1.095683089049639,0.17771604635917496,0.9181465426438158,4097,0.9984814800831026,8.032510690357986e-05,0.9984910994250508,662.2340639449477,25,1200,1,68,2.241847897854823,2.1658298466935335,-0.23682529471164185,4.8813283339716405,14872.039155398788,1,0,10,1,1,34,1,1,89,2,2,35,0.8,0.02,smart,315,1
1200,14359.748621486744,13148.497528368987,2600,6.579181583279834e-05,10344,2602,31483,0.9000909369815095,0.3682766755472992,0.999923864274151,13133.938377859982,1.0990320717609166,0.18106166539082547,0.915649561489862,4097,0.9984972123951471,8.367560451501959e-05,0.9985146957585357,672.7626138826711,25,1200,1,68,2.1551098753503766,2.1725443355641767,-0.238181561559403,4.804017334033359,14359.748621458677,0,0,10,0,0,34,2,3,89,2,2,35,0.8,0.02,smart,316,1
1200,14470.539252380964,13264.27847572587,2602,6.524657527601407e-05,10420,2609,31744,0.9004335760864438,0.36826641757567397,0.9999245297455432,13249.753450494694,1.0977060838343962,0.17981361679882596,0.9166402332617551,4097,0.9984605103781585,8.284415746562399e-05,0.9984868010346585,660.3515019804662,25,1200,1,68,2.1751938615772746,2.123155043201039,-0.23656268048333315,4.771474265744979,14470.539252363646,0,0,10,1,0,34,1,1,89,2,2,35,0.8,0.02,smart,317,1
1200,15144.946599894909,13957.097174792967,2590,6.246891280058466e-05,10880,2666,33322,0.9046970123267842,0.3682229422311437,0.9999282863114286,13943.839211834742,1.0909796527253324,0.1710141388031023,0.921567935729124,4097,0.9984340943913155,7.823817505347079e-05,0.9984465080094217,643.2109459186371,25,1200,1,68,2.290519213635494,2.1351405462207906,-0.23363855300990707,4.8929368658760986,15144.946599872406,0,0,10,2,1,34,6,1,89,2,2,35,0.8,0.02,smart,318,1
1200,14115.40849442151,12915.806719366701,2582,6.68216081915646e-05,10172,2565,30935,0.8988253160088036,0.36831249762527024,0.999922489169736,12900.92288624327,1.0999714770308457,0.18292067147900262,0.9150147319130794,4097,0.9984638837831964,8.525970245178658e-05,0.9984851596794843,659.6354578983795,25,1200,1,68,2.116602959487114,2.109273552390678,-0.23596512291243157,4.697806757702655,14115.408494397274,0,0,10,0,0,34,1,0,89,2,2,35,0.8,0.02,smart,319,1
1200,14356.508433644996,13142.626496706614,2604,6.580212309148338e-05,10343,2604,31472,0.8999529200466161,0.36827184318010264,0.9999238298866915,13128.008756001705,1.0993092835147462,0.1813811493257951,0.9154472730922788,4097,0.998467540568035,8.373451268670587e-05,0.9984770560431754,656.1228534488235,25,1200,1,68,2.154858667962448,2.317574964535065,-0.23789273764104185,4.948219107779597,14356.50843362094,0,0,10,1,2,34,1,4,89,2,2,35,0.8,0.02,smart,320,1
1200,14375.171200157638,13183.765177079407,2574,6.568206701807318e-05,10349,2586,31544,0.9007472258296362,0.36827917729265897,0.9999240698119748,13169.492403911057,1.0970490566888584,0.17905873705154715,0.9171205680621622,4097,0.9984291412884144,8.329914114737229e-05,0.998461546934681,649.5034516193161,25,1200,1,68,2.161784608345408,2.1110805497483818,-0.23407725834318346,4.741019674780157,14375.17120013155,0,0,10,1,0,34,2,1,89,2,2,35,0.8,0.02,smart,321,1
1200,14572.375855643446,13366.343316774319,2603,6.481681298756296e-05,10490,2620,31979,0.9010649218677674,0.3682811994142042,0.999925107678969,13352.003778311464,1.0968728488301063,0.17862564250234705,0.9172384413621841,4097,0.9984729774506258,8.214735352490175e-05,0.9984921575639002,662.6991423307419,25,1200,1,68,2.192151420094638,2.169805943612151,-0.23657788917535497,4.8351131420575,14572.37585561996,0,0,10,1,1,34,2,2,89,2,2,35,0.8,0.02,smart,322,1
1200,14165.632180070244,12960.935225153667,2586,6.664029090681132e-05,10208,2575,31044,0.8992370161882259,0.36828465588480597,0.9999227601972684,12946.192820776552,1.1000132072903064,0.1825545070722835,0.9149563577817956,4097,0.9984830956986579,8.496480313344894e-05,0.9984890734999041,661.345436923048,25,1200,1,68,2.123727366673147,2.1312781619490018,-0.23721133000239525,4.72942818862694,14165.632180053253,0,0,10,0,1,34,1,1,89,2,2,35,0.8,0.02,smart,323,1
1200,14468.37017927589,13265.053396994635,2592,6.530359484228545e-05,10417,2607,31743,0.9009199213649923,0.36828264062487104,0.999924535499787,13250.763795596515,1.0974145427535764,0.17914941129393497,0.9168312140641208,4097,0.9984871010333974,8.281583999561832e-05,0.9984871786982416,660.5164782675995,25,1200,1,68,2.1735364745044596,2.1052262129856434,-0.2378585553714591,4.754479798233021,14468.370179255513,0,0,10,1,0,34,1,0,89,2,2,35,0.8,0.02,smart,324,1
1200,14176.891891255014,12974.19855328459,2577,6.665046041092059e-05,10215,2575,31073,0.8998237519269617,0.3682832441904869,0.9999228409184409,12959.737204707577,1.0996847539603634,0.18177468092210092,0.9151652317591346,4097,0.9984612877086047,8.485066562057397e-05,0.9984638298718733,650.4694368401285,25,1200,1,68,2.126403611823978,2.2723180280857225,-0.2364117033814442,4.871545046672589,14176.891891232533,0,0,10,0,1,34,1,4,89,2,2,35,0.8,0.02,smart,325,1
1200,14604.523816233768,13394.189148056177,2614,6.46637816391316e-05,10514,2627,32048,0.9008194449632426,0.36826024642771027,0.9999252628766947,13379.731340314025,1.0970349908622135,0.17898563711432952,0.9171260437240525,4097,0.9984733426063345,8.198923938272804e-05,0.9984930146104801,663.0763143831471,25,1200,1,68,2.196569592154664,2.119299113732869,-0.23751771054630966,4.790904126980153,14604.523816205843,0,0,10,1,0,34,2,1,89,2,2,35,0.8,0.02,smart,326,1
1200,14517.49324464131,13318.58702252639,2590,6.506088026637534e-05,10450,2608,31862,0.901126329927993,0.36828302605552293,0.9999248394232432,13304.347337249628,1.096631879784837,0.17840545584245543,0.9174164436027922,4097,0.9984802737007696,8.242348457502811e-05,0.9984818181748611,658.182505100859,25,1200,1,68,2.183007965907965,2.0987408931119584,-0.2365742415292607,4.754897342078445,14517.493244623354,0,0,10,0,0,34,3,0,89,2,2,35,0.8,0.02,smart,327,1
1200,14569.769207807003,13350.424715170528,2615,6.492574639964003e-05,10492,2632,31956,0.9010730163145134,0.36826301027059577,0.9999250186225574,13336.14482621221,1.098078391003646,0.17948122325772942,0.9163099651583289,4097,0.9984718427127399,8.23354302974775e-05,0.9984782718883691,656.6474885943587,25,1200,1,68,2.1892095550583366,2.2573622926342156,-0.23908531290608048,4.924742473504713,14569.769207786501,0,0,10,1,0,34,2,5,89,2,2,35,0.8,0.02,smart,328,1
1200,14429.23011523834,13236.03062634955,2574,6.548007570712456e-05,10387,2593,31666,0.9012418071348147,0.36827446103413153,0.9999243708846253,13221.92094950444,1.0967672314165966,0.17838789591980134,0.9173067807943069,4097,0.9984603979296137,8.294753548429111e-05,0.9984615458401367,649.5029891694745,25,1200,1,68,2.1698746015391053,2.1213221129783943,-0.2349970843302438,4.761190883177987,14429.230115216093,0,0,10,0,0,34,4,1,89,2,2,35,0.8,0.02,smart,329,1
1200,14009.791894418666,12797.809583403357,2602,6.726434243972925e-05,10103,2564,30676,0.8974133067682172,0.3683160437231271,0.999921770193917,12782.351569764596,1.102112244120548,0.18572724131873836,0.9134903416018515,4097,0.9984601495012517,8.621802713941529e-05,0.9984835782501758,658.9470227972888,25,1200,1,68,2.0980187772199135,2.1464701749819253,-0.23694653851414468,4.718382029230128,14009.791894404349,0,0,10,0,0,34,0,0,89,2,2,35,0.8,0.02,smart,330,1
1200,14158.139955216302,12949.523840425156,2587,6.672383044409262e-05,10204,2578,31022,0.899363355500667,0.3682969217957268,0.999922692559191,12934.865458187285,1.1004236510105148,0.1827217422756771,0.9146345410757255,4097,0.9984619857420325,8.507093626531863e-05,0.9984674311132581,651.9990901029911,25,1200,1,68,2.122418332322093,2.1647764534697975,-0.23727166021039828,4.761738106212687,14158.139955194947,0,0,10,0,0,34,1,3,89,2,2,35,0.8,0.02,smart,331,1
1200,14183.409123206826,12979.67166097887,2581,6.660018169255016e-05,10220,2576,31086,0.8996577304150596,0.36830079348306805,0.9999228728822367,12965.108316559996,1.0997477075944169,0.18197317567163596,0.9151305971807294,4097,0.9984684147762556,8.482037095382303e-05,0.9984927311430742,662.9515175847109,25,1200,1,68,2.1267636432066888,2.158536506776245,-0.23713787732397004,4.759575904630874,14183.409123183954,0,0,10,0,0,34,0,3,89,2,2,35,0.8,0.02,smart,332,1
1200,14287.533668398673,13088.909810451949,2575,6.613397050947942e-05,10290,2583,31333,0.9005029783022283,0.36826504412779976,0.9999235187726486,13074.603971831431,1.0983984837358287,0.18022704686221763,0.9161070142849179,4097,0.9984707277510472,8.400686415720907e-05,0.9984707457158719,653.4133585204282,25,1200,1,68,2.145598011842239,2.142444215649615,-0.23565759955429685,4.759357426600447,14287.533668379214,0,0,10,0,0,34,1,3,89,2,2,35,0.8,0.02,smart,333,1
1200,14261.046946581657,13062.63359820636,2576,6.624477086633424e-05,10272,2580,31272,0.9002369706861727,0.36828205980227524,0.9999233644110151,13048.267716892216,1.0985991262898276,0.18063189958276252,0.9159659628872792,4097,0.9984713247107846,8.419179110176378e-05,0.9984730386450504,654.3952940486352,25,1200,1,68,2.1410695744578363,2.1904588156528835,-0.23577158330175613,4.803071556714231,14261.046946557553,0,0,10,0,1,34,2,4,89,2,2,35,0.8,0.02,smart,334,1
1200,14618.731499431975,13412.022888104544,2607,6.461270483936871e-05,10522,2626,32085,0.9011680909713617,0.3682619968122868,0.9999253630264923,13397.685276525386,1.0965819132128325,0.1783328464649137,0.9174546292628524,4097,0.9984455950904678,8.184555520564476e-05,0.9984605483027645,649.0817986046611,25,1200,1,68,2.2013219185751702,2.1762938180850906,-0.23513333132630707,4.847882399312875,14618.731499408865,0,0,10,1,0,34,2,3,89,2,2,35,0.8,0.02,smart,335,1
1200,14160.032366783877,12958.56575977492,2583,6.665377992253765e-05,10203,2572,31036,0.8992060690526767,0.3682960081957885,0.9999227460794511,12943.826869074195,1.0997572545124878,0.18241483727530974,0.9151508572941318,4097,0.9984762961478436,8.496055956356839e-05,0.9985138847195134,672.3951844777523,25,1200,1,68,2.1230191451454243,2.1433467740985863,-0.23698624931552806,4.740338417875067,14160.032366765714,0,0,10,0,1,34,0,1,89,2,2,35,0.8,0.02,smart,336,1
1200,14539.193524810496,13348.536943797819,2582,6.492967270792387e-05,10462,2603,31923,0.9013120683817547,0.36827234005849274,0.999925008535221,13334.350872413957,1.095717314011746,0.1775889423023313,0.9181071096563317,4097,0.9984409995088098,8.216944636167427e-05,0.9984608449027325,649.206975084374,25,1200,1,68,2.1890952800204566,2.0995251278355034,-0.23410364077763396,4.756827689411228,14539.193524788543,0,0,10,1,0,34,3,0,89,2,2,35,0.8,0.02,smart,337,1
1200,14447.281486632392,13238.810758077067,2607,6.532969466025759e-05,10404,2608,31688,0.9000609909669958,0.36829165911536077,0.9999243836626771,13224.155344695622,1.0981098980348973,0.18044917325187954,0.9163530710138454,4097,0.9984921665998115,8.30350484678954e-05,0.9985013946475177,666.7869618754258,25,1200,1,68,2.1704563766914986,2.1065004571654846,-0.2374238710774237,4.751804576011831,14447.281486613534,0,0,10,2,0,34,2,0,89,2,2,35,0.8,0.02,smart,338,1
1200,14073.745233499878,12873.176958199849,2575,6.706798061067568e-05,10143,2561,30838,0.8990584351467246,0.36829050605454355,0.9999222331079726,12858.442583731803,1.100374486985135,0.18296480128620643,0.9146944714870705,4097,0.9984786770519903,8.557270391951794e-05,0.998480870420586,657.7715662258555,25,1200,1,68,2.1101301347983754,2.2261391159511597,-0.2354940707823518,4.807257392314238,14073.745233484362,0,0,10,0,2,34,1,3,89,2,2,35,0.8,0.02,smart,339,1
1200,14082.814722846848,12878.736465328586,2585,6.69956436351871e-05,10151,2565,30854,0.8986537892977353,0.36829808802608927,0.9999222655415781,12863.807796030333,1.1006647137902952,0.1835570552388437,0.9145001705117329,4097,0.9984446903839781,8.555957543066797e-05,0.9984780482703647,656.5509348969263,25,1200,1,68,2.1108645688062633,2.144224257561576,-0.23627121833056877,4.727631263028976,14082.814722820991,0,0,10,0,0,34,0,1,89,2,2,35,0.8,0.02,smart,340,1
1200,13992.037635682145,12791.163212977966,2576,6.742226051620126e-05,10087,2553,30649,0.8984007215876906,0.3683079783335595,0.9999217326326874,12776.216961679766,1.1011158431065506,0.18410470776827736,0.91417444306741,4097,0.9984569116090407,8.618143814637708e-05,0.9984756346736257,655.510595957291,25,1200,1,68,2.097018318481017,2.207472997500673,-0.23498795412967713,4.774467224241044,13992.037635664166,0,0,10,0,1,34,0,2,89,2,2,35,0.8,0.02,smart,341,1
1200,14499.200476695183,13304.885383709272,2585,6.511879674336007e-05,10436,2602,31826,0.9010575148132207,0.36827604022545435,0.9999247618031283,13290.621280235537,1.0963616905130644,0.1782856926597377,0.9176288999586181,4097,0.998429671189138,8.248827671366076e-05,0.9984763239094487,655.80734287163,25,1200,1,68,2.1813670673857835,2.100408628502186,-0.23516634539337833,4.752108386674726,14499.20047667497,0,0,10,1,0,34,2,1,89,2,2,35,0.8,0.02,smart,342,1
1200,14236.645065152916,13032.982987561547,2587,6.629987241320709e-05,10257,2582,31209,0.8996081913523204,0.3682809356049653,0.9999231880353496,13018.305130946444,1.099334198533154,0.1817141600539167,0.9154532495484082,4097,0.9984809934913207,8.44420195968551e-05,0.9984837491155022,659.0213354820859,25,1200,1,68,2.136407118097802,2.251789756477299,-0.23636705942472094,4.860930993424543,14236.645065135139,0,1,10,0,1,34,2,1,89,2,2,35,0.8,0.02,smart,343,1
1200,14142.214262522863,12939.625174864936,2575,6.680046760125302e-05,10191,2571,30993,0.899691124496335,0.3682953110091072,0.9999226341865914,12925.105709337326,1.0999662214991743,0.18207898368672007,0.9149645829617494,4097,0.9984588348792898,8.509978144838927e-05,0.9984788338814806,656.8902710886557,25,1200,1,68,2.1208009484128363,2.34947032985298,-0.23623476200411267,4.942740802274042,14142.214262501695,0,0,10,0,2,34,1,2,89,2,2,35,0.8,0.02,smart,344,1
1200,14831.518927753194,13642.683789516248,2578,6.377861729394995e-05,10663,2633,32599,0.9034792503816746,0.3682262500877128,0.9999266307114931,13629.181027337396,1.093294363654967,0.17381901425996008,0.9198440062661174,4097,0.998436682556191,8.021422959016863e-05,0.9984644408516393,650.728449533451,25,1200,1,68,2.23793037204217,2.124735104611702,-0.2339894492467676,4.830644375147407,14831.518927733625,0,0,10,1,1,34,2,1,89,2,2,35,0.8,0.02,smart,345,1
1200,14698.865339933333,13494.45469464105,2596,6.435142570438477e-05,10577,2633,32273,0.9023203935893913,0.36825048847513525,0.9999258218911529,13480.566248295023,1.0956990557052335,0.17661227176136401,0.9180609783518334,4097,0.9984636901517785,8.127688381813994e-05,0.9984686852670656,652.5334900674194,25,1200,1,68,2.213441863786246,2.2205967897429364,-0.23636902619885586,4.906776705926894,14698.865339910612,0,0,10,1,1,34,3,4,89,2,2,35,0.8,0.02,smart,346,1
1200,14065.576221778394,12860.202854238298,2588,6.706663977684394e-05,10139,2565,30813,0.8984035572561824,0.3682944903511553,0.9999221528478486,12845.185061797014,1.1009442826146376,0.18399530592944197,0.9143033069861894,4097,0.9984859599423604,8.570537707934872e-05,0.9984863704335323,660.163501219881,25,1200,1,68,2.1076439585683517,2.163434347319033,-0.23661874505857675,4.744315796004538,14065.57622176157,0,0,10,0,1,34,0,2,89,2,2,35,0.8,0.02,smart,347,1
1200,14070.137367936713,12876.05446186857,2560,6.713599741794564e-05,10138,2556,30838,0.8996782362572756,0.36829234095939956,0.9999222523808037,12861.630182676514,1.09973943811476,0.18194562946014833,0.9151335289171205,4097,0.9984520804154449,8.550212305002248e-05,0.9984585810354623,648.2527562951972,25,1200,1,68,2.110621839118456,2.550492802473268,-0.23440105553426907,5.129916752660263,14070.137367916352,0,2,10,0,3,34,0,3,89,2,2,35,0.8,0.02,smart,348,1
1200,14521.575623875866,13319.224210323326,2588,6.511970268663824e-05,10453,2612,31867,0.9015183095806051,0.36825195897553953,0.9999248441019658,13305.175611437455,1.0968770125148861,0.17821757549125047,0.9172024135193928,4097,0.9984894781093218,8.243677690874423e-05,0.9984902270141832,661.8511079477084,25,1200,1,68,2.183218561055168,2.2428187414931284,-0.2370440429192763,4.900125388386849,14521.575623846666,0,0,10,1,2,34,2,3,89,2,2,35,0.8,0.02,smart,349,1
1200,15976.31861344407,14766.636900156826,2664,5.922322176962614e-05,11463,2774,35207,0.9064703227065192,0.3682116537932885,0.9999322214807814,14753.436957405525,1.0873776381641138,0.1667467997138117,0.9242828249388256,4097,0.9984363808735108,7.370084614651522e-05,0.9984523134433012,645.6255322700719,25,1200,1,68,2.4289732889731783,2.113972401147042,-0.23374647993038875,5.010438649980998,15976.318613421403,1,0,10,2,0,34,2,1,89,2,2,35,0.8,0.02,smart,350,1
1200,14504.329423410796,13301.606625832985,2596,6.511001449991392e-05,10442,2610,31827,0.9008588078312743,0.36828241011465646,0.9999247427101805,13287.24929214817,1.09709698877674,0.1789810424334345,0.9170783589873138,4097,0.998475112536578,8.25645460446561e-05,0.9984895204269171,661.5412665933654,25,1200,1,68,2.1818415892020493,2.232026805334488,-0.2355466480294446,4.884961690595427,14504.329423388963,0,1,10,1,1,34,2,3,89,2,2,35,0.8,0.02,smart,351,1
1200,14287.926912568952,13099.260517883784,2562,6.611249288119282e-05,10287,2574,31347,0.9007807882734993,0.3682720359832167,0.9999235800279306,13085.08446743376,1.0974583313957214,0.17931222742651584,0.9168062377447137,4097,0.9984505039614096,8.386773503273871e-05,0.9984670096043282,651.8196797806619,25,1200,1,68,2.1463777700779496,2.0911911002303123,-0.23494338201353862,4.707455634335339,14287.926912548928,0,0,10,0,0,34,2,0,89,2,2,35,0.8,0.02,smart,352,1
1200,13976.551028797512,12770.768941923483,2587,6.745625904190594e-05,10078,2555,30607,0.8978190757272054,0.36830261936036585,0.9999216058748888,12755.557907003953,1.1017582295070731,0.1850957360417247,0.9137282091705159,4097,0.9984786356544612,8.637137248651936e-05,0.9984862849979266,660.1262126894164,25,1200,1,68,2.093579896588905,2.1543968040622907,-0.23584527487409132,4.719667250399378,13976.551028777978,0,0,10,0,1,34,0,2,89,2,2,35,0.8,0.02,smart,353,1
1200,14428.679605706162,13227.80044809848,2593,6.541717891071463e-05,10389,2600,31655,0.9004112081503942,0.3682707523120606,0.9999243215422093,13213.29992030045,1.0975373719548243,0.17971152391342426,0.9167713754533183,4097,0.9984541954799587,8.305993567737542e-05,0.9984576287335167,647.8521985498495,25,1200,1,68,2.1700156239529282,2.143451834576236,-0.23476431032819942,4.782996079185563,14428.679605686766,0,0,10,2,0,34,2,2,89,2,2,35,0.8,0.02,smart,354,1
1200,14018.040804344,12810.966994909919,2589,6.728255947417293e-05,10107,2561,30701,0.8980796066406428,0.3683127876852268,0.9999218526553552,12795.840093649978,1.1015183521637524,0.18469057382096535,0.9138914042067829,4097,0.9984653455515602,8.608073429941847e-05,0.9984824992372819,658.4781254293401,25,1200,1,68,2.1002373756891357,2.216406668503474,-0.23610275836418926,4.788849560920989,14018.040804319948,0,0,10,0,1,34,0,4,89,2,2,35,0.8,0.02,smart,355,1
1200,14066.404659938507,12860.104264638723,2592,6.703605488236342e-05,10140,2565,30814,0.8981821120039806,0.3683215031233113,0.9999221516024931,12844.979566952112,1.1010443205235343,0.1842688350479554,0.9142424504013197,4097,0.9984799420347199,8.57145359371776e-05,0.9984970822902651,664.8722989295857,25,1200,1,68,2.1073874852076977,2.104750705899273,-0.23701329144415745,4.686164773995285,14066.40465991113,0,0,10,0,0,34,0,0,89,2,2,35,0.8,0.02,smart,356,1
1200,14298.2366289299,13094.815001518486,2585,6.607122935462887e-05,10299,2588,31351,0.9001896341737413,0.36828882431621174,0.9999235524708812,13080.36750532435,1.0987803081820287,0.18079152465344706,0.9158342627386297,4097,0.9984714089963,8.399903960511103e-05,0.9984862923525571,660.1294224661563,25,1200,1,68,2.146896260719546,2.1821008099607266,-0.23614317743252303,4.801283425545319,14298.236628912415,0,0,10,0,0,34,2,3,89,2,2,35,0.8,0.02,smart,357,1
1200,13942.147708609155,12740.774115808677,2579,6.761592331116474e-05,10053,2548,30534,0.8978409464328736,0.36831965635141956,0.999921421361678,12725.604967463325,1.1016205626580142,0.18497867429761128,0.9138315259665023,4097,0.9984571203067216,8.656384376128075e-05,0.9984823912569634,658.4312380510308,25,1200,1,68,2.088931376931108,2.130526659252861,-0.23475990783300363,4.688977851849977,13942.147708584673,0,0,10,0,0,34,0,1,89,2,2,35,0.8,0.02,smart,358,1
1200,14413.844478426145,13212.608123444665,2588,6.554753671486752e-05,10379,2599,31620,0.9006893755199135,0.3682705268441737,0.9999242354452326,13198.284083021883,1.0976529089273943,0.1795495992671197,0.9166609327040107,4097,0.9984539944889589,8.316318393438521e-05,0.9984563978682404,647.3352035881721,25,1200,1,68,2.1660422481025714,2.1780310540781187,-0.2362651649645803,4.81660363210985,14413.844478402909,0,0,10,0,0,34,3,4,89,2,2,35,0.8,0.02,smart,359,1
1200,14245.886612169388,13045.256374519446,2590,6.62135966884845e-05,10263,2580,31234,0.8992955157971783,0.36829099670964005,0.9999232596459279,13030.453682717867,1.0990027006916891,0.18180686611583174,0.9157209185826092,4097,0.998463659531082,8.433785637730833e-05,0.9984892041195419,661.4026584479935,25,1200,1,68,2.1385695230901836,2.1509141541122863,-0.23574491226747443,4.760973501737419,14245.886612145947,0,0,10,1,1,34,1,1,89,2,2,35,0.8,0.02,smart,360,1
1200,14317.812248669852,13106.381832094577,2606,6.592191505292862e-05,10316,2597,31386,0.8993888255617891,0.3682873273609961,0.9999236178587446,13091.565541476699,1.0994272949788921,0.18201104713061883,0.9153899774954921,4097,0.9984857547136534,8.397661094524045e-05,0.9985044930532352,668.1694539569705,25,1200,1,68,2.147410170939471,2.1090767113766504,-0.23889187050197405,4.73427062332007,14317.81224864867,0,0,10,0,0,34,1,1,89,2,2,35,0.8,0.02,smart,361,1
1200,15036.179661382246,13820.827453935271,2633,6.288504857223744e-05,10814,2678,33035,0.9028090231510136,0.36825244572014276,0.999927574812769,13806.85125161173,1.0942158301728107,0.17511096962763703,0.9191714760785686,4097,0.9984728666416722,7.924878637162859e-05,0.9984729704394586,654.3660427887663,25,1200,1,68,2.2686344157582328,2.225296939363248,-0.2373955278014053,4.9687224107242915,15036.17966135783,1,0,10,1,1,34,3,2,89,2,2,35,0.8,0.02,smart,362,1
1200,14197.328934432106,12988.42092844912,2599,6.644334227958873e-05,10232,2582,31112,0.8988281108589916,0.3683110205426739,0.9999229223386087,12973.427613450187,1.100193638864537,0.18306260367728533,0.9148496163210618,4097,0.9984724257119371,8.480035276155921e-05,0.9984797031893969,657.2661679420626,25,1200,1,68,2.12921906691778,2.144132394487759,-0.2370024221512263,4.747356305707992,14197.32893441404,0,0,10,0,0,34,1,1,89,2,2,35,0.8,0.02,smart,363,1
1200,14612.968600653772,13400.410667733422,2618,6.46219119203083e-05,10520,2630,32064,0.9007430413631431,0.36827391979439694,0.9999252972972178,13385.896506301166,1.0971798349114588,0.17915593138842936,0.9170217930348457,4097,0.9984914101537422,8.196229910647807e-05,0.9984969451966773,664.8116103173861,25,1200,1,68,2.19824705348127,2.1733464087698504,-0.23724771328995928,4.846088888831038,14612.968600627373,0,0,10,2,1,34,2,2,89,2,2,35,0.8,0.02,smart,364,1
1200,14098.222142553159,12894.790242841076,2579,6.69865096919748e-05,10161,2567,30891,0.8991558807208271,0.36830169379045075,0.9999223639330882,12880.111283847642,1.1004320812114232,0.18293086702157385,0.9146394568376305,4097,0.9984678338506935,8.543321868929564e-05,0.9984878185546248,660.796177357812,25,1200,1,68,2.1137425076887766,2.2063569099811984,-0.23596118273300287,4.792021783135981,14098.222142530678,0,0,10,0,1,34,1,3,89,2,2,35,0.8,0.02,smart,365,1
1200,14147.081563386284,12947.965989770399,2579,6.672449138633969e-05,10194,2568,31009,0.8992519887480751,0.3682960578001827,0.9999226830951674,12933.282096774887,1.0996328816984229,0.1822990832734468,0.9152393680461073,4097,0.9984550944416681,8.50202108651742e-05,0.9984651169610214,651.0153129794547,25,1200,1,68,2.1221743793692776,2.1545308499220726,-0.23567254785770794,4.748050325006766,14147.081563361911,0,0,10,0,0,34,1,2,89,2,2,35,0.8,0.02,smart,366,1
1200,14074.258221895963,12875.115788798314,2573,6.706751816903222e-05,10143,2560,30841,0.899115368554631,0.3683042190123834,0.9999222450133599,12860.41146957496,1.1002310778490245,0.1828160290534578,0.9147988892777248,4097,0.9984522496121513,8.554845275945973e-05,0.9984761578804223,655.7358353906518,25,1200,1,68,2.110034206158095,2.246216127282298,-0.23567549748664904,4.8276013284136905,14074.258221868462,0,1,10,0,1,34,0,1,89,2,2,35,0.8,0.02,smart,367,1
1200,14448.174518990838,13231.10086045616,2625,6.529256886870041e-05,10408,2616,31679,0.8993760664730027,0.3682980294138699,0.9999243377516006,13216.13075942902,1.0989407009719756,0.18168385193227501,0.9157628074789003,4097,0.9984864550604231,8.314832429342517e-05,0.9984985609673986,665.5275843943712,25,1200,1,68,2.1702107236427666,2.13406044530886,-0.23781836285128632,4.779907894654198,14448.174518964317,0,0,10,1,0,34,1,0,89,2,2,35,0.8,0.02,smart,368,1
1200,14633.57006316207,13441.43656654161,2581,6.458060709981371e-05,10528,2615,32138,0.9021312936501436,0.3682443416944776,0.9999255289328718,13427.533706247052,1.095095516191075,0.17637527881848192,0.9185343363598275,4097,0.9984550597394224,8.155293169849787e-05,0.9984605693504365,649.0906799336153,25,1200,1,68,2.2051296918685157,2.1877599621209503,-0.23379865198846683,4.860486957966399,14633.570063141897,0,0,10,2,1,34,3,2,89,2,2,35,0.8,0.02,smart,369,1
1200,14454.114646351463,13251.496270560701,2597,6.531342709493467e-05,10407,2604,31711,0.9004346992738884,0.36828167739755313,0.999924457095075,13237.010531503467,1.0974959618058486,0.1796720216727726,0.916797506785078,4097,0.9984700892959675,8.290803309825627e-05,0.9984902421116422,661.8577314086905,25,1200,1,68,2.1725809427608205,2.115521995274334,-0.2364381649612436,4.760979267957641,14454.114646332384,0,0,10,1,0,34,2,0,89,2,2,35,0.8,0.02,smart,370,1
1200,14280.001812003835,13076.224802165849,2582,6.6174853477959e-05,10287,2587,31309,0.9002867087972893,0.36828110182121143,0.9999234440047592,13061.83426090286,1.0989472671226015,0.18081230198651368,0.9157019007640401,4097,0.9984742121871194,8.413100175198088e-05,0.998479699021764,657.2643647931978,25,1200,1,68,2.143212366076681,2.3091670476030317,-0.2367879359206466,4.925955285521006,14280.001811983964,0,0,10,0,2,34,1,3,89,2,2,35,0.8,0.02,smart,371,1
1200,14881.121166912504,13676.88133375746,2606,6.355574708468934e-05,10703,2652,32693,0.9028844867577714,0.36825003276631924,0.9999268127206152,13663.076620963277,1.0943347297988197,0.17512121370225264,0.9190760010856832,4097,0.9984416807127663,8.009138161054834e-05,0.99844945118768,644.4328080153496,25,1200,1,68,2.24392521004556,2.187877676968031,-0.23626165110287672,4.904326189219344,14881.12116689062,0,0,10,2,0,34,2,4,89,2,2,35,0.8,0.02,smart,372,1
1200,14532.40737411882,13331.344390990944,2590,6.502540047984913e-05,10460,2611,31894,0.9013632894370697,0.3682778497286977,0.9999249118888648,13317.18750620727,1.096697949565453,0.17822236421837478,0.9173527859350485,4097,0.9984723805312279,8.234897751891566e-05,0.9984796518777725,657.2439683792968,25,1200,1,68,2.185002299627808,2.1902580212707523,-0.23706559605548666,4.849391513009533,14532.407374099766,0,0,10,0,1,34,5,1,89,2,2,35,0.8,0.02,smart,373,1
1200,14104.896740383201,12902.60814199104,2584,6.688319813085182e-05,10166,2566,30908,0.8987738279403541,0.36829880296660317,0.9999224096966134,12887.708395262793,1.1003111281926623,0.18319878887179986,0.9147609074691109,4097,0.9984710003802756,8.537347425650794e-05,0.9984852472500563,659.673621527257,25,1200,1,68,2.115012360616784,2.150430372498108,-0.2358037627773385,4.737050258669568,14104.896740364735,0,0,10,0,0,34,1,2,89,2,2,35,0.8,0.02,smart,374,1
1200,14362.60486887668,13165.72892973358,2580,6.574898179153548e-05,10342,2589,31508,0.9005821967263381,0.3682660970580739,0.9999239652414172,13151.379721296506,1.097658468130492,0.1796331531469462,0.9166672097387645,4097,0.9984445671385157,8.346019663089465e-05,0.9984551789792053,646.8240508205679,25,1200,1,68,2.159492290577511,2.1529054167468336,-0.2342751875650497,4.780948082454444,14362.604868855364,0,0,10,1,0,34,2,3,89,2,2,35,0.8,0.02,smart,375,1
1200,14033.328907016294,12831.500621533472,2581,6.721430513883676e-05,10116,2558,30743,0.898423705141393,0.3683160031734286,0.9999219787409823,12816.51951600269,1.100870286638131,0.18391929791580444,0.9143590025256275,4097,0.9984417841342054,8.589128577890161e-05,0.9984640763594508,650.5739055379379,25,1200,1,68,2.103678726125421,2.1522202312763805,-0.2352094250405493,4.7263178074829,14033.328906995821,0,0,10,0,0,34,1,1,89,2,2,35,0.8,0.02,smart,376,1
1200,15200.463625479615,13993.731318750786,2622,6.223388843724905e-05,10925,2688,33425,0.9040886173179457,0.3682448882711303,0.9999284724940151,13980.13564224141,1.0922610122319139,0.17249473862132075,0.9206121381254413,4097,0.9984645958480093,7.812670608979718e-05,0.998474542871937,655.041075220825,25,1200,1,68,2.2975738746350785,2.2401768529763557,-0.2358367296073634,5.009424186826161,15200.463625454651,0,0,10,3,1,34,4,4,89,2,2,35,0.8,0.02,smart,377,1
1200,14357.508857605364,13150.64386929589,2590,6.581910122454441e-05,10341,2598,31483,0.9004805757817432,0.36826479388835814,0.9999238777334969,13136.260706885338,1.0986169307791345,0.18039341125866987,0.9159418949151349,4097,0.9984778727755996,8.362921078947986e-05,0.998482706096494,658.5679667895882,25,1200,1,68,2.155290580271311,2.218609791048336,-0.2376275626598027,4.849155496639252,14357.508857586681,0,0,10,0,2,34,2,3,89,2,2,35,0.8,0.02,smart,378,1
1200,14190.21971664447,12992.979496938751,2576,6.651714129924491e-05,10223,2571,31111,0.8996361352031023,0.3682957679980887,0.9999229518295217,12978.393506463653,1.0990945603806568,0.1815334823165896,0.915629197883285,4097,0.9984736569986236,8.468322506011512e-05,0.9984929411534714,663.0439703577755,25,1200,1,68,2.129761212451211,2.1742042570269096,-0.23527540698625846,4.774516283450637,14190.219716624819,0,0,10,0,1,34,2,2,89,2,2,35,0.8,0.02,smart,379,1
1200,16251.468559263098,15026.155922402688,2690,5.82933796775079e-05,11658,2817,35821,0.9073835075295628,0.36820504035585416,0.9999333938619189,15013.131302465199,1.0869081198888038,0.16552350270319044,0.9246029592715177,4097,0.9984694298159635,7.239475231507994e-05,0.9984727414249378,654.2678446880797,25,1200,1,68,2.4714203327292523,2.249135851386631,-0.23715776047646797,5.194871705068819,16251.468559234321,1,0,10,2,1,34,2,3,89,2,2,35,0.8,0.02,smart,380,1
1200,14106.757386480582,12897.16858848794,2594,6.687947712937965e-05,10169,2573,30902,0.8985448977977347,0.3682987612283689,0.9999223761746056,12882.142596088901,1.1010023460679057,0.18388350553799118,0.9142546536490471,4097,0.9984764463709086,8.546401387039671e-05,0.9984786894712712,656.8278683762536,25,1200,1,68,2.1141288581699405,2.1656501252158704,-0.23699737290677358,4.753773729199358,14106.757386460284,0,0,10,0,1,34,1,1,89,2,2,35,0.8,0.02,smart,381,1
1200,15072.541973870935,13872.623430499596,2610,6.273533243203288e-05,10834,2668,33139,0.9036352294819296,0.36822496880452366,0.9999278472169459,13858.979249981705,1.0925746080062362,0.17316256305834649,0.9203904327848971,4097,0.9984927499611921,7.883229866188454e-05,0.998500139777062,666.2286705126165,25,1200,1,68,2.2781141644998173,3.023689842196421,-0.2339761644752876,5.7697563356468144,15072.54197385063,1,1,10,1,2,34,2,3,89,1,2,35,0.8,0.02,smart,382,1
1200,14272.907199365793,13064.767517816985,2603,6.607657740142234e-05,10284,2589,31287,0.8990529904826391,0.36829596877374765,0.9999233733869671,13049.79623430837,1.0995105781274452,0.18237349711876938,0.9153543377902372,4097,0.9984669019867739,8.42517715961348e-05,0.9984938296021325,663.4353769185565,25,1200,1,68,2.1423374997155715,2.124458248589899,-0.23648036684291257,4.7397564819912965,14272.907199350906,0,0,10,1,0,34,1,0,89,2,2,35,0.8,0.02,smart,383,1
1200,14077.128433463378,12869.445920296757,2587,6.70502160166753e-05,10148,2568,30837,0.8986969723269904,0.3683064728404794,0.999922209544125,12854.547425136005,1.1010441548538825,0.18377327536845692,0.9142095975841362,4097,0.9984623159322417,8.565072674494369e-05,0.9984777414666333,656.4185094566602,25,1200,1,68,2.1098251401087658,2.2427927366805025,-0.2363629321325549,4.825343741054378,14077.128433447924,0,0,10,0,2,34,1,4,89,2,2,35,0.8,0.02,smart,384,1
1200,14507.676734474398,13309.979703878387,2586,6.512506354542144e-05,10442,2606,31841,0.9012602074390055,0.3682583295513402,0.9999247912203375,13295.819977749936,1.0965834634432143,0.178250456453508,0.9174439124529196,4097,0.998474373519569,8.247270408378573e-05,0.998488233403279,660.9776458030487,25,1200,1,68,2.1810994327732134,2.1421736677844856,-0.23684668963553213,4.796966479828764,14507.676734452472,0,0,10,1,1,34,1,1,89,2,2,35,0.8,0.02,smart,385,1
1200,14872.126269138125,13671.38689880951,2605,6.35458797615923e-05,10696,2648,32676,0.9026734811041184,0.36825343284425366,0.9999267826953407,13657.473401330699,1.094112703030956,0.1751598899079927,0.9192624276718031,4097,0.9984798065873562,8.010798310953151e-05,0.9984818748200949,658.2070822828301,25,1200,1,68,2.242165922642692,2.1075268509248577,-0.23652178887773415,4.822736351323018,14872.126269122557,0,0,10,2,0,34,3,0,89,2,2,35,0.8,0.02,smart,386,1
1200,14122.942937439446,12910.918085038642,2603,6.676781775934627e-05,10181,2576,30936,0.8981932773376312,0.3683087796443901,0.9999224578910499,12895.718751839584,1.1011290347166318,0.18431002741642002,0.9141804326640897,4097,0.9984798582814584,8.538386757798773e-05,0.9984981697731349,665.3540985609687,25,1200,1,68,2.1162796258029606,2.1480674367132586,-0.23754419710108055,4.73943545671838,14122.942937424246,0,0,10,0,0,34,1,2,89,2,2,35,0.8,0.02,smart,387,1
1200,14151.925044635633,12959.51914802524,2561,6.675377114650955e-05,10194,2563,31029,0.9001025794572002,0.36828059831552484,0.999922754252064,12945.196381001251,1.0989046520676418,0.18096477983896342,0.9157424949009053,4097,0.9984380968427052,8.4885711759627e-05,0.9984459446717997,642.9776036862218,25,1200,1,68,2.124688804427078,2.2295377531102503,-0.2339653696746641,4.822157296886657,14151.925044610454,0,0,10,0,1,34,1,3,89,2,2,35,0.8,0.02,smart,388,1
1200,14102.148008377844,12872.300727926951,2625,6.691264991945457e-05,10173,2590,30865,0.8976283645535235,0.3683227098114713,0.9999222236114936,12856.872509833274,1.1030173713735996,0.18614185572584635,0.9127900742695183,4097,0.9984757033328657,8.578870760539732e-05,0.9984966002558499,664.6589608142909,25,1200,1,68,2.1099373313083984,2.2094497375326108,-0.24042067008488224,4.800228409010773,14102.148008359683,0,0,10,0,1,34,1,2,89,2,2,35,0.8,0.02,smart,389,1
1200,15840.097185042254,14616.525066373959,2686,5.969228195154269e-05,11373,2771,34876,0.9050671172130133,0.36822240173974496,0.9999315224760253,14602.831743994975,1.0894281754254604,0.16956966668969556,0.9227547593695505,4097,0.9984565850782731,7.460134400172013e-05,0.9984738893619266,654.7603597794933,25,1200,1,68,2.4041672049788114,2.1717434876662765,-0.2358489925245555,5.0476086776942,15840.0971850202,1,0,10,1,1,34,2,2,89,2,2,35,0.8,0.02,smart,390,1
1200,14285.921756381964,13079.026303700206,2597,6.60704064596618e-05,10292,2590,31318,0.8994933177171661,0.3682888965598321,0.9999234584042843,13064.291635992091,1.099249289605662,0.18178735991185446,0.9155185452319449,4097,0.9984946602537661,8.41382947159593e-05,0.9984979140719076,665.2407496698677,25,1200,1,68,2.143102751676356,2.172550524992585,-0.23788420771754074,4.791421692104023,14285.921756363381,0,0,10,0,1,34,2,1,89,2,2,35,0.8,0.02,smart,391,1
1200,14116.343909180443,12906.69565029065,2598,6.681751949591115e-05,10176,2574,30924,0.8983502900277652,0.36831724455104814,0.9999224331183314,12891.600055936664,1.100941733099344,0.18404198825946802,0.9143086718011235,4097,0.9984828736164514,8.539661713551333e-05,0.9984927604975949,662.9644387619093,25,1200,1,68,2.1152857334348565,2.1365856303775774,-0.23743825142489322,4.726747866662221,14116.343909158499,0,0,10,0,0,34,0,1,89,2,2,35,0.8,0.02,smart,392,1
1200,14107.32336665643,12896.07146618599,2602,6.684773144526764e-05,10170,2574,30901,0.8981080293072756,0.3683197319432609,0.9999223685951397,12880.884811952876,1.10118278168508,0.18444320955667573,0.9141402044179895,4097,0.99848773759416,8.548636635039293e-05,0.9985086098306666,670.0152247013174,25,1200,1,68,2.113097409858553,2.1358676535753616,-0.23812315124694497,4.725211365927804,14107.323366632989,0,0,10,0,0,34,0,1,89,2,2,35,0.8,0.02,smart,393,1
1200,14107.92173212596,12908.946766360188,2578,6.689809498378861e-05,10166,2564,30919,0.8990217865046203,0.36829448177028173,0.9999224487946555,12894.206085571774,1.0999474354075673,0.18273421478724877,0.9150140617072239,4097,0.9984762391891325,8.53022494314561e-05,0.9984784223472283,656.7124696352198,25,1200,1,68,2.1154503622586414,2.158430106940029,-0.23586992642514357,4.745620322048957,14107.921732102708,0,0,10,0,1,34,0,1,89,2,2,35,0.8,0.02,smart,394,1
1200,14208.53269444491,13008.760503688645,2581,6.644103904513102e-05,10236,2575,31150,0.8995918592466424,0.3682763866958951,0.9999230452632358,12994.15168168969,1.0991864969856946,0.18165141014237804,0.9155597402942713,4097,0.9984658152035267,8.458760753050128e-05,0.9984779062290705,656.489619094323,25,1200,1,68,2.1323489941813385,2.153287250140908,-0.2357397882220487,4.7571158207663435,14208.532694420323,0,0,10,0,0,34,1,2,89,2,2,35,0.8,0.02,smart,395,1
1200,14412.418786108992,13217.062597301578,2578,6.553801718341866e-05,10376,2593,31625,0.900976836672619,0.36828351219228395,0.9999242616090714,13202.843605031356,1.0971114858764426,0.17887351445024158,0.9170606817254349,4097,0.9984456274953105,8.309345860976552e-05,0.9984512516411909,645.1825566736082,25,1200,1,68,2.1677887251606087,2.1812880846230542,-0.23428107252095512,4.817638954825573,14412.418786089384,0,0,10,1,1,34,3,3,89,2,2,35,0.8,0.02,smart,396,1
1200,14061.592844935773,12872.573507388837,2561,6.70965031022774e-05,10131,2550,30825,0.8992263111466601,0.36828299055883545,0.9999222301003642,12857.945287686012,1.0993721182285943,0.18212730437023955,0.9154420590427523,4097,0.9984381471822583,8.549805929716599e-05,0.9984648095369706,650.8848460698295,25,1200,1,68,2.1099167340175593,2.1069627348259536,-0.23368207346775688,4.684243615779026,14061.592844911896,0,0,10,0,0,34,0,0,89,2,2,35,0.8,0.02,smart,397,1
1200,14287.28614279115,13082.937892115724,2588,6.610808788340881e-05,10292,2588,31325,0.8999650426199873,0.3682926450771698,0.9999234825847423,13068.420273169335,1.0989648736977615,0.1811400691590272,0.9157048974424652,4097,0.9984954997778195,8.408995159451463e-05,0.998496156825834,664.4628289537137,25,1200,1,68,2.1438039330813585,2.174332683514358,-0.23741042404680757,4.792957464689332,14287.286142768997,0,0,10,0,1,34,2,3,89,2,2,35,0.8,0.02,smart,398,1
1200,14551.442927640273,13345.652392956263,2597,6.4951917911124e-05,10475,2618,31931,0.9013128709699636,0.3682795647069912,0.9999249922425962,13331.45437570726,1.0969853983312763,0.17847027356077746,0.9171360159483821,4097,0.9984736140277668,8.228241463396212e-05,0.9984845103138504,659.3525991972531,25,1200,1,68,2.1876606269140075,2.1912757863436396,-0.23757986102266915,4.854096135302985,14551.442927620059,0,0,10,1,1,34,1,2,89,2,2,35,0.8,0.02,smart,399,1
