n,mfpt,sd,cv,mode,fmode,t_cert,peak_sub,ratio,n_open,kind,M,rep,attempts,region_sites
1215,22419.89409015434,21210.768995749,0.9460690987413574,2828,4.26122227348124e-05,3585,2828.2772592664337,0.12613797320487397,1215,near_target,10,0,1,122
1215,16883.69308035796,15712.482098276594,0.9306306400793366,2607,5.6258143165561616e-05,3329,2606.6910296516585,0.15440934560892455,1215,near_target,10,1,1,122
1215,16297.979161183495,15131.39647063531,0.9284216356512097,2574,5.827752969093439e-05,3265,2573.6416556502436,0.15793369070752242,1215,near_target,10,2,1,122
1215,21830.96909184048,20616.50189569062,0.9443695242734882,2825,4.3731823549748435e-05,3585,2824.571924829331,0.1294033255287723,1215,near_target,10,3,1,122
1215,16664.32117483399,15496.018731493365,0.9298919871332675,2596,5.6979979894977244e-05,3329,2595.7206320959262,0.1557819231137005,1215,near_target,10,4,1,122
1215,16406.128592210873,15236.965719418431,0.928736211823457,2589,5.785854710765023e-05,3329,2589.020194840175,0.15780688207144603,1215,near_target,10,5,1,122
1215,15609.645866890794,14447.905313691737,0.9255754702505331,2548,6.076539537602753e-05,3265,2547.893508113119,0.1632324026904733,1215,near_target,10,6,1,122
1215,15859.667167001593,14697.64619260434,0.9267310617454185,2556,5.9830415805011504e-05,3265,2555.595254933059,0.16116353345158085,1215,near_target,10,7,1,122
1215,15221.430721532182,14058.576290429432,0.9236041307563959,2533,6.230489441323139e-05,3265,2533.219409381642,0.16641011258007612,1215,near_target,10,8,1,122
1215,17343.866358235016,16168.922745042202,0.9322559578744136,2629,5.4787415712630866e-05,3329,2629.1238385750735,0.1515809650338852,1215,near_target,10,9,1,122
1215,20045.17718951647,18827.562039591277,0.9392564536390329,2778,4.755535245157216e-05,3521,2777.948623231033,0.13858695155126294,1215,near_target,10,10,1,122
1215,16973.131140839538,15792.785034119472,0.9304579634172506,2626,5.5964180076204295e-05,3329,2625.904752971462,0.15471511874915678,1215,near_target,10,11,1,122
1215,20449.085593050135,19237.057389967966,0.9407294669697069,2782,4.662876154867689e-05,3521,2782.093695349519,0.1360452029671926,1215,near_target,10,12,1,122
1215,25911.667613900994,24695.128856976546,0.9530505417462285,2920,3.698996730967524e-05,3649,2919.6420036186223,0.11269054711220089,1215,near_target,10,13,1,122
1215,15713.21989320128,14551.4804022625,0.9260661087393401,2552,6.036766915073577e-05,3265,2552.235136916566,0.16241101552357115,1215,near_target,10,14,1,122
1215,20661.278839343227,19445.583737590674,0.9411607039813225,2787,4.6182169956509735e-05,3521,2786.945255148203,0.13489000471224424,1215,near_target,10,15,1,122
1215,17622.59495833116,16438.473158799403,0.9328066154654506,2654,5.393835461413349e-05,3393,2653.669115896059,0.1506021108852252,1215,near_target,10,16,1,122
1215,15896.888075419518,14733.329337280218,0.9268058797030567,2556,5.971243158157984e-05,3265,2556.481342844431,0.160786185816594,1215,near_target,10,17,1,122
1215,16238.73846375669,15069.225984236162,0.927980090194151,2578,5.8482409138839677e-05,3265,2577.5624228459624,0.15875617467168704,1215,near_target,10,18,1,122
1215,18076.90154577855,16893.059787195674,0.9345108034369234,2661,5.263550781166386e-05,3393,2661.4409847368447,0.147204430652078,1215,near_target,10,19,1,122
1215,18242.78496253801,17057.608957595636,0.93503316476206,2673,5.214503162035582e-05,3393,2673.2342013937196,0.1465236807586708,1215,near_target,10,20,1,122
1215,16793.228902588984,15619.609580921224,0.9301135398989991,2610,5.6550151192241e-05,3329,2609.573704321199,0.15541978348175917,1215,near_target,10,21,1,122
1215,16110.151955384617,14943.3107735426,0.9275710629500291,2572,5.8920049885716555e-05,3265,2571.900498738022,0.15965088393473167,1215,near_target,10,22,1,122
1215,15698.569239760009,14534.467672675233,0.9258466456843444,2559,6.0405485162019705e-05,3265,2559.013826550978,0.16300848573631674,1215,near_target,10,23,1,122
1215,18523.322765244346,17341.489264007927,0.9361975431614292,2679,5.136009172557985e-05,3393,2678.921573038321,0.14462847913154422,1215,near_target,10,24,1,122
1215,15514.847372218303,14352.359140818928,0.9250725319102405,2545,6.113226451878541e-05,3265,2545.441650784322,0.16403641872476363,1215,near_target,10,25,1,122
1215,15629.649362637527,14466.946034724127,0.9256091227041326,2550,6.0689362969199274e-05,3265,2549.7239626402666,0.1631514527827951,1215,near_target,10,26,1,122
1215,16953.02561280265,15779.293703517953,0.9307656381762137,2616,5.602185914336591e-05,3329,2615.6653905944236,0.15430873873183082,1215,near_target,10,27,1,122
1215,15427.03623551852,14264.096908866346,0.9246168020287219,2545,6.146521194717535e-05,3265,2544.8655424533713,0.16497011876723966,1215,near_target,10,28,1,122
1215,17781.750647698074,16597.002307537736,0.933372795309459,2661,5.3462670235264435e-05,3393,2660.6838792268572,0.14964780761586477,1215,near_target,10,29,1,122
1215,16933.25883198563,15756.054554939317,0.9304797565119206,2618,5.6098937055931036e-05,3329,2618.20759585927,0.15460697943474402,1215,near_target,10,30,1,122
1215,15454.93935390983,14283.170193515527,0.9241815749928605,2556,6.138752871394002e-05,3265,2556.1152309816844,0.16538402005138744,1215,near_target,10,31,1,122
1215,17242.26135376913,16063.694595383791,0.931646624871064,2632,5.510752359760378e-05,3329,2631.5784681645587,0.15264819074469307,1215,near_target,10,32,1,122
1215,17152.891096078278,15977.984782735426,0.9315038901161405,2621,5.53948470449485e-05,3329,2621.346005481749,0.15280222939206137,1215,near_target,10,33,1,122
1215,15792.639291660442,14631.954398640499,0.9265046917374437,2552,6.007168616801083e-05,3265,2552.4539435121414,0.16159426887864303,1215,near_target,10,34,1,122
1215,20615.08480856581,19407.81675253805,0.9414376381548463,2775,4.626980201023155e-05,3521,2775.4127843068572,0.13461016657311808,1215,near_target,10,35,1,122
1215,15887.687982484611,14724.926802829146,0.926813694922927,2561,5.971053864786257e-05,3265,2560.9274693734105,0.16119400146977808,1215,near_target,10,36,1,122
1215,18674.486351520212,17488.41426546344,0.9364870302866339,2691,5.095022784860002e-05,3393,2690.8747795196405,0.1441003489652039,1215,near_target,10,37,1,122
1215,17178.697992831934,16004.319050673957,0.931637488321408,2622,5.531202283359549e-05,3329,2622.213112950982,0.15263089211383007,1215,near_target,10,38,1,122
1215,15920.948279484093,14747.447819031677,0.9262920499550519,2575,5.961700111727236e-05,3265,2574.619936070983,0.16173659726777537,1215,near_target,10,39,1,122
1215,15859.340782393358,14696.924749219848,0.9267046437097818,2560,5.980775640996799e-05,3265,2560.35493094552,0.16141906748369061,1215,near_target,10,40,1,122
1215,15476.429888293462,14312.6919959084,0.9248057917242707,2548,6.127030960258573e-05,3265,2548.1254923464094,0.1646374531071494,1215,near_target,10,41,1,122
1215,15225.678798949379,14063.753815683096,0.9236864905263561,2531,6.229463547870039e-05,3265,2530.8462877898182,0.16623232588977557,1215,near_target,10,42,1,122
1215,30642.66278175076,29409.43214328415,0.9597544558300899,3052,3.1378033850580335e-05,3777,3051.762136126616,0.09959969933871474,1215,near_target,10,43,1,122
1215,17454.60669837375,16280.027488420279,0.9327066355460815,2629,5.4462822272269305e-05,3329,2628.640707907157,0.15061926317967075,1215,near_target,10,44,1,122
1215,16854.810615288254,15684.32036714088,0.9305545298096868,2606,5.634914633834719e-05,3329,2605.811584002321,0.15461461178544555,1215,near_target,10,45,1,122
1215,15134.403711152874,13973.88571224596,0.923319212236178,2529,6.263766154066864e-05,3265,2529.3698557289767,0.16710271830110654,1215,near_target,10,46,1,122
1215,15177.63535560716,14017.203667473168,0.9235433148217461,2527,6.248129201979149e-05,3265,2527.2828085834135,0.166494973742167,1215,near_target,10,47,1,122
1215,15976.370303592925,14810.306498826041,0.9270132212380776,2564,5.941518027064791e-05,3265,2564.3829088633233,0.16048701621690517,1215,near_target,10,48,1,122
1215,23248.064554265693,22042.565098400566,0.9481462444733304,2845,4.1119438478111374e-05,3585,2844.974571421873,0.12237577856682193,1215,near_target,10,49,1,122
1215,16735.224276429522,15557.839184467844,0.9296462914082395,2613,5.674296771864022e-05,3329,2613.313797357717,0.15613773420893085,1215,near_target,10,50,1,122
1215,20571.904981781845,19360.02625236569,0.9410905927044979,2783,4.636301750618905e-05,3521,2782.7785418796225,0.13528158925799924,1215,near_target,10,51,1,122
1215,15786.668663569417,14621.396894557982,0.9261863415363553,2559,6.009750214560393e-05,3265,2559.2932361533185,0.1620987970632052,1215,near_target,10,52,2,122
1215,20548.6948206464,19336.295880622754,0.940998737359928,2784,4.641204172443328e-05,3521,2783.762984252647,0.1354830574058048,1215,near_target,10,53,1,122
1215,15144.02335343531,13986.491876348317,0.9235651286271679,2526,6.258867116077411e-05,3265,2526.1009031040626,0.16679847495262845,1215,near_target,10,54,1,122
1215,15473.250352602612,14311.974258512419,0.9249494406393505,2543,6.128822114479852e-05,3265,2543.2199934806017,0.16434814548012955,1215,near_target,10,55,1,122
1215,17275.049174462034,16095.107425957765,0.93169676470452,2633,5.501309182834869e-05,3329,2633.26779836446,0.15241635340132076,1215,near_target,10,56,1,122
1215,19478.04464498803,18290.20377805209,0.9390164213818256,2717,4.8891384444057646e-05,3457,2717.3423495381508,0.13949038774275127,1215,near_target,10,57,1,122
1215,19154.434689297836,17965.929866842915,0.9379514539722242,2709,4.969969340580649e-05,3457,2709.350641846112,0.14142938927420293,1215,near_target,10,58,1,122
1215,16112.63984308462,14944.371517333615,0.9274936734682607,2577,5.889480586119297e-05,3265,2577.0223174093676,0.15993654826871972,1215,near_target,10,59,1,122
1215,17155.751018540246,15983.047301037848,0.9316436968434052,2620,5.537272708169897e-05,3329,2620.443682427395,0.15271846724568117,1215,near_target,10,60,1,122
1215,16794.333807549596,15622.350484337823,0.9302155514686192,2605,5.655487114064564e-05,3329,2604.5977323725974,0.1551118389006278,1215,near_target,10,61,1,122
1215,16176.156908668092,15012.031319048909,0.9280344771510358,2571,5.867260019742751e-05,3265,2571.2069156467333,0.15893762743005505,1215,near_target,10,62,1,122
1215,26050.268463954275,24811.41241938433,0.9524436361842432,2969,3.6780367731772384e-05,3713,2969.4634999303735,0.11397195403602853,1215,near_target,10,63,1,122
1215,15166.219556014692,14009.561102679916,0.9237345569828532,2527,6.249175023286349e-05,3265,2526.810679263625,0.1666202965522697,1215,near_target,10,64,1,122
1215,20622.935926032704,19411.72153960397,0.9412685763669664,2782,4.625594363391895e-05,3521,2781.723977035062,0.13489834861428393,1215,near_target,10,65,1,122
1215,16708.564002728097,15541.453954542192,0.9301489913797891,2595,5.683085264067126e-05,3329,2595.362088003092,0.15530957654866692,1215,near_target,10,66,1,122
1215,17546.484444360947,16367.596164420389,0.9328134200512498,2645,5.4156386587104886e-05,3393,2644.900847342206,0.1507424469207588,1215,near_target,10,67,1,122
1215,16429.202852700626,15255.441706802842,0.9285564152794643,2586,5.785209847480817e-05,3265,2585.9474914422794,0.15740264595825562,1215,near_target,10,68,1,122
1215,16011.021859204018,14847.05124929672,0.9273019161335924,2563,5.928211475569423e-05,3265,2562.6864848739388,0.1600772282080576,1215,near_target,10,69,1,122
1215,16792.386247354618,15609.175516795629,0.9295388568884672,2621,5.657478474079153e-05,3329,2621.1389973486603,0.156082641346634,1215,near_target,10,70,1,122
1215,16306.550508598191,15139.736828603553,0.9284450945416447,2576,5.823774392658026e-05,3265,2576.0242473289063,0.15797332480843912,1215,near_target,10,71,1,122
1215,15148.350845531286,13984.199170999615,0.9231499397919548,2534,6.258807008158943e-05,3265,2534.4053893621744,0.16727893523455867,1215,near_target,10,72,1,122
1215,15222.153121135765,14057.144675687356,0.9234662510502006,2536,6.230661525774496e-05,3265,2536.2188453227695,0.1665992964213976,1215,near_target,10,73,1,122
1215,16483.415601474375,15315.586270108208,0.9291512536235688,2589,5.7596149694748346e-05,3329,2588.8445272596155,0.1570669612776386,1215,near_target,10,74,1,122
1215,20438.637786612064,19228.20048215253,0.9407770069073582,2780,4.664654494727808e-05,3521,2780.4413862022716,0.1360168925651682,1215,near_target,10,75,1,122
1215,17776.826081337134,16596.0428423811,0.9335773870119778,2650,5.349338484812407e-05,3393,2650.0117741484496,0.14907048017880326,1215,near_target,10,76,1,122
1215,17128.223648430234,15950.71963444103,0.9312535824987829,2623,5.5482819787585114e-05,3329,2622.846603185235,0.1531390559721231,1215,near_target,10,77,1,122
1215,15510.451647068896,14349.267356901331,0.9251353657140603,2542,6.115182435928804e-05,3265,2542.479233757845,0.1638894893483245,1215,near_target,10,78,1,122
1215,15700.105963031954,14534.540954908174,0.9257606916241036,2558,6.04204127922992e-05,3265,2557.664421005621,0.16292883666028501,1215,near_target,10,79,1,122
1215,25898.790640697076,24662.440639749042,0.9522622496895571,2960,3.6993720628167304e-05,3713,2959.9040178915798,0.1142910509245435,1215,near_target,10,80,1,122
1215,16994.65523406151,15814.626304309435,0.9305647032258116,2625,5.589994196699571e-05,3329,2624.6499285705627,0.1544603267231246,1215,near_target,10,81,1,122
1215,15981.748831076377,14816.002238835046,0.9270576327682897,2566,5.938579396136576e-05,3265,2565.783648073364,0.16055814836799553,1215,near_target,10,82,1,122
1213,15898.376455249767,14743.527253648475,0.9273605575480035,2549,5.966610515231673e-05,3265,2549.373206716442,0.16033083674769197,1215,near_target,10,83,1,122
1215,15453.323758546678,14293.297026946653,0.9249335127041226,2539,6.137216195433774e-05,3265,2538.5367400014593,0.16430122345658943,1215,near_target,10,84,1,122
1215,20312.206002441268,19101.577286727465,0.9403989544233501,2774,4.694019309123796e-05,3521,2774.3419138350014,0.13656813049585065,1215,near_target,10,85,1,122
1215,15577.009552913434,14417.474548199949,0.9255611289975352,2545,6.0880341974868264e-05,3265,2544.7330974571787,0.16338180902790791,1215,near_target,10,86,1,122
1215,14993.74156946553,13833.543789936117,0.9226211967070225,2522,6.322680011835942e-05,3201,2522.0672525069617,0.1682035126666452,1215,near_target,10,87,1,122
1215,18600.79170835731,17416.94172284767,0.9363548603698554,2683,5.115595227378009e-05,3393,2682.9510894827117,0.14424117220744598,1215,near_target,10,88,1,122
1215,20612.690574861448,19401.062189971974,0.9412192998051824,2785,4.6269834630866834e-05,3521,2784.800449678017,0.1351109400243214,1215,near_target,10,89,1,122
1215,15312.436031815187,14151.45604804346,0.9241805822823019,2535,6.192597801667194e-05,3265,2535.43794058174,0.16555171200277613,1215,near_target,10,90,1,122
1215,15478.13930604487,14307.592165899929,0.9243741694657192,2559,6.127292010171454e-05,3265,2559.2279970930217,0.16532995015754912,1215,near_target,10,91,1,122
1215,15275.580608324566,14116.035677288706,0.9240915968585864,2533,6.207215400449229e-05,3265,2532.6584450683044,0.16582021102488365,1215,near_target,10,92,1,122
1215,15875.73706959115,14709.796037054442,0.926558305455311,2563,5.976895709298189e-05,3265,2563.068175386935,0.16144132324471694,1215,near_target,10,93,1,122
1215,15655.163533127563,14490.421373189769,0.9256001281958437,2556,6.0585922210687254e-05,3265,2555.5295111174146,0.163268815084001,1215,near_target,10,94,1,122
1215,16643.936948239178,15472.235257085522,0.9296018907787551,2597,5.706625002467694e-05,3329,2597.3256736817534,0.15603279488959768,1215,near_target,10,95,1,122
1215,25975.52714389982,24745.350076216248,0.9526409200141114,2951,3.68871061664834e-05,3713,2951.127948141057,0.11360693408268416,1215,near_target,10,96,1,122
1215,18035.520669622612,16854.220381940293,0.9345014591304817,2659,5.273871673930165e-05,3393,2659.0091654695148,0.1474312856672099,1215,near_target,10,97,1,122
1215,15528.726027624587,14368.43745151605,0.9252811483669389,2543,6.10726501229457e-05,3265,2543.0832786537135,0.16376101912521152,1215,near_target,10,98,1,122
1215,17002.777812148466,15817.465254928851,0.9302871230621675,2632,5.588526801262863e-05,3329,2631.764554852451,0.15479823526950043,1215,near_target,10,99,1,122
1215,15924.404929688451,14758.1122283332,0.9267606729102392,2564,5.959339699694959e-05,3265,2564.3918022987036,0.16101072607239728,1215,near_target,10,100,1,122
1215,19250.450437508218,18053.51057844324,0.9378227609296446,2721,4.9478487854703225e-05,3457,2720.6313552663455,0.14134734191457218,1215,near_target,10,101,1,122
1215,15895.224236281263,14729.443368111688,0.92665841948246,2566,5.9685226030378945e-05,3265,2565.7252629204586,0.1614321359583615,1215,near_target,10,102,1,122
1215,17213.898444668266,16030.536575470987,0.9312554403059229,2634,5.522189327028665e-05,3329,2633.99490254803,0.15301589052977363,1215,near_target,10,103,1,122
1215,17425.238723681185,16245.095644753765,0.9322739218875902,2638,5.4548936165530344e-05,3329,2638.07624616826,0.1513896045748237,1215,near_target,10,104,1,122
1215,16232.061279582656,15069.446822373444,0.9283754270524104,2574,5.846098503926683e-05,3265,2573.655313124314,0.15857505437326566,1215,near_target,10,105,1,122
1215,17073.59467383011,15893.534896231318,0.9308839292403052,2617,5.570770722682963e-05,3329,2617.372374922776,0.15327762255076013,1215,near_target,10,106,1,122
1215,15380.737364441966,14216.642362941153,0.9243147468214344,2542,6.166665166331458e-05,3265,2541.579306477443,0.16527166024411388,1215,near_target,10,107,1,122
1215,16361.357198195925,15192.025758468113,0.92853090207842,2585,5.802972263915441e-05,3329,2584.7892203838474,0.15799422802681878,1215,near_target,10,108,1,122
1215,16322.738966086043,15150.861510279692,0.9282058324744901,2586,5.81752098999015e-05,3329,2586.459558391043,0.15842929335407277,1215,near_target,10,109,1,122
1215,16644.731773198477,15470.137646308067,0.9294314776053193,2602,5.7068795293768676e-05,3329,2601.890923194577,0.15632573930628116,1215,near_target,10,110,1,122
1215,16229.370972065264,15060.430965984675,0.9279737946656945,2574,5.8527324263389716e-05,3265,2573.861273920082,0.15860134101503295,1215,near_target,10,111,1,122
1215,16509.86663383252,15337.624126831166,0.9289974575203921,2593,5.7527812961279966e-05,3329,2592.5602129197273,0.15705759819321288,1215,near_target,10,112,1,122
1215,21183.205532206077,19973.982883182536,0.9429159742993057,2797,4.504470052813223e-05,3521,2796.9603540897633,0.1320385621405389,1215,near_target,10,113,1,122
1215,17576.894218820424,16400.050680442695,0.9330459907349488,2639,5.4079242568449724e-05,3329,2639.1101255912636,0.15014029026665565,1215,near_target,10,114,1,122
1215,15037.407925976095,13876.091332264426,0.9227714909758102,2525,6.304679586016003e-05,3201,2524.975147892711,0.16791457759407025,1215,near_target,10,115,1,122
1215,15675.389078961995,14508.16430511375,0.9255377478690605,2555,6.054119509915916e-05,3265,2555.348058858717,0.16299435931890688,1215,near_target,10,116,1,122
1215,15916.071171191177,14752.695667380185,0.9269056106059167,2561,5.961693680474567e-05,3265,2560.7453209058526,0.1609065436095516,1215,near_target,10,117,1,122
1215,15476.579015919848,14315.21699423701,0.9249600302180337,2545,6.126251682767511e-05,3265,2545.4043892107156,0.16444202542319644,1215,near_target,10,118,1,122
1215,17577.689563103202,16400.15818993695,0.9330098891018093,2639,5.4082082780015036e-05,3329,2638.893204372523,0.15013349681288293,1215,near_target,10,119,1,122
1215,15834.807594681888,14670.100722394098,0.9264464146265373,2562,5.9909057034084654e-05,3265,2562.350828752189,0.16179546133926165,1215,near_target,10,120,1,122
1215,15698.969829710733,14532.774157253685,0.9257151465919763,2557,6.043361847245008e-05,3265,2557.074974081769,0.1628769293613653,1215,near_target,10,121,1,122
1215,15325.438521902106,14158.192337383229,0.9238360336083874,2543,6.189899219731149e-05,3265,2542.7375400721444,0.16593326163983577,1215,near_target,10,122,1,122
1215,17178.916642110533,16003.3076305434,0.9315667549905113,2627,5.529723720073259e-05,3329,2626.969837228295,0.1529200039052787,1215,near_target,10,123,1,122
1215,17109.41091819267,15939.773429130128,0.9316377697247981,2611,5.553229090361345e-05,3329,2611.0131013192276,0.15260607232383952,1215,near_target,10,124,1,122
1215,15684.17368338061,14520.127813707308,0.9257821359816515,2553,6.048605509689994e-05,3265,2553.453083290202,0.16277555015252287,1215,near_target,10,125,1,122
1215,18852.17240709809,17662.943414726276,0.9369181987788286,2699,5.04904564644351e-05,3457,2698.8594010337515,0.14316652435152732,1215,near_target,10,126,1,122
1215,15090.045533854474,13928.35076928721,0.9230158211278419,2529,6.283016112925876e-05,3265,2528.849854571027,0.1675939276873748,1215,near_target,10,127,1,122
1215,15754.92509981839,14592.812833757538,0.9262381598961553,2554,6.020757102105366e-05,3265,2554.241262830388,0.1621080382051096,1215,near_target,10,128,1,122
1215,17530.749936035667,16352.2630715592,0.9327760153572207,2640,5.422023645051895e-05,3329,2640.027990540487,0.15059253081770893,1215,near_target,10,129,1,122
1215,17382.75850203773,16209.978540621722,0.9325319993786644,2628,5.4661229636892446e-05,3329,2628.3859009560256,0.15118428986354077,1215,near_target,10,130,1,122
1215,15581.649330199923,14415.454640921738,0.9251558891767704,2553,6.0885987092273706e-05,3265,2552.851447370614,0.1638465829834744,1215,near_target,10,131,1,122
1215,20500.89208265594,19263.695354168067,0.9396515662099133,2826,4.6516872254070065e-05,3585,2826.186179347451,0.1378476599265082,1215,near_target,10,132,1,122
1215,20232.57515743961,19022.028093993587,0.9401684138560633,2775,4.7112584009576964e-05,3521,2775.1493694601554,0.13715505705064043,1215,near_target,10,133,1,122
1215,16412.776235732763,15241.698393599308,0.9286484001662153,2592,5.783978039605787e-05,3329,2591.535649041658,0.15792575020652974,1215,near_target,10,134,1,122
1215,17184.560371712516,16008.4683886187,0.9315611247739698,2627,5.527876767554301e-05,3329,2627.309314130993,0.1528697821286311,1215,near_target,10,135,1,122
1215,16993.908165861914,15821.14229689918,0.9309890428077847,2617,5.588167739417277e-05,3329,2617.137200060893,0.15399636001665237,1215,near_target,10,136,1,122
1215,16184.195017337277,15015.748235526282,0.9278032190937331,2581,5.863459803109168e-05,3265,2581.31618755836,0.1594765755871769,1215,near_target,10,137,1,122
1215,17263.78624745807,16087.394494723181,0.9318578360579447,2628,5.5042017853723985e-05,3329,2628.1858258644043,0.15222616651587356,1215,near_target,10,138,1,122
1215,15093.84514783641,13934.356334601196,0.9231813496243919,2525,6.28073488683639e-05,3201,2525.3805712553217,0.16728673013860487,1215,near_target,10,139,1,122
1215,19434.4442601795,18245.618869037306,0.9388289484779322,2713,4.901855507717248e-05,3457,2712.5045018083088,0.13959750861303724,1215,near_target,10,140,1,122
1215,16907.974666280807,15734.581014669542,0.9306011704671324,2608,5.61998677837287e-05,3329,2607.8015254245156,0.15424674163967583,1215,near_target,10,141,1,122
1215,16766.249881652817,15585.934941942376,0.9296017327642211,2619,5.664568560931353e-05,3329,2618.6664958506008,0.15620666627818497,1215,near_target,10,142,1,122
1215,15554.02084964138,14392.110206150222,0.9252983743095634,2550,6.095539000266559e-05,3265,2550.462258468033,0.16394474616245572,1215,near_target,10,143,1,122
1215,15436.482774184487,14269.365643704172,0.9243922888682798,2547,6.145584875998889e-05,3265,2546.9207016624077,0.1649987265401887,1215,near_target,10,144,1,122
1215,15923.388327249635,14759.872706572936,0.9269303996885149,2563,5.957675027033056e-05,3265,2563.4508532062036,0.16095820483219314,1215,near_target,10,145,1,122
1215,17334.70185924443,16157.613375852246,0.9320964102555677,2627,5.4846044907573845e-05,3329,2626.7323250137224,0.15154572725455018,1215,near_target,10,146,1,122
1215,17756.88762949739,16582.34448998204,0.9338542224277963,2642,5.3537503749640145e-05,3393,2641.965544824084,0.14878733565960975,1215,near_target,10,147,1,122
1215,20862.014601178907,19650.804860250668,0.9419418611249656,2788,4.573499143667876e-05,3521,2788.4049484151847,0.13364001767319494,1215,near_target,10,148,1,122
1215,15513.249127109546,14344.020944093805,0.9246303483277076,2552,6.117036914558938e-05,3265,2551.5497949337437,0.16450454570089745,1215,near_target,10,149,1,122
1215,27752.708149450234,26521.1960721755,0.9556255169534101,2997,3.456369266805066e-05,3777,2997.0638839303556,0.10798946120360398,1215,near_target,10,150,1,122
1214,16564.96179011134,15404.850585413202,0.9299659595115588,2583,5.729441958233236e-05,3329,2583.167607389282,0.15593153988088,1215,near_target,10,151,1,122
1215,15369.186447013444,14209.526687099937,0.9245464446728178,2537,6.169234871779245e-05,3265,2537.2199250607655,0.1650705461051253,1215,near_target,10,152,1,122
1215,21047.983587671806,19832.399096924157,0.9422469860029898,2802,4.5335476924491245e-05,3521,2802.045668148373,0.13312439114790944,1215,near_target,10,153,1,122
1215,15934.8157016201,14767.243254376235,0.9267282114141328,2569,5.9544324064422443e-05,3265,2569.4151107193816,0.16121931047742263,1215,near_target,10,154,1,122
1215,21932.56841553073,20710.055143004516,0.9442603689014125,2834,4.3550146055340336e-05,3585,2834.472912682119,0.12921423274773458,1215,near_target,10,155,1,122
1215,15813.878526351391,14648.211736388588,0.9262883682823035,2560,6.000614987952647e-05,3265,2560.4839982279123,0.16188312030689717,1215,near_target,10,156,1,122
1215,16932.16499121372,15766.311300349855,0.931145621870042,2602,5.608553659177327e-05,3329,2602.3810065864286,0.15367202016695475,1215,near_target,10,157,1,122
1215,15692.537887255623,14526.647559055667,0.9257041571875503,2554,6.047726375965835e-05,3265,2553.6333364999473,0.1627525144976186,1215,near_target,10,158,1,122
1215,15883.965894220793,14720.395615921045,0.9267456071079138,2562,5.97240930851868e-05,3265,2561.7611706513558,0.16129473061461028,1215,near_target,10,159,1,122
1215,20207.754344754743,18998.48697400212,0.9401582506337965,2768,4.71808889208795e-05,3521,2768.2411801717794,0.1369771204051914,1215,near_target,10,160,1,122
1215,15624.222450457008,14462.928608804354,0.925673495411691,2548,6.070658089051848e-05,3265,2547.6560552283804,0.16308011538362802,1215,near_target,10,161,1,122
1215,15868.561288291206,14706.530811044302,0.9267715291805111,2558,5.978762693146303e-05,3265,2557.760348455581,0.1611992387669983,1215,near_target,10,162,1,122
1215,21260.42317353608,20047.217439567416,0.9429359555044603,2807,4.488190877410693e-05,3521,2806.948163107818,0.13202935694591508,1215,near_target,10,163,1,122
1215,15053.777086588438,13887.139495633623,0.9225020017073201,2536,6.29790492403515e-05,3265,2535.6063267100217,0.16846270443710423,1215,near_target,10,164,1,122
1215,17241.809093983713,16058.526390373358,0.9313713139288124,2637,5.5122663202999644e-05,3329,2636.511564589284,0.15294218754110578,1215,near_target,10,165,1,122
1215,15896.92608393578,14727.456652200402,0.9264342410878319,2570,5.968641971058106e-05,3265,2570.4478045206656,0.16166647479081167,1215,near_target,10,166,1,122
1215,20880.77978466463,19666.109619386934,0.9418283139899889,2796,4.5692778956209535e-05,3521,2795.750228601412,0.1339030452327002,1215,near_target,10,167,1,122
1215,21239.261743382976,20026.94242709557,0.9429208354351064,2799,4.494121632905853e-05,3521,2799.3643631072982,0.13178424155312363,1215,near_target,10,168,1,122
1215,27526.051277982173,26301.424398831514,0.955510259470808,2977,3.48477418026488e-05,3713,2976.938199440931,0.10815209090238359,1215,near_target,10,169,1,122
1215,17028.549238209725,15843.682069406774,0.9304187836422217,2630,5.581341621670477e-05,3329,2630.2747527709225,0.1544465099879819,1215,near_target,10,170,1,122
1215,16599.328817677895,15431.037421954663,0.9296181545317044,2593,5.720344303113775e-05,3329,2592.7043130519414,0.15621113531039374,1215,near_target,10,171,1,122
1215,15601.306603667414,14433.621030361692,0.9251546294826849,2557,6.080188278497315e-05,3265,2556.608126621482,0.16389652898680446,1215,near_target,10,172,1,122
1215,33118.93518075911,31874.418378560455,0.9624228014757651,3122,2.9071136999526083e-05,3905,3121.745933960315,0.09426631571819881,1215,near_target,10,173,1,122
1215,17331.64414935317,16160.985583284932,0.9324554233874038,2618,5.484611585577194e-05,3329,2617.798207695713,0.15105318211242558,1215,near_target,10,174,1,122
1215,16606.30640851793,15426.847922250428,0.9289752665491878,2613,5.7173823418394046e-05,3329,2613.1805301221198,0.15734986069266463,1215,near_target,10,175,1,122
1215,15668.72001350197,14500.513391037704,0.9254433915815967,2556,6.056757872878702e-05,3265,2555.9762720470226,0.16312755590740383,1215,near_target,10,176,1,122
1215,16791.456205923136,15618.324829824089,0.9301352210485933,2605,5.657524864179493e-05,3329,2605.479229615388,0.15513842087627241,1215,near_target,10,177,1,122
1215,24072.135787577994,22843.39890320586,0.9489560504636982,2895,3.9765952194443136e-05,3649,2894.530210629832,0.12026352898415911,1215,near_target,10,178,1,122
1215,15323.981369693262,14160.898141554615,0.9241004540478681,2540,6.187506111920571e-05,3265,2540.4034481981685,0.16575326860051143,1215,near_target,10,179,1,122
1215,20303.997081940674,19090.7717685737,0.9402469716445108,2777,4.6965266706329746e-05,3521,2777.0494275039364,0.13677109924675837,1215,near_target,10,180,1,122
1215,14949.323988424327,13788.910467582426,0.9223768565227136,2520,6.341558774636795e-05,3201,2519.9462272548717,0.16856949531305265,1215,near_target,10,181,1,122
1215,14833.832215935883,13676.08745829222,0.9219524165576104,2515,6.388097990539152e-05,3201,2514.624439380051,0.16954485957432855,1215,near_target,10,182,1,122
1215,16468.374670144578,15302.586110823628,0.9292104665656896,2587,5.763351497609882e-05,3329,2587.0317469449874,0.1570889691190933,1215,near_target,10,183,1,122
1215,16200.977855123685,15034.10189583195,0.927974967330586,2574,5.860335079874367e-05,3265,2573.910830249051,0.1588792987076365,1215,near_target,10,184,1,122
1215,16658.776382289925,15482.354429309764,0.9293812507003321,2609,5.7000526314511155e-05,3329,2608.712364846197,0.15661414380792388,1215,near_target,10,185,1,122
1215,16626.74096664014,15457.516621604664,0.9296780801853228,2596,5.710538754012245e-05,3329,2596.4553910337004,0.1561340256162413,1215,near_target,10,186,1,122
1215,15751.599378249473,14583.389567220038,0.9258354797518179,2564,6.0222124093909363e-05,3265,2564.4727313523686,0.16277712113098103,1215,near_target,10,187,1,122
1215,17437.36825053068,16259.424009851926,0.9324471317142193,2635,5.451193273518446e-05,3329,2634.8061540247486,0.15111225284353377,1215,near_target,10,188,1,122
1215,19343.65633290422,18146.869138116337,0.9381302493080326,2726,4.9238174428788035e-05,3457,2725.973327561616,0.1409247534739842,1215,near_target,10,189,1,122
1215,16986.008449215937,15808.003004072827,0.9306484835054062,2622,5.592565509146121e-05,3329,2621.7925412458935,0.1543623393241059,1215,near_target,10,190,1,122
1215,16844.41308172374,15671.874249762672,0.9303900452765982,2604,5.640815571047835e-05,3329,2603.5789021423616,0.15459131685777472,1215,near_target,10,191,1,122
1215,15019.282679077365,13859.687016470703,0.9227928731761579,2524,6.31085730737095e-05,3201,2524.4494395177326,0.16805063556837252,1215,near_target,10,192,1,122
1215,15082.503672343853,13911.377016708682,0.9223519727840268,2540,6.288686343933971e-05,3265,2539.8504476759385,0.16840705331022,1215,near_target,10,193,1,122
1215,17663.819148781615,16484.895610614865,0.9332577214340384,2647,5.3813039890696054e-05,3393,2646.504139794034,0.1498543422407368,1215,near_target,10,194,1,122
1214,15721.766455070527,14558.969512641272,0.926039039839939,2552,6.034994245899046e-05,3265,2552.128111318403,0.16232272673004491,1215,near_target,10,195,1,122
1215,15466.623553128793,14301.284734565525,0.9246546077390286,2543,6.135145773256207e-05,3265,2543.397172989113,0.16441856176719116,1215,near_target,10,196,1,122
1215,17075.754110039772,15904.688938609977,0.9314194170352184,2615,5.5626067331606774e-05,3329,2615.326678371194,0.15314111360168264,1215,near_target,10,197,1,122
1215,16711.306533304967,15540.788187319858,0.9299565031823028,2599,5.683527039710315e-05,3329,2598.8215001066237,0.15552344724335568,1215,near_target,10,198,1,122
1215,15265.05173211165,14104.427391669202,0.9239685288454705,2533,6.211376838079478e-05,3265,2533.145939075658,0.16593458341654793,1215,near_target,10,199,1,122
1205,20380.530450592913,19185.032195552994,0.9413411609703644,2732,4.686073317231334e-05,3457,2731.574848940374,0.13404950409033736,1205,near_target,20,0,1,122
1205,27497.024577068292,26210.650140356753,0.9532176860406802,3060,3.493205845075057e-05,3841,3059.898250820734,0.11128476797274821,1205,near_target,20,1,1,122
1205,22943.92973943914,21704.99178148991,0.9460014926815447,2864,4.174549881228034e-05,3585,2863.905994782993,0.12482604473273679,1205,near_target,20,2,1,122
1205,18327.22445917519,17145.41040227026,0.9355159282553951,2652,5.200057111796424e-05,3329,2652.2646151357726,0.14470276205256624,1205,near_target,20,3,1,122
1205,24854.44312816224,23623.335333794967,0.9504672952027511,2899,3.858383517072173e-05,3649,2898.9526326372174,0.11663910492990212,1205,near_target,20,4,1,122
1205,17249.334654199352,16077.032988428153,0.9320378617916255,2606,5.51688936075622e-05,3329,2606.321052186445,0.15107829097428804,1205,near_target,20,5,1,122
1205,34903.036322666405,33630.08850881761,0.9635290236046847,3168,2.7656568557918764e-05,3905,3167.7875993505777,0.09076574228995278,1205,near_target,20,6,1,122
1205,17353.865773773745,16182.298631588983,0.9324895583809742,2605,5.485662599930539e-05,3329,2605.370985427621,0.15011064589060266,1205,near_target,20,7,1,122
1205,17372.101414884997,16200.035451721606,0.9325317107486417,2607,5.480101124845291e-05,3329,2606.615691422896,0.15006820060158269,1205,near_target,20,8,1,122
1205,27459.33550058982,26213.60881448103,0.9546337643137056,2985,3.498502646239764e-05,3713,2984.704965620124,0.10870619938839682,1205,near_target,20,9,1,122
1205,16861.576823016894,15679.858442145618,0.9299164963469981,2600,5.646940724650058e-05,3329,2599.8346474157465,0.15419672948089114,1205,near_target,20,10,2,122
1205,39238.64297468724,37965.07992446453,0.9675431423292523,3242,2.464986589584977e-05,3969,3242.2918443813282,0.0826226330531208,1205,near_target,20,11,1,122
1205,24425.421793060937,23190.95795636918,0.9494598763881957,2891,3.9256896528529534e-05,3649,2890.974393258115,0.11836028972164196,1205,near_target,20,12,1,122
1205,24990.402121390784,23756.969500924646,0.9506437465681927,2889,3.8416994790355423e-05,3585,2888.9054282033026,0.11560438227311003,1205,near_target,20,13,1,122
1205,22709.476547907474,21501.100069533335,0.9467897696441848,2805,4.216655859182567e-05,3521,2804.5620127940138,0.12351671752902917,1205,near_target,20,14,1,122
1205,26888.06721684392,25639.65469709729,0.9535700164062157,2972,3.5723471716973815e-05,3713,2972.429533202073,0.11053230327162387,1205,near_target,20,15,1,122
1205,19984.17704390768,18779.472406276967,0.9397170754150231,2727,4.780557274239033e-05,3457,2727.2827178007783,0.13645795841422179,1205,near_target,20,16,1,122
1205,19604.2969744855,18414.407221426394,0.9393046455780731,2701,4.8676981115575575e-05,3393,2701.0289614254534,0.13777591736726308,1205,near_target,20,17,1,122
1205,24265.071621187275,23028.635858651152,0.9490446275272265,2886,3.9522436845019555e-05,3585,2885.9148699453444,0.11893638910507323,1205,near_target,20,18,1,122
1205,18972.410437826344,17791.247897699617,0.9377431484524614,2669,5.02614813356521e-05,3393,2668.9342513302763,0.14067796017519563,1205,near_target,20,19,1,122
1205,19499.49389473611,18283.281338193967,0.9376285065085478,2741,4.8948999358782644e-05,3457,2741.4734574623244,0.14056775087582826,1205,near_target,20,20,1,122
1205,20079.666403083964,18890.295271648705,0.9407673858937922,2721,4.751909143053284e-05,3457,2721.382032628276,0.13551021941191668,1205,near_target,20,21,1,122
1205,27884.917049219228,26613.642507786615,0.9544099579285567,3030,3.447716752078906e-05,3777,3030.3123261912037,0.10866089343754527,1205,near_target,20,22,2,122
1205,19591.60888987332,18415.779348007152,0.9399830024948108,2675,4.8716316057687196e-05,3393,2675.0328153792284,0.1365380462133805,1205,near_target,20,23,1,122
1205,22802.969891278695,21591.784840635166,0.9468847673606426,2825,4.196095674124902e-05,3521,2825.358143001762,0.12388737140246191,1205,near_target,20,24,1,122
1205,19606.176268629722,18415.287779521328,0.9392595234893486,2697,4.869511385472393e-05,3393,2696.671574329019,0.1375586939058206,1205,near_target,20,25,2,122
1205,21920.18335783723,20711.959900013186,0.9448807777699513,2794,4.362731046194268e-05,3521,2793.649563886964,0.127462437443574,1205,near_target,20,26,1,122
1205,20793.266480651746,19606.873930704533,0.942943425889763,2734,4.5924784680893114e-05,3457,2733.673700411657,0.13148487288151683,1205,near_target,20,27,1,122
1204,33411.47188132446,32144.716734993588,0.962086221438244,3138,2.886016771882172e-05,3905,3138.015201629196,0.09391983720878827,1205,near_target,20,28,1,122
1205,18081.67801972271,16890.217068241727,0.934106726699735,2650,5.273949604803239e-05,3329,2650.4756038287396,0.1465571943660038,1205,near_target,20,29,1,122
1205,21960.11057506763,20755.249352155723,0.9451341003592285,2790,4.355260762258692e-05,3521,2789.721485520242,0.12704854060104875,1205,near_target,20,30,1,122
1205,24480.421138585043,23254.695605821053,0.9499303739169727,2869,3.9200281587877606e-05,3585,2868.56838098712,0.11719569625695692,1205,near_target,20,31,1,122
1205,38244.93684991755,36970.34744521142,0.9666729896899051,3196,2.530827243926087e-05,3905,3195.8704441665427,0.08356661726340098,1205,near_target,20,32,1,122
1205,19139.434834595082,17932.739204891208,0.936952389653495,2705,4.9889836732622435e-05,3393,2705.4745165259565,0.14133123696581856,1205,near_target,20,33,1,122
1205,21859.18583477105,20645.482112948073,0.9444762613302661,2804,4.37390949351886e-05,3521,2804.403718745913,0.12827559183561735,1205,near_target,20,34,1,122
1205,20342.344093028438,19138.480423870034,0.9408198158652237,2739,4.6967794261268476e-05,3457,2738.70476085256,0.13464524970545,1205,near_target,20,35,1,122
1204,21982.05866034083,20785.098122381387,0.9455482966152323,2783,4.3489471841630624e-05,3521,2783.1395101246553,0.12660324690248323,1205,near_target,20,36,1,122
1204,24663.750945719483,23463.396591083292,0.9513312327359307,2848,3.8860684266808685e-05,3585,2848.1282443398363,0.11547310894713217,1205,near_target,20,37,1,122
1205,21023.800495437383,19819.73258876965,0.942728342245778,2760,4.5461605813403915e-05,3457,2760.0778138013948,0.13127978457553283,1205,near_target,20,38,1,122
1205,23602.98359951718,22377.390993186782,0.9480746744934624,2864,4.057990796499636e-05,3585,2864.3732904181097,0.12134059187579088,1205,near_target,20,39,1,122
1204,24710.759456157284,23477.216617153575,0.9500807394773801,2901,3.8803630344129894e-05,3649,2901.087277951349,0.11739825338622466,1205,near_target,20,40,1,122
1205,29506.121041371778,28236.03722558901,0.9569552428120955,3046,3.26378602367145e-05,3777,3046.149604926886,0.10323281720864205,1205,near_target,20,41,1,122
1205,21515.02347328822,20318.903139673057,0.944405343777561,2765,4.442647295290397e-05,3457,2765.1829466529957,0.12851484932995125,1205,near_target,20,42,2,122
1205,23211.38052172357,21999.547086304636,0.9477914105847871,2825,4.126559582020759e-05,3521,2825.2286220309534,0.12170753899605745,1205,near_target,20,43,1,122
1205,17275.25085432179,16088.545638015603,0.9313060501226063,2614,5.517468811330923e-05,3329,2614.380191139114,0.15131473470592469,1205,near_target,20,44,1,122
1205,23693.537231248152,22471.015657801476,0.9484027411561682,2858,4.043391457799999e-05,3585,2858.307235354291,0.1206236102320229,1205,near_target,20,45,1,122
1204,23829.5378830701,22615.254856666896,0.94904294693579,2856,4.01884564986822e-05,3585,2856.0375959564326,0.11985125410380155,1205,near_target,20,46,1,122
1204,18842.421390969375,17667.28276586865,0.937633353977322,2657,5.059470418854988e-05,3393,2657.3112281085673,0.14101160062546012,1205,near_target,20,47,1,122
1204,24615.567128137867,23393.91827354292,0.9503708832611665,2888,3.89282191271536e-05,3649,2887.928988683738,0.11732413009078102,1205,near_target,20,48,1,122
1205,18295.61914326284,17116.323205066168,0.9355421683758139,2643,5.209900818462814e-05,3329,2643.068829752912,0.1444608121378202,1205,near_target,20,49,1,122
1205,18155.73464646558,16978.583171377108,0.9351636550098165,2640,5.2474837648583654e-05,3329,2640.330606724296,0.14540860237313147,1205,near_target,20,50,1,122
1205,21130.519792257914,19942.454954782956,0.9437749355361217,2739,4.522752973159857e-05,3457,2739.0318325858875,0.12962293530533744,1205,near_target,20,51,1,122
1204,22971.24777206345,21747.167495599897,0.946712503882692,2845,4.1680714670576984e-05,3585,2844.914233070944,0.12385047726749764,1205,near_target,20,52,1,122
1205,19928.1345598946,18731.229226255175,0.9399389175117174,2719,4.790870149177732e-05,3457,2719.419351906128,0.1364402669917731,1205,near_target,20,53,1,122
1205,19835.26434490591,18646.88484648965,0.9400875391549063,2703,4.813076202600111e-05,3393,2702.826267988279,0.13627244653758214,1205,near_target,20,54,1,122
1205,31608.12541090158,30352.718776976195,0.9602821547432738,3086,3.0471014328434937e-05,3841,3086.0418753282975,0.09763312312522161,1205,near_target,20,55,1,122
1205,20578.574954064465,19378.716908137867,0.9416938224048592,2744,4.641602402834028e-05,3457,2744.274454596329,0.13334256653461973,1205,near_target,20,56,1,122
1205,20226.47175532743,19023.035615590485,0.940501924690846,2747,4.7197691746133846e-05,3457,2747.0812068843466,0.1358121195445998,1205,near_target,20,57,1,122
1205,32462.79236556196,31195.104205083055,0.9609495034745154,3122,2.9686024414895964e-05,3841,3122.290187704022,0.0961716405921988,1205,near_target,20,58,1,122
1205,18994.888088548152,17797.34149150812,0.9369542694088299,2690,5.023499542664479e-05,3393,2690.262736573621,0.1416170491481746,1205,near_target,20,59,1,122
1205,27254.537618735187,26021.4903834144,0.9547580937688273,2951,3.5255560605948437e-05,3713,2951.0427288906108,0.10827554814107128,1205,near_target,20,60,1,122
1205,28340.161130798362,27103.03730191933,0.956347325508513,2989,3.391702671975008e-05,3713,2988.562969300152,0.10546870168468227,1205,near_target,20,61,1,122
1205,18194.537160186126,17005.531403631685,0.9346503982988772,2654,5.239278221946816e-05,3393,2654.1127993934883,0.1458679589721891,1205,near_target,20,62,1,122
1205,17033.844669552145,15864.394212953164,0.9313454784116141,2592,5.586379603717962e-05,3265,2592.4647999109907,0.15216764331737617,1205,near_target,20,63,1,122
1204,44200.611854066694,42983.70831187038,0.9724686267643974,3205,2.1936500448652545e-05,3969,3204.977024697411,0.07251030846771236,1205,near_target,20,64,1,122
1205,21078.41967215441,19868.66241681899,0.9426068332374287,2765,4.5369493684005296e-05,3457,2765.1892045889726,0.13117681700078757,1205,near_target,20,65,1,122
1204,22465.209826150414,21233.797867740333,0.9451858243061382,2837,4.2620000430977636e-05,3585,2836.9586078755533,0.1262841532286788,1205,near_target,20,66,1,122
1205,21892.73958428122,20678.40715174661,0.9445326416157397,2793,4.371193785151035e-05,3521,2793.1900373020994,0.12757654149439332,1205,near_target,20,67,1,122
1205,24858.604897852005,23619.758238537743,0.9501642725163024,2908,3.8587951034235876e-05,3649,2907.5919294676773,0.11698162515352083,1205,near_target,20,68,1,122
1205,24336.06258057798,23108.280043212802,0.9495488420404935,2884,3.93831129936467e-05,3585,2884.4879870710142,0.11850725607114647,1205,near_target,20,69,2,122
1205,24225.47777025945,22997.588042246512,0.9493141171597299,2882,3.955942165653294e-05,3585,2881.7512035183136,0.1189656619915296,1205,near_target,20,70,1,122
1205,21330.045259131664,20124.209402757464,0.943467730999869,2777,4.480800566508535e-05,3521,2776.8975878447436,0.1301919412857847,1205,near_target,20,71,1,122
1204,19120.951211493062,17947.71912433916,0.9386415417215904,2659,4.988394288023161e-05,3393,2658.8220509067596,0.1390621193783367,1205,near_target,20,72,1,122
1205,23297.498801443093,22067.531141464697,0.947206021107201,2821,4.122090611037334e-05,3521,2821.1270818981843,0.1210859596578351,1205,near_target,20,73,1,122
1204,25993.275809444218,24769.09890945651,0.9529040930061257,2928,3.6894754124925405e-05,3649,2928.406968319408,0.11264451704606468,1205,near_target,20,74,1,122
1205,19538.34443091085,18327.699380111102,0.9380374803463679,2730,4.8857869410582315e-05,3457,2729.603253940682,0.13972524691912863,1205,near_target,20,75,1,122
1205,18516.21273958723,17317.799318194026,0.9352776165273244,2662,5.157862698949136e-05,3329,2661.885478913898,0.14376590058876923,1205,near_target,20,76,1,122
1205,20470.290969826965,19270.48439753774,0.9413879082589628,2729,4.670441376271161e-05,3457,2729.4568564655365,0.13331515433867172,1205,near_target,20,77,1,122
1205,43637.60128523402,42363.286055135846,0.970797770900176,3293,2.2216282188382215e-05,4033,3293.497911871949,0.075462443008165,1205,near_target,20,78,1,122
1205,17972.987888432748,16767.0176859342,0.9329009617107292,2661,5.3097831205680237e-05,3393,2661.0429077533504,0.1480555162290292,1205,near_target,20,79,1,122
1204,22945.39573514743,21727.16904445899,0.9469075755001088,2819,4.176868185393115e-05,3521,2818.660047704535,0.122856891750265,1205,near_target,20,80,1,122
1204,28506.879827705394,27262.530454006548,0.9563491556698014,3010,3.3713505595670725e-05,3777,3010.027496787494,0.10558854628048868,1205,near_target,20,81,1,122
1205,19211.116573477488,18023.31845722596,0.9381713128589632,2688,4.965844814427486e-05,3393,2687.77065985041,0.13991898855639673,1205,near_target,20,82,1,122
1205,23755.443251891793,22533.27409162832,0.9485520372192531,2863,4.03204935544406e-05,3585,2863.035488567276,0.1205197465541714,1205,near_target,20,83,1,122
1205,17966.48200393421,16778.85555813243,0.9338976631295031,2646,5.3045982073865655e-05,3329,2646.288981467933,0.14727424096829822,1205,near_target,20,84,1,122
1205,19153.89790493135,17963.8572374584,0.9378695306104475,2682,4.9829674114459024e-05,3393,2681.6315264048235,0.1400237180605152,1205,near_target,20,85,1,122
1205,18193.594393781095,17015.373649083238,0.9352398036805418,2639,5.238098270087767e-05,3329,2639.302457034917,0.14505105164387191,1205,near_target,20,86,1,122
1205,18837.313030066693,17646.529925373725,0.936785936359802,2676,5.0645922870588137e-05,3393,2675.513212078036,0.14205847700936813,1205,near_target,20,87,1,122
1205,19905.269078504363,18714.408080414538,0.9401735794983133,2711,4.795587454913527e-05,3393,2711.2224801941134,0.13619509433949828,1205,near_target,20,88,1,122
1205,20803.451823489784,19613.3116404797,0.942791215943007,2730,4.593479838814753e-05,3457,2730.2359479276897,0.13122822227595313,1205,near_target,20,89,1,122
1205,20173.893838902943,18968.813060486766,0.9402653355847287,2735,4.735575188014588e-05,3457,2735.4348852088438,0.13557124974683268,1205,near_target,20,90,1,122
1205,17352.300294365403,16174.819235138762,0.9321426531784383,2614,5.4869111049206187e-05,3329,2613.839660729668,0.15064285170588085,1205,near_target,20,91,1,122
1205,23940.74586270043,22712.203515641308,0.9486840404177554,2859,4.0062905209577756e-05,3585,2859.109984123568,0.11941983831231877,1205,near_target,20,92,1,122
1205,18151.35944056961,16948.94440698149,0.9337561994998217,2673,5.253580096732886e-05,3393,2673.1806680927366,0.14726169732640798,1205,near_target,20,93,2,122
1205,33731.54154483037,32481.48618264773,0.9629410544276114,3128,2.857406867691272e-05,3905,3128.4084268207116,0.09273219831482594,1205,near_target,20,94,2,122
1205,23938.3431394343,22641.184506517468,0.9458125140340232,2995,4.003576017322175e-05,3777,2995.4836214850648,0.12511308667249627,1205,near_target,20,95,1,122
1205,23310.78475123553,22043.511800491906,0.9456357662658073,2906,4.113827560618799e-05,3649,2906.3259049533913,0.12466332776917666,1205,near_target,20,96,1,122
1204,25365.136034393094,24135.8840107046,0.9515377318685883,2907,3.782136478364782e-05,3649,2907.3976915890785,0.11460612693179886,1205,near_target,20,97,1,122
1205,35899.92917640705,34641.55987375183,0.9649478611372246,3176,2.688400978997136e-05,3905,3175.909619294073,0.08846814110394469,1205,near_target,20,98,1,122
1205,22923.19743390572,21700.031439180148,0.9466406901457654,2844,4.176066770364972e-05,3585,2843.508996815308,0.12406646185376553,1205,near_target,20,99,1,122
1205,19186.893098710385,18008.841446435978,0.938601229171721,2666,4.972819517239384e-05,3393,2665.818202030165,0.1389490203694933,1205,near_target,20,100,1,122
1205,23975.71857183835,22736.614702564664,0.9483183844704814,2887,3.9982729120182874e-05,3585,2887.275476473203,0.12041349214830384,1205,near_target,20,101,1,122
1205,31811.623445097495,30577.988775911952,0.9612206314677832,3062,3.026706146683888e-05,3777,3062.193100528601,0.0962541256432446,1205,near_target,20,102,1,122
1205,19915.175983971174,18723.5526763736,0.9401650626358182,2712,4.793551771752321e-05,3393,2711.9303181541204,0.13617755636117734,1205,near_target,20,103,1,122
1205,42366.586428211216,41111.72447049873,0.9703808575694715,3260,2.2857889719267534e-05,4033,3259.9611455054164,0.07694743133303794,1205,near_target,20,104,1,122
1205,22055.7986668509,20856.772967307294,0.945636713607397,2780,4.336983789427748e-05,3521,2779.9178122679714,0.12604395070844765,1205,near_target,20,105,1,122
1205,18324.155578215574,17138.037332756674,0.9352702371251966,2644,5.207130037527505e-05,3329,2644.3265858178524,0.1442904142957225,1205,near_target,20,106,1,122
1205,22033.151445837342,20823.916547059507,0.9451174789157866,2792,4.342902601876373e-05,3521,2792.2900295125946,0.1267181413817897,1205,near_target,20,107,1,122
1205,18294.88521884366,17116.89440600054,0.9356109208255762,2643,5.209449221570451e-05,3329,2642.5035512370387,0.14446660738148387,1205,near_target,20,108,2,122
1204,19929.737942104686,18731.83404731674,0.9398936454524479,2712,4.793821652125221e-05,3393,2711.9605105988007,0.13607805621319666,1205,near_target,20,109,1,122
1205,20709.68410569137,19501.811967405174,0.9416759747699748,2750,4.616868681535594e-05,3457,2749.5233799543685,0.13278811912173272,1205,near_target,20,110,1,122
1205,34058.48374344638,32773.37007765671,0.96226744339325,3167,2.8338235131592174e-05,3905,3166.9789455479527,0.09298711075502304,1205,near_target,20,111,1,122
1205,20976.377114825136,19786.376735898768,0.9432694991889076,2732,4.557311766878767e-05,3457,2731.5883729857605,0.13024174694443058,1205,near_target,20,112,1,122
1205,26407.063313613686,25133.38139014887,0.951767377222586,3005,3.6365411721055234e-05,3777,3004.740708970671,0.11379531166764864,1205,near_target,20,113,1,122
1205,17273.1428162745,16076.615509394203,0.9307290329497567,2627,5.5200454107304724e-05,3329,2626.610254612113,0.1520858148364801,1205,near_target,20,114,1,122
1205,21645.232980706893,20442.751035895195,0.9444458765639756,2771,4.4192921022174434e-05,3457,2771.4547479571643,0.12801895006026884,1205,near_target,20,115,1,122
1205,21116.006042663885,19924.16153470354,0.9435572946156446,2743,4.526251116387516e-05,3457,2743.1596612517174,0.12990145932227426,1205,near_target,20,116,1,122
1205,17961.064860425035,16779.149910078497,0.9341957194892859,2634,5.307073099970225e-05,3329,2633.7383066464363,0.1466505477525272,1205,near_target,20,117,1,122
1205,24294.037099451605,23074.56640859828,0.9498037034412509,2872,3.9441666399009045e-05,3585,2872.3525278389607,0.11821830963058957,1205,near_target,20,118,1,122
1205,32332.148715486423,31075.124254796523,0.9611215304076648,3103,2.9800743705258445e-05,3841,3103.4047273624324,0.09597258837652593,1205,near_target,20,119,1,122
1205,17753.947292231307,16574.777673148696,0.9335826788446878,2625,5.367134181736221e-05,3329,2624.7738973396536,0.14785444367904796,1205,near_target,20,120,1,122
1205,18715.8347068911,17511.683737835177,0.9356613804345816,2693,5.098578570714743e-05,3393,2692.620584330811,0.14388885359243142,1205,near_target,20,121,1,122
1205,22817.6034160454,21605.316206767566,0.9468705285487892,2808,4.198678406063516e-05,3521,2808.163773715817,0.12306288039108466,1205,near_target,20,122,1,122
1205,24134.20597564296,22885.14853099061,0.948245347457756,2897,3.975447711365884e-05,3649,2896.943307802713,0.12003709601731867,1205,near_target,20,123,1,122
1205,27301.48379232822,26052.82001307494,0.9542638858476931,2987,3.518274162571104e-05,3713,2986.724115187165,0.10940797294099282,1205,near_target,20,124,1,122
1205,20099.8198999327,18897.496121212254,0.940182360602919,2728,4.753366210089231e-05,3457,2727.9863283900936,0.13572260913686765,1205,near_target,20,125,1,122
1205,21855.865764663355,20664.183349572842,0.9454753964943714,2759,4.376832887224629e-05,3457,2759.2703931998653,0.12623613402955475,1205,near_target,20,126,1,122
1205,19248.841350365816,18056.116168737903,0.9380365207485465,2688,4.958829668091822e-05,3393,2688.1382117693597,0.1396447687979368,1205,near_target,20,127,1,122
1205,37532.858638750346,36267.9638910813,0.9662990032322473,3194,2.575404992574637e-05,3969,3194.4359992871696,0.08509876720933783,1205,near_target,20,128,1,122
1205,17969.945899381477,16786.09794250498,0.9341206721764674,2644,5.301428059868336e-05,3329,2644.168670259602,0.14713455537398173,1205,near_target,20,129,1,122
1205,20307.59647390629,19100.174651181896,0.940543341784645,2747,4.703561686412212e-05,3457,2746.796338531328,0.13526957774297343,1205,near_target,20,130,1,122
1205,33990.134395732115,32751.9720534107,0.9635728906539163,3104,2.8368986230844363e-05,3841,3104.2311161429793,0.09132061567811117,1205,near_target,20,131,1,122
1205,19789.91006472588,18585.927514041177,0.9391617977673019,2725,4.824774019303637e-05,3457,2725.259746890812,0.13769643172139123,1205,near_target,20,132,1,122
1205,17586.014583014832,16406.28756455127,0.9329167496765877,2622,5.417011646719758e-05,3329,2622.2208958861142,0.14909574807997808,1205,near_target,20,133,1,122
1205,19920.51805787803,18722.273716108546,0.939848735947125,2718,4.7942554217784854e-05,3457,2717.848273474015,0.13644223469003125,1205,near_target,20,134,1,122
1205,22808.634918145202,21584.48640015035,0.9463296018201863,2835,4.198351701137344e-05,3585,2834.8651623598334,0.12429503169190724,1205,near_target,20,135,1,122
1204,17608.12884290644,16436.496688006482,0.9334607234333159,2613,5.407828081143339e-05,3329,2613.3674880533804,0.14839736938048734,1205,near_target,20,136,1,122
1205,20175.129813428488,18920.619081248195,0.937818951165048,2782,4.7495463021833824e-05,3457,2781.6431214194863,0.13789254521417313,1205,near_target,20,137,1,122
1205,21116.10382438517,19900.668965621062,0.9424403825216797,2762,4.532998437688019e-05,3457,2762.3420027488537,0.13080064499448066,1205,near_target,20,138,1,122
1205,20096.87395490094,18885.24187600084,0.9397104205550025,2737,4.755883833795404e-05,3457,2737.3691211163514,0.1361903351805886,1205,near_target,20,139,1,122
1205,16776.311778409578,15599.527906202313,0.929854434767853,2589,5.6749176285985004e-05,3265,2589.2039161865773,0.1543247427799915,1205,near_target,20,140,1,122
1205,25673.55626954586,24446.86324814368,0.9522195909081247,2919,3.735647853001554e-05,3649,2919.4378585360787,0.11369675355270266,1205,near_target,20,141,1,122
1205,25826.936627375366,24588.900097805148,0.9520641356955221,2919,3.718574272299384e-05,3649,2918.900946726971,0.113021534149195,1205,near_target,20,142,1,122
1205,22779.54014160489,21556.093150635876,0.9462918485902841,2838,4.2024293712640183e-05,3585,2837.803811184465,0.12458548251448827,1205,near_target,20,143,1,122
1205,21802.94600323976,20572.96686357922,0.9435865621334946,2814,4.3908258535475106e-05,3521,2814.0291827747587,0.129065127234726,1205,near_target,20,144,1,122
1205,20085.95646651019,18886.754887428175,0.9402965160717403,2716,4.758172553876355e-05,3393,2715.679226695862,0.13521885325841734,1205,near_target,20,145,1,122
1205,21518.668003910185,20318.053448879087,0.9442059074096533,2766,4.443899371968273e-05,3457,2766.3718448526047,0.1285395545624565,1205,near_target,20,146,1,122
1205,21148.39259965215,19934.979189249683,0.9426238469574078,2779,4.5202367953004917e-05,3521,2778.6755741776724,0.13140478582025705,1205,near_target,20,147,1,122
1205,25808.93357384349,24583.562760881185,0.9525214472943517,2902,3.720183687836746e-05,3649,2902.3636764027788,0.11244168580995079,1205,near_target,20,148,1,122
1205,17791.872216601245,16604.94864772528,0.9332884389890981,2634,5.35858338891426e-05,3329,2634.1647787023717,0.14804512801875153,1205,near_target,20,149,1,122
1205,20701.045195615174,19499.988002409038,0.9419808429063987,2744,4.6162986383050776e-05,3457,2744.3401334148753,0.13255369350052068,1205,near_target,20,150,1,122
1205,19362.928881489137,18154.096334527563,0.9375697470997163,2718,4.930687059527545e-05,3457,2717.630828691018,0.14037132587923692,1205,near_target,20,151,2,122
1205,19348.4049182378,18154.352750419082,0.9382867904168574,2701,4.931744661372077e-05,3393,2701.2052674994275,0.1395980708184393,1205,near_target,20,152,1,122
1205,18795.06938873936,17588.11549266947,0.9357834828323107,2697,5.077357787814884e-05,3393,2696.845471577182,0.14349508076920675,1205,near_target,20,153,1,122
1205,24765.06685725532,23526.924892595307,0.9500044973915636,2890,3.876298309181168e-05,3585,2889.8659790009992,0.11669663630055288,1205,near_target,20,154,1,122
1205,20106.49002654996,18916.46433597241,0.9408138521936867,2707,4.751227888125021e-05,3393,2707.117391887829,0.1346331456373288,1205,near_target,20,155,1,122
1205,20325.429434192443,19118.628157008934,0.9406260378856562,2739,4.702325176176718e-05,3457,2738.970973335147,0.13475730039889433,1205,near_target,20,156,1,122
1205,17769.771384074298,16591.017993639492,0.9336652472923072,2623,5.3631768174527774e-05,3329,2623.0822040837716,0.14761022768986193,1205,near_target,20,157,1,122
1205,20195.084474542284,18993.60475428503,0.9405063285686263,2733,4.729460073427695e-05,3457,2733.326021520342,0.13532996128068647,1205,near_target,20,158,1,122
1205,17733.547663301164,16559.5556272997,0.9337982417116123,2623,5.3694477717062365e-05,3329,2623.4194266166664,0.14791174613234265,1205,near_target,20,159,1,122
1204,19695.298998217506,18511.311797353555,0.9398847815932571,2693,4.846119762887074e-05,3393,2692.965436897426,0.1367331361785229,1205,near_target,20,160,1,122
1205,19141.298521260367,17941.14700421638,0.9373004127326591,2705,4.9834094077476364e-05,3393,2705.225622970166,0.14131747629323782,1205,near_target,20,161,1,122
1204,18435.327141494898,17239.372657898217,0.9351270267992813,2658,5.179881458506465e-05,3329,2657.5692300721184,0.14417970343565414,1205,near_target,20,162,1,122
1205,19799.418243758126,18603.167841430863,0.9395815378209718,2713,4.822317000175984e-05,3393,2712.850150510686,0.13702422801514827,1205,near_target,20,163,1,122
1204,21304.617268568632,20088.979649464683,0.942940180347787,2782,4.4894539742857295e-05,3521,2782.127523513714,0.1305820219593605,1205,near_target,20,164,1,122
1205,20556.212770635484,19351.93504730231,0.9414153892659897,2755,4.646017010811767e-05,3457,2754.552620940913,0.13402274196808825,1205,near_target,20,165,1,122
1205,20762.985502764404,19555.89136934806,0.94186317120649,2764,4.600447009417978e-05,3457,2764.17856255021,0.13312151085555582,1205,near_target,20,166,1,122
1203,20090.318111197314,18910.951035391256,0.9412967445672878,2691,4.754158495079481e-05,3393,2691.380059682932,0.13394511650366425,1205,near_target,20,167,1,122
1205,43245.43186998565,41978.43316813097,0.9707021378428171,3274,2.2415659101292487e-05,4033,3273.660979524426,0.07570741829664346,1205,near_target,20,168,1,122
1204,34237.313791131615,32960.70756918251,0.9627130145274486,3162,2.8185744513737508e-05,3905,3162.0861271106496,0.09235537633852113,1205,near_target,20,169,1,122
1205,22102.233415517407,20872.303098017932,0.9443526681499992,2834,4.3283827724724196e-05,3585,2833.974200072332,0.12822233602918706,1205,near_target,20,170,1,122
1205,20166.418989893453,18969.59811939545,0.9406527816813784,2735,4.73246754197665e-05,3457,2735.128012998222,0.13562150034523557,1205,near_target,20,171,1,122
1204,18867.375930694805,17672.677762455238,0.9366791559871372,2690,5.053608356345687e-05,3393,2690.010582685317,0.14257414543925603,1205,near_target,20,172,1,122
1205,19367.93856686823,18182.00493204844,0.9387682054687788,2693,4.923904462076614e-05,3393,2692.940944410238,0.13904422459325544,1205,near_target,20,173,1,122
1205,37945.579393958404,36675.108050206276,0.9665185941539634,3210,2.5479089112716268e-05,3969,3210.304007996552,0.08459483426707375,1205,near_target,20,174,1,122
1205,22553.062897112777,21348.536762900418,0.9465914612260243,2808,4.2417056947142325e-05,3521,2807.6066278009625,0.12450637027928821,1205,near_target,20,175,1,122
1205,32891.53522443958,31623.928692335747,0.9614610104559073,3132,2.9303712986756776e-05,3905,3131.516671216624,0.09522206788550303,1205,near_target,20,176,1,122
1205,22437.480839862437,21202.301191893344,0.9449501636665614,2842,4.2674431870536096e-05,3585,2842.3493948533783,0.12666306080809667,1205,near_target,20,177,1,122
1205,19972.185970614104,18774.70427259314,0.940042532160332,2723,4.780056552994005e-05,3457,2723.324381832946,0.13633960769274137,1205,near_target,20,178,1,122
1205,19030.941211745045,17844.426186454504,0.9376533713131184,2671,5.015136354930384e-05,3393,2670.813083280927,0.1403503888894144,1205,near_target,20,179,1,122
1204,29404.934078168975,28185.645329513172,0.9585345525545308,2989,3.269640505436485e-05,3713,2988.8121758860225,0.10164960724122538,1205,near_target,20,180,1,122
1205,18782.72542274234,17601.911134631726,0.9371329633195367,2667,5.074904482467432e-05,3393,2666.5134339135707,0.14199217312577894,1205,near_target,20,181,1,122
1205,16700.75683169889,15528.467006115396,0.929806185588043,2585,5.6974231425237874e-05,3265,2584.6664402735637,0.1547834044917975,1205,near_target,20,182,1,122
1205,19809.82741225916,18619.804663810344,0.9399276569309039,2711,4.817252492079837e-05,3457,2711.1653620043276,0.1368512679884489,1205,near_target,20,183,2,122
1205,21835.874067421835,20622.151907316864,0.9444161403222328,2799,4.380375056132128e-05,3521,2799.1856456070764,0.1281835566260196,1205,near_target,20,184,1,122
1205,22568.90608709311,21325.877211066352,0.9449229452579613,2864,4.241812232214153e-05,3585,2864.3386334127686,0.1269002577682703,1205,near_target,20,185,1,122
1205,17613.678397658667,16433.15369675931,0.932976822089798,2623,5.40875959831463e-05,3329,2623.0540844580887,0.14891835429155262,1205,near_target,20,186,1,122
1205,20653.68608018198,19448.383002090264,0.9416422292169798,2750,4.626909366014921e-05,3457,2749.906639766198,0.13314814553314688,1205,near_target,20,187,1,122
1205,20235.57668215378,19044.10627505481,0.9411200171947779,2713,4.721820480696446e-05,3393,2712.5087648448634,0.13407080226147727,1205,near_target,20,188,1,122
1205,19064.865933874462,17882.86822366451,0.9380012576899491,2670,5.003600871410784e-05,3393,2670.0345071465877,0.14004819175024688,1205,near_target,20,189,1,122
1203,25753.22440549389,24524.360667247467,0.9522831114699458,2914,3.726841941487042e-05,3649,2913.719480715535,0.11315087983228855,1205,near_target,20,190,1,122
1205,19427.485661068673,18230.574466884078,0.9383908337359825,2703,4.912803809246488e-05,3393,2702.9859104667667,0.13913277544796357,1205,near_target,20,191,1,122
1205,17744.230696476,16566.443805459232,0.9336242347632081,2625,5.3691978564939554e-05,3329,2625.142013998318,0.14793540756440485,1205,near_target,20,192,1,122
1205,17220.40952862778,16043.000001401351,0.931627089049824,2607,5.530389239506469e-05,3329,2606.582725047038,0.15139012784022568,1205,near_target,20,193,1,122
1204,29429.331513630168,28184.11083638096,0.9576877688617398,3016,3.2700631155497314e-05,3777,3016.251675374709,0.10248278995406819,1205,near_target,20,194,1,122
1205,20009.75730145345,18820.471951856736,0.9405647289130125,2712,4.7703844235913064e-05,3457,2712.400411882922,0.13553387775487952,1205,near_target,20,195,1,122
1205,17825.126346168003,16650.03082598822,0.9340764549232828,2632,5.340882638641026e-05,3329,2631.503653237516,0.147656737398993,1205,near_target,20,196,2,122
1205,21848.861764631394,20640.040219034057,0.9446734773362813,2791,4.37751076576302e-05,3521,2790.678666120555,0.1277412082179049,1205,near_target,20,197,1,122
1205,20129.24586114334,18925.990857319655,0.9402235427932053,2731,4.7459906777746986e-05,3457,2731.374293831124,0.1356732397646257,1205,near_target,20,198,1,122
1205,29335.166765769594,28085.507993634077,0.9574006590072053,3024,3.279745013762248e-05,3777,3024.087848666478,0.10308446596351459,1205,near_target,20,199,1,122
1195,40879.59480446415,39592.30266747393,0.9685101541943453,3264,2.370084465924792e-05,4033,3264.080053265747,0.07984423562935031,1195,near_target,30,0,1,122
1195,25211.91278780881,23998.70704763266,0.9518796629836512,2850,3.811312097465212e-05,3585,2849.8922577551443,0.11304179988192384,1195,near_target,30,1,1,122
1191,36173.184672684874,34919.86507111593,0.9653522460654299,3129,2.6731456370816302e-05,3841,3128.9647215633486,0.0865005397869426,1195,near_target,30,2,1,122
1194,22660.131179830612,21458.645974869145,0.9469780119353021,2774,4.231104358462506e-05,3457,2773.9492228783806,0.12241764965902267,1195,near_target,30,3,1,122
1193,30026.768611735046,28764.247187947203,0.9579534701148487,3003,3.2149285397203584e-05,3713,3003.050006063065,0.10001076169169829,1195,near_target,30,4,1,122
1195,25865.738171941906,24636.096506701644,0.9524606003097129,2896,3.7155523371809927e-05,3585,2895.7811862034514,0.11196278183707366,1195,near_target,30,5,1,122
1195,27863.5798857938,26643.530277086684,0.9562134652579529,2938,3.452759050051872e-05,3713,2937.889310439524,0.10544230181628365,1195,near_target,30,6,1,122
1194,37369.896549801386,36074.133969448856,0.9653260324489868,3206,2.5910167289868794e-05,3969,3205.998996858991,0.08579097872876074,1195,near_target,30,7,1,122
1194,22188.48501869883,20968.101578397105,0.9449992444606617,2805,4.318190987715576e-05,3521,2804.7419732820536,0.12641692290555898,1195,near_target,30,8,2,122
1194,28700.519165070382,27414.90408174757,0.9552058596595892,3045,3.356390189947702e-05,3777,3044.9122506485564,0.10609564177173074,1195,near_target,30,9,1,122
1194,25046.46426070715,23819.06751668899,0.9509952090944949,2863,3.837679441411117e-05,3585,2863.07964999729,0.11430755136530266,1195,near_target,30,10,1,122
1194,24420.718916061058,23199.744558888022,0.950002521982675,2844,3.932614057153615e-05,3521,2843.7743489038976,0.1164584879657066,1195,near_target,30,11,1,122
1195,43897.18794167567,42494.652818594186,0.9680495451110679,3443,2.2148255103100474e-05,4161,3442.5667589100444,0.078433270135084,1195,near_target,30,12,1,122
1195,37248.46322273658,35922.03516678348,0.9643897239995811,3242,2.6004119305157757e-05,3969,3242.3624256609505,0.08703714783113718,1195,near_target,30,13,1,122
1195,28499.05251755252,27282.464441657066,0.9573112799049667,2922,3.3797889822539337e-05,3649,2922.460452396883,0.10252972438997209,1195,near_target,30,14,1,122
1195,25540.47073350621,24269.427055927976,0.9502341326892316,2953,3.763513507165017e-05,3649,2953.092277750553,0.11562042183216295,1195,near_target,30,15,1,122
1193,45856.89317905759,44591.22791234483,0.9723996725689482,3225,2.1215936707679358e-05,3969,3224.943263205664,0.07032748571533902,1195,near_target,30,16,1,122
1193,35729.85715341809,34478.85405132469,0.964987178741807,3132,2.70435727503038e-05,3905,3131.646834363051,0.0876577811814839,1195,near_target,30,17,1,122
1194,31598.8484269267,30299.23357914844,0.95887144904082,3118,3.054727850184681e-05,3841,3117.523562736425,0.09867448198976207,1195,near_target,30,18,1,122
1195,25447.584923021346,24210.122255255905,0.9513720979217183,2905,3.7745784131235155e-05,3649,2904.870531917842,0.11415621595477889,1195,near_target,30,19,2,122
1195,28928.601939357464,27660.649114616834,0.9561695782119503,2997,3.3339439833354634e-05,3713,2996.696117071759,0.10359989073383359,1195,near_target,30,20,2,122
1195,33036.788208200946,31733.020279661963,0.9605358753301769,3161,2.923052895976122e-05,3905,3160.6779201844806,0.09568121392670137,1195,near_target,30,21,1,122
1195,24579.98922961962,23347.238062694618,0.9498473674903202,2856,3.910486880072662e-05,3585,2855.872431237538,0.11619207695007591,1195,near_target,30,22,1,122
1195,40342.24962771223,38992.23319742042,0.9665359159999731,3367,2.4006031976972408e-05,4161,3367.2398226754203,0.08346088854913813,1195,near_target,30,23,1,122
1195,20426.757458838987,19237.575071787083,0.9417831053485523,2700,4.684075789442165e-05,3393,2699.6355910771535,0.1321795691479984,1195,near_target,30,24,1,122
1194,29228.737422775215,27978.071033089185,0.957211070338211,2989,3.2974424554492067e-05,3713,2988.638133544821,0.10226237133564833,1195,near_target,30,25,1,122
1195,30765.177828117976,29554.21678271076,0.9606385813151239,2984,3.130884930469324e-05,3713,2983.6173594859342,0.09699277594530137,1195,near_target,30,26,1,122
1195,32792.76342603638,31488.276414171098,0.960220278025439,3146,2.945625640712054e-05,3905,3146.109504410221,0.0959358001985944,1195,near_target,30,27,1,122
1194,30801.25183129041,29517.21564567604,0.9583122078074131,3093,3.129810694980094e-05,3841,3093.093954216344,0.10041799654577285,1195,near_target,30,28,1,122
1195,35826.113160072506,34545.242108171595,0.9642475574679863,3196,2.6961352263145406e-05,3969,3196.090427192159,0.08920867261598109,1195,near_target,30,29,1,122
1195,35667.47118864691,34381.58962286263,0.963948059031626,3165,2.7116654044265134e-05,3905,3164.9704139703563,0.08873631615934217,1195,near_target,30,30,1,122
1195,25231.849904581246,23994.36538671607,0.9509554581790496,2891,3.808346981776314e-05,3585,2891.32069253832,0.114577409541228,1195,near_target,30,31,2,122
1195,27537.504091246283,26286.04106719659,0.9545542319339133,2939,3.499661659339151e-05,3649,2939.308293579765,0.10672717433873244,1195,near_target,30,32,1,122
1195,33359.300052619416,32084.428809357974,0.9617836333121343,3118,2.894815378249534e-05,3841,3118.3369370946066,0.09346718891229167,1195,near_target,30,33,1,122
1195,37472.239719579346,36141.64513275931,0.9644911914319123,3259,2.5852740673803542e-05,3969,3258.518598330252,0.08697104908562922,1195,near_target,30,34,1,122
1195,23751.131078580274,22519.060210537395,0.9481258023474086,2873,4.035884098112653e-05,3585,2872.9810596076973,0.1209626602831975,1195,near_target,30,35,2,122
1195,35004.05476495466,33649.97263927421,0.9613164207754546,3244,2.7666994717869565e-05,3969,3244.030245188188,0.09267497784993259,1195,near_target,30,36,2,122
1194,26851.21001982026,25586.16023985706,0.9528866751617748,2975,3.582812156989858e-05,3713,2974.709106747511,0.11079575176701531,1195,near_target,30,37,1,122
1195,28213.215901094703,26988.803594129346,0.9566014625465703,2932,3.4130200874419115e-05,3649,2931.7039441438437,0.10392292783206736,1195,near_target,30,38,1,122
1194,24930.482197290366,23660.708787498213,0.9490674348075722,2942,3.8537401158883564e-05,3649,2941.539506191219,0.11800814668236777,1195,near_target,30,39,1,122
1195,27819.6349138949,26567.319872449218,0.9549844904391539,2977,3.4591955013874204e-05,3713,2976.946012138984,0.10701075011279519,1195,near_target,30,40,1,122
1193,31562.373863099725,30319.985410645975,0.9606370402352323,3022,3.057228293407885e-05,3713,3022.2788323011277,0.0957469172980391,1195,near_target,30,41,1,122
1194,30338.319962879483,29038.17157809389,0.9571450104562021,3114,3.176684943625496e-05,3841,3113.775931854654,0.10264246681458108,1195,near_target,30,42,1,122
1195,23385.92470707443,22158.589144427704,0.9475181940410743,2815,4.1075649585923336e-05,3521,2815.3155294464777,0.12037154977876242,1195,near_target,30,43,1,122
1195,26170.012050849626,24912.690229374533,0.9519556269583654,2948,3.6740566734317465e-05,3649,2948.374441898622,0.11264801843697628,1195,near_target,30,44,1,122
1194,26431.666882294936,25216.113205602283,0.9540114635181453,2895,3.635208816503459e-05,3585,2895.113998461931,0.10952771207703117,1195,near_target,30,45,1,122
1194,26586.774370177758,25390.02165630433,0.9549869157796058,2868,3.614314383090548e-05,3585,2867.517800448001,0.10787318386456915,1195,near_target,30,46,1,122
1194,29597.741272928743,28339.630494969373,0.9574930138635246,3030,3.253927461289485e-05,3777,3030.449042697975,0.10237267675460618,1195,near_target,30,47,1,122
1195,36070.23947376953,34782.27763060049,0.9642929500341784,3179,2.681765850929463e-05,3905,3179.3155123008037,0.08813359840074768,1195,near_target,30,48,1,122
1194,26993.525065446865,25746.698269950226,0.9538101528987541,2952,3.5629427375657806e-05,3649,2952.049711725691,0.10935955911066671,1195,near_target,30,49,1,122
1195,52520.64055928462,51179.6803610073,0.9744679390045964,3436,1.8566313095679603e-05,4161,3435.9644835146532,0.06542189819869938,1195,near_target,30,50,1,122
1195,28316.5537212042,27037.301025757894,0.9548231501600999,2998,3.407865905465037e-05,3713,2998.2497523289426,0.10587446585193087,1195,near_target,30,51,1,122
1195,20790.056016399012,19593.03111471495,0.9424231997864817,2726,4.6025195826375996e-05,3457,2726.2010978742537,0.13112037783110134,1195,near_target,30,52,1,122
1195,44942.04664602234,43666.494495412204,0.971617844628733,3260,2.1618059518458767e-05,3969,3260.190967484157,0.07253786249826989,1195,near_target,30,53,1,122
1195,26860.534327831076,25640.55937909465,0.9545811362556414,2887,3.583174581730336e-05,3585,2886.5660968629513,0.10748110833404699,1195,near_target,30,54,3,122
1193,33607.01067758548,32289.177511524653,0.9607869566649744,3178,2.876062108862455e-05,3905,3178.2923941803974,0.09456360253188474,1195,near_target,30,55,1,122
1194,29951.90852544032,28697.093599242366,0.958105677134659,3030,3.216419901998029e-05,3777,3030.230420897946,0.1011621679275096,1195,near_target,30,56,1,122
1195,26270.57590738685,25041.780116504542,0.9532253957730409,2910,3.658085732454416e-05,3649,2909.7773767069502,0.11077031619933982,1195,near_target,30,57,1,122
1195,26144.118159210233,24933.726370395838,0.9537030936961249,2864,3.6778966554234564e-05,3585,2863.797877458575,0.10954662852114788,1195,near_target,30,58,1,122
1195,36098.747973529615,34779.96369896225,0.9634673126188643,3249,2.6780909420140886e-05,4033,3249.2914853543366,0.09000312150389309,1195,near_target,30,59,1,122
1193,24487.244034410905,23218.889852521144,0.9482034736082429,2901,3.9290692607889916e-05,3585,2901.428227879841,0.11846984478626281,1195,near_target,30,60,1,122
1195,36820.45666092168,35562.6490966806,0.9658394360552292,3169,2.624744969472322e-05,3905,3168.930927129259,0.08606628725936813,1195,near_target,30,61,1,122
1195,38482.03854472947,37126.73755398306,0.9647809460725144,3371,2.513353730547521e-05,4161,3371.123962161865,0.08759930937862685,1195,near_target,30,62,1,122
1195,30273.039708487395,29035.92219171839,0.9591346779615869,3006,3.1825597435457816e-05,3713,3005.967345785908,0.09929627249017987,1195,near_target,30,63,1,122
1195,25926.079076941467,24674.27386683287,0.9517163699765945,2940,3.707137524520744e-05,3649,2939.900679232692,0.11339933012141516,1195,near_target,30,64,1,122
1194,29957.132113641273,28667.97014909262,0.9569664425934277,3064,3.2208977745940825e-05,3777,3064.3665152357344,0.10227948350919672,1195,near_target,30,65,1,122
1195,38948.96711348377,37643.043411207436,0.9664709028490711,3244,2.487759027367755e-05,3969,3244.0960861725234,0.08328847310759513,1195,near_target,30,66,2,122
1192,32560.156702352175,31305.055286598006,0.9614528447381981,3055,2.966365969429504e-05,3777,3055.1235843361956,0.09382632976638297,1195,near_target,30,67,1,122
1193,36418.220939681836,35154.0046849859,0.9652861611007904,3204,2.6502871511623808e-05,3969,3204.438222919544,0.08797793844204163,1195,near_target,30,68,1,122
1194,42665.273235790155,41329.576472796005,0.968693584695628,3339,2.2753742455138064e-05,4097,3338.8968006984346,0.07826036836907092,1195,near_target,30,69,1,122
1195,22996.951635873134,21793.78602042647,0.9476815173377224,2792,4.168349329884173e-05,3521,2791.5449368398986,0.12140739538908,1195,near_target,30,70,1,122
1194,26973.449904913374,25692.91706458837,0.9525261750039714,2987,3.570905414912735e-05,3713,2986.633730527703,0.11073852290047259,1195,near_target,30,71,1,122
1195,30123.92468370528,28889.774391241834,0.9590308930386143,2989,3.199589394970955e-05,3713,2988.988126728695,0.09922345880836764,1195,near_target,30,72,1,122
1195,22048.493904050985,20823.368601696253,0.9444349665021955,2795,4.3488304129471425e-05,3521,2795.126201600757,0.12676602819961652,1195,near_target,30,73,1,122
1194,44220.347252819156,42916.8940029263,0.9705236767490614,3324,2.1950940401340402e-05,4097,3324.0898295915617,0.07516901622223436,1195,near_target,30,74,1,122
1195,24864.111003700316,23621.779519005282,0.9500351536996376,2892,3.863228048528752e-05,3585,2892.192777795583,0.1163122220444402,1195,near_target,30,75,1,122
1189,32171.034177048,30949.822080170452,0.96204001120521,3006,2.999322037354503e-05,3713,3006.0037001460914,0.09343809040943393,1195,near_target,30,76,1,122
1194,39034.227438498434,37709.10728433606,0.9660523535082074,3270,2.483114542928744e-05,4033,3269.910255861472,0.08377263275293838,1195,near_target,30,77,1,122
1195,33375.55350634247,32109.118866212368,0.9620550221020474,3093,2.894305686269754e-05,3841,3093.4060155810726,0.09267262037803288,1195,near_target,30,78,1,122
1195,41577.430857080624,40304.807380444814,0.9693914835428298,3240,2.3315703395441803e-05,3969,3239.8513832951094,0.0779268928649599,1195,near_target,30,79,1,122
1195,24538.752117822776,23302.10667078297,0.9496043873338769,2864,3.916441124749629e-05,3585,2864.481813759994,0.11671335144707069,1195,near_target,30,80,1,122
1195,29584.350457547756,28253.080113055556,0.9550008594441675,3125,3.2608532271937114e-05,3905,3125.462078670802,0.10563017107589494,1195,near_target,30,81,1,122
1195,38009.5436985162,36702.8694770878,0.9656224701934685,3226,2.548411286142364e-05,3969,3226.3172647454944,0.08487342088576388,1195,near_target,30,82,1,122
1195,25692.2382059035,24450.866536327212,0.951683007933071,2900,3.7432607656905e-05,3585,2900.4870400594705,0.11287455677308975,1195,near_target,30,83,1,122
1192,30041.511811300858,28753.727446058783,0.9571331704831965,3071,3.209792173395215e-05,3777,3070.6343317435853,0.10222521487233434,1195,near_target,30,84,1,122
1195,36743.10654150734,35417.479170038656,0.9639217394432567,3227,2.6370696871424227e-05,3969,3226.5426261166776,0.08782599795568664,1195,near_target,30,85,1,122
1194,27659.93994466841,26419.974502741643,0.9551710725183343,2958,3.477555043542081e-05,3713,2958.414579475103,0.10694166386178901,1195,near_target,30,86,1,122
1194,20425.402601725298,19233.425513391136,0.9416424189242919,2696,4.686839115642574e-05,3393,2696.409222858257,0.13199250230554935,1195,near_target,30,87,2,122
1194,31894.114414067968,30515.379433367027,0.9567714919812038,3272,3.026158941348283e-05,4033,3271.8104548222377,0.10258946078643195,1195,near_target,30,88,1,122
1194,34001.89510283845,32710.960156711353,0.9620334413060604,3134,2.8435667803361137e-05,3841,3133.835869676097,0.09217133311308806,1195,near_target,30,89,1,122
1193,32638.251243030274,31346.24265224242,0.9604142825800523,3129,2.9583516090623624e-05,3841,3128.8988720080806,0.09586910697821721,1195,near_target,30,90,1,122
1195,52100.420738268745,50734.29252749946,0.9737789409104362,3506,1.869420014831313e-05,4289,3506.1152790267365,0.06729312259516508,1195,near_target,30,91,1,122
1195,29063.323629696875,27774.4145486509,0.9556516970506096,3041,3.318235628388694e-05,3777,3040.698704494104,0.10463359382932753,1195,near_target,30,92,3,122
1194,22542.43064597413,21283.443360369944,0.9441503311964705,2852,4.258444828255592e-05,3585,2851.893488328397,0.12651696903454113,1195,near_target,30,93,1,122
1194,25775.769027330807,24527.59918214311,0.9515758445901564,2932,3.728048008977373e-05,3649,2931.6091467285605,0.11375024337357749,1195,near_target,30,94,1,122
1195,29375.254046525257,28092.215263014445,0.9563224617060774,3060,3.2796724240950505e-05,3777,3059.948087393264,0.10416931186887766,1195,near_target,30,95,1,122
1193,46891.68250396938,45603.50917284518,0.9725287457745805,3301,2.073954814881684e-05,4033,3301.136868926368,0.07039627976071386,1195,near_target,30,96,1,122
1193,32396.845693389543,31111.60526920974,0.9603282234220089,3085,2.983535365506981e-05,3841,3084.973796024575,0.09522532005730061,1195,near_target,30,97,1,122
1194,43633.50696024002,42292.24937789871,0.9692608347166893,3413,2.222523202925427e-05,4161,3412.596308887214,0.07821970402493694,1195,near_target,30,98,1,122
1195,45929.447089933885,44663.41617612092,0.972435311243047,3288,2.1140932532583933e-05,4033,3288.461154742866,0.07158805969429172,1195,near_target,30,99,1,122
1194,35090.07968225967,33794.61560171977,0.9630817572296697,3177,2.756270759108136e-05,3905,3176.7530701988294,0.09053840939569544,1195,near_target,30,100,1,122
1190,24167.139220739402,22970.204653780806,0.9504726415474353,2809,3.970549557834167e-05,3521,2808.696959795678,0.11623220995844694,1195,near_target,30,101,1,122
1195,32507.80141153442,31236.32511934293,0.9608870413567759,3115,2.9669191940098154e-05,3841,3115.2506764167206,0.09582315212786847,1195,near_target,30,102,1,122
1195,36007.18356352487,34734.96355849382,0.9646676057629844,3194,2.6815644721551475e-05,3969,3194.282789332465,0.08870452181757167,1195,near_target,30,103,1,122
1194,32281.532684200996,31019.58808645024,0.9609081573017019,3064,2.9915593685315265e-05,3777,3063.9215518932697,0.09491494812139331,1195,near_target,30,104,1,122
1191,29428.425153417607,28210.3238560453,0.9586080026021764,2926,3.277631914053721e-05,3649,2925.64568318017,0.09942767867278128,1195,near_target,30,105,1,122
1194,24068.758989441994,22828.769562673762,0.9484813725829335,2878,3.987153056555655e-05,3585,2877.9335373447366,0.11957409192814901,1195,near_target,30,106,1,122
1194,23033.71861237218,21792.825933132193,0.9461271234522479,2813,4.173994331254635e-05,3521,2813.0948614216,0.12212530887170965,1195,near_target,30,107,1,122
1195,34244.01270187715,32960.40859227037,0.9625159551019433,3105,2.8263255149824836e-05,3841,3104.646457893221,0.09067278496336363,1195,near_target,30,108,1,122
1194,24716.746222220216,23506.509528755723,0.9510357600234413,2842,3.8839646006355084e-05,3521,2842.330226277607,0.11498277218402873,1195,near_target,30,109,1,122
1193,34690.12646378624,33402.72997203968,0.9628886768951245,3171,2.7845885043755902e-05,3905,3171.198963196366,0.09140929489865868,1195,near_target,30,110,1,122
1191,35803.94264691157,34546.20967518404,0.9648716627626478,3120,2.7012851011199788e-05,3841,3120.050834684601,0.08714124114119397,1195,near_target,30,111,1,122
1195,35819.24074859977,34582.77823838679,0.9654804936014364,3083,2.700255330869401e-05,3777,3083.055017690716,0.08607105945204938,1195,near_target,30,112,1,122
1195,57440.27589270519,56139.08951837889,0.9773471426781299,3442,1.6982520744200552e-05,4161,3442.2508795600284,0.05992311050924335,1195,near_target,30,113,1,122
1194,20909.90037386027,19715.726891722556,0.9428895661487433,2715,4.5796165665639166e-05,3393,2714.761701695005,0.12984279941352833,1195,near_target,30,114,1,122
1195,25482.549502951548,24262.381701771745,0.9521175147314646,2872,3.770647340319191e-05,3585,2871.6579520214427,0.11270457846721134,1195,near_target,30,115,1,122
1195,26541.725730779028,25303.385762148297,0.9533436528886027,2924,3.62315268936338e-05,3649,2924.061435241687,0.11016615986688434,1195,near_target,30,116,1,122
1192,50661.8285429667,49353.55318158869,0.9741763098766076,3370,1.923355872891281e-05,4161,3370.411549630197,0.0665195097950694,1195,near_target,30,117,1,122
1194,56078.22410989938,54799.767112695066,0.9772022560004957,3387,1.738909700115484e-05,4161,3387.3980358785902,0.06039777567424963,1195,near_target,30,118,1,122
1195,26705.77059744358,25454.41938066152,0.95314304029475,2945,3.601973279492775e-05,3649,2945.490308707457,0.11027579186507021,1195,near_target,30,119,1,122
1195,22031.93368866388,20782.56712856261,0.9432929230018466,2812,4.358475768590819e-05,3521,2812.3024322199158,0.12763291864149273,1195,near_target,30,120,1,122
1194,25663.810753656693,24435.371688302534,0.9521334116298716,2875,3.7471216370697124e-05,3585,2875.3834219427695,0.11202545201087712,1195,near_target,30,121,1,122
1193,20219.068374187336,19039.31990062424,0.9416516897945099,2689,4.728086996967546e-05,3393,2688.674352036473,0.13299326903869174,1195,near_target,30,122,1,122
1194,22693.640330886774,21479.677411951427,0.9465064704809345,2807,4.222119253305954e-05,3521,2806.8093929764404,0.1236910411495146,1195,near_target,30,123,1,122
1195,45884.19821447403,44570.26474386848,0.9713641401237109,3391,2.115080492594227e-05,4161,3391.163832896155,0.07390343804526411,1195,near_target,30,124,1,122
1191,28588.42697453821,27361.27348753829,0.9570751658322136,2955,3.36682252480073e-05,3649,2955.2856959609935,0.10336350449193374,1195,near_target,30,125,1,122
1193,27447.12039761789,26188.267557970295,0.9541353401955839,2981,3.505567963447886e-05,3713,2981.1253496352188,0.10860884336189665,1195,near_target,30,126,1,122
1194,35718.09216593373,34467.04778155367,0.964974490278816,3102,2.7082219193525177e-05,3841,3101.9359901800744,0.08684674381792834,1195,near_target,30,127,1,122
1191,34425.318053012255,33178.09580434283,0.9637702040472422,3061,2.809623915722097e-05,3777,3060.8456042102002,0.08891711603902404,1195,near_target,30,128,1,122
1194,37747.08198674755,36446.86970769005,0.9655546280500839,3205,2.5667351599118327e-05,3969,3205.463304147389,0.08490722544129978,1195,near_target,30,129,1,122
1194,28891.091429780994,27613.84776964463,0.9557910900236958,3020,3.337221089646471e-05,3713,3019.6662052739703,0.10453049194558908,1195,near_target,30,130,1,122
1195,29352.82347089698,28095.668032646703,0.9571708854687614,3007,3.283096111089269e-05,3713,3006.808021506643,0.10244329657013777,1195,near_target,30,131,1,122
1194,24414.672838240273,23172.552119143525,0.9491240072178548,2880,3.933883962566723e-05,3585,2879.9232871973536,0.11796185101809378,1195,near_target,30,132,2,122
1195,30092.428844915452,28768.507751299127,0.9560048442603521,3103,3.2093733179186125e-05,3841,3102.948638322465,0.10311563802282767,1195,near_target,30,133,3,122
1195,32626.500577698604,31362.59181053292,0.9612612831659423,3091,2.9577066290313487e-05,3841,3090.8909869871445,0.09473893752837258,1195,near_target,30,134,1,122
1195,39615.59096805467,38309.592794367054,0.9670332275305258,3219,2.4499775638898806e-05,3905,3219.4088051381605,0.08125588742562861,1195,near_target,30,135,1,122
1194,27783.55649377308,26547.263031139046,0.9555026922881124,2959,3.4621243596738246e-05,3649,2959.039749203903,0.10650184401925572,1195,near_target,30,136,1,122
1195,22772.485698194527,21550.660000019183,0.9463464061689052,2813,4.210418961953741e-05,3521,2813.35918637165,0.12352626047419248,1195,near_target,30,137,1,122
1195,39127.86121690638,37758.58785951158,0.9650051570719852,3482,2.4656706463714262e-05,4353,3482.498117395315,0.08899029723851853,1195,near_target,30,138,1,122
1194,26368.13433554281,25145.04820111227,0.9536149915323403,2882,3.6496753834271844e-05,3585,2882.412185795253,0.10929859364813765,1195,near_target,30,139,1,122
1195,39428.65794804119,38126.543936751936,0.9669754417458193,3235,2.4587141680832123e-05,3969,3235.341676754653,0.0820469214108951,1195,near_target,30,140,1,122
1195,22469.63008891013,21229.248676766336,0.9447974262488645,2829,4.268461122778811e-05,3521,2828.5686607965295,0.12590327427758818,1195,near_target,30,141,1,122
1194,23006.200202845375,21776.926181121227,0.9465677073621174,2809,4.174488966914406e-05,3521,2808.8570616386637,0.12209752046114015,1195,near_target,30,142,1,122
1195,41763.04697577707,40508.31599033466,0.9699559520604384,3218,2.3209194468882933e-05,3969,3218.2132047350738,0.07705376482387571,1195,near_target,30,143,1,122
1194,27443.168360657746,26197.745455351564,0.954618107904348,2957,3.5058403759026845e-05,3649,2956.824668839149,0.10774994931850237,1195,near_target,30,144,1,122
1195,62620.695497953144,61236.10317251869,0.9778892215357188,3656,1.5592419806571598e-05,4417,3655.975168266831,0.058383254464484544,1195,near_target,30,145,1,122
1195,33240.663716836294,31954.65958537139,0.961312320884449,3110,2.907811938382224e-05,3841,3110.0662156978574,0.09356010537252885,1195,near_target,30,146,3,122
1193,49722.42667640488,48443.831285820415,0.9742853381049641,3341,1.956345746531434e-05,4097,3341.0251810945642,0.0671930197965464,1195,near_target,30,147,1,122
1193,73379.67609534293,71992.71150946613,0.9810987911138405,3678,1.3354515508519445e-05,4417,3678.2493335028685,0.050122870469217366,1195,near_target,30,148,1,122
1191,34023.569428338,32751.412206205277,0.9626095308779345,3131,2.8385953410718125e-05,3905,3130.9764548280377,0.09202444225008947,1195,near_target,30,149,1,122
1194,47668.94640472326,46368.235105078835,0.9727136553721786,3330,2.0406456260572734e-05,4097,3330.1529260041775,0.06985679884189863,1195,near_target,30,150,2,122
1193,32378.44704833012,31111.973850436745,0.9608853013857349,3126,2.975891587947333e-05,3905,3126.004608305407,0.09654570508999195,1195,near_target,30,151,1,122
1194,38984.17167548477,37667.58929403956,0.9662277707884929,3194,2.491760147621582e-05,3905,3193.6292770981804,0.0819306878337125,1195,near_target,30,152,1,122
1194,24421.709381239205,23194.582247650527,0.9497526109072709,2851,3.933642560770336e-05,3585,2851.2088850517916,0.11674039501060243,1195,near_target,30,153,1,122
1195,29291.000665240845,28049.843537635068,0.9576266737421969,2975,3.2902619947481633e-05,3713,2975.4603481736303,0.10156703193586637,1195,near_target,30,154,1,122
1195,28693.556212134237,27440.91373231465,0.9563441188481944,3005,3.354555157368925e-05,3713,3005.0504819306857,0.10472734636946861,1195,near_target,30,155,1,122
1195,25239.525556775414,24021.188394976794,0.9517289990630762,2862,3.806440022318966e-05,3585,2861.5863579240868,0.1133935736455122,1195,near_target,30,156,1,122
1195,23831.955250349172,22597.346325160735,0.9481952314772684,2855,4.029247842532347e-05,3585,2855.0449973185423,0.1197971366599545,1195,near_target,30,157,1,122
1195,25190.165832310355,23927.250531114507,0.9498647484259131,2941,3.8139052446625854e-05,3649,2940.607261290313,0.11675191102663185,1195,near_target,30,158,2,122
1194,27976.410055438973,26651.32422928578,0.9526356017971084,3103,3.4432281238511265e-05,3841,3103.449323231194,0.11091487413327847,1195,near_target,30,159,1,122
1192,28843.55610418759,27606.160489536513,0.957099755308208,2952,3.34229937953915e-05,3649,2951.7857845520343,0.10234521670410189,1195,near_target,30,160,1,122
1194,37453.67055485167,36103.9191200025,0.963962105319626,3292,2.585996437664872e-05,4033,3291.7616032600918,0.08789525702637872,1195,near_target,30,161,1,122
1194,23512.153675006393,22287.78347118532,0.9479260717352921,2846,4.0780523475727994e-05,3585,2846.1420039784402,0.12104378183889299,1195,near_target,30,162,1,122
1195,31359.440327588654,30117.332054174625,0.9603912486817796,3037,3.074284584302772e-05,3777,3037.1933338217154,0.09684484060540395,1195,near_target,30,163,1,122
1194,26714.381215763224,25479.22960981017,0.9537645436749164,2927,3.598806100902197e-05,3649,2926.9458486383924,0.10956645322830384,1195,near_target,30,164,1,122
1194,24030.02622426047,22820.47761858374,0.9496651150361384,2811,3.9964241107242826e-05,3521,2810.9879351700547,0.1169786488689739,1195,near_target,30,165,2,122
1194,28048.85562868647,26762.549775570693,0.9541405228739446,3045,3.431002797486288e-05,3777,3044.754934884481,0.10856057873839887,1195,near_target,30,166,1,122
1195,26257.304909879444,25011.19206718192,0.9525422412172748,2924,3.663424695975328e-05,3649,2923.6986309935123,0.11135948681845981,1195,near_target,30,167,1,122
1195,40799.12920984536,39459.513746992,0.9671655868937002,3335,2.3762742891053182e-05,4097,3334.6465773615387,0.08174194068816598,1195,near_target,30,168,2,122
1195,32419.257148784814,31083.387394886307,0.9587939431256036,3198,2.9787863061005825e-05,3969,3198.0354361394993,0.09864507336868057,1195,near_target,30,169,1,122
1195,30686.832006108,29410.985704648745,0.9584236554231044,3073,3.141923035998241e-05,3777,3072.965652271896,0.10014067269597399,1195,near_target,30,170,1,122
1195,35865.94845837509,34611.01268144213,0.9650103836403658,3129,2.695404005859128e-05,3841,3129.054723744409,0.08724152391038593,1195,near_target,30,171,1,122
1195,43417.04540358948,42136.40762737935,0.9705038018062773,3257,2.236196898457976e-05,4033,3256.620727600316,0.0750166200791436,1195,near_target,30,172,1,122
1195,38496.54143281833,37191.68910373217,0.9661046867972982,3244,2.5156217725308527e-05,3969,3244.274256469664,0.08426731023775781,1195,near_target,30,173,1,122
1194,22375.327284809067,21162.249408463347,0.9457850220063911,2778,4.2872080075759424e-05,3457,2777.8480306983065,0.12415460854000666,1195,near_target,30,174,1,122
1195,21728.29287456079,20479.725369997752,0.9425372480124822,2832,4.4101548309496775e-05,3521,2831.885922823184,0.13033697660232063,1195,near_target,30,175,1,122
1195,28485.83194115599,27275.286546355186,0.9575035969705409,2899,3.383517363114555e-05,3649,2899.3793023452267,0.10176989058941822,1195,near_target,30,176,1,122
1195,48706.189613537,47424.4992009062,0.9736852662300116,3384,1.993689149110693e-05,4161,3383.8058897341903,0.06947782256938201,1195,near_target,30,177,1,122
1195,44369.68217957429,43047.934883759204,0.970210575535212,3379,2.1863247577980243e-05,4161,3379.4222124520043,0.07615560522440552,1195,near_target,30,178,1,122
1195,43091.876170843934,41779.77493857897,0.9695510767026493,3299,2.2532060101745074e-05,4033,3298.559836902665,0.07655735356986176,1195,near_target,30,179,1,122
1195,37368.196033561355,36099.320748080565,0.966043978030377,3193,2.5873859855255734e-05,3969,3192.6483337754044,0.08544699340402419,1195,near_target,30,180,1,122
1195,27857.149473259262,26608.92177706808,0.955191836932584,2944,3.459425076989315e-05,3649,2943.9060530599368,0.10568202618239944,1195,near_target,30,181,1,122
1195,36610.35826484073,35333.03473505092,0.9651103242271052,3180,2.6415428747612117e-05,3905,3180.426617302816,0.08686066323076541,1195,near_target,30,182,1,122
1191,34960.51357381374,33685.640949670975,0.9635339274564412,3142,2.7647157180037555e-05,3905,3141.745039610045,0.08987282161533901,1195,near_target,30,183,1,122
1195,33879.76849857842,32544.889529191638,0.9605995250692816,3224,2.8526919329663812e-05,3969,3224.473305984494,0.095160036295268,1195,near_target,30,184,2,122
1195,34604.03235149494,33331.2959577779,0.9632199975774771,3148,2.7910967959583145e-05,3905,3147.9923229396345,0.09097205689856552,1195,near_target,30,185,1,122
1195,36218.638332669056,34915.86593611461,0.964030331991268,3219,2.66961561115661e-05,3969,3219.1707916107057,0.08887689179348512,1195,near_target,30,186,1,122
1195,48097.87905624068,46784.15562493977,0.9726864581749066,3395,2.020761358416761e-05,4161,3394.893448336052,0.07058523300019609,1195,near_target,30,187,1,122
1195,36426.30920543153,35132.194776261436,0.9644730839495228,3211,2.6544847073902007e-05,3969,3211.4889428986367,0.08815057221117553,1195,near_target,30,188,1,122
1195,30652.485476082365,29392.01119929076,0.9588785621389452,3041,3.1457058809907e-05,3777,3040.8515434028986,0.09920892067212111,1195,near_target,30,189,3,122
1193,26420.89494959972,25154.788491950625,0.9520793500725729,2969,3.640443105881805e-05,3713,2969.11414327919,0.11237318060813761,1195,near_target,30,190,1,122
1194,45195.73170012182,43852.97026144375,0.9702900829753698,3379,2.1501312193590684e-05,4097,3379.1245724308487,0.07476369720972771,1195,near_target,30,191,1,122
1194,25898.004660325056,24677.032859995827,0.9528545995591807,2869,3.714404187448849e-05,3585,2868.632077710764,0.1107807353357697,1195,near_target,30,192,1,122
1184,37206.24322402316,35928.60968145279,0.9656607754005804,3158,2.6032915006998112e-05,3905,3157.905805737934,0.0848782281238477,1195,near_target,30,193,1,122
1194,24760.939976722915,23546.351748129982,0.9509474103271227,2850,3.8779973018072245e-05,3585,2850.49859195518,0.11510063845230462,1195,near_target,30,194,1,122
1195,38025.89857673277,36766.932338579216,0.9668918740838411,3174,2.544551724297026e-05,3905,3173.9047059651075,0.0834694279109581,1195,near_target,30,195,1,122
1195,29539.12282960935,28296.013249709256,0.9579165032397635,2977,3.264449327008345e-05,3713,2977.2672359367366,0.10078159792260054,1195,near_target,30,196,1,122
1193,32298.16632512464,31042.063280572263,0.961109153011722,3083,2.9858225903557272e-05,3841,3082.9486485891266,0.09545433536273991,1195,near_target,30,197,1,122
1195,19463.628793972413,18279.816071357556,0.9391782110547923,2667,4.910228587708319e-05,3393,2667.3912784485974,0.13702480807823098,1195,near_target,30,198,1,122
1195,40117.23112606425,38825.36221238751,0.967797655086983,3239,2.4161573956847566e-05,3969,3239.1481668864058,0.08073837373825171,1195,near_target,30,199,1,122
1184,34704.45627573969,33379.73158663294,0.9618283981001942,3206,2.7878037952970153e-05,3969,3205.7092147307767,0.09238006711665928,1185,near_target,40,0,2,122
1184,46507.59880130811,45168.88550143132,0.9712151705445793,3314,2.0968594867207762e-05,4225,3314.196672465386,0.07125717270758747,1185,near_target,40,1,1,122
1184,52882.69891637931,51502.44484206113,0.9738997043910201,3535,1.84306896150226e-05,4353,3535.029693208541,0.06684605877604155,1185,near_target,40,2,1,122
1183,46446.95043097693,45068.79389591568,0.9703283741500042,3483,2.0920893884873723e-05,4225,3482.839903484815,0.07498877682348501,1185,near_target,40,3,2,122
1183,38158.05191711797,36887.661603449786,0.9667071496095355,3160,2.5393895080437983e-05,3905,3160.431869497235,0.08281345197767818,1185,near_target,40,4,1,122
1182,58511.06879823583,57069.06504887735,0.9753550263398717,3699,1.668291530290904e-05,4481,3698.502899212433,0.06321880758588243,1185,near_target,40,5,3,122
1183,56925.13135361739,55592.3410470961,0.976586961244902,3472,1.7144413991790133e-05,4225,3472.3408175298678,0.06099239329694347,1185,near_target,40,6,1,122
1185,63006.86675285082,61738.71063963506,0.9798727316787518,3483,1.5473734462533214e-05,4353,3482.7057467509817,0.055279689016473864,1185,near_target,40,7,3,122
1182,45593.598795158905,44163.8367935255,0.9686411680714878,3513,2.1342438138589157e-05,4289,3512.9979987233046,0.07705028979579054,1185,near_target,40,8,2,122
1181,53766.31386962552,52363.12378062953,0.9739020589657961,3625,1.8112296951085438e-05,4545,3625.216104856795,0.067421397137063,1185,near_target,40,9,2,122
1180,46144.81946087317,44837.03315199515,0.971659087105392,3316,2.107608328552984e-05,4033,3316.4257521084023,0.07186072106776108,1185,near_target,40,10,1,122
1183,68416.4370382813,67064.135423047,0.9802342584066802,3591,1.430817471512855e-05,4353,3590.5655300578887,0.0524873868832239,1185,near_target,40,11,1,122
1183,50742.03001109119,49396.27916332926,0.9734785768825611,3463,1.9193435356150416e-05,4353,3462.6907528499946,0.06824717101864189,1185,near_target,40,12,1,122
1180,58582.846325664024,56993.258437664874,0.972865984026065,4119,1.6601521014247854e-05,5313,4118.847355035647,0.07031068407127813,1185,near_target,40,13,1,122
1183,60747.70220785668,59465.910038707756,0.9788997423348936,3436,1.6072263279670534e-05,4225,3435.551290952113,0.056561810161037035,1185,near_target,40,14,1,122
1183,55338.14880991348,54115.20274255574,0.9779004882949995,3334,1.7584125366536294e-05,4097,3333.5387683989647,0.06024776888457705,1185,near_target,40,15,1,122
1183,28805.247753677013,27558.81944475514,0.9567291238186707,2964,3.3489522079817485e-05,3713,2963.949604167539,0.10289791725959528,1185,near_target,40,16,1,122
1182,43504.08606737256,42183.53311129733,0.9696453120741312,3291,2.2348625702064447e-05,4097,3290.8022332082123,0.07564806659547786,1185,near_target,40,17,1,122
1178,84058.14894480458,82588.4735561068,0.9825159677301147,3816,1.1694728431385132e-05,4673,3816.1453223786148,0.04539714528457812,1185,near_target,40,18,3,122
1180,41542.60937338171,40212.11044693978,0.9679726683876906,3314,2.336234661836895e-05,4033,3313.9751146185477,0.07977351567432918,1185,near_target,40,19,1,122
1181,48579.87390792208,47119.32755432046,0.9699351555261355,3681,2.0003642231711657e-05,4545,3681.253673759704,0.0757721192726218,1185,near_target,40,20,2,122
1183,36596.42884387348,35307.51496634922,0.9647803373650751,3140,2.6487351946048503e-05,3841,3140.4175621163918,0.08580072152383414,1185,near_target,40,21,1,122
1182,61346.16008404996,59996.63287448681,0.9780014395731669,3543,1.5928100784438406e-05,4289,3542.677502308878,0.05775422610226556,1185,near_target,40,22,1,122
1184,52662.91206750455,51160.09617673742,0.9714634866974164,3670,1.8541182130784495e-05,4417,3670.211461020476,0.06968851238791558,1185,near_target,40,23,2,122
1182,42607.286279327636,41246.78564800923,0.9680688269513541,3390,2.2782724030546126e-05,4161,3390.038460551493,0.0795638562328428,1185,near_target,40,24,2,122
1184,80828.67431008765,79191.98817473215,0.9797511693798591,4114,1.2151976248589372e-05,5121,4114.154444359912,0.05089777897652048,1185,near_target,40,25,1,122
1185,38168.76792833918,36862.81170046661,0.9657846899767774,3232,2.5386464968555863e-05,3969,3232.4150350912287,0.08467656084859726,1185,near_target,40,26,2,122
1182,57524.84077287355,56178.33810483782,0.9765926745742392,3600,1.6929616170697676e-05,4417,3599.900709051832,0.06258165953407764,1185,near_target,40,27,1,122
1183,39852.245342670605,38562.17497663228,0.9676286654629966,3202,2.434591333209584e-05,3905,3201.9293761321023,0.08034679031175074,1185,near_target,40,28,1,122
1182,79246.14538977944,77999.92484525495,0.9842740547392578,3439,1.2387086480591607e-05,4289,3438.822007677909,0.04339643250892473,1185,near_target,40,29,2,122
1183,43041.656178684454,41661.509679895426,0.9679346330666402,3406,2.257199980423503e-05,4161,3406.3669331668375,0.07913264270919843,1185,near_target,40,30,1,122
1185,76861.53549738029,75379.47042742252,0.9807177275295484,3937,1.2750461273383334e-05,4929,3937.1968933516255,0.05122197955743659,1185,near_target,40,31,1,122
1185,25706.159122823505,24458.927230777525,0.9514812039368957,2891,3.7459994983730276e-05,3585,2891.1233184997004,0.11246332002330106,1185,near_target,40,32,3,122
1181,60937.38377109601,59465.205018978,0.9758411231166721,3747,1.6039239870965576e-05,4545,3746.9319324854496,0.0614893480507,1185,near_target,40,33,1,122
1184,51474.087210824575,49965.490356410206,0.9706921106102271,3771,1.8908041427058536e-05,4737,3771.175661970589,0.0732601626242532,1185,near_target,40,34,1,122
1181,51913.42794323794,50475.47109993296,0.972300868960585,3587,1.879185867391801e-05,4417,3587.4705917125016,0.06909580318837777,1185,near_target,40,35,1,122
1185,46557.72199816828,45177.354347944485,0.9703514778863515,3461,2.0887120456198583e-05,4225,3461.219224335398,0.07433782950411891,1185,near_target,40,36,1,122
1185,49510.014163440464,48136.635424040855,0.9722605868205598,3474,1.9666313800437408e-05,4225,3474.0917260619403,0.07016762282740964,1185,near_target,40,37,1,122
1179,71542.62464359455,70283.24655560988,0.9823968145667209,3493,1.3678428451646186e-05,4225,3493.4083735921317,0.04882404045701642,1185,near_target,40,38,5,122
1185,48914.27671292226,47610.294425761145,0.9733414787094945,3357,1.9892694050657466e-05,4097,3356.528201803543,0.06863026963890773,1185,near_target,40,39,1,122
1183,27692.53318975183,26468.908361422036,0.955813907671595,2920,3.477057630643139e-05,3649,2920.4358040174643,0.10544358582119905,1185,near_target,40,40,1,122
1180,62875.98555260104,61509.283930510144,0.978263535591859,3555,1.5556185504558334e-05,4353,3555.2037678413376,0.056539869216458545,1185,near_target,40,41,2,122
1183,32970.39166452171,31721.754361419462,0.9621285268368266,3045,2.931004446919731e-05,3777,3045.4450721550893,0.09235559076711299,1185,near_target,40,42,1,122
1184,44275.120976116814,42924.304765119596,0.969490400450269,3350,2.1973928637332865e-05,4097,3349.5340922282708,0.07566326022704895,1185,near_target,40,43,4,122
1182,33838.69707883506,32538.815757773642,0.9615859523777455,3121,2.8607560216072837e-05,3841,3120.8570214370293,0.09223168352873959,1185,near_target,40,44,1,122
1181,34472.7005862021,33216.15525684889,0.9635495534731575,3064,2.8078606397279664e-05,3841,3064.3995805569907,0.08888192534664324,1185,near_target,40,45,3,122
1184,34046.28822812965,32689.55346547989,0.9601502885260543,3291,2.8364480786975616e-05,4161,3290.856921033904,0.0966625195072195,1185,near_target,40,46,1,122
1185,28608.64732310042,27325.09956350644,0.9551342730364758,3013,3.3724961118887125e-05,3713,3013.0666050134264,0.10531780709418982,1185,near_target,40,47,1,122
1184,30058.828843345313,28759.490832277406,0.9567734984673042,3082,3.210955637038958e-05,3841,3082.3663301615024,0.10253227150206554,1185,near_target,40,48,1,122
1167,31196.182858382494,30025.946593575234,0.962487838011476,2857,3.0981924955789404e-05,3585,2856.99063946709,0.09158171732001875,1185,near_target,40,49,2,122
1183,48729.844576508294,47455.96245743215,0.9738582765829248,3237,2.0013706680257782e-05,4097,3236.7833482454685,0.06642746407528036,1185,near_target,40,50,2,122
1182,42098.706477785345,40742.52556620037,0.9677856868998908,3404,2.303992524644159e-05,4161,3403.507546139876,0.08085759123730378,1185,near_target,40,51,5,122
1181,50073.04676778083,48716.17372486057,0.9729021273817648,3427,1.946768272016867e-05,4225,3426.764154387766,0.06844001356444483,1185,near_target,40,52,1,122
1183,55437.52505684299,54016.22356142839,0.9743621041170711,3600,1.7605833876370286e-05,4353,3599.8460592159495,0.06493796388472847,1185,near_target,40,53,2,122
1183,43998.26342486674,42686.330016650856,0.9701821547921727,3298,2.2089800698543958e-05,4033,3298.2322396203954,0.07495750384857351,1185,near_target,40,54,1,122
1181,35518.14215556637,34247.55022951334,0.9642269598311773,3093,2.7278053376201654e-05,3777,3093.349382406674,0.08708225746867417,1185,near_target,40,55,1,122
1181,38923.37340964016,37720.97299019099,0.9691085249267893,2994,2.4972106693390194e-05,3777,2993.927744476048,0.07692036269545115,1185,near_target,40,56,1,122
1173,45983.2553988647,44675.53058957151,0.971560847574844,3323,2.11481958146337e-05,4033,3323.4660165844957,0.07226543599786202,1185,near_target,40,57,1,122
1183,41819.99567064213,40483.89173201886,0.9680510742003443,3281,2.3243015396114428e-05,3969,3280.952304530779,0.07845529267482158,1185,near_target,40,58,1,122
1185,50557.39735092066,49233.75683024462,0.9738190533921554,3398,1.926311676013257e-05,4161,3398.076138375435,0.06721073825091041,1185,near_target,40,59,1,122
1178,49407.66466087579,48037.588928987665,0.9722699758976255,3412,1.9740214713893066e-05,4161,3412.3154767415,0.06905811119427072,1185,near_target,40,60,1,122
1184,49891.69830118103,48549.81193767798,0.9731040151128453,3499,1.947707008052205e-05,4289,3499.0330400684684,0.07013190809576374,1185,near_target,40,61,2,122
1173,44698.732532512135,43497.485646911235,0.973125705863647,3134,2.1733056648447845e-05,3905,3133.5917234253243,0.07011384489975078,1185,near_target,40,62,1,122
1184,43156.24319915915,41831.117211010845,0.9692946862396464,3318,2.2506090739277512e-05,4033,3318.12565913291,0.07688342992896674,1185,near_target,40,63,1,122
1185,38609.10583397001,37278.442428916474,0.9655349851722607,3289,2.5095962745727316e-05,4097,3289.2300558039547,0.08518715802804713,1185,near_target,40,64,1,122
1178,39512.90533496367,38250.793366142265,0.9680582341864747,3148,2.4555569958415582e-05,3905,3148.120098417064,0.07967017290460893,1185,near_target,40,65,2,122
1183,63210.61097947103,61692.808417137196,0.9759881681443204,4271,1.532214992523151e-05,5825,4271.459204094788,0.06756776961683059,1185,near_target,40,66,1,122
1181,61936.405797585525,60665.766538587304,0.97948477567215,3396,1.5779785465136274e-05,4097,3396.0932908914456,0.054830433833995364,1185,near_target,40,67,1,122
1183,38099.39356216788,36788.25676027244,0.9655864128189855,3223,2.5441564577498554e-05,3969,3223.2130954093986,0.08459452234432387,1185,near_target,40,68,1,122
1182,58251.16019707857,56772.27742379028,0.9746119602032843,3677,1.6789754760738078e-05,4609,3676.679152751027,0.06312320625992288,1185,near_target,40,69,1,122
1177,33670.09657573905,32454.700078652684,0.9639027914769297,2979,2.8737099988519403e-05,3649,2979.298786865963,0.08847613470008622,1185,near_target,40,70,2,122
1185,43519.30810920524,42154.285871785454,0.9686341006618381,3431,2.2299354139867843e-05,4225,3431.059086248576,0.07883856956986575,1185,near_target,40,71,1,122
1170,67337.77559605542,66027.96171646325,0.9805486019103237,3497,1.4536964612070315e-05,4225,3496.9137367527774,0.051932217377920795,1185,near_target,40,72,1,122
1180,57585.72692368732,56324.6257115283,0.978100455103567,3359,1.694731901835139e-05,4097,3358.5122247772215,0.05833042629558799,1185,near_target,40,73,1,122
1180,34208.94982100397,32924.92183348818,0.962465144524039,3134,2.8263050809209152e-05,3841,3134.4970825152336,0.09161345251457424,1185,near_target,40,74,1,122
1181,45594.36179428078,44335.237156830524,0.9723842030483646,3245,2.1313697128344544e-05,3969,3244.5273478793442,0.0711710806402173,1185,near_target,40,75,1,122
1179,38267.75460046128,37005.13689460111,0.9670057018227834,3157,2.5330490118157546e-05,3905,3156.6067822803498,0.08249765456481592,1185,near_target,40,76,1,122
1183,44683.43700132249,43307.95800434772,0.9692172516421674,3440,2.1742907694195448e-05,4225,3440.219295066221,0.07698602056726717,1185,near_target,40,77,1,122
1183,36009.90281795944,34712.497132506054,0.9639708640144865,3155,2.6903720473655938e-05,3841,3154.5495527575517,0.0876147879640066,1185,near_target,40,78,2,122
1181,52711.551339943,51471.74555593196,0.9764794290341525,3264,1.8493961885356048e-05,4033,3263.5772768064066,0.06192191117559944,1185,near_target,40,79,1,122
1185,78776.10661499272,77430.94177584408,0.9829242025666114,3699,1.2439700283530061e-05,4481,3698.587200544797,0.04695586211284024,1185,near_target,40,80,2,122
1184,57365.58141083094,55997.72802443594,0.9761555038273046,3495,1.703113766613036e-05,4225,3495.495008501075,0.06092503403687502,1185,near_target,40,81,1,122
1185,42487.00571059568,41147.86934372449,0.9684812722272582,3318,2.2868925682287494e-05,4097,3318.403083992778,0.07809446546082525,1185,near_target,40,82,3,122
1183,56543.74569269759,55257.60886710621,0.9772541275814793,3395,1.7253456644889544e-05,4161,3395.014299678653,0.060042007447668105,1185,near_target,40,83,2,122
1176,53439.03579757025,52107.07621986458,0.9750751569928919,3374,1.8275557525867877e-05,4161,3373.6876234877213,0.06313736671411666,1185,near_target,40,84,1,122
1177,50390.755231892654,49159.32914319631,0.9755624601570375,3247,1.9318861369044634e-05,3969,3246.9695141563443,0.0644364226147766,1185,near_target,40,85,1,122
1179,27494.243526189064,26288.435683571315,0.9561432617169778,2865,3.50488142892541e-05,3585,2865.2131271324492,0.104203630744414,1185,near_target,40,86,2,122
1183,71685.18924509245,70169.28486524463,0.9788533113211861,3886,1.367265556989639e-05,4673,3885.843302316758,0.05420924518611123,1185,near_target,40,87,2,122
1184,39335.65917717433,38031.478995021695,0.9668448372435201,3211,2.4678589505215933e-05,3905,3211.4468927361045,0.08163076626063703,1185,near_target,40,88,1,122
1185,45783.71001429291,44309.34855818183,0.9677972480681271,3775,2.1136041819326216e-05,4737,3774.6600850790774,0.082452907351141,1185,near_target,40,89,2,122
1185,36910.0832422153,35551.61657239938,0.9631952423162732,3292,2.624462515609244e-05,4033,3291.8519361186914,0.08918972028312386,1185,near_target,40,90,1,122
1182,60479.56216428515,59155.4302496149,0.9781061259823045,3512,1.6142642456610422e-05,4225,3512.0646106698073,0.05806920345190483,1185,near_target,40,91,1,122
1183,45400.41922132812,44027.04201148284,0.969749679994142,3496,2.1375318281854192e-05,4289,3495.6513021006945,0.0770036942380844,1185,near_target,40,92,3,122
1183,68711.92966878365,67347.42261582256,0.9801416281053595,3707,1.4221492574118599e-05,4481,3707.2194173487815,0.05394987475783435,1185,near_target,40,93,1,122
1184,56924.65389236288,55519.75389031833,0.975320008010922,3600,1.7143789665607086e-05,4353,3600.2034070177847,0.06324149123167498,1185,near_target,40,94,1,122
1184,66330.24362986519,64947.81216617671,0.9791583538965619,3690,1.4732331024114722e-05,4481,3690.243273388109,0.05563073189646145,1185,near_target,40,95,5,122
1183,39304.63562700804,38033.64910672996,0.9676631903590341,3183,2.466128868389709e-05,3905,3183.087067642754,0.08098281409363359,1185,near_target,40,96,6,122
1184,44491.54349619444,43103.85380136648,0.9688100347665696,3437,2.185006127656858e-05,4161,3436.6329087167364,0.07725063528744472,1185,near_target,40,97,1,122
1181,61104.844595482784,59595.68740509087,0.9753021679314854,3875,1.5973160624111794e-05,4737,3875.351948713673,0.0634155937332416,1185,near_target,40,98,1,122
1185,52769.764854276014,51466.04760344546,0.9752942380086254,3433,1.844734067406305e-05,4161,3432.5913464447176,0.06505619286878098,1185,near_target,40,99,4,122
1184,35739.57095805418,34369.24244540663,0.9616579473140334,3322,2.7074434744207497e-05,4097,3322.402372542312,0.09295019248828902,1185,near_target,40,100,1,122
1185,64272.29997136741,62952.22621751458,0.9794612336194456,3492,1.5218693506069548e-05,4225,3492.4078728165555,0.05433133716322035,1185,near_target,40,101,1,122
1184,49470.12061498863,48014.77027788021,0.9705812252119824,3564,1.9714003991139113e-05,4417,3563.6643566206967,0.07204348717355193,1185,near_target,40,102,1,122
1184,38317.98995068269,36962.88275273338,0.9646352222626132,3306,2.5302919436629746e-05,4097,3305.8673362482177,0.08627801208401065,1185,near_target,40,103,1,122
1184,44357.39415961078,43005.21826622766,0.9695163361373844,3409,2.188704749524973e-05,4161,3409.4854519339697,0.07685302675205465,1185,near_target,40,104,1,122
1184,70880.40428195271,69641.18207292676,0.9825167164101309,3345,1.3833802485515433e-05,4161,3344.862772901437,0.047192168750816374,1185,near_target,40,105,2,122
1182,49661.63992954098,48398.920741025766,0.9745735503236153,3286,1.9601004164737014e-05,4033,3286.070633879638,0.06616777063065409,1185,near_target,40,106,1,122
1184,29299.740754648774,28036.106074961674,0.9568721549358211,3005,3.291826653142173e-05,3713,3004.6240408005087,0.10256063441527956,1185,near_target,40,107,1,122
1184,46138.8311765319,44788.01749774617,0.9707228457171493,3414,2.1065697872974404e-05,4161,3414.0362673991444,0.07399407208513119,1185,near_target,40,108,2,122
1185,71620.36856862585,70214.30839624818,0.9803678729881095,3731,1.3671311708378312e-05,4481,3731.3831665374546,0.052094118957583924,1185,near_target,40,109,1,122
1176,32341.311544011834,31170.157144672645,0.9637876652669012,2906,2.986408031838134e-05,3585,2906.2855804149463,0.08985411726563271,1185,near_target,40,110,2,122
1185,36850.429381005495,35526.61609139501,0.9640760416677032,3204,2.6313464680450386e-05,3905,3204.3261420017075,0.08694606966103623,1185,near_target,40,111,1,122
1184,50836.867424767406,49482.338784074935,0.973355387353538,3502,1.913696120902388e-05,4289,3501.9048903468947,0.06888701403922161,1185,near_target,40,112,1,122
1184,32009.130532918847,30755.83153466135,0.9608455782024888,3027,3.0189582348285867e-05,3777,3027.2855002542938,0.09456676734430418,1185,near_target,40,113,2,122
1185,36305.438930209646,34942.37462798559,0.9624556445979268,3402,2.6560147731436686e-05,4417,3401.8266474974575,0.09370496818781623,1185,near_target,40,114,2,122
1184,47315.18324070359,45946.455454308125,0.9710721233090778,3451,2.0557447394528888e-05,4225,3451.4853183141913,0.07293641836794633,1185,near_target,40,115,1,122
1180,51052.688519067204,49644.893293105626,0.9724246603499482,3531,1.9093826559756723e-05,4289,3530.5510245482424,0.0691638403858249,1185,near_target,40,116,3,122
1180,37198.93648669577,35947.28223066944,0.9663524182613666,3105,2.60487063634758e-05,3841,3104.9468915939765,0.08347012826859998,1185,near_target,40,117,1,122
1183,30572.96449213449,29263.858311409895,0.9571809210369053,3090,3.1598472707557225e-05,3777,3090.1754363223554,0.10106968857386939,1185,near_target,40,118,1,122
1185,34225.720004530405,32905.52157497019,0.9614267156575388,3168,2.8289139075168875e-05,3905,3167.993734778838,0.09256196800478286,1185,near_target,40,119,1,122
1177,48569.63806784121,47303.46249611798,0.9739307184057114,3301,2.0025518946721077e-05,4033,3301.4152432344686,0.06796427009378209,1185,near_target,40,120,3,122
1184,60907.875754164066,59369.39464938692,0.9747408510684767,3859,1.604741661374577e-05,4801,3858.913294141253,0.06335798042892955,1185,near_target,40,121,1,122
1185,64430.25401042742,63004.51426822055,0.9778715796778307,3710,1.5174315819310845e-05,4481,3710.281505135275,0.057581644787549215,1185,near_target,40,122,3,122
1185,28264.276798129904,26974.602931499892,0.9543708874689714,3020,3.412137910738003e-05,3713,3020.084701215167,0.10684865640007521,1185,near_target,40,123,1,122
1184,30325.830511999644,29043.924729065788,0.9577289142196248,3036,3.185420732687169e-05,3713,3036.406505457179,0.10011267453330532,1185,near_target,40,124,3,122
1185,49841.23700523042,48450.327609289685,0.9720932007406885,3508,1.9540775008574283e-05,4417,3508.166988149994,0.07038348585994895,1185,near_target,40,125,1,122
1185,66002.67075451298,64733.20861540259,0.9807665034672315,3450,1.4813841927305053e-05,4225,3450.381787150437,0.05227061209131608,1185,near_target,40,126,1,122
1184,86447.07397607082,85096.10192392793,0.9843722639760271,3644,1.1371495175932539e-05,4481,3644.091313357257,0.04215295940506541,1185,near_target,40,127,2,122
1185,51906.725228359675,50480.77979427689,0.9725286958903794,3749,1.8686855140589278e-05,4673,3748.916330151,0.07222570839340299,1185,near_target,40,128,1,122
1183,32801.764238880925,31504.53423125314,0.9604524318210257,3104,2.9493900905007066e-05,3841,3104.0040309272213,0.09462905645546756,1185,near_target,40,129,1,122
1182,65197.20524219899,63891.948237045915,0.9799798626290158,3523,1.4989669663485815e-05,4353,3522.896593413898,0.054036058553622375,1185,near_target,40,130,4,122
1180,73016.14910508363,71632.42685730867,0.9810490930467515,3769,1.3397747738958381e-05,4609,3768.801838093922,0.051618717861657115,1185,near_target,40,131,2,122
1174,59223.76108886112,57960.20212652293,0.9786646619683219,3342,1.650038822063622e-05,4033,3342.187722489295,0.05643005338660546,1185,near_target,40,132,1,122
1184,28332.554830237674,27072.631492338314,0.955530895627008,2953,3.406394584883155e-05,3649,2953.0007024912857,0.10422639319657952,1185,near_target,40,133,2,122
1184,52555.494541855216,51211.668669320126,0.9744303448335956,3412,1.8570451209804004e-05,4225,3411.794083114702,0.06492185126871333,1185,near_target,40,134,4,122
1182,61680.174354511044,60315.924441853815,0.977881873277204,3546,1.5849306787674058e-05,4289,3546.3483537223556,0.05749010986284055,1185,near_target,40,135,1,122
1182,52562.029100543994,51236.17865189331,0.9747755086449476,3492,1.8511909281894116e-05,4289,3491.800436378524,0.06643579138317282,1185,near_target,40,136,2,122
1180,41078.504991417256,39678.18362239129,0.9659110922045838,3444,2.3616434592572916e-05,4225,3444.1858772627356,0.0838394678852011,1185,near_target,40,137,1,122
1184,54012.58999528399,52775.103219872864,0.9770889199070222,3299,1.8041403656734474e-05,4097,3299.403124962264,0.061078352293197684,1185,near_target,40,138,2,122
1185,43417.902768688844,42126.61449340008,0.9702590822461377,3415,2.226227675117416e-05,4289,3414.6401491014853,0.07865419060412918,1185,near_target,40,139,1,122
1183,30351.841095817625,29055.43130378793,0.9572872766453585,3136,3.1723028623264004e-05,3969,3136.422230236359,0.10332157413779192,1185,near_target,40,140,1,122
1181,41539.8887784422,40223.26651263597,0.9683046270819697,3257,2.3389720712353904e-05,3969,3256.5088963447315,0.07840656525036901,1185,near_target,40,141,2,122
1182,47814.5601149846,46471.626408807046,0.9719137078131,3373,2.0366354027932324e-05,4097,3373.393510328131,0.0705433657005021,1185,near_target,40,142,1,122
1185,27347.136324218234,26079.887101666405,0.9536606243693029,2951,3.5267571201848854e-05,3649,2950.605246003122,0.10790892198049404,1185,near_target,40,143,1,122
1183,56038.33714891219,54669.538082946645,0.975573881460326,3463,1.7443036046250656e-05,4289,3463.174705990211,0.061796979999561304,1185,near_target,40,144,3,122
1179,54526.478418192935,53276.05429055024,0.9770675795701949,3347,1.7865219437242393e-05,4097,3346.8671582253455,0.06138302155385965,1185,near_target,40,145,2,122
1184,44120.73562592136,42729.56083126622,0.9684689120677804,3439,2.2035738841405945e-05,4353,3438.7695269894443,0.07794520991575567,1185,near_target,40,146,1,122
1183,47081.866778463,45675.67557113363,0.9701330617592968,3481,2.067984784650639e-05,4225,3481.196080013816,0.07393504629668463,1185,near_target,40,147,1,122
1183,56958.57855118446,55385.530911721304,0.9723826036485519,4099,1.704930596376642e-05,5377,4098.807469433686,0.07196457679007091,1185,near_target,40,148,1,122
1182,37671.008834341475,36380.44127912305,0.9657410938768933,3165,2.5739695425033923e-05,3905,3164.910052563349,0.08401686331040693,1185,near_target,40,149,3,122
1181,54735.401456223255,53389.073949639875,0.9754029847088971,3483,1.7818226872857175e-05,4225,3483.486296685058,0.06363340557181558,1185,near_target,40,150,2,122
1180,38947.85599710643,37685.38460608768,0.9675855998052231,3130,2.4917380827812457e-05,3841,3130.3221804158325,0.08036385880220309,1185,near_target,40,151,3,122
1184,38734.36273840525,37349.035130422606,0.9642351775001815,3358,2.5037395222074222e-05,4097,3357.973516907011,0.08669304882278421,1185,near_target,40,152,1,122
1185,41219.37920771046,39828.92728003217,0.9662670337495478,3404,2.3554041522562297e-05,4225,3404.4185198317646,0.08258251495847979,1185,near_target,40,153,2,122
1185,70369.74458347014,68563.64438646522,0.9743341373811215,4878,1.3785634848170514e-05,6593,4878.218995013543,0.06931956381074947,1185,near_target,40,154,1,122
1184,60452.394838376844,59154.4470463694,0.9785294231026317,3446,1.6157871070038282e-05,4161,3445.689784023853,0.057003531608848426,1185,near_target,40,155,1,122
1182,44275.74046530528,42993.648396741206,0.9710430123790086,3233,2.1963188906041207e-05,3969,3232.7730668608096,0.07301967095351905,1185,near_target,40,156,2,122
1182,60825.528076004986,59430.37229369714,0.9770629893987189,3606,1.6068986259919005e-05,4353,3605.680836233581,0.059284318838861476,1185,near_target,40,157,3,122
1185,36658.084203881284,35346.9544009461,0.9642335427120776,3204,2.642332978455051e-05,3969,3204.392735554982,0.08740227618498314,1185,near_target,40,158,1,122
1184,39639.537151006574,38331.6067813598,0.9670043985462236,3244,2.4464497588271762e-05,3969,3244.008333723513,0.08183748431880024,1185,near_target,40,159,2,122
1183,32445.62547590759,31233.322730217016,0.9626358645300037,2979,2.9765657128315274e-05,3713,2978.7800073995368,0.09181515092726594,1185,near_target,40,160,2,122
1184,60421.24021592668,59031.613778850195,0.9770010275838366,3574,1.6177173431626795e-05,4289,3574.096829114971,0.05915138430173956,1185,near_target,40,161,1,122
1185,41197.341026644244,39829.73839095607,0.9668036188354078,3389,2.3543519305520076e-05,4161,3388.5985867487566,0.08226259063195791,1185,near_target,40,162,1,122
1178,42872.90887363855,41606.022511518946,0.9704501888161224,3183,2.2673634471206836e-05,3905,3182.8180961448857,0.07424268806628945,1185,near_target,40,163,2,122
1181,61710.28954344778,60370.342893080146,0.978286495489148,3529,1.583536058411533e-05,4225,3529.020647778527,0.05718657335929967,1185,near_target,40,164,2,122
1181,37594.5099859217,36295.984526233435,0.9654597051491153,3160,2.580962948672313e-05,3905,3160.358693913759,0.08405482612177546,1185,near_target,40,165,3,122
1177,43093.71522028666,41788.611759557556,0.9697147610954946,3323,2.2519765852108347e-05,4225,3323.4006295779463,0.07711101219779898,1185,near_target,40,166,2,122
1185,54072.789227121255,52804.704894590264,0.9765485681309194,3371,1.8014222874513845e-05,4097,3371.0906466755937,0.062341892256395935,1185,near_target,40,167,1,122
1185,60845.37611729329,59467.90323117813,0.9773610917703957,3587,1.6055935725814573e-05,4353,3587.054352276427,0.05895271307198829,1185,near_target,40,168,2,122
1185,58494.94888126277,57234.12529813437,0.9784455990262046,3365,1.668746678866093e-05,4161,3365.3416832931375,0.057526334570024464,1185,near_target,40,169,1,122
1184,56115.08795384579,54683.73787194803,0.9744925984420619,3592,1.741610358346967e-05,4545,3592.326435688245,0.06401130481973745,1185,near_target,40,170,1,122
1185,55581.5325573137,54137.34549190769,0.9740167822123865,3733,1.752495708053719e-05,4673,3732.917864781381,0.06716259570839762,1185,near_target,40,171,1,122
1185,40375.69325678225,39022.22498801867,0.9664781416840137,3373,2.4005115336114172e-05,4161,3373.1202652335223,0.08354036124032145,1185,near_target,40,172,1,122
1184,32455.577120770206,31125.58175887125,0.959021053394,3159,2.980109458963131e-05,3905,3158.9746768753253,0.09733304042769195,1185,near_target,40,173,3,122
1184,59662.06597938461,58251.91481849682,0.9763643591997795,3636,1.6374532273555272e-05,4481,3636.462248690521,0.060943246605914866,1185,near_target,40,174,1,122
1183,39662.98430944694,38333.11566566861,0.9664707871348555,3333,2.44134000314323e-05,4161,3333.0755705908414,0.08403301108147188,1185,near_target,40,175,1,122
1184,34727.74368873406,33404.50283901285,0.9618967226439626,3205,2.7857989678960367e-05,3969,3204.6844533970852,0.09228932431448825,1185,near_target,40,176,1,122
1182,52734.07434795067,51343.777156963915,0.973635695550219,3559,1.8475038207147395e-05,4289,3558.6255088825324,0.06748956996034403,1185,near_target,40,177,2,122
1181,52745.986124206654,51389.335451823565,0.9742795467092332,3620,1.8414470159588528e-05,4801,3619.5765403054393,0.06863081470266943,1185,near_target,40,178,1,122
1182,49093.10232801283,47676.037310398264,0.971135150348688,3570,1.982254235228825e-05,4353,3569.7362092717076,0.07271897335286012,1185,near_target,40,179,1,122
1183,53801.05477039681,52498.65664214731,0.975792330953219,3346,1.814184275349095e-05,4097,3346.1060108478246,0.062192089249541706,1185,near_target,40,180,1,122
1185,29057.371668283384,27813.889587838017,0.9572059684323532,2954,3.321101485897981e-05,3649,2954.227523521641,0.10166094971433157,1185,near_target,40,181,1,122
1184,46971.36139412702,45696.36030670844,0.9728557774444664,3259,2.071860952951549e-05,4033,3258.8204619676744,0.06938270263564221,1185,near_target,40,182,1,122
1181,67118.56684946117,65787.54346493675,0.9801690732236619,3557,1.4574916453668396e-05,4289,3556.973931244164,0.05299576804102389,1185,near_target,40,183,1,122
1185,34301.45286874713,32997.4515435552,0.9619840789198747,3158,2.8201230785848755e-05,3905,3157.601995659038,0.09206607113943353,1185,near_target,40,184,2,122
1185,49055.851988160975,47670.20045486097,0.9717535935644454,3533,1.9828293531350234e-05,4353,3533.2900548422567,0.07201994984925847,1185,near_target,40,185,2,122
1183,33170.976475248994,31840.979510140587,0.9599047991215814,3210,2.9121235087238563e-05,3969,3210.369783584732,0.0967713447445597,1185,near_target,40,186,1,122
1184,52141.033783282684,50875.60379321861,0.9757306309782106,3371,1.8656535921780063e-05,4161,3370.8083527604463,0.06465157583969501,1185,near_target,40,187,1,122
1184,49242.094704213436,47912.71827863631,0.9730032519217064,3414,1.9759569872951723e-05,4161,3413.8102693922588,0.06933092551214882,1185,near_target,40,188,1,122
1183,40897.3529713514,39559.09171219951,0.9672775580343954,3330,2.3715244896649555e-05,4097,3329.805107508806,0.08142336259103775,1185,near_target,40,189,1,122
1183,41918.286777741014,40534.6176208927,0.9669912760465427,3424,2.3149035259696043e-05,4161,3423.7178923540278,0.08168272759224918,1185,near_target,40,190,1,122
1176,28843.250450864794,27637.110661411814,0.9581829450356967,2881,3.3458606493829405e-05,3585,2881.4945030514173,0.09988472016730071,1185,near_target,40,191,1,122
1182,55795.105484338426,54367.093195150526,0.9744061369399375,3588,1.751091069136185e-05,4353,3587.5673617925945,0.06430671595391363,1185,near_target,40,192,2,122
1183,39098.05779928986,37817.0833926477,0.9672368787928532,3140,2.4841860732405077e-05,3841,3140.040214124113,0.08031089462599934,1185,near_target,40,193,2,122
1185,45597.05982648352,44320.69663491064,0.9720077742637355,3285,2.130825347959935e-05,4033,3284.9861591263298,0.0720441189081235,1185,near_target,40,194,1,122
1185,27238.280300816157,26005.65739886029,0.9547466694540575,2899,3.537798211845338e-05,3585,2898.927706634223,0.10643109506120824,1185,near_target,40,195,1,122
1185,107560.94450433404,105684.1008857728,0.9825508819468798,4881,9.141590475352052e-06,6529,4880.543543788612,0.0453789246876995,1185,near_target,40,196,1,122
1184,37271.88976047878,35970.4544057033,0.9650826571140094,3162,2.602865624202903e-05,3905,3162.2801832877417,0.08483605259406043,1185,near_target,40,197,1,122
1184,42589.65597290001,41215.568067936445,0.9677365812525487,3387,2.2809232432111946e-05,4161,3386.872851379629,0.07952635264664179,1185,near_target,40,198,1,122
1185,40675.02357867956,39379.937325337545,0.9681601597393823,3262,2.3832055478970666e-05,4033,3262.3300779228275,0.08019663451921949,1185,near_target,40,199,1,122
1215,14010.282208959012,12827.896049471963,0.9156058285013731,2531,6.749824931775997e-05,3265,2531.2799107167757,0.18065303483905037,1215,near_start,10,0,1,122
1215,13998.289477606542,12824.508074040754,0.9161482261498078,2508,6.763552644206718e-05,3201,2508.1868218672216,0.17916474752233966,1215,near_start,10,1,1,122
1215,14016.907190519203,12826.516051512366,0.915074622181133,2539,6.752167115864138e-05,3265,2538.736767392397,0.18113838990939002,1215,near_start,10,2,1,122
1215,14016.290491696656,12826.536963276625,0.9151163762534139,2537,6.753035755213509e-05,3265,2536.5644985386793,0.18100366865990225,1215,near_start,10,3,1,122
1215,13990.411886324011,12823.782899340693,0.9166122486984298,2496,6.767543067521925e-05,3201,2495.912575680815,0.17840789965875875,1215,near_start,10,4,1,122
1215,14007.437841541452,12826.219455257195,0.9156720593982468,2523,6.756635637688759e-05,3265,2522.9320954720183,0.1801185933174454,1215,near_start,10,5,1,122
1215,14001.968084481887,12824.196466739051,0.915885280509378,2508,6.766327466347724e-05,3201,2508.429110252361,0.17911767723421454,1215,near_start,10,6,1,122
1215,14003.029644752014,12824.138549311581,0.9158117117975072,2516,6.762108186550123e-05,3201,2516.2613134063877,0.17967540338264826,1215,near_start,10,7,2,122
1215,13995.278566148236,12824.648308088052,0.9163553442307534,2505,6.763487580894784e-05,3201,2504.637155712072,0.1789889346010655,1215,near_start,10,8,1,122
1215,14000.056321011152,12825.347047489127,0.9160925323022427,2514,6.758976872694449e-05,3201,2513.8956762310804,0.17957070617116108,1215,near_start,10,9,1,122
1215,14005.237036705128,12824.884381491906,0.9157206227841959,2517,6.761530462709385e-05,3201,2517.064911726346,0.17971848626363196,1215,near_start,10,10,1,122
1215,14012.720674037466,12825.4070865612,0.9152688749675785,2531,6.756404089299838e-05,3265,2531.092234703063,0.18062159796629604,1215,near_start,10,11,1,122
1215,13996.550545890894,12823.997200491684,0.9162255484624783,2506,6.764673685401453e-05,3201,2505.7906417158965,0.17904411460405945,1215,near_start,10,12,1,122
1215,14001.380074450892,12824.848965157025,0.9159703469916691,2513,6.76182070157625e-05,3201,2512.915259160157,0.17948230721810152,1215,near_start,10,13,1,122
1215,14006.65240096407,12824.487979399692,0.9155997887487369,2517,6.763120407187012e-05,3201,2517.418297427113,0.1797003258128085,1215,near_start,10,14,1,122
1215,14001.486401166238,12826.182957281666,0.9160586661865646,2516,6.756981684439299e-05,3201,2516.249567573702,0.1796952072024605,1215,near_start,10,15,1,122
1215,14017.660175065832,12824.728496360098,0.9148979456052385,2533,6.760141554274344e-05,3265,2532.53956460876,0.18070062823363486,1215,near_start,10,16,1,122
1215,14023.020576558163,12826.938180226796,0.914705794675163,2549,6.748444160102676e-05,3265,2549.091615728997,0.18177253510282101,1215,near_start,10,17,1,122
1215,14009.933819633226,12825.958260055027,0.9154902817657139,2528,6.754855539855466e-05,3265,2528.407511513039,0.18044339341969726,1215,near_start,10,18,1,122
1215,14005.810424285972,12825.974081659824,0.915760937290689,2520,6.757874630373682e-05,3265,2520.2606054264243,0.17992532553705987,1215,near_start,10,19,1,122
1215,14021.409595284578,12825.843257092582,0.914732799861002,2536,6.758657695064548e-05,3265,2535.873680608012,0.18086626617432677,1215,near_start,10,20,1,122
1215,14005.24366774174,12824.854846500342,0.9157180803672709,2519,6.760102845815321e-05,3201,2519.2808007754666,0.17986120482873208,1215,near_start,10,21,1,122
1215,13988.654344263286,12823.537902864766,0.9167098984130427,2492,6.769759392867885e-05,3201,2491.504016255736,0.17814436890578852,1215,near_start,10,22,1,122
1215,14010.03981102259,12825.759450701058,0.9154691652346495,2527,6.756939203873567e-05,3265,2526.5459707687883,0.18037065091077387,1215,near_start,10,23,1,122
1215,14018.894955973796,12825.206339363733,0.9148514472532371,2535,6.758756165167398e-05,3265,2534.6596399483137,0.18082737676265803,1215,near_start,10,24,1,122
1215,14021.18211087749,12825.922981050555,0.9147533267612533,2542,6.753566163804605e-05,3265,2542.469348439619,0.1812971245860891,1215,near_start,10,25,1,122
1215,14003.128542035494,12824.649376257103,0.9158417233519812,2518,6.759946280792656e-05,3201,2517.858476823441,0.17981695964878885,1215,near_start,10,26,1,122
1215,14004.413554074301,12825.167118559331,0.9157946578082956,2517,6.760626053312883e-05,3201,2516.959669115479,0.179729054007244,1215,near_start,10,27,1,122
1215,13989.70761994967,12823.941521233113,0.9166697310346826,2496,6.766648502169704e-05,3201,2496.2534306962166,0.17841688102477868,1215,near_start,10,28,1,122
1215,14042.253261055426,12828.972897038668,0.9135978862180436,2578,6.738207183574674e-05,3329,2578.370068915142,0.18358876969907575,1215,near_start,10,29,1,122
1215,14006.026645684738,12824.772069627781,0.9156609789528779,2516,6.762917734599817e-05,3201,2516.4287112389957,0.17963695655078454,1215,near_start,10,30,1,122
1215,14010.100766759613,12825.740225153242,0.9154638099094629,2528,6.756259686701191e-05,3265,2527.560128591957,0.180441243220601,1215,near_start,10,31,1,122
1215,14029.301971571966,12825.924322059565,0.9142239826364246,2554,6.751718390203055e-05,3265,2553.557489056598,0.1820475462838603,1215,near_start,10,32,1,122
1215,14012.295378883842,12826.129959783073,0.9153482433086382,2532,6.754157905092556e-05,3265,2531.8717990849605,0.18069844601018453,1215,near_start,10,33,1,122
1215,14013.306825859909,12824.630546554275,0.9151751764178837,2527,6.761178357870827e-05,3265,2526.9798672590105,0.18032859990881803,1215,near_start,10,34,1,122
1215,14012.46797565396,12826.264051804841,0.9153465381037733,2534,6.752784335433218e-05,3265,2534.0821130179934,0.18083895031215858,1215,near_start,10,35,1,122
1215,14008.822684867864,12825.274787970317,0.9155141068224099,2522,6.759497758218929e-05,3265,2522.3740294953227,0.18002940409290993,1215,near_start,10,36,1,122
1215,14023.770337504546,12828.474594841517,0.9147664491148729,2552,6.744138415634823e-05,3265,2551.95611443137,0.18197673939190553,1215,near_start,10,37,1,122
1215,14014.617165316542,12827.505506540618,0.915294749419642,2536,6.750272770816859e-05,3265,2536.3011271735495,0.18095392618188016,1215,near_start,10,38,1,122
1215,13999.466706834011,12825.352614229621,0.9161315129217578,2512,6.760113465937543e-05,3201,2511.782043216685,0.17943540654828918,1215,near_start,10,39,1,122
1215,14017.136440247083,12825.89542103759,0.9150153796185425,2537,6.754110644003144e-05,3265,2537.4945716495004,0.18099274490298675,1215,near_start,10,40,1,122
1215,14005.148094518661,12824.908080910725,0.9157281304244217,2514,6.763420283712884e-05,3201,2514.4085286297936,0.17950542065199082,1215,near_start,10,41,1,122
1215,14013.27024515993,12826.72014576576,0.9153266811646628,2532,6.753474888636179e-05,3265,2532.3751096492974,0.18068587529556365,1215,near_start,10,42,1,122
1215,14000.402728375559,12824.27823695665,0.9159935243123273,2513,6.762145078366517e-05,3201,2512.7078660794614,0.1794948365954312,1215,near_start,10,43,1,122
1215,14030.775647683433,12828.48469771579,0.914310442974965,2563,6.741208531231267e-05,3265,2563.071372635707,0.18266987259704112,1215,near_start,10,44,1,122
1215,13998.577108473764,12824.868821937675,0.9161551722406409,2512,6.760167088807648e-05,3201,2511.667849994928,0.1794468095246202,1215,near_start,10,45,1,122
1215,14011.153313096018,12824.426705056534,0.9153012902278167,2521,6.763862037302847e-05,3201,2521.4948442681184,0.17992808612290742,1215,near_start,10,46,1,122
1215,14014.829335471051,12826.852244798276,0.9152342806154588,2538,6.750479592464883e-05,3265,2537.962370574419,0.18109389270809093,1215,near_start,10,47,1,122
1215,14001.189348864023,12823.209340492216,0.9158657183314658,2507,6.768571038060539e-05,3201,2507.123043820605,0.1790562171208265,1215,near_start,10,48,1,122
1215,14021.451983355593,12829.449645825116,0.9149872396278599,2553,6.739561073382732e-05,3265,2553.4632497669413,0.18207814732957633,1215,near_start,10,49,1,122
1215,14013.754517002442,12826.962790240175,0.9153123650537498,2540,6.747987127399023e-05,3265,2539.583309046255,0.18125049906634935,1215,near_start,10,50,1,122
1215,14006.547791452245,12824.579099123257,0.9156131325200414,2519,6.761537242647628e-05,3201,2519.0848459933245,0.17984445828523615,1215,near_start,10,51,1,122
1215,14010.656604322447,12826.306572201085,0.9154679137767193,2530,6.753725324502265e-05,3265,2530.460118287409,0.18057683315280643,1215,near_start,10,52,1,122
1215,13989.100023702249,12823.980249973734,0.9167123137475314,2494,6.767800213526966e-05,3201,2493.620975930723,0.17828166184917713,1215,near_start,10,53,1,122
1215,13999.222822513946,12824.522474052617,0.9160881740826253,2509,6.763648223217795e-05,3201,2508.545611004168,0.17922423493145315,1215,near_start,10,54,1,122
1215,14003.510101178834,12826.235297395964,0.915930020739317,2520,6.756135294011229e-05,3265,2519.514481828415,0.17995488143989435,1215,near_start,10,55,1,122
1215,14002.763133245975,12825.82929721173,0.915949886116411,2516,6.758508452615006e-05,3201,2516.4976630435467,0.17967882310502006,1215,near_start,10,56,1,122
1215,14009.767542242538,12825.901417592491,0.9154970900780167,2530,6.753709344827912e-05,3265,2530.497669616591,0.1805882925874032,1215,near_start,10,57,1,122
1215,14004.570328580967,12825.33188282014,0.9157961709575482,2519,6.758917902862657e-05,3265,2519.0453726149026,0.17986985254800325,1215,near_start,10,58,1,122
1215,14012.06963425953,12825.10418026166,0.9152897833810548,2528,6.75866438074552e-05,3265,2527.710528516442,0.1804158890146418,1215,near_start,10,59,1,122
1215,14024.250080429892,12825.927306881827,0.9145535221722649,2544,6.754808543130531e-05,3265,2544.2531698122643,0.18140007382997392,1215,near_start,10,60,1,122
1215,14004.355861412692,12825.817138032362,0.9158448460576719,2517,6.759597200049191e-05,3201,2516.6499122290747,0.1797297944231258,1215,near_start,10,61,2,122
1215,14000.463368794351,12823.481378258388,0.9159326402610831,2505,6.768855074517247e-05,3201,2505.182275876955,0.1789226494876875,1215,near_start,10,62,1,122
1215,14007.902899758808,12825.01138160131,0.915555417065472,2525,6.75784317422872e-05,3265,2525.11085113848,0.180255389980143,1215,near_start,10,63,1,122
1215,13999.298426071447,12823.912558620148,0.9160396591544665,2506,6.766960341008986e-05,3201,2505.5383716733577,0.17900897057333795,1215,near_start,10,64,1,122
1215,13995.049222714148,12824.314270874629,0.9163464927340591,2504,6.764568258134631e-05,3201,2503.5549524040266,0.1789204139372354,1215,near_start,10,65,1,122
1215,14004.864534482567,12826.245949957714,0.9158422002852741,2520,6.756574882804777e-05,3265,2520.2846180466718,0.17993747770964108,1215,near_start,10,66,1,122
1215,13999.139883083932,12825.527272903766,0.91616537730305,2513,6.758844204662427e-05,3201,2513.0794135720307,0.17951102860516602,1215,near_start,10,67,1,122
1215,14008.217811993927,12825.545392400294,0.9155729561414285,2524,6.757965242859979e-05,3265,2523.681670117781,0.1801799510740713,1215,near_start,10,68,1,122
1215,14009.988468351952,12826.365701740246,0.9155157929440508,2528,6.754638866553805e-05,3265,2528.033129568453,0.18044268956471013,1215,near_start,10,69,1,122
1215,14039.098543026706,12826.7157772623,0.9136424064516162,2561,6.751723310879003e-05,3265,2561.384164701968,0.18241911987091664,1215,near_start,10,70,1,122
1215,13996.650086128402,12823.499203176194,0.9161834527738264,2506,6.765990506576422e-05,3201,2505.5499367959733,0.17904284129268977,1215,near_start,10,71,1,122
1215,14003.904186377444,12823.893041541203,0.915736988119062,2515,6.763696783671159e-05,3201,2515.132394570005,0.17959277402415483,1215,near_start,10,72,1,122
1215,14010.389274465853,12826.885901987707,0.9155267316779628,2529,6.753031758498579e-05,3265,2529.2780411457647,0.18050890310443699,1215,near_start,10,73,1,122
1215,14030.091299021962,12827.865888882303,0.9143109346534711,2558,6.745697078275403e-05,3265,2558.19306805681,0.18232240585478715,1215,near_start,10,74,1,122
1215,14029.5972138316,12830.24489272777,0.9145127046183903,2565,6.734440864981857e-05,3329,2565.4898970245777,0.182827771952797,1215,near_start,10,75,1,122
1215,14027.462166182817,12828.414299588083,0.9145213972142887,2557,6.742710023158848e-05,3265,2557.441487450352,0.1822852893636295,1215,near_start,10,76,1,122
1215,14014.681050292476,12825.545532391823,0.9151507256117086,2531,6.75752003124155e-05,3265,2531.063605568784,0.1805963325827654,1215,near_start,10,77,1,122
1215,14005.482331032026,12824.580708495894,0.9156829022646652,2517,6.762205039275872e-05,3201,2517.2924138506087,0.1797153386444299,1215,near_start,10,78,1,122
1215,13988.778488025477,12823.482410669043,0.9166977961403894,2491,6.769857287122573e-05,3201,2491.474439165488,0.17807130208919378,1215,near_start,10,79,1,122
1215,14010.949069088676,12827.07625175659,0.9155037384338242,2531,6.751627930871726e-05,3265,2531.3115760790565,0.18064443654170143,1215,near_start,10,80,1,122
1215,14007.925889317004,12826.865639634443,0.9156862865341625,2530,6.751103480852124e-05,3265,2529.7018059456104,0.1806120349287026,1215,near_start,10,81,1,122
1215,14010.505429626,12824.431158628442,0.9153439340960864,2523,6.761947208266501e-05,3265,2523.3837541792627,0.1800791565067292,1215,near_start,10,82,1,122
1215,14019.210800555773,12824.69771708508,0.9147945558088522,2530,6.762591029477794e-05,3265,2530.2659383964815,0.18046664937085485,1215,near_start,10,83,1,122
1215,14003.4328249133,12825.54445364248,0.915885741303714,2517,6.759405994318312e-05,3201,2516.7195729580944,0.17974164131540965,1215,near_start,10,84,1,122
1215,14015.555965420119,12826.047668662382,0.915129424783965,2534,6.755201440230055e-05,3265,2534.1526634009074,0.18079910681046202,1215,near_start,10,85,1,122
1215,14005.854855398613,12825.69167454846,0.915737868696015,2520,6.758196507920851e-05,3265,2520.2209894211846,0.17992475475559108,1215,near_start,10,86,1,122
1215,13997.339533496124,12824.105799416326,0.9161816621457093,2504,6.766092238661267e-05,3201,2504.41278500779,0.17889113813434618,1215,near_start,10,87,1,122
1215,14012.679712462621,12824.925980375714,0.9152372168308007,2531,6.757392098860864e-05,3265,2530.932012395592,0.18062212595560684,1215,near_start,10,88,1,122
1215,14006.2684529578,12825.411598329187,0.9156908309593877,2524,6.75656097078162e-05,3265,2523.7383856702104,0.18020502808990424,1215,near_start,10,89,1,122
1215,14030.141823773703,12825.09125340449,0.9141098796073973,2550,6.756388164412281e-05,3265,2550.0751838240385,0.18175154834708032,1215,near_start,10,90,1,122
1215,14038.985154662998,12828.687280819431,0.913790216279161,2575,6.73837253673398e-05,3329,2575.470841884737,0.18341781629028386,1215,near_start,10,91,1,122
1215,14001.545810987878,12824.149833830033,0.9159095721963878,2511,6.764822229810856e-05,3201,2510.605703749006,0.17933734131194737,1215,near_start,10,92,1,122
1215,14027.344843958683,12828.62638821321,0.9145441657647891,2553,6.745953922127271e-05,3265,2552.921410232273,0.1820016566499062,1215,near_start,10,93,1,122
1215,14007.2999595067,12824.115306640828,0.9155308548909279,2515,6.7657446198153e-05,3201,2514.81208356156,0.17954923556078195,1215,near_start,10,94,1,122
1215,14007.297256342183,12824.935092822554,0.9155895572228052,2521,6.7602059805504e-05,3265,2520.9981217512145,0.17997761837020693,1215,near_start,10,95,1,122
1215,14006.088485301572,12823.935478944944,0.9155972056297362,2516,6.764934701044614e-05,3201,2515.5299072989715,0.17963616341852826,1215,near_start,10,96,1,122
1215,14007.955132487452,12826.874936565964,0.9156850386262082,2527,6.752865285763058e-05,3265,2527.3639628335827,0.18039749385971013,1215,near_start,10,97,1,122
1215,14010.218463064519,12826.548822724048,0.9155138341731781,2531,6.752720957392045e-05,3265,2530.5657437554764,0.18065385680262852,1215,near_start,10,98,1,122
1215,13992.76758381078,12824.917485014987,0.9165390197613972,2502,6.762643198347223e-05,3201,2502.346975892385,0.1788066574402865,1215,near_start,10,99,1,122
1215,14002.337508990093,12826.132619927874,0.9159993902227364,2520,6.75548860836334e-05,3265,2519.5794543112024,0.17996995133005853,1215,near_start,10,100,1,122
1215,14006.20528048485,12825.10499876154,0.9156730707517929,2521,6.759336665744476e-05,3265,2520.838717404284,0.1799916500947308,1215,near_start,10,101,1,122
1215,14007.721789894584,12826.195972122627,0.9156518215100238,2523,6.756658758504694e-05,3265,2523.454782325284,0.18011494216141102,1215,near_start,10,102,1,122
1215,14005.464402980862,12825.229357915787,0.9157303884322551,2517,6.761290790167649e-05,3201,2516.815198963418,0.1797155686936231,1215,near_start,10,103,1,122
1215,13999.675676277328,12825.229107956997,0.9161090159888169,2513,6.760040040613462e-05,3201,2512.596254191876,0.17950415838977743,1215,near_start,10,104,1,122
1215,13998.44447740609,12825.627005647206,0.9162180145335542,2512,6.758867608863926e-05,3201,2512.1285125980166,0.17944850972938053,1215,near_start,10,105,1,122
1215,14012.349023106173,12826.705152281018,0.9153857880024224,2535,6.751108082519365e-05,3265,2534.54952334104,0.1809118510979008,1215,near_start,10,106,1,122
1215,14015.416304574335,12827.108113571754,0.9152142066151298,2538,6.750389796742228e-05,3265,2538.080441787989,0.18108630845104834,1215,near_start,10,107,1,122
1215,14001.270425836685,12824.121384328711,0.9159255549170904,2511,6.763835318003653e-05,3201,2511.4307162800706,0.17934086862335197,1215,near_start,10,108,1,122
1215,14002.152443667852,12825.83433439697,0.9159901940788507,2513,6.760162643476632e-05,3201,2513.477811022099,0.179472406839596,1215,near_start,10,109,1,122
1215,13995.827864504838,12823.69271325277,0.9162511026428992,2503,6.766606415008384e-05,3201,2503.1150340928193,0.178839010041551,1215,near_start,10,110,1,122
1215,14015.16421439391,12826.398345149164,0.9151800256450898,2531,6.756561451814547e-05,3265,2530.668406114686,0.18059010663611078,1215,near_start,10,111,1,122
1215,14010.346107163426,12824.079261905987,0.9153292262600917,2524,6.762317325298989e-05,3265,2523.612859661323,0.18015258015000002,1215,near_start,10,112,1,122
1215,14012.60731948209,12827.949815506609,0.915457739094107,2532,6.750720944008108e-05,3265,2532.47797095235,0.1806944234053926,1215,near_start,10,113,1,122
1215,14012.151448332732,12825.54864228673,0.9153161589480827,2529,6.757133276642145e-05,3265,2529.021163507461,0.18048620223134393,1215,near_start,10,114,1,122
1215,13992.572757373659,12823.833369146641,0.9164743032970025,2497,6.768414412549047e-05,3201,2496.914427949197,0.17845181463745882,1215,near_start,10,115,1,122
1215,14002.671979592424,12825.047538925539,0.9159000194831985,2516,6.760536016998389e-05,3201,2515.5995893027834,0.17967999276615443,1215,near_start,10,116,1,122
1215,14017.008847514797,12828.718703437,0.9152251270577973,2545,6.743448090083939e-05,3265,2545.354275959367,0.1815651276021864,1215,near_start,10,117,1,122
1215,14009.737911571985,12827.18130640973,0.9155903834442564,2532,6.75018577722074e-05,3265,2531.5504472058738,0.18073143237808742,1215,near_start,10,118,1,122
1215,13999.185344036303,12826.051366001528,0.9161998395474824,2511,6.759274355948845e-05,3201,2510.6813410518807,0.179367580204922,1215,near_start,10,119,1,122
1215,13997.820657278531,12823.64663608451,0.9161173692718031,2506,6.76597969023064e-05,3201,2506.230652937376,0.17902786879162794,1215,near_start,10,120,1,122
1215,14006.549521012223,12824.608570111423,0.9156151235443328,2517,6.762846484522362e-05,3201,2517.292069021411,0.17970164573538036,1215,near_start,10,121,1,122
1215,14002.646662135478,12825.12390031698,0.9159071288285353,2517,6.759464187799294e-05,3201,2516.7842275493995,0.17975173270680417,1215,near_start,10,122,1,122
1215,14023.240267737954,12822.798770908345,0.9143962826058567,2531,6.768855560862669e-05,3265,2531.183813782082,0.1804861039015962,1215,near_start,10,123,1,122
1215,14008.705742926632,12826.134357546502,0.9155831090265251,2525,6.756498410401762e-05,3265,2524.5315955642172,0.18024505948916372,1215,near_start,10,124,1,122
1215,14016.254277244196,12828.356217502413,0.9152485367170906,2538,6.748963409987884e-05,3265,2537.7723789246866,0.18107548206517046,1215,near_start,10,125,1,122
1215,14008.848482055047,12826.382730483865,0.9155915096743399,2526,6.75523667363086e-05,3265,2525.8361429348565,0.18031460638865052,1215,near_start,10,126,1,122
1215,14000.619772735796,12824.794060786882,0.9160161670672132,2514,6.760333664561691e-05,3201,2514.177353259944,0.17956347938936643,1215,near_start,10,127,1,122
1215,14008.021460437665,12824.430185957552,0.9155061778122708,2520,6.762788621668144e-05,3201,2519.5176912722154,0.1798969259946626,1215,near_start,10,128,1,122
1215,14002.617176781503,12824.87193147031,0.9158910630461229,2515,6.760908955242678e-05,3201,2515.2568084152495,0.17960928076861643,1215,near_start,10,129,1,122
1215,14004.074974687266,12826.512282984813,0.9159128543776773,2519,6.756770672119473e-05,3265,2518.6622523050314,0.17987621492695224,1215,near_start,10,130,1,122
1215,13993.071561605688,12824.531070460764,0.9164914946657476,2503,6.763155583345744e-05,3201,2502.905660670237,0.17887423708085318,1215,near_start,10,131,1,122
1215,13998.279576165656,12824.747766999724,0.9161659972012518,2509,6.762665546317768e-05,3201,2508.7861046445596,0.17923631160160422,1215,near_start,10,132,1,122
1215,14002.32373309058,12824.078865284107,0.9158536189945373,2512,6.7642966285465e-05,3201,2512.2989634612904,0.1793987946488903,1215,near_start,10,133,1,122
1215,14002.207167654931,12825.325354183764,0.9159502641705115,2515,6.759652417059832e-05,3201,2515.4170216097687,0.17961454004263303,1215,near_start,10,134,1,122
1215,14002.565021143057,12825.236906383374,0.9159205393453281,2516,6.759722928573314e-05,3201,2515.906261528711,0.1796813652499372,1215,near_start,10,135,1,122
1215,13994.838968865823,12824.583454350328,0.9163794941035799,2504,6.763841556033493e-05,3201,2503.996579745528,0.17892310197856678,1215,near_start,10,136,1,122
1215,13997.291638325612,12824.02550690642,0.9161790607972543,2504,6.766026330692929e-05,3201,2504.390857351273,0.1788917502543038,1215,near_start,10,137,1,122
1215,14004.297195698664,12826.372555778984,0.9158883431664481,2521,6.755239512422222e-05,3265,2521.20330224569,0.18001617394797292,1215,near_start,10,138,1,122
1215,14008.751157282171,12826.021241453103,0.9155720661642098,2523,6.757868055462354e-05,3265,2523.2329859083316,0.1801017072594989,1215,near_start,10,139,1,122
1215,13998.928241452046,12824.971665077397,0.9161395389613856,2510,6.76177502918943e-05,3201,2509.7216742651904,0.17929944040770718,1215,near_start,10,140,1,122
1215,14024.926803664133,12827.240437395796,0.9146030219597702,2549,6.749485279179226e-05,3265,2548.8685940015002,0.18174782911052711,1215,near_start,10,141,1,122
1215,14025.265189398024,12828.149273686886,0.9146457553889205,2556,6.742714628700077e-05,3265,2556.1579514259015,0.1822425434017555,1215,near_start,10,142,1,122
1215,13993.752012392486,12823.099564247414,0.9163446338688599,2498,6.76944425291629e-05,3201,2498.3551361264736,0.17850823694659154,1215,near_start,10,143,1,122
1215,14029.8956273781,12829.0158630759,0.9144056523158455,2562,6.740150622356456e-05,3265,2562.4335757122117,0.18261005413329545,1215,near_start,10,144,1,122
1215,14002.42518187515,12824.508837670399,0.915877690549673,2514,6.762549550981295e-05,3201,2513.90498786399,0.17954032728945707,1215,near_start,10,145,1,122
1215,14040.981695897133,12830.354792219881,0.9137790412453137,2578,6.735048140295011e-05,3329,2577.8456073704965,0.18360539567922865,1215,near_start,10,146,1,122
1215,14008.061366520353,12825.728877889509,0.9155962800493828,2520,6.759923960543281e-05,3265,2520.278708098552,0.17989641350535973,1215,near_start,10,147,1,122
1215,13999.107050729717,12825.637400712034,0.9161753927757474,2512,6.759071612413053e-05,3201,2512.236508682045,0.17944001648798447,1215,near_start,10,148,1,122
1215,13999.489454648492,12823.963598523056,0.9160308052708946,2508,6.76532170686429e-05,3201,2508.036103427741,0.17914939027774512,1215,near_start,10,149,1,122
1215,14003.970425013631,12824.389038751096,0.9157680750199537,2515,6.763189983987404e-05,3201,2514.8411565311403,0.17959192455217943,1215,near_start,10,150,1,122
1215,14011.29247264256,12827.257988227979,0.9154942710155796,2531,6.75161363131612e-05,3265,2531.431775627933,0.18064000911706382,1215,near_start,10,151,1,122
1215,14001.386975374964,12825.370780723882,0.9160071643816853,2515,6.7594657874877e-05,3201,2514.743641523638,0.17962506174733073,1215,near_start,10,152,1,122
1215,14010.163896756094,12825.880158514758,0.915469672805502,2530,6.753780190804454e-05,3265,2530.3967394134006,0.1805831836546748,1215,near_start,10,153,1,122
1215,14000.754071612559,12825.396630319166,0.9160504187644788,2514,6.759551307928998e-05,3201,2514.169639281783,0.17956175696974058,1215,near_start,10,154,1,122
1215,14001.761778549197,12825.753096414059,0.9160099492667564,2520,6.755589791477778e-05,3265,2519.5580459544963,0.1799773514116387,1215,near_start,10,155,1,122
1215,14022.124663351822,12828.24885040038,0.91485770939751,2548,6.746056743187626e-05,3265,2548.075286823374,0.1817128331956315,1215,near_start,10,156,1,122
1215,14002.28014741993,12824.831960414216,0.9159102535723319,2514,6.761616133954368e-05,3201,2514.1753602858716,0.1795421869532607,1215,near_start,10,157,1,122
1215,14017.774361497066,12829.172218446436,0.9152074992507092,2544,6.743520886113225e-05,3265,2544.495088992955,0.18148387428661011,1215,near_start,10,158,1,122
1215,13999.335838235673,12825.167003746656,0.9161268185822024,2507,6.76355870663695e-05,3201,2507.4848022402375,0.17907992414559828,1215,near_start,10,159,1,122
1215,14001.971808899547,12826.533695999393,0.916051958328251,2518,6.75552363178277e-05,3265,2517.938473451777,0.17983181471623721,1215,near_start,10,160,1,122
1215,14002.867506089104,12825.540110042337,0.9159224069259522,2519,6.756788795088335e-05,3265,2519.247704566687,0.17989172567009012,1215,near_start,10,161,1,122
1215,14026.121994113928,12824.945211151391,0.9143614476284598,2540,6.760257175324373e-05,3265,2540.44312147515,0.18109068216189142,1215,near_start,10,162,1,122
1215,13995.34932774117,12824.788664344904,0.9163607398440555,2505,6.763312807250436e-05,3201,2504.5495401526987,0.17898802961885793,1215,near_start,10,163,1,122
1215,14012.640343471247,12827.584093192387,0.9154294821510209,2533,6.750759771067665e-05,3265,2533.2934539814146,0.18076536169574725,1215,near_start,10,164,1,122
1215,14002.192896290764,12824.29226485129,0.9158774171900242,2515,6.762005141281843e-05,3201,2514.837471112921,0.17961472310999468,1215,near_start,10,165,1,122
1215,14013.921976828113,12825.316152298179,0.9151839273477274,2529,6.758620358858036e-05,3265,2529.108426362268,0.18046339948100734,1215,near_start,10,166,1,122
1215,14029.751269375764,12829.17288865981,0.9144262533480131,2565,6.737838925291952e-05,3329,2564.8096372127725,0.18282576438820405,1215,near_start,10,167,1,122
1215,13998.294315199511,12824.993048887029,0.9161825548246618,2507,6.763613003355481e-05,3201,2506.6860337944777,0.17909324833082485,1215,near_start,10,168,1,122
1215,14073.5610682251,12829.973960189544,0.9116366424953174,2633,6.720094022981563e-05,3393,2633.173394223194,0.18708839839724112,1215,near_start,10,169,1,122
1215,13996.246075329189,12824.417924646757,0.9162755395714297,2505,6.764387023295748e-05,3201,2504.938922128135,0.1789765617521899,1215,near_start,10,170,1,122
1215,14001.446665660087,12825.690870275701,0.9160261204816755,2517,6.7576461219856e-05,3201,2516.90115016098,0.17976713836100863,1215,near_start,10,171,1,122
1215,13989.65613987191,12823.438208494104,0.9166371267658275,2494,6.769010211506903e-05,3201,2493.849602126351,0.17827457480472678,1215,near_start,10,172,1,122
1215,14001.090074138203,12825.611081984463,0.9160437518843623,2514,6.759240164267043e-05,3201,2514.1961097799685,0.17955744779070298,1215,near_start,10,173,1,122
1215,14003.135601471804,12826.394321131535,0.9159658726566507,2521,6.754735510762706e-05,3265,2520.686358060689,0.18003110672834086,1215,near_start,10,174,1,122
1215,13999.071303180574,12825.42639719958,0.9161626596105455,2511,6.760035856561642e-05,3201,2511.363219868737,0.17936904138987445,1215,near_start,10,175,1,122
1215,14029.58214177215,12828.519678336494,0.9143907173215392,2565,6.738401661081776e-05,3329,2565.3637093522725,0.18282796836570653,1215,near_start,10,176,1,122
1215,14064.382255987097,12829.597571949347,0.9122048404570268,2613,6.72889731676071e-05,3329,2613.343633555209,0.18578846567453516,1215,near_start,10,177,1,122
1215,14000.319983870093,12824.352523763158,0.9160042440842939,2510,6.764149874555416e-05,3201,2509.544696082537,0.17928161662674824,1215,near_start,10,178,1,122
1215,14000.989659152308,12825.059918596051,0.9160109557121511,2513,6.760940537902895e-05,3201,2513.244304387333,0.17948731205277885,1215,near_start,10,179,1,122
1215,14019.135771031211,12826.6023030363,0.9149353078911516,2547,6.747483793976107e-05,3265,2547.0504348272857,0.1816802434614448,1215,near_start,10,180,1,122
1215,14003.447329062055,12825.716588343705,0.9158970849789146,2517,6.759059634301885e-05,3201,2516.7351833572566,0.17974145514700113,1215,near_start,10,181,1,122
1215,14003.586419953646,12825.83699625832,0.9158965861761558,2516,6.75922686443396e-05,3201,2516.3983733989758,0.1796682595834852,1215,near_start,10,182,1,122
1215,14001.102821541897,12825.084900738004,0.9160053364514623,2513,6.761267163107853e-05,3201,2512.6275327842586,0.17948586136611566,1215,near_start,10,183,1,122
1215,13994.564459130535,12824.727494905066,0.9164077619105733,2502,6.764392953766786e-05,3201,2502.327965153242,0.17878369900733918,1215,near_start,10,184,1,122
1215,13997.619087634652,12824.513371896252,0.9161924818503806,2506,6.763974164214492e-05,3201,2506.463909954422,0.1790304468431902,1215,near_start,10,185,1,122
1215,14009.60918185604,12824.312777840772,0.9153940421442767,2521,6.763161303361693e-05,3201,2520.7830119287923,0.17994791769530358,1215,near_start,10,186,1,122
1215,14009.081722387875,12827.209530099162,0.9156352846168379,2529,6.75193786485116e-05,3265,2528.7511581488297,0.18052575108891056,1215,near_start,10,187,1,122
1215,14003.324892339584,12825.35764560882,0.9158794603576496,2516,6.759842256675805e-05,3201,2516.3485416233516,0.17967161508738252,1215,near_start,10,188,1,122
1215,14016.676063759953,12826.66356626201,0.9151002354563423,2537,6.752739573013939e-05,3265,2536.9007650301296,0.18099868959370483,1215,near_start,10,189,1,122
1215,13998.802201552946,12823.563086284174,0.9160471661540872,2506,6.767066342276484e-05,3201,2505.7397722334576,0.17901531601910906,1215,near_start,10,190,1,122
1215,14004.922901799011,12827.317699317064,0.9159149100113448,2520,6.75510249601108e-05,3265,2519.7806393375386,0.17993672779707284,1215,near_start,10,191,1,122
1215,14004.792509740337,12825.05549197002,0.9157619067223017,2518,6.759938448962483e-05,3201,2518.4439836755378,0.17979559484717322,1215,near_start,10,192,1,122
1215,14044.331210548109,12827.290779091127,0.9133429414892384,2578,6.743164424337852e-05,3329,2577.920813868619,0.1835616065550898,1215,near_start,10,193,1,122
1215,14006.426407004392,12826.681927328938,0.9157712006336262,2523,6.754716330189036e-05,3265,2523.4301739000775,0.1801316000731127,1215,near_start,10,194,1,122
1215,14006.382977975325,12826.891958207862,0.9157890354974455,2525,6.75310597729121e-05,3265,2525.309292490811,0.18027495064004012,1215,near_start,10,195,1,122
1215,14000.111831886354,12823.99561427328,0.9159923697941915,2505,6.768085400633318e-05,3201,2504.516929814218,0.17892714216001232,1215,near_start,10,196,1,122
1215,14006.275340745799,12826.107169510098,0.9157400420508327,2522,6.756917753636212e-05,3265,2522.088136461479,0.18006214633402387,1215,near_start,10,197,1,122
1215,14011.313345162362,12825.856054488411,0.9153928499441311,2527,6.756942772111793e-05,3265,2527.4791590641485,0.1803542564318204,1215,near_start,10,198,1,122
1215,14007.982561592544,12826.399051770242,0.9156492732178295,2525,6.755344167897734e-05,3265,2525.0539854999897,0.18025436488785412,1215,near_start,10,199,1,122
1204,13869.048103161493,12686.64475321009,0.9147451691596722,2509,6.835211428197113e-05,3201,2509.2657527718675,0.18090643145350874,1205,near_start,20,0,1,122
1205,13925.092119091149,12703.361677905947,0.9122641034804917,2572,6.808636260192395e-05,3265,2571.7027041476267,0.1847025483209419,1205,near_start,20,1,1,122
1205,13936.908348114717,12703.58724103238,0.9115068366472272,2591,6.803438265729969e-05,3329,2590.9285889416205,0.18590923720543026,1205,near_start,20,2,1,122
1205,13949.558881899857,12705.151426570952,0.9107923436243152,2612,6.794312619709937e-05,3329,2612.4816539693393,0.1872460643461049,1205,near_start,20,3,1,122
1204,13931.828646823731,12687.619423414437,0.9106930428911816,2582,6.828365888624648e-05,3265,2581.7517575626734,0.18533101902517737,1205,near_start,20,4,1,122
1205,13979.15811172406,12703.578706951124,0.9087513429222085,2645,6.79704414891585e-05,3393,2644.528947437814,0.18921024992067925,1205,near_start,20,5,1,122
1205,13956.708002319609,12707.648320794018,0.9105047063162749,2619,6.790084373109032e-05,3329,2619.3395921006827,0.18765170121526664,1205,near_start,20,6,1,122
1205,14161.994099506011,12733.998193936975,0.8991670314550656,3004,6.596108945843717e-05,4033,3004.1945729218673,0.21211702101364266,1205,near_start,20,7,1,122
1204,13903.090794092484,12686.688306280777,0.9125084842049248,2544,6.835625635840282e-05,3265,2543.874257494419,0.18298089523237254,1205,near_start,20,8,1,122
1205,13987.906668495398,12713.542840206097,0.9088953151825414,2679,6.757399888218214e-05,3457,2678.86023677029,0.1915225818623628,1205,near_start,20,9,1,122
1205,13962.242835391804,12708.906647465956,0.9102338927418693,2628,6.785481852581931e-05,3393,2627.865371045469,0.18822190897142163,1205,near_start,20,10,1,122
1205,13918.98268422746,12703.461927710261,0.9126717243570834,2564,6.80936875294421e-05,3265,2563.707534211892,0.18420886484077903,1205,near_start,20,11,1,122
1205,13918.130470599343,12704.517605961646,0.9128034568147402,2568,6.803447247542561e-05,3265,2568.280331151331,0.1845075389560863,1205,near_start,20,12,1,122
1205,13928.519379794732,12702.181015534472,0.9119548653506391,2569,6.815220405749015e-05,3265,2569.0882989173188,0.18444171486932734,1205,near_start,20,13,1,122
1205,13931.432145294266,12702.129377089323,0.9117604884132336,2567,6.819435724779644e-05,3265,2566.7507526927966,0.18425959177980683,1205,near_start,20,14,1,122
1203,13941.47668374229,12685.815851011543,0.9099334409679124,2659,6.772990943695214e-05,3457,2658.668825621042,0.19072585066263215,1205,near_start,20,15,1,122
1205,13911.821286860113,12703.978678298523,0.9131786856906786,2560,6.805493449580735e-05,3265,2559.825094257214,0.18401616490128087,1205,near_start,20,16,1,122
1205,13956.461542017034,12705.922765791482,0.9103971466936153,2619,6.793739516697368e-05,3329,2618.643155087732,0.1876550149989876,1205,near_start,20,17,1,122
1205,13932.540714889888,12703.227935938101,0.9117667908454051,2579,6.809387347113217e-05,3329,2578.6407563367325,0.18510622382346884,1205,near_start,20,18,3,122
1205,13997.357393934499,12709.092084089045,0.9079636767434616,2697,6.761738555594598e-05,3457,2697.145959100132,0.19267922680667537,1205,near_start,20,19,1,122
1205,13948.503272551226,12705.755350444084,0.9109045681945888,2605,6.797120431281881e-05,3329,2605.39411626335,0.18675838898975552,1205,near_start,20,20,1,122
1205,13961.39106068253,12707.182656699899,0.9101659427394252,2635,6.782928722405616e-05,3393,2634.8667941566373,0.1887347749624014,1205,near_start,20,21,1,122
1205,13952.725595300291,12702.488820646366,0.9103947994881342,2612,6.802746552797399e-05,3329,2612.4487371283867,0.1872035669417739,1205,near_start,20,22,1,122
1205,13918.299260941792,12701.895732610454,0.9126040110557998,2557,6.817161139288327e-05,3265,2556.6691563507015,0.18371497494493294,1205,near_start,20,23,1,122
1205,13904.903675824677,12701.750557694155,0.9134727470120957,2540,6.819357295543661e-05,3265,2539.805361666743,0.18266937040463582,1205,near_start,20,24,1,122
1205,13934.423464198191,12703.034886324534,0.9116297433447841,2576,6.813074120757439e-05,3265,2575.907719952604,0.18486591903988955,1205,near_start,20,25,1,122
1205,13913.15264618727,12703.247100225723,0.9130387212208796,2556,6.811550418198335e-05,3265,2555.6735794810083,0.18371105852133668,1205,near_start,20,26,1,122
1204,13934.977993951909,12694.39049079845,0.9109731279308872,2618,6.791218061201231e-05,3393,2617.763272332143,0.1878725607701907,1205,near_start,20,27,1,122
1205,13915.03739213767,12701.954463953785,0.9128221582164554,2553,6.816525490582247e-05,3265,2553.490098094355,0.18347058136131966,1205,near_start,20,28,1,122
1205,13917.707786773046,12703.173276797554,0.9127345875784411,2553,6.816123743513447e-05,3265,2553.478066415478,0.18343537880758579,1205,near_start,20,29,1,122
1205,13950.596535055609,12706.548167358842,0.9108247188877785,2623,6.785171847352035e-05,3393,2622.691689688721,0.18802063362730204,1205,near_start,20,30,1,122
1205,13956.151748814063,12703.074670643584,0.9102132808009227,2618,6.799719849525667e-05,3329,2617.652538012778,0.1875875275018034,1205,near_start,20,31,1,122
1203,13918.326782489114,12678.901899796827,0.910950152122335,2592,6.819028386721279e-05,3329,2591.943653054067,0.1862292817597184,1205,near_start,20,32,1,122
1205,13968.174705141666,12708.770166203023,0.9098375725158235,2644,6.779153508836548e-05,3393,2643.7983614977147,0.1892874377513869,1205,near_start,20,33,2,122
1205,13996.355075964802,12707.22056871243,0.9078949840686641,2680,6.775379576817579e-05,3457,2680.260558986359,0.1914784231647725,1205,near_start,20,34,1,122
1205,13916.310681315845,12703.511395166683,0.9128505166403423,2562,6.807476807949652e-05,3265,2562.482685805493,0.18410051763501964,1205,near_start,20,35,1,122
1205,13925.777718002702,12706.429242209813,0.9124394701333942,2590,6.789175954417393e-05,3329,2590.4765615925176,0.18598602192621164,1205,near_start,20,36,1,122
1205,13996.92068739605,12711.656085268363,0.9081751886123751,2698,6.754760274851363e-05,3457,2697.930399861964,0.19275668272018542,1205,near_start,20,37,1,122
1205,13955.156974456422,12704.009155517253,0.9103451275231604,2605,6.80586858442109e-05,3329,2605.3732858044477,0.1866693441548671,1205,near_start,20,38,1,122
1205,13913.68053167504,12703.407683465968,0.9130156218943049,2558,6.809442867377683e-05,3265,2557.8569677016867,0.1838478319361015,1205,near_start,20,39,1,122
1205,13936.703397749832,12705.030646774945,0.9116238097473074,2586,6.804160638289971e-05,3329,2585.5288482927226,0.18555320624944388,1205,near_start,20,40,1,122
1205,13952.28803321392,12705.169829872713,0.910615506189924,2618,6.790988876647454e-05,3393,2618.0392607378735,0.18763947488524876,1205,near_start,20,41,1,122
1204,13947.269909955296,12696.498680938716,0.9103214294201187,2632,6.785263372289442e-05,3393,2631.8186986345167,0.1887107668376969,1205,near_start,20,42,1,122
1205,13991.578792623663,12706.336532469062,0.9081417273058435,2673,6.779427327318665e-05,3457,2673.0193945544725,0.19104348691580117,1205,near_start,20,43,1,122
1205,13929.06374729054,12702.92107683462,0.9119723555939337,2574,6.810435366241981e-05,3265,2574.1843444628016,0.1847934682975868,1205,near_start,20,44,1,122
1205,13975.850114018944,12708.46553730509,0.9093161012479262,2662,6.770342758259109e-05,3457,2662.4239024138324,0.19047141878902893,1205,near_start,20,45,1,122
1205,13915.051537171872,12702.098760348974,0.9128316001142586,2559,6.812499027586965e-05,3265,2559.241946262824,0.1839015826254063,1205,near_start,20,46,1,122
1204,13910.44960864545,12690.281766362741,0.9122840830734641,2564,6.819548290185786e-05,3265,2564.1675632839297,0.18432186393216612,1205,near_start,20,47,1,122
1204,13897.780566304162,12688.560735528537,0.9129918748532095,2546,6.826024691949042e-05,3265,2546.3017556310756,0.18319471859937836,1205,near_start,20,48,1,122
1205,13949.13532606327,12701.549967517694,0.9105618140921952,2594,6.814429784498838e-05,3329,2593.531062397031,0.18596134737851738,1205,near_start,20,49,1,122
1204,13929.269895695194,12695.468023513908,0.9114237945405459,2612,6.78728724853015e-05,3393,2612.2822072459107,0.1875188017433155,1205,near_start,20,50,1,122
1205,13920.465725965565,12703.2120385803,0.912556540036247,2561,6.812904373797689e-05,3265,2560.829638835694,0.1839737297885816,1205,near_start,20,51,1,122
1205,13936.960457107347,12703.892814731593,0.9115253540274677,2583,6.808812901536084e-05,3329,2582.7126475894097,0.1853345288558068,1205,near_start,20,52,1,122
1205,13936.005440745737,12700.265988378744,0.9113275710445713,2575,6.821088167542574e-05,3265,2574.862616726955,0.18477317700173113,1205,near_start,20,53,1,122
1205,13891.334773045128,12701.142526595702,0.9143212465976355,2521,6.824108299837534e-05,3201,2520.522101672787,0.1814800407007519,1205,near_start,20,54,1,122
1205,14016.341650614151,12714.86407571516,0.9071457012577911,2736,6.734077233462813e-05,3521,2735.624747958287,0.19520072128665023,1205,near_start,20,55,1,122
1205,13968.229744027514,12706.450332657005,0.9096679082107726,2630,6.792996476336102e-05,3393,2629.704648933499,0.18828441743840346,1205,near_start,20,56,1,122
1205,13901.709071155885,12700.497623203202,0.9135925344283726,2532,6.824847138423964e-05,3265,2531.500734067573,0.18213587890812277,1205,near_start,20,57,1,122
1205,13952.650238275017,12704.235198692877,0.9105248810611278,2615,6.796720621084685e-05,3329,2614.907146981993,0.18741959092664073,1205,near_start,20,58,1,122
1205,13938.1452576564,12704.637635615325,0.9115013081555099,2596,6.798498505819103e-05,3329,2595.567994485594,0.18625146689255404,1205,near_start,20,59,1,122
1205,13969.715215670944,12703.93429660016,0.9093910720777718,2640,6.793072613233919e-05,3393,2639.516848075326,0.18898023039428188,1205,near_start,20,60,1,122
1205,13924.392790907013,12704.594851016845,0.9123984824180824,2579,6.800482183760281e-05,3329,2578.9457517285305,0.18521453960162293,1205,near_start,20,61,1,122
1205,13958.076778043529,12706.659745965064,0.9103445946043955,2629,6.784550502183983e-05,3393,2629.2475808964646,0.18834973053991905,1205,near_start,20,62,1,122
1205,13919.74050173381,12702.681130907558,0.912565943979009,2554,6.817977947347153e-05,3265,2554.49625894665,0.18348043195790034,1205,near_start,20,63,1,122
1205,13947.084881112216,12707.912863032265,0.9111518981462503,2612,6.786263329463621e-05,3329,2612.463311787864,0.1872792789507785,1205,near_start,20,64,1,122
1205,13916.598140109902,12703.875734045016,0.9128578411293187,2558,6.811045999338084e-05,3265,2558.25884491991,0.18380928832222493,1205,near_start,20,65,1,122
1205,13922.280124311163,12704.487619737403,0.9125292341699659,2571,6.804481662136524e-05,3329,2571.398223636589,0.18466802686368203,1205,near_start,20,66,1,122
1204,13907.52336301972,12691.955003805993,0.9125963460578511,2564,6.814071203618043e-05,3265,2563.622030456523,0.18436064661359536,1205,near_start,20,67,1,122
1205,13959.57344271783,12708.407702729151,0.9103722083541625,2631,6.780706099985543e-05,3393,2631.3210381649797,0.1884728076252567,1205,near_start,20,68,1,122
1205,13940.255866226278,12706.814507572659,0.9115194605830775,2599,6.793518250917317e-05,3329,2598.999660608233,0.18643847178563783,1205,near_start,20,69,1,122
1205,13944.065216112132,12707.5766388656,0.9113251008165257,2604,6.79095263045392e-05,3329,2604.3249012643764,0.18674611453990633,1205,near_start,20,70,1,122
1205,13924.451304540718,12701.88629936731,0.9122001306597457,2565,6.816192730066121e-05,3265,2564.8809246583114,0.1842083356752134,1205,near_start,20,71,1,122
1205,13936.832451001568,12703.102833524748,0.911477043164987,2584,6.809408592833457e-05,3329,2584.139630874214,0.18540798341981224,1205,near_start,20,72,1,122
1205,13918.053460570783,12699.279876421506,0.9124321811521986,2548,6.827927136551705e-05,3265,2548.290932448465,0.18307157730198184,1205,near_start,20,73,1,122
1205,14000.33900785333,12709.571583148712,0.9078045593052728,2696,6.76328589795074e-05,3457,2695.889807823612,0.19256676559672659,1205,near_start,20,74,1,122
1205,13916.690775102335,12703.04490939872,0.9127920649156847,2563,6.807891011309817e-05,3265,2563.3993949942196,0.18416734562970508,1205,near_start,20,75,1,122
1205,13910.684976403023,12701.862432852036,0.9131011488218203,2552,6.814680945498913e-05,3265,2552.3385028492307,0.18345609898642729,1205,near_start,20,76,1,122
1205,13963.89659107462,12702.951695329393,0.9096996395296144,2624,6.802144032333501e-05,3329,2623.6730208495624,0.1879131647019784,1205,near_start,20,77,1,122
1205,13964.520578282678,12711.168829554186,0.9102474201171161,2638,6.775380586592685e-05,3393,2637.8267308396457,0.1889073087193957,1205,near_start,20,78,1,122
1205,13931.11727703169,12704.918514927078,0.9119813050367286,2583,6.801699475551019e-05,3329,2583.3322940450225,0.18541226440312913,1205,near_start,20,79,1,122
1204,13938.027727467545,12696.46513238873,0.9109226485012597,2622,6.785508908362063e-05,3393,2621.943478972887,0.18811843764902608,1205,near_start,20,80,1,122
1205,13984.082127131931,12710.854675667682,0.9089516609035118,2667,6.768681034245892e-05,3457,2667.2825904316355,0.19071684331898223,1205,near_start,20,81,1,122
1204,13933.663460232512,12694.124787924738,0.9110400020895086,2612,6.794448287980995e-05,3329,2611.551727605008,0.18745967329086138,1205,near_start,20,82,1,122
1205,13897.097912572555,12700.967320053576,0.913929469300432,2527,6.823636054491917e-05,3265,2527.2717678945746,0.18183652557515984,1205,near_start,20,83,1,122
1205,13917.208403852137,12702.591196012523,0.9127255141553086,2560,6.812683885195129e-05,3265,2559.586522527561,0.18394493534288234,1205,near_start,20,84,1,122
1204,13917.908213072038,12691.503518524352,0.9118829729459046,2582,6.809405924436843e-05,3329,2581.744536253098,0.18551638367430265,1205,near_start,20,85,1,122
1205,13941.032001089481,12702.584186888926,0.9111652699668309,2587,6.811292305133961e-05,3329,2586.5868081576104,0.18556732383928448,1205,near_start,20,86,1,122
1205,13937.717653826603,12707.347317516253,0.9117236862684938,2597,6.792062367338004e-05,3329,2597.282231575041,0.18632892877457546,1205,near_start,20,87,1,122
1205,13964.463025282494,12705.007783255953,0.9098099769574876,2640,6.786646186609758e-05,3393,2639.553780747405,0.18905130796796923,1205,near_start,20,88,1,122
1205,13938.40525663994,12704.298707016766,0.9114599893674871,2590,6.80340774745727e-05,3329,2589.578063300183,0.18581752735064025,1205,near_start,20,89,1,122
1205,13907.452749786731,12700.870572128359,0.9132420437181155,2540,6.823164722401796e-05,3265,2539.5166806176385,0.18263588923852,1205,near_start,20,90,1,122
1205,14001.789783060232,12712.993593613595,0.9079548965228816,2704,6.751143215965539e-05,3521,2703.8505249771833,0.19311816859808714,1205,near_start,20,91,1,122
1205,13959.366348478627,12707.134790309035,0.9102945272078151,2641,6.776516310338463e-05,3393,2640.585475529656,0.1891919686087923,1205,near_start,20,92,1,122
1205,13917.453637264098,12700.346582672522,0.9125481509539388,2555,6.820547136194142e-05,3265,2554.6946600303786,0.18358243300764202,1205,near_start,20,93,1,122
1205,13945.391905427448,12706.037495525674,0.9111280329511983,2613,6.788543785568253e-05,3329,2613.145289448191,0.18737372299899574,1205,near_start,20,94,1,122
1205,13972.069420651958,12710.55565300146,0.9097117449340848,2648,6.774247247854638e-05,3393,2648.175252161295,0.18952095929941637,1205,near_start,20,95,1,122
1205,14135.978502945234,12709.13164695237,0.8990627457663734,2920,6.707277130206657e-05,3777,2919.6840336731257,0.20656511322450138,1205,near_start,20,96,1,122
1204,13949.631989510737,12693.71657356689,0.9099678459698278,2630,6.795346485641965e-05,3393,2629.519302452054,0.18853543964296676,1205,near_start,20,97,1,122
1205,13964.340324282746,12702.006524414855,0.9096030481531014,2612,6.8121174378704e-05,3329,2611.7019873604513,0.18704786186412,1205,near_start,20,98,1,122
1205,14032.094532151821,12710.49708975044,0.9058160961378078,2742,6.751564899837378e-05,3521,2742.1574133862327,0.19540917385620793,1205,near_start,20,99,1,122
1205,13927.636307984754,12702.596055889173,0.9120424869657702,2577,6.808429822549129e-05,3329,2576.7238406478764,0.18502780680183317,1205,near_start,20,100,1,122
1205,14388.45051309583,12756.042783354102,0.886547357670239,3387,6.429936293542735e-05,4737,3386.7604781774003,0.23539713306288812,1205,near_start,20,101,1,122
1205,13940.582582458146,12702.033229268469,0.9111551224015428,2582,6.815247795403005e-05,3329,2582.488700606008,0.18521464111901667,1205,near_start,20,102,1,122
1205,13920.919228154215,12703.920084644218,0.9125776736748326,2562,6.811793280225867e-05,3265,2561.542080929093,0.18403957080783218,1205,near_start,20,103,1,122
1204,13909.311796492191,12689.785698263222,0.9123230454481204,2562,6.821023869836809e-05,3265,2562.3334530721236,0.18419315329793054,1205,near_start,20,104,1,122
1205,14018.201170330954,12710.260772514914,0.9066969875860925,2711,6.76474044201515e-05,3457,2710.9495861817095,0.1933914321145383,1205,near_start,20,105,1,122
1205,13920.097265943185,12701.804777337968,0.912479599435998,2561,6.815992321286944e-05,3265,2560.57452775862,0.18397859950775813,1205,near_start,20,106,1,122
1205,13963.217136446037,12704.762000871557,0.9098735539756286,2629,6.793518572810242e-05,3393,2628.9056328410575,0.1882803922842341,1205,near_start,20,107,1,122
1205,13924.644689903727,12701.63674144349,0.9121695399993224,2566,6.815806577220849e-05,3265,2565.851593327358,0.1842775925090941,1205,near_start,20,108,1,122
1205,13993.729816271712,12709.352552164271,0.9082176602685308,2683,6.767901719512576e-05,3457,2682.6811698431793,0.19172872673876018,1205,near_start,20,109,1,122
1205,13953.137948724123,12704.819798805136,0.9105349524596986,2614,6.796901217035267e-05,3329,2614.18838262532,0.18734137149694163,1205,near_start,20,110,1,122
1205,13967.810870319128,12707.392186071911,0.9097626180688384,2650,6.77473433839407e-05,3393,2650.3213737884735,0.189721927408905,1205,near_start,20,111,1,122
1205,13954.15952333349,12702.24256014441,0.9102835995893781,2611,6.805426381570062e-05,3329,2610.6663790736684,0.18711266670228388,1205,near_start,20,112,2,122
1205,13985.817968050222,12704.551690684391,0.9083881772025914,2642,6.80182936756138e-05,3393,2642.063702760731,0.18890564756637715,1205,near_start,20,113,1,122
1205,13914.85308186666,12702.696579211866,0.9128875816709532,2557,6.812683004507834e-05,3265,2556.939381948126,0.18376047414630564,1205,near_start,20,114,1,122
1205,13944.748486023967,12705.74925658511,0.9111494028966792,2599,6.798713450145172e-05,3329,2599.1329765381556,0.1863784063660116,1205,near_start,20,115,1,122
1205,14029.716331770634,12717.128856223875,0.906442336786641,2748,6.731366974746934e-05,3585,2748.274284793455,0.19586996165967283,1205,near_start,20,116,1,122
1205,13900.68110827691,12700.274016939054,0.913644009096569,2528,6.827120057695707e-05,3201,2528.431420915136,0.1818615922708095,1205,near_start,20,117,1,122
1205,13917.7491440854,12702.475940936922,0.9126817712715471,2563,6.811012520469296e-05,3265,2562.7665349196486,0.18415334070661804,1205,near_start,20,118,1,122
1205,13985.301810395358,12708.167107724777,0.9086802187049493,2680,6.764489599449284e-05,3457,2679.938680241897,0.19162975789395836,1205,near_start,20,119,1,122
1205,13941.40817245362,12703.113621280983,0.9111786603006614,2590,6.807207464342395e-05,3329,2589.8753423542807,0.1857775031016951,1205,near_start,20,120,1,122
1205,13936.121765136904,12703.735205896839,0.9115689013048776,2586,6.805711883373784e-05,3329,2585.759537102004,0.18556095042662651,1205,near_start,20,121,1,122
1205,13925.29835455379,12702.018499427733,0.9121541367387633,2561,6.818728224621349e-05,3265,2561.3541902926722,0.1839098836372517,1205,near_start,20,122,1,122
1205,13932.767285676477,12702.994805917542,0.9117352314480127,2577,6.811212180039875e-05,3329,2576.7059264000786,0.18495966717604437,1205,near_start,20,123,1,122
1205,13904.199089895294,12703.042047010727,0.9136119214692853,2542,6.814610829551769e-05,3265,2542.2107039101093,0.18282246849064232,1205,near_start,20,124,1,122
1205,14000.708693556388,12705.548523157791,0.9074932420389067,2694,6.775311335640327e-05,3457,2693.6035930459984,0.19241883100102442,1205,near_start,20,125,1,122
1205,13925.916506590294,12703.942985996839,0.9122518420949048,2572,6.80794279392141e-05,3265,2572.130626180174,0.18469161428497924,1205,near_start,20,126,2,122
1205,14063.878722713187,12707.480058292927,0.9035544396276916,2786,6.751940475075523e-05,3585,2785.589611801931,0.19809613371456378,1205,near_start,20,127,1,122
1205,13910.994014745253,12701.163915908506,0.9130306506095567,2547,6.819970330819935e-05,3265,2547.1878678470184,0.18309259548960005,1205,near_start,20,128,1,122
1205,13971.305717003608,12709.614933966677,0.9096941396464179,2650,6.7742053109213e-05,3393,2650.1808239847464,0.18967446949320202,1205,near_start,20,129,1,122
1205,13947.158961512867,12706.421293470696,0.9110401142292862,2605,6.795329636969352e-05,3329,2604.822826053689,0.18677638988617595,1205,near_start,20,130,1,122
1204,13942.92460973758,12689.78101518485,0.9101233328280676,2602,6.819320544938178e-05,3329,2601.6034768540285,0.1866179494496293,1205,near_start,20,131,1,122
1205,13944.93447801489,12705.085177281604,0.9110896288047828,2606,6.795031891290704e-05,3329,2606.2424457647503,0.186877894916504,1205,near_start,20,132,1,122
1205,13919.914937398331,12702.741994537959,0.9125588806875378,2570,6.807003251965632e-05,3265,2569.6924488379304,0.18462756500725713,1205,near_start,20,133,1,122
1205,13968.907072373902,12702.811292403938,0.9093632899545947,2623,6.805847841468908e-05,3329,2623.2299534356425,0.1877741749164806,1205,near_start,20,134,1,122
1205,13926.01376665276,12702.193983988174,0.9121198784396476,2564,6.816515243547312e-05,3265,2564.431016192529,0.18411585992681953,1205,near_start,20,135,1,122
1205,13932.78695543642,12701.847292478657,0.911651583642606,2580,6.811868969652438e-05,3329,2579.839534961278,0.18517472550553227,1205,near_start,20,136,1,122
1203,13908.997841718738,12679.926188898226,0.9116347801037091,2599,6.802434733225234e-05,3329,2599.4670503111697,0.18685745943568577,1205,near_start,20,137,1,122
1205,13976.238629696818,12702.632931621154,0.9088735008166291,2639,6.801135118531216e-05,3393,2639.158977288072,0.188820473799913,1205,near_start,20,138,1,122
1205,13924.503458055828,12699.988337535386,0.912060410325654,2559,6.824306250692195e-05,3265,2559.3772896286473,0.18377675065458268,1205,near_start,20,139,1,122
1205,13944.995786142865,12701.926214553152,0.910859093064413,2587,6.815940798469695e-05,3329,2587.023491293488,0.18551457739203484,1205,near_start,20,140,1,122
1205,13965.145560207031,12705.57431414527,0.9098060782373193,2626,6.793741665231745e-05,3393,2625.881312506166,0.18803957242541408,1205,near_start,20,141,1,122
1205,13946.351460112732,12706.186380974252,0.9110760199407412,2617,6.786149843311254e-05,3393,2616.942124348367,0.18764764443838605,1205,near_start,20,142,1,122
1205,13916.991977662527,12703.046547318823,0.9127724272391514,2559,6.81184454997462e-05,3265,2559.2894529866676,0.1838759413030721,1205,near_start,20,143,1,122
1205,13962.048632483453,12707.033811132655,0.9101124158505695,2628,6.788087816544109e-05,3393,2627.8577308762856,0.1882245270143106,1205,near_start,20,144,1,122
1205,13905.367914601975,12701.760014214628,0.913442930256923,2541,6.818830916303207e-05,3265,2540.9138912291673,0.1827351865556686,1205,near_start,20,145,1,122
1205,13983.257761472632,12709.470599283548,0.9089062660563487,2681,6.759178552272988e-05,3457,2681.380056328885,0.19172928410050658,1205,near_start,20,146,1,122
1205,13915.0088180636,12702.682313559972,0.9128763394723932,2555,6.813872652560849e-05,3265,2555.4443652703835,0.18361468780984586,1205,near_start,20,147,1,122
1205,13944.649484215159,12707.137124510486,0.9112553986311744,2608,6.789862780693062e-05,3329,2607.6513980233512,0.18702513841973312,1205,near_start,20,148,1,122
1205,14071.009872305542,12705.276252644548,0.9029399004012483,2797,6.755909159410152e-05,3585,2797.45557297604,0.19877748828142286,1205,near_start,20,149,1,122
1205,14030.255702403474,12712.264565907026,0.9060607900203367,2754,6.737263218949995e-05,3585,2754.340573734305,0.1962900789846775,1205,near_start,20,150,1,122
1205,13951.790275047573,12705.843031825361,0.9106962462408457,2607,6.798734013271159e-05,3329,2607.3350305853082,0.18685774001796415,1205,near_start,20,151,1,122
1205,13941.453889285383,12705.754224636117,0.911365078960742,2603,6.793257191964477e-05,3329,2602.975427032445,0.1867093647959141,1205,near_start,20,152,1,122
1202,13954.790631426808,12671.8824082608,0.9080668239997209,2682,6.784304606028778e-05,3457,2681.960290067542,0.19219206298660024,1205,near_start,20,153,1,122
1205,13996.40958852449,12710.76472433316,0.9081446669547727,2699,6.755922883210574e-05,3457,2698.9207341234537,0.19283516840010756,1205,near_start,20,154,1,122
1205,13902.108463672106,12701.499014324436,0.9136383195049148,2532,6.822817598569554e-05,3265,2532.3830156910835,0.18213064634162673,1205,near_start,20,155,1,122
1204,13923.74829846343,12690.480181688408,0.9114270029636258,2587,6.813154238018932e-05,3329,2586.8400394848263,0.18579767060896174,1205,near_start,20,156,1,122
1205,13895.278666624425,12700.924311687575,0.9140460307711847,2528,6.822207662411894e-05,3265,2528.221355232703,0.18193229949911657,1205,near_start,20,157,1,122
1205,13919.804403496863,12701.363253179312,0.9124670782003618,2556,6.819824559776284e-05,3265,2555.853370453762,0.18362326983257715,1205,near_start,20,158,1,122
1203,13894.238184317695,12679.133546332543,0.9125461488520737,2571,6.815089377094095e-05,3329,2571.4950235282936,0.18504073169710486,1205,near_start,20,159,1,122
1205,13925.807873852293,12703.67405724852,0.9122396468718698,2572,6.808698247507441e-05,3265,2571.6191595131722,0.18469305503124886,1205,near_start,20,160,1,122
1205,13898.802162475693,12702.114187294866,0.9138999202095507,2530,6.820922530662549e-05,3265,2530.362924769255,0.18203007499671825,1205,near_start,20,161,1,122
1205,13916.821024484183,12703.267573447483,0.9127995216075807,2558,6.812274793992508e-05,3265,2557.8229242418925,0.18380634453081288,1205,near_start,20,162,1,122
1205,13926.870087629177,12702.451753541567,0.9120823037492664,2574,6.810301339776965e-05,3265,2573.6863321472674,0.18482257562568974,1205,near_start,20,163,1,122
1205,13940.302087520247,12701.238578087461,0.9111164520213639,2578,6.819229462184661e-05,3265,2578.329882797936,0.18493143002316273,1205,near_start,20,164,1,122
1205,13980.469284492463,12710.737503517586,0.9091781716953308,2677,6.759236281124895e-05,3457,2677.04875278818,0.19148141207029473,1205,near_start,20,165,1,122
1204,13937.361085502955,12692.720395085396,0.9106975357255988,2613,6.80003864403325e-05,3329,2612.504922839692,0.18748168925019318,1205,near_start,20,166,1,122
1204,13993.091126922518,12693.82352517865,0.9071493503501814,2691,6.783302176163859e-05,3457,2691.331231296244,0.19230918855538304,1205,near_start,20,167,2,122
1205,13963.954662986624,12706.97827174294,0.9099842113799272,2632,6.787319873042847e-05,3393,2632.038032520316,0.18848528683471574,1205,near_start,20,168,1,122
1205,13943.289107915987,12703.33835483747,0.9110718609159038,2604,6.799489298652334e-05,3329,2604.1329923103667,0.18675650915978195,1205,near_start,20,169,1,122
1204,13903.997834154012,12689.984524115105,0.912686025665454,2561,6.817403310675126e-05,3265,2561.355184514888,0.18419162823149446,1205,near_start,20,170,1,122
1205,13916.538504330925,12703.383103590302,0.9128263540273984,2562,6.808846820082948e-05,3265,2562.0979556853235,0.18409750378678488,1205,near_start,20,171,1,122
1205,13978.246309536173,12701.224270674278,0.9086421851079638,2644,6.803211029970008e-05,3393,2644.269542798239,0.18915105238889823,1205,near_start,20,172,1,122
1205,13929.65119155086,12701.886448177587,0.9118596204248113,2577,6.810378326800282e-05,3329,2577.4647026687153,0.18500104306725926,1205,near_start,20,173,1,122
1204,13950.869192184971,12690.200686875321,0.9096351282530946,2620,6.810769959643992e-05,3329,2619.9610316590315,0.18780191856917972,1205,near_start,20,174,1,122
1205,13980.45925358943,12712.615496488956,0.9093131538740431,2688,6.74500523317393e-05,3457,2688.26639774235,0.19226836195026042,1205,near_start,20,175,1,122
1205,13942.559837626466,12703.56115649582,0.9111354948044054,2593,6.805751116290049e-05,3329,2593.2130062032506,0.18597732627277885,1205,near_start,20,176,1,122
1205,13897.068457701655,12701.531456253779,0.9139720002756899,2531,6.81999035286079e-05,3265,2530.566658796922,0.1821247414664161,1205,near_start,20,177,1,122
1204,13959.212369692668,12691.616854500802,0.9091929056152204,2644,6.796924258926942e-05,3393,2643.790304440885,0.1894089673526624,1205,near_start,20,178,2,122
1205,13946.797073647947,12704.438077995293,0.9109215550285696,2609,6.79579094298612e-05,3329,2609.2029346415525,0.18706804051301693,1205,near_start,20,179,1,122
1205,13937.345803448326,12705.608812248802,0.9116232740028039,2586,6.802838871282138e-05,3329,2586.0872914488195,0.185544653657096,1205,near_start,20,180,1,122
1205,13918.422976056789,12702.748071956128,0.912657137508184,2555,6.81650324435107e-05,3265,2554.6729420802244,0.18356964753803265,1205,near_start,20,181,1,122
1205,13957.99528953784,12707.37172705838,0.9104009181449675,2628,6.78382832150798e-05,3393,2627.7643613385603,0.18827918662286747,1205,near_start,20,182,1,122
1205,13954.094143483511,12705.83627417196,0.9105454029135612,2617,6.792332436741851e-05,3329,2617.0937758806235,0.18754352472404132,1205,near_start,20,183,1,122
1205,13995.98257937191,12711.838414098327,0.9082490880514363,2687,6.761726484433428e-05,3457,2686.863579578081,0.19198366279479773,1205,near_start,20,184,1,122
1204,13951.597713701305,12693.262119406805,0.9098070615196466,2637,6.792293188845732e-05,3393,2636.979688719424,0.1890106104055959,1205,near_start,20,185,1,122
1205,13974.102508223219,12705.609336720865,0.9092254281979186,2646,6.788508059892923e-05,3393,2645.630972569917,0.18935026406475344,1205,near_start,20,186,1,122
1205,13925.66728027201,12701.723381433309,0.9121087791195027,2572,6.812001257296097e-05,3265,2572.4325946883723,0.18469491969290833,1205,near_start,20,187,1,122
1204,13926.87400917731,12691.861186746994,0.911321605866723,2589,6.81094990252178e-05,3329,2589.1027489152816,0.18589957791633224,1205,near_start,20,188,1,122
1205,13926.924832265993,12705.095740199471,0.91226856561789,2582,6.798122435559116e-05,3329,2582.3529123283665,0.18539627599755581,1205,near_start,20,189,1,122
1205,14041.845839489943,12715.785518578057,0.9055636747426324,2785,6.714074350316341e-05,3649,2785.346046266142,0.19833574815126745,1205,near_start,20,190,1,122
1204,13934.811334806502,12693.526312695449,0.9109220073177051,2610,6.798337931804861e-05,3329,2609.890931209646,0.18730070592923764,1205,near_start,20,191,1,122
1205,14113.791395547516,12714.335914542207,0.9008448232098148,2895,6.688020799741658e-05,3777,2895.319464353191,0.2051185198127051,1205,near_start,20,192,1,122
1205,13979.33770477366,12710.583659532715,0.9092407614698591,2656,6.774183314400709e-05,3393,2656.0204917102146,0.18999469474816608,1205,near_start,20,193,1,122
1203,13892.835033328367,12679.12586668253,0.9126377615703205,2565,6.817660780898227e-05,3265,2565.1785882572303,0.18462754317939178,1205,near_start,20,194,1,122
1205,13960.079308209939,12706.724415942603,0.9102186409836341,2619,6.794071674565635e-05,3329,2619.2669378230185,0.18760638404538024,1205,near_start,20,195,2,122
1205,14093.614112766938,12716.644592931398,0.9022983381822418,2851,6.701977488630645e-05,3713,2850.7116834661733,0.2022901987516015,1205,near_start,20,196,1,122
1205,13904.77536146126,12702.468335759546,0.913532797585925,2542,6.816065514453928e-05,3265,2542.0941535971538,0.18281489156922706,1205,near_start,20,197,1,122
1205,13928.25192226715,12702.765052924791,0.9120143090330547,2579,6.806227880773536e-05,3329,2578.6439182424533,0.18516322180222364,1205,near_start,20,198,1,122
1205,13983.649325872166,12705.491229894758,0.9085962422117813,2657,6.787241171981258e-05,3393,2656.561342953792,0.19000762519724312,1205,near_start,20,199,1,122
1195,13946.969608618096,12594.738387376303,0.9030448004700445,2806,6.771077878401505e-05,3649,2806.221226623971,0.2011906585260012,1195,near_start,30,0,1,122
1194,14033.714586900307,12578.5885688523,0.8963121268401534,2942,6.760396111226472e-05,3841,2942.1478449760866,0.20963801007797278,1195,near_start,30,1,1,122
1195,13813.003742447876,12580.108526106394,0.910743872996085,2575,6.871648676132328e-05,3265,2575.409605831881,0.1864185406746057,1195,near_start,30,2,1,122
1195,13954.746317890742,12585.870777099786,0.9019060963483096,2786,6.81581428420745e-05,3585,2785.928922688526,0.1996453347509583,1195,near_start,30,3,2,122
1193,14042.05477052496,12578.504260534812,0.8957737643167281,3020,6.692668088256144e-05,4033,3019.6946699939817,0.21506823960971475,1195,near_start,30,4,1,122
1193,13944.574805787544,12567.226969744563,0.9012269749902071,2861,6.762641759654943e-05,3777,2861.4728139847343,0.20516939668985626,1195,near_start,30,5,1,122
1195,14007.06653189566,12588.183647552694,0.8987023527651553,2929,6.742507620887089e-05,3841,2929.1229316637427,0.20910873760257645,1195,near_start,30,6,1,122
1195,13925.588609543407,12586.072003194315,0.9038089775658673,2753,6.815794372995019e-05,3521,2752.6415697418975,0.19769361835903507,1195,near_start,30,7,1,122
1195,13922.343771531552,12585.13734603633,0.9039524919482633,2757,6.811424274370771e-05,3585,2757.358015079074,0.19802700215157173,1195,near_start,30,8,1,122
1195,13863.230116049857,12583.13382973955,0.9076624801294828,2661,6.841338384611918e-05,3393,2661.156617037354,0.19194660823809628,1195,near_start,30,9,1,122
1195,13936.126569661366,12588.467244783344,0.9032974249952748,2787,6.790178627010885e-05,3585,2787.1185427941123,0.19998383238476294,1195,near_start,30,10,1,122
1195,13913.92482896679,12580.447579906026,0.9041623937564578,2717,6.845739550185228e-05,3457,2716.8129521823275,0.1952720050882837,1195,near_start,30,11,1,122
1194,14047.052140109728,12587.014571890577,0.8960609276838816,2976,6.728883508223696e-05,3905,2976.086487086759,0.21185939728253567,1195,near_start,30,12,1,122
1185,13717.00999505238,12455.093306576775,0.9080035161503295,2611,6.929326669374275e-05,3329,2611.479815107245,0.19034760497672362,1195,near_start,30,13,3,122
1195,13883.625702632227,12584.926038355612,0.9064581765532334,2696,6.827534490964289e-05,3457,2695.9415789615114,0.19418558651353293,1195,near_start,30,14,1,122
1195,14074.60561834492,12602.787340653089,0.8954273876226091,3057,6.654098586127461e-05,4097,3057.085846714616,0.21719969162158895,1195,near_start,30,15,2,122
1194,14286.416047217368,12636.303596104211,0.8844978022717911,3454,6.407148156164399e-05,4993,3453.9177536903103,0.24176812355067537,1195,near_start,30,16,2,122
1192,14084.398253269963,12569.63783572879,0.8924511796455704,3099,6.670719629954538e-05,4161,3099.4586896874275,0.22003069952104684,1195,near_start,30,17,1,122
1195,13944.06070580437,12582.849299900687,0.902380559392067,2772,6.825469667951222e-05,3521,2772.3865781251693,0.1987943152632808,1195,near_start,30,18,1,122
1194,13881.583641262625,12575.960257906405,0.9059456458933626,2710,6.823121792112034e-05,3521,2709.704518680186,0.19522268280288999,1195,near_start,30,19,3,122
1195,13950.605230934267,12587.8444134637,0.9023152906335015,2796,6.798395773450312e-05,3585,2796.2033757851627,0.20042141209759923,1195,near_start,30,20,1,122
1195,14340.110921628846,12605.485755467735,0.8790368376059897,3493,6.514175635250529e-05,5057,3493.2035000361484,0.24358249521847086,1195,near_start,30,21,1,122
1194,13903.318455211811,12568.080986763889,0.9039626782088565,2715,6.855260248247248e-05,3457,2715.0339493674496,0.19527712097986596,1195,near_start,30,22,1,122
1195,13871.18761559383,12587.127422812959,0.9074296860250564,2673,6.830796809792878e-05,3457,2672.64333057041,0.1927015965810342,1195,near_start,30,23,1,122
1195,14057.436102252552,12599.970813977165,0.896320689087689,3006,6.690256301773022e-05,3969,3006.368250573199,0.213837002575336,1195,near_start,30,24,1,122
1195,14107.267049581185,12606.473671007258,0.89361558313887,3078,6.662300866050615e-05,4097,3077.616345873132,0.21818542097360943,1195,near_start,30,25,1,122
1194,13921.272584188708,12575.178136682845,0.903306652508571,2790,6.791802321066327e-05,3649,2790.1386966384016,0.20041271249646989,1195,near_start,30,26,1,122
1193,13895.157144066343,12562.641345806573,0.9041021426066567,2765,6.807841018274132e-05,3585,2765.21322159527,0.19899019286591801,1195,near_start,30,27,1,122
1195,14014.582993831358,12598.577389702961,0.8989619880411951,2923,6.72673112205713e-05,3841,2922.5774968703613,0.2085684605304763,1195,near_start,30,28,1,122
1195,13954.07704656438,12593.12969719793,0.90246955460938,2808,6.782091105642733e-05,3649,2807.593814118152,0.20123151037720227,1195,near_start,30,29,1,122
1195,13886.93999282386,12586.46596274417,0.906352729200838,2700,6.823732809646339e-05,3457,2699.94812855242,0.1944272821366865,1195,near_start,30,30,2,122
1195,14273.903720312992,12608.397590865352,0.8833181053983514,3389,6.541343732397237e-05,4737,3388.71735318568,0.23742628971058294,1195,near_start,30,31,1,122
1194,14023.56231508974,12590.734888446947,0.8978271430290553,2967,6.701602845045689e-05,3969,2966.681384525285,0.21157249016588503,1195,near_start,30,32,1,122
1195,14193.407852449698,12618.62487833279,0.8890482828022792,3232,6.577466915402383e-05,4417,3232.2440135154834,0.22771134554850236,1195,near_start,30,33,1,122
1194,13859.334302549098,12571.976798126869,0.9071126017801988,2673,6.842706545115429e-05,3457,2672.6685141806083,0.19286640625360807,1195,near_start,30,34,1,122
1194,14014.270076694782,12585.003155366667,0.8980134596018002,2939,6.731416294618664e-05,3841,2939.0858073768795,0.2097148109688174,1195,near_start,30,35,1,122
1195,13961.905689172263,12589.473385704434,0.901701649185886,2833,6.774693791755174e-05,3713,2832.571836679767,0.202909263468027,1195,near_start,30,36,1,122
1195,14348.20094563899,12617.223879128213,0.8793592957703249,3524,6.461795981792227e-05,5057,3523.575934431139,0.24560570439118984,1195,near_start,30,37,1,122
1195,13873.950823765106,12583.203926364818,0.9069661617086513,2677,6.839059016758546e-05,3457,2676.9983673005477,0.19295152721851128,1195,near_start,30,38,2,122
1195,13872.828007592569,12584.88932390145,0.9071610573571421,2683,6.828743791408317e-05,3457,2683.321707839119,0.19339964414837407,1195,near_start,30,39,1,122
1193,13854.818555071726,12558.328486065637,0.9064231650632846,2681,6.851139820963212e-05,3457,2680.6394136044746,0.19350668428772652,1195,near_start,30,40,1,122
1192,13837.197335502391,12546.163865899063,0.9066983408344625,2689,6.844242936235095e-05,3457,2689.3038711379677,0.19433126050033092,1195,near_start,30,41,2,122
1195,13845.103511973522,12581.314872364295,0.9087194517168993,2625,6.858189003660064e-05,3329,2624.619821692153,0.18959771573609743,1195,near_start,30,42,1,122
1192,14016.667899991186,12560.747756505572,0.8961293687006361,2987,6.727076016552701e-05,3969,2987.1388491837756,0.21310342952492142,1195,near_start,30,43,1,122
1195,13808.403261603415,12579.479340168491,0.9110017358160336,2573,6.871002196279691e-05,3265,2573.406044330209,0.186335809525107,1195,near_start,30,44,1,122
1195,13880.757413978758,12578.612415899539,0.9061906379281667,2661,6.864839143848498e-05,3393,2660.7963415218715,0.19170423634953904,1195,near_start,30,45,1,122
1193,13881.738396349752,12560.8430806534,0.9048465488988262,2720,6.83747472573378e-05,3521,2720.306369023912,0.19594087731225598,1195,near_start,30,46,1,122
1194,13930.659233891805,12584.209835189757,0.9033463258202252,2789,6.783868442583686e-05,3649,2788.7537287609866,0.2002058878315436,1195,near_start,30,47,1,122
1193,14051.56561041408,12566.482654435868,0.8943119224467366,3000,6.748133815596e-05,3969,3000.227924287535,0.21349934115360075,1195,near_start,30,48,1,122
1195,14148.749091032012,12606.578819263701,0.8910030659356456,3148,6.644162971996138e-05,4225,3147.7683648001803,0.22249316739918132,1195,near_start,30,49,1,122
1194,14000.392838306045,12574.36433018215,0.8981436789243383,2896,6.784385045011877e-05,3777,2895.7279906475133,0.20685133863360916,1195,near_start,30,50,1,122
1195,13913.405611233156,12588.33346107434,0.904762918067378,2750,6.801788784879458e-05,3585,2750.274803015316,0.19765110547627204,1195,near_start,30,51,1,122
1195,14008.949348424412,12600.855287385579,0.8994861052019435,2925,6.715898626421646e-05,3841,2924.5573396812297,0.20879510142057692,1195,near_start,30,52,1,122
1195,14050.439842234264,12597.900008130924,0.8966196182885929,2982,6.710206119816058e-05,3969,2981.6721037383113,0.21223534874946734,1195,near_start,30,53,1,122
1195,14207.553920344377,12600.147722087384,0.8868625656978657,3233,6.638407597607123e-05,4353,3233.3164141220554,0.22755500476197632,1195,near_start,30,54,1,122
1195,14057.617071348066,12593.463369012004,0.895846238028473,2959,6.751663148735286e-05,3841,2958.752161043906,0.210490866622834,1195,near_start,30,55,2,122
1195,13885.08803052199,12585.168369016763,0.9063801641986162,2684,6.837651157647858e-05,3457,2684.1855016221543,0.19330089907244893,1195,near_start,30,56,1,122
1195,14002.192509776494,12591.092667291094,0.8992229365865271,2872,6.773311278555857e-05,3713,2872.361201204039,0.20511073519341605,1195,near_start,30,57,2,122
1194,14079.182849723531,12595.165396612249,0.8945949158448195,3049,6.675109320936355e-05,4033,3049.478824221899,0.2165608638330791,1195,near_start,30,58,1,122
1195,14000.884549740542,12592.196395716814,0.8993857745902324,2905,6.743737354480427e-05,3777,2904.6722768980853,0.20748689053748637,1195,near_start,30,59,1,122
1195,13990.393330507739,12599.224995425133,0.9005626001915903,2918,6.705554036283666e-05,3841,2918.3759036596684,0.2085716913788942,1195,near_start,30,60,1,122
1195,14074.695060179052,12603.22160041633,0.8954525513006742,3022,6.689149458097743e-05,3969,3021.5302896444073,0.21471157897765178,1195,near_start,30,61,2,122
1191,13865.800645354408,12533.651474039929,0.9039255499637663,2729,6.854063610116136e-05,3521,2728.846901684358,0.19681517640413523,1195,near_start,30,62,1,122
1195,13978.28195092896,12597.027802674667,0.9011856998518692,2872,6.739657439667225e-05,3777,2872.1297149453303,0.20546158748852067,1195,near_start,30,63,1,122
1195,14134.937891940743,12609.672411258549,0.8920925233387939,3135,6.633060186144845e-05,4225,3134.9446018475883,0.2217908577997693,1195,near_start,30,64,3,122
1195,14045.931809439595,12591.575268313434,0.896457097979875,2931,6.764711017095187e-05,3777,2931.256540361396,0.2086725209665489,1195,near_start,30,65,1,122
1195,13943.976193239489,12585.782186418317,0.9025963621854382,2804,6.792714976757737e-05,3649,2804.152254161828,0.20109041790816268,1195,near_start,30,66,1,122
1194,14085.870458750062,12592.767720767564,0.8939999666790213,3062,6.676219021016883e-05,4097,3062.4010655024167,0.2173809569644241,1195,near_start,30,67,2,122
1195,14079.954070415592,12602.824059479884,0.89508985586541,3077,6.641119901926199e-05,4161,3077.383499987139,0.21853764469767034,1195,near_start,30,68,1,122
1193,13918.821523348472,12565.434632285418,0.9027656983177217,2805,6.789264311278081e-05,3649,2805.2542297494433,0.20152568199072626,1195,near_start,30,69,1,122
1194,13945.504014737377,12581.336614846778,0.9021786951228891,2834,6.765352253270902e-05,3713,2833.7420517310234,0.20321961809376526,1195,near_start,30,70,1,122
1194,13907.520353983797,12576.88403864933,0.9043225333153435,2781,6.783510823009458e-05,3649,2780.5123448485115,0.19996375552334786,1195,near_start,30,71,1,122
1191,13993.04724662162,12548.144520966793,0.8967413816169545,2988,6.71049517617748e-05,4033,2988.3660571543755,0.21353461810981886,1195,near_start,30,72,1,122
1195,13933.290887676907,12583.228360932753,0.9031052651073124,2743,6.835052090271019e-05,3521,2743.3405201312353,0.1968666284306176,1195,near_start,30,73,1,122
1195,14121.187643093675,12604.510219094816,0.8925956185604099,3071,6.68557351117951e-05,4033,3071.1313595606457,0.21747462590385946,1195,near_start,30,74,1,122
1195,13997.317767663493,12595.509360846028,0.8998516408582283,2908,6.73052649374635e-05,3841,2907.5212193441102,0.20775408890966535,1195,near_start,30,75,1,122
1195,13915.560109565065,12583.253457510922,0.9042577775120699,2741,6.823921645397858e-05,3521,2741.049410838379,0.19697374582255825,1195,near_start,30,76,1,122
1195,13919.069940578804,12592.036946110806,0.904660799885828,2773,6.779126196223813e-05,3585,2772.546341079607,0.19922308112812664,1195,near_start,30,77,1,122
1194,13799.924733389753,12565.834468928455,0.9105726814962011,2574,6.882425766556045e-05,3265,2573.748863370883,0.18652275644460953,1195,near_start,30,78,1,122
1194,13881.630909812347,12574.997093933407,0.9058731769798507,2705,6.828995131170653e-05,3457,2705.324736560051,0.19486182982202388,1195,near_start,30,79,2,122
1194,13864.844173691155,12573.62729754995,0.9068711584518694,2678,6.839042591487665e-05,3457,2677.7989434212277,0.1931503857130658,1195,near_start,30,80,1,122
1194,13983.40894627225,12575.954834843922,0.8993482836098038,2876,6.777740286880503e-05,3713,2876.294734900328,0.2056723085944429,1195,near_start,30,81,1,122
1194,13846.86842277242,12571.361270330775,0.9078847929006129,2647,6.853079240885083e-05,3393,2647.3802217624957,0.19116235665580317,1195,near_start,30,82,1,122
1195,13946.998990776645,12587.75415524387,0.9025421284943332,2797,6.79549674798706e-05,3585,2796.9300624720386,0.20054493456618855,1195,near_start,30,83,3,122
1195,13955.129148324711,12592.36647929449,0.9023468249884438,2828,6.767024538584028e-05,3713,2827.9189028156393,0.202649503988252,1195,near_start,30,84,1,122
1195,13906.840446750615,12590.614427261282,0.9053540576287495,2739,6.801094400719307e-05,3521,2738.9473924222916,0.19695343528874507,1195,near_start,30,85,1,122
1193,13804.147545144015,12552.063331581086,0.9092965205226756,2590,6.892644582191476e-05,3329,2590.3862532147523,0.18762476940570685,1195,near_start,30,86,1,122
1192,13870.52194729092,12548.486416709376,0.9046873985272232,2729,6.837634769910497e-05,3521,2728.6274092970843,0.19674818369275618,1195,near_start,30,87,1,122
1195,13903.076609335338,12585.56084020739,0.9052356678921492,2719,6.824073423550471e-05,3521,2719.4628676568764,0.19556822395514276,1195,near_start,30,88,1,122
1195,14071.17963367642,12601.483723811958,0.8955527576133665,3031,6.678932443319026e-05,4033,3031.20428942498,0.21540482595687546,1195,near_start,30,89,1,122
1195,13939.434838986528,12586.566075983701,0.9029466561141307,2788,6.799101319356123e-05,3585,2788.43276722082,0.20000810880814035,1195,near_start,30,90,1,122
1193,13815.476245551172,12554.051573577302,0.9086948108372254,2621,6.873413533425029e-05,3329,2620.704912994053,0.18971477735659012,1195,near_start,30,91,1,122
1195,14030.009599511897,12590.89728094889,0.8974261344330745,2919,6.761351331820864e-05,3777,2919.426716981854,0.20805402728317104,1195,near_start,30,92,1,122
1194,14258.958614651527,12596.869784971339,0.8834354685641391,3397,6.526033305754745e-05,4865,3396.870257691744,0.2382361918428935,1195,near_start,30,93,1,122
1195,13859.848226713064,12581.243355802335,0.9077475561062506,2661,6.843077142909617e-05,3393,2661.1294047901865,0.19199344440664703,1195,near_start,30,94,1,122
1195,13928.57812910797,12588.801125678941,0.9038109280782107,2774,6.793969961393031e-05,3585,2774.300631556434,0.19915887855077535,1195,near_start,30,95,1,122
1195,13933.182764251856,12587.429281995534,0.9034137780989208,2773,6.803301667449131e-05,3585,2772.8440066533967,0.1990212894583312,1195,near_start,30,96,1,122
1195,13887.643594157693,12585.70799250212,0.9062522311414101,2709,6.817221093557521e-05,3521,2709.419781865595,0.19506548980992228,1195,near_start,30,97,1,122
1192,13858.282397667048,12545.53765906939,0.9052736334180455,2721,6.838969660118984e-05,3521,2720.6898052534907,0.19634467836057828,1195,near_start,30,98,1,122
1195,13951.37866452644,12588.402283040406,0.9023052549672661,2802,6.794231579975858e-05,3649,2802.3472639768247,0.2008403662015513,1195,near_start,30,99,1,122
1195,13885.484176043063,12588.283608034553,0.9065786578586436,2716,6.804625995566744e-05,3521,2715.6916974220294,0.19559994923950694,1195,near_start,30,100,1,122
1195,13899.905770992254,12586.112246731398,0.9054818395242207,2704,6.831244861613559e-05,3457,2704.336582792622,0.1945336928573274,1195,near_start,30,101,2,122
1194,13988.697790667826,12589.053836860447,0.899944657125904,2895,6.738630500647286e-05,3777,2894.5410773300887,0.2069527874089409,1195,near_start,30,102,1,122
1195,13856.03507534727,12578.70908159487,0.9078144659127614,2626,6.871475700662705e-05,3329,2626.267260520653,0.1895203054640207,1195,near_start,30,103,2,122
1195,14019.505981682923,12595.31629794789,0.8984137040495008,2901,6.756757000845644e-05,3777,2901.403997204222,0.20692597897460002,1195,near_start,30,104,1,122
1195,13895.861131061825,12585.844317187764,0.905726115026744,2716,6.818310312880699e-05,3521,2716.489359079151,0.19545388187054097,1195,near_start,30,105,1,122
1194,14077.798889742773,12580.748907626172,0.8936588032091176,2998,6.750047657403185e-05,3905,2998.1908858312922,0.21295942806686727,1195,near_start,30,106,1,122
1195,14132.23683804166,12591.078503647124,0.890947317678261,3103,6.701268294074039e-05,4097,3103.4650824369132,0.21956892143551077,1195,near_start,30,107,1,122
1194,14383.053863183508,12598.172895343727,0.8759038946236193,3560,6.502566676551764e-05,5057,3559.644706657302,0.24751349983556545,1195,near_start,30,108,1,122
1195,13817.145473621074,12579.527263331007,0.9104288065394651,2582,6.871817598166116e-05,3329,2582.0063013305853,0.18686927809578402,1195,near_start,30,109,1,122
1195,13871.994494191102,12583.25711626564,0.9070979030113427,2666,6.844180913955281e-05,3393,2665.6649305986207,0.19218577408723653,1195,near_start,30,110,1,122
1195,13936.973521885891,12586.10228697316,0.9030728419773925,2769,6.813296372987899e-05,3585,2768.6299200839308,0.19868015072653383,1195,near_start,30,111,2,122
1194,13851.640301018451,12569.51811783155,0.9074389635216971,2654,6.85438934424786e-05,3393,2654.2702546585906,0.19160185669886784,1195,near_start,30,112,1,122
1194,13835.797599934282,12570.747037868658,0.9085668496573243,2646,6.846703594984696e-05,3393,2645.563521797879,0.1912430404455012,1195,near_start,30,113,1,122
1193,13896.762781054007,12564.75452841062,0.9041497452587041,2766,6.801594931967095e-05,3585,2766.10786347639,0.19903916067208074,1195,near_start,30,114,1,122
1193,13839.635670947799,12561.365838303882,0.9076370315638247,2665,6.844908346001144e-05,3457,2664.5195976711875,0.19256287256133306,1195,near_start,30,115,1,122
1195,13912.604272999835,12585.10366615039,0.9045828817667355,2732,6.82240389691103e-05,3521,2732.4049255371524,0.19636869894315812,1195,near_start,30,116,1,122
1190,13785.51976043116,12523.64119310828,0.9084634754980458,2633,6.875365210714878e-05,3393,2632.9422837931315,0.19099751375044632,1195,near_start,30,117,1,122
1195,14089.766741785903,12592.727578567285,0.8937498973081746,3065,6.68832557595054e-05,4097,3064.6573609887555,0.21753376448100842,1195,near_start,30,118,1,122
1193,13883.184022831134,12563.407604103122,0.9049370507113054,2731,6.823366528089382e-05,3521,2731.0917650953565,0.19671279985260037,1195,near_start,30,119,1,122
1193,13912.399049397645,12567.487228787166,0.9033299853005072,2811,6.775815014913646e-05,3649,2811.1806757404966,0.2020499836167153,1195,near_start,30,120,1,122
1195,13841.997933656023,12579.220989858813,0.9087720609517763,2606,6.873993833662613e-05,3329,2605.588376184672,0.18826761949325688,1195,near_start,30,121,1,122
1195,13957.594247060433,12590.886095082504,0.9020813954191448,2813,6.784534473681295e-05,3649,2813.390910021648,0.20153902959261316,1195,near_start,30,122,2,122
1195,13925.887153077343,12587.40950097123,0.9038856456760576,2784,6.789352431332162e-05,3585,2783.6964302954766,0.19991545022571805,1195,near_start,30,123,1,122
1194,13897.542676545196,12575.797104943224,0.904893577061456,2747,6.808286233589074e-05,3521,2747.372047343658,0.1976608429226914,1195,near_start,30,124,1,122
1194,14012.343610510281,12578.525315723231,0.8976746264121312,2937,6.745737243346332e-05,3841,2936.6821655942017,0.2096009119985493,1195,near_start,30,125,1,122
1195,13862.579299234658,12580.314189141944,0.9075016934140455,2641,6.862391950064484e-05,3393,2640.619750195851,0.19051288674293157,1195,near_start,30,126,1,122
1194,14353.00426966505,12625.268227639905,0.8796254770385109,3541,6.425234005633061e-05,5057,3541.222127461746,0.24670793190550863,1195,near_start,30,127,1,122
1195,13951.329752672053,12592.546956824608,0.9026054992652438,2803,6.783337023379376e-05,3649,2803.092529835208,0.2009127480814616,1195,near_start,30,128,1,122
1194,14085.0331679382,12592.559373620694,0.8940383187939643,3079,6.657114964406626e-05,4161,3079.0054808422597,0.21860083418253756,1195,near_start,30,129,1,122
1195,14132.344753190955,12598.542064578698,0.8914686334505151,3107,6.673619443827519e-05,4161,3107.4818192217203,0.21985028346399968,1195,near_start,30,130,1,122
1195,13889.986298922166,12583.352211006388,0.9059297784896181,2693,6.83836182056747e-05,3457,2692.7462033489855,0.19388068080448512,1195,near_start,30,131,2,122
1195,13895.755166932813,12586.658552186313,0.9057916177264186,2717,6.817422322766801e-05,3521,2716.9719213844646,0.1955273367557266,1195,near_start,30,132,1,122
1194,13862.417414220788,12573.539575548548,0.9070235875778749,2687,6.828642341644302e-05,3457,2687.4043121322125,0.19383343609632875,1195,near_start,30,133,1,122
1195,13967.426503754607,12589.863624064446,0.9013731785651526,2818,6.790920077179817e-05,3649,2818.31819380149,0.20175513357757702,1195,near_start,30,134,1,122
1193,13985.967338729277,12563.633694413393,0.8983028052427074,2882,6.791996906567804e-05,3713,2882.2282245374263,0.20606368728027144,1195,near_start,30,135,1,122
1195,14127.231793555775,12602.362523561504,0.8920617080347014,3132,6.635508985355736e-05,4289,3132.085190544065,0.2216994840722215,1195,near_start,30,136,1,122
1193,13842.504587535943,12558.56068535365,0.9072462722289159,2669,6.846984552581206e-05,3457,2669.3390049868203,0.1928119281537547,1195,near_start,30,137,1,122
1194,14223.048077967094,12584.79329696169,0.8848168991607909,3317,6.592142008647179e-05,4737,3316.630332417731,0.2332130202905213,1195,near_start,30,138,1,122
1192,13911.668513174973,12548.174277518527,0.9019891658311757,2806,6.81128233760559e-05,3649,2805.9456842039554,0.201701183243591,1195,near_start,30,139,1,122
1195,13915.816558470702,12593.32565222195,0.9049649080460365,2752,6.791564121209475e-05,3585,2752.3924337803624,0.1977605833216326,1195,near_start,30,140,1,122
1195,13820.883477992287,12578.291070729063,0.9100931276034655,2582,6.876659222213133e-05,3329,2582.458622275572,0.18681873731961152,1195,near_start,30,141,1,122
1195,14126.126947171717,12610.919711762483,0.8927372491358926,3116,6.638775917806313e-05,4161,3115.579264970395,0.22058417085256865,1195,near_start,30,142,1,122
1194,13999.860690223402,12582.536765130872,0.8987615693860227,2910,6.748622920254321e-05,3777,2910.0327997870727,0.2078592112014483,1195,near_start,30,143,1,122
1194,13951.39817362582,12571.750007862842,0.9011104013667168,2817,6.8080345825422e-05,3649,2817.039523628035,0.20191524641059627,1195,near_start,30,144,1,122
1195,14071.267917499785,12601.436750659574,0.8955438006398663,3050,6.661790709953922e-05,4097,3050.0098127739993,0.21675374371963,1195,near_start,30,145,1,122
1192,13845.318201480852,12548.726239481783,0.9063515953096413,2697,6.838127759009455e-05,3457,2697.2372142488985,0.19479508962903702,1195,near_start,30,146,1,122
1195,14246.406742597874,12615.41812345418,0.8855157901489005,3342,6.526075203079631e-05,4737,3342.390723863524,0.2345854684891986,1195,near_start,30,147,1,122
1195,13910.155315011218,12590.723539806573,0.9051461507564352,2752,6.791706821891772e-05,3585,2751.649685687483,0.19784106918131708,1195,near_start,30,148,1,122
1195,13872.584835212314,12584.428903374064,0.9071437697343492,2673,6.83690809588202e-05,3457,2672.8614295896123,0.19268218805303064,1195,near_start,30,149,1,122
1195,13852.47123650907,12582.9093219101,0.9083512325762525,2646,6.844825572779206e-05,3393,2645.7781255065433,0.19101284924716525,1195,near_start,30,150,1,122
1195,13881.12505188097,12582.236064453933,0.9064276863314454,2683,6.841104171217995e-05,3457,2682.6546794758187,0.19328404505918909,1195,near_start,30,151,1,122
1194,13826.261015486873,12565.99947237424,0.9088501553890089,2607,6.878543934699376e-05,3329,2607.292132402608,0.18855423003224694,1195,near_start,30,152,1,122
1194,14003.191019983942,12588.667618932523,0.8989856384139333,2936,6.716795131859111e-05,3905,2936.113175232566,0.2096664964299949,1195,near_start,30,153,1,122
1195,13881.904164499176,12585.623440582925,0.9066208274775958,2675,6.840332869840034e-05,3457,2674.723762015824,0.19269690730475572,1195,near_start,30,154,1,122
1195,13916.601098878056,12586.628148724334,0.9044326311644484,2742,6.81516300736366e-05,3521,2742.3550564692096,0.197030868422395,1195,near_start,30,155,1,122
1193,14019.408810921506,12573.34114675394,0.8968524505083952,2952,6.739840658904843e-05,3841,2952.36942704705,0.21056522709433442,1195,near_start,30,156,1,122
1190,13750.10380526169,12515.966918982298,0.9102452676897516,2581,6.899123994419062e-05,3329,2581.3007616764567,0.18770767381496717,1195,near_start,30,157,1,122
1195,14311.391793959021,12637.642760918201,0.8830477805975988,3419,6.4664182544968e-05,4865,3418.5528123746817,0.23890059396202076,1195,near_start,30,158,1,122
1195,13808.896495391144,12579.090278453208,0.9109410214387228,2568,6.876419470588669e-05,3265,2568.3088194405977,0.1859670684661222,1195,near_start,30,159,1,122
1195,13948.692521622217,12591.15753871161,0.9026765425643831,2796,6.788083756352137e-05,3649,2795.9866570847153,0.2004488948097358,1195,near_start,30,160,1,122
1195,13897.799647243206,12586.874628961583,0.9056739159035394,2707,6.826769366766088e-05,3457,2706.6508109386577,0.19477903471841787,1195,near_start,30,161,1,122
1195,13897.31092707147,12589.201291175918,0.9058731834698034,2723,6.80939642206966e-05,3521,2722.646589085828,0.1959371862865709,1195,near_start,30,162,1,122
1194,14036.261650026137,12581.338100246245,0.8963453670174933,2997,6.712724001690502e-05,3969,2996.802393946738,0.21351839077425713,1195,near_start,30,163,1,122
1195,14087.347755662046,12602.200339781437,0.894575796548808,3054,6.674395099124113e-05,4097,3053.697805587946,0.21679027542800053,1195,near_start,30,164,1,122
1195,14059.408433077915,12599.16010607218,0.8961372852950077,3002,6.700252408666761e-05,3969,3001.6325771211527,0.21352249735750767,1195,near_start,30,165,1,122
1195,13896.373340328735,12580.216161429647,0.9052877217194891,2688,6.854549474766568e-05,3457,2687.570255611843,0.1934317633939167,1195,near_start,30,166,1,122
1194,13829.372280604879,12569.249152524137,0.9088806706109132,2620,6.864920802926639e-05,3329,2619.5078155162405,0.18945183822077313,1195,near_start,30,167,2,122
1193,13970.105661760415,12558.743123167249,0.8989726654354226,2865,6.805982046237495e-05,3713,2864.7332094806497,0.20508076813206957,1195,near_start,30,168,1,122
1193,13842.534848535259,12558.20434144849,0.9072185462316051,2665,6.853126347775246e-05,3393,2664.969345977426,0.1925225422338016,1195,near_start,30,169,1,122
1195,13931.576956955958,12589.150329499957,0.9036414447837697,2772,6.798940379467779e-05,3585,2771.546294566729,0.19897245003667413,1195,near_start,30,170,1,122
1195,14033.798884411544,12596.609447338957,0.8975908484288607,2940,6.732746863952632e-05,3841,2939.8865263271446,0.2094942377481048,1195,near_start,30,171,1,122
1194,13866.81323683234,12573.736278578057,0.9067502434647582,2696,6.826768455335519e-05,3457,2696.1671132892347,0.19442102189989974,1195,near_start,30,172,1,122
1194,13813.130853330214,12567.09302195519,0.9097932362615231,2590,6.878620462326872e-05,3329,2589.7507571883034,0.18750274847179743,1195,near_start,30,173,1,122
1195,14251.82802322789,12622.322455064023,0.8856633994244058,3360,6.507324655349717e-05,4737,3359.9103909454875,0.2357592299404547,1195,near_start,30,174,1,122
1195,14008.745009775797,12586.61156270843,0.8984824517774467,2887,6.780386471174302e-05,3777,2887.2784228504506,0.20608555570005374,1195,near_start,30,175,1,122
1188,13872.61657272932,12499.730161948346,0.9010362318036107,2821,6.823598942435908e-05,3713,2821.3039770603655,0.2033502465241849,1195,near_start,30,176,1,122
1194,13864.489461562853,12571.75130670076,0.9067590509952776,2675,6.845513299688811e-05,3457,2675.388967522943,0.19293894718705817,1195,near_start,30,177,1,122
1195,13915.83479267903,12586.873609719732,0.9045000747164338,2750,6.805914774049809e-05,3585,2750.493583419986,0.19761660302598197,1195,near_start,30,178,1,122
1193,13869.171301835653,12555.985938479556,0.9053162344903556,2688,6.862047661133047e-05,3457,2687.824331876038,0.19381114714793593,1195,near_start,30,179,1,122
1194,14681.610205210342,12625.707883212423,0.8599675176454213,3987,6.349002705837037e-05,5825,3986.569510915261,0.2715642183842381,1195,near_start,30,180,1,122
1195,13944.645085825392,12596.378379578971,0.9033129421402828,2821,6.754575702219717e-05,3713,2821.147089157016,0.2022998780275535,1195,near_start,30,181,1,122
1195,14038.610167714107,12590.50942048711,0.8968487100982881,2940,6.750813069376991e-05,3841,2939.5032742243084,0.20942244031830093,1195,near_start,30,182,1,122
1195,13906.399208634028,12586.03849609965,0.9050537315429138,2722,6.823465366498935e-05,3521,2721.838349680685,0.19573722565867369,1195,near_start,30,183,1,122
1194,14017.707918321468,12574.609509353051,0.8970517564371381,2937,6.7649605878365e-05,3841,2937.1143336089394,0.2095207017519086,1195,near_start,30,184,1,122
1195,13973.305894162506,12584.779312795501,0.9006300590651868,2844,6.789167820036183e-05,3713,2843.6885958190346,0.20353093402099717,1195,near_start,30,185,1,122
1192,14078.069362104065,12565.219144468541,0.8925385165591045,3096,6.678824761076265e-05,4161,3095.561610095585,0.21991651840656093,1195,near_start,30,186,1,122
1195,13919.520362792158,12587.581715324903,0.9043114552260277,2755,6.805218651680331e-05,3585,2754.6255499805798,0.19792348645606395,1195,near_start,30,187,1,122
1195,14296.63122058025,12606.649866378504,0.8817916383148369,3412,6.546101251312221e-05,4801,3411.61226038183,0.23865762132049448,1195,near_start,30,188,1,122
1194,13875.906068204888,12570.631730794905,0.905932316708249,2695,6.841943136649836e-05,3457,2694.8568839554096,0.19422155113713951,1195,near_start,30,189,1,122
1195,13964.55938178629,12598.039530209835,0.9021437186654968,2859,6.736794373344842e-05,3777,2859.497723354062,0.20473256060831677,1195,near_start,30,190,1,122
1195,13799.994673714944,12580.108511103392,0.911602417866502,2560,6.873139839312677e-05,3265,2560.4084065185116,0.18550731797571418,1195,near_start,30,191,1,122
1195,13906.23929517961,12584.144846139503,0.904927966434578,2735,6.814399010809566e-05,3521,2734.7241108947546,0.19667430870027144,1195,near_start,30,192,1,122
1195,14002.522143390432,12597.57526989145,0.8996647276032229,2900,6.738277293197802e-05,3777,2900.403582060932,0.20710554643678092,1195,near_start,30,193,1,122
1195,13866.776916836385,12579.13267665433,0.9071417786624476,2642,6.866194966699433e-05,3393,2642.397137070751,0.1905273313218307,1195,near_start,30,194,1,122
1195,13901.205858654304,12583.463671784755,0.9052066273769208,2713,6.832358213166505e-05,3457,2712.742763645458,0.1951629252588185,1195,near_start,30,195,1,122
1195,13916.358081967965,12580.344733628,0.9039969120892991,2719,6.846206137889189e-05,3457,2719.2675902515675,0.1953815778514012,1195,near_start,30,196,1,122
1195,13876.375179787557,12585.22259685282,0.9069531800483861,2672,6.839225414591858e-05,3457,2672.02772436199,0.19255749180751883,1195,near_start,30,197,1,122
1195,13918.863070561154,12586.20144510696,0.9042549941975637,2746,6.814596066428353e-05,3521,2745.9006468034895,0.1972862284857072,1195,near_start,30,198,1,122
1195,13878.10077514762,12586.490049178923,0.9069317374981406,2691,6.823598956420941e-05,3457,2691.145753342777,0.19390261272774018,1195,near_start,30,199,1,122
1181,14066.7973625856,12448.057937956373,0.884924806769827,3286,6.6420811750735e-05,4481,3286.279688909688,0.23359972531771828,1185,near_start,40,0,1,122
1185,13995.770134134966,12481.323424294837,0.8917925419376194,3082,6.726158882255616e-05,4097,3081.9271460825034,0.22020938972719764,1185,near_start,40,1,5,122
1183,14075.584551941862,12460.84037399821,0.8852804889214436,3301,6.626238737305868e-05,4609,3300.50410467779,0.23451956739832844,1185,near_start,40,2,1,122
1176,13759.54582312594,12351.058669281147,0.8976356362375333,2830,6.922456021189358e-05,3649,2830.491313386605,0.20567539338715404,1185,near_start,40,3,1,122
1185,14028.930795170068,12478.068365345509,0.8894525568293133,3150,6.70086648961471e-05,4289,3149.518748250179,0.22453599964186105,1185,near_start,40,4,1,122
1184,13861.530843640361,12455.092619704219,0.8985365873509265,2883,6.822798914223882e-05,3777,2882.765471232065,0.207985685890005,1185,near_start,40,5,1,122
1178,13823.31300078348,12382.159707982957,0.8957447253984019,2922,6.845889127263217e-05,3841,2921.5117317434538,0.21138203264545816,1185,near_start,40,6,1,122
1181,13910.344141681182,12428.328848856432,0.8934594803888414,3031,6.765678898135761e-05,4033,3030.7866937119,0.21789539993607077,1185,near_start,40,7,1,122
1184,14201.630773909215,12475.631684951662,0.8784647258870789,3480,6.564433306830073e-05,4993,3479.7377745278914,0.24504228108741888,1185,near_start,40,8,3,122
1185,14067.54646012007,12484.139285263383,0.8874425487525156,3214,6.663596406463556e-05,4417,3213.927820322039,0.22846912282190307,1185,near_start,40,9,1,122
1184,14887.501857405385,12584.736014276596,0.8453222128745972,4593,5.9673091555336645e-05,7489,4593.321519804946,0.30851381541325124,1185,near_start,40,10,1,122
1171,13887.96396889837,12299.566797345751,0.8856277871176955,3168,6.801857617896469e-05,4353,3168.050448362737,0.2281111908912372,1185,near_start,40,11,1,122
1182,15149.52788448063,12569.677198105128,0.8297075192014178,4925,5.91625394006331e-05,8193,4924.680909657844,0.32509263902839064,1185,near_start,40,12,2,122
1182,14003.756404644602,12437.903146684454,0.8881833407612828,3115,6.769950531900267e-05,4161,3115.457776004058,0.22244031601169906,1185,near_start,40,13,1,122
1185,14745.678230366739,12568.511443917965,0.8523522111064927,4361,6.101434395803838e-05,6913,4360.606124654782,0.29574767141053626,1185,near_start,40,14,1,122
1185,13943.83678598322,12460.22404713165,0.8936008243912505,2977,6.819759191984313e-05,3905,2976.9676338468444,0.21349934352305194,1185,near_start,40,15,1,122
1169,13921.035351391643,12281.878405050913,0.8822532300963614,3339,6.684049115976377e-05,4865,3338.593272424078,0.2398528497139554,1185,near_start,40,16,2,122
1184,13853.8585793218,12453.82520639454,0.8989427122479117,2838,6.855531177916844e-05,3649,2838.2108396955045,0.2048526757906988,1185,near_start,40,17,1,122
1183,14170.877501322113,12468.629060968306,0.8798769913722709,3399,6.612968822473483e-05,4673,3398.9817401671044,0.23985811744423594,1185,near_start,40,18,2,122
1183,14497.760651745866,12502.800584008812,0.8623952956833499,3973,6.331688977371044e-05,5953,3972.9080347652853,0.2740423224963063,1185,near_start,40,19,1,122
1184,13888.312053012198,12462.768283715273,0.8973565856055385,2944,6.777265702538168e-05,3905,2944.0589151500353,0.21197680385943546,1185,near_start,40,20,1,122
1183,14079.345429101557,12469.688631162055,0.8856724692177527,3293,6.622681692681485e-05,4545,3292.6928621796037,0.23388871425751614,1185,near_start,40,21,1,122
1182,13788.520894760877,12427.487412597331,0.9012922783704315,2806,6.86115570858414e-05,3649,2805.5974514179334,0.2035026107162934,1185,near_start,40,22,1,122
1183,13877.748620173905,12433.211880103436,0.8959098640848296,2909,6.852472957389859e-05,3841,2908.7744320814295,0.20961613296347104,1185,near_start,40,23,1,122
1183,14296.166917792898,12483.825748332714,0.8732288745730468,3702,6.414630273978472e-05,5505,3702.4989054928174,0.2589505299768513,1185,near_start,40,24,1,122
1184,14006.999047277259,12464.642176552125,0.8898867012470495,3140,6.711273278045981e-05,4225,3140.2364823869925,0.22417364271973494,1185,near_start,40,25,1,122
1182,13720.23686328086,12419.195368322975,0.9051735397921715,2637,6.957384561097793e-05,3329,2637.402491452074,0.19219784806028675,1185,near_start,40,26,1,122
1185,13797.720734848188,12465.766133619078,0.9034656066153693,2742,6.870078360976787e-05,3521,2742.1372020679905,0.19872847499186388,1185,near_start,40,27,1,122
1176,13888.20771760852,12358.59232166114,0.8898622898613464,3058,6.826994309215013e-05,4097,3058.424140144063,0.22018679891450904,1185,near_start,40,28,1,122
1173,13777.863914417772,12315.489864734953,0.8938606115747357,2932,6.902873483773546e-05,3841,2931.9839061338994,0.2128051211865886,1185,near_start,40,29,1,122
1183,14504.491005658343,12500.261768656981,0.8618200917068036,4028,6.270963173345217e-05,6401,4027.7104603458256,0.277707090750626,1185,near_start,40,30,1,122
1183,14089.397014439339,12471.8203085378,0.8851919138736892,3308,6.599126278047959e-05,4609,3308.469159487813,0.2347864849439503,1185,near_start,40,31,1,122
1184,14179.069580176701,12488.814734842123,0.8807922596206404,3421,6.565333490236475e-05,4993,3421.337147550644,0.24127112012926358,1185,near_start,40,32,3,122
1183,15001.955751193995,12624.138200011139,0.8414994957578377,4771,5.810571941225873e-05,8001,4771.008055273645,0.3180252014555022,1185,near_start,40,33,1,122
1183,13936.933780662865,12439.096991363225,0.8925275234228458,2984,6.830252305386385e-05,3905,2984.191589596245,0.21410735294876862,1185,near_start,40,34,2,122
1182,13994.897131083888,12435.324178213828,0.8885613135800683,3157,6.730853832894341e-05,4353,3156.763133887656,0.22558222260798383,1185,near_start,40,35,2,122
1185,14283.69579362782,12510.042834775297,0.8758267478894519,3616,6.445738363915608e-05,5313,3616.031103000833,0.25315576950421714,1185,near_start,40,36,5,122
1185,14417.165950093839,12504.86313423311,0.8673593116372305,3749,6.480624803080967e-05,5377,3748.80924117951,0.26003723706708104,1185,near_start,40,37,1,122
1183,13755.149536327528,12443.21977566635,0.9046226464353329,2734,6.864418992592319e-05,3585,2734.2175092697103,0.19876192496340883,1185,near_start,40,38,1,122
1183,13917.293669441144,12446.779944003645,0.8943391035380409,2979,6.795833348533208e-05,3969,2979.0912198907636,0.2140502364005676,1185,near_start,40,39,1,122
1185,14071.422637125528,12480.809241357176,0.886961436893258,3233,6.666277539955395e-05,4417,3233.219185337407,0.22975644207218754,1185,near_start,40,40,1,122
1184,15473.766483201893,12684.988961661515,0.8197738395129694,5308,5.7008328124387694e-05,8833,5308.1979762646415,0.343032189723316,1185,near_start,40,41,1,122
1183,13861.990894834451,12450.591761209775,0.8981820761294381,2895,6.8122805913165e-05,3777,2894.568269070683,0.20884445978671046,1185,near_start,40,42,1,122
1184,13900.849330166198,12457.863064888106,0.8961943812924674,2936,6.808156403662912e-05,3841,2935.8237500846108,0.21121011603431983,1185,near_start,40,43,2,122
1183,14179.337983066762,12476.674549540832,0.8799193985248618,3461,6.541469975180787e-05,4929,3461.064764127335,0.24408755924523365,1185,near_start,40,44,1,122
1181,14132.125410047123,12436.508714936455,0.8800168661180163,3452,6.569042769110905e-05,5057,3451.6777272273316,0.24426615953647196,1185,near_start,40,45,1,122
1183,13887.33160800481,12444.488291659969,0.8961036319235605,2967,6.787573202837819e-05,3969,2966.754917430789,0.21364795511110204,1185,near_start,40,46,2,122
1184,13927.69481408676,12460.157377159749,0.8946317063579887,3010,6.759826225482305e-05,4033,3010.126159022185,0.21611616568131745,1185,near_start,40,47,2,122
1178,13947.83816628432,12380.173598554393,0.8876051937912934,3132,6.786696329855277e-05,4225,3132.22736313617,0.22455092772519308,1185,near_start,40,48,2,122
1180,13838.770846316938,12409.472167048514,0.8967178013754872,2920,6.828114737283421e-05,3841,2920.4041944217374,0.21100139834869303,1185,near_start,40,49,1,122
1185,14060.025206057728,12488.714334894765,0.8882426703982033,3244,6.625878170528316e-05,4481,3244.104268845137,0.230725048672198,1185,near_start,40,50,1,122
1185,14279.247359806623,12488.665834118274,0.8746025276704361,3548,6.567386908805644e-05,5057,3547.6413931393295,0.24847247971815015,1185,near_start,40,51,3,122
1183,14274.082573924843,12471.952189370788,0.8737480762619313,3597,6.538559431068348e-05,5185,3596.800913014189,0.2519951794709955,1185,near_start,40,52,1,122
1185,13868.755091314508,12466.348614846718,0.8988801469754076,2869,6.827226468373047e-05,3777,2868.595802503028,0.20686788259724548,1185,near_start,40,53,1,122
1182,14619.634882868124,12522.795312861857,0.85657373889252,4225,6.154125727082834e-05,6657,4224.937942496412,0.2889949054029403,1185,near_start,40,54,1,122
1181,14777.138523135462,12515.21071461024,0.8469305945136882,4503,6.04468849618428e-05,7489,4502.609937195411,0.3047274675641694,1185,near_start,40,55,1,122
1183,13818.14668110912,12446.119313013887,0.9007082932495615,2825,6.841654075700506e-05,3649,2824.96804005151,0.20444130933000418,1185,near_start,40,56,5,122
1185,13919.984082309962,12469.48076726116,0.8957970564857071,2930,6.81219034736003e-05,3969,2929.7347662574166,0.2104887464435792,1185,near_start,40,57,1,122
1182,14101.486908207036,12449.604385408837,0.8828575643440262,3307,6.660317079488236e-05,4545,3307.0154458382317,0.23451427651046733,1185,near_start,40,58,1,122
1180,14312.72502481185,12450.131657405112,0.8698645181698219,3742,6.443659350393701e-05,5505,3741.932772851862,0.26144567114319944,1185,near_start,40,59,1,122
1185,14703.58844812171,12598.701629496065,0.8568453662823695,4293,6.044861776364647e-05,6785,4292.556728550638,0.29196954302324774,1185,near_start,40,60,1,122
1184,15030.249796709304,12613.391385076686,0.8392003829396262,4811,5.837065362989321e-05,8129,4810.733918101623,0.3200878272198318,1185,near_start,40,61,1,122
1182,14593.777321155856,12557.857793156789,0.8604939980105288,4171,6.064390824469078e-05,6721,4171.083591761805,0.28580674545126256,1185,near_start,40,62,2,122
1184,13924.662799821861,12464.126593981973,0.8951115566074195,2983,6.771720856480615e-05,3969,2983.3583692586944,0.21422421805705497,1185,near_start,40,63,1,122
1184,13795.588583028582,12450.043665891128,0.9024655665077782,2734,6.899425808899536e-05,3521,2733.8128794621493,0.19817929358689224,1185,near_start,40,64,1,122
1181,14427.106804451392,12502.040831678236,0.8665660413507724,3941,6.259068495474926e-05,6017,3940.5851369352463,0.27316634259503986,1185,near_start,40,65,1,122
1182,13912.905109890577,12435.990414599479,0.8938457005473881,2997,6.793991053603913e-05,3969,2996.6096664054126,0.21541151731635516,1185,near_start,40,66,1,122
1185,13745.892381462832,12459.159029747141,0.9063914283621972,2657,6.90826942977333e-05,3393,2657.3398816145514,0.19329410752430487,1185,near_start,40,67,1,122
1185,14012.492728617905,12484.225131971674,0.890935351315114,3124,6.666920506402836e-05,4353,3124.2047327536557,0.2229439158687171,1185,near_start,40,68,3,122
1183,14499.211897332458,12506.45560753738,0.8625610616697241,3998,6.276030601599334e-05,6209,3998.087796954394,0.27573912487861124,1185,near_start,40,69,1,122
1185,14068.547994392975,12477.391517335122,0.8868997370807556,3197,6.70351165838667e-05,4353,3197.053114020653,0.22724448900299915,1185,near_start,40,70,1,122
1185,15482.24573574385,12659.794025019026,0.8176975253526281,5320,5.746351002683896e-05,8897,5319.76988852819,0.3436194006220764,1185,near_start,40,71,1,122
1182,14025.31023784865,12463.137283076052,0.8886175829068705,3219,6.625434055508461e-05,4481,3218.8155814140696,0.22951363965648466,1185,near_start,40,72,2,122
1175,13685.04759286493,12335.784594251792,0.9014060426566136,2770,6.929338599049166e-05,3585,2769.6867163606908,0.20241069541067686,1185,near_start,40,73,1,122
1183,14092.426819994165,12453.272950102966,0.8836854793834666,3301,6.661811497918555e-05,4545,3300.6242451387016,0.23423928626094273,1185,near_start,40,74,1,122
1184,14751.755147737356,12538.962812559901,0.8499980298604091,4372,6.123645867541581e-05,6977,4372.386708201871,0.2963715135056714,1185,near_start,40,75,1,122
1183,14090.124693144287,12484.31831844986,0.8860332034197148,3342,6.549208485230044e-05,4673,3341.553183652157,0.2371873970445477,1185,near_start,40,76,1,122
1184,14074.519996579897,12466.520324413657,0.8857510115757423,3245,6.677408224631709e-05,4417,3244.777346557125,0.23055848446615115,1185,near_start,40,77,1,122
1181,14698.775419275476,12531.31476542665,0.8525414130073385,4320,6.115386562137257e-05,6721,4319.78156063552,0.29390203447389895,1185,near_start,40,78,1,122
1181,13804.256494716154,12411.630132860098,0.899116163019058,2846,6.867555031585002e-05,3713,2845.8910428286663,0.20616829317025234,1185,near_start,40,79,2,122
1185,14255.182161198045,12495.804864859912,0.8765798096128805,3557,6.515895789169893e-05,5121,3556.82796131584,0.2495232933383336,1185,near_start,40,80,1,122
1185,13999.34036009166,12473.606439689353,0.8910138705712333,3039,6.786573569078817e-05,3969,3038.823749127715,0.21708165683744418,1185,near_start,40,81,1,122
1182,14282.225336519543,12477.530090542527,0.8736404724435747,3704,6.401413647943942e-05,5505,3704.465249486868,0.2593433385012418,1185,near_start,40,82,1,122
1178,13733.948274788065,12374.760250763724,0.9010344296607368,2756,6.930325451871835e-05,3521,2756.3391847044427,0.20067062616358436,1185,near_start,40,83,1,122
1185,13899.788106601354,12467.69001465876,0.8969697896860417,2921,6.808053675322387e-05,3841,2921.051209555329,0.21014708840149474,1185,near_start,40,84,1,122
1181,14012.414395438804,12423.135314111394,0.886580639390401,3181,6.745970087020415e-05,4289,3180.776372499618,0.22701298364651926,1185,near_start,40,85,2,122
1183,14126.616080421461,12473.316849046823,0.8829656570290744,3354,6.601710808199693e-05,4609,3354.0837315137096,0.23742416307670583,1185,near_start,40,86,2,122
1184,13999.099888640438,12466.959220331955,0.8905543441723894,3097,6.736434773467738e-05,4161,3097.2058518202152,0.2212285093067347,1185,near_start,40,87,3,122
1185,15188.501753564638,12649.666034317563,0.8328448875050346,4940,5.818812028258928e-05,8129,4940.336843232376,0.32524603678177905,1185,near_start,40,88,1,122
1177,14307.96930471407,12412.336416428105,0.8675120942801151,3808,6.423688871273642e-05,5697,3807.8106622764312,0.2661453850579182,1185,near_start,40,89,3,122
1182,13816.071012277676,12430.244036901426,0.8996945677143138,2825,6.860584036955764e-05,3713,2824.985469312572,0.20447202373884432,1185,near_start,40,90,1,122
1182,14090.584166812543,12460.779237110679,0.8843337571808746,3326,6.609754470644254e-05,4609,3326.264428045051,0.23604415265008707,1185,near_start,40,91,1,122
1185,15978.190393596915,12841.7955571285,0.803707756685307,5904,5.395390319703374e-05,10177,5903.988886302576,0.3695036706012693,1185,near_start,40,92,1,122
1181,13738.525629438198,12406.547950888009,0.9030479896841261,2725,6.920619608565348e-05,3521,2725.2134821166214,0.1983473389721683,1185,near_start,40,93,1,122
1185,15794.71581592012,12688.122555042493,0.8033143934285688,5748,5.594921140486333e-05,10113,5747.584783692989,0.36391917822328673,1185,near_start,40,94,1,122
1184,14000.773367576125,12466.99344783437,0.8904503430293516,3113,6.723787873730646e-05,4161,3113.266132738129,0.22234486040673168,1185,near_start,40,95,2,122
1185,14527.28882198149,12556.696196788636,0.8643523475480768,3946,6.284409661692832e-05,5825,3946.4602244206085,0.27162673285804295,1185,near_start,40,96,1,122
1184,13775.688851474135,12448.466594273508,0.9036547448544759,2718,6.896754133680406e-05,3521,2717.680884667347,0.19730410793280564,1185,near_start,40,97,3,122
1183,13845.400491575903,12443.450535290507,0.898742549401991,2871,6.832333088504949e-05,3777,2870.8187454626313,0.2073612823079283,1185,near_start,40,98,1,122
1182,14169.28016167613,12482.149045856968,0.8809303580302992,3499,6.474737624285228e-05,5057,3498.972529008586,0.2469426788146796,1185,near_start,40,99,2,122
1183,13964.249074957786,12446.198815080235,0.8912902332428398,3070,6.77418014438142e-05,4097,3070.0200534187093,0.21984712414686577,1185,near_start,40,100,2,122
1185,13954.891697806397,12476.807949070497,0.8940813170934,3037,6.733784916678243e-05,4097,3037.4553664230066,0.21762977927499025,1185,near_start,40,101,1,122
1185,14102.267699170696,12485.779850869983,0.8853739070351238,3259,6.658459774795237e-05,4417,3258.57635547749,0.23109758441131067,1185,near_start,40,102,3,122
1185,14344.206133000624,12505.401595468576,0.8718085531898729,3676,6.469071822883626e-05,5313,3675.600565742818,0.2562707176622976,1185,near_start,40,103,2,122
1185,14255.307475538497,12501.664733565416,0.876983169603163,3538,6.516771073952852e-05,4993,3538.3473060040415,0.24818826293793086,1185,near_start,40,104,1,122
1184,14032.348815785763,12465.103907371915,0.8883120047122284,3176,6.704769045563059e-05,4289,3175.833279143628,0.22633416840572995,1185,near_start,40,105,1,122
1184,14101.793171686886,12484.317010343673,0.8852999656390701,3329,6.578012429353279e-05,4673,3329.220597683831,0.2360692686008086,1185,near_start,40,106,2,122
1183,13934.3238161847,12454.838227767345,0.8938243715350626,3029,6.74913225126287e-05,4033,3029.3557194557357,0.21737689176433664,1185,near_start,40,107,1,122
1182,13959.5890809041,12448.095498493678,0.8917236335790102,3091,6.724517959330164e-05,4161,3090.9895421534134,0.22142485585254848,1185,near_start,40,108,6,122
1184,13930.674969252115,12458.402703376629,0.8943143624321797,2987,6.790348171778227e-05,3905,2986.78350115905,0.21441889977283424,1185,near_start,40,109,1,122
1180,14183.859669580685,12433.559050264501,0.8765991302727033,3517,6.558857278298464e-05,5057,3517.4707753673592,0.24795789594158982,1185,near_start,40,110,4,122
1182,13890.47810665733,12431.544754111645,0.8949688166711512,2960,6.816888646008569e-05,3905,2959.632881440026,0.21309561681547534,1185,near_start,40,111,4,122
1184,14323.489022520842,12502.51238242945,0.8728678021655012,3654,6.478551388263173e-05,5185,3653.8182244433106,0.25510544213458125,1185,near_start,40,112,3,122
1183,14397.71895791325,12484.198673060526,0.8670955940697107,3805,6.421658993099693e-05,5633,3805.439019628447,0.26427797424874044,1185,near_start,40,113,1,122
1185,14026.485099238827,12474.20055620084,0.8893318937670118,3155,6.698980817157826e-05,4417,3154.63028543829,0.2249316188395061,1185,near_start,40,114,1,122
1180,13740.831561415638,12399.10467387624,0.902354753310056,2730,6.924452840810757e-05,3521,2730.0673386815056,0.1986779321031677,1185,near_start,40,115,1,122
1184,13840.402316723847,12455.541266878932,0.8999406940525466,2824,6.853028789568236e-05,3649,2824.2089705098524,0.20404031150074742,1185,near_start,40,116,2,122
1184,14456.506669110557,12498.629460247414,0.8645677511395911,3831,6.437135706695502e-05,5569,3830.930403684836,0.26500178000718233,1185,near_start,40,117,1,122
1179,13807.406694171905,12392.989708850126,0.8975609963079596,2876,6.862275688334581e-05,3777,2876.1415093033024,0.208294002175945,1185,near_start,40,118,1,122
1185,14746.334713470118,12557.020115349986,0.8515349989906108,4313,6.149073566447931e-05,6785,4312.598124391719,0.2924794590523072,1185,near_start,40,119,1,122
1185,13845.149916131024,12459.745502893615,0.8999357593359628,2808,6.870748181722053e-05,3649,2808.441646832348,0.20281470529462386,1185,near_start,40,120,3,122
1183,13841.684483614914,12443.880890027925,0.8990149215406812,2853,6.845283326543356e-05,3713,2853.0110753097442,0.20611653179764625,1185,near_start,40,121,2,122
1182,14070.313435170236,12449.491519814053,0.8848055572589615,3287,6.644321506221921e-05,4609,3286.7724873789934,0.23361242200787055,1185,near_start,40,122,1,122
1184,14058.284134549966,12472.558741257842,0.8872034895499795,3243,6.642987537950124e-05,4545,3243.1217611337674,0.23068249076214983,1185,near_start,40,123,1,122
1168,13859.380323325424,12272.96696451633,0.8855350440063219,3201,6.757737575942098e-05,4481,3200.6131284106605,0.23096270722960802,1185,near_start,40,124,1,122
1182,13716.001802861692,12422.336259021222,0.9056820229076843,2668,6.923881374033543e-05,3393,2668.1322332429672,0.19451732642987488,1185,near_start,40,125,1,122
1184,14087.342973639354,12479.2115204488,0.8858456519302657,3268,6.641251292772404e-05,4481,3267.8508993878904,0.2319812903054307,1185,near_start,40,126,1,122
1185,13921.94544656466,12470.707758646753,0.895758987600687,2961,6.781720621587954e-05,3969,2960.8808874472797,0.21268579246808125,1185,near_start,40,127,1,122
1184,14484.779470267222,12514.457458088576,0.8639729368180504,3949,6.314681092457832e-05,5953,3948.512869789222,0.27263100609202073,1185,near_start,40,128,1,122
1185,13954.504247464978,12472.644466755488,0.8938077803101683,3016,6.764943019648391e-05,4033,3015.612529073694,0.21613093138352776,1185,near_start,40,129,1,122
1184,14205.254669293357,12511.125212857698,0.8807392408037741,3502,6.460834491862646e-05,5057,3502.2621096830503,0.24652849114842426,1185,near_start,40,130,1,122
1185,14430.63684943517,12507.23997854753,0.8667143459463521,3785,6.458333775089213e-05,5441,3784.6822602417014,0.2622891865058713,1185,near_start,40,131,1,122
1184,13739.225120737014,12446.90586009928,0.9059394362286707,2658,6.918768892565623e-05,3393,2657.9454734670535,0.1934606920435566,1185,near_start,40,132,1,122
1171,13585.715629169525,12282.797865287568,0.904096493740492,2660,7.007469829680809e-05,3393,2660.423815717993,0.1957938817951397,1185,near_start,40,133,1,122
1184,14180.642752258193,12490.244408420142,0.8807953649654657,3480,6.511457440978509e-05,4993,3480.452612460819,0.24540495524759118,1185,near_start,40,134,2,122
1185,14090.396096496768,12493.09263381908,0.8866388530358761,3273,6.618650030282921e-05,4481,3272.58350142154,0.23228587596723071,1185,near_start,40,135,1,122
1183,13760.613508547773,12437.590696148902,0.9038543730933916,2737,6.881277817420665e-05,3521,2736.600308893724,0.19890101544526625,1185,near_start,40,136,1,122
1184,13996.53969810867,12467.475223288442,0.8907541072436034,3106,6.725962696881195e-05,4161,3105.8304723523906,0.2219119916060188,1185,near_start,40,137,2,122
1183,13793.534947538366,12437.732838439648,0.9017074220455229,2771,6.885376932485859e-05,3585,2770.6035242347502,0.2008912153801822,1185,near_start,40,138,1,122
1180,14012.786899857114,12422.351952760788,0.8865011679359411,3255,6.664588738395525e-05,4481,3254.6321379945934,0.23228783990379465,1185,near_start,40,139,1,122
1183,15039.058194660616,12586.00760575534,0.8368880180424999,4815,5.9097734960903504e-05,7873,4814.781155456193,0.3201663254225249,1185,near_start,40,140,2,122
1176,13980.596558604637,12370.338631181132,0.8848219444232199,3266,6.697568305292607e-05,4545,3265.604691684815,0.23360948771459078,1185,near_start,40,141,2,122
1184,14459.693255542266,12503.717752968563,0.8647291150644572,3881,6.385357528342744e-05,5761,3881.299915130853,0.268401267676439,1185,near_start,40,142,3,122
1185,14073.208107712198,12478.373608263493,0.886675839137579,3209,6.701796905768631e-05,4289,3208.7193031519055,0.228021924740916,1185,near_start,40,143,1,122
1185,14344.682647908829,12522.173489161192,0.8729487989744185,3734,6.358157919691282e-05,5633,3733.834593171861,0.26030551470891855,1185,near_start,40,144,1,122
1183,13990.76856105687,12454.263728134503,0.8901772389260152,3138,6.703432957777247e-05,4289,3138.034824628162,0.22429075188439498,1185,near_start,40,145,1,122
1185,14087.07680071087,12481.514949167553,0.8860259034392219,3218,6.700891221201759e-05,4353,3218.0553531898663,0.22843632114205634,1185,near_start,40,146,2,122
1180,13915.448981917123,12410.733068139998,0.8918672393731257,3059,6.775751983564501e-05,4161,3058.82028791922,0.21982761777755902,1185,near_start,40,147,2,122
1184,13799.127558379305,12449.897762930568,0.9022235435000789,2788,6.848849286602749e-05,3713,2787.5581442054845,0.20204175866952043,1185,near_start,40,148,1,122
1183,14030.680468993613,12469.727246673194,0.8887471476689981,3199,6.66025977872827e-05,4353,3198.943205923471,0.2280003458898139,1185,near_start,40,149,2,122
1182,14122.76942802619,12458.561800843045,0.8821613823220411,3396,6.582777869511714e-05,4737,3395.9091483032207,0.24046275182123594,1185,near_start,40,150,1,122
1181,14469.992893285498,12490.115702176025,0.8631735892539246,4000,6.266924852773412e-05,6209,3999.694621930954,0.27643413714847903,1185,near_start,40,151,2,122
1185,14004.646082009653,12475.254050668133,0.8907939534933215,3085,6.745343328798795e-05,4097,3085.4766551093353,0.22028403873504424,1185,near_start,40,152,2,122
1182,13724.508385187264,12419.402884742503,0.9049069399197316,2665,6.938808037429918e-05,3393,2665.40914011052,0.1941781756551885,1185,near_start,40,153,2,122
1184,14210.124029667915,12469.97542828563,0.8775416317444379,3418,6.644080173615816e-05,4737,3417.652838008774,0.24053273517274693,1185,near_start,40,154,1,122
1183,14058.074915595505,12469.883147722203,0.8870263690150476,3254,6.634737076776975e-05,4481,3254.266109977648,0.2314683923323053,1185,near_start,40,155,1,122
1185,13961.615090609117,12470.477951609144,0.893197375137283,2991,6.801530485220548e-05,3905,2990.71697780115,0.21423022913816117,1185,near_start,40,156,1,122
1185,13852.2480086847,12465.869143378672,0.8999166875703615,2835,6.83995742181248e-05,3713,2835.2957320511173,0.204659922217866,1185,near_start,40,157,1,122
1171,13566.51696272222,12276.505160100529,0.9049120856763487,2619,7.037605918142844e-05,3393,2618.561855241592,0.19304881328025691,1185,near_start,40,158,2,122
1180,13948.013974824975,12412.520601945063,0.8899131176917838,3089,6.775657238301476e-05,4097,3088.9197190885616,0.22146522118312992,1185,near_start,40,159,1,122
1181,14420.233266202582,12471.851951922989,0.8648855896911105,3873,6.396901468060613e-05,5697,3872.5022359577492,0.2685809534771773,1185,near_start,40,160,1,122
1183,14326.848983430098,12482.879796893092,0.8712927602803888,3707,6.45297046924095e-05,5377,3706.996486360263,0.2587449622933402,1185,near_start,40,161,1,122
1185,14083.080579997795,12483.126498429781,0.8863917540995662,3223,6.676112436932049e-05,4417,3223.2200898025385,0.22885617828372212,1185,near_start,40,162,1,122
1180,13915.540432644148,12404.844855480362,0.8914382388182438,3042,6.804638909794453e-05,4097,3041.705262107755,0.21860451735412603,1185,near_start,40,163,1,122
1183,14138.240592023689,12459.515874134351,0.8812635343865618,3340,6.648957788461918e-05,4609,3339.7616855484844,0.23623872986602829,1185,near_start,40,164,2,122
1183,13927.014894541382,12449.541344855801,0.8939131205880545,3013,6.766628086967653e-05,4033,3013.132058906882,0.21634212520164167,1185,near_start,40,165,1,122
1176,13932.164302597295,12372.062425076287,0.8880215705444869,3187,6.70885446848804e-05,4417,3187.421355326087,0.22875125004130661,1185,near_start,40,166,1,122
1185,13977.491587105711,12473.46448166427,0.8923964936005462,3044,6.75953579157255e-05,4033,3043.939077764122,0.21777870378459763,1185,near_start,40,167,1,122
1185,14168.028964116482,12503.010597728337,0.8824805927059328,3389,6.565797721200657e-05,4737,3388.8105078277117,0.23920052736928732,1185,near_start,40,168,1,122
1180,14428.27702541345,12464.836278911553,0.8639171716038191,3928,6.332671143776005e-05,6017,3928.252892531118,0.2722431786609975,1185,near_start,40,169,4,122
1184,14019.812328861743,12461.301156748006,0.8888350902597089,3149,6.720461167401365e-05,4289,3148.817017790766,0.22461070991067003,1185,near_start,40,170,1,122
1184,14185.923935869243,12468.838334308777,0.878958493692554,3399,6.631884376894626e-05,4801,3399.3309270132263,0.2396037096607854,1185,near_start,40,171,1,122
1183,14022.995907304423,12457.829644668896,0.8883857434615489,3165,6.709524812835912e-05,4289,3165.4921591433745,0.2257007005436967,1185,near_start,40,172,2,122
1183,14007.364034382521,12450.684754768487,0.8888670790740496,3120,6.754288287303228e-05,4161,3120.3207087356004,0.22273998108006887,1185,near_start,40,173,2,122
1183,13915.115830040038,12447.884994684453,0.8945584892518021,2988,6.78642460460311e-05,3969,2988.0728390157456,0.21473051582865643,1185,near_start,40,174,1,122
1183,13962.159296808695,12453.721122467306,0.8919624004944443,3064,6.749543914635371e-05,4097,3064.0806717452674,0.21945029668156937,1185,near_start,40,175,2,122
1174,13996.97509866549,12349.272830751317,0.8822815460983945,3358,6.651589605385664e-05,4801,3357.80764554031,0.23990897864211824,1185,near_start,40,176,3,122
1185,14243.97014560263,12501.776302985387,0.8776890273702876,3477,6.566691372059965e-05,4801,3477.2822188275445,0.24410329174085024,1185,near_start,40,177,1,122
1184,13921.094265025587,12463.715573648307,0.8953114845979673,2983,6.770362813010339e-05,3969,2983.124162302748,0.2142791323160771,1185,near_start,40,178,1,122
1181,14160.90463023582,12455.870797091156,0.8795956983211269,3484,6.528001497264796e-05,4993,3483.8806713650133,0.2460294798229978,1185,near_start,40,179,2,122
1185,13926.743450893704,12479.99739714146,0.8961174190611371,2969,6.762919021133102e-05,3905,2969.4347865595537,0.21318695289166642,1185,near_start,40,180,1,122
1178,13990.8173282713,12401.474726808783,0.8864010183128526,3248,6.666501316253995e-05,4545,3248.2012307034483,0.23215226986323048,1185,near_start,40,181,1,122
1177,13847.546791043234,12366.453598690174,0.8930429183809618,2978,6.845997015364911e-05,3969,2977.685241952578,0.21505614279102545,1185,near_start,40,182,1,122
1181,15810.664697184055,12734.207661102622,0.8054188678968467,5835,5.4165904973893146e-05,10561,5835.1088099205235,0.3690546926239754,1185,near_start,40,183,1,122
1184,13741.7158955964,12451.421806454426,0.9061038593036655,2649,6.913804405636133e-05,3457,2649.000693038396,0.19277068599918332,1185,near_start,40,184,3,122
1184,14249.23399194693,12476.38144406327,0.8755826068344725,3563,6.519944935519427e-05,5313,3563.330682833909,0.2500485290657489,1185,near_start,40,185,1,122
1185,14166.581789571519,12515.507623938698,0.8834528900367321,3392,6.45822541766959e-05,5057,3392.496620392468,0.23943672866075297,1185,near_start,40,186,2,122
1184,14070.553203006966,12469.658201392405,0.8862237341689991,3226,6.687569331031577e-05,4353,3225.821349794271,0.22927314608430488,1185,near_start,40,187,2,122
1185,14806.450851333097,12634.037197870473,0.8532792446160702,4488,5.822916454652861e-05,7809,4487.960229812033,0.30311112670163787,1185,near_start,40,188,5,122
1185,14084.55736699044,12487.864430352096,0.8866352065574693,3282,6.607492816758152e-05,4609,3282.4431549292954,0.23302116740224482,1185,near_start,40,189,1,122
1182,14104.460596677864,12443.292791158035,0.8822239394315373,3293,6.697437764297815e-05,4481,3292.6656729547935,0.2334722393265877,1185,near_start,40,190,1,122
1183,14071.481148978091,12460.039995589597,0.8854817672476845,3252,6.67179409847077e-05,4481,3251.8738716814582,0.2311057354638299,1185,near_start,40,191,2,122
1184,13852.4305188812,12459.190049169752,0.8994226704250617,2878,6.81054987428884e-05,3777,2877.571451257949,0.20776137415576393,1185,near_start,40,192,1,122
1180,14320.777244277722,12445.861488446399,0.869077234856055,3736,6.478475203734746e-05,5441,3735.822853122567,0.26087969502443215,1185,near_start,40,193,4,122
1184,14274.677935324578,12476.77360322361,0.8740493943017925,3574,6.550400410740997e-05,5121,3573.5691408395255,0.2503734246189656,1185,near_start,40,194,1,122
1183,13883.172148129623,12444.407578881537,0.8963662948282378,2916,6.824925692993078e-05,3841,2916.470339871871,0.21003845294771853,1185,near_start,40,195,1,122
1184,13804.565975748596,12449.146784758183,0.9018137047284522,2756,6.891161438114552e-05,3521,2756.137432925255,0.19964408912541326,1185,near_start,40,196,3,122
1184,14268.21364404125,12481.120109725955,0.8747500157413448,3515,6.590521163189186e-05,4865,3515.079119707905,0.24635179201062415,1185,near_start,40,197,2,122
1185,14636.085714853516,12533.276400281607,0.8563270702604686,4096,6.297142427523587e-05,6145,4095.773174180261,0.2798562457066749,1185,near_start,40,198,1,122
1179,13841.384840795728,12392.618226535396,0.8953308046178822,2961,6.823963657202322e-05,3905,2961.1992295675964,0.21392368134096146,1185,near_start,40,199,1,122
1215,14117.516266959201,12919.344690229387,0.9151287270315368,2577,6.682345429051397e-05,3329,2577.092288094168,0.18253919112041264,1215,centre,10,0,1,121
1215,14138.25315587902,12943.314796065406,0.9154818953488091,2569,6.676180371360937e-05,3329,2569.409176494578,0.18170561608113156,1215,centre,10,1,1,121
1215,14108.459238656042,12921.40921626792,0.9158625330868377,2555,6.690864225879673e-05,3265,2555.0682371630164,0.18109702532219152,1215,centre,10,2,1,121
1215,14080.820878014747,12888.685491134556,0.9153362295275309,2567,6.69893503383129e-05,3329,2566.617146284397,0.18230471236290033,1215,centre,10,3,1,121
1215,14113.303284313834,12922.528750299642,0.9156275104399072,2563,6.686716539176273e-05,3329,2562.8689567615606,0.18160170927869415,1215,centre,10,4,1,121
1215,14101.157093517733,12902.922259073623,0.9150257793387085,2577,6.688987937490437e-05,3329,2577.272327114467,0.18275096028712712,1215,centre,10,5,1,121
1215,14131.76678307519,12938.551382754615,0.9155650232107126,2566,6.679563009398839e-05,3329,2566.079383716307,0.18157672988724605,1215,centre,10,6,1,121
1215,14116.517933384654,12921.875261141806,0.9153727089158726,2570,6.684258259043863e-05,3329,2570.146712349631,0.18205622747250694,1215,centre,10,7,1,121
1215,14088.960974516483,12896.882677875272,0.9153891973441198,2566,6.696168643223633e-05,3329,2565.875795545754,0.1821284056816732,1215,centre,10,8,1,121
1215,14102.940343023949,12903.354686649333,0.9149407409237185,2580,6.687443438796471e-05,3329,2580.2581192069524,0.18294057389785406,1215,centre,10,9,1,121
1215,14095.021119408153,12905.033899253696,0.9155739313851824,2561,6.694790213526395e-05,3329,2561.4130589966153,0.18169536450524565,1215,centre,10,10,1,121
1215,14088.562143099174,12898.699860509894,0.9155440938185381,2563,6.696331133220924e-05,3329,2562.59480212551,0.1819206228405219,1215,centre,10,11,1,121
1215,14109.096674091543,12912.555639937975,0.9151936469220762,2574,6.686751495449293e-05,3329,2573.6198256888983,0.18243549246682972,1215,centre,10,12,1,121
1215,14097.732934711512,12899.969507306007,0.9150385786883247,2576,6.691067763633181e-05,3329,2575.9392588818946,0.18272441476440224,1215,centre,10,13,1,121
1215,14137.598604219376,12931.425960450008,0.9146833435057786,2592,6.671737387201277e-05,3329,2591.524803909055,0.18334089632636874,1215,centre,10,14,1,121
1215,14096.778811132612,12897.600458157494,0.9149324559148155,2579,6.690691552289072e-05,3329,2578.8227422898512,0.1829495968230198,1215,centre,10,15,1,121
1215,14105.116322596494,12917.900028194914,0.9158308044223888,2556,6.691566879061748e-05,3329,2556.135460255981,0.18121084162243103,1215,centre,10,16,1,121
1215,14097.148295065226,12906.88043970169,0.91556676354322,2563,6.69305534267745e-05,3329,2562.8192613611977,0.18180982042284327,1215,centre,10,17,1,121
1215,14110.264219942128,12913.753491721236,0.9152028119693283,2574,6.686078545818837e-05,3329,2573.7629763661103,0.18242039694495224,1215,centre,10,18,1,121
1215,14115.393666899074,12928.29500385147,0.915900421124536,2556,6.687544891997826e-05,3265,2555.6391705921933,0.18107890295641413,1215,centre,10,19,1,121
1215,14106.883845879021,12911.765420928874,0.9152811890983796,2572,6.687597775760969e-05,3329,2571.6075632471575,0.18232233483309968,1215,centre,10,20,1,121
1215,14097.179344996593,12910.354494588413,0.9158111831194506,2555,6.694983016347433e-05,3329,2555.4422677994335,0.18124193056441656,1215,centre,10,21,1,121
1215,14108.855437476286,12920.292157417245,0.915757639921524,2558,6.689828372390617e-05,3329,2558.323885948711,0.18130457224796406,1215,centre,10,22,1,121
1215,14121.202773948871,12920.558941908688,0.914975809691285,2581,6.680421550384472e-05,3329,2581.2171131985547,0.18277479909583125,1215,centre,10,23,1,121
1215,14096.696730711028,12908.708541084943,0.9157257751712898,2557,6.695113903445394e-05,3329,2557.2523030164984,0.18139001277010708,1215,centre,10,24,1,121
1215,14101.740741131533,12913.371112820212,0.9157288699227664,2558,6.692695345678086e-05,3329,2558.211223644039,0.18139604513781074,1215,centre,10,25,1,121
1215,14087.936266954946,12890.82965188752,0.9150261193418803,2575,6.695424507031206e-05,3329,2574.5984169459257,0.1827804975268089,1215,centre,10,26,1,121
1215,14093.528191189558,12901.236606917235,0.9154014830000005,2566,6.694615998655667e-05,3329,2565.742079911641,0.1820693842727126,1215,centre,10,27,1,121
1215,14094.514011146202,12906.603551484828,0.9157182391161588,2558,6.695547909503269e-05,3329,2557.7262478434486,0.18148905297317,1215,centre,10,28,1,121
1215,14104.022605054879,12916.306755656979,0.9157888580686036,2557,6.691666136571295e-05,3329,2557.297776774594,0.1812957956465251,1215,centre,10,29,1,121
1215,14095.143042684616,12906.185674620365,0.9156477259958479,2560,6.694413734759085e-05,3329,2560.18595290186,0.18162284641223564,1215,centre,10,30,1,121
1215,14084.878721376761,12896.405965211114,0.915620661016989,2559,6.699423575986304e-05,3329,2558.7550308485675,0.18168420549593942,1215,centre,10,31,1,121
1215,14084.415893757978,12895.75532009261,0.9156045531009798,2560,6.69896223772857e-05,3329,2559.7307243497175,0.18176117627530136,1215,centre,10,32,1,121
1215,14106.772341459111,12919.80759140659,0.9158585166527364,2555,6.691708550684623e-05,3265,2554.8266436652925,0.1811186810246438,1215,centre,10,33,1,121
1215,14144.509421269287,12945.781566778227,0.915251365827611,2577,6.671741030273094e-05,3329,2577.201050518791,0.182190836263641,1215,centre,10,34,1,121
1215,14116.924687498045,12917.256444406117,0.915019151150225,2579,6.68256943006837e-05,3329,2579.4141835582277,0.1826885144668912,1215,centre,10,35,1,121
1215,14113.600068004413,12919.013842601682,0.915359212415912,2570,6.685117667943652e-05,3329,2570.3796817320526,0.18209386603111988,1215,centre,10,36,1,121
1215,14099.833842262648,12904.131576902522,0.9151974215627886,2572,6.691026766634796e-05,3329,2571.750943048527,0.18241349712155633,1215,centre,10,37,1,121
1215,14118.107699336444,12922.639116863318,0.9153237382847481,2573,6.682339456532519e-05,3329,2572.71815719989,0.18224822014361966,1215,centre,10,38,1,121
1215,14095.418310042303,12906.330781874543,0.9156401390854365,2559,6.695472193086404e-05,3329,2559.151773006214,0.18154835448741782,1215,centre,10,39,1,121
1215,14085.568667549574,12894.29636995469,0.9154260416663657,2565,6.69737170406757e-05,3329,2564.9100633876683,0.1821012740443532,1215,centre,10,40,1,121
1215,14118.132467692467,12927.814908893783,0.9156887384700084,2562,6.685017900898518e-05,3329,2561.9301938307945,0.1814687605363392,1215,centre,10,41,1,121
1215,14109.432312761593,12912.97155291945,0.9152013537242049,2574,6.686172350148096e-05,3329,2573.843836784246,0.18243115264615486,1215,centre,10,42,1,121
1215,14086.585620823473,12897.312790984259,0.915574088579622,2561,6.697991021467915e-05,3329,2560.6711651315404,0.1818041695082026,1215,centre,10,43,1,121
1215,14099.631979108473,12913.783022484207,0.9158950419144736,2554,6.693813639022136e-05,3265,2554.181262062039,0.18113947965338956,1215,centre,10,44,1,121
1215,14083.563537508498,12897.108747734843,0.9157560665229513,2556,6.700044122867922e-05,3329,2555.62129753851,0.18148815768059354,1215,centre,10,45,1,121
1215,14104.577998004632,12917.076025898441,0.9158073377116149,2556,6.69207506837332e-05,3329,2556.1930364207133,0.18121775783448438,1215,centre,10,46,1,121
1215,14085.160381729904,12894.570856712859,0.9154720647298146,2563,6.697857589301327e-05,3329,2563.415929529034,0.18196455919128263,1215,centre,10,47,1,121
1215,14102.094008548002,12910.065976108666,0.9154715582156249,2566,6.690456343488713e-05,3329,2566.053153154467,0.18195879267608173,1215,centre,10,48,1,121
1215,14128.917343715973,12939.136389153113,0.9157910740349804,2560,6.681875212163706e-05,3329,2559.657513065602,0.18118868825703724,1215,centre,10,49,1,121
1215,14100.471859993793,12915.103895949946,0.9159341633518661,2553,6.694080898274545e-05,3265,2552.70912650562,0.18105777064407572,1215,centre,10,50,1,121
1215,14091.464681758309,12904.20351690684,0.9157460780930458,2557,6.696942847120034e-05,3329,2556.584825104896,0.18145736144164554,1215,centre,10,51,1,121
1215,14133.458539923235,12935.171505239441,0.9152162910940055,2577,6.676164867737553e-05,3329,2576.7166234724464,0.18233329037762874,1215,centre,10,52,1,121
1215,14127.547623269968,12936.828707674427,0.9157165173073445,2562,6.681405491188477e-05,3329,2562.3598477739683,0.18134782258882937,1215,centre,10,53,1,121
1215,14091.895937380912,12899.43498554104,0.9153796652246994,2567,6.694258521039248e-05,3329,2567.1561804889775,0.18216143600596987,1215,centre,10,54,1,121
1215,14138.095581293675,12943.952739579872,0.9155372210601128,2569,6.67588406760957e-05,3329,2568.6694517144324,0.18170764126103958,1215,centre,10,55,1,121
1215,14123.770972675758,12929.394038303013,0.9154349828609215,2571,6.680471804017505e-05,3329,2570.61182923468,0.1820335379959027,1215,centre,10,56,1,121
1215,14094.07823309296,12909.025019024186,0.9159183598622106,2553,6.696345170553725e-05,3265,2552.6780399405275,0.18113990555306728,1215,centre,10,57,1,121
1215,14095.253454264739,12905.070288804463,0.9155614214868788,2562,6.694390753164667e-05,3329,2562.017902402914,0.18176331545317667,1215,centre,10,58,1,121
1215,14082.958069354507,12893.865876529733,0.9155651684135651,2560,6.699547650146295e-05,3329,2560.3642861203684,0.1817799916319241,1215,centre,10,59,1,121
1215,14102.666583056238,12914.676147246797,0.9157612903337897,2557,6.692327263033353e-05,3329,2557.3962906366096,0.18131322788784698,1215,centre,10,60,1,121
1215,14116.767333246906,12910.3032024872,0.9145367985262236,2594,6.67831874743689e-05,3329,2594.009119499127,0.18375311703910976,1215,centre,10,61,1,121
1215,14114.347909637538,12916.099712833948,0.9151042467937606,2577,6.683949499128902e-05,3329,2576.844279398808,0.1825801671106872,1215,centre,10,62,1,121
1215,14074.746721469473,12887.225496808942,0.915627524376755,2558,6.703084807947239e-05,3329,2557.9450311971364,0.1817439454237605,1215,centre,10,63,1,121
1215,14082.111571982936,12895.322881621398,0.915723669401774,2556,6.700859590176049e-05,3329,2555.9019731497024,0.1815068703961478,1215,centre,10,64,1,121
1215,14110.167569047186,12920.290590524563,0.9156723708134551,2560,6.689220353921071e-05,3329,2560.3844528235577,0.18142945414877654,1215,centre,10,65,1,121
1215,14107.491732180768,12904.550310250199,0.9147303117543903,2585,6.685692850029634e-05,3329,2585.0195126455737,0.18323597483338058,1215,centre,10,66,1,121
1215,14087.02948230288,12897.745481407148,0.9155759557123243,2561,6.69796799866314e-05,3329,2560.5380343051884,0.18179844112751442,1215,centre,10,67,1,121
1215,14101.308970538941,12905.528935068398,0.91520077760378,2572,6.690241572016159e-05,3329,2572.190227958044,0.1823944149705203,1215,centre,10,68,1,121
1215,14076.485833664809,12886.827136221827,0.9154861013252443,2562,6.70195405546779e-05,3329,2561.5826946483544,0.18200565327695742,1215,centre,10,69,1,121
1215,14084.073351367113,12891.385595890004,0.9153165617842131,2567,6.697610918859353e-05,3329,2567.3086286417197,0.18226261224000417,1215,centre,10,70,1,121
1215,14087.773814866705,12897.718162321073,0.9155256417241895,2561,6.697898568369375e-05,3329,2561.454455009319,0.18178883574191113,1215,centre,10,71,1,121
1215,14107.727009338185,12922.557723373728,0.9159914786286997,2553,6.690969138343697e-05,3265,2552.519618742668,0.18096465846766943,1215,centre,10,72,1,121
1215,14140.222654009558,12945.254395115157,0.9154915528465487,2570,6.674717838684668e-05,3329,2570.290914581388,0.18175102775140947,1215,centre,10,73,1,121
1215,14109.288811520653,12920.974161133652,0.9157778491700654,2558,6.68970188221856e-05,3329,2557.9215797690395,0.18129900338501237,1215,centre,10,74,1,121
1215,14109.39430128202,12920.860307793526,0.9157629329715096,2558,6.689728347211482e-05,3329,2558.1865082717836,0.18129764789177186,1215,centre,10,75,1,121
1215,14152.795525442614,12946.46411773643,0.9147637365679769,2592,6.665733931358767e-05,3329,2591.5436964022756,0.1831440294138594,1215,centre,10,76,1,121
1215,14107.814084181533,12919.383400941502,0.9157608204822769,2559,6.689902650787913e-05,3329,2558.552030452009,0.18138883775547435,1215,centre,10,77,1,121
1215,14116.18072148842,12924.599421018134,0.9155875570042543,2565,6.685325376049812e-05,3329,2564.6342437887142,0.18170637303441556,1215,centre,10,78,1,121
1215,14139.74665576801,12942.83991086302,0.9153516131481225,2574,6.673916018824021e-05,3329,2574.261563134773,0.18204003668976565,1215,centre,10,79,1,121
1215,14081.538523011088,12889.727744661108,0.9153635963568608,2565,6.699408369324552e-05,3329,2565.3368811451005,0.1821533915351971,1215,centre,10,80,1,121
1215,14102.83799906724,12907.166871752024,0.9152176939567556,2572,6.689688597787233e-05,3329,2571.868931428936,0.18237463978314944,1215,centre,10,81,1,121
1215,14089.83953613154,12902.913840577829,0.9157601694107306,2555,6.698245822124921e-05,3329,2555.359580987548,0.18133634477866398,1215,centre,10,82,1,121
1215,14092.291287717164,12902.823496797997,0.9155944362322466,2561,6.695991621215577e-05,3329,2560.5585717893396,0.18173056089410858,1215,centre,10,83,1,121
1215,14106.546874126332,12912.119969588295,0.9153281866075385,2571,6.687409796738172e-05,3329,2570.9503746170153,0.18225580100794378,1215,centre,10,84,1,121
1215,14122.074916634734,12935.220788264189,0.9159575249829244,2556,6.684576289651158e-05,3265,2555.5258587708067,0.18099323329528763,1215,centre,10,85,1,121
1215,14087.263317070814,12895.653044446193,0.9154122240917696,2564,6.697526101769003e-05,3329,2564.3513332184452,0.1820083817765349,1215,centre,10,86,1,121
1215,14104.3411193826,12914.165340901085,0.9156163504266116,2561,6.691435141453724e-05,3329,2561.052415147196,0.1815753021231597,1215,centre,10,87,1,121
1215,14128.014841607737,12933.933705086984,0.9154813220464546,2568,6.680363916759831e-05,3329,2568.206396202655,0.18176651346918937,1215,centre,10,88,1,121
1215,14093.393185705041,12903.962057827464,0.915603636952099,2560,6.695740220122991e-05,3329,2560.295715241881,0.18164539697910462,1215,centre,10,89,1,121
1215,14112.438161434107,12919.129147347861,0.915442746289775,2567,6.68687038228033e-05,3329,2567.11133564049,0.18189627976652487,1215,centre,10,90,1,121
1215,14131.619490411616,12933.289766274542,0.9152022367323046,2577,6.677075184739341e-05,3329,2576.7081822049886,0.18235701872304932,1215,centre,10,91,1,121
1215,14115.30327503747,12921.205008482675,0.9154039949912713,2568,6.685474990793721e-05,3329,2568.457322964185,0.18193020369186386,1215,centre,10,92,1,121
1215,14091.237026697652,12896.29656775187,0.9151997474258778,2572,6.693904745273666e-05,3329,2571.5913843235203,0.1825247843838704,1215,centre,10,93,1,121
1215,14106.228451577928,12904.778656322542,0.9148284178595596,2583,6.686447924444394e-05,3329,2582.5177700741992,0.18311060315424457,1215,centre,10,94,1,121
1215,14090.353064954208,12899.960428098795,0.9155171888619186,2562,6.69658958039992e-05,3329,2562.2005001122643,0.1818265296965663,1215,centre,10,95,1,121
1215,14087.573148721529,12898.741240478164,0.9156113053900095,2560,6.697728343770895e-05,3329,2559.967919205503,0.18172044063049456,1215,centre,10,96,1,121
1215,14109.818624238922,12917.155014739905,0.9154727894623558,2566,6.68764444652832e-05,3329,2566.410922999858,0.18185917681407537,1215,centre,10,97,1,121
1215,14107.319664394461,12918.877913936954,0.9157570836466532,2558,6.690563213582689e-05,3329,2558.0151133601316,0.18132430970967148,1215,centre,10,98,1,121
1215,14086.48955213669,12897.04519747103,0.9155613362532015,2561,6.69784386119896e-05,3329,2561.1687965541896,0.18180540939751297,1215,centre,10,99,1,121
1215,14085.434489359448,12888.207073056457,0.9150024504244145,2574,6.696879950956653e-05,3329,2574.3396524481404,0.18274196667092346,1215,centre,10,100,1,121
1215,14082.41829067716,12890.523924855426,0.9153629482366114,2565,6.699666515032197e-05,3329,2564.6573508365873,0.18214201190842916,1215,centre,10,101,1,121
1215,14098.362884210423,12910.082760901443,0.9157150278320753,2558,6.693950183103342e-05,3329,2558.216574046777,0.18143950620428795,1215,centre,10,102,1,121
1215,14112.3283054698,12918.997392809433,0.9154405363289455,2568,6.686203882538962e-05,3329,2567.969513641148,0.18196855574885318,1215,centre,10,103,1,121
1215,14098.386648476227,12909.267757271758,0.9156556760107731,2560,6.693687532595144e-05,3329,2559.7663361225477,0.18158106057310383,1215,centre,10,104,1,121
1215,14088.963491299164,12889.199945192588,0.9148437323407427,2579,6.694397059906583e-05,3329,2579.194134434728,0.1830510811950572,1215,centre,10,105,1,121
1215,14102.028451795532,12913.851585280541,0.9157442583117391,2558,6.692708332979051e-05,3329,2557.7430345479393,0.18139234428181175,1215,centre,10,106,1,121
1215,14108.35620306154,12909.539001428033,0.9150278611924073,2578,6.68592130014728e-05,3329,2578.3355801804587,0.1827285874339187,1215,centre,10,107,1,121
1215,14102.722493084018,12912.933967873929,0.9156341248440816,2561,6.691403607572718e-05,3329,2561.2637206984714,0.18159614225238535,1215,centre,10,108,1,121
1215,14099.700685842145,12908.691425362636,0.9155294649853504,2564,6.69188775557372e-05,3329,2563.8999878642026,0.18184783188869927,1215,centre,10,109,1,121
1215,14109.734522882442,12915.355639431582,0.9153507189299787,2569,6.68723065970949e-05,3329,2569.4914372003313,0.1820728799562974,1215,centre,10,110,1,121
1215,14099.716264206007,12912.358514123494,0.915788535894387,2557,6.69342389538157e-05,3329,2556.802976747329,0.181351167079247,1215,centre,10,111,1,121
1215,14112.86818609196,12916.31096825815,0.9152151637742213,2574,6.684895360541263e-05,3329,2573.9816553494034,0.1823867385466437,1215,centre,10,112,1,121
1215,14093.573850051742,12903.904947903846,0.9155878477095056,2561,6.695432602180861e-05,3329,2560.878299185083,0.18171402280554963,1215,centre,10,113,1,121
1215,14113.591025976824,12916.536986726003,0.9151843044730729,2574,6.684798191098639e-05,3329,2574.4298725436142,0.1823773974506144,1215,centre,10,114,1,121
1215,14139.764899595477,12936.158561060867,0.9148779101292523,2585,6.672964572845177e-05,3329,2585.398192500493,0.18281774968365663,1215,centre,10,115,1,121
1215,14093.150467616011,12903.101171292494,0.915558320401242,2562,6.695494288604388e-05,3329,2561.570570363331,0.18179043826198404,1215,centre,10,116,1,121
1215,14101.941128005146,12907.364860439036,0.9152899408157511,2571,6.689683532399292e-05,3329,2570.7277955552354,0.18231532642653234,1215,centre,10,117,1,121
1215,14101.370746124481,12911.092307937473,0.9155912953700522,2562,6.692091195188929e-05,3329,2561.83675869912,0.18168446501586533,1215,centre,10,118,1,121
1215,14123.6769953729,12934.510935710752,0.9158033662160545,2559,6.683548957387305e-05,3329,2559.3743831368147,0.18118511212330626,1215,centre,10,119,1,121
1215,14095.976858139793,12904.677018527032,0.9154865355128021,2564,6.693437347305239e-05,3329,2564.4159126822215,0.18189587183660885,1215,centre,10,120,1,121
1215,14080.285978443188,12891.018049507298,0.9155366637611871,2561,6.700481728143621e-05,3329,2560.88505437665,0.18188551027449812,1215,centre,10,121,1,121
1215,14084.140872800754,12889.074843880395,0.9151481059644706,2572,6.696768747953153e-05,3329,2571.712728162167,0.18261674767589395,1215,centre,10,122,1,121
1215,14103.468219468097,12914.345025804963,0.9156857607533943,2560,6.691240217317451e-05,3329,2560.113258339906,0.18151563574030932,1215,centre,10,123,1,121
1215,14102.462616421746,12901.487334629634,0.9148393217228865,2583,6.687174581411029e-05,3329,2582.787383795227,0.18315949988707655,1215,centre,10,124,1,121
1215,14097.388570551142,12907.288701078853,0.9155801187208276,2562,6.693496806181549e-05,3329,2561.880862637579,0.1817357865379345,1215,centre,10,125,1,121
1215,14080.839230483034,12893.18083969144,0.9156542893962968,2558,6.700745020233483e-05,3329,2557.93663886734,0.18166530830508243,1215,centre,10,126,1,121
1215,14113.891936017357,12924.951703146166,0.9157609936181299,2560,6.686467191629547e-05,3329,2560.348202898969,0.18138157863226337,1215,centre,10,127,1,121
1215,14087.28252531946,12895.237667965668,0.9153814899920338,2566,6.696678126076148e-05,3329,2565.9797088757828,0.18215010562811226,1215,centre,10,128,1,121
1215,14125.542723851202,12930.343159719834,0.91538735272003,2571,6.680453350719376e-05,3329,2571.0601214049257,0.18201070573089032,1215,centre,10,129,1,121
1215,14086.413380530008,12895.250121668596,0.9154388539734453,2564,6.698051551515187e-05,3329,2563.547347868723,0.18201936367591737,1215,centre,10,130,1,121
1215,14108.756053000357,12920.754331347205,0.9157968486243326,2558,6.689809194495539e-05,3329,2557.605794917817,0.18130584938819022,1215,centre,10,131,1,121
1215,14098.544123087597,12904.508060771715,0.9153078465484572,2568,6.692600717591664e-05,3329,2568.2287545544623,0.18214646686778643,1215,centre,10,132,1,121
1215,14102.26264123892,12908.441595218499,0.9153454253128602,2568,6.69086734847997e-05,3329,2568.0709769512596,0.18209843805422096,1215,centre,10,133,1,121
1215,14079.714783984498,12891.476280667937,0.9156063512971039,2558,6.701586606125623e-05,3329,2558.2616959871434,0.18167981661884894,1215,centre,10,134,1,121
1215,14119.557591898394,12924.196602678696,0.9153400535789039,2571,6.682969943884065e-05,3329,2571.2732958637775,0.18208785815464956,1215,centre,10,135,1,121
1215,14094.80999722326,12892.912020358746,0.914727621223607,2584,6.690658038787345e-05,3329,2583.859452837761,0.18332989238656353,1215,centre,10,136,1,121
1215,14100.280307289468,12914.183437732523,0.9158813269163334,2554,6.693851858531938e-05,3265,2554.178389613711,0.18113115089489748,1215,centre,10,137,1,121
1215,14126.315368634223,12927.544568234622,0.915139173300539,2578,6.678985142693944e-05,3329,2577.602318762726,0.1824962796543632,1215,centre,10,138,1,121
1215,14093.964972970634,12904.78917333353,0.9156251770230944,2560,6.69516272314756e-05,3329,2560.2636808054062,0.1816380276884156,1215,centre,10,139,1,121
1215,14108.434803734679,12916.327885761635,0.915503956706985,2565,6.688484392950066e-05,3329,2565.467210963226,0.18180613481808858,1215,centre,10,140,1,121
1215,14097.354841550987,12900.34778947472,0.9150899537161276,2575,6.69138602697152e-05,3329,2574.626915567383,0.18265838016720443,1215,centre,10,141,1,121
1215,14084.060394876431,12894.841686585696,0.9155627940417413,2560,6.699466909323567e-05,3329,2560.078586531413,0.18176576414932794,1215,centre,10,142,1,121
1215,14085.020448961057,12898.323713959058,0.915747602972807,2556,6.699048690269143e-05,3329,2556.44196642994,0.18146938510043387,1215,centre,10,143,1,121
1215,14079.65266936993,12883.607570061275,0.9150515195654908,2572,6.699519362818325e-05,3329,2572.3251805035643,0.18267496083872486,1215,centre,10,144,1,121
1215,14102.329675870675,12913.62941697394,0.9157089441093821,2559,6.69196690407075e-05,3329,2559.2448895108546,0.181459380032683,1215,centre,10,145,1,121
1215,14104.58029550705,12905.30764721907,0.9149728227879277,2578,6.6883517416545e-05,3329,2577.9916463729473,0.18277750532011294,1215,centre,10,146,1,121
1215,14117.459992758697,12923.460121229386,0.9154238884231475,2569,6.683807032750574e-05,3329,2569.287216202376,0.18197324457216266,1215,centre,10,147,1,121
1215,14077.625208274841,12886.871259271853,0.9154151405946607,2563,6.70192996117818e-05,3329,2562.725307054284,0.18206195733165748,1215,centre,10,148,1,121
1215,14118.27946596024,12924.822192094793,0.9154672297893718,2567,6.68484505553993e-05,3329,2566.7733355976648,0.18182102190207694,1215,centre,10,149,1,121
1215,14143.04600173671,12938.917488890374,0.9148607370223873,2588,6.670323578414086e-05,3329,2587.5677183490156,0.18298745543797312,1215,centre,10,150,1,121
1215,14114.313456623151,12918.142663358765,0.9152512237353577,2573,6.685125334024455e-05,3329,2572.5648084238883,0.18229721253587564,1215,centre,10,151,1,121
1215,14106.13080539042,12910.690325686472,0.9152538356409449,2572,6.687771354839785e-05,3329,2572.189547618153,0.18233206791313417,1215,centre,10,152,1,121
1215,14122.096457676806,12918.302008477049,0.9147580918451119,2587,6.678769358568609e-05,3329,2587.262435345836,0.18318809871842368,1215,centre,10,153,1,121
1215,14122.368718960823,12934.334383888608,0.915875703381321,2557,6.684596295133262e-05,3329,2556.966355328499,0.1810602775557721,1215,centre,10,154,1,121
1215,14090.964177005044,12900.369643572714,0.915506524714948,2562,6.696656329883331e-05,3329,2562.1307109601744,0.1818186440485678,1215,centre,10,155,1,121
1215,14104.706838643962,12914.676168779322,0.9156288263571559,2562,6.690264121013726e-05,3329,2562.037328342989,0.18164149239746358,1215,centre,10,156,1,121
1215,14089.38481584248,12899.956148393561,0.9155798011768765,2560,6.697353382163944e-05,3329,2560.318254519025,0.18169707431948823,1215,centre,10,157,1,121
1215,14100.989739914508,12912.890376522284,0.9157435481263297,2558,6.6930585192549e-05,3329,2557.616852393391,0.18140570606609835,1215,centre,10,158,1,121
1215,14095.842959588885,12901.699296262908,0.9152839836007364,2569,6.693282417855882e-05,3329,2568.9131472567396,0.18225231420107468,1215,centre,10,159,1,121
1215,14114.73038938477,12921.133044669397,0.9154360507223689,2568,6.685119649696902e-05,3329,2568.409998302632,0.18193758783598937,1215,centre,10,160,1,121
1215,14103.768716150835,12905.592706098852,0.9150456850104257,2577,6.688114921922511e-05,3329,2576.999360176465,0.18271711993184955,1215,centre,10,161,1,121
1215,14094.231542124153,12906.087883297614,0.9157000042694436,2558,6.695909738450325e-05,3329,2557.7670304550843,0.18149269027933693,1215,centre,10,162,1,121
1215,14093.819176532827,12902.550066342004,0.9154757773411506,2564,6.694264213343246e-05,3329,2564.3839614383196,0.18192371903488272,1215,centre,10,163,1,121
1215,14112.625718328043,12914.60995307889,0.9151103565587166,2576,6.684691231342499e-05,3329,2576.388187611315,0.18253158918928553,1215,centre,10,164,1,121
1215,14105.921512515934,12910.888336000318,0.9152814528667778,2571,6.688051827091495e-05,3329,2571.4447677365247,0.18226388100336424,1215,centre,10,165,1,121
1215,14086.361188563313,12893.08596143998,0.9152886106532502,2568,6.696436658454034e-05,3329,2568.499300920764,0.1823040007013986,1215,centre,10,166,1,121
1215,14079.6918111166,12888.67923645186,0.91540918717238,2564,6.699999244719451e-05,3329,2564.2590818703834,0.18210625874464081,1215,centre,10,167,1,121
1215,14084.746401132878,12891.13565904716,0.9152550775078413,2568,6.697658563228296e-05,3329,2568.3856432823904,0.18232490148302907,1215,centre,10,168,1,121
1215,14101.489368298864,12915.00386376298,0.9158609793939081,2556,6.691658164582992e-05,3329,2556.360626918459,0.1812574497092532,1215,centre,10,169,1,121
1215,14116.396187843307,12919.68575104126,0.9152254994208348,2574,6.683202677513551e-05,3329,2574.4707397945945,0.18234115603929177,1215,centre,10,170,1,121
1215,14098.792431249778,12912.423826974107,0.9158531760744203,2555,6.694360391924718e-05,3265,2554.6978053725825,0.18122119411708465,1215,centre,10,171,1,121
1215,14099.092442001642,12907.135582899355,0.9154586109704899,2566,6.691752318927349e-05,3329,2565.785132598017,0.18199753002227329,1215,centre,10,172,1,121
1215,14099.049595833229,12906.715270224053,0.9154315815754309,2566,6.691774521650427e-05,3329,2566.3272698917654,0.18199808310188118,1215,centre,10,173,1,121
1215,14124.002018743902,12916.445090377307,0.9145032033580813,2595,6.67621191067482e-05,3329,2594.939741482216,0.18372979531978165,1215,centre,10,174,1,121
1215,14106.11216384996,12915.276362399522,0.9155801550690756,2564,6.689019035420487e-05,3329,2564.094910747635,0.18176517882587226,1215,centre,10,175,1,121
1215,14111.22004816565,12919.204919807313,0.9155271390928887,2565,6.687724038813303e-05,3329,2564.810654079411,0.18177025028629118,1215,centre,10,176,1,121
1215,14117.017730629159,12924.527893281605,0.9155282043203605,2565,6.685282414462727e-05,3329,2565.4921221979757,0.18169559951991962,1215,centre,10,177,1,121
1215,14112.062941683045,12913.609754053316,0.9150759748888423,2577,6.684869385509519e-05,3329,2577.1421299604503,0.1826097297503025,1215,centre,10,178,1,121
1215,14100.465584560694,12908.325588240485,0.9154538558198005,2566,6.6913374687938e-05,3329,2565.984457551491,0.1819798065965738,1215,centre,10,179,1,121
1215,14084.388638282855,12897.541095136034,0.915733116031686,2557,6.699489904466282e-05,3329,2556.5004448617033,0.1815485262207125,1215,centre,10,180,1,121
1215,14104.60945092941,12907.460651052521,0.9151235768674187,2575,6.688171281339328e-05,3329,2574.9858812320795,0.1825644310789706,1215,centre,10,181,1,121
1215,14109.212875167683,12909.902618753826,0.9149980748731453,2580,6.684802274569939e-05,3329,2579.709190910222,0.18285924401500941,1215,centre,10,182,1,121
1215,14120.981253481066,12922.210501202835,0.9151071210449547,2579,6.680466171053847e-05,3329,2578.587428750932,0.18263603312724686,1215,centre,10,183,1,121
1215,14098.633179565008,12908.823586145212,0.9156081601481524,2561,6.693655844338065e-05,3329,2560.682958355333,0.18164881427740046,1215,centre,10,184,1,121
1215,14088.731303653043,12901.9203942888,0.9157616904045492,2557,6.697441528560964e-05,3329,2556.6292198175006,0.1814925662850139,1215,centre,10,185,1,121
1215,14092.301774171116,12902.930203789647,0.9156013269201067,2560,6.69592363822563e-05,3329,2560.4275306951245,0.18165946493510815,1215,centre,10,186,1,121
1215,14112.360367742842,12917.483647378976,0.915331192711388,2571,6.685795717556925e-05,3329,2570.596616081764,0.18218072193483895,1215,centre,10,187,1,121
1215,14096.930160164666,12907.133107784435,0.9155988545830794,2562,6.693668799121353e-05,3329,2561.513958020344,0.18174169630489773,1215,centre,10,188,1,121
1215,14109.076189019539,12912.936021009367,0.9152219357252409,2573,6.686456928549334e-05,3329,2573.30999350524,0.1823648809836643,1215,centre,10,189,1,121
1215,14084.897336941947,12892.270274512795,0.9153258249670644,2567,6.697759434732447e-05,3329,2566.7254464368348,0.18225194963027938,1215,centre,10,190,1,121
1215,14114.683784131987,12923.696425656377,0.915620684339061,2563,6.686318073444927e-05,3329,2563.1673842083915,0.18158394755406257,1215,centre,10,191,1,121
1215,14119.16701818907,12918.070984782136,0.9149315230948386,2581,6.682482812957964e-05,3329,2580.5156475816116,0.18280115226875757,1215,centre,10,192,1,121
1215,14085.743828135834,12894.38094877426,0.9154206626289864,2565,6.697476847129811e-05,3329,2564.7324650854166,0.18209900955862143,1215,centre,10,193,1,121
1215,14125.672525101201,12928.738359268536,0.9152653324147418,2574,6.679997571183551e-05,3329,2574.0532728529042,0.18222141249742435,1215,centre,10,194,1,121
1215,14103.400971930087,12913.205780475773,0.9156093488497454,2564,6.689200304872601e-05,3329,2564.1467548073683,0.18180012077250826,1215,centre,10,195,1,121
1215,14195.1492377361,12982.427838519465,0.9145679007028147,2603,6.646582814272777e-05,3329,2603.082518314937,0.1833724997466203,1215,centre,10,196,1,121
1215,14086.928078605015,12894.142736618387,0.9153267954992821,2568,6.696152261759716e-05,3329,2567.7724575648326,0.18229666437356448,1215,centre,10,197,1,121
1215,14133.469601972047,12944.168766593115,0.9158521673112038,2559,6.679636614872056e-05,3329,2559.45321299794,0.18105957504185258,1215,centre,10,198,1,121
1215,14093.754412688384,12904.072000249296,0.9155879705575091,2561,6.69485783489341e-05,3329,2561.4263483785444,0.18171169476987425,1215,centre,10,199,1,121
1205,14130.218539415207,12887.468745316593,0.9120502071052861,2657,6.666061889744424e-05,3457,2657.0237131588315,0.18803672374836197,1205,centre,20,0,1,121
1205,14137.831654438498,12889.786959641273,0.9117230474020104,2666,6.662484018256461e-05,3457,2665.629771692172,0.1885720572406889,1205,centre,20,1,1,121
1205,14125.948462075481,12893.953757676902,0.9127849922639767,2637,6.67167399914054e-05,3393,2636.877232212641,0.1866777304957372,1205,centre,20,2,1,121
1205,14125.416985883938,12876.818049437092,0.9116062246024582,2669,6.664908209355714e-05,3457,2669.2371937576763,0.1889501741907678,1205,centre,20,3,1,121
1205,14111.33655851333,12882.877544126113,0.9129452402121264,2632,6.677011765533978e-05,3393,2632.3258335143496,0.18651670513889923,1205,centre,20,4,1,121
1205,14167.613177500229,12930.272291438947,0.9126641255263576,2647,6.652831106533462e-05,3393,2646.8229512494177,0.18683457593292674,1205,centre,20,5,1,121
1205,14140.294873989125,12892.639571390006,0.9117659628941569,2667,6.659392638886729e-05,3457,2667.0210639714505,0.18860992813565078,1205,centre,20,6,1,121
1205,14110.583697184047,12863.363345713817,0.9116110021926924,2667,6.670700847308302e-05,3457,2667.469489191628,0.18900706428836356,1205,centre,20,7,1,121
1204,14098.139341508326,12849.094326214848,0.9114035558142068,2669,6.677291558601802e-05,3457,2668.8036086693733,0.18931576255185814,1205,centre,20,8,1,121
1205,14194.140141423532,12928.714098088056,0.910848700187022,2702,6.629756559498848e-05,3521,2701.9219606851684,0.19036024536030938,1205,centre,20,9,1,121
1205,14102.051165030281,12875.183264020508,0.913000748142787,2628,6.682119304617863e-05,3393,2628.2962270436233,0.1863558690325002,1205,centre,20,10,1,121
1205,14171.350184206303,12901.214114444772,0.9103729670601837,2711,6.636971288994834e-05,3521,2711.2410247510284,0.1913014613823711,1205,centre,20,11,1,121
1205,14125.270650016266,12896.857906359333,0.9130343924662769,2630,6.673161529057142e-05,3393,2630.1985839838753,0.18619112264563734,1205,centre,20,12,1,121
1205,14139.685124477106,12894.628665555787,0.9119459558002454,2662,6.660230379476076e-05,3457,2662.4006047936114,0.18826444694951736,1205,centre,20,13,1,121
1204,14141.126718393916,12896.994108921395,0.9120202630067498,2662,6.659212803616034e-05,3457,2662.439992287141,0.18824525463995967,1205,centre,20,14,1,121
1205,14091.647342763652,12860.490091029094,0.9126321272603531,2637,6.684972899184213e-05,3393,2636.734188681664,0.18713213124469463,1205,centre,20,15,1,121
1204,14140.51582188911,12892.485372900275,0.9117408116713168,2667,6.660203946310943e-05,3457,2666.811287637117,0.18860698107430854,1205,centre,20,16,1,121
1205,14086.218819381807,12864.338221356351,0.9132570199502921,2619,6.690367590994571e-05,3393,2619.401649142428,0.18592640321591555,1205,centre,20,17,1,121
1205,14122.204951834367,12889.488997445658,0.9127108012811704,2641,6.670894102060493e-05,3393,2640.668675863031,0.1870104568661535,1205,centre,20,18,1,121
1205,14259.488938413024,12993.33987093352,0.91120656056132,2701,6.605644696704749e-05,3521,2700.635028376923,0.18941772819949335,1205,centre,20,19,1,121
1205,14145.352560069021,12911.955260267405,0.9128054748325342,2641,6.661572840643251e-05,3393,2641.2880624672425,0.18670443092774447,1205,centre,20,20,1,121
1205,14103.91175207613,12862.669599548535,0.9119930573626227,2657,6.675219394370039e-05,3457,2656.7840206635283,0.18838745212716487,1205,centre,20,21,1,121
1205,14121.893018735573,12873.977589068636,0.9116325673894199,2670,6.664685841076395e-05,3457,2669.966880591058,0.1890681367191849,1205,centre,20,22,1,121
1205,14117.4585962436,12876.122187645766,0.9120708305864533,2654,6.672095270623282e-05,3457,2654.346563203902,0.1879941762822794,1205,centre,20,23,1,121
1205,14110.343465006028,12870.588630841316,0.9121385785371325,2653,6.673468580925608e-05,3457,2653.4995750827857,0.18801810222263549,1205,centre,20,24,1,121
1205,14125.800746464403,12885.085065698831,0.912166700986766,2655,6.667233525177739e-05,3457,2654.881013942604,0.18795394665782253,1205,centre,20,25,1,121
1205,14211.854841370705,12946.339098117858,0.9109535132902616,2699,6.624907819879089e-05,3521,2699.468012789596,0.18991187498926684,1205,centre,20,26,1,121
1205,14131.435590777093,12888.764221956088,0.9120633313693878,2658,6.664825744098067e-05,3457,2658.0218642562877,0.18809129355086532,1205,centre,20,27,1,121
1205,14130.148035771537,12871.804975771456,0.9109462224447691,2688,6.658828682353025e-05,3521,2688.3108458702623,0.19023155264864353,1205,centre,20,28,1,121
1205,14105.592787980933,12871.14015930796,0.9124848811937332,2643,6.67807325763823e-05,3393,2642.791162772835,0.18737248690831643,1205,centre,20,29,1,121
1205,14078.407274144238,12842.55552592509,0.9122165082914702,2646,6.68799402159398e-05,3457,2646.2710778585097,0.18794739692319623,1205,centre,20,30,1,121
1205,14129.84468135278,12888.084151897765,0.9121178924851331,2656,6.665312240131406e-05,3457,2656.291036705506,0.18797092677919772,1205,centre,20,31,1,121
1205,14142.220314889626,12891.521745734675,0.9115627856654055,2672,6.657827322828526e-05,3457,2672.014520724962,0.18893780046594147,1205,centre,20,32,1,121
1205,14142.884420789469,12892.867202578682,0.9116151146386156,2672,6.657002494593888e-05,3457,2671.8256526913433,0.18892892853400314,1205,centre,20,33,1,121
1205,14120.113579058954,12882.80127044732,0.9123723543947516,2649,6.670181666393354e-05,3457,2649.346812977177,0.18760472323173372,1205,centre,20,34,1,121
1205,14142.36183972229,12906.772948308106,0.9126320691397012,2644,6.663411646120029e-05,3393,2644.014500579434,0.18695604241815378,1205,centre,20,35,1,121
1205,14096.262780393532,12858.643792956327,0.9122023328652324,2649,6.680241706167624e-05,3457,2649.329803100054,0.1879221493858989,1205,centre,20,36,1,121
1205,14099.401672453952,12873.783931479506,0.9130730672515742,2626,6.683692714977644e-05,3393,2626.27680651203,0.18624903815106034,1205,centre,20,37,1,121
1205,14113.763224831664,12874.84796337153,0.9122193534265621,2650,6.673789869720458e-05,3457,2650.3948446644877,0.18775998702724495,1205,centre,20,38,1,121
1204,14123.158062140374,12887.600583383852,0.9125154959450144,2645,6.669968141549627e-05,3457,2645.3663858624454,0.18728105912022544,1205,centre,20,39,1,121
1205,14234.256092492544,12970.815154298612,0.9112394121628669,2694,6.61823329434295e-05,3521,2693.6391358932383,0.18926173468389923,1205,centre,20,40,1,121
1205,14081.834586661633,12851.579057898078,0.9126352804961324,2635,6.689064341735813e-05,3393,2635.3330585541116,0.18712050505804706,1205,centre,20,41,1,121
1205,14100.402380212941,12865.60127451184,0.9124279525927648,2644,6.679445014973954e-05,3457,2644.125028385829,0.1875123793424731,1205,centre,20,42,1,121
1205,14135.361936255387,12897.371166724182,0.9124188842766086,2648,6.665487870129679e-05,3457,2647.9653836790744,0.1873316022569058,1205,centre,20,43,1,121
1205,14070.447886703863,12839.872566365526,0.9125418515283232,2636,6.693920811957965e-05,3393,2635.665180274154,0.1873430057966341,1205,centre,20,44,1,121
1205,14119.778991591067,12858.482497972975,0.9106716546789261,2694,6.661741880154838e-05,3521,2694.2592585313705,0.19079618750437896,1205,centre,20,45,1,121
1205,14111.473570205619,12860.634737082517,0.9113601547775938,2673,6.669880998311514e-05,3457,2673.4629660131454,0.18942033138506964,1205,centre,20,46,1,121
1205,14116.269137066927,12874.245490490477,0.9120147374269659,2657,6.670667873997141e-05,3457,2657.398720443157,0.18822253771169387,1205,centre,20,47,1,121
1205,14136.610824007012,12882.226759276977,0.9112669875158605,2678,6.659982255143596e-05,3457,2678.106867432363,0.1894372019814098,1205,centre,20,48,1,121
1205,14145.698543234912,12904.033031223273,0.9122231038490879,2656,6.658734692270677e-05,3457,2656.4226049003514,0.18776025742964914,1205,centre,20,49,1,121
1205,14083.009530390846,12855.712254145112,0.9128526275866496,2630,6.68948648036298e-05,3393,2629.9496670692947,0.1867498558688407,1205,centre,20,50,1,121
1205,14100.14144891718,12867.644722899153,0.9125897615649327,2639,6.681166217277642e-05,3393,2639.0091650949607,0.18716124299608794,1205,centre,20,51,1,121
1205,14080.951699820045,12853.107301307427,0.9128010361310799,2631,6.690344631266043e-05,3393,2630.5205700003316,0.1868481659541254,1205,centre,20,52,1,121
1205,14159.26441002684,12912.8928930405,0.9119748398720681,2664,6.652451815542359e-05,3457,2664.0148930732867,0.18814536707948587,1205,centre,20,53,1,121
1205,14098.41534111477,12859.6219049516,0.9121324343062504,2651,6.67907991625533e-05,3457,2651.4066812495007,0.18803531715149369,1205,centre,20,54,1,121
1205,14319.635234961414,13037.454193706246,0.9104599369874506,2730,6.576865802746091e-05,3521,2729.597101072861,0.1906473143488111,1205,centre,20,55,1,121
1205,14160.4097885758,12917.044342700816,0.9121942468869725,2658,6.654071142982308e-05,3457,2657.5222692364455,0.18770643220681338,1205,centre,20,56,1,121
1205,14119.914843323411,12890.992128660118,0.9129652885092018,2633,6.673562950572945e-05,3393,2633.046234439026,0.18647421243089235,1205,centre,20,57,1,121
1205,14119.914542393934,12882.224211796307,0.9123443469235201,2647,6.672390229035082e-05,3457,2647.192273304471,0.187465723822378,1205,centre,20,58,1,121
1205,14084.437101178884,12849.69454039561,0.9123328428453896,2644,6.68638460796174e-05,3457,2643.6701821694783,0.18772493220752812,1205,centre,20,59,1,121
1204,14171.819093578313,12926.846066963488,0.9121515016248718,2661,6.648088542260398e-05,3457,2661.03033151707,0.18776700312282288,1205,centre,20,60,1,121
1205,14107.463108703514,12873.474581295972,0.9125293812289865,2642,6.677200134279587e-05,3393,2641.901757502189,0.1872767612179708,1205,centre,20,61,1,121
1205,14150.783715051799,12881.173428913678,0.9102798606986219,2710,6.64607920101458e-05,3521,2709.5269210801234,0.19150882767838842,1205,centre,20,62,1,121
1205,14126.224200862815,12881.692622307186,0.911899205275277,2660,6.667189180278872e-05,3457,2660.252438000061,0.188302264085369,1205,centre,20,63,1,121
1205,14153.172912030084,12895.354611302788,0.9111281753889857,2687,6.649672310837222e-05,3457,2687.0409595598585,0.18985142177667252,1205,centre,20,64,1,121
1205,14094.366373809975,12866.567189203106,0.9128872379188074,2629,6.685692369689775e-05,3393,2629.424726516363,0.18652842776140574,1205,centre,20,65,1,121
1205,14182.459318671641,12931.384111599993,0.9117871464348521,2676,6.638796652332031e-05,3457,2675.9298003780905,0.18868377760667815,1205,centre,20,66,1,121
1205,14105.835965011474,12856.649692867732,0.911441882973667,2671,6.671848225446731e-05,3457,2671.157360118034,0.18935425072468062,1205,centre,20,67,1,121
1205,14103.533574187175,12863.972406828141,0.912109886445215,2654,6.675716480029114e-05,3457,2654.0202851663034,0.1881797909750399,1205,centre,20,68,1,121
1205,14142.604143083987,12875.543794857544,0.9104082716727908,2703,6.652281761623509e-05,3521,2702.6531417306137,0.1911246311254367,1205,centre,20,69,1,121
1205,14097.636854176173,12855.786014858119,0.9119107087121358,2657,6.677952415551835e-05,3457,2657.142047135533,0.18847130391310307,1205,centre,20,70,1,121
1205,14122.570631761744,12889.508644087915,0.912688559340559,2641,6.671189264816031e-05,3393,2640.754246283449,0.18700561454869807,1205,centre,20,71,1,121
1205,14149.175903431214,12902.096712916691,0.9118620618595813,2668,6.654529799196191e-05,3457,2667.6416164873995,0.18856221862030867,1205,centre,20,72,1,121
1205,14147.262804175156,12900.377723160167,0.9118638638248096,2665,6.657267542460764e-05,3457,2665.029113948189,0.18837566226687344,1205,centre,20,73,1,121
1205,14090.172354979357,12866.670627736627,0.9131663051083719,2622,6.688714865920043e-05,3393,2621.8356270684976,0.1860871488256427,1205,centre,20,74,1,121
1205,14065.42426942794,12844.010169734329,0.9131619440482553,2619,6.698678607612373e-05,3393,2618.951791252695,0.18620127980729004,1205,centre,20,75,1,121
1205,14098.463722384085,12868.13043647289,0.9127328118766728,2635,6.682706683156718e-05,3393,2634.8310382303794,0.18689979645203605,1205,centre,20,76,1,121
1205,14106.125819898205,12867.087316134674,0.9121630900232199,2651,6.676642408221637e-05,3457,2650.9787848051333,0.1879325361085664,1205,centre,20,77,1,121
1205,14066.463200016298,12846.691061322457,0.9132850865672881,2618,6.697410996688602e-05,3393,2617.5705421560338,0.18611643614842477,1205,centre,20,78,1,121
1205,14133.644510320719,12895.491374926023,0.912396754107508,2650,6.665175251429907e-05,3457,2649.8560836088423,0.1874958718584515,1205,centre,20,79,1,121
1205,14087.245464292202,12854.730641699583,0.9125084583982902,2641,6.6849057008695e-05,3393,2640.772898112923,0.18747454970485913,1205,centre,20,80,1,121
1205,14109.298191745715,12883.153283001147,0.9130966762427707,2629,6.678093534218675e-05,3393,2628.676681530203,0.18633102541826138,1205,centre,20,81,1,121
1205,14088.03554001938,12865.572872895369,0.9132268893238233,2622,6.688114200511893e-05,3393,2622.078840945052,0.18611537375468554,1205,centre,20,82,1,121
1205,14121.66150160513,12871.044204944026,0.9114397908122247,2675,6.663782186781323e-05,3457,2675.2893248843234,0.18942530237649075,1205,centre,20,83,1,121
1205,14107.692435484705,12869.659179501621,0.9122440993348359,2649,6.675976969430374e-05,3457,2649.42140769306,0.18776990015298609,1205,centre,20,84,1,121
1205,14135.981731138309,12901.718575053603,0.9126864211089133,2642,6.66589858893063e-05,3393,2642.083485996537,0.18689893990031717,1205,centre,20,85,1,121
1205,14118.785599092344,12884.63010809856,0.9125877022260949,2642,6.673210282635847e-05,3393,2641.8079377656954,0.1871265755441351,1205,centre,20,86,1,121
1205,14108.957553191356,12876.579037598363,0.9126527590045632,2639,6.67772110892836e-05,3393,2638.60313270346,0.18704429367306977,1205,centre,20,87,1,121
1205,14128.745697295535,12895.134525054094,0.9126878493907938,2641,6.6689846563028e-05,3393,2640.7797295097157,0.18692388245798275,1205,centre,20,88,1,121
1205,14145.623325128943,12902.109717691132,0.9120919892424411,2659,6.658675323923147e-05,3457,2659.4577460500095,0.1879733355600123,1205,centre,20,89,1,121
1205,14128.05231514871,12886.723685623381,0.9121373136342139,2655,6.666605300446855e-05,3457,2655.4564937689943,0.1879239926902871,1205,centre,20,90,1,121
1205,14125.370477721024,12895.931588458077,0.9129623615039296,2634,6.671271554713e-05,3393,2633.678308784326,0.18647298519740965,1205,centre,20,91,1,121
1205,14147.74286139696,12881.177586927064,0.9104758061495588,2702,6.649736593393726e-05,3521,2702.4292634809713,0.19098452851956924,1205,centre,20,92,1,121
1205,14120.07934889637,12876.965890914937,0.9119612980022952,2660,6.668395154901356e-05,3457,2659.812476647318,0.1883842104759777,1205,centre,20,93,1,121
1205,14105.201907637185,12875.840019256231,0.9128433682530044,2632,6.68098305823068e-05,3393,2632.1684164565067,0.18659782520198578,1205,centre,20,94,1,121
1205,14175.955914547905,12923.878072684585,0.9116759497976155,2674,6.643880179707396e-05,3457,2674.4168872665964,0.1886292547831529,1205,centre,20,95,1,121
1205,14137.827610931083,12891.431436868606,0.911839625693357,2666,6.659778359983262e-05,3457,2665.896464345883,0.1885721111734806,1205,centre,20,96,1,121
1205,14095.894717722018,12865.963579842974,0.912745436702736,2634,6.683721561799649e-05,3393,2634.197003514915,0.18686291666809998,1205,centre,20,97,1,121
1205,14108.825722427806,12878.51316687086,0.9127983731770671,2634,6.679309225999318e-05,3393,2633.685736818413,0.186691653282875,1205,centre,20,98,1,121
1205,14088.359161969465,12850.974516777673,0.9121697118191006,2650,6.68277240712336e-05,3457,2649.915900119822,0.18809855495120317,1205,centre,20,99,1,121
1205,14128.357493390258,12891.854499960958,0.9124807682699295,2646,6.668132730268949e-05,3457,2646.2452316016456,0.18728291673238673,1205,centre,20,100,1,121
1205,14109.765438151215,12877.429041987996,0.9126607453848156,2641,6.675297544035306e-05,3393,2641.1064927026728,0.18717532985056107,1205,centre,20,101,1,121
1205,14163.016007408034,12901.370191232247,0.9109196928453743,2692,6.646207365807629e-05,3521,2692.2709616337033,0.1900725098800945,1205,centre,20,102,1,121
1205,14165.786131368188,12910.374700626713,0.9113772141482823,2681,6.645935388833957e-05,3457,2681.2026444838934,0.1892588222875463,1205,centre,20,103,1,121
1205,14104.68474501682,12874.77314315914,0.9128011987441117,2635,6.679409425760092e-05,3393,2634.8281309311046,0.1868173622902805,1205,centre,20,104,1,121
1205,14132.529874020609,12895.555995439052,0.9124732875424203,2646,6.666864700277623e-05,3457,2646.4062382894294,0.18722762474849317,1205,centre,20,105,1,121
1205,14075.39467781068,12849.08413294245,0.9128755837446276,2628,6.693282624388747e-05,3393,2627.83347030313,0.18670879646046026,1205,centre,20,106,1,121
1205,14174.844726701975,12922.841949792368,0.9116743215852561,2676,6.643593311921907e-05,3457,2675.5611552304763,0.1887851367400917,1205,centre,20,107,1,121
1205,14084.336603568503,12858.544204413241,0.9129676864691882,2628,6.688939873631609e-05,3393,2627.6388981093205,0.18659025795607243,1205,centre,20,108,1,121
1205,14171.210636967844,12915.43353864157,0.9113853339353816,2682,6.64391907592011e-05,3457,2682.2498928580676,0.18925694273455923,1205,centre,20,109,1,121
1205,14199.228985242433,12928.193541610475,0.9104856013694144,2713,6.62511040874143e-05,3521,2713.002853450799,0.19106671234189404,1205,centre,20,110,1,121
1205,14111.346573519746,12874.311918152856,0.9123375895473921,2647,6.675487146917364e-05,3457,2646.972819823765,0.18757954715442635,1205,centre,20,111,1,121
1205,14085.802885796173,12847.707801949024,0.9121033359698922,2649,6.685671827128648e-05,3457,2648.9512797037974,0.18806169740392972,1205,centre,20,112,1,121
1205,14084.213688357857,12861.906061171047,0.9132143508872503,2620,6.691524458042492e-05,3393,2619.624331208335,0.18602387452880784,1205,centre,20,113,1,121
1205,14124.145780154657,12889.226118982635,0.9125667717967649,2643,6.670672409314618e-05,3393,2643.1155941809393,0.1871263608531701,1205,centre,20,114,1,121
1205,14072.590111934467,12850.149468522326,0.9131332161536182,2623,6.693939840930841e-05,3393,2622.601338572588,0.18639070555856851,1205,centre,20,115,1,121
1205,14098.100223880212,12859.01331093591,0.9121096535513727,2652,6.678878181171268e-05,3457,2652.0907987261053,0.1881104516130395,1205,centre,20,116,1,121
1205,14072.74803421029,12848.52225863724,0.9130073406702794,2624,6.695213640565899e-05,3393,2623.598759251653,0.18645967323661025,1205,centre,20,117,1,121
1205,14103.454354470368,12881.822150412398,0.9133806390013415,2618,6.68440679900337e-05,3393,2617.607804633472,0.18562828185211044,1205,centre,20,118,1,121
1205,14155.866947439426,12902.194087835403,0.9114379314061869,2676,6.652675519204177e-05,3457,2676.4322343242934,0.18903822774938178,1205,centre,20,119,1,121
1205,14127.204507305434,12894.216990162658,0.9127224698626557,2640,6.670094884020876e-05,3393,2639.5358728558913,0.18687348927629724,1205,centre,20,120,1,121
1205,14139.009303829967,12891.090147645766,0.9117392789432449,2668,6.659181208341366e-05,3457,2668.448078073944,0.18869780354959478,1205,centre,20,121,1,121
1205,14114.68922807252,12881.323953788411,0.912618318805696,2642,6.673775101768815e-05,3393,2641.8590910525677,0.187180883497269,1205,centre,20,122,1,121
1205,14114.765939529534,12882.367180053889,0.9126872691509383,2638,6.675309149520202e-05,3393,2638.4572465881834,0.1868964750320138,1205,centre,20,123,1,121
1205,14116.701243908217,12878.545059254224,0.9122913941960559,2649,6.67231488330596e-05,3457,2649.258931292074,0.18765007165842823,1205,centre,20,124,1,121
1205,14105.986401628861,12881.77949700424,0.9132136619326913,2624,6.681018389440143e-05,3393,2624.115687524404,0.18602031260266907,1205,centre,20,125,1,121
1205,14093.651630736225,12858.55252125317,0.9123648617233108,2645,6.682214872258669e-05,3457,2644.707593393066,0.18767315024529455,1205,centre,20,126,1,121
1205,14100.641095788762,12872.652659116522,0.9129125811847671,2632,6.681159767676928e-05,3393,2631.6051599242564,0.18665817973241386,1205,centre,20,127,1,121
1205,14171.579237260976,12926.682724586559,0.9121554138863196,2661,6.648979515587325e-05,3457,2660.5601161849568,0.18777018111033805,1205,centre,20,128,1,121
1205,14136.29776912558,12903.763232793879,0.9128106554869252,2638,6.666778554332696e-05,3393,2638.37510068814,0.18661180197841695,1205,centre,20,129,1,121
1204,14122.316322307272,12875.571678015964,0.9117181193341506,2666,6.666608183300378e-05,3457,2666.3046147114824,0.18877922991916352,1205,centre,20,130,1,121
1205,14112.592972793711,12878.687621103838,0.9125670701288843,2641,6.676392725633634e-05,3393,2640.6951770960395,0.18713782825674388,1205,centre,20,131,1,121
1204,14093.554005744289,12853.179400491277,0.9119899349200736,2653,6.681866460876552e-05,3457,2653.006391885483,0.18824208563139455,1205,centre,20,132,1,121
1205,14113.685356486258,12886.5875108855,0.9130561710420434,2630,6.676336025703735e-05,3393,2629.961973908521,0.18634395861682754,1205,centre,20,133,1,121
1205,14126.183492941342,12892.336432818865,0.9126553141024246,2640,6.671258521543044e-05,3393,2639.816027514195,0.1868869961457864,1205,centre,20,134,1,121
1205,14113.517722963827,12857.098851444765,0.9109776247012631,2684,6.666944719245632e-05,3457,2684.1836066940386,0.1901722910393145,1205,centre,20,135,1,121
1205,14158.24425809694,12906.375071662826,0.9115801957069511,2675,6.651001978963389e-05,3457,2674.64902106642,0.18893585611578906,1205,centre,20,136,1,121
1205,14088.246457085226,12860.123211033871,0.9128263939878969,2632,6.686466512530371e-05,3393,2632.1067893719496,0.18682239894208558,1205,centre,20,137,1,121
1205,14156.105309710521,12903.285423437537,0.9114996774279717,2675,6.652292080917122e-05,3457,2675.175237710897,0.18896440380145074,1205,centre,20,138,1,121
1205,14100.283364275965,12859.327717465878,0.9119907299200715,2654,6.678748088138634e-05,3457,2654.1687018146467,0.18822316767931707,1205,centre,20,139,1,121
1205,14156.524824928001,12897.691857590033,0.9110775431890382,2687,6.649313955255865e-05,3457,2687.396551466844,0.18980646968304707,1205,centre,20,140,1,121
1205,14177.090663897092,12922.808213113509,0.9115275143173277,2681,6.640965468030504e-05,3457,2680.514657045014,0.18910791103476157,1205,centre,20,141,1,121
1205,14072.703867094113,12851.754298074586,0.9132398734066702,2618,6.696411495650004e-05,3393,2617.6395090789492,0.18603390114117377,1205,centre,20,142,1,121
1205,14156.5542709915,12908.692428198956,0.9118527136684973,2668,6.651746761553425e-05,3457,2668.216809491573,0.1884639403719206,1205,centre,20,143,1,121
1205,14132.467327403354,12891.87557127837,0.9122169025843468,2656,6.662989439126816e-05,3457,2656.484302686855,0.18793604389588237,1205,centre,20,144,1,121
1205,14148.790849042402,12915.862418603465,0.9128598023963028,2638,6.662053116126242e-05,3393,2638.462067809606,0.1864470277457343,1205,centre,20,145,1,121
1205,14128.676792223332,12896.35166551872,0.9127784473502214,2639,6.668731308308849e-05,3393,2639.3191375028073,0.1867832380065875,1205,centre,20,146,1,121
1205,14149.152222267443,12901.439776867446,0.911817158667896,2666,6.657262360365207e-05,3457,2665.6285635742393,0.18842118298821764,1205,centre,20,147,1,121
1205,14147.784526668605,12897.491603135997,0.9116262393468176,2673,6.654542937493324e-05,3457,2673.16351477057,0.18893417516794866,1205,centre,20,148,1,121
1205,14142.225994650795,12896.274164703631,0.9118984641867244,2666,6.657578036880848e-05,3457,2666.0480207819824,0.1885134632276699,1205,centre,20,149,1,121
1205,14157.700976938058,12918.306883678339,0.9124579551949423,2652,6.654798051416214e-05,3457,2652.351337478613,0.18731854870504253,1205,centre,20,150,1,121
1205,14108.037147854904,12875.488339561003,0.9126349898730379,2638,6.678774091889821e-05,3393,2638.115058271383,0.18698561482035098,1205,centre,20,151,1,121
1205,14129.090924032374,12898.607619522578,0.9129113606016329,2635,6.669705649151424e-05,3393,2635.288343306719,0.18649465943474752,1205,centre,20,152,1,121
1205,14164.029739218195,12907.285929234227,0.9112721567857047,2684,6.647063033952909e-05,3457,2683.544932878148,0.18949409521277577,1205,centre,20,153,1,121
1205,14085.853288372693,12852.669314090443,0.9124523059387397,2642,6.685096422343536e-05,3393,2642.2516810920333,0.1875640719743166,1205,centre,20,154,1,121
1205,14086.651934412728,12858.254069219072,0.9127970314796546,2631,6.688211326845718e-05,3393,2631.395430247542,0.18677255690350714,1205,centre,20,155,1,121
1205,14140.386191999609,12893.092889188565,0.9117921331231574,2668,6.657866821025877e-05,3457,2668.3110962475844,0.1886794295271447,1205,centre,20,156,1,121
1205,14124.339614685414,12887.839696040162,0.9124560898153686,2646,6.670014607841542e-05,3457,2646.0478421780917,0.1873361921465617,1205,centre,20,157,1,121
1205,14095.511541602136,12870.519714365404,0.9130934820193481,2625,6.686075084579595e-05,3393,2624.5291006074085,0.18622949527248125,1205,centre,20,158,1,121
1205,14115.141813107128,12883.89669886311,0.9127713252515323,2637,6.6754357487533e-05,3393,2636.69660872271,0.186820652241079,1205,centre,20,159,1,121
1205,14082.550613967203,12840.368225641483,0.9117927978832391,2657,6.685066477951198e-05,3457,2657.241919141363,0.18867320791765968,1205,centre,20,160,1,121
1205,14086.65442967017,12854.673251119273,0.9125426704614814,2640,6.685741689993752e-05,3393,2639.5499132610776,0.18741142640934466,1205,centre,20,161,1,121
1204,14206.394881218974,12943.64328395204,0.9111138604955782,2697,6.626428999854379e-05,3521,2696.627130219499,0.18984408236923406,1205,centre,20,162,1,121
1205,14141.579150018215,12904.29610431547,0.9125074341007277,2647,6.663242648136358e-05,3457,2647.0335662698503,0.1871785301994785,1205,centre,20,163,1,121
1205,14091.672148985708,12859.827586507245,0.9125835068078042,2637,6.685432706213706e-05,3393,2637.120777057498,0.18713180182735137,1205,centre,20,164,1,121
1205,14088.084857118864,12859.285372760118,0.9127773933205818,2633,6.68706497992045e-05,3393,2632.6559455667657,0.1868955238915612,1205,centre,20,165,1,121
1205,14097.68334359189,12875.649872815142,0.9133167172936804,2618,6.686892490061677e-05,3393,2618.1200381903027,0.18570427042468743,1205,centre,20,166,1,121
1205,14136.588304299406,12890.911382277558,0.9118827757300538,2663,6.662418171339057e-05,3457,2662.7599214637235,0.18837642737251484,1205,centre,20,167,1,121
1205,14185.567535574062,12934.033916507045,0.9117741594808622,2673,6.640898689927208e-05,3457,2672.8572451202895,0.18843095232508292,1205,centre,20,168,1,121
1205,14094.299863503547,12857.271425083069,0.9122320051084127,2649,6.679409101635885e-05,3457,2649.1852069196407,0.18794832135361664,1205,centre,20,169,1,121
1205,14138.733828740056,12895.94521372982,0.912100430628095,2659,6.660890318886283e-05,3457,2658.959862286461,0.1880649308635405,1205,centre,20,170,1,121
1204,14146.08003207496,12909.443072910297,0.9125809442360923,2645,6.662263760308024e-05,3393,2645.2098949625556,0.1869775933688132,1205,centre,20,171,1,121
1205,14218.023895602391,12946.22202502887,0.9105500258044378,2714,6.617467161944844e-05,3521,2714.3281906306174,0.19088447311158588,1205,centre,20,172,1,121
1205,14136.622887808982,12897.79018447056,0.912367139367723,2650,6.66409296777763e-05,3457,2650.4522866762372,0.18745636924963768,1205,centre,20,173,1,121
1205,14099.471547462308,12870.347239074854,0.9128247960038844,2632,6.683162712760028e-05,3393,2631.943075915037,0.18667366299084595,1205,centre,20,174,1,121
1205,14151.18119683927,12906.090285468541,0.9120150541462344,2660,6.65780641889505e-05,3457,2660.139564368864,0.18797017457412835,1205,centre,20,175,1,121
1205,14152.694500230715,12913.619799077656,0.9124495550205751,2650,6.658584454459143e-05,3457,2649.601453565804,0.18724349627958126,1205,centre,20,176,1,121
1205,14090.145366848874,12868.17150493365,0.9132745738173668,2620,6.688081967146217e-05,3393,2620.486426584032,0.18594556207803964,1205,centre,20,177,1,121
1204,14147.250231772356,12886.710503926872,0.9108986052275712,2690,6.653509273176005e-05,3521,2689.859967616363,0.19014295753097732,1205,centre,20,178,1,121
1205,14107.918901621926,12868.844848861549,0.9121717340877309,2652,6.675268287522989e-05,3457,2651.5585304273845,0.18797953252305066,1205,centre,20,179,1,121
1205,14155.375811929525,12902.0586999561,0.9114599902803581,2677,6.65155707159949e-05,3457,2677.331673093688,0.1891154311667192,1205,centre,20,180,1,121
1205,14100.380949872899,12863.903409575858,0.9123089266387383,2647,6.679207692147381e-05,3457,2646.9947102943675,0.18772542454066535,1205,centre,20,181,1,121
1205,14086.520153695437,12861.206031988322,0.9130151301856003,2626,6.688472477635164e-05,3393,2626.4445330322155,0.18641935491151795,1205,centre,20,182,1,121
1205,14116.241764890157,12880.31854996034,0.9124467237445736,2646,6.672728540264584e-05,3457,2646.213921883083,0.18744365845172173,1205,centre,20,183,1,121
1205,14142.454440359943,12893.897262211347,0.9117156655222841,2668,6.658384507608647e-05,3457,2668.475399329069,0.1886518363026168,1205,centre,20,184,1,121
1205,14196.07901015217,12901.30500750547,0.9087935477309786,2757,6.618004086737136e-05,3585,2757.2727164688627,0.1942085556179535,1205,centre,20,185,1,121
1205,14139.298837041792,12895.043259561018,0.9120001923842855,2660,6.661918311126456e-05,3457,2659.7124627190556,0.1881281406282606,1205,centre,20,186,1,121
1205,14108.524061113503,12872.265632738277,0.9123750703461142,2647,6.675228951516449e-05,3457,2646.926053835715,0.18761707380120438,1205,centre,20,187,1,121
1205,14095.185467050283,12855.700011112209,0.9120632035076397,2653,6.67994436569271e-05,3457,2652.6769734858494,0.18822029736336607,1205,centre,20,188,1,121
1205,14206.00936458589,12949.235995463483,0.9115322722329458,2684,6.629641282497359e-05,3457,2683.789585757762,0.18893412858722547,1205,centre,20,189,1,121
1205,14163.298713096567,12911.14654200529,0.9115917699360931,2676,6.64742461555122e-05,3457,2676.3805213512924,0.18893903561643782,1205,centre,20,190,1,121
1205,14119.9648020624,12874.057882294284,0.9117627460667511,2664,6.668012660949424e-05,3457,2664.2383092213386,0.18866902554961673,1205,centre,20,191,1,121
1205,14218.998934607525,12974.654061489415,0.912487167427131,2660,6.62933737296021e-05,3457,2659.78499224345,0.18707364788711278,1205,centre,20,192,1,121
1205,14112.676049914478,12874.39149943196,0.912257282311102,2650,6.673818282225077e-05,3457,2650.037716518594,0.18777445118327213,1205,centre,20,193,1,121
1205,14131.365130153297,12893.730411900504,0.9124193093268854,2648,6.666868473542706e-05,3457,2647.6560854059517,0.18738458567953473,1205,centre,20,194,1,121
1205,14172.266073001378,12919.070797782586,0.9115741075729471,2676,6.64526145872429e-05,3457,2676.417923757392,0.18881948632744527,1205,centre,20,195,1,121
1205,14114.642173430479,12881.659622878953,0.9126451428664268,2640,6.67509809387583e-05,3393,2639.609598380585,0.18703981068464903,1205,centre,20,196,1,121
1205,14150.317154991024,12904.847488850883,0.9119829151178533,2664,6.655509346336967e-05,3457,2663.8741344025652,0.18826433152138702,1205,centre,20,197,1,121
1204,14115.4061873233,12872.143152517325,0.9119215544840276,2660,6.670270452811358e-05,3457,2660.0244399825374,0.18844657849016636,1205,centre,20,198,1,121
1205,14172.716738595362,12923.729625644915,0.9118738392936913,2670,6.64555349167678e-05,3457,2669.7554674147973,0.1883901336099532,1205,centre,20,199,1,121
1195,14117.13442808121,12842.956663632445,0.9097424643124299,2713,6.664368163134061e-05,3521,2712.9708160655287,0.19217781156800592,1195,centre,30,0,1,121
1194,14087.002730283977,12815.266079619754,0.9097226943862041,2711,6.67490453025211e-05,3521,2711.2792661548547,0.1924468995929093,1195,centre,30,1,1,121
1195,14212.616874976287,12913.16453464773,0.9085705080380755,2764,6.610067834478106e-05,3585,2764.2934634134895,0.19447509380672104,1195,centre,30,2,1,121
1195,14207.857782803469,12917.451627880568,0.9091765856155494,2748,6.617240937971034e-05,3585,2747.772999502878,0.193414098170806,1195,centre,30,3,1,121
1195,14235.506777915612,12902.402063007583,0.9063535471054565,2823,6.595662363499165e-05,3713,2823.239820499809,0.19830695485878225,1195,centre,30,4,1,121
1194,14160.029580196922,12835.93400595617,0.9064906208887779,2811,6.623982680847263e-05,3649,2811.139988698555,0.19851653445210582,1195,centre,30,5,1,121
1195,14135.914498476453,12848.961998872175,0.9089586669654104,2742,6.647668611931196e-05,3585,2741.7595770293583,0.19397400856488828,1195,centre,30,6,1,121
1195,14308.780591002818,12931.6291064614,0.903754797567631,2915,6.540050238484964e-05,3841,2915.0786198734872,0.20372106354282318,1195,centre,30,7,1,121
1195,14169.432480718293,12865.975269670787,0.908009215413444,2769,6.630471428405437e-05,3585,2769.4975262797916,0.1954206707832543,1195,centre,30,8,1,121
1193,14117.602309167289,12826.129418489743,0.908520380274565,2745,6.658242496647967e-05,3585,2745.4728389170637,0.19443811632358632,1195,centre,30,9,1,121
1194,14208.055634132394,12896.795134349213,0.9077100671936346,2788,6.608620574723558e-05,3649,2787.9627340597444,0.1962267091143923,1195,centre,30,10,1,121
1194,14178.973358136356,12884.096201671413,0.9086762402496581,2756,6.626911973503231e-05,3585,2756.3149424234384,0.19437232374927324,1195,centre,30,11,1,121
1195,14142.459917962533,12845.3047052934,0.9082793785385527,2758,6.643930516977387e-05,3585,2757.8531904155316,0.19501557833634206,1195,centre,30,12,1,121
1195,14161.37280532765,12869.13006477497,0.908748766216611,2747,6.639836331378979e-05,3585,2746.8599286480976,0.19397836902977028,1195,centre,30,13,1,121
1195,14240.088963207452,12929.666197022034,0.9079765042499947,2786,6.596868992667852e-05,3649,2785.9842494678774,0.19564484514094485,1195,centre,30,14,1,121
1195,14186.687751230982,12895.668619719541,0.9089978468441713,2746,6.628676144429044e-05,3585,2745.650173681165,0.1935617423990832,1195,centre,30,15,1,121
1195,14210.88163835071,12913.516403891555,0.9087062106718297,2759,6.615429588859275e-05,3585,2758.7205516708796,0.19414699736533764,1195,centre,30,16,1,121
1195,14176.083325886213,12868.07035136104,0.9077310040822998,2780,6.624159579823221e-05,3649,2780.3637687692735,0.1961049421121549,1195,centre,30,17,1,121
1195,14116.605252018819,12840.40509263262,0.9095958173652487,2720,6.66081374946869e-05,3521,2719.9881828851103,0.19268088548491588,1195,centre,30,18,1,121
1195,14126.070533927428,12843.764940277386,0.9092241830047321,2732,6.654718384835536e-05,3521,2731.995482753595,0.1934012713187572,1195,centre,30,19,1,121
1195,14194.818297337795,12884.367779236709,0.9076810642692863,2785,6.616145187654979e-05,3649,2784.7254320952434,0.196198355037931,1195,centre,30,20,1,121
1195,14119.885901698992,12842.131655814354,0.9095067584270712,2724,6.658145649188251e-05,3521,2723.551966931075,0.19291940593317625,1195,centre,30,21,1,121
1195,14131.694676604118,12844.443784144056,0.9089103662428268,2741,6.649818976691877e-05,3585,2740.7211810449285,0.19396116762541527,1195,centre,30,22,1,121
1195,14127.212175446164,12840.48252648556,0.9089183603261083,2739,6.653215345830754e-05,3585,2738.8174731678178,0.1938811398869287,1195,centre,30,23,1,121
1195,14209.05238521703,12902.947163775283,0.9080793577198288,2775,6.613396048197486e-05,3585,2774.744532417633,0.1952980342930599,1195,centre,30,24,1,121
1195,14140.075811353254,12849.486658931564,0.9087282720658783,2745,6.647655996492959e-05,3585,2745.077243666689,0.19412908647887187,1195,centre,30,25,1,121
1195,14209.900183781821,12890.086066268439,0.9071200993361146,2798,6.610341550818374e-05,3649,2797.979360168022,0.19690497215409297,1195,centre,30,26,1,121
1195,14212.894750246105,12912.464002073704,0.9085034561203739,2763,6.615159438533878e-05,3585,2762.9555052678525,0.19440093299446665,1195,centre,30,27,1,121
1195,14149.589973499476,12847.628945669323,0.9079859536376267,2770,6.637134233693098e-05,3585,2769.7248399424234,0.1957653900351802,1195,centre,30,28,1,121
1195,14093.805570162267,12813.057230443232,0.9091268619151037,2730,6.667586582530507e-05,3585,2729.79155808665,0.19370211873644916,1195,centre,30,29,1,121
1195,14202.524063167677,12891.036232437564,0.9076581159167841,2785,6.614308775043324e-05,3649,2784.7159609955097,0.1960919050454222,1195,centre,30,30,1,121
1194,14127.599756687812,12846.4370461388,0.9093149060977236,2727,6.656440554533841e-05,3521,2727.445813793746,0.1930264197008466,1195,centre,30,31,1,121
1194,14150.263443005397,12848.914663385862,0.908033600585521,2767,6.637987127842191e-05,3585,2767.143638170545,0.19554406256427354,1195,centre,30,32,1,121
1195,14146.554299273212,12855.429709215821,0.9087322210947352,2746,6.644550736484273e-05,3585,2746.436584916906,0.1941108726484072,1195,centre,30,33,1,121
1195,14146.71965557596,12868.000772787138,0.9096102196183118,2722,6.650486914906129e-05,3521,2721.5207584125287,0.19241209738167941,1195,centre,30,34,1,121
1195,14094.928967023483,12823.72967149461,0.9098115855352679,2708,6.674247914010971e-05,3521,2707.613159202782,0.19212583520893514,1195,centre,30,35,1,121
1195,14157.779851223557,12873.582624390823,0.9092938836224559,2737,6.639676239426673e-05,3585,2736.662684823821,0.19332127132655338,1195,centre,30,36,1,121
1193,14132.948061159474,12853.962824875278,0.9095032946594395,2724,6.655143108091419e-05,3521,2723.594271022275,0.19274110314508025,1195,centre,30,37,1,121
1195,14253.963453919634,12951.373155915138,0.9086155719273784,2766,6.599082215598089e-05,3585,2765.5625550484374,0.19405129029143048,1195,centre,30,38,1,121
1195,14110.831987416299,12834.01632552349,0.9095152105112269,2721,6.663460957503318e-05,3521,2720.538224301955,0.19283058592339009,1195,centre,30,39,1,121
1195,14187.014647860522,12880.583056767757,0.9079135657839205,2776,6.622271785622209e-05,3585,2775.887755392855,0.19567189214248368,1195,centre,30,40,1,121
1195,14123.144382044971,12848.021164471269,0.9097139289183511,2719,6.657528245207167e-05,3521,2719.285762105297,0.19252086691521172,1195,centre,30,41,1,121
1195,14152.304326429448,12845.460913539622,0.907658612848701,2778,6.633998993044308e-05,3649,2778.360702031629,0.1962931220191528,1195,centre,30,42,1,121
1195,14086.665385192257,12816.80845309166,0.9098539720099084,2709,6.675159105248805e-05,3521,2708.5892707112275,0.19230953003594947,1195,centre,30,43,1,121
1194,14127.196116877103,12849.23976263644,0.9095392784479046,2725,6.654803517767195e-05,3521,2724.8938900726234,0.19289036390912487,1195,centre,30,44,1,121
1195,14205.04907591256,12892.965146868164,0.9076325662774871,2787,6.612289611507463e-05,3649,2786.7009400058746,0.19619784381638664,1195,centre,30,45,1,121
1195,14176.306571932102,12870.307544335645,0.9078745214086844,2779,6.622976980559793e-05,3649,2778.980152732687,0.196031313649931,1195,centre,30,46,1,121
1195,14282.99139951252,12952.263675367336,0.9068313011663227,2823,6.573600481972995e-05,3713,2822.9328739251605,0.1976476720483322,1195,centre,30,47,1,121
1194,14117.618593428968,12846.314049453096,0.9099490798988152,2711,6.66251280559933e-05,3521,2710.8654396856796,0.19202955385562212,1195,centre,30,48,1,121
1195,14084.235176066957,12809.054793917534,0.9094604452277032,2719,6.673700307301032e-05,3521,2718.6932323318115,0.1930527264001058,1195,centre,30,49,1,121
1195,14252.102633359382,12922.852893632806,0.9067330783448577,2818,6.587636492313014e-05,3649,2818.3766412027253,0.1977252109737134,1195,centre,30,50,1,121
1195,14144.977175510183,12858.59390328188,0.909057239452074,2735,6.648743727777934e-05,3585,2735.277653317115,0.1933548542400779,1195,centre,30,51,1,121
1195,14198.149574838515,12874.872208362996,0.906799307930902,2804,6.61465631703595e-05,3649,2803.6649592369617,0.19749052404470754,1195,centre,30,52,1,121
1194,14116.214445901249,12841.7876423513,0.9097189399867761,2716,6.661904198112117e-05,3521,2716.2008213027407,0.19240285774977098,1195,centre,30,53,1,121
1195,14137.158560338396,12840.77731792675,0.9082997310330362,2757,6.645748038543086e-05,3585,2757.228731302737,0.19501797254610453,1195,centre,30,54,1,121
1195,14092.162431199598,12828.541123374094,0.9103316248308431,2696,6.675790802180979e-05,3521,2696.2065403477905,0.19131201567980383,1195,centre,30,55,1,121
1195,14218.141591730011,12897.775654151366,0.9071351252862304,2805,6.601295765795682e-05,3649,2805.1162022279823,0.19728316685434683,1195,centre,30,56,1,121
1195,14150.26416579215,12859.193150421732,0.9087599354864664,2746,6.64298356508028e-05,3585,2746.171925623809,0.19405998134214164,1195,centre,30,57,1,121
1195,14181.058832825112,12878.969651582425,0.908181102935084,2767,6.625759980120988e-05,3585,2767.370492981183,0.19511942180193084,1195,centre,30,58,1,121
1194,14229.146560054653,12926.357396446336,0.9084422134447877,2768,6.606715005688885e-05,3585,2768.3674879819473,0.19453028952351786,1195,centre,30,59,1,121
1195,14097.23700246097,12834.375199711432,0.9104177788506302,2694,6.674435136180186e-05,3521,2694.1593980156454,0.19110127747229513,1195,centre,30,60,1,121
1195,14188.607601306881,12893.956234005405,0.9087541636444841,2754,6.62523622279814e-05,3585,2753.792657371813,0.19409938433608773,1195,centre,30,61,1,121
1195,14150.638908795478,12859.952383695207,0.9087895229735506,2748,6.640881272474017e-05,3585,2747.976052952509,0.19419617854088211,1195,centre,30,62,1,121
1195,14117.421005787774,12822.759579273552,0.9082933472067282,2756,6.650911861159287e-05,3585,2756.4499889800477,0.19521979254356103,1195,centre,30,63,1,121
1195,14174.710377293532,12868.93731836384,0.907880088963129,2777,6.625036206139374e-05,3649,2776.786227642747,0.19591229210922548,1195,centre,30,64,1,121
1195,14203.70983777563,12899.744719815817,0.908195455071052,2767,6.619920592713008e-05,3585,2766.950650652473,0.1948082600674505,1195,centre,30,65,1,121
1195,14178.443840170547,12874.52210077734,0.908034918775859,2776,6.621396529342352e-05,3649,2775.926099805556,0.19579017495100567,1195,centre,30,66,1,121
1195,14273.318477107452,12956.75741059242,0.9077606886845112,2801,6.578796858808293e-05,3649,2801.1536321989033,0.19624027898574814,1195,centre,30,67,1,121
1195,14142.424940245184,12846.469357674856,0.908363976613203,2759,6.641973493486419e-05,3585,2758.722586434322,0.19508676988970236,1195,centre,30,68,1,121
1195,14195.840271047326,12886.961305486271,0.9077984155520166,2781,6.616745371943167e-05,3649,2780.614544198707,0.19590245782575477,1195,centre,30,69,1,121
1195,14217.058116276075,12927.926284901701,0.9093249939030255,2741,6.617475095261027e-05,3585,2741.3711125305767,0.19279656716476587,1195,centre,30,70,1,121
1195,14152.896777237946,12860.752058970575,0.9087010427190055,2749,6.640906659002713e-05,3585,2748.8788171617107,0.19423585455814296,1195,centre,30,71,1,121
1195,14100.024175341257,12835.708957659066,0.9103324078058475,2696,6.673710564980894e-05,3521,2696.045143611393,0.19120534592521363,1195,centre,30,72,1,121
1195,14190.269369357015,12900.329110461522,0.9090968447941491,2743,6.628542934142813e-05,3585,2742.614100372853,0.19330147501803838,1195,centre,30,73,1,121
1192,14097.523339331412,12809.785051116032,0.9086549986675566,2740,6.666229284448067e-05,3585,2740.1955901508973,0.19436038047587634,1195,centre,30,74,1,121
1195,14083.531833861358,12804.7075935934,0.9091971917730713,2724,6.674021155794697e-05,3521,2723.991419389342,0.1934173921807472,1195,centre,30,75,1,121
1195,14135.169398736569,12868.801857581619,0.9104101616731851,2700,6.65775243394198e-05,3521,2700.1763617419133,0.1910129213054448,1195,centre,30,76,1,121
1195,14316.34472805177,13002.155622716004,0.9082035861597608,2787,6.569411624989281e-05,3649,2787.0650902365396,0.19467259645816498,1195,centre,30,77,1,121
1195,14218.320644923677,12922.019342288397,0.9088288036957378,2756,6.613971024472403e-05,3585,2755.587682526251,0.19383442453057675,1195,centre,30,78,1,121
1195,14127.278620381965,12850.301624188056,0.9096091306395299,2720,6.657727078820526e-05,3521,2719.806556967684,0.1925353122204125,1195,centre,30,79,1,121
1195,14180.010285353363,12866.861834356017,0.907394393616646,2791,6.619704761383749e-05,3649,2791.065614212168,0.19682637345354007,1195,centre,30,80,1,121
1195,14170.261459650934,12865.361895332604,0.9079128096518218,2774,6.628074703530018e-05,3585,2773.545931690436,0.19576209005732303,1195,centre,30,81,1,121
1195,14209.955348849311,12888.327357794722,0.9069928118274058,2802,6.609002886925285e-05,3649,2802.161174953909,0.1971857005326128,1195,centre,30,82,1,121
1195,14146.352798225034,12854.74427801696,0.9086967122458494,2748,6.643485585122911e-05,3585,2748.378473724764,0.19425501676621523,1195,centre,30,83,1,121
1195,14129.639951114117,12841.414028468296,0.9088281140140273,2739,6.654265207904529e-05,3585,2739.1508211051264,0.19384782694225913,1195,centre,30,84,1,121
1195,14157.46682299799,12875.09736725427,0.9094209810429796,2730,6.642827456309143e-05,3521,2730.141649768252,0.19283110701451703,1195,centre,30,85,1,121
1195,14087.748315779063,12824.843753955685,0.9103544062887002,2695,6.678270410078101e-05,3521,2694.5184506020273,0.1913009758260268,1195,centre,30,86,1,121
1195,14175.73701321597,12884.806104080802,0.9089337712789367,2745,6.634037636303776e-05,3585,2744.524486038914,0.19364072551859912,1195,centre,30,87,1,121
1195,14135.036997484312,12846.8576957696,0.9088662235589495,2741,6.64957343084734e-05,3585,2741.2425811516737,0.1939153042533833,1195,centre,30,88,1,121
1195,14168.313640850329,12846.95108552991,0.906738191374403,2804,6.623524689150455e-05,3649,2803.884548254381,0.19790640375968657,1195,centre,30,89,1,121
1195,14155.988536185472,12872.711628875995,0.9093474183008011,2730,6.644856011246533e-05,3521,2729.9257613535688,0.1928512440527616,1195,centre,30,90,1,121
1195,14206.573153648682,12895.917150027866,0.9077429870352514,2783,6.613583244259813e-05,3649,2782.501628601741,0.19589523595176367,1195,centre,30,91,1,121
1195,14216.397520479091,12891.201810835102,0.9067840001143039,2816,6.599760411703939e-05,3649,2815.5664095361576,0.1980811239938584,1195,centre,30,92,1,121
1195,14162.104407790863,12860.569806404437,0.9080973728261441,2767,6.633182097336675e-05,3585,2767.1375642032835,0.19538056776913867,1195,centre,30,93,1,121
1194,14182.223083434885,12881.312469402212,0.9082717422805059,2769,6.622757127728116e-05,3585,2768.8538453292604,0.19524442562423422,1195,centre,30,94,1,121
1195,14079.77607202639,12819.71275716153,0.9105054435227597,2690,6.681902362435583e-05,3521,2689.7700857268633,0.1910541748845335,1195,centre,30,95,1,121
1193,14175.459574495231,12877.626840048191,0.9084451034813625,2758,6.631731077841407e-05,3585,2757.5785895299246,0.19456159325954048,1195,centre,30,96,1,121
1195,14150.26423766454,12844.710359246114,0.9077364311725458,2772,6.63923728576185e-05,3585,2771.915644840178,0.19589740187477309,1195,centre,30,97,1,121
1194,14160.619671373162,12879.59094145797,0.9095358282586392,2727,6.643501261115485e-05,3521,2726.728785045001,0.19257631821811097,1195,centre,30,98,1,121
1195,14107.525920420985,12832.534962531761,0.9096233481985921,2716,6.666761765379106e-05,3521,2715.8349263640716,0.19252135458199118,1195,centre,30,99,1,121
1194,14120.885501152523,12829.033689734024,0.9085148157802809,2747,6.655545151253811e-05,3585,2747.2475968722815,0.19453454245314816,1195,centre,30,100,1,121
1195,14160.620193925792,12871.773615660884,0.9089837478433495,2742,6.639923581984893e-05,3585,2741.688536509173,0.1936355867503729,1195,centre,30,101,1,121
1195,14183.536530841575,12892.325026984374,0.9089640654113655,2745,6.631145250560026e-05,3585,2744.512138864902,0.19353424260804766,1195,centre,30,102,1,121
1195,14139.90420170142,12850.096020994966,0.9087823960963431,2744,6.648151124458364e-05,3585,2743.5576350731317,0.19406072069921246,1195,centre,30,103,1,121
1194,14145.587067283586,12870.129746863895,0.9098335534359253,2716,6.650839612188136e-05,3521,2716.063790105309,0.1920033426029847,1195,centre,30,104,1,121
1194,14093.980752787427,12831.577043781517,0.9104295847178421,2692,6.676905624889118e-05,3521,2692.4818776273496,0.1910035246406585,1195,centre,30,105,1,121
1195,14239.035897509999,12936.044120280754,0.9084915729823323,2766,6.605273741110849e-05,3585,2765.822914178302,0.19425472482190276,1195,centre,30,106,1,121
1195,14190.46635813806,12877.381859584115,0.9074671356518944,2790,6.61626939720333e-05,3649,2790.3734787115814,0.19661087448334416,1195,centre,30,107,1,121
1195,14130.198513993575,12852.364821064575,0.9095671804140952,2721,6.656696673207842e-05,3521,2721.002995687146,0.192566296737113,1195,centre,30,108,1,121
1195,14110.13418962091,12835.920758528071,0.9096951585315098,2717,6.664069083596404e-05,3521,2716.5652558266434,0.1925566379091251,1195,centre,30,109,1,121
1194,14133.763775218882,12861.188502631328,0.9099620389284562,2713,6.656191016319321e-05,3521,2712.5395240804155,0.19195170112838433,1195,centre,30,110,1,121
1194,14231.267055809623,12920.413839444627,0.9078892124485946,2783,6.603379592124483e-05,3649,2783.0987303060747,0.19555532118722327,1195,centre,30,111,1,121
1195,14090.914365570181,12815.716119370816,0.9095020938232943,2718,6.67109570139387e-05,3521,2717.8277239257504,0.19289025037588592,1195,centre,30,112,1,121
1193,14175.43457849772,12884.980454460503,0.9089654629710847,2745,6.633943362852182e-05,3585,2744.5258467959047,0.19364485686836055,1195,centre,30,113,1,121
1195,14153.234798118843,12867.757545656892,0.9091743145084537,2735,6.644478269653264e-05,3585,2735.1285813742916,0.19324204247381796,1195,centre,30,114,1,121
1194,14123.016948938472,12841.847100166657,0.9092849740672363,2728,6.657175360134906e-05,3521,2728.4366854251543,0.19315986165442114,1195,centre,30,115,1,121
1194,14079.230801816511,12805.187342267833,0.9095090152663524,2716,6.677040817531135e-05,3521,2716.07085990371,0.19290826595793714,1195,centre,30,116,1,121
1194,14266.258411776234,12945.071909435803,0.9073908193580845,2805,6.583872589550603e-05,3649,2804.8008583663122,0.1966177759463955,1195,centre,30,117,1,121
1195,14112.27083698609,12840.323045507448,0.9098693749453091,2712,6.664499002447167e-05,3521,2711.595233603421,0.19217318256763222,1195,centre,30,118,1,121
1195,14179.533164479406,12873.278499975117,0.9078774562355454,2774,6.626039577831098e-05,3585,2774.1003587589557,0.19563408525670217,1195,centre,30,119,1,121
1195,14199.495331271257,12896.003477346128,0.9082015364972532,2770,6.617831217577659e-05,3585,2769.9938249006827,0.19507735559444045,1195,centre,30,120,1,121
1194,14141.6330680071,12853.405780064832,0.9089053377536254,2745,6.644967767574806e-05,3585,2744.9993137280503,0.19410770925813853,1195,centre,30,121,1,121
1194,14139.552164081017,12846.940316633323,0.9085818396192674,2748,6.647886771629702e-05,3585,2748.1036995832656,0.19434844669131732,1195,centre,30,122,1,121
1195,14165.903380698848,12864.04530089274,0.9080991840181615,2765,6.63451390443609e-05,3585,2764.6022839711964,0.19518698706976456,1195,centre,30,123,1,121
1195,14194.191876585302,12894.547963206443,0.9084383299395333,2762,6.62208535284982e-05,3585,2762.2430968522144,0.19458663261810538,1195,centre,30,124,1,121
1195,14099.839700214952,12815.3488261817,0.9089003207594147,2733,6.666745687039242e-05,3585,2733.2564405109847,0.19383199086712563,1195,centre,30,125,1,121
1195,14131.070537979358,12848.834893061388,0.9092612522546136,2730,6.653937466074233e-05,3521,2729.6767044104477,0.19319130795241013,1195,centre,30,126,1,121
1193,14040.251716311479,12777.855882412161,0.9100873788158149,2696,6.696589049095476e-05,3521,2695.6907604102475,0.19201934940154103,1195,centre,30,127,1,121
1195,14155.130903340392,12863.610702978485,0.9087595721169115,2746,6.641695297134793e-05,3585,2746.2776866246786,0.19399326073007114,1195,centre,30,128,1,121
1195,14218.982172830247,12916.829759992557,0.9084215454376295,2766,6.611014397008043e-05,3585,2766.4319131730936,0.19452869174316123,1195,centre,30,129,1,121
1195,14190.39119517482,12903.776131306824,0.9093319524337367,2737,6.628821203119416e-05,3585,2736.8715247945943,0.1928769941825611,1195,centre,30,130,1,121
1195,14164.064182859665,12860.015623417308,0.9079326002334539,2771,6.630953719539794e-05,3585,2771.2354237350683,0.19563593924922096,1195,centre,30,131,1,121
1195,14171.028422036252,12863.585706618256,0.9077383322875217,2778,6.627982417124767e-05,3649,2777.8710412264963,0.196033761083998,1195,centre,30,132,1,121
1195,14132.669095616648,12833.797307760326,0.9080943748793229,2764,6.64462614786358e-05,3585,2763.9500866521125,0.19557522937102342,1195,centre,30,133,1,121
1195,14192.505260256678,12882.941798601583,0.9077285202548229,2784,6.616684616828905e-05,3649,2783.696638286683,0.19615987092821766,1195,centre,30,134,1,121
1195,14281.472627810414,12966.483296545004,0.9079234077930646,2793,6.579467469732497e-05,3649,2792.7450852520196,0.19556806729868817,1195,centre,30,135,1,121
1195,14137.383401801577,12848.899856175305,0.90885982865386,2740,6.649926541980566e-05,3585,2740.4899229967486,0.19381238537046622,1195,centre,30,136,1,121
1195,14109.898691991866,12829.923961241679,0.9092853351614323,2724,6.665239294983563e-05,3521,2723.7309946639125,0.19305595734333783,1195,centre,30,137,1,121
1195,14124.80664790546,12840.438267528987,0.9090700203979833,2735,6.654570149300097e-05,3585,2735.1214026721477,0.19363096912944772,1195,centre,30,138,1,121
1195,14150.804668513847,12855.183948994856,0.9084419049044042,2757,6.639107538278099e-05,3585,2757.049847916136,0.19482991000041464,1195,centre,30,139,1,121
1195,14279.762860841842,12955.030213091186,0.9072300667272735,2815,6.574036097572273e-05,3649,2814.676876404286,0.1971321251923119,1195,centre,30,140,1,121
1194,14266.108130921955,12923.342226946088,0.9058772097019644,2851,6.570529001715554e-05,3713,2850.9166682379623,0.19984427244178982,1195,centre,30,141,1,121
1195,14204.850414271212,12896.658498580051,0.9079052663323468,2777,6.615675990361258e-05,3585,2777.1476488425046,0.1954966028512364,1195,centre,30,142,1,121
1195,14149.997617144954,12863.813449664924,0.9091035770973123,2737,6.644965173107491e-05,3585,2737.1560623737296,0.193427594410595,1195,centre,30,143,1,121
1195,14104.440564817996,12815.095310848248,0.9085858635764767,2743,6.662793214662921e-05,3585,2742.671944967463,0.1944777594966877,1195,centre,30,144,1,121
1195,14196.34005779037,12888.862095186403,0.9079003491546769,2777,6.618134838837689e-05,3649,2777.451068233876,0.1956137982533108,1195,centre,30,145,1,121
1195,14293.404821210499,12949.499102330943,0.9059772156676563,2849,6.562778688458297e-05,3713,2848.9288611568277,0.1993226971205815,1195,centre,30,146,1,121
1195,14111.664369406892,12835.704780892082,0.9095812120304532,2718,6.664635661739844e-05,3521,2717.6671187724933,0.19260662164644698,1195,centre,30,147,1,121
1194,14120.45876248808,12841.050470970997,0.9093932914618953,2725,6.65951664588946e-05,3521,2724.590309565107,0.19298239850670718,1195,centre,30,148,1,121
1195,14096.273694126337,12821.49449874346,0.9095662284200643,2719,6.66808933541948e-05,3521,2718.902548485676,0.19288785525872404,1195,centre,30,149,1,121
1195,14187.570579674128,12895.061771851533,0.9088985108081639,2750,6.626618893486669e-05,3585,2749.8230928930184,0.19383163484943625,1195,centre,30,150,1,121
1195,14096.501899405564,12813.937570700451,0.9090154183032318,2730,6.668560177489383e-05,3521,2730.1860382120644,0.19366506807728812,1195,centre,30,151,1,121
1195,14278.987765369046,12965.364134013538,0.9080030284400515,2787,6.584352149521187e-05,3649,2786.926219354063,0.19518190265274515,1195,centre,30,152,1,121
1195,14248.02351879346,12933.082147525965,0.9077106119643151,2790,6.594644138200193e-05,3649,2789.885377210818,0.19581663353656933,1195,centre,30,153,1,121
1194,14119.654872101508,12850.872917918574,0.9101407247078063,2707,6.661828469708189e-05,3521,2706.5643139642375,0.19171856709817028,1195,centre,30,154,1,121
1194,14220.471493894238,12928.607209725316,0.9091546096257356,2748,6.613848341888832e-05,3585,2748.4278553393888,0.19324253778645054,1195,centre,30,155,1,121
1195,14190.704548974643,12870.815217377374,0.9069891613173894,2805,6.61161676636147e-05,3649,2805.234555380556,0.1976646043414861,1195,centre,30,156,1,121
1192,14127.700787414471,12810.421281183528,0.9067591021318607,2799,6.64035068483841e-05,3649,2798.8238731251586,0.19812140999570593,1195,centre,30,157,1,121
1195,14153.36516505963,12854.912207184418,0.9082583581549426,2759,6.639523379201918e-05,3585,2758.913203834666,0.19493597231640253,1195,centre,30,158,1,121
1195,14171.216835268984,12876.31566207848,0.9086245600329969,2754,6.632332562598728e-05,3585,2754.4074584738632,0.1943375810287449,1195,centre,30,159,1,121
1195,14124.892776339777,12827.178353885962,0.9081257151468377,2759,6.651373539785567e-05,3585,2758.6943858016507,0.19532891638098138,1195,centre,30,160,1,121
1194,14139.33841318061,12862.360924838316,0.9096861924492943,2720,6.652479228681278e-05,3521,2720.290288895486,0.19237109407215486,1195,centre,30,161,1,121
1195,14224.7391701407,12911.053075630647,0.9076477903181785,2790,6.602438573794039e-05,3649,2790.3562693689996,0.19613716403718098,1195,centre,30,162,1,121
1195,14201.823773243215,12888.914342916978,0.9075534627601978,2787,6.614142089828574e-05,3649,2786.917072832337,0.1962424012929111,1195,centre,30,163,1,121
1195,14219.968905561396,12923.668103705684,0.9088394067198887,2757,6.612817299014441e-05,3585,2756.885281273775,0.19388228049653075,1195,centre,30,164,1,121
1195,14101.6048335551,12834.787533877228,0.9101650262767645,2702,6.670284096107473e-05,3521,2701.515653130078,0.19160939707873018,1195,centre,30,165,1,121
1195,14371.11017376423,12984.392349871154,0.9035065623235806,2937,6.509305606860936e-05,3841,2936.683314895257,0.20436834485910219,1195,centre,30,166,1,121
1195,14213.186820300405,12896.68999286519,0.9073749719834197,2799,6.604059904721796e-05,3649,2798.871206312299,0.19692979733456015,1195,centre,30,167,1,121
1195,14134.505187932084,12856.878244312795,0.9096093618678555,2720,6.65519238429189e-05,3521,2720.1872526749953,0.19243687443139587,1195,centre,30,168,1,121
1194,14128.70441084606,12844.025044010652,0.9090730947807777,2737,6.650228219014478e-05,3585,2736.909983364221,0.1937191068912809,1195,centre,30,169,1,121
1195,14179.052159385294,12880.386131497835,0.9084095316605592,2760,6.629248738047854e-05,3585,2759.530162062231,0.19465334981316937,1195,centre,30,170,1,121
1195,14130.298048613575,12851.02184453417,0.9094657310356646,2723,6.656406169619037e-05,3521,2723.4760995012216,0.19270648012036612,1195,centre,30,171,1,121
1195,14442.394013882733,13084.965465929601,0.9060108354163233,2872,6.502526159102024e-05,3713,2871.8450887793097,0.19885899783922897,1195,centre,30,172,1,121
1195,14171.18559158003,12866.794045209599,0.9079546635007413,2774,6.627157896804885e-05,3585,2773.6426338980896,0.19574932401197281,1195,centre,30,173,1,121
1195,14155.43786998991,12857.071832383781,0.9082779318074846,2759,6.638728756285077e-05,3585,2759.369170643004,0.19490742888633558,1195,centre,30,174,1,121
1195,14174.242943117224,12870.440744646477,0.9080160962597406,2772,6.627055522070306e-05,3585,2771.905408603846,0.19556600032356838,1195,centre,30,175,1,121
1195,14212.91362022289,12908.654152904197,0.9082341944678449,2770,6.613464590653201e-05,3585,2770.4875906564666,0.1948931847484598,1195,centre,30,176,1,121
1195,14175.08473566093,12883.270653354377,0.9088672761823655,2746,6.634389665409842e-05,3585,2745.9400344147666,0.19372018236277333,1195,centre,30,177,1,121
1195,14216.559069175717,12918.376423591933,0.9086851720400826,2761,6.611934070175038e-05,3585,2761.119709357584,0.1942101451248065,1195,centre,30,178,1,121
1195,14161.029019107582,12868.538846614372,0.908729078180036,2750,6.636463751577323e-05,3585,2750.351399003869,0.1941949272393556,1195,centre,30,179,1,121
1195,14258.659820970744,12940.168115691871,0.9075304606580403,2799,6.587726138228118e-05,3649,2799.266852176039,0.19630175873074732,1195,centre,30,180,1,121
1195,14249.599091195407,12889.57981376758,0.9045573655283985,2873,6.579210862083742e-05,3777,2873.2014098901213,0.20161970744672947,1195,centre,30,181,1,121
1195,14210.914313543784,12908.485422644822,0.9083500989336291,2769,6.612676304426442e-05,3585,2769.16491992271,0.19485023545325234,1195,centre,30,182,1,121
1195,14138.367236333208,12842.06141063239,0.9083129045927218,2755,6.646851626820473e-05,3585,2754.9815443465845,0.19485984158907096,1195,centre,30,183,1,121
1195,14291.442792350064,12932.415948859449,0.9049062531168598,2878,6.557094247803738e-05,3777,2878.1868406262392,0.20137924783497285,1195,centre,30,184,1,121
1195,14162.969561029615,12864.052518497445,0.9082878038440307,2760,6.635364296751802e-05,3585,2760.492829821752,0.19487438620177014,1195,centre,30,185,1,121
1195,14259.939002611301,12938.84323111063,0.9073561414772706,2809,6.575190389178189e-05,3713,2809.4916416801584,0.19698541483842333,1195,centre,30,186,1,121
1194,14100.393628541658,12813.792181825243,0.9087542177466514,2738,6.665484841961301e-05,3585,2738.0391087037665,0.1941789762845918,1195,centre,30,187,1,121
1195,14136.829753547836,12855.270943240246,0.9093460957902556,2728,6.652424203162098e-05,3521,2727.869900255273,0.19297112913985331,1195,centre,30,188,1,121
1195,14077.906222638918,12819.520060239722,0.9106126903746834,2686,6.684341871887711e-05,3457,2685.6460819141275,0.19079541783568627,1195,centre,30,189,1,121
1195,14106.607150685193,12833.487507137535,0.909750117094186,2718,6.662378722914995e-05,3521,2718.4018030026173,0.19267567112110157,1195,centre,30,190,1,121
1195,14225.571940833308,12909.474081485389,0.907483659369071,2797,6.597824668056496e-05,3649,2797.216396084251,0.1966177536926615,1195,centre,30,191,1,121
1195,14108.326575551457,12831.230523043463,0.9094792677452552,2719,6.666236852655714e-05,3521,2719.2495113045397,0.1927230692768197,1195,centre,30,192,1,121
1195,14083.344347100408,12813.971259995493,0.909867070219989,2708,6.676472883375766e-05,3521,2708.080221052195,0.1922838732944526,1195,centre,30,193,1,121
1195,14098.738303250839,12829.085773005758,0.9099456630135245,2708,6.670162312759046e-05,3521,2708.3511469359028,0.19207392475506824,1195,centre,30,194,1,121
1194,14218.655726482255,12910.92279672993,0.908026964369306,2776,6.610940730534035e-05,3585,2776.4708314013365,0.19523645929690092,1195,centre,30,195,1,121
1194,14102.83789614587,12826.85286715372,0.9095228181456401,2716,6.670095795226693e-05,3521,2715.840479872018,0.1925853519696379,1195,centre,30,196,1,121
1195,14116.596257121064,12825.511748623785,0.9085413732190579,2746,6.657629640801588e-05,3585,2745.9971067230795,0.194522812013894,1195,centre,30,197,1,121
1193,14291.166135374324,12947.8596046866,0.906004414337981,2850,6.563402972514466e-05,3713,2849.8134916956888,0.1994238939638043,1195,centre,30,198,1,121
1195,14168.506286740947,12848.299841847047,0.9068210566325284,2800,6.625782765898917e-05,3649,2799.5272406593995,0.19762139659141575,1195,centre,30,199,1,121
1180,14276.676057004799,12856.12601676539,0.9004985449997361,2993,6.542073038038926e-05,3969,2992.995149774926,0.20964263586631535,1185,centre,40,0,1,121
1185,14156.260239704781,12838.82268378085,0.9069360457058534,2795,6.632887033134641e-05,3649,2794.9374779747745,0.1974391507836739,1185,centre,40,1,1,121
1185,14207.638003861743,12867.586942172109,0.905680939975709,2835,6.604524108345942e-05,3713,2835.2824969030016,0.19954055693349068,1185,centre,40,2,1,121
1183,14101.921915702653,12757.953199515227,0.9046960602802019,2845,6.643188729721209e-05,3713,2844.8751679695556,0.20174555050060655,1185,centre,40,3,1,121
1185,14147.940061014502,12823.230391816254,0.9063673111784969,2804,6.636966770754701e-05,3649,2804.06675120631,0.19819139662081198,1185,centre,40,4,1,121
1185,14082.421133340416,12787.200177521469,0.9080256907846275,2754,6.6708351347408e-05,3585,2753.512394237689,0.19556296278342716,1185,centre,40,5,1,121
1185,14184.542115974718,12864.28787160077,0.9069230269416262,2798,6.62208929589659e-05,3649,2798.301136718209,0.19725698419611834,1185,centre,40,6,1,121
1185,14245.263254042404,12889.988150147372,0.9048613507714263,2867,6.582831750264384e-05,3777,2866.7342440003904,0.20125988188996272,1185,centre,40,7,1,121
1185,14176.842406117525,12853.79215313624,0.9066752514360766,2804,6.623986552948985e-05,3649,2804.1934439443035,0.19778734358999653,1185,centre,40,8,1,121
1185,14158.74922461214,12829.573670755657,0.9061233776535869,2813,6.630721896772716e-05,3649,2813.1048306523676,0.1986757414355616,1185,centre,40,9,1,121
1184,14188.673049752317,12829.27757418472,0.9041915004453974,2872,6.604981103150461e-05,3777,2872.2115183924084,0.20241498200214958,1185,centre,40,10,1,121
1185,14172.628826770388,12834.636330523446,0.9055932027430483,2833,6.618723303259399e-05,3713,2833.0283113323076,0.1998923442240161,1185,centre,40,11,1,121
1185,14091.872842307275,12779.398310845592,0.9068630162825972,2789,6.658451943980668e-05,3649,2788.7903833530045,0.19791549577617068,1185,centre,40,12,1,121
1181,14228.09356829159,12836.31922507759,0.902181248911964,2944,6.567156532298545e-05,3905,2944.286921318255,0.20691457965675264,1185,centre,40,13,1,121
1185,14169.180615169997,12837.028445452306,0.9059824131050003,2819,6.625039186345715e-05,3649,2819.4807096250793,0.19895293006441633,1185,centre,40,14,1,121
1183,14172.448914424529,12831.133221522274,0.90535752141346,2839,6.618412594347633e-05,3713,2839.2037564421403,0.20031823837519738,1185,centre,40,15,1,121
1185,14250.016539644792,12872.425763179348,0.9033270752610801,2920,6.560375165705196e-05,3841,2919.5762155884895,0.20491204286509457,1185,centre,40,16,1,121
1184,14187.18983188518,12842.716505589004,0.9052332884646033,2848,6.608084896581076e-05,3713,2847.7226398701705,0.20074447679548393,1185,centre,40,17,1,121
1184,14203.66202633457,12860.141520096135,0.9054102735092221,2848,6.599795395217771e-05,3713,2848.0577070555623,0.2005116704917092,1185,centre,40,18,1,121
1185,14251.833256204547,12905.595154545912,0.9055393030877239,2847,6.584556815979047e-05,3713,2846.988982700547,0.19976377416291735,1185,centre,40,19,1,121
1185,14261.30764548784,12879.93590457116,0.9031384936602407,2928,6.555303240069911e-05,3841,2927.621396752308,0.20531076622040303,1185,centre,40,20,1,121
1185,14315.85146600987,12960.61966448117,0.9053334826261346,2873,6.54618241375933e-05,3777,2872.8771523025443,0.20068663095739464,1185,centre,40,21,1,121
1183,14115.85013569459,12768.100269551764,0.9045222318750192,2850,6.639660868193085e-05,3713,2849.944632408181,0.20190069833578334,1185,centre,40,22,1,121
1178,14103.04616515209,12765.075599233787,0.9051289664480883,2835,6.642582485525333e-05,3713,2835.1269307201283,0.20102040132330706,1185,centre,40,23,1,121
1184,14147.042144536204,12804.03617020635,0.9050680728445738,2846,6.625010921220135e-05,3713,2845.993265875911,0.20117279434974802,1185,centre,40,24,1,121
1184,14346.14671765491,12973.676526027954,0.9043317889717423,2897,6.5385057013064e-05,3777,2897.1458135833827,0.20193575717686216,1185,centre,40,25,1,121
1184,14285.233056114874,12915.375515396938,0.9041067418825511,2899,6.557957009334909e-05,3777,2899.214232348264,0.20293683614486546,1185,centre,40,26,1,121
1185,14128.776018861921,12812.69118575136,0.9068507539964122,2791,6.645597569044859e-05,3649,2791.3756221071385,0.1975401121989629,1185,centre,40,27,1,121
1185,14152.225192593702,12844.981533276672,0.9076298149918396,2775,6.638986171203496e-05,3585,2775.3582800760105,0.19608223881656742,1185,centre,40,28,1,121
1185,14251.788956901568,12874.334122588192,0.9033486365480925,2912,6.567281080300184e-05,3841,2912.015177215178,0.20432522603345424,1185,centre,40,29,1,121
1185,14223.924082010228,12862.990984716691,0.9043208407576653,2880,6.587158661810843e-05,3777,2880.376200846198,0.2024757713409405,1185,centre,40,30,1,121
1176,14043.44631606682,12693.042899227858,0.9038410240302629,2857,6.667184245302468e-05,3777,2857.418966537146,0.2034400912496361,1185,centre,40,31,1,121
1184,14145.801971899138,12818.989154249974,0.9062044824121743,2811,6.634408090948313e-05,3649,2811.4151652754904,0.19871619902385856,1185,centre,40,32,1,121
1184,14400.107936981145,13023.771292794736,0.904421782794293,2908,6.513313524530537e-05,3777,2908.1226615229393,0.20194293075622852,1185,centre,40,33,1,121
1185,14182.484972649936,12856.127232455108,0.9064791718268957,2810,6.620288321488248e-05,3649,2810.3619847942255,0.19813171002253235,1185,centre,40,34,1,121
1184,14262.136727190522,12924.42548404731,0.906205411662273,2834,6.582115324631518e-05,3713,2833.862832980598,0.19870795338801,1185,centre,40,35,1,121
1184,14171.355971552228,12838.67355079159,0.9059594280578455,2822,6.622785472268224e-05,3713,2822.0829221446447,0.19913408467509539,1185,centre,40,36,1,121
1185,14161.471602817453,12830.97481754554,0.9060481267351334,2818,6.62620215605464e-05,3713,2818.4544645934443,0.1989906189861902,1185,centre,40,37,1,121
1185,14177.515756268975,12833.012636961852,0.9051665226531233,2845,6.61502564254769e-05,3713,2844.8273436335335,0.2006698528084517,1185,centre,40,38,1,121
1184,14258.023356671818,12884.635381505006,0.9036761309186553,2906,6.565798913601986e-05,3841,2905.859186903866,0.2038150680010061,1185,centre,40,39,1,121
1183,14124.886442523568,12790.136154462534,0.9055036446846956,2826,6.641094442607913e-05,3713,2825.6552131503277,0.2000724049357457,1185,centre,40,40,1,121
1185,14124.953084000026,12799.48109953168,0.9061609637507563,2809,6.64309004666875e-05,3649,2809.3623694225566,0.19886791717431482,1185,centre,40,41,1,121
1185,14155.779596428376,12838.406883569509,0.9069374665036992,2794,6.633532739313338e-05,3649,2793.9806291194755,0.19737521207980308,1185,centre,40,42,1,121
1184,14227.31108706523,12887.601923573691,0.9058353925563954,2834,6.599103570029336e-05,3713,2833.9043983493066,0.19919435110802722,1185,centre,40,43,1,121
1184,14234.017939248253,12865.957249550274,0.9038879467809473,2904,6.56922889828861e-05,3841,2904.2305258567058,0.2040182900144195,1185,centre,40,44,1,121
1184,14377.324315500184,12969.789371448218,0.9021003551728674,2977,6.498241717196986e-05,3905,2976.7713414444183,0.2070621719780292,1185,centre,40,45,1,121
1185,14114.737611340197,12800.702336111128,0.9069033154273208,2786,6.65359536828748e-05,3649,2785.799507046498,0.19738234437752816,1185,centre,40,46,1,121
1185,14164.032005562987,12803.628071475623,0.9039536246774181,2875,6.613502703450112e-05,3777,2874.6360026154816,0.20297892569508674,1185,centre,40,47,1,121
1182,14182.798865318306,12854.709831822165,0.9063591716904508,2815,6.616519975354893e-05,3649,2814.5220735122116,0.19847986471017495,1185,centre,40,48,1,121
1183,14114.349171762644,12764.440043397592,0.904359094993505,2859,6.635501616789199e-05,3777,2858.829675522347,0.20255981804104392,1185,centre,40,49,1,121
1183,14109.305113720762,12788.980991159242,0.906421747072607,2799,6.651859090268665e-05,3649,2799.417813794055,0.19837972015206326,1185,centre,40,50,1,121
1185,14259.231204611562,12872.907922647104,0.9027771369948676,2932,6.557636827331532e-05,3841,2932.486929777425,0.20562118377404281,1185,centre,40,51,1,121
1185,14244.397906368295,12892.126461341604,0.9050664370712275,2856,6.587995089620623e-05,3713,2855.892364276998,0.20049987502266822,1185,centre,40,52,1,121
1185,14161.076476837934,12809.8116947089,0.9045789503122038,2856,6.620962262871168e-05,3713,2855.7016417624873,0.20167958309322853,1185,centre,40,53,1,121
1184,14231.264609762102,12867.858959754461,0.9041964514473018,2881,6.584718175786899e-05,3777,2881.050050391039,0.20244160157233984,1185,centre,40,54,1,121
1183,14299.329230591546,12904.946713625704,0.9024861590022879,2949,6.538414984765702e-05,3905,2948.6068206139953,0.20623345000624224,1185,centre,40,55,1,121
1184,14222.291853060677,12884.717100288892,0.9059522356459072,2829,6.602193519975318e-05,3713,2828.9303762372124,0.1989130886377635,1185,centre,40,56,1,121
1185,14240.87433405377,12905.519310988368,0.9062308260194244,2828,6.590863779365772e-05,3713,2828.2397072766753,0.19858331262972315,1185,centre,40,57,1,121
1183,14158.697827714484,12804.372403993364,0.9043467527733984,2867,6.615507170521358e-05,3777,2866.6545290444583,0.20249037269430836,1185,centre,40,58,1,121
1185,14226.851783633467,12872.021160885788,0.9047694709024612,2867,6.588406927848439e-05,3777,2866.9541296551924,0.20152033939779912,1185,centre,40,59,1,121
1184,14052.255709769855,12747.50914632256,0.9071503828000961,2770,6.681006914997372e-05,3585,2770.458576111036,0.19712137732265664,1185,centre,40,60,1,121
1182,14230.232320237235,12835.415505650417,0.9019821473607843,2949,6.559325377464711e-05,3905,2949.444704553336,0.20723484575906323,1185,centre,40,61,1,121
1185,14396.497613942105,12985.948170657015,0.9020213470588109,2976,6.498250338209749e-05,3905,2976.180133154594,0.20671694462116472,1185,centre,40,62,1,121
1185,14109.044971733985,12788.555030752746,0.9064082690482096,2801,6.650614459224055e-05,3649,2801.272420574454,0.1985251309079753,1185,centre,40,63,1,121
1183,14315.990507251405,12937.59875427357,0.9037166340478051,2915,6.540242252981384e-05,3841,2914.7841742372643,0.2036184641589054,1185,centre,40,64,1,121
1185,14259.236964389467,12909.90543106644,0.905371406850675,2856,6.57896816515007e-05,3713,2855.580573432512,0.2002912222535103,1185,centre,40,65,1,121
1185,14187.900972291265,12819.68046670184,0.9035642757683793,2892,6.59911382707517e-05,3777,2892.4909207296423,0.20383564881429803,1185,centre,40,66,1,121
1180,14336.71892526266,12918.016415195409,0.9010441288928834,2991,6.518521486683574e-05,3969,2991.0867036223085,0.2086251404935877,1185,centre,40,67,1,121
1185,14256.920697400012,12891.129042009863,0.9042014973374143,2883,6.576584188761906e-05,3777,2883.028398671384,0.2022175798821525,1185,centre,40,68,1,121
1185,14317.148300002164,12929.6159713911,0.903085984755019,2937,6.530070118018327e-05,3841,2936.799722092145,0.20513861688500887,1185,centre,40,69,1,121
1184,14450.247938620814,13033.676369347733,0.9019690475007667,2989,6.472721840957205e-05,3905,2988.9170739231067,0.20684766190145257,1185,centre,40,70,1,121
1185,14217.840131161214,12882.048790784384,0.9060482233550243,2832,6.599404550625436e-05,3713,2831.546486304872,0.1991863724640644,1185,centre,40,71,1,121
1184,14202.605077404913,12867.96015159285,0.9060281604298521,2823,6.612000746807862e-05,3649,2823.164668295472,0.1987663519906741,1185,centre,40,72,1,121
1182,14051.38925287969,12739.583597539635,0.9066422805793944,2788,6.675620938539391e-05,3649,2787.791977886498,0.19841454462793617,1185,centre,40,73,1,121
1185,14163.784144064985,12841.009094877343,0.9066086410430139,2803,6.628808701205621e-05,3649,2802.968845829841,0.19789909048949564,1185,centre,40,74,1,121
1184,14247.683571999607,12912.707197820251,0.9063022162561969,2824,6.593200263001932e-05,3649,2823.795275177864,0.19820765851018002,1185,centre,40,75,1,121
1183,14141.914663540145,12813.199107385928,0.9060441540083796,2816,6.63390025394089e-05,3649,2816.422037941581,0.19912438075022798,1185,centre,40,76,1,121
1182,14152.481198962978,12801.981955206622,0.9045750900658103,2853,6.626088416525428e-05,3713,2852.9881195142793,0.2015900929237096,1185,centre,40,77,1,121
1185,14320.120807581628,12925.77224050015,0.9026301114482738,2941,6.535224644357005e-05,3841,2940.6981938648196,0.2053753623672588,1185,centre,40,78,1,121
1185,14193.822256597843,12877.211452257943,0.9072405740653905,2790,6.620061671757734e-05,3649,2790.2732615507953,0.1965643890392596,1185,centre,40,79,1,121
1184,14516.766101078845,13098.590423225492,0.9023077407200245,2996,6.445375344921331e-05,3905,2996.136189829846,0.2063820536295164,1185,centre,40,80,1,121
1183,14182.820789598827,12831.652488320753,0.9047320472194803,2853,6.614649807313569e-05,3713,2853.2771063533437,0.20115885565530717,1185,centre,40,81,1,121
1184,14172.721062848126,12819.00410732561,0.9044843294721222,2861,6.615036893664066e-05,3713,2860.849005954047,0.20186666959104452,1185,centre,40,82,1,121
1185,14368.654998313985,12986.56035084043,0.9038118287594955,2920,6.521409707569726e-05,3841,2919.635648455764,0.20322013440663947,1185,centre,40,83,1,121
1184,14231.293537372057,12843.835831380651,0.9025065639783287,2932,6.570829457144567e-05,3841,2932.1153006315144,0.2060248418248438,1185,centre,40,84,1,121
1184,14147.893249255729,12830.654298597228,0.9068950459653916,2800,6.631867243205162e-05,3649,2800.21229670038,0.19790932477860604,1185,centre,40,85,1,121
1185,14188.550491375909,12830.03376127241,0.9042526062877788,2868,6.60821025552303e-05,3777,2868.2041680457437,0.2021348129777759,1185,centre,40,86,1,121
1183,14187.655201285681,12850.991733627867,0.905786865504267,2830,6.615432574834001e-05,3713,2829.5516009413464,0.19946918358599144,1185,centre,40,87,1,121
1176,14153.906106415552,12806.270255259024,0.9047870007738935,2851,6.623794464817224e-05,3713,2850.830925146209,0.201428494619427,1185,centre,40,88,1,121
1177,14193.061957941098,12847.125312995695,0.9051693955163534,2845,6.611831474342591e-05,3713,2844.711555320145,0.20045005147097286,1185,centre,40,89,1,121
1185,14265.069004834077,12885.21705852388,0.9032705733254708,2916,6.557006159035506e-05,3841,2916.298383818784,0.20441541495606086,1185,centre,40,90,1,121
1185,14278.848814880765,12919.4560003516,0.9047967499233924,2869,6.57303928119191e-05,3713,2868.800806741651,0.20092656188151942,1185,centre,40,91,1,121
1185,14286.898259785741,12905.52073770958,0.9033115868148641,2922,6.549063298375285e-05,3841,2922.2103517717374,0.2045230495008663,1185,centre,40,92,1,121
1184,14198.418721564063,12835.998501950544,0.9040442287038399,2883,6.59643154012941e-05,3777,2882.72482384063,0.20305078026903095,1185,centre,40,93,1,121
1185,14199.436991014121,12838.403652084548,0.9041487814065529,2878,6.598318174593496e-05,3777,2877.5246657766374,0.20268409246234867,1185,centre,40,94,1,121
1185,14170.428315558138,12840.481755482015,0.9061463400780952,2817,6.621424366789116e-05,3713,2816.842174533284,0.1987942733464966,1185,centre,40,95,1,121
1184,14160.502264428125,12826.02868650323,0.9057608584070385,2824,6.627852655950152e-05,3713,2823.7036271387324,0.19942795440907674,1185,centre,40,96,1,121
1183,14110.956962650518,12775.667526417585,0.9053721558525595,2827,6.646773596258174e-05,3713,2826.52943083212,0.20034077118104918,1185,centre,40,97,1,121
1184,14232.477830788639,12883.547045978317,0.9052216486231073,2855,6.590468323668992e-05,3713,2854.6382623008726,0.20059753712202347,1185,centre,40,98,1,121
1184,14240.439425964232,12846.322159750265,0.9021015275924626,2951,6.558677146988436e-05,3905,2950.8861092277803,0.20722675134725946,1185,centre,40,99,1,121
1184,14282.489197346586,12875.157874997873,0.9014645624510489,2971,6.542406114999398e-05,3905,2971.451058964589,0.2080169611157105,1185,centre,40,100,1,121
1185,14296.403476129959,12925.168998699639,0.9040853540738546,2900,6.550304933232971e-05,3777,2900.349662093181,0.20284822017243676,1185,centre,40,101,1,121
1177,14183.365812731792,12796.978530804992,0.9022525893901503,2926,6.596786294423087e-05,3841,2925.7743202688443,0.20629799996933426,1185,centre,40,102,1,121
1182,14234.232248465472,12856.362998676506,0.9032003113524083,2910,6.578845352501004e-05,3841,2910.129704383849,0.2044367373810213,1185,centre,40,103,1,121
1183,14235.52624797545,12885.158177010839,0.9051409798667149,2854,6.591586131523698e-05,3713,2853.972628315887,0.20048433407271407,1185,centre,40,104,1,121
1185,14185.00902121019,12854.371254859378,0.9061940838838262,2817,6.618785235353051e-05,3649,2817.1961056703426,0.19858993362555286,1185,centre,40,105,1,121
1185,14154.259961789176,12810.876074748225,0.9050897828167952,2841,6.626250148447231e-05,3713,2841.260076722841,0.2007169578395169,1185,centre,40,106,1,121
1185,14308.515595547677,12951.78026321108,0.9051798683604352,2869,6.556920690821454e-05,3777,2869.458491683179,0.20050996770711388,1185,centre,40,107,1,121
1178,14168.622731506432,12816.563586384826,0.9045737069337683,2862,6.61391328391823e-05,3777,2861.8606123590343,0.2019956388305716,1185,centre,40,108,1,121
1185,14280.756424775485,12902.145247796707,0.9034637146680098,2917,6.552334714569647e-05,3841,2917.007659616031,0.20426088879573195,1185,centre,40,109,1,121
1183,14246.193453236392,12886.29486937413,0.9045430213813833,2875,6.581241488056203e-05,3777,2874.531194047225,0.20180829422521068,1185,centre,40,110,1,121
1185,14135.161622124037,12820.145786971825,0.9069684613231462,2790,6.643098087692043e-05,3649,2789.6696710964766,0.19738012727305182,1185,centre,40,111,1,121
1182,14115.409890849523,12802.879552077742,0.9070143659361501,2784,6.653569959123333e-05,3649,2783.5149748553504,0.19723125446075498,1185,centre,40,112,1,121
1179,14195.580644626798,12842.106746537562,0.9046552633546876,2864,6.603163447964431e-05,3777,2864.136938004777,0.20175293083795479,1185,centre,40,113,1,121
1185,14180.06337876628,12827.17709167396,0.9045923666943423,2862,6.609926352819499e-05,3777,2861.5711270153765,0.20183266629722252,1185,centre,40,114,1,121
1183,14165.78855397203,12846.654828396546,0.9068789061371664,2800,6.624660114052375e-05,3649,2800.001211256846,0.19765931062234382,1185,centre,40,115,1,121
1185,14334.516682645246,12954.01266221189,0.9036937169911889,2912,6.539045409337999e-05,3841,2912.4089752094537,0.2031460191138184,1185,centre,40,116,1,121
1181,14023.618151858296,12715.715628217655,0.9067357290053332,2776,6.692603859895524e-05,3649,2775.5710285110295,0.1979517675067434,1185,centre,40,117,1,121
1185,14129.471132713852,12805.644688689012,0.9063074313546106,2805,6.641934811791546e-05,3649,2805.42383678468,0.1985212308127801,1185,centre,40,118,1,121
1173,14040.275863732957,12666.997792747534,0.9021900933917759,2903,6.65777705031752e-05,3841,2902.744347132973,0.20676231921472837,1185,centre,40,119,1,121
1185,14166.455198964308,12842.597058317226,0.9065497951284336,2810,6.621894193833578e-05,3649,2809.5719515798796,0.19835590206119,1185,centre,40,120,1,121
1184,14252.781793094136,12887.18025200817,0.9041870168988598,2881,6.58005674007089e-05,3777,2880.734783189557,0.2021359789143705,1185,centre,40,121,1,121
1185,14129.7109398505,12800.247969492111,0.9059101084220442,2821,6.636177705373539e-05,3713,2820.6790996221966,0.1996502272416514,1185,centre,40,122,1,121
1182,14237.662845972554,12880.398480375958,0.9046708451885747,2872,6.584662369887811e-05,3777,2871.714699784004,0.20171850050603005,1185,centre,40,123,1,121
1184,14210.326948912252,12834.501551663781,0.903181298910664,2912,6.582613817415842e-05,3841,2912.2460810437674,0.2049213934675094,1185,centre,40,124,1,121
1180,14196.378149169723,12856.695033393398,0.9056320491255246,2836,6.610362260052875e-05,3713,2835.507665295324,0.19976926299091743,1185,centre,40,125,1,121
1185,14338.971062982768,12946.316261186977,0.9028762387706435,2937,6.529445514880813e-05,3841,2937.304649898616,0.2048264123764157,1185,centre,40,126,1,121
1185,14112.311205130825,12793.387557221291,0.9065409181573312,2798,6.648772529305599e-05,3649,2798.1122077823366,0.1982666027789076,1185,centre,40,127,1,121
1185,14254.807989104627,12907.689245120533,0.9054972367910016,2853,6.580406131349541e-05,3713,2853.431974628255,0.2001429975191972,1185,centre,40,128,1,121
1185,14136.63288402653,12797.372321401648,0.9052631150846282,2834,6.63392600209971e-05,3713,2834.385600048218,0.20047206596149458,1185,centre,40,129,1,121
1185,14141.660552781861,12795.013833090676,0.9047744983932399,2854,6.624194882863168e-05,3713,2853.8485750170557,0.2018150548408248,1185,centre,40,130,1,121
1182,14115.812520631076,12792.60164799413,0.9062603820571435,2808,6.644570676017028e-05,3649,2807.6448268243084,0.19892584970903698,1185,centre,40,131,1,121
1185,14231.754393646477,12887.749869718247,0.905562976513406,2847,6.590946550329708e-05,3713,2847.2894935495156,0.20004561076960367,1185,centre,40,132,1,121
1185,14322.262959510228,12962.02852690047,0.9050265704201068,2874,6.551052499143161e-05,3777,2874.483232621149,0.20066661309912723,1185,centre,40,133,1,121
1185,14350.339028933722,12972.291165072304,0.9039710587267001,2911,6.528191880824654e-05,3841,2910.5918491144016,0.20285235032640878,1185,centre,40,134,1,121
1185,14262.730428832581,12920.951394146055,0.9059241116992526,2836,6.584270315639816e-05,3713,2836.0369650389644,0.1988399075584386,1185,centre,40,135,1,121
1185,14122.43759595791,12782.069906411132,0.9050894946117224,2836,6.639550350992255e-05,3713,2836.4966035751063,0.20081519077214496,1185,centre,40,136,1,121
1184,14144.597115143913,12806.072228017494,0.9053684685233397,2835,6.629245010084477e-05,3713,2835.3242461666173,0.20042988689757074,1185,centre,40,137,1,121
1184,14268.667587473697,12897.724075449185,0.9039193040541467,2891,6.571966862938974e-05,3777,2890.743420760712,0.2026117703196041,1185,centre,40,138,1,121
1180,14330.720101507639,12938.235621515052,0.9028322045138476,2949,6.523994353269864e-05,3905,2948.8429477299155,0.20578170385797678,1185,centre,40,139,1,121
1185,14177.27653947875,12841.83004629577,0.9058037353320838,2827,6.619127269151407e-05,3713,2827.312985744882,0.1994036013988861,1185,centre,40,140,1,121
1184,14263.039340955096,12889.116669301957,0.9036725175602623,2902,6.567799451018217e-05,3777,2902.22515463571,0.2034629457739176,1185,centre,40,141,1,121
1185,14284.271839445983,12910.153779119444,0.9038020225481908,2902,6.56046173040322e-05,3777,2902.3876572780323,0.20316051336870627,1185,centre,40,142,1,121
1185,14269.428429255278,12907.467998507967,0.9045539604126672,2877,6.571703594438017e-05,3777,2877.421962757878,0.2016198486339898,1185,centre,40,143,1,121
1184,14210.000310980093,12832.143969745013,0.9030361498183496,2908,6.589337340911423e-05,3841,2907.844337208387,0.20464461198871214,1185,centre,40,144,1,121
1184,14124.154811257897,12790.429952797955,0.9055713509032857,2822,6.643472262564032e-05,3713,2821.7400355246023,0.19979956590044434,1185,centre,40,145,1,121
1185,14192.99878226013,12825.601262346745,0.9036568986659465,2890,6.597527438712116e-05,3777,2890.2932878559377,0.2036215210285383,1185,centre,40,146,1,121
1184,14100.707046308293,12787.214914307002,0.9068492007040756,2788,6.657449574479395e-05,3649,2787.639451396625,0.19772058172997264,1185,centre,40,147,1,121
1183,14198.424262647164,12864.14588551212,0.9060263059862756,2823,6.61264365067533e-05,3713,2822.8192320105577,0.1988248799852159,1185,centre,40,148,1,121
1185,14165.766529686935,12824.172911593325,0.9052932564374786,2842,6.618104429831656e-05,3713,2842.293737529105,0.2006245122029982,1185,centre,40,149,1,121
1185,14181.932965416954,12847.787932011799,0.9059264321261068,2825,6.617720041692779e-05,3713,2825.0383015470065,0.1991971057040562,1185,centre,40,150,1,121
1185,14202.930264805076,12866.504387304312,0.9059049187326904,2831,6.605412101530853e-05,3713,2831.407311474251,0.1993250651251334,1185,centre,40,151,1,121
1184,14379.769858609181,12988.5634230384,0.9032525242580385,2950,6.502595897901658e-05,3905,2949.584518413498,0.20514931942626552,1185,centre,40,152,1,121
1185,14081.454849560465,12786.081942124234,0.9080085885105356,2753,6.671739309101874e-05,3585,2752.5994367916546,0.19550536712376218,1185,centre,40,153,1,121
1184,14260.611903467714,12902.121117063834,0.9047382541787328,2870,6.577541094979656e-05,3777,2870.217900996266,0.2012536361993071,1185,centre,40,154,1,121
1185,14237.016681255478,12846.394568286345,0.9023234892461682,2940,6.565606178819375e-05,3841,2940.4667540402547,0.20650393729402716,1185,centre,40,155,1,121
1183,14144.321893469252,12816.04525008927,0.906091175428263,2817,6.633294150713853e-05,3649,2816.5751485691985,0.19916119141071525,1185,centre,40,156,1,121
1183,14214.226874254357,12871.252210213057,0.9055189792647974,2848,6.596479775085833e-05,3713,2848.2487275616945,0.20036263844630656,1185,centre,40,157,1,121
1179,14158.198271515912,12794.831964424566,0.9037048160404544,2888,6.609060273583416e-05,3777,2887.536078631291,0.20398075691666262,1185,centre,40,158,1,121
1183,14326.627675454181,12942.616267229067,0.9033958695948844,2926,6.535814928857412e-05,3841,2925.5842995499106,0.2042350835300283,1185,centre,40,159,1,121
1183,14378.421712266714,12953.262567134998,0.9008820875022837,3009,6.492488639007705e-05,3969,3008.7705311310733,0.2092719256824218,1185,centre,40,160,1,121
1182,14237.096363151251,12847.777957004704,0.9024156070375129,2933,6.568336520165657e-05,3841,2932.7236213038464,0.2060111082475533,1185,centre,40,161,1,121
1185,14213.793470505774,12841.07401305788,0.9034234273702973,2898,6.589895997085568e-05,3777,2898.1130088449,0.20388645761692495,1185,centre,40,162,1,121
1183,14121.576821554538,12794.76346640284,0.9060435408936408,2814,6.642578104074715e-05,3649,2813.808139617041,0.19926953169314898,1185,centre,40,163,1,121
1185,14205.820879381054,12870.466477168507,0.9059994903813874,2825,6.609318076153384e-05,3713,2825.3561428514536,0.1988621441862841,1185,centre,40,164,1,121
1184,14199.388976754897,12840.44891364566,0.9042958774258604,2876,6.597194683281306e-05,3777,2875.9077440043534,0.20254392669347634,1185,centre,40,165,1,121
1185,14199.645744726151,12844.730206634638,0.9045810323405612,2863,6.602808810829155e-05,3777,2863.4415308502203,0.20162474835425656,1185,centre,40,166,1,121
1185,14238.595704690362,12886.019438427305,0.9050063437212771,2862,6.583934476431377e-05,3777,2861.9301379359413,0.20100296822510547,1185,centre,40,167,1,121
1182,14247.561398017428,12859.881917592482,0.9026023161677307,2929,6.56961717896505e-05,3841,2929.2735049447065,0.2055790403828388,1185,centre,40,168,1,121
1185,14240.76547578894,12875.195414459064,0.9041083807151018,2885,6.580446648152896e-05,3777,2884.8511398434525,0.20258742445445482,1185,centre,40,169,1,121
1184,14247.28717272517,12887.57573315237,0.9045634847470602,2874,6.580642705600799e-05,3777,2873.730252233225,0.20172261323558846,1185,centre,40,170,1,121
1184,14080.514508277614,12769.185520481538,0.9068692420987049,2784,6.665858406725573e-05,3649,2784.417590651682,0.197720047684575,1185,centre,40,171,1,121
1180,14396.865245711884,13007.59597824991,0.9035019607566468,2930,6.511480297318973e-05,3841,2929.525349729748,0.2035165259932333,1185,centre,40,172,1,121
1184,14320.773525632696,12931.23596632442,0.902970495495851,2933,6.537495233828462e-05,3841,2933.410450805751,0.20480737264298154,1185,centre,40,173,1,121
1185,14208.06441593286,12873.86057661038,0.9060953131781757,2823,6.608631769899416e-05,3713,2822.89732328525,0.198689977561919,1185,centre,40,174,1,121
1177,14144.280304270249,12767.848310744881,0.9026863181501137,2908,6.613940272921025e-05,3841,2907.811273488486,0.20559547304234746,1185,centre,40,175,1,121
1185,14191.438743671135,12835.053991885728,0.904422322762003,2872,6.600187035603669e-05,3777,2872.2980838944245,0.20237553442428854,1185,centre,40,176,1,121
1184,14095.486038205872,12778.132725622863,0.906540767092932,2794,6.658775259715952e-05,3649,2794.1750539065642,0.1982194861835095,1185,centre,40,177,1,121
1185,14166.688870304908,12832.166523816757,0.9057985702442106,2824,6.624889146925033e-05,3713,2823.9824296962825,0.19934086404053422,1185,centre,40,178,1,121
1184,14167.437810388743,12833.148163146305,0.9058199749947711,2824,6.624840620761825e-05,3713,2823.946536360251,0.1993303261884946,1185,centre,40,179,1,121
1183,14164.339555465222,12830.020672821587,0.9057973103921534,2831,6.62065605358279e-05,3713,2831.47385692839,0.1998681257897179,1185,centre,40,180,1,121
1185,14197.24522537689,12851.931503767142,0.9052412140346027,2846,6.607784996162417e-05,3713,2845.761130392509,0.20046142436934966,1185,centre,40,181,1,121
1185,14213.049662969526,12846.670856670258,0.9038644880092686,2886,6.59267410110715e-05,3777,2885.6576780236987,0.20305283302563437,1185,centre,40,182,1,121
1185,14145.390518166761,12821.520639062695,0.9064098034335754,2808,6.633860164476977e-05,3649,2807.7593037940187,0.19850989595470822,1185,centre,40,183,1,121
1185,14194.251494672862,12832.733758000424,0.904079638353356,2877,6.602088995793067e-05,3777,2877.1053847750445,0.20268768670751997,1185,centre,40,184,1,121
1185,14173.696768677908,12837.52961643806,0.9057290998920895,2828,6.620631209620692e-05,3713,2828.211626368599,0.19952451686771833,1185,centre,40,185,1,121
1183,14199.93046919397,12861.361227502453,0.9057340988679152,2831,6.611681595072267e-05,3713,2830.854984505653,0.19936717339156773,1185,centre,40,186,1,121
1185,14224.150640821383,12896.144943428622,0.9066372586366201,2813,6.602936855557378e-05,3649,2813.3201584631142,0.19776224753463112,1185,centre,40,187,1,121
1185,14281.64254702034,12917.499759689425,0.9044827804057087,2886,6.562768398199467e-05,3777,2885.74301869543,0.20207759650181992,1185,centre,40,188,1,121
1185,14329.09701695421,12934.711083901442,0.9026884993937211,2939,6.53483402022038e-05,3841,2939.419546538178,0.20510713246777312,1185,centre,40,189,1,121
1184,14270.520568264372,12903.99360486936,0.9042412673834775,2888,6.568281840382478e-05,3777,2888.177820240409,0.20237523825322148,1185,centre,40,190,1,121
1183,14245.612826986653,12909.215208444703,0.9061888291663872,2828,6.5919909621029e-05,3713,2827.716415523031,0.19851725821459107,1185,centre,40,191,1,121
1185,14167.715005553593,12824.418470657864,0.9051860843919312,2841,6.620597174986667e-05,3713,2841.2586979872417,0.20052633744300746,1185,centre,40,192,1,121
1183,14345.8221355924,12948.77685046148,0.9026165756185691,2960,6.513913870559749e-05,3905,2959.7655542434927,0.2063318485356203,1185,centre,40,193,1,121
1184,14159.49951364012,12836.971407389077,0.9065978211322353,2806,6.628489140599365e-05,3649,2805.9321002121856,0.19817084617270025,1185,centre,40,194,1,121
1185,14176.873587936423,12829.970390895212,0.9049929317146952,2849,6.614297945045517e-05,3713,2848.9691791339,0.20096109218497296,1185,centre,40,195,1,121
1182,14258.246060674319,12876.31536705053,0.903078493122987,2925,6.55882595566473e-05,3841,2925.0237965783303,0.20514444676806673,1185,centre,40,196,1,121
1185,14270.950683079285,12917.541894881335,0.9051633757096047,2862,6.575361101774121e-05,3713,2861.9191844749466,0.20054725599979845,1185,centre,40,197,1,121
1185,14222.480683469064,12870.96197939766,0.904973068049775,2857,6.59554484736526e-05,3713,2857.216233654606,0.20087916191165725,1185,centre,40,198,1,121
1184,14330.306036067148,12935.743954032583,0.9026844173093953,2960,6.517172698761625e-05,3905,2960.0983844385373,0.20655525377826134,1185,centre,40,199,1,121
1215,14212.307905356527,13043.657940192561,0.917771978137097,2525,6.648471325813299e-05,3265,2525.4247173352255,0.177662911387414,1215,anywhere,10,0,1,1223
1215,14086.426293469029,12913.861818762978,0.9167592652474466,2525,6.707051968537353e-05,3265,2525.2239935403695,0.1792505740913634,1215,anywhere,10,1,1,1223
1215,14684.014259677147,13512.889697209506,0.9202449315454839,2550,6.436115490458191e-05,3265,2549.929250828858,0.17365823506467135,1215,anywhere,10,2,1,1223
1215,14233.683388122517,13066.479679619264,0.9179970723897624,2518,6.643248347953874e-05,3265,2517.779524806302,0.17690431431832873,1215,anywhere,10,3,1,1223
1215,14474.582584992917,13301.907363588867,0.9189838315185775,2539,6.531146399351443e-05,3265,2539.3570550667496,0.17541093051155798,1215,anywhere,10,4,1,1223
1215,14238.040553097582,13068.728865366313,0.9178741145334863,2530,6.633460207013567e-05,3265,2529.813338083715,0.17769299016707613,1215,anywhere,10,5,1,1223
1215,14054.998971050321,12883.918403487285,0.9166787155249773,2527,6.716976595598078e-05,3265,2527.327941921517,0.1797936808963821,1215,anywhere,10,6,1,1223
1215,14096.950646818677,12928.164716693464,0.9170894500940188,2518,6.703598687839748e-05,3265,2518.2044544580367,0.1786201897903536,1215,anywhere,10,7,1,1223
1215,14096.164413395614,12919.548983558634,0.9165293908803419,2539,6.696873156219614e-05,3265,2539.1183213084714,0.18011991954259438,1215,anywhere,10,8,1,1223
1215,14152.498244485061,12985.293521957628,0.9175265947846156,2522,6.674425993886423e-05,3265,2522.2536821793233,0.17820175324754212,1215,anywhere,10,9,1,1223
1215,14199.20089501904,13030.514609931286,0.9176935171402696,2524,6.655332039660227e-05,3265,2524.1688870354437,0.17775648211903236,1215,anywhere,10,10,1,1223
1215,14053.489548444659,12878.889684320253,0.9164193448128759,2526,6.724554378523061e-05,3265,2525.8331727669183,0.17974183502911986,1215,anywhere,10,11,1,1223
1215,14052.16328403346,12874.91955010059,0.916223309526264,2532,6.721594549709392e-05,3265,2532.193021587628,0.18018577985618367,1215,anywhere,10,12,1,1223
1215,14249.317482150973,13073.67273354413,0.9174946624580803,2542,6.62662592979688e-05,3265,2542.4770762590056,0.17839450929380782,1215,anywhere,10,13,1,1223
1215,14076.275837467088,12895.466971385054,0.9161135459608533,2541,6.708783052034701e-05,3265,2540.8235866210907,0.18051649664583672,1215,anywhere,10,14,1,1223
1215,14203.020151122802,13026.412569380534,0.9171579305511827,2540,6.649615873750768e-05,3265,2539.8408780392574,0.1788352035675457,1215,anywhere,10,15,1,1223
1215,14128.146215931109,12958.112220653798,0.9171841813218239,2527,6.68464262812593e-05,3265,2526.790158236346,0.1788628147938133,1215,anywhere,10,16,1,1223
1215,14121.215958586161,12946.49389802324,0.9168115505061268,2534,6.68727389264933e-05,3265,2533.776998987071,0.17944630316762808,1215,anywhere,10,17,1,1223
1215,14140.940985501946,12966.758816344456,0.9169657683769896,2533,6.679483855309947e-05,3265,2532.870244546579,0.17912527904592546,1215,anywhere,10,18,1,1223
1215,14198.969284608356,13027.885574058211,0.9175233295405747,2526,6.655765083589536e-05,3265,2526.3886323854,0.17790023693749216,1215,anywhere,10,19,1,1223
1215,14135.169797405248,12960.377624644902,0.9168887116604713,2529,6.685994844902748e-05,3265,2529.002956507754,0.17891543124329792,1215,anywhere,10,20,1,1223
1215,14245.758528272898,13081.784849391597,0.9182933168092653,2517,6.634254268567181e-05,3265,2517.211521781371,0.1766841684845792,1215,anywhere,10,21,1,1223
1215,14071.330577452307,12893.670110742496,0.9163078103930785,2535,6.712969232849992e-05,3265,2534.5133780894507,0.180153538860216,1215,anywhere,10,22,1,1223
1215,14069.035477914178,12899.697949283089,0.916885736021724,2520,6.715175511224165e-05,3265,2519.6088692702974,0.17911675636584617,1215,anywhere,10,23,1,1223
1215,14170.044667860646,12997.828491188957,0.9172750542325095,2530,6.666407803607478e-05,3265,2530.214989035761,0.17854566159119753,1215,anywhere,10,24,1,1223
1215,14228.652762867716,13060.893335644925,0.917929023451168,2521,6.643391565928495e-05,3265,2520.8171806464993,0.17717770206459832,1215,anywhere,10,25,1,1223
1215,14407.447656945173,13242.312605525769,0.919129669656808,2525,6.561578777104627e-05,3265,2524.8474945971275,0.17525657979974077,1215,anywhere,10,26,1,1223
1215,14042.363535408684,12870.23663082093,0.9165292294539901,2527,6.72399633784785e-05,3265,2527.345007769082,0.1799554607476166,1215,anywhere,10,27,1,1223
1215,14179.116075785598,13009.302729772002,0.9174974420294544,2523,6.6647693029476e-05,3265,2523.469470967143,0.1779377491879523,1215,anywhere,10,28,1,1223
1215,14151.571937356617,12988.980262363297,0.91784717060835,2512,6.677343701877203e-05,3265,2511.8835376416505,0.17750678236450518,1215,anywhere,10,29,1,1223
1215,14198.46249134982,13028.382421092701,0.917591072204475,2523,6.658753823957642e-05,3265,2522.8359937064283,0.17769529634191705,1215,anywhere,10,30,1,1223
1215,14142.996041114642,12972.962272810533,0.917271152102232,2525,6.680231141574709e-05,3265,2524.5661758543456,0.1785336001409924,1215,anywhere,10,31,1,1223
1215,14670.490623260193,13500.268655094993,0.9202329357472337,2541,6.447943957958887e-05,3265,2540.5816854343357,0.17320484128671348,1215,anywhere,10,32,1,1223
1215,14128.088633456468,12953.035465364273,0.9168285818005436,2535,6.684571591038971e-05,3265,2534.6493238550165,0.1794297916560994,1215,anywhere,10,33,1,1223
1215,14116.696329031703,12937.67278848464,0.9164802080411448,2529,6.699431421906509e-05,3265,2529.300718695466,0.1791495645336638,1215,anywhere,10,34,1,1223
1215,15149.262536883041,13970.306594767426,0.9221773377254979,2576,6.24486840670302e-05,3329,2576.167138799354,0.1700412804734462,1215,anywhere,10,35,1,1223
1215,14182.984338800452,13006.164550881944,0.917025940394006,2538,6.660615210610575e-05,3265,2538.0526221834957,0.17894682383994337,1215,anywhere,10,36,1,1223
1215,14192.227519042426,13020.325617209437,0.91742649980346,2524,6.66248009389828e-05,3265,2523.8409681786584,0.17784382307945826,1215,anywhere,10,37,1,1223
1215,14265.398497386623,13086.373170753588,0.9173506911251705,2542,6.624740340872636e-05,3265,2542.1078489650477,0.1781934097716013,1215,anywhere,10,38,1,1223
1215,14105.65492345937,12932.352455467078,0.9168204188774709,2530,6.695947094411219e-05,3265,2529.739296420046,0.17936069000187374,1215,anywhere,10,39,1,1223
1215,14123.229541132161,12958.37443191826,0.9175220436783666,2511,6.693335683100987e-05,3201,2510.5836000411155,0.177792196373147,1215,anywhere,10,40,1,1223
1215,14081.30338278095,12909.90199546661,0.9168115794773113,2526,6.706920095361508e-05,3265,2525.855042591384,0.1793868032904447,1215,anywhere,10,41,1,1223
1215,14177.463267914738,13005.89698506456,0.9173641813975587,2531,6.661536212396922e-05,3265,2530.9938852756213,0.17852276900113365,1215,anywhere,10,42,1,1223
1215,14310.230542050936,13135.652860493346,0.9179204221688765,2540,6.601756816002673e-05,3265,2540.294669925534,0.1774953934205429,1215,anywhere,10,43,1,1223
1215,14449.091509735537,13277.4682690783,0.9189137088745116,2535,6.544549233340643e-05,3265,2534.6053992831435,0.17544355631576994,1215,anywhere,10,44,1,1223
1215,14234.069082741635,13060.847588348117,0.9175765209811991,2536,6.635510572201648e-05,3265,2536.1452239105465,0.178164092450192,1215,anywhere,10,45,1,1223
1215,14466.982978114947,13296.692835245794,0.919106136736352,2540,6.531541115470515e-05,3265,2539.884708846193,0.17557219800717308,1215,anywhere,10,46,1,1223
1215,14141.131056077485,12970.615479882148,0.9172261701306925,2528,6.678248247179799e-05,3265,2528.1653668823114,0.1787692929211297,1215,anywhere,10,47,1,1223
1215,14265.529816100918,13099.40281133459,0.9182556119682167,2523,6.6243059147154e-05,3265,2522.7215227889656,0.17685988761191285,1215,anywhere,10,48,1,1223
1215,14113.746581361029,12948.836109216563,0.9174627045037868,2519,6.690994837113249e-05,3265,2519.4601945580825,0.1784784773822321,1215,anywhere,10,49,1,1223
1215,14115.561630810276,12946.885139311678,0.9172065184464423,2522,6.692691764491332e-05,3265,2521.574258455321,0.17866805912243602,1215,anywhere,10,50,1,1223
1215,15809.625994809405,14623.20383510297,0.9249557098886488,2620,5.984083953348197e-05,3393,2619.5832085386546,0.16572182041878758,1215,anywhere,10,51,1,1223
1215,14136.763372799946,12964.665891802762,0.9170886963240557,2527,6.683579964403649e-05,3265,2527.3988895240377,0.1787537877914907,1215,anywhere,10,52,1,1223
1215,14549.17543794803,13380.844740831233,0.919697806786391,2535,6.499782766470404e-05,3265,2534.779925675615,0.17423667827855463,1215,anywhere,10,53,1,1223
1215,14186.87432000059,13024.963518883767,0.9180995915725589,2513,6.660289326291159e-05,3265,2513.204716967375,0.17713556512283923,1215,anywhere,10,54,1,1223
1215,14027.049629154772,12853.869129349489,0.9163629893083957,2530,6.729244796826272e-05,3265,2530.2794630067383,0.18036579800369967,1215,anywhere,10,55,1,1223
1215,14137.840032965876,12961.508912466414,0.9167955559154329,2536,6.681295558166547e-05,3265,2535.669041439295,0.17937676434919958,1215,anywhere,10,56,1,1223
1215,14073.071121305004,12900.457211270514,0.9166767580489743,2527,6.712168574101711e-05,3265,2527.1644897897268,0.17956279608183134,1215,anywhere,10,57,1,1223
1215,14447.649460771801,13275.50904725534,0.9188698191564619,2541,6.540539857830724e-05,3265,2541.109207145349,0.17587636015805289,1215,anywhere,10,58,1,1223
1215,14186.469556197866,13005.281926897647,0.9167384369577578,2546,6.657337683696083e-05,3265,2545.92348967848,0.17946677923738177,1215,anywhere,10,59,1,1223
1215,14222.27942816209,13050.347528534683,0.9175988697489083,2532,6.642213074639476e-05,3265,2531.693841221515,0.17803053390909251,1215,anywhere,10,60,1,1223
1215,14134.789862519025,12965.863428831215,0.9173014636186824,2525,6.681258902713857e-05,3265,2525.1465956401235,0.17863725068141964,1215,anywhere,10,61,1,1223
1215,14120.268485801664,12949.95165979353,0.9171179480627496,2520,6.693672657050603e-05,3265,2520.2158415404383,0.17846686148595067,1215,anywhere,10,62,1,1223
1215,14127.08592713565,12958.22302981084,0.9172608630432673,2521,6.688634637510649e-05,3265,2521.086277292671,0.17845152305314446,1215,anywhere,10,63,1,1223
1215,14110.375116323541,12940.145178798972,0.9170659937898609,2523,6.696799957730434e-05,3265,2523.106889633975,0.1788046015219876,1215,anywhere,10,64,1,1223
1215,14257.512272624634,13082.904825198995,0.9176148387625124,2533,6.62981839496045e-05,3265,2533.3662491764467,0.17766072731099994,1215,anywhere,10,65,1,1223
1215,15014.430964564453,13836.564797347575,0.921551061775384,2568,6.301143731528081e-05,3329,2568.161117763875,0.1710354528959995,1215,anywhere,10,66,1,1223
1215,14105.584364742452,12929.494726183784,0.9166224093843034,2535,6.695529674426161e-05,3265,2534.555678458918,0.17971605673681607,1215,anywhere,10,67,1,1223
1215,14398.090874372974,13227.668365724163,0.9187098818266222,2529,6.568756578494397e-05,3265,2529.278020677293,0.17564828712821526,1215,anywhere,10,68,1,1223
1215,14172.630527400013,13000.953790744208,0.9173282098626224,2528,6.666914551692915e-05,3265,2527.7330617707185,0.17837196807696395,1215,anywhere,10,69,1,1223
1215,14294.334839685798,13121.31614102045,0.9179382103594873,2536,6.609337849913617e-05,3265,2536.248834628733,0.177412942150986,1215,anywhere,10,70,1,1223
1215,19437.03381704013,18216.217996880932,0.9371912488473972,2789,4.891074494958096e-05,3521,2788.7693146737406,0.14348897194153817,1215,anywhere,10,71,1,1223
1215,14589.451136763157,13423.108233913143,0.920055738086609,2537,6.478392402753827e-05,3265,2536.8882175225035,0.17389276513680169,1215,anywhere,10,72,1,1223
1215,14099.801880428438,12930.232938775944,0.917050682586119,2519,6.703648387057321e-05,3265,2519.1190934757487,0.1786549925567789,1215,anywhere,10,73,1,1223
1215,14404.125460653737,13230.76903531342,0.9185402523363565,2544,6.557089034171695e-05,3265,2544.307543856258,0.17661606787230383,1215,anywhere,10,74,1,1223
1215,14189.730148181876,13019.199387283517,0.9175085960991064,2527,6.6586135613093e-05,3265,2527.3217161013113,0.1780865438321097,1215,anywhere,10,75,1,1223
1215,14514.973864082895,13351.954279994763,0.9198744968486642,2524,6.516154790346055e-05,3265,2523.761208268541,0.17388939336953294,1215,anywhere,10,76,1,1223
1215,14176.1461215979,13001.610432302467,0.9171470384672472,2536,6.662674957810984e-05,3265,2535.6561686428095,0.17889206123068294,1215,anywhere,10,77,1,1223
1215,14109.312755460207,12943.40269758114,0.9173659214955123,2519,6.694402595785952e-05,3265,2518.967361130624,0.17853456391950517,1215,anywhere,10,78,1,1223
1215,14019.18911519122,12845.419383934995,0.9162740639553592,2532,6.732086541152911e-05,3265,2531.793472302721,0.18060959012645889,1215,anywhere,10,79,1,1223
1215,14129.279473722652,12960.314760488758,0.9172665021307059,2523,6.686590085234169e-05,3265,2522.628404390696,0.17856536879267088,1215,anywhere,10,80,1,1223
1215,14095.82696582218,12923.793825880763,0.9168524739425917,2530,6.69826493131638e-05,3265,2530.232109178743,0.1794857446912786,1215,anywhere,10,81,1,1223
1215,14182.248212584756,13012.700814918415,0.9175344148448529,2518,6.668591191065384e-05,3265,2517.9752948864116,0.17754589838341908,1215,anywhere,10,82,1,1223
1215,14128.004067962844,12953.585494261859,0.9168730014479443,2522,6.694745409752684e-05,3265,2521.859927650445,0.17851070737719954,1215,anywhere,10,83,1,1223
1215,14034.861176197704,12867.723325143474,0.916840085811919,2516,6.73048429969468e-05,3265,2515.7503057063427,0.1792678935981916,1215,anywhere,10,84,1,1223
1215,14130.733990820536,12953.110506974805,0.916662256567088,2536,6.686112406601607e-05,3265,2535.931285235203,0.1794669690652595,1215,anywhere,10,85,1,1223
1215,14282.126857608037,13112.40847339564,0.9180991461653842,2527,6.618381140905682e-05,3265,2527.3359319601163,0.17693443176874432,1215,anywhere,10,86,1,1223
1215,14557.684550583772,13387.465566590763,0.9196150335634191,2537,6.495761210612567e-05,3265,2537.483689310551,0.17427221967783776,1215,anywhere,10,87,1,1223
1215,14087.926745827404,12919.427438492272,0.9170566877286452,2519,6.706322266007009e-05,3265,2519.011579459001,0.178805586190749,1215,anywhere,10,88,1,1223
1215,14112.784078591969,12941.92777949427,0.9170357675298243,2524,6.695507134609271e-05,3265,2523.9329044352435,0.17884493845751653,1215,anywhere,10,89,1,1223
1215,14123.085472636598,12950.167630097483,0.916950311968894,2532,6.687268348395944e-05,3265,2532.2769182062702,0.1792809372219503,1215,anywhere,10,90,1,1223
1215,14566.73836712046,13389.048631652606,0.9191521323588748,2550,6.491405509520415e-05,3265,2550.120823492253,0.17505634657074448,1215,anywhere,10,91,1,1223
1215,14136.127807423622,12966.733987624024,0.9172762275688051,2525,6.682219340838865e-05,3265,2524.786147631106,0.1786203431659687,1215,anywhere,10,92,1,1223
1215,14519.268283164945,13349.262086129835,0.9194169999329973,2541,6.507752803190549e-05,3265,2541.3325767068673,0.1750088193456886,1215,anywhere,10,93,1,1223
1215,14068.139004086572,12892.687127257603,0.9164458158618195,2535,6.711084690804434e-05,3265,2534.5215327163123,0.18019440945697385,1215,anywhere,10,94,1,1223
1215,14032.61486973091,12859.99935377406,0.9164364213767282,2521,6.735449479389155e-05,3265,2521.0567713954524,0.17965290314052085,1215,anywhere,10,95,1,1223
1215,14039.946799274345,12871.008329786364,0.916741958769502,2520,6.726577169265811e-05,3265,2520.3930783739843,0.17948785960714939,1215,anywhere,10,96,1,1223
1215,14149.879550992946,12969.938674365945,0.9166112423519392,2544,6.673352793634701e-05,3265,2544.0982837846936,0.17978951628754172,1215,anywhere,10,97,1,1223
1215,14104.414319201342,12933.690913558628,0.9169959574961631,2524,6.698332069403099e-05,3265,2524.1715041109933,0.17895106757916912,1215,anywhere,10,98,1,1223
1215,14026.517586345819,12849.225817823286,0.9160667099816299,2532,6.733725673490242e-05,3265,2532.0004943206295,0.18051522656377572,1215,anywhere,10,99,1,1223
1215,14275.588419158285,13106.873212002361,0.9181319065218025,2521,6.624371976607627e-05,3265,2521.117336487232,0.1765951725406106,1215,anywhere,10,100,1,1223
1215,14233.664285856761,13061.070635732518,0.9176182867197882,2532,6.639032178977402e-05,3265,2531.6691934426003,0.17788813541962728,1215,anywhere,10,101,1,1223
1215,19464.68090374322,18235.946512399456,0.9368736432197319,2804,4.8835921223299097e-05,3585,2804.23716560763,0.14405579078672526,1215,anywhere,10,102,1,1223
1215,14176.563005121341,13002.843186128119,0.917207025527329,2533,6.66281364122131e-05,3265,2533.3821900822145,0.17867518375821723,1215,anywhere,10,103,1,1223
1215,14196.577334338088,13027.62418850705,0.9176595091689022,2519,6.659581421170792e-05,3265,2519.2235975889757,0.17743713436527747,1215,anywhere,10,104,1,1223
1215,14083.648161888048,12915.456608889102,0.9170533416078793,2518,6.709509802287394e-05,3265,2517.994881946139,0.17878890263774083,1215,anywhere,10,105,1,1223
1215,14186.54498681954,13018.539418431608,0.9176680742581719,2523,6.659849560516231e-05,3265,2523.2265139556816,0.17784457049578128,1215,anywhere,10,106,1,1223
1215,14302.231771478639,13128.756275494296,0.9179515816318629,2536,6.60666737730664e-05,3265,2536.4131878905273,0.17731498415913416,1215,anywhere,10,107,1,1223
1215,14295.527504078838,13121.7040168105,0.9178887601780753,2537,6.609666279646796e-05,3265,2537.197413413421,0.1774680926797655,1215,anywhere,10,108,1,1223
1215,14037.789593698777,12860.78223581991,0.9161543667524981,2535,6.725447590878493e-05,3265,2535.408088642913,0.1805839860385071,1215,anywhere,10,109,1,1223
1215,14074.088950697285,12900.04864692572,0.9165814350126443,2531,6.70890720126235e-05,3265,2531.3316546853903,0.17983402043757898,1215,anywhere,10,110,1,1223
1215,14073.025956247613,12902.006915518084,0.916789818737621,2531,6.705514232930985e-05,3265,2531.016263094176,0.17984760405251593,1215,anywhere,10,111,1,1223
1215,14174.797094902468,12996.400668889226,0.9168667870076944,2540,6.664660963423171e-05,3265,2539.553187855298,0.1791912775184227,1215,anywhere,10,112,1,1223
1215,14408.376615713481,13240.679827418222,0.9189570886825797,2534,6.55648503149199e-05,3265,2534.12130049633,0.1758699170339892,1215,anywhere,10,113,1,1223
1215,14080.683969526088,12906.106976718804,0.9165823907880224,2536,6.703469086888925e-05,3265,2535.792057067085,0.18010488733988353,1215,anywhere,10,114,1,1223
1215,14158.40084846385,12989.672102503944,0.9174533368232253,2524,6.672810844957628e-05,3265,2523.562286992941,0.17826872024702192,1215,anywhere,10,115,1,1223
1215,14102.879371771098,12936.054434459687,0.917263354060379,2519,6.697898017345147e-05,3265,2518.9138574531107,0.17861600695827645,1215,anywhere,10,116,1,1223
1215,14207.700944592963,13033.522384235463,0.9173561883842749,2537,6.64674842955536e-05,3265,2537.305969638149,0.17856513238093658,1215,anywhere,10,117,1,1223
1215,14114.572100057592,12947.80570292203,0.9173360418676241,2517,6.695480042007398e-05,3265,2516.5075734121683,0.17832634118534346,1215,anywhere,10,118,1,1223
1215,14171.560520154235,12994.612494237632,0.9169500053122029,2536,6.667828730182282e-05,3265,2535.8118387911736,0.17894994671852835,1215,anywhere,10,119,1,1223
1215,14274.257131393388,13104.012200111127,0.9180171044622322,2533,6.617289955450641e-05,3265,2533.1043070293076,0.17745231690055313,1215,anywhere,10,120,1,1223
1215,15082.026075905895,13902.650614713357,0.9218025843970238,2575,6.27195610184564e-05,3329,2575.0590404312675,0.17073302930523768,1215,anywhere,10,121,1,1223
1215,14174.224558007616,13002.111160758555,0.9173067004510744,2522,6.671887757278571e-05,3265,2522.1355129551935,0.17792860481917624,1215,anywhere,10,122,1,1223
1215,14136.846796195077,12960.382139196621,0.916780264088658,2536,6.680890292735498e-05,3265,2536.3579794812968,0.17938936713118817,1215,anywhere,10,123,1,1223
1215,14233.310378597633,13061.479702675933,0.9176698431530195,2531,6.63839540156584e-05,3265,2530.7363296996937,0.17782230083353048,1215,anywhere,10,124,1,1223
1215,14121.506993143674,12948.758545257522,0.916953024315638,2527,6.691154792962996e-05,3265,2526.8161516677333,0.17894690709900285,1215,anywhere,10,125,1,1223
1215,14121.401589198802,12947.126047316551,0.9168442640438444,2529,6.691167304790465e-05,3265,2529.3790868501073,0.17908987178258462,1215,anywhere,10,126,1,1223
1215,14557.395848304037,13387.411433589423,0.9196295527780871,2544,6.491154935626472e-05,3265,2543.548067745559,0.17475653107944994,1215,anywhere,10,127,1,1223
1215,14068.11162765671,12891.001245027739,0.916327762120193,2537,6.711223311844846e-05,3265,2537.044130174256,0.18033692560503103,1215,anywhere,10,128,1,1223
1215,14328.346928313265,13159.029121355337,0.9183912971392869,2525,6.600507740975461e-05,3265,2525.0235778810593,0.1762240970736492,1215,anywhere,10,129,1,1223
1215,14065.518530958452,12896.855771043765,0.9169129273590277,2518,6.717541543633965e-05,3265,2518.1737121494198,0.1790193510788698,1215,anywhere,10,130,1,1223
1215,14159.694258400124,12992.614437937338,0.9175773290605886,2521,6.672670432744151e-05,3265,2520.8243615719643,0.17804056740168928,1215,anywhere,10,131,1,1223
1215,14120.204046297487,12946.601034425019,0.9168848404722449,2529,6.690751113482964e-05,3265,2529.245399934052,0.1791050605011008,1215,anywhere,10,132,1,1223
1215,14324.116102899532,13151.141402650494,0.9181118966208601,2530,6.602740887557922e-05,3265,2530.21230064693,0.17662520897103517,1215,anywhere,10,133,1,1223
1215,14284.852936682448,13115.949534457199,0.9181718280610652,2530,6.613353969723952e-05,3265,2529.93879904712,0.17711067878781914,1215,anywhere,10,134,1,1223
1215,19415.138067272816,18188.36311081179,0.9368134827467984,2798,4.89671268803142e-05,3585,2797.501983523679,0.14411434985963129,1215,anywhere,10,135,1,1223
1215,14296.515011057356,13128.446417330959,0.918296970078164,2527,6.609961915165782e-05,3265,2526.9513487050012,0.17675636321477942,1215,anywhere,10,136,1,1223
1215,14245.74026661846,13077.202723693357,0.9179728451414142,2527,6.631552756390686e-05,3265,2527.471046490294,0.17738635919969914,1215,anywhere,10,137,1,1223
1215,14088.736712679294,12922.63066577734,0.9172313266488609,2518,6.704079969275675e-05,3265,2518.082727852432,0.17872432790470857,1215,anywhere,10,138,1,1223
1215,14170.431282167236,13003.658547817973,0.9176614521381867,2522,6.665533866452473e-05,3265,2522.464923600412,0.17797623444064178,1215,anywhere,10,139,1,1223
1215,14163.745618976478,12992.774285410258,0.9173261533307008,2526,6.671823121138395e-05,3265,2525.9596439167417,0.17834265511064282,1215,anywhere,10,140,1,1223
1215,14174.671153033489,13003.116972954469,0.9173487576938744,2524,6.669229963121204e-05,3265,2524.3909546933874,0.17806409564992587,1215,anywhere,10,141,1,1223
1215,14059.948877382785,12884.110730859768,0.9163696712713868,2539,6.711660073260399e-05,3265,2538.607853720003,0.1805838714025699,1215,anywhere,10,142,1,1223
1215,14060.490845159422,12892.14945913176,0.916906073984616,2514,6.72268286996068e-05,3265,2514.1055125715316,0.17879887890723886,1215,anywhere,10,143,1,1223
1215,14142.864529000646,12971.285087398583,0.9171610928465247,2523,6.683275160273159e-05,3265,2523.492733803814,0.17839384622729457,1215,anywhere,10,144,1,1223
1215,14181.96576092624,13006.161479281624,0.9170915864933084,2533,6.663828487493554e-05,3265,2533.267566605801,0.17860711573418486,1215,anywhere,10,145,1,1223
1215,14069.218891067469,12898.767179865925,0.9168076266163815,2519,6.71688038743052e-05,3265,2519.2942894649323,0.17904334416172246,1215,anywhere,10,146,1,1223
1215,15094.764505601277,13906.450616293358,0.9212764207837116,2593,6.26330547838086e-05,3329,2593.4628157083885,0.1717814146115234,1215,anywhere,10,147,1,1223
1215,14250.098315551211,13084.010849053742,0.9181698651703398,2517,6.635184271369287e-05,3265,2517.2542106344918,0.17663036031500104,1215,anywhere,10,148,1,1223
1215,14050.386570356597,12876.932866507072,0.9164824613206537,2526,6.723894751762851e-05,3265,2526.4140740123694,0.17978153037649058,1215,anywhere,10,149,1,1223
1215,19387.10727683774,18164.202385933655,0.9369217452897101,2789,4.904458274370504e-05,3521,2788.662105792812,0.14385849111858412,1215,anywhere,10,150,1,1223
1215,15906.557433779784,14719.519814009396,0.9253743228406199,2617,5.9541742082848666e-05,3329,2616.500208760412,0.16452334270911675,1215,anywhere,10,151,1,1223
1215,14524.280694008612,13357.913065029177,0.9196953258097957,2526,6.51372086532043e-05,3265,2526.2983583396694,0.17391566943772963,1215,anywhere,10,152,1,1223
1215,14113.413055598905,12940.697560983048,0.9169077323822368,2532,6.690315832389863e-05,3265,2532.085631514249,0.17940380473705014,1215,anywhere,10,153,1,1223
1215,14102.254628998828,12929.309257125193,0.916825684776555,2530,6.696981214448808e-05,3265,2529.929696241242,0.1794039369277517,1215,anywhere,10,154,1,1223
1215,14204.768952499293,13036.504905480417,0.9177555051458036,2521,6.653913124279031e-05,3265,2521.3480450274224,0.17747560755336583,1215,anywhere,10,155,1,1223
1215,14270.50217430048,13092.727387478391,0.9174678807769551,2540,6.622887950621992e-05,3265,2540.247988016315,0.1779895317611349,1215,anywhere,10,156,1,1223
1215,14499.350773492191,13329.853504127512,0.9193414044784155,2534,6.52163704350818e-05,3265,2534.381479451131,0.17476644572477518,1215,anywhere,10,157,1,1223
1215,15842.31892577425,14656.926656913303,0.9251755835484158,2610,5.978396253085211e-05,3329,2609.7475024956175,0.16474860859881618,1215,anywhere,10,158,1,1223
1215,14407.841051278518,13238.92960062737,0.9188697705304418,2535,6.557539477049877e-05,3265,2535.19202190101,0.17594586107507412,1215,anywhere,10,159,1,1223
1215,19503.267419833723,18281.06375845151,0.9373333895765947,2791,4.8755545468623744e-05,3521,2790.969444991226,0.14310422658521876,1215,anywhere,10,160,1,1223
1215,14084.077248751819,12908.408413920472,0.9165249654580289,2532,6.707077008387706e-05,3265,2531.5578422708422,0.1797774859708608,1215,anywhere,10,161,1,1223
1215,14120.678469855207,12952.813556858322,0.9172939943721514,2522,6.689068016409794e-05,3265,2521.9054826347497,0.1786033160788952,1215,anywhere,10,162,1,1223
1215,14369.6488145105,13199.662598471508,0.9185793451780438,2534,6.57599248802594e-05,3265,2534.1759511018436,0.17634390601398428,1215,anywhere,10,163,1,1223
1215,14131.056662153002,12954.589250782525,0.9167459702768448,2535,6.68512113202668e-05,3265,2534.965499351593,0.1793921049647655,1215,anywhere,10,164,1,1223
1215,14120.866191134995,12943.371596009283,0.9166131468716178,2540,6.68645006370027e-05,3265,2540.0732964458384,0.1798756510839681,1215,anywhere,10,165,1,1223
1215,14215.606740756499,13039.964519745714,0.9172991879664067,2533,6.649824498018527e-05,3265,2532.90360870009,0.1781844451800869,1215,anywhere,10,166,1,1223
1215,14136.697688099923,12962.793857213417,0.9169605337267216,2529,6.684314508807694e-05,3265,2528.779049735406,0.17889609410894294,1215,anywhere,10,167,1,1223
1215,14051.754334147081,12881.981990529448,0.9167525765252688,2528,6.715777965523455e-05,3265,2527.82500764378,0.1799063618595098,1215,anywhere,10,168,1,1223
1215,14350.71006417262,13181.946100462115,0.9185570638327931,2530,6.585037593420567e-05,3265,2530.3867260826637,0.17629789666758663,1215,anywhere,10,169,1,1223
1215,14204.298334959509,13031.665042118266,0.9174451799597051,2529,6.653558505437651e-05,3265,2528.843040832715,0.1780446974825673,1215,anywhere,10,170,1,1223
1215,14057.10695868471,12882.803028811346,0.916461905474237,2534,6.71476422960408e-05,3265,2533.8402293203717,0.18026468799360265,1215,anywhere,10,171,1,1223
1215,16291.955941135904,15102.585265365995,0.9269964465858368,2633,5.816140811685347e-05,3393,2632.943740790583,0.16161349868077426,1215,anywhere,10,172,1,1223
1215,14123.15330079701,12952.821140600237,0.9171337919180749,2526,6.688398977749037e-05,3265,2525.906307818379,0.17885524189965782,1215,anywhere,10,173,1,1223
1215,14096.397188273684,12926.827628920495,0.9170306040804445,2522,6.701887227834405e-05,3265,2521.990572166648,0.1789109632990454,1215,anywhere,10,174,1,1223
1215,14257.691887900472,13088.088754302153,0.9179668670922198,2520,6.6346354061165e-05,3265,2520.2259922381168,0.1767467006450428,1215,anywhere,10,175,1,1223
1215,14118.185232453443,12948.323573271042,0.9171379578946703,2525,6.689809123941354e-05,3265,2524.823846631821,0.1788473488926741,1215,anywhere,10,176,1,1223
1215,14124.860095086944,12951.002644330161,0.9168942245902254,2530,6.688230387975956e-05,3265,2529.8248811718927,0.1791168183591433,1215,anywhere,10,177,1,1223
1215,14201.16759220944,13030.0821558536,0.9175359752110608,2530,6.652695195415487e-05,3265,2529.5352365777203,0.17815436537682453,1215,anywhere,10,178,1,1223
1215,14585.20514548769,13413.269855537488,0.9196490362487106,2535,6.48867143852786e-05,3265,2535.4356926668315,0.17380626290225804,1215,anywhere,10,179,1,1223
1215,14154.738663689204,12980.18230022728,0.9170202720538398,2531,6.67577365082145e-05,3265,2530.7965021953246,0.1788093768550253,1215,anywhere,10,180,1,1223
1215,14195.057456734416,13025.095705919292,0.9175796396470328,2525,6.657390451935728e-05,3265,2525.4271848147246,0.17787881505207223,1215,anywhere,10,181,1,1223
1215,14607.368280626051,13434.969984253175,0.9197392525573657,2546,6.471968060471564e-05,3265,2546.0046720123055,0.17429559870663314,1215,anywhere,10,182,1,1223
1215,14366.272167141326,13198.900346662987,0.9187421895606042,2525,6.580972590217656e-05,3265,2525.2393289404495,0.17575888655201757,1215,anywhere,10,183,1,1223
1215,14327.356421690676,13156.516685309509,0.9182794297900907,2531,6.597532579235568e-05,3265,2531.0293560171085,0.17665505941963114,1215,anywhere,10,184,1,1223
1215,14185.432409510038,13014.756587611235,0.9174733777509685,2527,6.661347609495489e-05,3265,2526.5549814946676,0.17814049843879817,1215,anywhere,10,185,1,1223
1215,14060.554617183887,12881.28174637081,0.9161289932779859,2540,6.714119060484973e-05,3265,2540.143788308116,0.18064721265658887,1215,anywhere,10,186,1,1223
1215,14567.88933646354,13395.033898340085,0.9194903660348525,2540,6.493482681327263e-05,3265,2539.887057134216,0.1743560746059733,1215,anywhere,10,187,1,1223
1215,14078.824735062706,12905.471356052896,0.9166582863917878,2530,6.707570666130241e-05,3265,2530.0999350695824,0.179702499861309,1215,anywhere,10,188,1,1223
1215,14030.17771161175,12853.32940477511,0.9161202137972458,2539,6.724729135715391e-05,3265,2539.1914813069006,0.18096705916266875,1215,anywhere,10,189,1,1223
1215,15411.571447016475,14234.553728875673,0.9236276636560212,2579,6.143566881869851e-05,3329,2578.7203469476053,0.16734179307193678,1215,anywhere,10,190,1,1223
1215,14356.401898426246,13187.550745970735,0.9185832800777443,2527,6.585850892362543e-05,3265,2527.2620885260685,0.17601903442651676,1215,anywhere,10,191,1,1223
1215,14297.855351727714,13130.102657793042,0.9183267234695053,2520,6.615076128665016e-05,3265,2520.294822970958,0.17625020942007852,1215,anywhere,10,192,1,1223
1215,14181.939440927983,13010.06810483691,0.9173687533378444,2531,6.6598371208946e-05,3265,2531.199943170531,0.1784664227725955,1215,anywhere,10,193,1,1223
1215,14361.752923840631,13194.739329721842,0.9187415630732975,2530,6.578672533362196e-05,3265,2530.0653871698933,0.17616233989098773,1215,anywhere,10,194,1,1223
1215,14125.009494429927,12950.341304222136,0.9168377061501438,2536,6.683903455048201e-05,3265,2536.28327004498,0.17953970232728333,1215,anywhere,10,195,1,1223
1215,14327.853779375293,13153.6855492331,0.918049957221619,2541,6.593278528167057e-05,3265,2540.5016969167264,0.17734686849315334,1215,anywhere,10,196,1,1223
1215,14126.164428883869,12958.782413098845,0.9173602982138541,2521,6.686779345233288e-05,3265,2520.6715671510897,0.17846316405926108,1215,anywhere,10,197,1,1223
1215,14111.759756962221,12934.075184082163,0.9165458742805601,2539,6.690895263086519e-05,3265,2539.3457981403044,0.17992086343075328,1215,anywhere,10,198,1,1223
1215,14109.315414250466,12931.72140594139,0.9165378352007283,2542,6.689483002144365e-05,3265,2541.7620846934637,0.18016465897647801,1215,anywhere,10,199,1,1223
1205,14360.439830806314,13167.61181464645,0.9169365263032554,2569,6.581032933660216e-05,3329,2569.109752050469,0.17889424211707833,1205,anywhere,20,0,1,1223
1205,14718.81255790019,13529.36435585382,0.91918857602355,2584,6.417947325669196e-05,3329,2583.8679412839083,0.1755576402535992,1205,anywhere,20,1,1,1223
1205,14156.602858292863,12967.980373600278,0.9160375906147359,2559,6.669457475960903e-05,3329,2559.419087036221,0.18076370620942803,1205,anywhere,20,2,1,1223
1205,14810.280601575167,13624.621640055611,0.9199435180591073,2578,6.381706613278333e-05,3329,2578.1921674374375,0.1740682752307754,1205,anywhere,20,3,1,1223
1205,14759.575667771958,13568.767929941585,0.9193196495187499,2581,6.406815277206728e-05,3329,2581.3283835553507,0.17486952593330324,1205,anywhere,20,4,1,1223
1205,16095.218948345208,14871.738452567632,0.92398484918384,2682,5.883839284109294e-05,3457,2682.19959756312,0.16663333432166474,1205,anywhere,20,5,1,1223
1205,14098.390778306217,12903.039605184105,0.915213644456398,2570,6.693113086158364e-05,3329,2570.1992271361246,0.18229030819280215,1205,anywhere,20,6,1,1223
1205,14552.589708087573,13353.618133947497,0.9176111195195897,2593,6.490305062456673e-05,3329,2592.6426394011773,0.1781813444901113,1205,anywhere,20,7,1,1223
1205,14553.89176655008,13349.787558535292,0.917265826396879,2603,6.487743789023579e-05,3329,2602.5351503522947,0.17885250500368582,1205,anywhere,20,8,1,1223
1205,14087.438765801306,12899.587528939048,0.9156801135671384,2564,6.693367561494998e-05,3329,2564.271801165948,0.1820061149954647,1205,anywhere,20,9,1,1223
1205,14007.162645227434,12818.331775873072,0.9151269318801388,2549,6.744454674023779e-05,3265,2549.1999140574403,0.1819783252726421,1205,anywhere,20,10,1,1223
1205,14131.121998327777,12943.976567247617,0.9159907167158671,2557,6.680635999055478e-05,3265,2557.170876985728,0.18094812289516612,1205,anywhere,20,11,1,1223
1205,13969.339075300502,12783.094787029442,0.9150822897291909,2554,6.751412172820856e-05,3329,2553.799655069676,0.18282897896835965,1205,anywhere,20,12,1,1223
1205,14178.66453407144,12989.791531188566,0.9161505655186352,2550,6.669413204367894e-05,3265,2549.50403906649,0.17984768550467714,1205,anywhere,20,13,1,1223
1205,19664.614794375168,18427.50727337178,0.9370896641536427,2819,4.83719433964145e-05,3585,2819.34165098097,0.14335393952422307,1205,anywhere,20,14,1,1223
1205,14257.253147519486,13059.528552744905,0.9159919107571598,2575,6.626030751050502e-05,3329,2575.408128805504,0.18060982528377179,1205,anywhere,20,15,1,1223
1205,14188.170010481672,13007.935891936875,0.9168156205012425,2552,6.651204149803564e-05,3265,2551.6410278620483,0.1798681576351764,1205,anywhere,20,16,1,1223
1205,15203.563132528092,13985.665369948203,0.9198939253934368,2641,6.222623601448107e-05,3393,2640.6375942755294,0.1737092796588958,1205,anywhere,20,17,1,1223
1205,14138.209740547782,12951.001641560075,0.9160283995799804,2551,6.683464860342603e-05,3265,2550.965539165271,0.18043302842536285,1205,anywhere,20,18,1,1223
1205,14189.303340327653,12998.679441931517,0.9160900384015159,2555,6.661558630814687e-05,3265,2554.911145247808,0.18006521805326356,1205,anywhere,20,19,1,1223
1205,15353.637744908372,14166.22305125486,0.9226623218951947,2594,6.165203497729572e-05,3329,2594.2437966848843,0.16895018907556494,1205,anywhere,20,20,1,1223
1205,14324.905095148013,13139.509848032112,0.9172493472562407,2555,6.599347457493247e-05,3265,2554.605770252287,0.17836069300489843,1205,anywhere,20,21,1,1223
1205,14132.735898072067,12945.980090570776,0.9160278790985414,2548,6.686743133136377e-05,3265,2548.291678441857,0.18029063999898196,1205,anywhere,20,22,1,1223
1205,14102.438361049437,12914.485873204414,0.9157626179649814,2556,6.69571669586175e-05,3265,2555.624545764133,0.18124525238554523,1205,anywhere,20,23,1,1223
1205,14354.583736800036,13174.34875459835,0.9177799228565587,2554,6.579436320639323e-05,3265,2553.657582576958,0.17792226140647008,1205,anywhere,20,24,1,1223
1205,14365.217915638066,13176.31367741202,0.9172372987859935,2566,6.57668579374858e-05,3329,2565.562312477891,0.17862590147042853,1205,anywhere,20,25,1,1223
1205,14254.155450246068,13058.732247742393,0.9161351083425263,2581,6.618326171513382e-05,3329,2581.1619623418933,0.18107000509493143,1205,anywhere,20,26,1,1223
1205,14805.558897772025,13614.964275206044,0.9195846215069162,2580,6.388622262826544e-05,3329,2579.6556461277087,0.17425887248256763,1205,anywhere,20,27,1,1223
1205,14790.264788827597,13604.31677912519,0.9198156336864058,2569,6.397252702501504e-05,3329,2568.5862644886824,0.17369533518700722,1205,anywhere,20,28,1,1223
1205,14283.239092691852,13095.85511377163,0.9168687178577191,2562,6.610803480068195e-05,3329,2562.269940616871,0.17937107846292866,1205,anywhere,20,29,1,1223
1205,14689.95678766726,13497.520433881196,0.9188264219546816,2579,6.43833872047528e-05,3329,2578.8550946650644,0.17556212297133247,1205,anywhere,20,30,1,1223
1205,14070.165280075336,12873.123461465431,0.9149234003451951,2573,6.706442265297828e-05,3329,2572.585073942334,0.1828692093364111,1205,anywhere,20,31,1,1223
1205,14931.85301056255,13742.793326343199,0.9203675737111643,2586,6.333119632863905e-05,3329,2585.5158010681766,0.1731868106504066,1205,anywhere,20,32,1,1223
1205,14518.426350528245,13328.613044518148,0.9180480530545374,2577,6.504825460211712e-05,3329,2576.9368486629814,0.17749857579476835,1205,anywhere,20,33,1,1223
1205,14359.002537690694,13168.635001322906,0.9170995664048939,2570,6.576168533726099e-05,3329,2569.9484560859164,0.17898179161498523,1205,anywhere,20,34,1,1223
1205,14143.128871488381,12946.753567687396,0.9154094320519981,2571,6.67562681794441e-05,3329,2570.8458802472774,0.18178438613982845,1205,anywhere,20,35,1,1223
1205,14292.225264052986,13096.160665589023,0.9163136197221688,2582,6.601048358522617e-05,3329,2582.458260939932,0.18065766193135113,1205,anywhere,20,36,1,1223
1205,14458.699792815361,13271.009635913695,0.9178563651005578,2571,6.530791339874168e-05,3329,2571.132548275529,0.1778168187209717,1205,anywhere,20,37,1,1223
1205,14525.934070994565,13333.482828890841,0.9179088080480268,2580,6.50228143036473e-05,3329,2580.263994666891,0.17761336292663982,1205,anywhere,20,38,1,1223
1205,16001.181090899847,14798.069987948988,0.9248111063729483,2640,5.9223245447394355e-05,3393,2640.462428630743,0.1649878208991344,1205,anywhere,20,39,1,1223
1205,14800.033168982382,13605.496279253905,0.9192882288782999,2591,6.386471320069347e-05,3329,2590.7638346126955,0.17506717521621282,1205,anywhere,20,40,1,1223
1205,14291.699238991976,13109.567786576095,0.9172854513205346,2553,6.609335728452752e-05,3265,2552.617465294758,0.17863516138337573,1205,anywhere,20,41,1,1223
1205,14052.331535549332,12862.322908727021,0.9153159300425093,2559,6.717007043497965e-05,3329,2558.5459885466844,0.18210501179297459,1205,anywhere,20,42,1,1223
1205,14352.002086218748,13152.141731560056,0.916397702045289,2589,6.576170119818514e-05,3329,2588.890212873239,0.1803929503665583,1205,anywhere,20,43,1,1223
1205,14602.966821759863,13411.494274914867,0.9184088711980374,2577,6.472319049505491e-05,3329,2576.7710152654718,0.17647098918009013,1205,anywhere,20,44,1,1223
1205,15224.356097505199,14037.181855372719,0.9220213824132095,2594,6.212751987736644e-05,3329,2594.4857104482344,0.17038487430184823,1205,anywhere,20,45,1,1223
1205,14429.762919716482,13252.03136357006,0.918381780580941,2544,6.552654658311327e-05,3265,2544.4780648107026,0.1763022728893168,1205,anywhere,20,46,1,1223
1205,14003.225782047159,12797.39472811644,0.9138890515157833,2583,6.737933971075679e-05,3329,2583.0022168150967,0.18445749859375518,1205,anywhere,20,47,1,1223
1205,14984.0555067994,13776.148493546329,0.9193871770759957,2629,6.302236631139301e-05,3393,2628.7483027530516,0.17545316745570141,1205,anywhere,20,48,1,1223
1205,14308.404153590629,13116.617412685342,0.916707221286714,2573,6.597520969358372e-05,3329,2572.8076431250042,0.17982438658991312,1205,anywhere,20,49,1,1223
1205,14526.070370555724,13340.093792412448,0.9183553054687629,2569,6.503421716163277e-05,3329,2569.1281972301117,0.17685443719227403,1205,anywhere,20,50,1,1223
1205,14072.158576261136,12878.13268901169,0.9151497703228207,2572,6.701031202817748e-05,3329,2572.1406424811335,0.1827722439355399,1205,anywhere,20,51,1,1223
1205,14078.646410734713,12885.251804349487,0.9152337112838288,2566,6.703185002958524e-05,3329,2565.8953999153787,0.18226184003339066,1205,anywhere,20,52,1,1223
1205,14113.886059260092,12936.268638223322,0.9165632047692395,2530,6.699177260835092e-05,3265,2529.871939909395,0.17925608789650616,1205,anywhere,20,53,1,1223
1205,16348.599675473291,15151.09025712151,0.9267515602484092,2647,5.7975538929314403e-05,3393,2646.783230856592,0.16190989152245966,1205,anywhere,20,54,1,1223
1205,14316.11620761696,13109.011302369361,0.9156820964749257,2600,6.591149897370693e-05,3329,2600.497210149683,0.18161350203462703,1205,anywhere,20,55,1,1223
1205,14196.672552731308,13008.891865553169,0.9163338674773039,2553,6.655945328473963e-05,3265,2553.2192106201296,0.17983087167202616,1205,anywhere,20,56,1,1223
1205,14033.883988383055,12844.89386327801,0.9152771872641056,2557,6.724326386349887e-05,3329,2556.857822944096,0.18220187669476456,1205,anywhere,20,57,1,1223
1205,14101.445287675782,12911.087497772465,0.9155861143578203,2557,6.697663199343444e-05,3265,2556.6509627379514,0.18132893103054742,1205,anywhere,20,58,1,1223
1205,14325.214406551184,13136.016107864321,0.9169856544595227,2559,6.599559808412485e-05,3265,2559.129467111856,0.17863606975611634,1205,anywhere,20,59,1,1223
1205,15022.45464439745,13829.21102358104,0.9205693311071886,2599,6.292983210828928e-05,3329,2599.266753870727,0.17300767827375563,1205,anywhere,20,60,1,1223
1205,14338.314474479577,13151.065602500184,0.9171974590114794,2568,6.582337813368824e-05,3329,2568.296166543895,0.17910054941051276,1205,anywhere,20,61,1,1223
1205,15981.666990084967,14769.01677297698,0.9241224199039866,2673,5.9169772853031615e-05,3457,2673.1950938379937,0.16725414199021482,1205,anywhere,20,62,1,1223
1205,14454.893469212368,13267.887034491696,0.9178820350873641,2566,6.536699864847134e-05,3329,2565.6920566706094,0.17751773857519954,1205,anywhere,20,63,1,1223
1205,14588.42626802694,13403.288236107746,0.9187617629108749,2565,6.480700556109873e-05,3329,2564.5043824119502,0.17582431119535089,1205,anywhere,20,64,1,1223
1205,14579.886977120677,13384.768049149106,0.9180296164265884,2586,6.479984722909791e-05,3329,2586.092916047733,0.1773676300823217,1205,anywhere,20,65,1,1223
1205,14282.65970592869,13095.06544585055,0.9168506227460441,2559,6.614635460813073e-05,3265,2559.179578805363,0.17916830987282897,1205,anywhere,20,66,1,1223
1205,14563.077489711504,13374.639145550247,0.9183937361453399,2570,6.490162742300489e-05,3329,2570.152436134782,0.17647368846424452,1205,anywhere,20,67,1,1223
1205,14139.71319963084,12952.013201427026,0.9160025396954429,2554,6.680034052219727e-05,3265,2553.701699349926,0.18062601157049493,1205,anywhere,20,68,1,1223
1205,14066.763325047865,12861.675171957917,0.9143308147550817,2586,6.706442102177493e-05,3329,2586.23536733693,0.18383759932857197,1205,anywhere,20,69,1,1223
1205,14310.340422491063,13118.908623679172,0.916743294454452,2571,6.597892754972278e-05,3329,2570.616121044021,0.17966029626795244,1205,anywhere,20,70,1,1223
1205,14650.033284218192,13458.027158250476,0.9186345789909016,2580,6.451948212287306e-05,3329,2579.829604342879,0.17610881490483135,1205,anywhere,20,71,1,1223
1205,14165.051726771431,12971.16590396768,0.9157160986184505,2559,6.672889320910098e-05,3265,2559.2910012313305,0.18065588812242622,1205,anywhere,20,72,1,1223
1205,14761.005151855847,13576.774760674198,0.9197730521059564,2569,6.406926305739332e-05,3329,2568.6372402282063,0.1740396384643907,1205,anywhere,20,73,1,1223
1205,14189.223363508037,12999.305331560054,0.9161393121058179,2560,6.657362589836093e-05,3265,2559.6566002112204,0.1804186130851833,1205,anywhere,20,74,1,1223
1205,15386.889411546246,14181.602537509063,0.9216679315877359,2625,6.151902191315855e-05,3393,2625.3027866743946,0.17059978334738748,1205,anywhere,20,75,1,1223
1205,14380.679879870608,13185.48060236638,0.9168885416066308,2572,6.572169111979153e-05,3329,2572.3908647035805,0.1788510711235679,1205,anywhere,20,76,1,1223
1205,14336.677458362366,13145.776132213836,0.9169332413589387,2566,6.59117845064269e-05,3329,2565.984742858556,0.17898149745311395,1205,anywhere,20,77,1,1223
1205,14926.80986740326,13721.172024245743,0.9192300395149834,2627,6.323274939154995e-05,3393,2626.6802692715223,0.17599205880800875,1205,anywhere,20,78,1,1223
1205,14389.190120630303,13200.717588831429,0.9174051825130228,2564,6.567191299255871e-05,3329,2564.2255176756976,0.17818931979527466,1205,anywhere,20,79,1,1223
1205,14399.932922059648,13212.726924665223,0.9175547550241909,2570,6.555638992815604e-05,3329,2570.0878702633495,0.17847305358366963,1205,anywhere,20,80,1,1223
1205,14079.804767188218,12889.714360378835,0.9154753615914628,2558,6.706009537271596e-05,3265,2557.9984181599566,0.18167865551383217,1205,anywhere,20,81,1,1223
1205,14174.686614551912,12976.724158410252,0.9154857889477559,2576,6.659186018036431e-05,3329,2576.4263089600086,0.18173241286022124,1205,anywhere,20,82,1,1223
1205,15215.802310521403,14016.578348242318,0.9211856241422217,2618,6.212597498457671e-05,3393,2617.5484937981446,0.17205796622303043,1205,anywhere,20,83,1,1223
1205,16596.33222010926,15386.330260406072,0.9270922066601519,2678,5.710786491979015e-05,3393,2677.9338518573463,0.16136095400374972,1205,anywhere,20,84,1,1223
1205,14564.147442603107,13373.771236533943,0.9182666743274605,2561,6.500885442130674e-05,3265,2560.833571970379,0.175842768009101,1205,anywhere,20,85,1,1223
1205,14102.353332008797,12908.29568436659,0.9153291922609827,2569,6.692252401594768e-05,3329,2568.789032243354,0.18216817714877528,1205,anywhere,20,86,1,1223
1205,14287.680359306938,13105.128090595314,0.9172327320479763,2555,6.60990757377768e-05,3265,2554.8444753588396,0.17882538912873167,1205,anywhere,20,87,1,1223
1205,19553.651002575545,18317.00581459713,0.9367563025536496,2823,4.860570583459743e-05,3585,2822.62140074142,0.14437201521230808,1205,anywhere,20,88,1,1223
1205,14270.040844118532,13077.985752811659,0.9164644933866336,2570,6.616146546283882e-05,3329,2569.9973184485716,0.18009759243676154,1205,anywhere,20,89,1,1223
1205,14148.218269323916,12954.430032367138,0.9156227155793077,2564,6.676685880648879e-05,3329,2563.580294556545,0.181224232704923,1205,anywhere,20,90,1,1223
1205,14214.631631824366,13028.668873581944,0.9165674644999429,2558,6.64313329677404e-05,3265,2557.555788668541,0.1799554196165754,1205,anywhere,20,91,1,1223
1205,14321.216923810185,13127.212398917867,0.9166268808548533,2567,6.601822979121313e-05,3329,2566.727009524611,0.17924454420714445,1205,anywhere,20,92,1,1223
1205,14304.801216224158,13112.540434298304,0.91665310381429,2578,6.595094376631136e-05,3329,2577.6483367559717,0.18021921178996148,1205,anywhere,20,93,1,1223
1205,14149.868102688833,12963.115839449134,0.9161298003184788,2560,6.66838812157442e-05,3329,2559.980686635978,0.18092041434036654,1205,anywhere,20,94,1,1223
1205,14735.562560572158,13541.923731730552,0.918996046202171,2594,6.408560257491897e-05,3329,2593.6547105834543,0.17603671317854858,1205,anywhere,20,95,1,1223
1205,15464.518004545109,14267.362764910198,0.9225869671927014,2619,6.118733064494996e-05,3329,2619.1785357573813,0.1693554237662151,1205,anywhere,20,96,1,1223
1205,17817.07710355746,16604.859906250007,0.9319631839576303,2724,5.325650574890775e-05,3457,2724.2506570735145,0.15288702990773442,1205,anywhere,20,97,1,1223
1205,14993.58071207584,13790.168807277958,0.9197381914362422,2617,6.303308146359912e-05,3393,2616.6810604374705,0.17454136208385942,1205,anywhere,20,98,1,1223
1205,14370.072123468288,13161.345114117958,0.9158858077423068,2600,6.571016437609904e-05,3329,2599.598465591947,0.180931590159095,1205,anywhere,20,99,1,1223
1205,14721.906501099013,13519.500217927467,0.9183253688588646,2603,6.418407762380358e-05,3329,2603.458442068268,0.17681133892581657,1205,anywhere,20,100,1,1223
1205,14265.745778830713,13077.124181095622,0.9166800238723646,2555,6.625673055672362e-05,3265,2555.064169777072,0.17910034565395289,1205,anywhere,20,101,1,1223
1205,14195.88239022054,12999.282616980483,0.9157079679622883,2570,6.653433838864352e-05,3329,2570.2411423146777,0.18103841165734494,1205,anywhere,20,102,1,1223
1205,14156.559133581333,12963.544064017124,0.9157270450886464,2568,6.668816844157291e-05,3329,2567.6149140796656,0.18140001223237542,1205,anywhere,20,103,1,1223
1205,14136.202898783344,12946.936420741657,0.9158708681138099,2562,6.675638123729459e-05,3329,2562.294860114817,0.18123678744173252,1205,anywhere,20,104,1,1223
1205,15703.944581147152,14507.728155781499,0.9238270092469805,2619,6.031878253131878e-05,3329,2618.7684556761947,0.16677338527698024,1205,anywhere,20,105,1,1223
1205,14015.239112696543,12824.541226866753,0.9150426277956881,2562,6.73024020886199e-05,3329,2562.3308227737584,0.18280101961864204,1205,anywhere,20,106,1,1223
1205,19362.68794373913,18128.364668903403,0.9362524832077955,2812,4.90841926105172e-05,3585,2811.9889648521535,0.14522777045060278,1205,anywhere,20,107,1,1223
1205,14195.459569707626,13003.567285765928,0.9160370766378615,2570,6.647598756252299e-05,3329,2569.626134540698,0.18104380399802247,1205,anywhere,20,108,1,1223
1205,14298.36020810981,13111.076328166422,0.9169636334053202,2550,6.615903982496636e-05,3265,2550.4148768549944,0.1783421289494217,1205,anywhere,20,109,1,1223
1205,14183.980829401757,12994.762497148009,0.9161576466749987,2555,6.662194522705849e-05,3265,2554.5560804404263,0.180132787172398,1205,anywhere,20,110,1,1223
1205,20139.111870015106,18891.70371528953,0.9380604188120714,2843,4.7273637317637716e-05,3585,2843.457977790216,0.14116809213582604,1205,anywhere,20,111,1,1223
1205,14510.571656948176,13324.55480527801,0.9182653254668807,2570,6.508713892757148e-05,3329,2570.3601106421643,0.17711225034813793,1205,anywhere,20,112,1,1223
1205,14288.158257507388,13087.849200890261,0.9159927378333417,2585,6.607338177564798e-05,3329,2584.804931074656,0.18091904872636544,1205,anywhere,20,113,1,1223
1205,14370.553366048318,13172.546249489087,0.916634586988861,2585,6.569515558353159e-05,3329,2585.318731752923,0.1798817299622774,1205,anywhere,20,114,1,1223
1205,14088.240713585426,12885.30610669216,0.9146142778684023,2578,6.701438556424441e-05,3329,2578.4763829000003,0.18298949119417088,1205,anywhere,20,115,1,1223
1205,14142.274581266074,12947.642694074542,0.9155275991618752,2569,6.674828111584115e-05,3329,2569.2421414593996,0.18165394719482336,1205,anywhere,20,116,1,1223
1205,14169.256025158338,12972.78932493929,0.9155589610283946,2570,6.664580480423905e-05,3329,2570.4988207084225,0.1813786126411165,1205,anywhere,20,117,1,1223
1205,14071.715889106492,12867.685419461219,0.9144361299550282,2587,6.702816192564258e-05,3329,2586.8184416301547,0.1838439619153131,1205,anywhere,20,118,1,1223
1205,14158.592710729568,12968.321698176529,0.9159329576836378,2565,6.665394966116141e-05,3329,2565.2348185103074,0.18116207255938716,1205,anywhere,20,119,1,1223
1205,14318.891617722027,13119.809618772375,0.9162587418801615,2583,6.594075798105674e-05,3329,2583.3320123035155,0.18039105741977296,1205,anywhere,20,120,1,1223
1205,14081.875135593593,12892.692474368323,0.9155522506928448,2555,6.706254990431043e-05,3265,2555.141480276633,0.18143890464856754,1205,anywhere,20,121,1,1223
1205,14150.137651359611,12954.139033057252,0.915477951680036,2573,6.670718533160614e-05,3329,2572.7250306980704,0.18183568693077512,1205,anywhere,20,122,1,1223
1205,14019.089624813694,12820.828679126957,0.9145264794109152,2576,6.726579165088356e-05,3329,2576.3966972198086,0.18374944942505378,1205,anywhere,20,123,1,1223
1205,14016.172955717699,12831.093774089271,0.9154491610960758,2547,6.735668043121324e-05,3265,2546.842697151079,0.18171864802517207,1205,anywhere,20,124,1,1223
1205,14289.884742633392,13098.130662238958,0.9166015610441647,2571,6.607522666891003e-05,3329,2570.5266182338214,0.17991747633411678,1205,anywhere,20,125,1,1223
1205,14139.46900018911,12927.664511393028,0.9142963226709663,2599,6.672723092555395e-05,3329,2599.4237314303655,0.18381171173862607,1205,anywhere,20,126,1,1223
1205,14159.465228816125,12960.557463750223,0.9153281747797941,2579,6.666689273973605e-05,3329,2578.655106988136,0.18213964710697134,1205,anywhere,20,127,1,1223
1205,14572.152001223207,13356.936094100289,0.9166069701289891,2613,6.486028498259817e-05,3393,2612.689248300239,0.17931462695287978,1205,anywhere,20,128,1,1223
1205,14115.61614056405,12925.549041021455,0.9156914520987363,2555,6.692537575154105e-05,3265,2555.1123613140785,0.1810052054800283,1205,anywhere,20,129,1,1223
1205,14248.098690636085,13055.334744306516,0.9162860973784903,2562,6.633524357376413e-05,3265,2562.360114651099,0.17981346533511577,1205,anywhere,20,130,1,1223
1205,14492.6548680247,13300.81148811433,0.91776224640939,2572,6.522165651467299e-05,3329,2572.0571594626276,0.17746920929405635,1205,anywhere,20,131,1,1223
1205,14098.308222927997,12902.550144863339,0.9151842860039048,2563,6.70097222945887e-05,3329,2563.4639354030223,0.18179486215458163,1205,anywhere,20,132,1,1223
1205,14261.419555348799,13066.082658784007,0.9161838769327506,2573,6.620590580555543e-05,3329,2572.9314716456533,0.180416822463861,1205,anywhere,20,133,1,1223
1205,14073.951560057723,12885.67595351934,0.9155691561486723,2550,6.711812796922513e-05,3265,2550.310779074323,0.18118578773831884,1205,anywhere,20,134,1,1223
1205,14403.112214873865,13221.73581581027,0.91797769944168,2553,6.561065358723559e-05,3265,2553.4070319778466,0.17725335760166872,1205,anywhere,20,135,1,1223
1205,14230.231979965603,13016.083777735226,0.9146782565498759,2609,6.628232510822475e-05,3393,2609.3733612316255,0.18334205680365206,1205,anywhere,20,136,1,1223
1205,14664.825228927586,13472.5424577861,0.9186977851744452,2587,6.440469019234746e-05,3329,2586.5244495819056,0.17640851217898781,1205,anywhere,20,137,1,1223
1205,14066.014608533464,12862.837041361816,0.9144620846304459,2587,6.704083173323632e-05,3329,2586.5901016954926,0.18391847811892206,1205,anywhere,20,138,1,1223
1205,14588.53309440815,13380.312372140943,0.9171801088945452,2607,6.474708981190335e-05,3329,2606.841666598777,0.17870199718704238,1205,anywhere,20,139,1,1223
1205,14208.332214893318,13013.301675956787,0.915892272163802,2567,6.64902444234245e-05,3329,2566.6570167538503,0.18066863592260635,1205,anywhere,20,140,1,1223
1205,15213.441206535761,14016.093888313419,0.9212967466093104,2610,6.217965041052043e-05,3329,2609.565911644464,0.1715588185846298,1205,anywhere,20,141,1,1223
1205,14312.311402471558,13124.938184291828,0.9170383326081988,2559,6.601732116849143e-05,3265,2559.4223618866745,0.17879711585635935,1205,anywhere,20,142,1,1223
1205,14020.545037852466,12828.050622057302,0.9149466434738676,2560,6.733020467415563e-05,3329,2559.974343878786,0.18258919272314655,1205,anywhere,20,143,1,1223
1205,14214.033202191948,13021.640580130168,0.9161115916151159,2566,6.644111384125905e-05,3329,2566.216295354306,0.18052582004693057,1205,anywhere,20,144,1,1223
1205,14135.43438842189,12936.164548973293,0.9151586144087018,2582,6.673163490842299e-05,3329,2581.619156750694,0.1826615248637053,1205,anywhere,20,145,1,1223
1205,14089.773736172723,12895.542817311441,0.9152412990284344,2567,6.699187631381532e-05,3329,2566.614075200014,0.18218887315484225,1205,anywhere,20,146,1,1223
1205,14174.458040418845,12981.745564768733,0.9158548092456825,2574,6.654536401636854e-05,3329,2573.9014903279067,0.18159424456724696,1205,anywhere,20,147,1,1223
1205,14401.675281723872,13205.831955188,0.9169649847574726,2575,6.561540701761478e-05,3329,2575.1741593813704,0.1787986431875566,1205,anywhere,20,148,1,1223
1205,14186.675637089083,12997.787792853846,0.9161968684807978,2564,6.652610071118771e-05,3329,2563.5622045572222,0.18073296842685116,1205,anywhere,20,149,1,1223
1205,19399.13932443064,18145.992784108654,0.9354019516348433,2848,4.896888154711998e-05,3649,2847.6684831031826,0.14681063692415067,1205,anywhere,20,150,1,1223
1205,14588.20160916495,13389.63839268476,0.9178402349658233,2586,6.47948099205928e-05,3329,2585.8755743751994,0.17726653834941253,1205,anywhere,20,151,1,1223
1205,14877.985525020453,13683.492992872976,0.9197140950205465,2596,6.352148352784068e-05,3329,2595.9071531284612,0.17448598774573892,1205,anywhere,20,152,1,1223
1205,14371.279591670202,13181.164056785376,0.9171879214169186,2566,6.576150064874269e-05,3329,2565.5793015189797,0.17855055867727257,1205,anywhere,20,153,1,1223
1205,14330.107015755442,13135.179722842797,0.9166142100963471,2576,6.589343347227674e-05,3329,2576.4297946430224,0.17976139307039227,1205,anywhere,20,154,1,1223
1205,14122.34700102351,12930.273578164602,0.9155895671751648,2557,6.691342617981056e-05,3265,2556.623438225406,0.18106055599785806,1205,anywhere,20,155,1,1223
1205,14177.917158137701,12983.36374802909,0.9157454937291002,2575,6.654032016713939e-05,3329,2574.8669424977397,0.1816204715600293,1205,anywhere,20,156,1,1223
1205,15068.892618004264,13884.926639468693,0.9214297952378417,2580,6.27843789306161e-05,3329,2579.9851751487936,0.17121364292671543,1205,anywhere,20,157,1,1223
1205,14127.712547411615,12935.686303518256,0.9156249647709774,2568,6.67871995759196e-05,3329,2567.742683366421,0.18177040277270448,1205,anywhere,20,158,1,1223
1205,14521.034654805155,13330.042366096917,0.9179815820965536,2574,6.507134861763786e-05,3329,2573.6028472394814,0.17726009621141134,1205,anywhere,20,159,1,1223
1205,14276.89729967826,13096.625268230044,0.9173299347418564,2542,6.620907135370847e-05,3265,2542.3608893959436,0.17804989043783945,1205,anywhere,20,160,1,1223
1205,14027.628630245908,12825.258775745036,0.9142855940805018,2581,6.72454323874971e-05,3329,2580.7623766522515,0.1839940354875758,1205,anywhere,20,161,1,1223
1205,14986.14119416152,13783.66747738594,0.9197609510549617,2619,6.301591448088225e-05,3393,2618.981459845372,0.1747614656813951,1205,anywhere,20,162,1,1223
1205,14537.450720155615,13356.43159504632,0.9187602319110972,2560,6.500465793712805e-05,3265,2559.8236696419394,0.17609689960638414,1205,anywhere,20,163,1,1223
1205,14068.91419923793,12873.129746602135,0.9150052068196871,2568,6.709156391927561e-05,3329,2567.938264959386,0.1825300775619984,1205,anywhere,20,164,1,1223
1205,14302.818136814132,13113.690692979106,0.9168606191828502,2570,6.598143199489337e-05,3329,2570.444704185601,0.17968486877317258,1205,anywhere,20,165,1,1223
1205,14867.998211940085,13671.274764842263,0.9195101162887708,2596,6.359984032491726e-05,3329,2596.072536875854,0.17460319560135695,1205,anywhere,20,166,1,1223
1205,14515.604480442826,13323.877058859687,0.9179002553294437,2578,6.507426791326054e-05,3329,2577.6437752178886,0.17760197334347272,1205,anywhere,20,167,1,1223
1205,14056.442040933287,12867.432483118568,0.9154117696105284,2558,6.71386313032901e-05,3329,2558.1630888222,0.181980617324849,1205,anywhere,20,168,1,1223
1205,14387.724122240434,13212.605269978267,0.9183248968163299,2541,6.568555835999505e-05,3265,2541.408402658,0.17660889091361862,1205,anywhere,20,169,1,1223
1205,14590.87857268566,13399.313776049657,0.9183349521620563,2576,6.479487696607176e-05,3329,2576.2542322579848,0.1765486558720535,1205,anywhere,20,170,1,1223
1205,14264.875071512504,13068.580876295307,0.9161370717079576,2569,6.625386905823564e-05,3329,2569.336427500815,0.1800927093382255,1205,anywhere,20,171,1,1223
1205,14091.220054224119,12896.469981706065,0.9152131562830924,2568,6.696867671207352e-05,3329,2568.428488226938,0.18224113952646648,1205,anywhere,20,172,1,1223
1205,14659.968647209173,13465.287452812614,0.9185072476519934,2585,6.447667205180656e-05,3329,2584.7895461199714,0.17633052717968178,1205,anywhere,20,173,1,1223
1205,14235.023452004516,13041.848636103534,0.9161803406981417,2572,6.63158319684071e-05,3329,2571.8853675429496,0.18068112136744122,1205,anywhere,20,174,1,1223
1205,14164.270364007136,12982.812966467121,0.9165888981798724,2552,6.66278688448192e-05,3265,2551.9322558369086,0.18017165264544044,1205,anywhere,20,175,1,1223
1205,14187.918138101038,12989.9870486138,0.9155668169334692,2580,6.650893450362453e-05,3329,2579.796602668193,0.18184486088001325,1205,anywhere,20,176,1,1223
1205,14236.296263524011,13049.239581559932,0.9166175906997992,2559,6.633414730963857e-05,3329,2558.5351495500076,0.17975180852035405,1205,anywhere,20,177,1,1223
1205,14335.606513960427,13139.324314519334,0.9165516856035272,2575,6.590436442969295e-05,3329,2574.8840706656742,0.17962267571256163,1205,anywhere,20,178,1,1223
1205,14720.116037506416,13523.19802458361,0.9186882759705769,2586,6.425134752712248e-05,3329,2586.356737403232,0.1756779629597314,1205,anywhere,20,179,1,1223
1205,14002.162361867082,12809.43390885044,0.9148182671938678,2566,6.735348738697566e-05,3329,2566.4887260776572,0.18325740936900858,1205,anywhere,20,180,1,1223
1205,15112.103658211674,13912.907068917139,0.9206466143684164,2613,6.255648197634892e-05,3329,2612.956503115917,0.17290776050097684,1205,anywhere,20,181,1,1223
1205,19476.920197554544,18228.226026992867,0.9358885204695525,2838,4.879750065956963e-05,3585,2838.158761177541,0.14571092201508992,1205,anywhere,20,182,1,1223
1205,19577.045743528623,18337.341666480213,0.9366756305681001,2818,4.859642280099869e-05,3585,2817.7393972269856,0.14394408824076618,1205,anywhere,20,183,1,1223
1205,15558.921356700193,14365.214218807718,0.9232782844950608,2617,6.081941039167347e-05,3329,2616.5778313078295,0.1681993205057902,1205,anywhere,20,184,1,1223
1205,14654.596550187034,13447.976718596452,0.917662705523259,2611,6.442743592804698e-05,3393,2610.907871900048,0.17816935396741962,1205,anywhere,20,185,1,1223
1205,14025.255124385623,12831.847173784734,0.9149100718655793,2566,6.726598858971912e-05,3329,2565.631177654903,0.18295567369313032,1205,anywhere,20,186,1,1223
1205,14484.245268270095,13300.169701247738,0.9182507928379084,2558,6.527717075844787e-05,3265,2557.75915671559,0.1766056810432285,1205,anywhere,20,187,1,1223
1205,14408.158386153635,13221.009659673751,0.9176057970308861,2565,6.556049962626936e-05,3329,2564.740920113053,0.17802413960586297,1205,anywhere,20,188,1,1223
1205,14201.704573022615,13005.961935779946,0.9158028790773407,2576,6.645558188159122e-05,3329,2576.039498672954,0.18138667698336286,1205,anywhere,20,189,1,1223
1205,14136.980800872418,12933.974874401581,0.9149036174402532,2586,6.673388169554489e-05,3329,2586.1706540351083,0.18292448977793146,1205,anywhere,20,190,1,1223
1205,16440.93959626538,15233.437222934965,0.9265551481251897,2670,5.762546066522811e-05,3393,2669.6939050880856,0.16239947749741143,1205,anywhere,20,191,1,1223
1205,14335.33071343704,13149.15495734217,0.9172550825783864,2560,6.589112787224434e-05,3329,2559.893316498862,0.17857976569737707,1205,anywhere,20,192,1,1223
1205,14277.670668026607,13086.731875883477,0.9165873187697124,2567,6.613334758413737e-05,3329,2567.2529889418615,0.17979123203538624,1205,anywhere,20,193,1,1223
1205,14096.597618710115,12915.576061548374,0.9162193893089353,2542,6.700316609144996e-05,3265,2542.377433480538,0.18032720155295184,1205,anywhere,20,194,1,1223
1205,14137.483420464967,12952.168864343634,0.9161580232585448,2557,6.675446955606213e-05,3329,2557.1565287844396,0.18086670194064164,1205,anywhere,20,195,1,1223
1205,14212.251875703136,13016.60680624673,0.9158722291222232,2571,6.644959546509423e-05,3329,2570.7456733172276,0.1809002558134583,1205,anywhere,20,196,1,1223
1205,14159.51007398246,12971.227317647048,0.9160788226339247,2555,6.672729792647363e-05,3265,2554.627959950015,0.18044409634586944,1205,anywhere,20,197,1,1223
1205,14139.955941618115,12945.521081800836,0.9155276816456196,2566,6.67752181877294e-05,3329,2566.3591494278708,0.18147156968484573,1205,anywhere,20,198,1,1223
1205,14391.764865896268,13202.043361588501,0.9173331752294666,2561,6.570323606742133e-05,3265,2560.760241117876,0.17794898845719226,1205,anywhere,20,199,1,1223
1195,13970.171799766234,12759.814418373175,0.9133613101727702,2595,6.747350387462843e-05,3329,2595.0462000692746,0.18575290534676336,1195,anywhere,30,0,1,1223
1195,14617.588048346004,13416.411058998521,0.917826594553443,2584,6.47489859596701e-05,3329,2583.533045523055,0.17677334943724743,1195,anywhere,30,1,1,1223
1195,14283.427216721364,13072.94700750368,0.915252817769072,2600,6.610074562916164e-05,3329,2600.3869069247207,0.18202914192444125,1195,anywhere,30,2,1,1223
1195,14798.90042018791,13582.99215954713,0.9178379321356808,2632,6.381204034831248e-05,3393,2631.649543386972,0.1778510514476845,1195,anywhere,30,3,1,1223
1195,14960.313798536205,13752.27672407421,0.9192505524462866,2609,6.327279609384589e-05,3329,2609.2236514992205,0.17439473764616342,1195,anywhere,30,4,1,1223
1195,14377.84910401634,13169.989806529502,0.9159916557234258,2605,6.562389239545733e-05,3393,2604.8889783339205,0.18118148139921106,1195,anywhere,30,5,1,1223
1195,15491.2548554903,14277.118137775367,0.9216243791067302,2643,6.110862055340162e-05,3393,2643.198947434529,0.1706123890320794,1195,anywhere,30,6,1,1223
1195,14835.161461946602,13609.767282057517,0.9173993364998203,2643,6.368898232186562e-05,3393,2643.2773665903946,0.17815781828728391,1195,anywhere,30,7,1,1223
1195,14407.223421338109,13195.822975920924,0.915917147253855,2609,6.55147159401509e-05,3393,2609.3068287346264,0.18108971615834651,1195,anywhere,30,8,1,1223
1195,14164.072409109533,12949.770678597395,0.9142688842983345,2595,6.671595204833802e-05,3329,2594.853359843756,0.18321002075159135,1195,anywhere,30,9,1,1223
1195,14978.44577520289,13753.79348763001,0.9182390278702803,2662,6.29946081857489e-05,3457,2662.061834908354,0.17772204405927036,1195,anywhere,30,10,1,1223
1195,15161.989773730642,13951.911697444719,0.9201900216037291,2622,6.242399721419662e-05,3393,2622.110591087736,0.17293244746430475,1195,anywhere,30,11,1,1223
1195,15751.272650240306,14529.968199465799,0.9224631254950771,2680,6.000454539958016e-05,3457,2679.732698942506,0.17014498190145375,1195,anywhere,30,12,1,1223
1195,14420.1672080754,13200.757243136095,0.9154371827078104,2623,6.545981274919013e-05,3393,2623.4675782429354,0.18189802948547648,1195,anywhere,30,13,1,1223
1195,14216.836262840447,13003.92907004976,0.9146851542518677,2601,6.640545043113289e-05,3329,2601.1503459742958,0.18295209650816743,1195,anywhere,30,14,1,1223
1195,14631.669634769594,13415.695963520748,0.916894400871429,2619,6.458427350879777e-05,3393,2618.7869401173684,0.17899529345416645,1195,anywhere,30,15,1,1223
1195,19495.260429068432,18232.379076967034,0.9352211089102264,2874,4.870225379406207e-05,3649,2873.735714928187,0.14742044664941836,1195,anywhere,30,16,1,1223
1195,14488.167016964871,13277.272135858118,0.9164218027243295,2603,6.523837876223982e-05,3329,2602.785433428347,0.17966385926887962,1195,anywhere,30,17,1,1223
1195,19671.112608573476,18411.772983286868,0.9359802543788125,2868,4.830134604321535e-05,3649,2867.998077247995,0.1457975487746437,1195,anywhere,30,18,1,1223
1195,16050.075081838437,14824.758845204778,0.9236566663778307,2690,5.8952834847356076e-05,3457,2689.551021190096,0.1676004620716003,1195,anywhere,30,19,1,1223
1195,14720.738668090748,13503.844359399958,0.9173346979300314,2624,6.420968296823375e-05,3393,2624.4912749232085,0.17825192465972414,1195,anywhere,30,20,1,1223
1195,13961.505869061046,12750.414237998615,0.913254942380805,2597,6.750897011434514e-05,3329,2596.8327216189637,0.18601145351770398,1195,anywhere,30,21,1,1223
1195,14206.713812978605,12973.399944184408,0.9131879557067238,2622,6.653863507648324e-05,3393,2622.218467969463,0.18456062637122037,1195,anywhere,30,22,1,1223
1195,14353.430958145931,13137.829441592005,0.9153093417108025,2611,6.57775175220646e-05,3393,2610.7768847160146,0.18190772698273872,1195,anywhere,30,23,1,1223
1195,14238.52990465784,13037.301445586932,0.9156353593303231,2577,6.635401861944685e-05,3329,2577.3576679337802,0.18098778576550856,1195,anywhere,30,24,1,1223
1195,14154.201634406809,12948.44116152029,0.9148125408955959,2595,6.661598430237633e-05,3329,2595.3900863712092,0.18333778668886078,1195,anywhere,30,25,1,1223
1195,15010.90098946248,13795.68128270799,0.9190441861146401,2637,6.294384214028937e-05,3393,2637.2574086413597,0.17567233318314143,1195,anywhere,30,26,1,1223
1195,19324.484628314065,18056.86905093208,0.9344036541329187,2866,4.916816446228315e-05,3649,2865.969243550858,0.14830925921826457,1195,anywhere,30,27,1,1223
1195,14029.849129510992,12798.29701849499,0.9122191479290036,2637,6.714988809552184e-05,3393,2636.8362626038993,0.1879564046382523,1195,anywhere,30,28,1,1223
1195,16187.67729126178,14967.553257153566,0.9246263678133215,2683,5.8496502708278254e-05,3457,2682.926683149493,0.16574335846491714,1195,anywhere,30,29,1,1223
1195,14216.266980559896,13014.414395118683,0.915459340550885,2583,6.641307319351419e-05,3329,2583.3612208913255,0.18169326754570211,1195,anywhere,30,30,1,1223
1195,14023.101735496273,12811.831148240475,0.9136232047586346,2589,6.731218235592307e-05,3329,2588.7633491451984,0.18462391907537395,1195,anywhere,30,31,1,1223
1195,15027.421955964488,13820.534493525041,0.9196876572724156,2626,6.286982527787738e-05,3393,2626.466488387147,0.17474720598749957,1195,anywhere,30,32,1,1223
1195,14228.642367029332,13007.595871073694,0.9141839070475866,2622,6.626943900367189e-05,3393,2622.1047785692735,0.18427618969998916,1195,anywhere,30,33,1,1223
1195,19627.955665028818,18351.551979980388,0.9349701157455433,2896,4.8399414687621205e-05,3713,2895.9833226614774,0.14754465770267716,1195,anywhere,30,34,1,1223
1195,15691.84393978515,14479.83937038584,0.9227621320954901,2651,6.031507952076828e-05,3393,2650.635151338506,0.16894126720688613,1195,anywhere,30,35,1,1223
1195,14213.68151199142,12999.04046997584,0.9145442339487595,2606,6.638729348374086e-05,3393,2606.279225949464,0.1833444767846697,1195,anywhere,30,36,1,1223
1195,15160.177335430166,13953.809188984505,0.9204251955795852,2622,6.23850379058239e-05,3393,2622.301779766272,0.17295312198441387,1195,anywhere,30,37,1,1223
1195,14652.176452323944,13429.678791543283,0.9165654560086353,2634,6.445509572879161e-05,3393,2634.498731064237,0.17976851483946116,1195,anywhere,30,38,1,1223
1195,14577.124334575747,13363.69069149436,0.9167576803743642,2615,6.48043102328921e-05,3393,2615.4529312697528,0.1793906630677104,1195,anywhere,30,39,1,1223
1195,15049.314362485125,13841.99879233841,0.9197760415480252,2620,6.28337403197319e-05,3393,2620.17809714598,0.17409431000598447,1195,anywhere,30,40,1,1223
1195,14937.74412570191,13725.488996399372,0.9188461712088956,2630,6.324523795199724e-05,3393,2630.1799532200266,0.1760640681664119,1195,anywhere,30,41,1,1223
1195,14077.598285061324,12853.0357671284,0.9130133924028513,2617,6.702557839720722e-05,3393,2617.0684491780353,0.18589818710604017,1195,anywhere,30,42,1,1223
1195,14946.456108713339,13718.671296783943,0.917854453055689,2667,6.310500656655466e-05,3457,2667.1870771776553,0.17843694723361336,1195,anywhere,30,43,1,1223
1195,14210.020035488042,13000.760751371197,0.9149009444675767,2597,6.641756724657919e-05,3329,2597.3398093766564,0.1827583630082339,1195,anywhere,30,44,1,1223
1195,14325.83197171268,13114.257272454466,0.9154272714038145,2611,6.584890751777295e-05,3393,2611.167593516988,0.18225817566167155,1195,anywhere,30,45,1,1223
1195,14007.532269153533,12788.543205344851,0.9129761730770337,2610,6.729893660017978e-05,3393,2610.125907580579,0.18632832320847623,1195,anywhere,30,46,1,1223
1195,14688.328939100378,13468.377693865217,0.9169441772244324,2633,6.429130795499724e-05,3393,2633.218288708692,0.17925796807225264,1195,anywhere,30,47,1,1223
1195,14218.876870895932,13009.39209238382,0.9149380932478739,2605,6.630796100623367e-05,3393,2604.871923430043,0.18320715649012148,1195,anywhere,30,48,1,1223
1195,14231.57306836981,13023.965752678465,0.9151459006049517,2587,6.638813906309099e-05,3329,2587.3476002920715,0.1817789212458672,1195,anywhere,30,49,1,1223
1195,14900.080129408087,13697.06475091456,0.919261147051206,2604,6.347513906580343e-05,3329,2603.602222851259,0.17476416082223079,1195,anywhere,30,50,1,1223
1195,14866.617124162758,13658.252989148797,0.9187196303690365,2621,6.353393196658847e-05,3393,2621.2795005098233,0.17630103594583604,1195,anywhere,30,51,1,1223
1195,14138.091716607816,12934.8126913919,0.9148909874589057,2586,6.674070236219117e-05,3329,2586.3584270538167,0.182910116289758,1195,anywhere,30,52,1,1223
1195,18651.334476345583,17401.8797101347,0.9330098997583528,2810,5.0927787578442454e-05,3585,2809.650909082997,0.15065946104627323,1195,anywhere,30,53,1,1223
1195,14092.254224261485,12889.618522116016,0.9146598065144901,2581,6.69660546451903e-05,3329,2580.5830328478737,0.1831502582146512,1195,anywhere,30,54,1,1223
1195,14005.410898977705,12805.946509108402,0.9143570725256726,2571,6.739507274521194e-05,3329,2570.5029178989053,0.18357190792507663,1195,anywhere,30,55,1,1223
1195,14225.499948330373,13013.59940940715,0.9148078771695147,2603,6.634513100378566e-05,3329,2602.767208095428,0.18298126670096473,1195,anywhere,30,56,1,1223
1195,14440.893616074627,13241.719320964141,0.9169598276262041,2583,6.54328321224485e-05,3329,2583.1137968423277,0.1788670471974656,1195,anywhere,30,57,1,1223
1195,14835.57285268023,13616.987651969033,0.9178605900283086,2637,6.366003669694284e-05,3393,2637.0361455804414,0.17774844464624723,1195,anywhere,30,58,1,1223
1195,14336.767760379931,13124.173887828203,0.9154206936445769,2605,6.585503966884641e-05,3329,2604.825617066702,0.18170064853801932,1195,anywhere,30,59,1,1223
1195,14454.206197039091,13251.17637359335,0.9167695681764814,2588,6.539260194993784e-05,3329,2588.3248665792025,0.17904822753463592,1195,anywhere,30,60,1,1223
1195,16053.826368285136,14833.855995267673,0.9240075016989374,2684,5.8928453407410476e-05,3457,2684.3575209748624,0.1671875563138225,1195,anywhere,30,61,1,1223
1195,14377.067427978174,13147.099605312835,0.9144493250221677,2637,6.563945783921355e-05,3393,2636.994415806365,0.18341709901619607,1195,anywhere,30,62,1,1223
1195,15007.688415377326,13794.385609321609,0.9191545844720143,2626,6.30189854356581e-05,3393,2626.2484839857925,0.1749769802862726,1195,anywhere,30,63,1,1223
1195,14174.99503544167,12961.596977938518,0.9143986961216354,2596,6.663089139363519e-05,3329,2595.9746068163627,0.1831393939475276,1195,anywhere,30,64,1,1223
1195,14374.71832052378,13152.760972589862,0.9149926057201938,2620,6.569293094625174e-05,3393,2619.7362528683625,0.18226444105407233,1195,anywhere,30,65,1,1223
1195,14469.290570462874,13259.23437257248,0.9163707306866473,2608,6.524761171263915e-05,3393,2608.4272170164422,0.18024380582444616,1195,anywhere,30,66,1,1223
1195,14209.984741641128,13001.54802240804,0.9149586195056305,2598,6.641327913031863e-05,3329,2597.847109168798,0.18282918998405298,1195,anywhere,30,67,1,1223
1195,17332.045866469547,16095.12800532274,0.9286340533208639,2744,5.474090992475176e-05,3521,2744.2012760252023,0.15831945179123505,1195,anywhere,30,68,1,1223
1195,14669.986148490574,13454.932771733163,0.9171741974083302,2617,6.444141725821741e-05,3393,2616.8301846349063,0.17839144314865416,1195,anywhere,30,69,1,1223
1195,14228.997334088237,13012.860403372155,0.9145310873168415,2610,6.630726775672685e-05,3393,2610.1689158358877,0.18342824436035662,1195,anywhere,30,70,1,1223
1195,14392.356262133579,13173.791376503703,0.9153324957056593,2623,6.554834282322534e-05,3393,2623.2660480904115,0.18224951857960445,1195,anywhere,30,71,1,1223
1195,14962.479518385953,13753.636897756942,0.9192084026485329,2625,6.314221025714646e-05,3393,2624.989981081266,0.17543883664297683,1195,anywhere,30,72,1,1223
1195,14325.406362039408,13099.40442372953,0.9144176501995339,2621,6.596011291754361e-05,3393,2621.0062662392643,0.18296165105272913,1195,anywhere,30,73,1,1223
1195,14382.674467105142,13176.044386916137,0.9161053055223694,2604,6.559292010909485e-05,3393,2604.1452881901505,0.18105116721897951,1195,anywhere,30,74,1,1223
1195,14544.408311662983,13336.988853500043,0.9169839410246255,2604,6.495148140546601e-05,3329,2603.9073615345956,0.17903787793910353,1195,anywhere,30,75,1,1223
1195,14371.354694211976,13158.274699385105,0.9155904213180797,2605,6.572773423980596e-05,3329,2604.907489413342,0.18126335724280446,1195,anywhere,30,76,1,1223
1195,16100.71428481114,14867.120231483226,0.9233826505143536,2712,5.873246869393335e-05,3457,2712.4176843555456,0.1684397320532796,1195,anywhere,30,77,1,1223
1195,14182.321365040845,12967.28001054243,0.9143270468053651,2611,6.6489266311326e-05,3393,2610.734208565693,0.18410244224447386,1195,anywhere,30,78,1,1223
1195,14974.190016444265,13768.592227856989,0.9194882803501678,2615,6.313159255535942e-05,3393,2614.9372125233263,0.17463381973437464,1195,anywhere,30,79,1,1223
1195,15062.027653608278,13825.605592714901,0.9179113138464343,2671,6.274255453841019e-05,3457,2671.240485356501,0.17733336184389037,1195,anywhere,30,80,1,1223
1195,14476.673773644758,13265.21102407685,0.916316222323569,2600,6.530521109280273e-05,3329,2599.8390301193995,0.17959926711434102,1195,anywhere,30,81,1,1223
1195,14447.473768594919,13247.981641405913,0.9169756494179355,2578,6.545426383110174e-05,3329,2578.3041895566894,0.17843950030931408,1195,anywhere,30,82,1,1223
1195,14204.822414230783,12999.992186362288,0.9151816057438731,2590,6.645080464927877e-05,3329,2590.2244044348167,0.18233244488894607,1195,anywhere,30,83,1,1223
1195,14556.850694626224,13328.796734403215,0.9156373870979968,2641,6.485645511505255e-05,3393,2640.5353074905915,0.18142660493007226,1195,anywhere,30,84,1,1223
1195,15339.955974468305,14124.752130194409,0.920781790619447,2643,6.166548613840815e-05,3393,2642.865573186567,0.17229514898210838,1195,anywhere,30,85,1,1223
1195,16053.28313475814,14826.97524885785,0.9236101502972236,2698,5.891266413873948e-05,3457,2697.9395282986907,0.1680653095913049,1195,anywhere,30,86,1,1223
1195,14468.257400065884,13247.412421049607,0.9156190724799576,2620,6.53027665430448e-05,3393,2619.566651574543,0.18108607882439728,1195,anywhere,30,87,1,1223
1195,14656.573015687109,13452.15146109291,0.9178237946002048,2611,6.441512865937253e-05,3393,2610.5823610814796,0.17814532750632872,1195,anywhere,30,88,1,1223
1195,14290.309749751903,13070.56756711696,0.9146455042616469,2618,6.60319407520874e-05,3393,2618.1292821288175,0.1832010674258094,1195,anywhere,30,89,1,1223
1195,14180.300582242406,12969.728083565016,0.9146299832181727,2601,6.651938503022246e-05,3329,2601.2101250098035,0.1834234743413803,1195,anywhere,30,90,1,1223
1195,15316.67954098755,14115.170638916788,0.9215555239074165,2628,6.171293993479605e-05,3393,2628.4217128745886,0.17157765774020747,1195,anywhere,30,91,1,1223
1195,20146.43094444355,18895.222599363464,0.9378942926153789,2854,4.724350885124628e-05,3649,2853.8758209646035,0.14166280905388567,1195,anywhere,30,92,1,1223
1195,14911.630573169694,13700.745213238144,0.9187959120909097,2631,6.332721650300408e-05,3393,2630.514604064337,0.17643945691183663,1195,anywhere,30,93,1,1223
1195,14222.432908509047,13017.060312845131,0.915248494865969,2585,6.640614383115513e-05,3329,2585.1137817795443,0.1817551200015461,1195,anywhere,30,94,1,1223
1195,14007.714758821787,12789.578939531062,0.9130382192767335,2610,6.729736955656602e-05,3393,2609.899789979267,0.18632589576085368,1195,anywhere,30,95,1,1223
1195,14343.619124982964,13129.27602978381,0.9153391424703913,2608,6.582822617530782e-05,3393,2608.156905031168,0.18182300974915894,1195,anywhere,30,96,1,1223
1195,14438.43528148131,13228.228296112406,0.916181569416936,2612,6.533505360830604e-05,3393,2612.3006605411215,0.18090602957164914,1195,anywhere,30,97,1,1223
1195,14444.58698690015,13242.476830540347,0.9167778104386092,2582,6.549022671803959e-05,3329,2581.867149313039,0.17875208217040925,1195,anywhere,30,98,1,1223
1195,14756.097481761297,13555.590229705638,0.9186433097545269,2589,6.414807202384981e-05,3329,2588.826954902605,0.17545289350385718,1195,anywhere,30,99,1,1223
1195,15852.901088772338,14619.526059893193,0.9221987810324086,2696,5.9676497555958236e-05,3457,2696.103989718205,0.17006350982088797,1195,anywhere,30,100,1,1223
1195,14123.252821558865,12913.061173555112,0.9143121161042718,2599,6.67875186133375e-05,3329,2598.6444731600773,0.18402276252059144,1195,anywhere,30,101,1,1223
1195,14016.05790748983,12802.949931240326,0.9134487040324477,2593,6.733474922013944e-05,3329,2592.9048761965846,0.1850020895400529,1195,anywhere,30,102,1,1223
1195,14054.723905930014,12842.018107822096,0.9137154307530545,2606,6.704656240915388e-05,3393,2605.8199205207466,0.18541808558049783,1195,anywhere,30,103,1,1223
1195,14323.241122118814,13129.76132414496,0.916675298014022,2576,6.5909452171185e-05,3329,2575.654830740252,0.17984756229663587,1195,anywhere,30,104,1,1223
1195,14219.00771261971,13004.126555396575,0.9145593573210528,2612,6.631530239541229e-05,3393,2612.1045811728045,0.18369776940776164,1195,anywhere,30,105,1,1223
1195,18840.00336354909,17586.3776252646,0.9334593675970377,2827,5.041367157805019e-05,3585,2827.3854065748183,0.15005305176694236,1195,anywhere,30,106,1,1223
1195,15003.208311390179,13800.313402359861,0.9198241546698315,2603,6.308874691618033e-05,3329,2602.50692525967,0.17349622467241535,1195,anywhere,30,107,1,1223
1195,14482.00570573271,13269.22923877633,0.916256318938177,2615,6.517849778905964e-05,3393,2614.8226669159394,0.18056891104281575,1195,anywhere,30,108,1,1223
1195,14313.213466384152,13097.556494987495,0.9150675021893767,2616,6.589900398208388e-05,3393,2616.3813523572962,0.1827681817324885,1195,anywhere,30,109,1,1223
1195,14778.119279184759,13554.737697777988,0.9172166932547414,2656,6.380139072476618e-05,3457,2655.9062946121517,0.17972517001815128,1195,anywhere,30,110,1,1223
1195,14131.987540514418,12920.929366720677,0.9143037615677336,2586,6.686513353449392e-05,3329,2586.186530837711,0.18298912255521754,1195,anywhere,30,111,1,1223
1195,14953.797304331003,13724.420397679532,0.9177883127855818,2660,6.313625975120113e-05,3457,2660.371040850446,0.17788123951831258,1195,anywhere,30,112,1,1223
1195,13927.432997776494,12722.238784770087,0.9134661632765481,2580,6.773526272383471e-05,3329,2579.6526874056376,0.185245910026054,1195,anywhere,30,113,1,1223
1195,14195.505869572684,12977.621547378592,0.9142063457699974,2617,6.641782410650088e-05,3393,2617.114902100206,0.184354120525525,1195,anywhere,30,114,1,1223
1195,14248.725825003075,13019.576985531725,0.9137362277464494,2628,6.62539840383017e-05,3393,2628.201226303785,0.18443754426016776,1195,anywhere,30,115,1,1223
1195,14295.677710135453,13082.183193922483,0.915114586323346,2608,6.601169719909565e-05,3393,2608.117915390071,0.1824327641459741,1195,anywhere,30,116,1,1223
1195,14664.992085446636,13455.728268775789,0.9175407794545688,2608,6.444066162338245e-05,3329,2608.451320808113,0.17783848670386587,1195,anywhere,30,117,1,1223
1195,14549.288644577166,13337.647603617388,0.9167216301388466,2623,6.481869623134082e-05,3393,2623.233267622176,0.18028372823420813,1195,anywhere,30,118,1,1223
1195,14233.217896855804,13002.460335379514,0.9135292124103453,2630,6.631288842346e-05,3393,2630.4757300682963,0.1847790161760245,1195,anywhere,30,119,1,1223
1195,13970.065702541044,12769.912631798621,0.914091093320762,2578,6.749454989072372e-05,3329,2577.8365027718605,0.18453742844824864,1195,anywhere,30,120,1,1223
1195,15052.987064019293,13832.880308843954,0.9189458710097663,2646,6.278209897472446e-05,3393,2646.1379668788077,0.17577906555999473,1195,anywhere,30,121,1,1223
1195,14944.796160351616,13734.430455178432,0.919010892340956,2625,6.323277829872277e-05,3393,2624.577269778307,0.17564642380095466,1195,anywhere,30,122,1,1223
1195,14245.285579180949,13028.629442529083,0.9145923660224846,2610,6.625855433773942e-05,3393,2610.383483815325,0.18321851011638796,1195,anywhere,30,123,1,1223
1195,15036.716160917855,13814.869832852939,0.9187424757514121,2655,6.278832194405007e-05,3393,2655.2828760597527,0.1765678071985324,1195,anywhere,30,124,1,1223
1195,14367.34883513879,13157.552671499783,0.9157954485882489,2615,6.560697325421758e-05,3393,2615.4743777313797,0.1820099191581116,1195,anywhere,30,125,1,1223
1195,14942.79877774103,13710.146767533155,0.9175086254896205,2661,6.322354320538275e-05,3457,2661.406240962086,0.17807908943830905,1195,anywhere,30,126,1,1223
1195,15467.987075469788,14241.945331091005,0.9207368264275883,2680,6.105880742732106e-05,3457,2679.8739563519184,0.17326107055326745,1195,anywhere,30,127,1,1223
1195,14187.930669192578,12967.879314778747,0.9140078012177613,2615,6.649554723127751e-05,3393,2615.1143554824835,0.18431158573943168,1195,anywhere,30,128,1,1223
1195,14285.344951535975,13058.813655064261,0.9141405894899418,2630,6.605356023163642e-05,3393,2630.0351719917257,0.18410475973261112,1195,anywhere,30,129,1,1223
1195,15438.803975172152,14231.088264906592,0.9217740109785872,2631,6.131721359667531e-05,3393,2630.8885243659142,0.17041475519936852,1195,anywhere,30,130,1,1223
1195,14194.109524744967,12977.78135932891,0.9143075398075801,2613,6.64392425283734e-05,3393,2612.9641905413214,0.1840904493124199,1195,anywhere,30,131,1,1223
1195,14611.180369677624,13392.175429479992,0.916570399560092,2633,6.458181292179512e-05,3393,2633.052099480978,0.18020446900130174,1195,anywhere,30,132,1,1223
1195,13993.422054735156,12781.334504090391,0.9133816198851364,2592,6.742884633826888e-05,3329,2591.6034592431733,0.18522988800462198,1195,anywhere,30,133,1,1223
1195,14879.540674196078,13672.083437181385,0.9188511753518944,2617,6.350763161720256e-05,3393,2617.4099704513474,0.17587908506734823,1195,anywhere,30,134,1,1223
1195,14134.554795280708,12929.408497236858,0.9147375834967064,2585,6.679206417933194e-05,3329,2585.3781152097004,0.18288513769553522,1195,anywhere,30,135,1,1223
1195,15736.714532470634,14518.622186679158,0.9225955110720155,2674,6.0053440252338955e-05,3457,2673.7439989002055,0.1699211099294299,1195,anywhere,30,136,1,1223
1195,14233.730441587919,13025.032722065047,0.9150821547110858,2590,6.63715267351396e-05,3329,2590.160162621935,0.18196213639346248,1195,anywhere,30,137,1,1223
1195,14507.179363459652,13295.07625122775,0.9164480508674954,2611,6.508871032287455e-05,3393,2610.8802627439172,0.1799798523603097,1195,anywhere,30,138,1,1223
1195,17866.520787444682,16642.07994226052,0.9314673035813099,2739,5.315143036330473e-05,3457,2738.99478214285,0.1533034905108539,1195,anywhere,30,139,1,1223
1195,14534.822265418956,13323.572833457034,0.9166656867319452,2606,6.500747392390227e-05,3329,2606.348060459094,0.1792935580781169,1195,anywhere,30,140,1,1223
1195,14985.021736953988,13771.687099224317,0.9190301716588429,2626,6.310483353452103e-05,3393,2625.683408582088,0.17524165437305453,1195,anywhere,30,141,1,1223
1195,15156.409282825845,13940.363801636695,0.9197669145443911,2643,6.237658029741768e-05,3393,2642.6901014240734,0.1743816725109725,1195,anywhere,30,142,1,1223
1195,14163.207710789116,12965.93960343173,0.9154663172492102,2575,6.665942850673129e-05,3329,2574.846567126355,0.1818090966807216,1195,anywhere,30,143,1,1223
1195,14702.715811453858,13494.320144135665,0.9178113973762033,2619,6.419600574355386e-05,3393,2618.6491101844967,0.17813035588702056,1195,anywhere,30,144,1,1223
1195,14191.818274429852,12981.32557505708,0.9147048901018004,2599,6.648812568531868e-05,3329,2599.38307046384,0.1831336865891776,1195,anywhere,30,145,1,1223
1195,14193.705594425626,12975.514210794454,0.9141738303977787,2611,6.648188068764319e-05,3393,2611.212705615764,0.18395478070402085,1195,anywhere,30,146,1,1223
1195,14094.841957678791,12870.05321092207,0.9131037616147613,2623,6.688293198411669e-05,3393,2623.357123955143,0.18609644633659791,1195,anywhere,30,147,1,1223
1195,14225.42755610365,13017.064562611555,0.9150561212500339,2597,6.634083458222594e-05,3329,2596.7031531935727,0.18256041793877156,1195,anywhere,30,148,1,1223
1195,14539.419793757372,13329.657902615565,0.916794348859696,2599,6.504013464338313e-05,3329,2598.6534154024653,0.17875541368685866,1195,anywhere,30,149,1,1223
1195,14688.376717851397,13484.86073477386,0.9180633771725875,2603,6.431906178238874e-05,3329,2603.194565473677,0.1772149537012123,1195,anywhere,30,150,1,1223
1195,15327.001860228484,14105.11919669803,0.9202790816708207,2663,6.165258821596045e-05,3457,2662.5232183242692,0.1737456564750689,1195,anywhere,30,151,1,1223
1195,14286.394484574477,13067.818311408577,0.9147037291682208,2613,6.609083864413082e-05,3393,2613.1318179500026,0.1829012913525066,1195,anywhere,30,152,1,1223
1195,14481.3423480915,13267.984139773065,0.9162123110446081,2607,6.524908253213268e-05,3329,2607.3226600145676,0.18002474752235775,1195,anywhere,30,153,1,1223
1195,14119.993977522407,12906.226927540842,0.9140391241020528,2602,6.681546529902825e-05,3329,2602.008720994849,0.18427769899492302,1195,anywhere,30,154,1,1223
1195,14073.066349048546,12862.665902508596,0.9139917046847589,2589,6.709398590373962e-05,3329,2589.0698656830423,0.183968435576589,1195,anywhere,30,155,1,1223
1195,14011.649552190012,12804.567600202876,0.9138515456377175,2592,6.728387988628442e-05,3329,2591.907528817403,0.18498892584669818,1195,anywhere,30,156,1,1223
1195,13982.609317053262,12774.096839609387,0.913570317954177,2585,6.74942839883843e-05,3329,2584.662744614763,0.1848725042218923,1195,anywhere,30,157,1,1223
1195,14697.78593285373,13480.149001878544,0.9171550778778577,2630,6.424811676252932e-05,3393,2629.9765188489487,0.17893851577476047,1195,anywhere,30,158,1,1223
1195,14339.82988533865,13130.69525634995,0.9156799879317297,2599,6.584671256117622e-05,3329,2599.0639642975984,0.18124343320538785,1195,anywhere,30,159,1,1223
1195,16826.15447224257,15602.485575176237,0.9272757837160611,2707,5.6349449883240265e-05,3457,2706.987613451352,0.16088049140792263,1195,anywhere,30,160,1,1223
1195,15986.41996735134,14761.93456626397,0.9234046519741065,2686,5.9200459111299165e-05,3457,2686.4544415862156,0.1680176052853328,1195,anywhere,30,161,1,1223
1195,15793.702810522933,14569.406319414404,0.9224819850166605,2697,5.9778502726488716e-05,3457,2696.8952500864793,0.1707642617032821,1195,anywhere,30,162,1,1223
1195,14181.077067894901,12975.959510042729,0.9150193210231904,2590,6.654812814045445e-05,3329,2589.830849825883,0.1826377494177507,1195,anywhere,30,163,1,1223
1195,19573.26802293854,18315.07981518686,0.9357190528287269,2848,4.860003653673969e-05,3585,2848.4417305125244,0.14550457269896563,1195,anywhere,30,164,1,1223
1195,14892.257229224164,13672.018028207667,0.9180621726958937,2641,6.343772836798104e-05,3393,2640.5533364780895,0.17734047695720517,1195,anywhere,30,165,1,1223
1195,14571.365930558832,13358.79631181787,0.9167840801940208,2616,6.480946154668792e-05,3393,2616.2796012832614,0.17953018354399894,1195,anywhere,30,166,1,1223
1195,14550.22552368381,13342.034565991684,0.9169641078259907,2607,6.489993261715352e-05,3329,2606.6616241764705,0.17917248057471777,1195,anywhere,30,167,1,1223
1195,14696.006037596582,13480.740052961255,0.9173063768804715,2621,6.429365975638656e-05,3393,2620.814407444567,0.17834777648394626,1195,anywhere,30,168,1,1223
1195,14105.784252120737,12897.727324301724,0.9143573369458429,2596,6.68496036381951e-05,3329,2596.3177320508335,0.18403797715888812,1195,anywhere,30,169,1,1223
1195,15244.069325537648,14026.013796869616,0.9200964320840839,2643,6.204894083935145e-05,3393,2642.660779519165,0.17337890189021318,1195,anywhere,30,170,1,1223
1195,14506.953201397679,13296.348466688127,0.916550035151908,2608,6.510193846801901e-05,3393,2607.8718695312227,0.17977586084366295,1195,anywhere,30,171,1,1223
1195,14090.881492227509,12889.204814408373,0.9147195526069837,2590,6.688309399282726e-05,3329,2589.984095795246,0.18380681161988602,1195,anywhere,30,172,1,1223
1195,14520.414605097118,13314.846360798732,0.9169742547244352,2604,6.501539321604351e-05,3329,2603.654053503911,0.17933372226753877,1195,anywhere,30,173,1,1223
1195,19533.63207383439,18264.30906633475,0.9350185872907928,2878,4.864424516467047e-05,3649,2877.877759103006,0.14733563062525,1195,anywhere,30,174,1,1223
1195,14257.97011507348,13034.854943133889,0.9142153362597866,2625,6.615014318719553e-05,3393,2625.264421808144,0.1841075537972168,1195,anywhere,30,175,1,1223
1195,14551.394526235243,13338.614265909036,0.9166553928463942,2610,6.494040453236308e-05,3329,2609.777215410302,0.17936425236044115,1195,anywhere,30,176,1,1223
1195,14321.21881897143,13119.71750601807,0.9161034177229579,2580,6.600088706379815e-05,3329,2580.275848061544,0.18015226445547036,1195,anywhere,30,177,1,1223
1195,19438.734045396926,18163.00248835846,0.934371674921878,2885,4.8873257042319644e-05,3649,2885.1868908232836,0.1484150147464549,1195,anywhere,30,178,1,1223
1195,14541.846464382887,13325.526917702307,0.9163572831235915,2617,6.495884152554068e-05,3393,2617.082045742894,0.17996339092217598,1195,anywhere,30,179,1,1223
1195,14528.512333309454,13326.879880571383,0.9172914318293213,2594,6.502556736752119e-05,3329,2593.6456261297044,0.17854546566703516,1195,anywhere,30,180,1,1223
1195,19928.464860192624,18656.521530835595,0.9361745453912131,2890,4.771143294216025e-05,3649,2889.5175605739582,0.14501869663693032,1195,anywhere,30,181,1,1223
1195,14222.420933611009,13007.873516286949,0.9146033278726977,2611,6.632001632472808e-05,3393,2611.146692906056,0.18358337249248316,1195,anywhere,30,182,1,1223
1195,14422.268621311287,13216.852054948085,0.9164197673740455,2608,6.539085324148666e-05,3393,2607.5013773547175,0.1808314675366848,1195,anywhere,30,183,1,1223
1195,14242.544452258946,13024.67802188576,0.9144909510758082,2614,6.624654551261535e-05,3393,2613.965559840597,0.1835346211319288,1195,anywhere,30,184,1,1223
1195,14274.998621375496,13056.747728386623,0.9146584230723038,2616,6.60935174414716e-05,3393,2616.4535353777355,0.18325746078061128,1195,anywhere,30,185,1,1223
1195,14570.548052335424,13351.529364772947,0.9163367991935563,2625,6.481018468160879e-05,3393,2625.2104518536516,0.18015794536837995,1195,anywhere,30,186,1,1223
1195,19694.571696121926,18437.052587106064,0.9361489486332175,2852,4.82992085214728e-05,3649,2852.364168208452,0.14481147617754944,1195,anywhere,30,187,1,1223
1195,14065.678181505735,12858.778740811622,0.9141954319500211,2588,6.708931518165459e-05,3329,2587.645101551354,0.1839939721785213,1195,anywhere,30,188,1,1223
1195,14090.024222306076,12873.094461327664,0.9136318190956779,2608,6.692913342002603e-05,3393,2608.4514400099124,0.18509549443295106,1195,anywhere,30,189,1,1223
1195,14084.714516601078,12844.364757491645,0.9119364643388772,2649,6.692445491538048e-05,3393,2648.8065082703883,0.1880762295094964,1195,anywhere,30,190,1,1223
1195,14706.289919868648,13492.02399355958,0.9174322053403451,2621,6.425101325521476e-05,3393,2621.076668972882,0.17822306062788473,1195,anywhere,30,191,1,1223
1195,14218.617434405445,13011.150955135716,0.915078488830569,2594,6.639055752452902e-05,3329,2593.583853210013,0.18243686574780318,1195,anywhere,30,192,1,1223
1195,14324.230400532162,13116.160324452376,0.9156624794282208,2597,6.59291373323353e-05,3329,2596.7295579157058,0.18130118878173856,1195,anywhere,30,193,1,1223
1195,15422.835441034002,14207.10096616591,0.9211730891173546,2646,6.135434775934303e-05,3393,2646.1980242450973,0.17156378346358098,1195,anywhere,30,194,1,1223
1195,14648.248987634013,13435.281964917742,0.9171937189393591,2612,6.453792280140586e-05,3329,2612.0315456160224,0.1783148280866224,1195,anywhere,30,195,1,1223
1195,14385.186494204547,13167.872094041357,0.9153772249908879,2611,6.56680749256397e-05,3393,2611.2515109002284,0.18150616268005357,1195,anywhere,30,196,1,1223
1195,14190.435353934265,12984.469906624741,0.9150156131767182,2591,6.65043595567044e-05,3329,2591.214996373579,0.18258777376281493,1195,anywhere,30,197,1,1223
1195,14186.353804755408,12981.468034584535,0.9150672690986331,2588,6.653543861428069e-05,3329,2587.5262111735315,0.18242883517627176,1195,anywhere,30,198,1,1223
1195,14595.733658961091,13375.380284260991,0.9163897202282215,2629,6.469847808014148e-05,3393,2628.675874650351,0.1801211272710446,1195,anywhere,30,199,1,1223
1185,16103.471613851654,14845.692697796161,0.9218939278302205,2726,5.888410661842352e-05,3457,2725.8219257109618,0.16928026858849418,1185,anywhere,40,0,1,1223
1185,14424.589516131202,13209.05162633467,0.9157315438032272,2614,6.547982700680694e-05,3393,2613.625123389776,0.18121832840211713,1185,anywhere,40,1,1,1223
1185,14353.59758141106,13099.529231865612,0.9126303811687213,2688,6.561997046511579e-05,3457,2688.2712556901593,0.18727012407545499,1185,anywhere,40,2,1,1223
1185,14927.094697519535,13685.51110003023,0.9168234929402825,2672,6.333502208811645e-05,3457,2671.5251859691225,0.1790033529059082,1185,anywhere,40,3,1,1223
1185,14650.407753582294,13405.536258016296,0.9150282015009716,2675,6.440990754836321e-05,3457,2675.369657267089,0.18258877466027615,1185,anywhere,40,4,1,1223
1185,15232.235778142018,13996.870372153575,0.9188979593027854,2670,6.210946411026148e-05,3457,2670.344660443265,0.17528615226869068,1185,anywhere,40,5,1,1223
1185,14420.834967922947,13192.949965035912,0.914853404423649,2621,6.557060202153387e-05,3393,2620.7334525867186,0.1817509184336437,1185,anywhere,40,6,1,1223
1185,14844.30763035284,13602.784852414683,0.9163637126867704,2682,6.354247788906359e-05,3457,2681.979655160027,0.18067531789195684,1185,anywhere,40,7,1,1223
1185,16898.35766398797,15640.478254358031,0.9255620318470001,2786,5.596805562412697e-05,3585,2786.0807485580985,0.16486809282876258,1185,anywhere,40,8,1,1223
1185,24461.234035067202,23171.796413643922,0.9472864852372221,3043,3.9037869031231395e-05,3841,3043.2161057373123,0.12440091925197265,1185,anywhere,40,9,1,1223
1185,14760.320190442373,13528.062445718982,0.9165155139709432,2649,6.403647621989645e-05,3393,2648.5884157083487,0.17946765150225433,1185,anywhere,40,10,1,1223
1185,14778.237149969164,13537.785960320578,0.9160623031650853,2666,6.392958273139363e-05,3457,2666.0956083476044,0.18040040723027395,1185,anywhere,40,11,1,1223
1185,14152.290730956302,12899.317131892698,0.9114649619002748,2679,6.652000718629546e-05,3457,2678.728089817939,0.1892979766265001,1185,anywhere,40,12,1,1223
1185,14992.091762185366,13755.810071683547,0.9175377452251127,2667,6.303022996857982e-05,3457,2666.904987316823,0.17789378842564108,1185,anywhere,40,13,1,1223
1185,14014.250791461138,12783.880491303913,0.9122057740748519,2632,6.724057984676445e-05,3393,2631.5432301926753,0.18780882682673794,1185,anywhere,40,14,1,1223
1185,15891.809353216217,14644.47342103817,0.9215107666814787,2727,5.9479703726282316e-05,3521,2727.4713297998355,0.17159783001349083,1185,anywhere,40,15,1,1223
1185,15174.476699030754,13939.206011195882,0.9185955000402898,2675,6.22899346984629e-05,3457,2674.6896283950673,0.17628285001556998,1185,anywhere,40,16,1,1223
1185,14233.356680196845,12992.691077701842,0.9128339413975928,2638,6.638540852651352e-05,3393,2638.4493396692715,0.18533927444327328,1185,anywhere,40,17,1,1223
1185,15024.325330646177,13788.199099614627,0.9177250090218603,2679,6.2810872034818e-05,3457,2678.8754280307926,0.17831083533151765,1185,anywhere,40,18,1,1223
1185,21702.02865868068,20420.170124485863,0.9409337000537928,2960,4.388279331346228e-05,3777,2959.7929416657394,0.136392779060128,1185,anywhere,40,19,1,1223
1185,14083.927480303782,12844.876005279626,0.9120237251464866,2648,6.690800597157612e-05,3457,2647.69360166546,0.18801573664045054,1185,anywhere,40,20,1,1223
1185,15909.17019218265,14674.367241518861,0.9223842013287067,2691,5.9531816251568835e-05,3457,2690.75758864273,0.16914772847940787,1185,anywhere,40,21,1,1223
1185,14400.234974505593,13151.090626485315,0.913255280192873,2685,6.538426293719466e-05,3457,2685.1592908766197,0.1864552908166823,1185,anywhere,40,22,1,1223
1185,14996.083957041792,13764.55245150286,0.9178764596766187,2665,6.29729778698985e-05,3457,2665.408316154864,0.17771306213236968,1185,anywhere,40,23,1,1223
1185,14337.485486583846,13121.756161870528,0.915206238510168,2617,6.579677199331668e-05,3393,2616.630126887402,0.18252851955448052,1185,anywhere,40,24,1,1223
1185,14692.095689478947,13466.307488333943,0.9165681855705041,2636,6.43216426290715e-05,3393,2635.608533285451,0.1794162014536597,1185,anywhere,40,25,1,1223
1185,15838.308160527762,14599.348184216295,0.9217744746626914,2703,5.9740064781945644e-05,3457,2702.541812563803,0.17066216748682903,1185,anywhere,40,26,1,1223
1185,14449.93175458435,13213.47101177994,0.9144313783757398,2662,6.521385535566594e-05,3457,2661.9311675293925,0.18422232334456945,1185,anywhere,40,27,1,1223
1185,14912.587453622293,13665.867126842159,0.9163981213416251,2678,6.338910994354258e-05,3457,2677.5689301434772,0.17957983537923924,1185,anywhere,40,28,1,1223
1185,14319.548644025548,13077.680679054803,0.9132746432277472,2663,6.58286409641824e-05,3457,2662.7975904820555,0.18596954877562194,1185,anywhere,40,29,1,1223
1185,14352.12947498343,13094.325101800549,0.9123611325151918,2691,6.565365226890958e-05,3457,2691.452442653379,0.18749830850471105,1185,anywhere,40,30,1,1223
1185,16308.680511769979,15062.589840383293,0.9235934096270154,2725,5.8109065178076703e-05,3457,2724.5161998981325,0.1670889314456413,1185,anywhere,40,31,1,1223
1185,14060.879376309647,12823.500534747858,0.9119984740323869,2637,6.709788625910962e-05,3393,2636.51277849504,0.1875416131115474,1185,anywhere,40,32,1,1223
1185,14273.567773997793,13043.923516943374,0.9138516538735,2643,6.601852519494406e-05,3393,2643.4377293346465,0.18516743969330235,1185,anywhere,40,33,1,1223
1185,14625.852980866377,13373.173477183278,0.914351695909848,2680,6.457207536152264e-05,3457,2680.419528401915,0.18323717621843943,1185,anywhere,40,34,1,1223
1185,25610.33749025109,24313.124232530496,0.9493480607893435,3084,3.733114287632064e-05,3905,3083.909532815546,0.12042012336518271,1185,anywhere,40,35,1,1223
1185,14128.72412540601,12897.522955422453,0.9128582907376871,2637,6.670201184679932e-05,3393,2637.079812790073,0.18664105665834294,1185,anywhere,40,36,1,1223
1185,15377.732251912355,14150.193531676223,0.9201742688631168,2677,6.141898984745034e-05,3457,2677.2796954864775,0.1740828853140613,1185,anywhere,40,37,1,1223
1185,14291.424509787346,13047.206075745666,0.9129395090608645,2664,6.597459774364479e-05,3457,2664.0608336494947,0.1864054908015352,1185,anywhere,40,38,1,1223
1185,14176.041545865242,12944.620364695294,0.9131336362703367,2621,6.665889440536776e-05,3393,2620.953210990823,0.1848894129944528,1185,anywhere,40,39,1,1223
1185,15386.56004465328,14139.899962268752,0.9189773361448822,2706,6.140700770938684e-05,3457,2705.650101713146,0.1758677698034471,1185,anywhere,40,40,1,1223
1185,14203.415985991467,12955.509499451771,0.9121403972276472,2669,6.632684200221639e-05,3457,2669.1461120859785,0.1879125417880022,1185,anywhere,40,41,1,1223
1185,14446.798852832964,13202.509868238692,0.9138709552704631,2653,6.541494989223977e-05,3393,2653.0547597269824,0.1836392980220498,1185,anywhere,40,42,1,1223
1185,14079.575860138511,12835.533320122386,0.9116420443077262,2646,6.701668143694048e-05,3393,2646.4300424442736,0.18793179754023992,1185,anywhere,40,43,1,1223
1185,14861.696206747,13623.761870085838,0.9167030250491087,2666,6.357486691788047e-05,3457,2665.747608984406,0.17938732987891878,1185,anywhere,40,44,1,1223
1185,14152.80939470942,12917.501544963914,0.9127164215037555,2651,6.654535664125352e-05,3457,2651.153212011789,0.18731263356030164,1185,anywhere,40,45,1,1223
1184,15198.215427890935,13968.96467119341,0.9191187437413427,2681,6.206658375525376e-05,3457,2680.8446972589095,0.17640228964513657,1185,anywhere,40,46,1,1223
1185,15231.32741717237,13965.537635258019,0.9168956357351197,2736,6.196931093352544e-05,3521,2736.258920343379,0.1796297804559917,1185,anywhere,40,47,1,1223
1185,14028.541388904794,12788.498575963333,0.9116057201839805,2651,6.712626543936167e-05,3457,2651.3896531431415,0.18897189141108298,1185,anywhere,40,48,1,1223
1185,14761.58255756363,13542.533690197906,0.9174174677672957,2630,6.40192619915984e-05,3393,2629.5894699632827,0.17816517908863536,1185,anywhere,40,49,1,1223
1185,14562.215091658754,13329.732771248899,0.91536436506038,2648,6.483141173913608e-05,3393,2648.268603172028,0.18184046749294178,1185,anywhere,40,50,1,1223
1185,16473.181528381898,15210.266411186038,0.9233350816282838,2771,5.742866541187891e-05,3585,2771.290103499254,0.16821280061934615,1185,anywhere,40,51,1,1223
1185,14169.153417685942,12939.051308796112,0.9131845020920998,2630,6.657413545281245e-05,3393,2629.8273178188206,0.1856144769183763,1185,anywhere,40,52,1,1223
1185,20324.892049076014,19040.99365151174,0.9368312316511103,2938,4.673872352495875e-05,3713,2937.682474223678,0.1445518132596214,1185,anywhere,40,53,1,1223
1185,15791.28650257411,14570.431583167965,0.9226880647623525,2660,6.0006303278718424e-05,3393,2659.698787744627,0.16844732692085587,1185,anywhere,40,54,1,1223
1185,14470.398161708827,13231.756682856856,0.9144017002842652,2627,6.547201645436935e-05,3393,2626.956598888286,0.1815430350044891,1185,anywhere,40,55,1,1223
1185,17048.980762737712,15794.57250355882,0.9264232697170655,2760,5.5640874512517824e-05,3521,2759.735172788894,0.16188651030871368,1185,anywhere,40,56,1,1223
1185,14151.339193422962,12905.393755713803,0.9119556516397946,2659,6.661924987687382e-05,3457,2659.1416467155245,0.1878974112383518,1185,anywhere,40,57,1,1223
1185,15148.38722813438,13914.294028750115,0.9185330305596994,2683,6.228934241280381e-05,3457,2683.1269637144155,0.17711456405187423,1185,anywhere,40,58,1,1223
1185,15384.670630669003,14146.759551088478,0.9195360687727188,2686,6.145271252069556e-05,3457,2685.9329224965613,0.1745893730506988,1185,anywhere,40,59,1,1223
1185,14967.829852143112,13724.628430540148,0.9169417721951882,2686,6.307273591016829e-05,3457,2685.5221320897026,0.17945153215483775,1185,anywhere,40,60,1,1223
1185,14179.583288998747,12937.629004162774,0.912412497636687,2652,6.651435178646585e-05,3393,2651.7451063366157,0.18702947371221823,1185,anywhere,40,61,1,1223
1185,14349.140212829954,13121.414613732646,0.9144390826985184,2639,6.57193891361271e-05,3393,2638.896327547725,0.18391345828793274,1185,anywhere,40,62,1,1223
1185,20062.512243781955,18760.267710184347,0.9350906547607857,2942,4.7403087443998325e-05,3713,2942.3643222801234,0.14664165505552898,1185,anywhere,40,63,1,1223
1185,14320.914802106206,13079.352291711803,0.9133042457447058,2652,6.590587902455655e-05,3393,2652.0038613039974,0.18518370066763926,1185,anywhere,40,64,1,1223
1185,14187.377737146653,12952.331161769165,0.9129475088166731,2641,6.649448247079138e-05,3393,2640.5091421510897,0.18615138392242134,1185,anywhere,40,65,1,1223
1185,15474.883130123251,14243.966087325955,0.9204571024900856,2682,6.106742966234684e-05,3457,2681.9908369040486,0.17331310210538817,1185,anywhere,40,66,1,1223
1185,14424.488998342387,13167.80330668346,0.9128783215957708,2682,6.541382840771145e-05,3457,2682.030085464246,0.18593379635897023,1185,anywhere,40,67,1,1223
1185,14442.841068231317,13195.73773653957,0.9136524922070288,2675,6.52800328854638e-05,3457,2674.915543070941,0.18521286687035343,1185,anywhere,40,68,1,1223
1185,14311.383485625904,13090.233031965996,0.9146727879323191,2639,6.578168306279136e-05,3393,2639.059112460676,0.18439866436746413,1185,anywhere,40,69,1,1223
1185,14614.383197905989,13378.173239364502,0.9154114175192412,2656,6.461328235087284e-05,3393,2655.783973022688,0.1817387681732995,1185,anywhere,40,70,1,1223
1185,14191.612630831689,12952.439257111613,0.9126826946341576,2646,6.647697776710756e-05,3393,2645.6379061777334,0.18644815559941993,1185,anywhere,40,71,1,1223
1185,14216.28106363457,12990.95121460697,0.9138079893368168,2623,6.640052532526656e-05,3393,2622.6209572473613,0.1845067629332166,1185,anywhere,40,72,1,1223
1185,14488.007931512722,13233.841906102314,0.913434198038884,2674,6.520085452167301e-05,3457,2673.6827992384347,0.1845664367827829,1185,anywhere,40,73,1,1223
1185,16188.328787015358,14924.867666802198,0.9219523437634538,2759,5.8436629222469424e-05,3521,2758.9067420742626,0.17043142848772574,1185,anywhere,40,74,1,1223
1185,15585.858394984203,14359.803129225242,0.9213354032426262,2671,6.071347512832626e-05,3393,2670.521260457998,0.17137330086737948,1185,anywhere,40,75,1,1223
1185,14353.175078594235,13112.75023851668,0.9135783662300981,2656,6.573126375314884e-05,3457,2655.50333347512,0.18504616473055183,1185,anywhere,40,76,1,1223
1185,15612.322637888501,14372.602526496203,0.9205934863026911,2706,6.050854162435333e-05,3457,2705.527276114098,0.17332462713990995,1185,anywhere,40,77,1,1223
1185,14364.900110502767,13136.80745192054,0.9145074000421125,2624,6.577548909691921e-05,3393,2623.9622502842044,0.18266747278538234,1185,anywhere,40,78,1,1223
1185,14509.368820956348,13281.892252540463,0.915401105067851,2634,6.511178158994699e-05,3393,2633.677164253064,0.18153787614769493,1185,anywhere,40,79,1,1223
1184,15190.445233531538,13951.075250030874,0.9184112141252537,2669,6.231584360701045e-05,3393,2669.2154504499294,0.17570255242475863,1185,anywhere,40,80,1,1223
1185,16332.515575195794,15078.789398675366,0.9232374112396707,2749,5.793581917902185e-05,3521,2748.874490906115,0.16831454942402804,1185,anywhere,40,81,1,1223
1185,13912.737140729965,12680.6886730057,0.9114445665678965,2636,6.765864961399355e-05,3393,2636.1253531123175,0.1894666716790781,1185,anywhere,40,82,1,1223
1185,21074.728658910717,19784.019656848704,0.9387556052107802,2947,4.519919182613434e-05,3713,2946.536093497543,0.1398357268412072,1185,anywhere,40,83,1,1223
1185,14063.624450154248,12834.48018376021,0.9126011739896427,2629,6.703234522665234e-05,3393,2629.453724045805,0.18693616352725953,1185,anywhere,40,84,1,1223
1185,15074.334802440642,13855.292290474508,0.9191312566728476,2642,6.270725316193671e-05,3393,2642.1293660208735,0.17526478180464994,1185,anywhere,40,85,1,1223
1185,14870.727575241954,13635.433157382962,0.9169311379279375,2664,6.351662089458922e-05,3457,2663.917911545212,0.17914389101144268,1185,anywhere,40,86,1,1223
1185,14469.534920337755,13247.367380573225,0.9155351193736915,2626,6.524617191182541e-05,3393,2626.469033637875,0.18148475500128255,1185,anywhere,40,87,1,1223
1185,14441.281559176543,13235.84030937592,0.9165280972563935,2593,6.543349568383147e-05,3329,2592.7209758428808,0.17955470152524716,1185,anywhere,40,88,1,1223
1185,15359.72597033615,14142.692283420702,0.9207646224115017,2654,6.152908699073601e-05,3393,2653.5927059568266,0.1727895409804578,1185,anywhere,40,89,1,1223
1185,19328.468614168793,18043.848114214994,0.933537388522746,2912,4.9075875951155076e-05,3713,2912.2652075766455,0.15065859888482575,1185,anywhere,40,90,1,1223
1185,16545.953786056165,15288.540727607446,0.9240048005266167,2770,5.7156336180890004e-05,3585,2770.4623592674952,0.16741253093154249,1185,anywhere,40,91,1,1223
1185,14697.481676054871,13463.562952041444,0.9160455681313264,2659,6.421811846854273e-05,3457,2659.3542216411292,0.18091534717352575,1185,anywhere,40,92,1,1223
1185,14631.33021889885,13401.335396536366,0.91593417659498,2656,6.444900200179961e-05,3457,2656.2822755274656,0.18152826573275782,1185,anywhere,40,93,1,1223
1185,14318.19122957404,13076.543997759218,0.9132818376353141,2655,6.59096190343826e-05,3393,2654.917297584972,0.18542844954578702,1185,anywhere,40,94,1,1223
1185,14581.233148033669,13355.97353735474,0.9159700967510995,2640,6.472212089675778e-05,3393,2640.3803371100494,0.18105464559806544,1185,anywhere,40,95,1,1223
1185,14123.593555059157,12887.880055730004,0.9125071466753932,2640,6.675836346144227e-05,3393,2640.052061827043,0.18692126686514113,1185,anywhere,40,96,1,1223
1185,14380.877449139563,13148.259163595814,0.9142876858590087,2645,6.560761391755743e-05,3393,2645.076482369758,0.18392479939798498,1185,anywhere,40,97,1,1223
1185,14367.823211315117,13134.861112894107,0.9141858804714402,2635,6.575384333155683e-05,3393,2635.10784422144,0.18339590912594567,1185,anywhere,40,98,1,1223
1185,14295.82246726667,13061.939783971291,0.9136892832769422,2643,6.598075354774321e-05,3393,2643.0157647005585,0.1848791845346227,1185,anywhere,40,99,1,1223
1185,14422.164083426725,13197.607640855149,0.9150920461389855,2630,6.546511331515106e-05,3393,2629.5137640012995,0.18235820815700415,1185,anywhere,40,100,1,1223
1185,15080.778768500688,13846.00087599634,0.9181224052511509,2684,6.256747652547351e-05,3457,2683.6920880566595,0.17797489381689538,1185,anywhere,40,101,1,1223
1185,14344.343847929988,13093.875665848152,0.9128249995023447,2651,6.59210397648996e-05,3393,2651.2411990700684,0.18481152070142004,1185,anywhere,40,102,1,1223
1185,14030.601588302765,12789.602600489996,0.9115505504163568,2634,6.731006631453682e-05,3393,2633.7645232757773,0.18773250622382087,1185,anywhere,40,103,1,1223
1185,14583.209349707802,13355.721680606388,0.9158287013738845,2647,6.469792012549867e-05,3393,2646.576079820389,0.18151011457934235,1185,anywhere,40,104,1,1223
1185,14619.761823907502,13398.324396249956,0.9164529872394949,2632,6.460042793282287e-05,3393,2632.072035456918,0.1800302926752148,1185,anywhere,40,105,1,1223
1185,15406.723140917013,14178.055012873383,0.9202511710760515,2672,6.137219087872132e-05,3457,2671.5057202931166,0.17343077924881578,1185,anywhere,40,106,1,1223
1185,15280.062792889184,14016.056607223876,0.9172774220369347,2731,6.179642660675834e-05,3521,2731.241297926609,0.1787296320058916,1185,anywhere,40,107,1,1223
1185,14183.873114742066,12948.450900187718,0.912899515910763,2646,6.645867566762537e-05,3393,2646.3190209771487,0.18654989216237905,1185,anywhere,40,108,1,1223
1185,14323.016277572908,13075.167096772842,0.9128780449161426,2677,6.577674331230383e-05,3457,2677.0250240796026,0.18690197288902533,1185,anywhere,40,109,1,1223
1185,15675.85316829907,14439.406307861984,0.9211241106201782,2683,6.041255171353971e-05,3457,2682.597532201625,0.17115495859745428,1185,anywhere,40,110,1,1223
1185,14503.757626699964,13288.736952290556,0.9162271801775922,2622,6.506637507209951e-05,3393,2622.29849772229,0.18078073748096568,1185,anywhere,40,111,1,1223
1185,14343.80663431127,13117.018551487045,0.9144726282150463,2634,6.577493297588139e-05,3393,2634.3331964438144,0.1836332618775904,1185,anywhere,40,112,1,1223
1185,14204.514390100458,12967.220065745058,0.912894289070684,2658,6.627014750790319e-05,3457,2658.169451540933,0.18712360922753107,1185,anywhere,40,113,1,1223
1185,14022.019959155004,12755.788792094012,0.9096969501719852,2690,6.71852107462619e-05,3457,2689.6823654116233,0.19184111902819634,1185,anywhere,40,114,1,1223
1185,14532.46528628164,13280.130062544036,0.9138249980944538,2675,6.498021320016528e-05,3457,2675.4068920218047,0.1840706271994434,1185,anywhere,40,115,1,1223
1185,14492.976414166638,13249.057279203296,0.9141708991020345,2672,6.505495550787023e-05,3457,2672.1215871137365,0.1843651658322003,1185,anywhere,40,116,1,1223
1185,20996.50093722481,19724.52185182737,0.9394194733112724,2904,4.539887721489533e-05,3649,2903.748655037437,0.13830875957295735,1185,anywhere,40,117,1,1223
1185,14781.596345745224,13528.559757341285,0.9152299549321264,2684,6.392206886004519e-05,3457,2683.6185830854897,0.18157714073775058,1185,anywhere,40,118,1,1223
1185,14183.141781955903,12952.851638758466,0.9132568677581269,2619,6.662160738151959e-05,3393,2618.9626402541944,0.18465584284942763,1185,anywhere,40,119,1,1223
1185,14294.7820162899,13062.528886182436,0.9137969974845908,2632,6.606412474499353e-05,3393,2632.4267191239637,0.18412312947484283,1185,anywhere,40,120,1,1223
1185,14220.545843991878,12985.485652316234,0.9131495931854506,2648,6.628067270052451e-05,3393,2647.666070902759,0.18620944857181898,1185,anywhere,40,121,1,1223
1185,14920.017020776908,13693.059833589603,0.9177643574079907,2653,6.331862403211719e-05,3393,2652.5631464209528,0.17781481055320233,1185,anywhere,40,122,1,1223
1185,14269.282915794704,13030.805563260503,0.9132067560898013,2659,6.602103050950348e-05,3457,2658.9742003364763,0.18634433248616483,1185,anywhere,40,123,1,1223
1185,14515.020953193125,13284.76703015936,0.9152427042991541,2635,6.510612419019096e-05,3393,2634.689414104379,0.18153607965824758,1185,anywhere,40,124,1,1223
1185,14537.917395341485,13312.160054339414,0.9156854927931527,2637,6.493367192779981e-05,3393,2637.330220680182,0.1813877413311619,1185,anywhere,40,125,1,1223
1185,14420.28363214705,13187.652194109898,0.914520999067643,2649,6.540234305532291e-05,3393,2648.62065648219,0.18369957676107013,1185,anywhere,40,126,1,1223
1185,14317.425844621883,13084.18037146021,0.9138640223078284,2636,6.595454398112227e-05,3393,2635.85576232692,0.18411130803867037,1185,anywhere,40,127,1,1223
1185,14594.286891458514,13366.698728247151,0.9158857042936559,2630,6.478561461158147e-05,3393,2630.0497033177276,0.18020750308391154,1185,anywhere,40,128,1,1223
1185,14120.33975228712,12873.8528082836,0.9117240118955621,2662,6.67261084169189e-05,3457,2662.095095482293,0.18852237599798735,1185,anywhere,40,129,1,1223
1185,14182.313351972829,12928.704173536158,0.9116075673040824,2663,6.657021451304777e-05,3457,2663.4810928626744,0.18776908490951963,1185,anywhere,40,130,1,1223
1185,14126.755181466691,12887.069032812775,0.9122455133730711,2643,6.678690678944707e-05,3393,2642.961029660945,0.18709179610243618,1185,anywhere,40,131,1,1223
1185,14678.343691092501,13448.671869508533,0.9162254374565306,2656,6.425093778292932e-05,3457,2656.1698727498715,0.18094684631289726,1185,anywhere,40,132,1,1223
1185,14805.293995730299,13579.129321838293,0.917180660225618,2657,6.371045909596953e-05,3457,2657.0543091527393,0.17946283273849561,1185,anywhere,40,133,1,1223
1185,15352.571303345721,14101.913352249632,0.9185375578862455,2706,6.154855384674038e-05,3457,2705.8330315564626,0.1762571198357042,1185,anywhere,40,134,1,1223
1185,14388.080956324973,13136.323283570711,0.9130003732565883,2668,6.563451386812363e-05,3457,2668.168002081031,0.18543126134046056,1185,anywhere,40,135,1,1223
1185,14281.088038679722,13064.288111260212,0.9147964129817099,2613,6.608046138546165e-05,3393,2613.28127573087,0.18296925226725025,1185,anywhere,40,136,1,1223
1185,16570.445219506757,15322.677342762041,0.924699194245195,2743,5.715235152551986e-05,3521,2742.7530076489975,0.16553568498998059,1185,anywhere,40,137,1,1223
1185,19772.519320116393,18496.495801236197,0.9354647984800813,2905,4.8028429672497385e-05,3713,2904.810176317239,0.1469210854200293,1185,anywhere,40,138,1,1223
1185,14049.62746211824,12826.9057535081,0.91297123629029,2620,6.710033859706323e-05,3393,2619.8776245322338,0.186481812920966,1185,anywhere,40,139,1,1223
1185,19895.36439047222,18614.42623890816,0.9356162507796292,2910,4.776599348427334e-05,3713,2910.2317424112157,0.1462652275619331,1185,anywhere,40,140,1,1223
1185,14128.437222936174,12897.706592230896,0.9128898255847219,2633,6.673846792347657e-05,3393,2633.234851411756,0.1863617297832187,1185,anywhere,40,141,1,1223
1185,14809.393566612114,13580.397234562142,0.9170123795736813,2660,6.369603644790057e-05,3457,2660.2225652473217,0.17961572754720959,1185,anywhere,40,142,1,1223
1185,14507.07929248922,13243.352355579107,0.9128889481176005,2698,6.504084568755662e-05,3457,2698.4764688950254,0.18597816594252994,1185,anywhere,40,143,1,1223
1185,14906.722583374474,13683.907959803308,0.9179689152506952,2639,6.342153532847927e-05,3393,2638.6455758320085,0.17703421964418167,1185,anywhere,40,144,1,1223
1185,14887.179302278983,13652.642944605177,0.9170738571352588,2651,6.356504165283864e-05,3393,2651.1061110760406,0.17807268564261702,1185,anywhere,40,145,1,1223
1185,15366.62465358335,14138.198393510207,0.9200588100662245,2671,6.152238366205938e-05,3457,2670.97542703366,0.17381826264476033,1185,anywhere,40,146,1,1223
1185,14198.623134816973,12936.453509298964,0.9111061957533759,2681,6.64350876791571e-05,3457,2681.3455753153244,0.18882112543897442,1185,anywhere,40,147,1,1223
1185,15445.208136560315,14192.554534138395,0.9188969425762048,2700,6.127756228724944e-05,3457,2700.427214215041,0.17481149985987152,1185,anywhere,40,148,1,1223
1185,14212.98140643939,12965.733861503877,0.9122458892143185,2669,6.630577768400355e-05,3457,2669.4835792557196,0.1877860755373093,1185,anywhere,40,149,1,1223
1185,16034.706783911624,14785.171579259508,0.9220730867429497,2725,5.903828769794152e-05,3521,2725.1998832878126,0.1699438621936087,1185,anywhere,40,150,1,1223
1185,14218.41341258744,12988.13686866172,0.9134730079773481,2634,6.634842412982942e-05,3393,2634.299568165829,0.18525273696628783,1185,anywhere,40,151,1,1223
1185,16155.198643199676,14908.668117788413,0.9228402848555518,2722,5.8618915131783314e-05,3457,2722.3401689740463,0.1684906549351401,1185,anywhere,40,152,1,1223
1185,14882.124618913942,13652.620428659791,0.9173838264536803,2654,6.350342787972492e-05,3393,2653.7421198582315,0.1783347517885307,1185,anywhere,40,153,1,1223
1185,21245.977417020782,19962.105963791517,0.93957108077312,2942,4.4835228455664705e-05,3713,2942.2628391035832,0.13847327154000816,1185,anywhere,40,154,1,1223
1185,14116.92825134197,12885.259571954073,0.9127523596168442,2630,6.683622876620912e-05,3393,2629.619773884149,0.1863011522885646,1185,anywhere,40,155,1,1223
1184,16134.664686089609,14895.590272883304,0.9232042042823138,2721,5.861573123779367e-05,3521,2721.4957848153517,0.16864310804958293,1185,anywhere,40,156,1,1223
1185,14109.222158225419,12870.595106187802,0.9122115281659577,2648,6.679417189868036e-05,3393,2648.0177707346425,0.1876786664994331,1185,anywhere,40,157,1,1223
1185,14400.42219940474,13178.852788704546,0.9151712780510914,2617,6.561124536772696e-05,3393,2617.3837475968435,0.1817307828730311,1185,anywhere,40,158,1,1223
1185,14681.487342097851,13442.993663771667,0.9156424925167552,2656,6.438933108575127e-05,3393,2655.5374105933156,0.18090810134639138,1185,anywhere,40,159,1,1223
1185,14972.144621026899,13729.38509254713,0.9169952227996492,2670,6.318748372824864e-05,3457,2669.807748603958,0.17833116547981034,1185,anywhere,40,160,1,1223
1185,15459.810283378923,14194.558204303847,0.9181586283477638,2746,6.104607570423621e-05,3521,2746.0554930980275,0.1776218433257403,1185,anywhere,40,161,1,1223
1185,17037.489148556404,15779.136720696664,0.926142143546641,2786,5.5565420295572435e-05,3585,2785.5295218514834,0.16352174758309732,1185,anywhere,40,162,1,1223
1185,14818.968344355657,13570.806108603058,0.9157726633360407,2696,6.361351408186731e-05,3457,2696.2243432311825,0.18192899379712013,1185,anywhere,40,163,1,1223
1185,14713.563544719938,13477.398957680984,0.9159846910449807,2660,6.417022856565921e-05,3457,2660.299283265612,0.18078557189189964,1185,anywhere,40,164,1,1223
1182,19613.523009742796,18328.038511927163,0.9344592760221057,2899,4.848178349559015e-05,3649,2899.1668205859696,0.14780618446568494,1185,anywhere,40,165,1,1223
1185,14301.892492706527,13066.108390516372,0.9135929666077156,2651,6.590974291920132e-05,3457,2650.829689639304,0.18536008443301602,1185,anywhere,40,166,1,1223
1185,17278.66653620647,15996.33757764778,0.9257854212377071,2845,5.471339674661856e-05,3649,2845.286677494929,0.16465390972378935,1185,anywhere,40,167,1,1223
1185,14217.422586900502,12977.208908970804,0.9127680372198831,2650,6.633208254451167e-05,3393,2649.9991931530585,0.1863910271923428,1185,anywhere,40,168,1,1223
1185,15240.351326108705,14019.129810043927,0.9198692018357434,2644,6.208901323974113e-05,3393,2644.282285054482,0.1734868142751069,1185,anywhere,40,169,1,1223
1185,14394.65139703934,13121.709904529856,0.9115684390403994,2717,6.545368430388663e-05,3521,2717.134351078099,0.18875066335811552,1185,anywhere,40,170,1,1223
1185,14964.185425942685,13718.931403722509,0.9167843763776583,2687,6.309446708481527e-05,3457,2687.458381722095,0.1795620625858911,1185,anywhere,40,171,1,1223
1185,16118.217305645732,14861.131193978088,0.9220083655760538,2754,5.8644990143404336e-05,3521,2754.329638489349,0.17086256797365276,1185,anywhere,40,172,1,1223
1185,14595.822502248457,13364.190980765252,0.91561753225668,2657,6.461851256508893e-05,3457,2657.4053332911753,0.18203838801072666,1185,anywhere,40,173,1,1223
1184,14403.752283020849,13142.989786215201,0.9124698570183107,2688,6.552758028940034e-05,3457,2687.5445755585256,0.18661803863210116,1185,anywhere,40,174,1,1223
1185,14745.5279230464,13497.778588425757,0.9153811690478383,2683,6.399978446849623e-05,3457,2682.568112211744,0.18195347185953428,1185,anywhere,40,175,1,1223
1185,19506.855631548657,18211.81302690549,0.9336108992087541,2933,4.863557659440282e-05,3713,2933.377507433025,0.15035739513324875,1185,anywhere,40,176,1,1223
1185,14607.38775572076,13371.484112744123,0.9153918781616094,2646,6.472347775186568e-05,3393,2645.7631626649595,0.18114121732434565,1185,anywhere,40,177,1,1223
1185,14780.15040921556,13540.66538578712,0.9161385378963661,2681,6.37824117634858e-05,3457,2681.0726953322687,0.18139192943045912,1185,anywhere,40,178,1,1223
1185,17013.746047444707,15755.445914847429,0.9260421467977499,2776,5.5687000526132087e-05,3521,2775.946289578945,0.16316218616751524,1185,anywhere,40,179,1,1223
1185,15153.655231635174,13919.670196577828,0.9185684895033612,2671,6.237461390681487e-05,3457,2670.766646257638,0.17626110394962327,1185,anywhere,40,180,1,1223
1185,14122.126185453377,12905.95414777253,0.913881803511034,2608,6.678005024135207e-05,3393,2607.850865531156,0.18467474130675832,1185,anywhere,40,181,1,1223
1185,14254.986968788831,13004.759441567086,0.9122954282624666,2647,6.63598648251936e-05,3393,2646.748661173165,0.1856894015964787,1185,anywhere,40,182,1,1223
1185,14409.591474888763,13179.069436818454,0.9146039608260437,2641,6.550206818155769e-05,3393,2640.739954681987,0.18328069915114562,1185,anywhere,40,183,1,1223
1185,14375.138110529604,13143.234618297225,0.9143031891060562,2641,6.564687429538456e-05,3393,2641.489184534412,0.18371997400605852,1185,anywhere,40,184,1,1223
1185,14947.740952261129,13706.117136967581,0.9169356881913499,2698,6.303979691151378e-05,3457,2697.8731400989604,0.1804955015354261,1185,anywhere,40,185,1,1223
1185,14363.358111031353,13118.739096981191,0.9133476305172487,2673,6.558236951820478e-05,3457,2673.3683155699587,0.18609854181294005,1185,anywhere,40,186,1,1223
1185,14582.47562416712,13355.24969682411,0.9158424153091562,2637,6.478763220370668e-05,3393,2636.881396484082,0.18083349274589394,1185,anywhere,40,187,1,1223
1185,17182.477961456327,15930.89709427591,0.9271594661731586,2776,5.511968456837748e-05,3585,2776.0230498185374,0.16155993368518284,1185,anywhere,40,188,1,1223
1185,14554.280509027776,13328.910689164424,0.9158069119869391,2627,6.495367321226211e-05,3393,2626.761986111226,0.18049672729411226,1185,anywhere,40,189,1,1223
1185,15032.839915739407,13792.506068300221,0.9174917145135993,2671,6.289638382788292e-05,3457,2671.3265210988325,0.1776776720148173,1185,anywhere,40,190,1,1223
1185,14736.626285789629,13505.950257524091,0.9164886179238823,2655,6.406882913234383e-05,3393,2654.586235415641,0.18016335275871032,1185,anywhere,40,191,1,1223
1185,14629.015768648911,13397.055513222904,0.9157865248825425,2657,6.449047495516623e-05,3457,2656.713157932792,0.18162534253973206,1185,anywhere,40,192,1,1223
1185,14803.04613022552,13570.938312931054,0.9167666028697503,2658,6.378461145549417e-05,3457,2658.4052664422898,0.17955763811157602,1185,anywhere,40,193,1,1223
1185,14506.613773206984,13266.178358454255,0.9144917322439677,2658,6.508351206456858e-05,3457,2658.0202481382453,0.1832267710131773,1185,anywhere,40,194,1,1223
1185,14467.495120151396,13237.61841467316,0.9149903493822387,2636,6.526916195306052e-05,3393,2636.1379809334926,0.18220154754559997,1185,anywhere,40,195,1,1223
1185,14607.05598326142,13362.945650332662,0.9148281259170626,2681,6.452547520922059e-05,3457,2681.1650403891995,0.18354143388457078,1185,anywhere,40,196,1,1223
1185,15741.453946880283,14509.129653510397,0.9217147096114261,2681,6.014094524471644e-05,3457,2681.4469009543946,0.17031463605884598,1185,anywhere,40,197,1,1223
1185,14705.392248841197,13484.180223411267,0.9169548146173276,2633,6.42434789208614e-05,3393,2632.905258434399,0.17904996721236618,1185,anywhere,40,198,1,1223
1185,14615.187375351861,13405.746018836891,0.9172476325172086,2611,6.462935870332568e-05,3393,2611.0770474670007,0.17864977936604387,1185,anywhere,40,199,1,1223
