mfpt,mfpt_formula,sd,mode,ratio,cv,median,N,p,kappa,rep,n_barriers,weighted_pos
12375.0,12375.0,10104.043126392524,4124,0.33325252525252524,0.8164883334458605,9374,100,0.0,0.2,0,0,0.0
13854.999999999973,13855.0,11206.57875981782,4776,0.34471309996391264,0.8088472580164447,10543,100,0.05,0.2,0,4,0.37
14384.999999999965,14385.0,11773.904513796604,4759,0.3308307264511652,0.8184848462840898,10887,100,0.05,0.2,1,4,0.5025
13944.999999999982,13945.0,11414.861694300096,4612,0.3307278594478312,0.8185630472786024,10551,100,0.05,0.2,2,3,0.5233333333333333
13954.999999999982,13955.0,11380.154107040902,4686,0.33579362235757837,0.8154893663232473,10579,100,0.05,0.2,3,3,0.5266666666666666
14564.999999999973,14565.0,11886.82663708022,4886,0.33546172330930374,0.8161226664662027,11042,100,0.05,0.2,4,4,0.5475
13824.999999999955,13825.0,11154.20044198597,4788,0.34632911392405175,0.8068137751888612,10527,100,0.05,0.2,5,5,0.29
14114.99999999999,14115.0,11646.720461142706,4540,0.3216436415161178,0.8251307446789028,10644,100,0.05,0.2,6,2,0.87
13464.999999999984,13465.0,10955.676496684258,4538,0.33702190865206133,0.8136410320597305,10215,100,0.05,0.2,7,3,0.36333333333333334
15044.999999999955,15045.0,12186.468623026098,5150,0.34230641409106116,0.8100012378216108,11436,100,0.05,0.2,8,6,0.445
14884.999999999964,14885.0,12214.924375533394,4869,0.32710782667114624,0.820619709474869,11247,100,0.05,0.2,9,5,0.502
14374.999999999982,14375.0,11846.38710746867,4648,0.323339130434783,0.8240964944326042,10849,100,0.05,0.2,10,3,0.6666666666666667
15394.999999999955,15395.0,12497.248397147263,5249,0.34095485547255705,0.8117731989053134,11694,100,0.05,0.2,11,6,0.5033333333333334
15674.999999999927,15675.0,12791.350104660556,5236,0.3340350877192998,0.8160350943962115,11877,100,0.05,0.2,12,7,0.4714285714285715
13194.999999999985,13195.0,10775.971765924407,4384,0.3322470632815464,0.8166708424345903,9990,100,0.05,0.2,13,2,0.41
13374.999999999975,13375.0,10849.992511518154,4552,0.3403364485981315,0.8112143933845364,10158,100,0.05,0.2,14,3,0.33333333333333337
14804.999999999973,14805.0,12112.778686164458,4919,0.33225261735900097,0.8181545887311368,11209,100,0.05,0.2,15,4,0.6075
15764.999999999945,15765.0,12897.418249401686,5247,0.33282588011417813,0.8181045511831101,11939,100,0.05,0.2,16,6,0.565
13574.99999999999,13575.0,11073.474499902908,4563,0.3361325966850831,0.8157255616871393,10294,100,0.05,0.2,17,2,0.6
15484.999999999945,15485.0,12663.849237100056,5150,0.33257991604778936,0.817813964294485,11726,100,0.05,0.2,18,6,0.5183333333333333
14544.999999999973,14545.0,11926.171535744408,4788,0.3291852870402206,0.8199499165173207,11002,100,0.05,0.2,19,4,0.5425
15504.999999999945,15505.0,12753.936941195829,5027,0.32421799419542197,0.8225692964331425,11704,100,0.05,0.2,20,6,0.5216666666666666
15934.999999999927,15935.0,12838.517340409664,5579,0.35010982114841704,0.8056804104430325,12150,100,0.05,0.2,21,8,0.445
13704.999999999982,13705.0,11172.036855470891,4594,0.33520612914994574,0.8151796319205331,10391,100,0.05,0.2,22,3,0.44333333333333336
15234.999999999945,15235.0,12528.029673496125,4929,0.3235313423039066,0.8223189808661746,11496,100,0.05,0.2,23,6,0.4766666666666666
12984.999999999982,12985.0,10519.511751977849,4446,0.34239507123604207,0.8101279747383799,9870,100,0.05,0.2,24,2,0.305
13804.99999999999,13805.0,11361.670541782134,4484,0.3248098515030788,0.8230112670613648,10422,100,0.05,0.2,25,2,0.715
14314.999999999955,14315.0,11646.540151478446,4824,0.33698917219699726,0.8135899512035266,10858,100,0.05,0.2,26,5,0.38799999999999996
18234.99999999935,18235.0,14807.098888708246,6258,0.3431861804222771,0.8120152941436125,13865,100,0.05,0.2,27,11,0.5327272727272727
12894.999999999982,12895.0,10443.58499271204,4413,0.3422256688639012,0.8098941444522726,9803,100,0.05,0.2,28,2,0.26
13894.999999999982,13895.0,11402.807439398419,4541,0.3268082043900688,0.820641053573115,10499,100,0.05,0.2,29,3,0.5066666666666666
15464.999999999964,15465.0,12746.303287620276,5000,0.3233107015842232,0.8242032517051604,11668,100,0.05,0.2,30,5,0.618
15584.99999999949,15585.0,12756.581732579885,5175,0.3320500481232062,0.8185166334668144,11798,100,0.05,0.2,31,6,0.535
14384.999999999956,14385.0,11673.473240642652,4912,0.3414668057003834,0.8115031797457551,10929,100,0.05,0.2,32,5,0.402
14214.999999999982,14215.0,11623.463231756703,4737,0.33323953570172393,0.8176899916817951,10767,100,0.05,0.2,33,3,0.6133333333333334
13364.999999999975,13365.0,10866.554076615093,4512,0.3375982042648716,0.8130605369708278,10141,100,0.05,0.2,34,3,0.33
12764.99999999999,12765.0,10384.286085234753,4315,0.33803368585977306,0.8134967556000595,9688,100,0.05,0.2,35,1,0.39
15524.999999999964,15525.0,12711.163892421491,5145,0.3314009661835757,0.8187545180303717,11751,100,0.05,0.2,36,5,0.63
13414.999999999984,13415.0,10975.84609494867,4440,0.3309727916511372,0.818177122247386,10152,100,0.05,0.2,37,2,0.52
14044.999999999955,14045.0,11381.79983570261,4803,0.34197223211107264,0.8103809067784014,10672,100,0.05,0.2,38,5,0.33399999999999996
14504.999999999955,14505.0,11766.769203991378,4959,0.3418821096173744,0.8112215928294667,11028,100,0.05,0.2,39,5,0.426
16454.99999999946,16455.0,13270.831077969071,5751,0.34949863263446906,0.806492317105409,12544,100,0.05,0.2,40,9,0.45333333333333337
15714.999999999862,15715.0,13095.124951675645,4847,0.3084314349347784,0.8332882565495234,11795,100,0.05,0.2,41,6,0.5566666666666666
15854.999999999927,15855.0,12940.761472958213,5317,0.3353516240933475,0.8161943533874659,12022,100,0.05,0.2,42,7,0.49714285714285716
15194.99999999989,15195.0,12540.887827422668,4882,0.3212898979927631,0.8253298997974833,11456,100,0.05,0.2,43,4,0.705
13824.999999999493,13825.0,10955.110108985355,5079,0.3673779385171925,0.7924130277747383,10616,100,0.05,0.2,44,6,0.24166666666666667
14494.999999999964,14495.0,11825.025052827588,4870,0.33597792342187044,0.8158002796017674,10989,100,0.05,0.2,45,4,0.53
18324.999999999927,18325.0,15291.314119460078,5663,0.3090313778990462,0.8344509751410717,13753,100,0.05,0.2,46,8,0.74375
15384.999999999964,15385.0,12618.378560655085,5075,0.3298667533311675,0.8201741020900302,11637,100,0.05,0.2,47,5,0.602
13574.999999999975,13575.0,10993.313308552611,4652,0.34268876611418114,0.8098205015508385,10320,100,0.05,0.2,48,4,0.3
14474.999999999982,14475.0,12013.444031583944,4535,0.31329879101899866,0.829944319971258,10882,100,0.05,0.2,49,3,0.7
14574.999999999982,14575.0,12012.55124858995,4707,0.32295025728988036,0.824188764911833,10993,100,0.05,0.2,50,3,0.7333333333333333
13424.99999999999,13425.0,10948.757349580816,4501,0.33527001862197414,0.8155498956857223,10176,100,0.05,0.2,51,2,0.525
15614.999999999929,15615.0,12659.575328580313,5360,0.343259686199169,0.8107316893103023,11873,100,0.05,0.2,52,7,0.46285714285714286
15174.999999999944,15175.0,12442.268181485226,4984,0.32843492586491063,0.819918825798041,11475,100,0.05,0.2,53,6,0.4666666666666666
14944.999999999973,14945.0,12318.373167752305,4820,0.32251589160254324,0.8242471172801825,11272,100,0.05,0.2,54,4,0.6425
13944.999999999982,13945.0,11411.58041202006,4617,0.3310864108999646,0.8183277455733291,10553,100,0.05,0.2,55,3,0.5233333333333333
13694.999999999982,13695.0,11140.059133595296,4631,0.33815261044176753,0.8134398783202126,10395,100,0.05,0.2,56,3,0.44
14514.999999999955,14515.0,11835.072771216915,4849,0.3340682053048581,0.8153684306728869,10998,100,0.05,0.2,57,5,0.428
17874.999999999487,17875.0,14849.538292485317,5582,0.3122797202797292,0.8307434009782234,13431,100,0.05,0.2,58,10,0.55
14244.999999999744,14245.0,11512.750214435995,4909,0.34461214461215084,0.8081958732492946,10836,100,0.05,0.2,59,6,0.3116666666666667
13354.999999999973,13355.0,10746.802198793835,4692,0.3513290902283796,0.8047025233091619,10192,100,0.05,0.2,60,3,0.32666666666666666
14294.999999999982,14295.0,11662.213233344688,4794,0.3353620146904516,0.8158246403179226,10836,100,0.05,0.2,61,3,0.64
13764.999999999609,13765.0,11085.844464901811,4820,0.3501634580457782,0.8053646541883128,10494,100,0.05,0.2,62,4,0.3475
13174.99999999999,13175.0,10783.287416182504,4337,0.3291840607210628,0.8184658380404183,9964,100,0.05,0.2,63,2,0.4
13284.999999999573,13285.0,10585.200871971883,4808,0.36191193074897665,0.7967783870509766,10178,100,0.05,0.2,64,4,0.2275
16124.999999999945,16125.0,13277.905990780313,5250,0.3255813953488383,0.8234360304359912,12176,100,0.05,0.2,65,6,0.625
15664.999999999945,15665.0,12909.407325667567,5049,0.3223108841366114,0.8240923923183922,11815,100,0.05,0.2,66,6,0.5483333333333333
16034.999999999465,16035.0,13199.571110456227,5199,0.3242282507016011,0.8231725045498389,12104,100,0.05,0.2,67,7,0.5228571428571428
14004.99999999998,14005.0,11596.792983407098,4433,0.3165298107818641,0.8280466250201438,10543,100,0.05,0.2,68,3,0.5433333333333333
13954.999999999982,13955.0,11313.85025090928,4793,0.34346112504478726,0.8107381046871583,10613,100,0.05,0.2,69,3,0.5266666666666666
12644.999999999982,12645.0,10244.106476408766,4332,0.3425860023724797,0.8101309985297572,9614,100,0.05,0.2,70,2,0.135
15324.999999999927,15325.0,12362.780330491989,5340,0.3484502446982072,0.8067067099831678,11678,100,0.05,0.2,71,7,0.4214285714285715
14994.999999999982,14995.0,12441.614344609783,4739,0.31603867955985365,0.8297175288169255,11282,100,0.05,0.2,72,3,0.8733333333333333
13184.999999999638,13185.0,10578.03041685905,4675,0.3545695866515077,0.8022776197845537,10072,100,0.05,0.2,73,3,0.27
12784.99999999999,12785.0,10407.945402431746,4310,0.3371138052405165,0.8140747283873095,9700,100,0.05,0.2,74,1,0.41
15444.999999999964,15445.0,12759.969337737433,4939,0.3197798640336686,0.8261553472151157,11637,100,0.05,0.2,75,5,0.614
14864.999999999973,14865.0,12159.142547893742,4940,0.33232425159771334,0.8179712443924496,11254,100,0.05,0.2,76,4,0.6225
15544.999999999949,15545.0,12687.510295562315,5206,0.3348986812479908,0.8161794979454716,11781,100,0.05,0.2,77,6,0.5283333333333333
12794.999999999982,12795.0,10367.18705821401,4372,0.341695974990231,0.8102529939987515,9726,100,0.05,0.2,78,2,0.21
12414.999999999993,12415.0,10107.954664520415,4167,0.3356423681031013,0.8141727478469932,9414,100,0.05,0.2,79,1,0.04
16794.999999999738,16795.0,14207.107992128285,4854,0.28901458767490773,0.8459129498141416,12518,100,0.05,0.2,80,6,0.7366666666666667
15144.999999999955,15145.0,12465.108001938834,4909,0.32413337735226244,0.8230510400751978,11432,100,0.05,0.2,81,5,0.5539999999999999
15474.999999999955,15475.0,12676.347561502089,5102,0.32969305331179416,0.8191500847497335,11707,100,0.05,0.2,82,6,0.5166666666666666
16284.999999999936,16285.0,13299.173940512248,5493,0.33730426773104216,0.8166517617753946,12355,100,0.05,0.2,83,6,0.6516666666666667
13874.999999999964,13875.0,11218.261340332556,4786,0.34493693693693783,0.8085233398437899,10557,100,0.05,0.2,84,4,0.375
14404.999999999814,14405.0,11899.439377550394,4600,0.31933356473447133,0.8260631292988926,10853,100,0.05,0.2,85,4,0.5075
12994.999999999982,12995.0,10537.571707941072,4433,0.34113120430935023,0.8108943215037389,9873,100,0.05,0.2,86,2,0.31
15784.999999999955,15785.0,13104.067212129205,4944,0.31320874247703606,0.830159468617627,11867,100,0.05,0.2,87,6,0.5683333333333334
15324.999999999936,15325.0,12543.830654947455,5042,0.3290048939641123,0.8185207605185975,11590,100,0.05,0.2,88,7,0.4214285714285715
14014.999999999964,14015.0,11418.673193501925,4699,0.33528362468783535,0.8147465710668537,10623,100,0.05,0.2,89,4,0.41
14024.999999999856,14025.0,11530.810357472628,4560,0.3251336898395755,0.8221611663082172,10589,100,0.05,0.2,90,3,0.55
13494.999999999975,13495.0,10995.94322920958,4518,0.3347906632085964,0.8148160970144203,10228,100,0.05,0.2,91,3,0.37333333333333335
15584.999999999709,15585.0,12707.284426658389,5230,0.33557908245108103,0.8153535082873677,11812,100,0.05,0.2,92,7,0.4585714285714285
16594.99999999985,16595.0,13742.42764215979,5268,0.31744501355830357,0.8281065165507631,12496,100,0.05,0.2,93,7,0.6028571428571429
14724.999999999955,14725.0,12060.805839578054,4842,0.32882852292020476,0.8190700060834017,11133,100,0.05,0.2,94,5,0.47
16224.99999999969,16225.0,13274.674666446415,5375,0.3312788906009308,0.8181617668071907,12278,100,0.05,0.2,95,8,0.48125
13614.99999999999,13615.0,11139.438832364938,4523,0.33220712449504247,0.818173986952989,10310,100,0.05,0.2,96,2,0.62
13314.999999999985,13315.0,10883.349553331454,4417,0.3317311303041686,0.8173751072723595,10080,100,0.05,0.2,97,2,0.47
15654.999999999955,15655.0,12902.124146821716,5050,0.32258064516129126,0.8241535705411532,11808,100,0.05,0.2,98,6,0.5466666666666666
13594.999999999956,13595.0,10860.049148139242,4867,0.3579992644354554,0.7988267118896121,10401,100,0.05,0.2,99,5,0.244
13444.999999999964,13445.0,10818.882451528902,4705,0.3499442171811092,0.8046770138734795,10249,100,0.05,0.2,100,4,0.2675
12375.0,12375.0,10104.043126392524,4124,0.33325252525252524,0.8164883334458605,9374,100,0.05,0.2,101,0,0.0
12924.999999999982,12925.0,10433.864935871079,4484,0.3469245647969057,0.8072622774368351,9843,100,0.05,0.2,102,2,0.275
17384.999999999905,17385.0,14283.038104689052,5703,0.328041415012944,0.8215725110548824,13143,100,0.05,0.2,103,9,0.5566666666666666
14794.999999999965,14795.0,12188.928070179092,4789,0.3236904359580947,0.8238545501979805,11165,100,0.05,0.2,104,4,0.605
15694.999999999964,15695.0,12963.360578954824,5045,0.3214399490283537,0.8259547995511216,11833,100,0.05,0.2,105,5,0.664
14564.999999999962,14565.0,12024.131881345946,4644,0.31884654994850753,0.8255497343869534,10972,100,0.05,0.2,106,5,0.43799999999999994
13594.999999999583,13595.0,10806.97078278618,4952,0.36425156307467094,0.7949224555194198,10429,100,0.05,0.2,107,5,0.244
14064.999999999964,14065.0,11485.192532125873,4673,0.33224315677213023,0.8165796325720514,10649,100,0.05,0.2,108,4,0.4225
14144.999999999982,14145.0,11517.502658996873,4772,0.33736302580417155,0.814245504347606,10729,100,0.05,0.2,109,3,0.59
14464.999999999945,14465.0,11683.537456609614,4990,0.3449706187348786,0.8077108507853203,11006,100,0.05,0.2,110,6,0.3483333333333334
13954.999999999955,13955.0,11349.63028032189,4695,0.336438552490148,0.8133020623663151,10584,100,0.05,0.2,111,5,0.316
14774.999999999984,14775.0,12197.980877997796,4738,0.320676818950931,0.8255824621318314,11137,100,0.05,0.2,112,3,0.8
15574.999999999929,15575.0,12620.589823776038,5351,0.34356340288924714,0.8103107430995887,11848,100,0.05,0.2,113,7,0.45714285714285713
16184.999999999893,16185.0,13561.337599956654,4886,0.3018844609206075,0.8378954340411952,12117,100,0.05,0.2,114,6,0.635
14584.999999999973,14585.0,11908.987257529508,4888,0.33513884127528343,0.8165229521789188,11055,100,0.05,0.2,115,4,0.5525
14744.999999999967,14745.0,12065.971469384469,4907,0.3327907765344192,0.81830935702845,11168,100,0.05,0.2,116,4,0.5925
14364.999999999982,14365.0,11793.264921131895,4720,0.32857640097459145,0.8209721490519951,10861,100,0.05,0.2,117,3,0.6633333333333333
15564.999999999945,15565.0,12700.31879521139,5232,0.3361387728878907,0.815953664967005,11803,100,0.05,0.2,118,6,0.5316666666666666
15134.999999999982,15135.0,12386.996306611214,5040,0.3330029732408329,0.8184338491318949,11464,100,0.05,0.2,119,4,0.69
13634.999999999982,13635.0,11054.744569640672,4668,0.3423542354235428,0.8107623446747845,10364,100,0.05,0.2,120,3,0.42
13734.999999999973,13735.0,11183.296808186742,4630,0.3370950127411729,0.8142189157762478,10420,100,0.05,0.2,121,3,0.45333333333333337
13424.99999999999,13425.0,10957.590405741577,4492,0.33459962756052164,0.8162078514518871,10174,100,0.05,0.2,122,2,0.525
14564.999999999975,14565.0,12110.491216296723,4532,0.31115688293855187,0.8314789712527803,10942,100,0.05,0.2,123,3,0.73
12704.99999999999,12705.0,10316.026730287203,4324,0.34033844942935876,0.8119658977006856,9651,100,0.05,0.2,124,1,0.33
18194.999999999556,18195.0,15263.77959418927,5490,0.3017312448474929,0.8388996754157538,13619,100,0.05,0.2,125,8,0.7275
17614.999999999898,17615.0,14858.790243488791,5190,0.29463525404484986,0.8435305275894907,13152,100,0.05,0.2,126,7,0.7485714285714287
16014.999999999913,16015.0,13170.195423758854,5221,0.3260068685607261,0.8223662456296551,12095,100,0.05,0.2,127,6,0.6066666666666667
17384.99999999931,17385.0,14405.263881650477,5537,0.31849295369572733,0.8286030417975869,13094,100,0.05,0.2,128,8,0.62625
14864.999999999982,14865.0,12324.201698284562,4687,0.31530440632357926,0.829075122656211,11183,100,0.05,0.2,129,3,0.83
13724.99999999999,13725.0,11233.576345047019,4556,0.3319489981785066,0.8184755078358489,10392,100,0.05,0.2,130,2,0.675
14844.999999999947,14845.0,12124.356374669962,4927,0.331896261367465,0.8167299679804652,11238,100,0.05,0.2,131,6,0.4116666666666666
15654.999999999955,15655.0,12830.464040711855,5165,0.32992654104120184,0.8195761124696195,11843,100,0.05,0.2,132,6,0.5466666666666666
14484.999999999965,14485.0,11871.06471635968,4770,0.3293061788056618,0.8195419203562104,10957,100,0.05,0.2,133,4,0.5275
16234.999999999947,16235.0,13415.082090691802,5195,0.3199876809362499,0.8263062575110468,12232,100,0.05,0.2,134,6,0.6433333333333333
15104.999999999927,15105.0,12084.55657026767,5395,0.35716650115855847,0.8000368467572148,11549,100,0.05,0.2,135,8,0.34125
14074.999999999416,14075.0,11470.982412156021,4697,0.3337122557726604,0.8149898694249732,10664,100,0.05,0.2,136,6,0.2833333333333333
14214.999999999982,14215.0,11565.431141985151,4816,0.3387970453746047,0.8136075372483409,10792,100,0.05,0.2,137,3,0.6133333333333334
14674.999999999964,14675.0,12089.190936534998,4738,0.3228620102214659,0.8237949530858623,11071,100,0.05,0.2,138,4,0.575
15084.999999999945,15085.0,12274.796434157248,5093,0.33762015246934163,0.8137087460495388,11443,100,0.05,0.2,139,6,0.45166666666666666
14894.999999999956,14895.0,12202.338607824315,4918,0.3301779120510248,0.8192238071718262,11270,100,0.05,0.2,140,5,0.504
15594.999999999909,15595.0,12744.120899457852,5205,0.33376082077589164,0.8171927476407775,11815,100,0.05,0.2,141,6,0.5366666666666666
14714.999999999955,14715.0,11935.98330679127,5039,0.3424396873938169,0.8111439556093311,11185,100,0.05,0.2,142,5,0.46799999999999997
12375.0,12375.0,10104.043126392524,4124,0.33325252525252524,0.8164883334458605,9374,100,0.05,0.2,143,0,0.0
15474.999999999947,15475.0,12598.997479958467,5235,0.3382875605815844,0.8141516949892413,11745,100,0.05,0.2,144,6,0.5166666666666666
14204.999999999945,14205.0,11349.06196564281,5100,0.35902851108764655,0.7989483960325838,10872,100,0.05,0.2,145,6,0.305
14834.999999999964,14835.0,12361.210600098997,4595,0.3097404785979111,0.8332464172631633,11139,100,0.05,0.2,146,3,0.82
16394.99999999994,16395.0,13582.609009317754,5163,0.3149130832570917,0.8284604458260324,12334,100,0.05,0.2,147,7,0.5742857142857143
15844.999999999927,15845.0,12830.721628185995,5460,0.3445881981697712,0.8097646972663965,12055,100,0.05,0.2,148,8,0.43375
14084.999999999965,14085.0,11517.516116767543,4655,0.33049343272985526,0.8177150242646484,10657,100,0.05,0.2,149,4,0.4275
13924.999999999964,13925.0,11304.774986703605,4729,0.33960502692998296,0.8118330331564549,10574,100,0.05,0.2,150,4,0.3875
13125.0,13125.0,10797.033736170313,4254,0.3241142857142857,0.8226311418034524,9908,100,0.05,0.2,151,1,0.75
14464.999999999982,14465.0,11809.548996468915,4836,0.3343242309021781,0.8164223295173819,10960,100,0.05,0.2,152,4,0.5225
13634.999999999975,13635.0,11081.296291499468,4624,0.33912724605793976,0.8127096656765301,10350,100,0.05,0.2,153,3,0.42
14644.999999999472,14645.0,11942.067136806436,4907,0.33506316148857473,0.8154364722981814,11102,100,0.05,0.2,154,5,0.45399999999999996
14424.999999999964,14425.0,11688.90232228843,4934,0.3420450606585797,0.8103225180095985,10963,100,0.05,0.2,155,5,0.41
15364.999999999956,15365.0,12641.738310058463,5010,0.32606573381060944,0.8227620117187439,11605,100,0.05,0.2,156,5,0.598
15114.999999999729,15115.0,12165.796213154128,5308,0.35117433013563315,0.8048823164508334,11531,100,0.05,0.2,157,7,0.39142857142857146
15224.999999999936,15225.0,12321.275806506383,5254,0.34509031198686513,0.8092791991137231,11587,100,0.05,0.2,158,7,0.40714285714285714
14434.999999999985,14435.0,11804.74173796276,4803,0.33273294076896465,0.8177860573580029,10931,100,0.05,0.2,159,3,0.6866666666666668
17644.99999999991,17645.0,14473.47634467958,5811,0.3293284216491941,0.8202593564567671,13342,100,0.05,0.2,160,9,0.5855555555555556
15354.999999999982,15355.0,12600.69472291111,5059,0.3294692282644094,0.8206248598444237,11613,100,0.05,0.2,161,4,0.745
14194.99999999989,14195.0,11562.368593847837,4749,0.334554420570626,0.8145381186226084,10757,100,0.05,0.2,162,5,0.364
14134.999999999955,14135.0,11376.022041996916,4962,0.35104350902016385,0.8048123128402513,10778,100,0.05,0.2,163,5,0.35200000000000004
14924.999999999382,14925.0,12088.29961160752,5103,0.34190954773870763,0.8099363223857969,11341,100,0.05,0.2,164,7,0.3642857142857143
14374.999999999982,14375.0,11825.907470465001,4681,0.32563478260869605,0.822671824032349,10855,100,0.05,0.2,165,3,0.6666666666666667
16114.999999999947,16115.0,13332.323409668696,5122,0.3178405212534916,0.8273238231255811,12132,100,0.05,0.2,166,6,0.6233333333333334
13264.999999999984,13265.0,10816.651399578339,4444,0.3350169619298911,0.8154279230741314,10053,100,0.05,0.2,167,2,0.445
13345.0,13345.0,10927.93518922948,4415,0.33083551892094415,0.8188786203993615,10098,100,0.05,0.2,168,1,0.97
15814.999999999947,15815.0,12991.208469576643,5163,0.32646221941195175,0.8214485279529994,11947,100,0.05,0.2,169,6,0.5733333333333334
14444.999999999945,14445.0,11660.062928646636,4993,0.34565593631014324,0.8072040795186348,10995,100,0.05,0.2,170,6,0.345
14994.999999999982,14995.0,12354.993626060676,4833,0.3223074358119377,0.8239408887002795,11311,100,0.05,0.2,171,4,0.655
17314.999999999338,17315.0,14256.78601578863,5646,0.32607565694485796,0.8233777658555689,13076,100,0.05,0.2,172,9,0.5488888888888889
16184.999999999945,16185.0,13410.111017437539,5131,0.31702193388940486,0.8285518083063074,12184,100,0.05,0.2,173,6,0.635
13344.999999999982,13345.0,10895.281891718087,4453,0.33368302735106825,0.816431764085283,10110,100,0.05,0.2,174,2,0.485
17824.999999999793,17825.0,14725.698200764436,5735,0.32173913043478636,0.8261261262701042,13443,100,0.05,0.2,175,10,0.545
16374.999999999929,16375.0,13456.96241727677,5363,0.32751145038168084,0.8217992315894247,12377,100,0.05,0.2,176,7,0.5714285714285715
14404.999999999965,14405.0,11708.870889201915,4903,0.340367927802847,0.812833800014019,10940,100,0.05,0.2,177,4,0.5075
14154.999999999964,14155.0,11529.655567275178,4771,0.33705404450724213,0.8145288284899476,10736,100,0.05,0.2,178,4,0.445
14154.99999999999,14155.0,11706.099158131201,4529,0.3199576121511835,0.8269939355797392,10667,100,0.05,0.2,179,2,0.89
12904.999999999973,12905.0,10358.902330845684,4545,0.3521890740023254,0.8027045587637122,9849,100,0.05,0.2,180,3,0.17666666666666667
13764.999999999494,13765.0,11262.763759397325,4531,0.32916818016710253,0.8182174906936244,10412,100,0.05,0.2,181,4,0.3475
13454.999999999984,13455.0,11026.010497909025,4426,0.3289483463396511,0.8194730953481262,10174,100,0.05,0.2,182,2,0.54
14594.999999999973,14595.0,11993.417673874288,4757,0.3259335388831798,0.8217483846436664,11025,100,0.05,0.2,183,4,0.555
12404.99999999999,12405.0,10106.258333329903,4156,0.33502619911326104,0.8146923283619436,9404,100,0.05,0.2,184,1,0.03
15194.999999999955,15195.0,12359.974413403932,5151,0.3389930898321826,0.8134237850216498,11533,100,0.05,0.2,185,6,0.47
14774.999999999964,14775.0,12031.090453487575,4982,0.3371912013536387,0.8142870019280951,11208,100,0.05,0.2,186,5,0.48
14574.999999999964,14575.0,12029.822837431984,4656,0.3194511149228138,0.8253737795836716,10983,100,0.05,0.2,187,4,0.55
13584.99999999999,13585.0,11121.012881028413,4500,0.3312476996687525,0.8186244299616062,10284,100,0.05,0.2,188,2,0.605
16664.999999999927,16665.0,13791.24169536592,5295,0.3177317731773191,0.8275572574477036,12547,100,0.05,0.2,189,7,0.6128571428571429
17484.999999999654,17485.0,14539.127466942176,5409,0.3093508721761571,0.831520015266941,13126,100,0.05,0.2,190,10,0.511
12375.0,12375.0,10104.043126392524,4124,0.33325252525252524,0.8164883334458605,9374,100,0.05,0.2,191,0,0.0
12964.999999999982,12965.0,10562.546922972706,4342,0.33490165831083735,0.8146970245254702,9827,100,0.05,0.2,192,2,0.295
15394.999999999936,15395.0,12522.999540844825,5201,0.33783696005196634,0.8134458941763479,11681,100,0.05,0.2,193,7,0.43142857142857144
13094.999999999973,13095.0,10589.750587242366,4519,0.3450935471554035,0.808686566417899,9968,100,0.05,0.2,194,3,0.24
13264.999999999984,13265.0,10801.196577231616,4470,0.33697700716170415,0.8142628403491616,10063,100,0.05,0.2,195,2,0.445
13324.999999999973,13325.0,10775.074825726273,4593,0.3446904315197005,0.8086360094353693,10135,100,0.05,0.2,196,3,0.31666666666666665
14594.999999999955,14595.0,11936.227104910502,4828,0.3307982185680038,0.8178298804323768,11044,100,0.05,0.2,197,5,0.444
16954.99999999992,16955.0,13824.154856626841,5710,0.3367738130345047,0.8153438429151817,12857,100,0.05,0.2,198,9,0.5088888888888888
14074.999999999955,14075.0,11452.187018207482,4741,0.3368383658969816,0.8136544950769108,10674,100,0.05,0.2,199,5,0.34
16684.999999999665,16685.0,13952.73906801072,5104,0.30590350614324857,0.8362444751579862,12508,100,0.05,0.2,200,6,0.7183333333333333
13844.999999999982,13845.0,11222.233177937445,4743,0.34257854821235145,0.8105621652536988,10525,100,0.05,0.2,201,3,0.49
15444.999999999964,15445.0,12665.070765692524,5085,0.3292327614114608,0.820011056373749,11680,100,0.05,0.2,202,5,0.614
13854.999999999982,13855.0,11203.191844291518,4789,0.3456513893901123,0.8086028036298472,10545,100,0.05,0.2,203,3,0.49333333333333335
12874.99999999999,12875.0,10517.244767523485,4286,0.33289320388349536,0.8168733800018246,9751,100,0.05,0.2,204,1,0.5
15414.999999999955,15415.0,12726.195326962397,4955,0.3214401556925082,0.8255721911749877,11621,100,0.05,0.2,205,5,0.608
15544.999999999949,15545.0,12584.842768187444,5376,0.34583467352846686,0.8095749609641354,11835,100,0.05,0.2,206,6,0.5283333333333333
13704.999999999973,13705.0,11136.168887907543,4627,0.3376140094855899,0.812562487260676,10400,100,0.05,0.2,207,4,0.3325
14784.999999999483,14785.0,12056.791758174815,4958,0.3353398714913881,0.8154745862817204,11208,100,0.05,0.2,208,5,0.48200000000000004
17614.99999999991,17615.0,14435.892681091807,5814,0.33005960828839226,0.8195227181999365,13325,100,0.05,0.2,209,9,0.5822222222222222
14124.999999999965,14125.0,11465.083405714933,4815,0.3408849557522132,0.8116873207585813,10732,100,0.05,0.2,210,4,0.4375
14974.999999999956,14975.0,12341.336536210338,4814,0.32146911519198756,0.8241293179439315,11293,100,0.05,0.2,211,5,0.52
14874.999999999945,14875.0,12199.478984776339,4858,0.32658823529411884,0.8201330409933704,11239,100,0.05,0.2,212,6,0.41666666666666663
14364.999999999964,14365.0,11736.215211898594,4786,0.3331709014966942,0.8170007108874782,10881,100,0.05,0.2,213,4,0.4975
15334.999999999936,15335.0,12352.041430468065,5358,0.3493968046951433,0.8054803671645332,11694,100,0.05,0.2,214,8,0.37
13554.999999999984,13555.0,11021.293367840271,4593,0.33884175580966475,0.8130795549863729,10290,100,0.05,0.2,215,3,0.39333333333333337
13844.99999999999,13845.0,11434.396245539156,4429,0.31989888046226095,0.8258863304831465,10434,100,0.05,0.2,216,2,0.735
15394.999999999964,15395.0,12545.671265420602,5199,0.33770704774277444,0.8149185622228406,11679,100,0.05,0.2,217,5,0.604
15124.999999999936,15125.0,12326.580527461752,5055,0.33421487603305927,0.8149805307412763,11460,100,0.05,0.2,218,7,0.39285714285714285
13624.999999999975,13625.0,11084.899074867573,4597,0.33739449541284466,0.8135705743022087,10337,100,0.05,0.2,219,3,0.41666666666666663
12384.99999999999,12385.0,10104.29252842573,4134,0.33379087605974994,0.8158492150525425,9384,100,0.05,0.2,220,1,0.01
14544.999999999982,14545.0,12007.887720161278,4681,0.32182880715022383,0.8255680797635815,10970,100,0.05,0.2,221,3,0.7233333333333333
15084.999999999964,15085.0,12354.587305936182,4989,0.33072588664236074,0.818998164132331,11412,100,0.05,0.2,222,5,0.542
16304.999999999918,16305.0,13270.037961513139,5524,0.3387917816620685,0.8138631071151919,12377,100,0.05,0.2,223,8,0.49125
16294.999999999938,16295.0,13366.032227254278,5363,0.3291193617674146,0.8202535886624319,12323,100,0.05,0.2,224,7,0.56
13584.999999999982,13585.0,11102.039339688898,4513,0.3322046374677958,0.8172277762008768,10289,100,0.05,0.2,225,3,0.4033333333333334
16084.999999999938,16085.0,13305.048947673959,5131,0.3189928504818166,0.827171212164999,12118,100,0.05,0.2,226,6,0.6183333333333334
15944.999999999936,15945.0,12885.958152190304,5536,0.3471934775791798,0.8081504015171123,12144,100,0.05,0.2,227,7,0.51
16074.999999999947,16075.0,13208.78637498539,5262,0.32734059097978335,0.8216974416787206,12149,100,0.05,0.2,228,6,0.6166666666666667
16364.99999999949,16365.0,13419.092648163287,5406,0.3303391384051432,0.8199873295547635,12380,100,0.05,0.2,229,7,0.57
14914.999999999964,14915.0,12242.226002651618,4876,0.32691920885015163,0.8207995978981997,11269,100,0.05,0.2,230,5,0.508
18354.999999999814,18355.0,15164.743898266037,5884,0.3205666031054241,0.8261914409297842,13836,100,0.05,0.2,231,10,0.598
13075.0,13075.0,10748.289980271275,4248,0.32489483747609943,0.8220489468658718,9872,100,0.05,0.2,232,1,0.7
15414.999999999945,15415.0,12582.318844314803,5165,0.33506325008109106,0.8162386535397241,11683,100,0.05,0.2,233,6,0.5066666666666666
13134.999999999978,13135.0,10714.657134038405,4369,0.33262276360867965,0.8157333181605194,9947,100,0.05,0.2,234,3,0.2533333333333333
14094.99999999982,14095.0,11406.200835510366,4840,0.3433841787868082,0.8092373774750274,10716,100,0.05,0.2,235,5,0.344
14274.999999999982,14275.0,11687.999721937025,4735,0.33169877408056087,0.8187740610814038,10806,100,0.05,0.2,236,3,0.6333333333333333
13195.0,13195.0,10855.271415307858,4283,0.32459264873057975,0.8226806680794132,9963,100,0.05,0.2,237,1,0.82
14824.999999999947,14825.0,12013.433626569882,5068,0.3418549747048916,0.8103496544060658,11267,100,0.05,0.2,238,6,0.4083333333333334
16924.99999999993,16925.0,14106.957060259298,5238,0.3094830132939451,0.8334982014924287,12704,100,0.05,0.2,239,7,0.65
13195.0,13195.0,10855.271415307858,4283,0.32459264873057975,0.8226806680794132,9963,100,0.05,0.2,240,1,0.82
13894.99999999999,13895.0,11404.383696631752,4561,0.32824757106873,0.8207544941800474,10503,100,0.05,0.2,241,2,0.76
14194.999999999982,14195.0,11655.816895438942,4648,0.3274392391687218,0.821121302954488,10727,100,0.05,0.2,242,3,0.6066666666666667
15834.999999999949,15835.0,13023.965505943257,5140,0.32459741079886434,0.8224796656737163,11953,100,0.05,0.2,243,6,0.5766666666666667
12794.99999999999,12795.0,10419.900071497812,4308,0.3366940211019932,0.8143728074636827,9706,100,0.05,0.2,244,1,0.42
15144.999999999962,15145.0,12394.914985589856,5030,0.33212281280950895,0.818416308061399,11467,100,0.05,0.2,245,5,0.5539999999999999
13804.99999999999,13805.0,11374.957472447972,4461,0.32314378848243414,0.823973739402244,10416,100,0.05,0.2,246,2,0.715
14944.999999999545,14945.0,11924.353965728811,5396,0.36105720976916456,0.7978825002160705,11447,100,0.05,0.2,247,7,0.36714285714285716
15634.999999999947,15635.0,12944.693024556433,4967,0.31768468180364673,0.8279304780656525,11770,100,0.05,0.2,248,5,0.652
15504.999999999936,15505.0,12716.155374168708,5092,0.32841019026120744,0.8201325620231383,11723,100,0.05,0.2,249,6,0.5216666666666666
14954.999999999956,14955.0,12185.346014783498,5048,0.3375459712470755,0.8148008033957561,11346,100,0.05,0.2,250,5,0.516
15024.999999999938,15025.0,12228.441744555992,5067,0.337237936772048,0.8138729946459928,11396,100,0.05,0.2,251,6,0.44166666666666665
15234.999999999929,15235.0,12280.972172429987,5319,0.34913029209058255,0.806102538393833,11615,100,0.05,0.2,252,7,0.40857142857142853
13794.999999999975,13795.0,11276.161470110297,4576,0.3317143892714758,0.8174093128024877,10443,100,0.05,0.2,253,3,0.4733333333333334
12434.99999999999,12435.0,10112.723545118797,4189,0.3368717330116609,0.8132467667968479,9433,100,0.05,0.2,254,1,0.06
13934.999999999982,13935.0,11272.274726070154,4824,0.3461786867599574,0.8089181719461909,10609,100,0.05,0.2,255,3,0.52
15424.999999999964,15425.0,12703.41833917153,4996,0.32388978930308016,0.8235603461375404,11638,100,0.05,0.2,256,5,0.61
14874.999999999956,14875.0,12095.037722140434,5067,0.34063865546218586,0.8131117796396954,11302,100,0.05,0.2,257,5,0.5
13664.999999999547,13665.0,11026.43630099924,4741,0.3469447493596895,0.8069108160263158,10406,100,0.05,0.2,258,4,0.3225
15824.999999999964,15825.0,13129.588245638157,4986,0.3150710900473941,0.8296738227891429,11904,100,0.05,0.2,259,5,0.69
15514.999999999936,15515.0,12499.693896252002,5444,0.35088623912343037,0.8056522008541446,11832,100,0.05,0.2,260,7,0.44857142857142857
16694.99999999992,16695.0,13694.269513194185,5497,0.32926025756214594,0.820261725857697,12629,100,0.05,0.2,261,8,0.54
15614.999999999554,15615.0,12443.930146862465,5681,0.3638168427793892,0.7969215591971066,11979,100,0.05,0.2,262,8,0.405
13554.999999999727,13555.0,10869.954346730054,4811,0.35492438214681643,0.801914743395815,10359,100,0.05,0.2,263,4,0.295
14614.999999999965,14615.0,11969.419263272543,4837,0.33096134108792413,0.8189818175349005,11061,100,0.05,0.2,264,4,0.56
16664.999999999236,16665.0,13765.022611677241,5320,0.31923192319233384,0.8259839550961819,12556,100,0.05,0.2,265,9,0.4766666666666666
14554.999999999965,14555.0,11976.109865060507,4718,0.32414977670903544,0.8228175791865706,10985,100,0.05,0.2,266,4,0.545
14114.99999999999,14115.0,11669.622851660637,4511,0.3195890896209708,0.8267533015700067,10636,100,0.05,0.2,267,2,0.87
15924.999999999964,15925.0,13275.768810129208,4913,0.30850863422292063,0.8336432533833117,11949,100,0.05,0.2,268,5,0.71
13434.999999999965,13435.0,10854.977084268769,4638,0.3452177149237076,0.8079625667487009,10223,100,0.05,0.2,269,4,0.265
13384.999999999965,13385.0,10741.404819668602,4726,0.35308180799402406,0.8024956906737862,10220,100,0.05,0.2,270,4,0.2525
14354.999999999973,14355.0,11693.288994119666,4834,0.3367467781260891,0.8145795189216084,10888,100,0.05,0.2,271,4,0.495
16584.999999999956,16585.0,13853.976956094592,5083,0.30648176062707344,0.8353317429059167,12436,100,0.05,0.2,272,6,0.7016666666666667
13894.99999999982,13895.0,11324.536083213181,4654,0.33494062612450953,0.8150079944737911,10532,100,0.05,0.2,273,4,0.38
16554.9999999997,16555.0,13699.425444156193,5279,0.3188764723648502,0.8275098425947713,12471,100,0.05,0.2,274,7,0.5971428571428572
15744.9999999999,15745.0,12770.542960266,5377,0.3415052397586557,0.811085611957198,11965,100,0.05,0.2,275,8,0.42125
15794.999999999936,15795.0,12971.739185629658,5180,0.32795188350744037,0.8212560421417987,11939,100,0.05,0.2,276,6,0.57
12434.99999999999,12435.0,10112.723545118797,4189,0.3368717330116609,0.8132467667968479,9433,100,0.05,0.2,277,1,0.06
15724.99999999969,15725.0,12735.36758401557,5397,0.34321144674086523,0.8098802915113399,11955,100,0.05,0.2,278,8,0.41875
15144.999999999973,15145.0,12532.913368407191,4816,0.31799273687685764,0.8275281194062208,11403,100,0.05,0.2,279,4,0.6925
14374.999999999964,14375.0,11780.175614140877,4735,0.32939130434782693,0.8194904775054543,10872,100,0.05,0.2,280,4,0.5
13434.999999999627,13435.0,10733.183474626465,4832,0.35965761071828317,0.7988971696782109,10282,100,0.05,0.2,281,4,0.265
14834.999999999973,14835.0,12123.729933481676,4946,0.3334007414897209,0.8172382833489517,11238,100,0.05,0.2,282,4,0.615
13264.999999999985,13265.0,10809.484145878561,4457,0.3359969845457976,0.814887609941845,10057,100,0.05,0.2,283,2,0.445
14014.999999999975,14015.0,11471.634473779226,4641,0.3311452015697473,0.8185254708369066,10609,100,0.05,0.2,284,3,0.5466666666666666
15814.999999999947,15815.0,13013.529402126076,5146,0.3253872905469502,0.8228599052877723,11941,100,0.05,0.2,285,6,0.5733333333333334
14504.999999999967,14505.0,11791.018085814303,4939,0.3405032747328515,0.8128933530378717,11019,100,0.05,0.2,286,4,0.5325
12375.0,12375.0,10104.043126392524,4124,0.33325252525252524,0.8164883334458605,9374,100,0.05,0.2,287,0,0.0
13954.999999999973,13955.0,11203.852350865747,4941,0.35406664278036615,0.8028557757696717,10656,100,0.05,0.2,288,4,0.395
14174.999999999982,14175.0,11566.848641700122,4760,0.3358024691358029,0.8160034315132372,10749,100,0.05,0.2,289,3,0.6
12375.0,12375.0,10104.043126392524,4124,0.33325252525252524,0.8164883334458605,9374,100,0.05,0.2,290,0,0.0
15224.999999999964,15225.0,12435.784555065255,5082,0.3337931034482767,0.8168002991832699,11533,100,0.05,0.2,291,5,0.57
14384.999999999955,14385.0,11735.55399203633,4805,0.3340285019117146,0.8158188385148674,10900,100,0.05,0.2,292,5,0.402
16014.999999999909,16015.0,13009.454158418745,5450,0.34030596315953987,0.8123293261579031,12165,100,0.05,0.2,293,8,0.455
15674.999999999965,15675.0,13057.365258734244,4886,0.3117065390749608,0.833005758132968,11775,100,0.05,0.2,294,4,0.825
12684.999999999975,12685.0,10215.829750930665,4414,0.3479700433582979,0.8053472409090016,9664,100,0.05,0.2,295,3,0.10333333333333333
13714.999999999949,13715.0,10961.242972400525,4903,0.3574917973022252,0.7992156742545071,10490,100,0.05,0.2,296,5,0.268
14504.99999999969,14505.0,11850.257697619678,4815,0.33195449844881786,0.8169774352030287,10983,100,0.05,0.2,297,5,0.426
15074.999999999947,15075.0,12140.553426429926,5291,0.3509784411276961,0.8053435108742931,11501,100,0.05,0.2,298,6,0.45
15544.999999999964,15545.0,12751.996608374715,5113,0.3289160501769065,0.8203278615873107,11752,100,0.05,0.2,299,5,0.634
14664.999999999982,14665.0,12164.663887670713,4624,0.3153085577906584,0.8295031631551809,11033,100,0.05,0.2,300,3,0.7633333333333333
14854.999999999945,14855.0,11964.20943898925,5201,0.3501178054527108,0.8053994910124062,11328,100,0.05,0.2,301,6,0.41333333333333333
15764.999999999964,15765.0,13013.364188402616,5077,0.3220424992071051,0.8254591936823753,11891,100,0.05,0.2,302,5,0.6779999999999999
16044.99999999992,16045.0,13124.694948835939,5309,0.3308818946712388,0.8179928294693677,12141,100,0.05,0.2,303,8,0.45875
13064.999999999964,13065.0,10444.309335710052,4662,0.3568312284730205,0.7994113536708826,9991,100,0.05,0.2,304,4,0.1725
13384.999999999993,13385.0,10931.323227313333,4460,0.3332088158386255,0.8166845892650981,10138,100,0.05,0.2,305,2,0.505
17434.999999999814,17435.0,14382.450330176602,5637,0.32331517063378606,0.8249182867896045,13155,100,0.05,0.2,306,9,0.5622222222222222
16434.999999999924,16435.0,13416.505785784904,5515,0.3355643443869806,0.8163374375287475,12457,100,0.05,0.2,307,8,0.5075
15364.999999999945,15365.0,12501.861761353768,5195,0.33810608525870606,0.8136584289849537,11661,100,0.05,0.2,308,6,0.49833333333333335
13834.999999999973,13835.0,11173.73382088548,4802,0.34709071196241487,0.8076424879570294,10536,100,0.05,0.2,309,4,0.365
15684.999999999965,15685.0,12855.30347755353,5213,0.3323557539050055,0.8195921885593598,11876,100,0.05,0.2,310,5,0.662
14484.999999999967,14485.0,11851.047527539497,4803,0.33158439765274494,0.8181599949975508,10965,100,0.05,0.2,311,4,0.5275
16384.99999999995,16385.0,13594.79781019194,5174,0.3157766249618563,0.8297099670547441,12329,100,0.05,0.2,312,6,0.6683333333333333
15154.999999999363,15155.0,12232.19348686044,5249,0.3463543385021591,0.8071391281333523,11540,100,0.05,0.2,313,7,0.39714285714285713
13354.999999999964,13355.0,10695.335782480139,4746,0.35537251965556066,0.8008488043788968,10203,100,0.05,0.2,314,4,0.245
15204.999999999472,15205.0,12382.530335112904,5132,0.33752055244986373,0.8143722680113998,11536,100,0.05,0.2,315,6,0.4716666666666666
16004.999999999956,16005.0,13217.494372989153,5135,0.3208372383630124,0.8258353247728328,12065,100,0.05,0.2,316,6,0.605
14094.999999999949,14095.0,11378.12012153148,4881,0.3462930117062801,0.8072451310061384,10730,100,0.05,0.2,317,5,0.344
14454.999999999965,14455.0,11800.256670937295,4836,0.33455551712210385,0.8163442871627342,10953,100,0.05,0.2,318,4,0.52
15124.999999999975,15125.0,12413.951325021382,4967,0.3283966942148766,0.8207571123981093,11432,100,0.05,0.2,319,4,0.6875
14364.999999999955,14365.0,11676.628259048053,4860,0.338322311172991,0.8128526459483529,10901,100,0.05,0.2,320,5,0.39799999999999996
15894.999999999854,15895.0,13134.980681371333,5065,0.31865366467442885,0.8263592753300694,11972,100,0.05,0.2,321,6,0.5866666666666667
15054.999999999947,15055.0,12175.179978135835,5203,0.34559946861507923,0.8087133828054386,11458,100,0.05,0.2,322,6,0.44666666666666666
13874.999999999964,13875.0,11270.56731047732,4698,0.33859459459459545,0.812293139493863,10530,100,0.05,0.2,323,4,0.375
16264.999999999964,16265.0,13591.808102677142,4986,0.3065478020288971,0.8356475931556823,12196,100,0.05,0.2,324,5,0.778
15684.999999999964,15685.0,12881.163670258977,5152,0.3284666879183941,0.8212409098029332,11860,100,0.05,0.2,325,5,0.662
15084.999999999945,15085.0,12177.93404071478,5255,0.34835929731521503,0.8072876394242507,11496,100,0.05,0.2,326,6,0.45166666666666666
13974.999999999965,13975.0,11421.962944257873,4622,0.3307334525939185,0.8173139852778463,10575,100,0.05,0.2,327,4,0.4
15414.999999999936,15415.0,12388.351282555703,5453,0.3537463509568617,0.8036556135294034,11770,100,0.05,0.2,328,7,0.43428571428571433
17564.999999999898,17565.0,14513.04921441384,5629,0.3204668374608615,0.8262481761693097,13237,100,0.05,0.2,329,9,0.5766666666666667
15124.999999999985,15125.0,12538.661710884466,4798,0.3172231404958681,0.8290024271659159,11386,100,0.05,0.2,330,3,0.9166666666666667
16554.999999999956,16555.0,13749.860272017304,5221,0.3153729990939302,0.8305563438246657,12451,100,0.05,0.2,331,6,0.6966666666666668
17554.999999999927,17555.0,14517.214178347016,5625,0.3204215323269737,0.8269560910479679,13227,100,0.05,0.2,332,8,0.6475
14914.999999999973,14915.0,12371.646919468723,4689,0.3143814951391223,0.8294768300012568,11218,100,0.05,0.2,333,4,0.635
12864.999999999982,12865.0,10493.009458682489,4302,0.33439564710454767,0.8156245206904394,9750,100,0.05,0.2,334,2,0.245
14794.999999999973,14795.0,12110.785172729313,4916,0.33227441703278193,0.8185728403331758,11202,100,0.05,0.2,335,4,0.605
15634.999999999945,15635.0,12855.060384922328,5088,0.32542372881356046,0.8221976581338262,11807,100,0.05,0.2,336,6,0.5433333333333333
13064.999999999973,13065.0,10498.144955181371,4592,0.3514734022196716,0.8035319521761495,9967,100,0.05,0.2,337,3,0.23
14714.999999999955,14715.0,12003.888849035535,4924,0.3346245327896714,0.8157586713581768,11150,100,0.05,0.2,338,5,0.46799999999999997
18104.999999999847,18105.0,15099.367784778167,5629,0.31090858878763034,0.8339888309736699,13598,100,0.05,0.2,339,8,0.71625
12734.99999999999,12735.0,10349.571367935974,4320,0.33922261484098964,0.8126871902580276,9670,100,0.05,0.2,340,1,0.36
12375.0,12375.0,10104.043126392524,4124,0.33325252525252524,0.8164883334458605,9374,100,0.05,0.2,341,0,0.0
15414.999999999945,15415.0,12623.590911464114,5087,0.3300032435939032,0.8189160500463288,11661,100,0.05,0.2,342,6,0.5066666666666666
13165.0,13165.0,10831.897225324836,4268,0.3241929358146601,0.8227798879851755,9938,100,0.05,0.2,343,1,0.79
13314.999999999985,13315.0,10864.490208932953,4452,0.33435974464889257,0.8159587088947026,10089,100,0.05,0.2,344,2,0.47
15524.999999999936,15525.0,12656.434628282934,5200,0.33494363929146675,0.8152292836253131,11767,100,0.05,0.2,345,7,0.45
16694.999999999924,16695.0,13711.255139483023,5456,0.32680443246481133,0.8212791338414547,12612,100,0.05,0.2,346,8,0.54
14094.999999999975,14095.0,11608.820676537303,4547,0.32259666548421484,0.8236126765900904,10632,100,0.05,0.2,347,3,0.5733333333333334
13044.999999999993,13045.0,10716.707400129952,4249,0.32571866615561534,0.8215183901977736,9852,100,0.05,0.2,348,1,0.67
15454.99999999984,15455.0,12809.36600694965,4875,0.3154318990617956,0.8288169528922538,11628,100,0.05,0.2,349,5,0.616
19534.999999999858,19535.0,15978.47857275525,6521,0.3338111082672151,0.8179410582418923,14797,100,0.05,0.2,350,12,0.5966666666666667
12844.999999999982,12845.0,10457.141937451172,4321,0.3363954846243679,0.8141021360413535,9743,100,0.05,0.2,351,2,0.235
18304.999999999887,18305.0,14938.609624058003,6142,0.3355367385960141,0.8160944891591421,13879,100,0.05,0.2,352,11,0.5390909090909091
15244.999999999281,15245.0,12275.01191445407,5301,0.3477205641193998,0.8051828084260182,11611,100,0.05,0.2,353,10,0.287
13484.999999999982,13485.0,11006.551571677655,4490,0.33296255098257366,0.8162070131017923,10215,100,0.05,0.2,354,3,0.37
15704.999999999945,15705.0,12775.333948668413,5343,0.3402101241642801,0.8134564755599145,11929,100,0.05,0.2,355,6,0.555
13544.999999999973,13545.0,10987.600625250267,4625,0.34145441122185377,0.8111923680509626,10292,100,0.05,0.2,356,3,0.39
14094.999999999982,14095.0,11655.707507483192,4491,0.3186236253990781,0.8269391633546085,10619,100,0.05,0.2,357,3,0.5733333333333334
16034.999999999927,16035.0,13311.126079336767,5029,0.3136264421577813,0.8301294717391224,12057,100,0.05,0.2,358,6,0.61
13484.999999999967,13485.0,10937.715826442018,4600,0.34111976269929634,0.8111023972148346,10245,100,0.05,0.2,359,3,0.37
14054.999999999965,14055.0,11441.903578513497,4728,0.3363927427961588,0.8140806530425845,10658,100,0.05,0.2,360,4,0.42
15114.999999999936,15115.0,12369.292522209971,4966,0.32854780019847973,0.8183455191670541,11427,100,0.05,0.2,361,7,0.39142857142857146
14124.999999999975,14125.0,11426.980681702407,4867,0.34456637168141657,0.8089897827753931,10748,100,0.05,0.2,362,4,0.4375
15884.999999999945,15885.0,13050.125574108471,5206,0.32773056342461554,0.8215376502429032,12004,100,0.05,0.2,363,6,0.585
17204.999999999945,17205.0,14335.831245519044,5372,0.3122348154606229,0.8332363409194472,12927,100,0.05,0.2,364,6,0.805
16004.999999999945,16005.0,13273.90136696817,5039,0.3148391127772582,0.8293596605415942,12040,100,0.05,0.2,365,6,0.605
15264.999999999936,15265.0,12267.27139587282,5391,0.3531608254176235,0.803620792392589,11653,100,0.05,0.2,366,7,0.41285714285714287
14514.999999999955,14515.0,11798.429874351921,4922,0.3390974853599735,0.8128439458733695,11022,100,0.05,0.2,367,5,0.428
18644.999999999836,18645.0,15306.943440804813,6124,0.32845266827568,0.820967736165457,14096,100,0.05,0.2,368,12,0.5225
12375.0,12375.0,10104.043126392524,4124,0.33325252525252524,0.8164883334458605,9374,100,0.05,0.2,369,0,0.0
13594.99999999999,13595.0,11061.262021125796,4609,0.339021699154101,0.8136272174421334,10320,100,0.05,0.2,370,2,0.61
17244.999999999956,17245.0,14490.914998715565,5176,0.3001449695563939,0.8402966076379009,12900,100,0.05,0.2,371,6,0.8116666666666668
15844.999999999945,15845.0,13079.6260458776,5082,0.3207320921426329,0.82547340144384,11943,100,0.05,0.2,372,6,0.5783333333333334
16184.999999999947,16185.0,13295.472067587518,5322,0.32882298424467205,0.8214687715531394,12236,100,0.05,0.2,373,6,0.635
16534.999999999945,16535.0,13728.451387538216,5220,0.3156939824614465,0.8302661861226648,12441,100,0.05,0.2,374,6,0.6933333333333332
17214.999999999727,17215.0,14447.257438697323,5158,0.2996224223061331,0.8392249456112432,12879,100,0.05,0.2,375,8,0.605
15854.999999999949,15855.0,12919.501054607326,5346,0.3371807000946085,0.8148534250777274,12028,100,0.05,0.2,376,6,0.58
13134.999999999982,13135.0,10648.315711886082,4497,0.342367719832509,0.8106825817956678,9986,100,0.05,0.2,377,2,0.38
15924.999999999936,15925.0,12887.472114421806,5495,0.34505494505494644,0.8092604153483113,12119,100,0.05,0.2,378,7,0.5071428571428571
13914.999999999965,13915.0,11297.922264735224,4724,0.33948975925260594,0.8119239859673195,10563,100,0.05,0.2,379,4,0.385
14044.999999999965,14045.0,11403.300728297922,4777,0.34012103951584277,0.8119117642077571,10667,100,0.05,0.2,380,4,0.4175
14994.999999999945,14995.0,12119.584048142886,5194,0.3463821273757932,0.8082416837707856,11417,100,0.05,0.2,381,6,0.43666666666666665
15764.999999999964,15765.0,13089.390646626734,4949,0.3139232477006033,0.8302816775532359,11854,100,0.05,0.2,382,5,0.6779999999999999
16484.999999999935,16485.0,13517.504484926194,5440,0.3299969669396434,0.8199881398196086,12468,100,0.05,0.2,383,7,0.5871428571428572
13894.999999999964,13895.0,11265.922842803424,4746,0.3415617128463485,0.810789697215074,10557,100,0.05,0.2,384,4,0.38
14774.999999999967,14775.0,12140.866422953506,4830,0.3269035532994931,0.8217168475772273,11165,100,0.05,0.2,385,4,0.6
14494.999999999985,14495.0,11857.06825062587,4836,0.333632286995516,0.8180109176009578,10979,100,0.05,0.2,386,3,0.7066666666666667
14094.99999999971,14095.0,11438.51028324909,4815,0.3416105001773749,0.8115296405285083,10713,100,0.05,0.2,387,4,0.43
14054.999999999984,14055.0,11600.87313524288,4494,0.3197438633938104,0.8253911871393023,10593,100,0.05,0.2,388,3,0.56
15074.999999999947,15075.0,12132.243712520782,5288,0.35077943615257173,0.8047922860710331,11497,100,0.05,0.2,389,6,0.45
15374.999999999945,15375.0,12653.742035461259,4967,0.32305691056910685,0.8230076120625238,11600,100,0.05,0.2,390,6,0.5
15264.999999999945,15265.0,12605.463002206592,4869,0.3189649525057332,0.8257754996532353,11501,100,0.05,0.2,391,6,0.48166666666666663
14704.999999999536,14705.0,11882.270721541096,5085,0.3458007480448936,0.8080428916383183,11194,100,0.05,0.2,392,6,0.38833333333333336
15484.999999999936,15485.0,12702.571688441662,5079,0.32799483371004334,0.820314606938438,11706,100,0.05,0.2,393,6,0.5183333333333333
14544.999999999656,14545.0,11788.698719536167,4991,0.34314197318667017,0.8104983650420382,11063,100,0.05,0.2,394,5,0.434
14264.999999999964,14265.0,11520.885274144517,4934,0.34588152821591395,0.8076330370939044,10856,100,0.05,0.2,395,5,0.37799999999999995
14724.999999999955,14725.0,11987.22601355293,4968,0.3373853989813253,0.8140730739254987,11172,100,0.05,0.2,396,5,0.47
16184.999999999945,16185.0,13318.388697586497,5281,0.32628977448254665,0.8228846893782231,12223,100,0.05,0.2,397,6,0.635
14954.999999999964,14955.0,12137.635993058939,5100,0.3410230692076237,0.8116105645642907,11359,100,0.05,0.2,398,5,0.516
17044.99999999984,17045.0,13987.829263327367,5591,0.32801408037547974,0.8206412005472278,12887,100,0.05,0.2,399,9,0.5188888888888888
17484.999999999345,17485.0,14390.874799677224,5668,0.3241635687732463,0.8230411666958972,13199,100,0.1,0.2,0,11,0.46454545454545454
16374.999999999918,16375.0,13328.724151245673,5515,0.3367938931297727,0.8139678870989765,12420,100,0.1,0.2,1,9,0.4444444444444444
17384.999999999243,17385.0,14306.88566739753,5602,0.3222318090307877,0.8229442431635405,13112,100,0.1,0.2,2,11,0.45545454545454545
16964.999999999894,16965.0,13715.17216443159,5879,0.34653698791630044,0.8084392669868361,12922,100,0.1,0.2,3,10,0.45899999999999996
19164.999999998916,19165.0,15797.368372611303,6188,0.3228802504565797,0.8242822005015495,14457,100,0.1,0.2,4,13,0.5223076923076924
19694.999999999432,19695.0,16464.550327901008,6041,0.30672759583651554,0.835976152724117,14768,100,0.1,0.2,5,11,0.6654545454545455
17984.999999998945,17985.0,14758.78645078846,5895,0.327773144286925,0.8206164276224257,13596,100,0.1,0.2,6,12,0.4675
15454.999999999673,15455.0,12587.557646342455,5205,0.33678421222905924,0.8144650693201373,11726,100,0.1,0.2,7,7,0.44
15794.99999999921,15795.0,12854.07007527137,5306,0.3359290914846638,0.8138062725718272,11978,100,0.1,0.2,8,9,0.38
15444.999999999718,15445.0,12655.590365526034,5071,0.32832631919715716,0.8193972395938015,11676,100,0.1,0.2,9,7,0.43857142857142856
17574.999999999516,17575.0,14549.860394518886,5601,0.318691322901858,0.8278725686781956,13240,100,0.1,0.2,10,9,0.5777777777777778
15944.999999999947,15945.0,13108.734397339798,5199,0.3260583254938863,0.8221219440162961,12043,100,0.1,0.2,11,6,0.595
16874.999999999156,16875.0,13627.842364071646,5848,0.3465481481481655,0.8075758437968787,12849,100,0.1,0.2,12,12,0.375
18204.99999999928,18205.0,15010.085192962215,5903,0.32425157923648634,0.8245034437222086,13739,100,0.1,0.2,13,10,0.583
15714.999999999929,15715.0,12934.660702933024,5066,0.3223671651288592,0.8230773593975872,11854,100,0.1,0.2,14,7,0.47714285714285715
22434.999999999294,22435.0,18592.3930009017,7140,0.3182527301092144,0.8287226655182653,16893,100,0.1,0.2,15,17,0.591764705882353
17574.999999999847,17575.0,14353.68027719711,5869,0.33394025604552213,0.8167101153455042,13317,100,0.1,0.2,16,10,0.52
19744.99999999984,19745.0,16634.32497879,5855,0.2965307672828588,0.842457583124342,14752,100,0.1,0.2,17,10,0.737
17634.999999999276,17635.0,14209.781050388672,6172,0.3499858236461726,0.8057715367388294,13445,100,0.1,0.2,18,11,0.4781818181818182
15774.999999999636,15775.0,12755.956941758339,5426,0.3439619651347147,0.8086185066091051,11997,100,0.1,0.2,19,9,0.37777777777777777
18544.999999999534,18545.0,15119.058089047388,6204,0.3345376112159696,0.8152633102748864,14046,100,0.1,0.2,20,14,0.44071428571428567
20224.99999999824,20225.0,16824.20986257471,6294,0.3111990111248726,0.8318521563696502,15187,100,0.1,0.2,21,15,0.5233333333333333
18534.99999999984,18535.0,15013.020265755873,6375,0.3439438899379582,0.8099822101837606,14098,100,0.1,0.2,22,13,0.47384615384615386
18164.999999999884,18165.0,14895.346504865116,5979,0.32914946325351163,0.8200025601357122,13738,100,0.1,0.2,23,11,0.5263636363636364
18734.999999999847,18735.0,15501.592740747577,5964,0.31833466773418995,0.8274135436748173,14110,100,0.1,0.2,24,11,0.5781818181818182
16864.999999999898,16865.0,13911.496953958553,5396,0.3199525644826583,0.8248738187938711,12709,100,0.1,0.2,25,9,0.4988888888888889
16344.999999999727,16345.0,13296.272691998882,5506,0.33686142551239473,0.8134764571428023,12394,100,0.1,0.2,26,9,0.4411111111111111
16804.99999999954,16805.0,13612.332919084456,5789,0.3444808092829609,0.8100168354111769,12787,100,0.1,0.2,27,9,0.4922222222222222
17244.99999999923,17245.0,14144.99973488814,5645,0.3273412583357641,0.820237734699262,13031,100,0.1,0.2,28,10,0.48700000000000004
19024.99999999954,19025.0,15538.921696822801,6344,0.33345597897504087,0.816763295496619,14412,100,0.1,0.2,29,14,0.475
18234.99999999963,18235.0,15071.858793791536,5824,0.31938579654511207,0.8265346198953575,13737,100,0.1,0.2,30,10,0.586
16374.999999999472,16375.0,13281.234411755166,5650,0.34503816793894243,0.8110677503362195,12464,100,0.1,0.2,31,8,0.5
17044.99999999991,17045.0,14016.747750459064,5554,0.3258433558228237,0.8223377970348571,12876,100,0.1,0.2,32,9,0.5188888888888888
14454.999999999949,14455.0,11755.209802466292,4879,0.3375302663438269,0.8132279351412198,10966,100,0.1,0.2,33,5,0.41600000000000004
18984.99999999978,18985.0,15780.747051391307,5950,0.31340531998946897,0.8312218620696069,14272,100,0.1,0.2,34,11,0.600909090909091
19594.99999999869,19595.0,16210.062229984602,6216,0.3172237815769541,0.8272550257711501,14750,100,0.1,0.2,35,15,0.48133333333333334
16954.999999999913,16955.0,13926.006516586145,5532,0.32627543497493533,0.8213510183772467,12809,100,0.1,0.2,36,9,0.5088888888888888
14604.999999999945,14605.0,11787.91998191368,5072,0.34727832933926867,0.8071153702097722,11127,100,0.1,0.2,37,6,0.37166666666666665
16334.999999999245,16335.0,13475.4397887411,5226,0.3199265381083711,0.8249427480099003,12313,100,0.1,0.2,38,9,0.44
14344.999999999965,14345.0,11746.63643346469,4728,0.3295921924015344,0.8188662553826921,10850,100,0.1,0.2,39,4,0.4925
14344.999999999982,14345.0,11761.937234146422,4730,0.32973161380271915,0.8199328849178416,10850,100,0.1,0.2,40,3,0.6566666666666667
15904.999999999425,15905.0,12955.605254097167,5358,0.3368751964791068,0.8145617890033093,12060,100,0.1,0.2,41,8,0.44125
17684.999999999367,17685.0,14383.95729623759,5963,0.3371783997738317,0.813342227664015,13417,100,0.1,0.2,42,13,0.4084615384615385
17114.999999999956,17115.0,14365.712564993068,5156,0.301256208004675,0.8393638659066961,12809,100,0.1,0.2,43,6,0.79
15644.99999999992,15645.0,12680.5606145785,5342,0.3414509427932264,0.8105184157608543,11889,100,0.1,0.2,44,8,0.40875
17304.999999999884,17305.0,14289.72384267796,5521,0.3190407396706176,0.8257569397675849,13038,100,0.1,0.2,45,10,0.493
17924.99999999913,17925.0,14698.570933937102,5883,0.3282008368200996,0.8200039572629185,13547,100,0.1,0.2,46,12,0.4625
17884.999999999858,17885.0,14611.729107124784,5934,0.3317864131954178,0.8169823375524126,13538,100,0.1,0.2,47,12,0.45916666666666667
16464.9999999989,16465.0,13045.353483136432,6046,0.3672031582144187,0.7923081374514,12640,100,0.1,0.2,48,12,0.3408333333333334
17114.99999999991,17115.0,14129.959217917036,5474,0.31983640081799763,0.8255892035008537,12896,100,0.1,0.2,49,9,0.5266666666666666
15894.99999999992,15895.0,12825.884667343598,5526,0.3476564957533833,0.8069131593169967,12109,100,0.1,0.2,50,8,0.44
17894.99999999956,17895.0,14812.370421373795,5687,0.31779826767254205,0.8277379391659212,13473,100,0.1,0.2,51,9,0.6133333333333334
17524.999999999894,17525.0,14370.25878333436,5746,0.3278744650499307,0.8199862358536061,13244,100,0.1,0.2,52,10,0.515
17274.999999999163,17275.0,14034.482088769268,5855,0.3389290882778746,0.8124157504353081,13115,100,0.1,0.2,53,11,0.4454545454545455
14474.999999999956,14475.0,11652.99264137758,5084,0.3512262521588957,0.8050426695252237,11044,100,0.1,0.2,54,5,0.42
15864.999999999245,15865.0,12687.554827467276,5642,0.35562559092343327,0.7997198126358576,12124,100,0.1,0.2,55,11,0.31727272727272726
18254.999999999378,18255.0,14863.943201586373,6183,0.3387017255546541,0.8142395618508288,13857,100,0.1,0.2,56,11,0.5345454545454545
18004.999999999513,18005.0,14748.000118659762,5960,0.33101916134408005,0.8191058105337495,13627,100,0.1,0.2,57,11,0.5118181818181818
16564.999999999924,16565.0,13420.664942542884,5681,0.3429520072441911,0.8101820067940203,12596,100,0.1,0.2,58,9,0.46555555555555556
15044.999999999945,15045.0,12280.660303908724,5022,0.3337986041874389,0.8162619012235804,11399,100,0.1,0.2,59,6,0.445
14324.999999999582,14325.0,11436.091443320696,5158,0.3600698080279337,0.7983309908077508,10971,100,0.1,0.2,60,6,0.325
19204.99999999898,19205.0,15555.328910054584,6617,0.34454569122626144,0.8099624530099145,14611,100,0.1,0.2,61,14,0.4878571428571428
15374.999999999682,15375.0,12484.567974102849,5228,0.3400325203252103,0.8120044210798769,11678,100,0.1,0.2,62,7,0.42857142857142855
15084.999999999427,15085.0,12332.942775347281,4976,0.3298641034139999,0.817563326174859,11411,100,0.1,0.2,63,7,0.3871428571428572
17494.999999997628,17495.0,13979.45340490675,6252,0.35735924549876236,0.7990542100547954,13381,100,0.1,0.2,64,14,0.3657142857142857
17264.99999999911,17265.0,14368.36446851139,5340,0.30929626411817407,0.8322249909361212,12957,100,0.1,0.2,65,10,0.489
15564.999999999927,15565.0,12548.531687014209,5420,0.34821715387086577,0.8062018430462106,11859,100,0.1,0.2,66,8,0.39875
18834.999999999738,18835.0,15322.161319474284,6398,0.3396867533846609,0.8134940971316431,14301,100,0.1,0.2,67,12,0.5383333333333333
17884.999999999527,17885.0,14734.620032426645,5771,0.3226726306961226,0.8238535103397838,13492,100,0.1,0.2,68,11,0.500909090909091
17024.99999999991,17025.0,13983.629267825965,5560,0.32657856093979615,0.8213585473025574,12863,100,0.1,0.2,69,9,0.5166666666666666
17174.99999999992,17175.0,14154.67016570852,5581,0.3249490538573523,0.8241438233309221,12969,100,0.1,0.2,70,8,0.6
17604.99999999921,17605.0,14533.785036940124,5623,0.319397898324354,0.8255487098517907,13265,100,0.1,0.2,71,12,0.43583333333333335
16174.999999999936,16175.0,13261.330532793434,5330,0.32952086553323157,0.8198658752886235,12234,100,0.1,0.2,72,7,0.5428571428571428
15344.99999999939,15345.0,12490.21887318194,5160,0.3362658846529948,0.8139601742054374,11636,100,0.1,0.2,73,7,0.4242857142857143
17694.999999999905,17695.0,14637.276642189949,5629,0.3181124611472184,0.8271984539242739,13326,100,0.1,0.2,74,9,0.5911111111111111
24364.999999999472,24365.0,20345.16398311856,7482,0.30707982762159497,0.8350159648314797,18273,100,0.1,0.2,75,20,0.5995
16354.999999999936,16355.0,13411.096431686676,5393,0.329746254967901,0.8199997818212612,12371,100,0.1,0.2,76,7,0.5685714285714285
17554.99999999989,17555.0,14487.883126944322,5652,0.32195955568214385,0.8252852820817096,13240,100,0.1,0.2,77,9,0.5755555555555556
14324.999999999955,14325.0,11571.879168916334,4964,0.34652705061082134,0.8078100641477396,10905,100,0.1,0.2,78,5,0.39
15814.999999999445,15815.0,12814.829202919176,5431,0.3434081568131641,0.8102958711931474,12028,100,0.1,0.2,79,8,0.43
20504.999999999873,20505.0,17186.62001383629,6233,0.3039746403316283,0.8381672769488612,15358,100,0.1,0.2,80,11,0.739090909090909
17164.99999999991,17165.0,14108.054348491829,5607,0.3266530731138963,0.8219082055631752,12971,100,0.1,0.2,81,9,0.5322222222222223
13944.999999999956,13945.0,11231.251822481758,4863,0.3487271423449276,0.8053963300453061,10626,100,0.1,0.2,82,5,0.314
18884.999999999054,18885.0,15276.18988818812,6531,0.34583002382845257,0.808906004140264,14376,100,0.1,0.2,83,14,0.465
16144.99999999939,16145.0,13048.646194145535,5585,0.3459275317435869,0.8082159302660903,12287,100,0.1,0.2,84,9,0.41888888888888887
18044.999999999905,18045.0,14943.186323538857,5755,0.3189249099473555,0.8281067510966437,13592,100,0.1,0.2,85,9,0.63
15894.99999999992,15895.0,12916.219164291047,5391,0.339163258886444,0.8125963613898152,12066,100,0.1,0.2,86,8,0.44
19234.999999999847,19235.0,15938.752382165854,6096,0.31692227709904075,0.8286328246512077,14480,100,0.1,0.2,87,12,0.5716666666666667
16604.999999999418,16605.0,13443.818560959096,5717,0.34429388738333033,0.8096247251405942,12634,100,0.1,0.2,88,9,0.47
17934.999999999192,17935.0,14777.874593458397,5817,0.3243378868135078,0.8239684746840849,13538,100,0.1,0.2,89,10,0.556
18554.999999999793,18555.0,15173.014120470496,6140,0.33090811102129175,0.8177318307987425,14040,100,0.1,0.2,90,13,0.4753846153846154
18724.99999999931,18725.0,15276.797357430112,6243,0.3334045393858601,0.8158503261645221,14185,100,0.1,0.2,91,14,0.4535714285714285
16034.99999999917,16035.0,12862.226770664018,5674,0.3538509510446083,0.8021345039391757,12245,100,0.1,0.2,92,10,0.366
17554.999999999887,17555.0,14433.944627162686,5696,0.32446596411279044,0.8222127386592297,13251,100,0.1,0.2,93,10,0.518
17294.999999999745,17295.0,14444.106670195803,5276,0.3050592656837281,0.8351608366693273,12963,100,0.1,0.2,94,9,0.5466666666666666
17074.9999999999,17075.0,13793.943870409186,5925,0.34699853587115864,0.8078444433621824,13002,100,0.1,0.2,95,10,0.47
19054.99999999989,19055.0,15930.077134150897,5812,0.30501180792443106,0.8360050975676194,14279,100,0.1,0.2,96,10,0.6679999999999999
19324.99999999931,19325.0,15867.138604675472,6353,0.3287451487710337,0.8210679743687472,14612,100,0.1,0.2,97,13,0.5346153846153846
17434.999999999458,17435.0,14366.644615218542,5660,0.3246343561801076,0.8240117358886715,13164,100,0.1,0.2,98,9,0.5622222222222222
19214.999999999647,19215.0,15828.417403517982,6269,0.32625552953422404,0.8237531825926762,14510,100,0.1,0.2,99,11,0.6218181818181818
19084.999999999654,19085.0,15588.244849885876,6385,0.3345559339795712,0.8167799240181377,14461,100,0.1,0.2,100,13,0.5161538461538462
15074.999999999955,15075.0,12258.853433335431,5106,0.33870646766169255,0.8131909408514406,11442,100,0.1,0.2,101,6,0.45
18474.999999999338,18475.0,15119.87227128539,6154,0.3330987821380363,0.8183963340344212,13993,100,0.1,0.2,102,11,0.5545454545454546
15774.999999999221,15775.0,12870.59973350067,5272,0.33419968304280573,0.8158858785103839,11950,100,0.1,0.2,103,8,0.425
17324.999999998938,17325.0,13744.53300407039,6366,0.36744588744591,0.7933352383302299,13308,100,0.1,0.2,104,13,0.3807692307692308
17804.99999999929,17805.0,14627.843569712668,5844,0.3282224094355649,0.8215581898182113,13455,100,0.1,0.2,105,10,0.5429999999999999
18364.99999999976,18365.0,15237.863941510786,5779,0.31467465287231555,0.8297230569839905,13813,100,0.1,0.2,106,10,0.599
20234.999999997905,20235.0,16374.600071450623,6978,0.34484803558194826,0.8092216491945796,15397,100,0.1,0.2,107,18,0.43666666666666665
20194.999999999218,20195.0,16891.871343932744,6174,0.3057192374350205,0.8364382938318098,15136,100,0.1,0.2,108,12,0.6516666666666667
15974.999999999945,15975.0,13150.347428870451,5195,0.32519561815336573,0.8231829376444755,12064,100,0.1,0.2,109,6,0.6
15644.999999999909,15645.0,12617.906621147551,5429,0.34701182486417587,0.806513686235067,11913,100,0.1,0.2,110,9,0.36333333333333334
16524.999999999574,16525.0,13449.772767596898,5616,0.33984871406960027,0.8139045547713915,12551,100,0.1,0.2,111,7,0.5928571428571429
19344.999999999873,19345.0,15807.495611259828,6484,0.3351770483329048,0.817135984040317,14663,100,0.1,0.2,112,12,0.5808333333333333
15634.999999999955,15635.0,12892.56481465188,5017,0.32088263511352827,0.8245964064376027,11787,100,0.1,0.2,113,6,0.5433333333333333
17214.999999999338,17215.0,14022.348145014304,5815,0.33778681382516546,0.8145424423476528,13060,100,0.1,0.2,114,10,0.484
18064.999999999825,18065.0,15068.943144759589,5568,0.30822031552726564,0.8341512950323684,13556,100,0.1,0.2,115,9,0.6322222222222222
17484.99999999992,17485.0,14401.81334068733,5648,0.32301973119817134,0.8236667624070572,13190,100,0.1,0.2,116,9,0.5677777777777778
16354.999999999918,16355.0,13341.844231589563,5492,0.3357994497095706,0.8157654681497787,12403,100,0.1,0.2,117,8,0.4975
17894.99999999984,17895.0,14820.891251878153,5670,0.31684828164291984,0.828214096221195,13469,100,0.1,0.2,118,9,0.6133333333333334
18084.999999999774,18085.0,14848.382992770505,5910,0.32679015758916635,0.8210330656771186,13664,100,0.1,0.2,119,11,0.519090909090909
16774.99999999991,16775.0,13746.429991092202,5520,0.3290611028315964,0.8194593139250239,12685,100,0.1,0.2,120,9,0.4888888888888889
18644.99999999914,18645.0,15213.349976253767,6263,0.3359077500670576,0.8159479740549459,14135,100,0.1,0.2,121,12,0.5225
18234.99999999967,18235.0,14937.78690101028,6039,0.3311763092953172,0.8191821717033481,13794,100,0.1,0.2,122,11,0.5327272727272727
17044.99999999985,17045.0,14123.296976980895,5402,0.31692578468759447,0.828588851685598,12832,100,0.1,0.2,123,8,0.58375
17184.99999999853,17185.0,14045.753005801142,5684,0.33075356415481444,0.8173263314403458,13006,100,0.1,0.2,124,11,0.43727272727272726
15734.999999998961,15735.0,12453.767602616683,5795,0.3682872577057758,0.7914691835155707,12090,100,0.1,0.2,125,12,0.28
18394.99999999987,18395.0,15030.131985448394,6128,0.33313400380538427,0.8170770310110628,13928,100,0.1,0.2,126,12,0.5016666666666666
18014.999999999905,18015.0,14909.166559536381,5750,0.3191784623924524,0.8275973666131812,13570,100,0.1,0.2,127,9,0.6266666666666666
15154.999999999609,15155.0,12251.32676488524,5228,0.3449686572088509,0.8084016341066022,11534,100,0.1,0.2,128,7,0.39714285714285713
14434.999999999427,14435.0,11661.551247582485,4964,0.3438863872532177,0.807866383621957,10979,100,0.1,0.2,129,7,0.29428571428571426
20874.99999999859,20875.0,17055.83148075649,6935,0.3322155688622979,0.8170458194374919,15801,100,0.1,0.2,130,18,0.4722222222222222
15534.999999999935,15535.0,12566.732968436932,5351,0.34444802059864965,0.8089303487889916,11819,100,0.1,0.2,131,8,0.395
16894.999999999858,16895.0,14069.257887322878,5248,0.3106244451021038,0.8327468415106833,12689,100,0.1,0.2,132,7,0.6457142857142857
15964.999999999773,15965.0,13109.092169177682,5211,0.32640150328844814,0.8211144484295565,12059,100,0.1,0.2,133,7,0.5128571428571429
16144.999999999936,16145.0,13234.580367355808,5318,0.3293899039950462,0.819732447652887,12208,100,0.1,0.2,134,7,0.5385714285714286
16794.999999999836,16795.0,13702.022387224324,5644,0.3360523965465945,0.8158393800074104,12735,100,0.1,0.2,135,8,0.5525
15524.999999999953,15525.0,12741.516295166743,5095,0.3281803542673118,0.8207095842297444,11737,100,0.1,0.2,136,6,0.525
15344.999999999372,15345.0,12513.1797517653,5099,0.33229064841969425,0.8154564843118808,11620,100,0.1,0.2,137,8,0.37125
16464.99999999991,16465.0,13269.389492361712,5762,0.34995444883085525,0.805914940319574,12551,100,0.1,0.2,138,9,0.45444444444444443
14714.999999999945,14715.0,11906.577908870353,5056,0.34359497111790815,0.8091456275141282,11192,100,0.1,0.2,139,6,0.39
17414.999999999534,17415.0,14008.011903906678,6072,0.34866494401379056,0.8043647375197848,13266,100,0.1,0.2,140,14,0.36
19454.99999999901,19455.0,16020.605715764117,6292,0.3234130043690732,0.8234698388982232,14673,100,0.1,0.2,141,14,0.5057142857142857
18994.999999999876,18995.0,15738.30256094976,6040,0.3179784153724685,0.8285497531429251,14303,100,0.1,0.2,142,11,0.6018181818181818
17034.99999999898,17035.0,13731.508566067392,5915,0.347226298796616,0.8060762292966371,12975,100,0.1,0.2,143,12,0.38833333333333336
16304.999999999836,16305.0,13307.355390910607,5431,0.3330880098129442,0.8161518179031426,12349,100,0.1,0.2,144,9,0.43666666666666665
16844.999999999935,16845.0,13938.646544768966,5375,0.3190857821311974,0.8274649180628685,12689,100,0.1,0.2,145,7,0.6385714285714286
18054.999999999873,18055.0,14784.815098607001,5982,0.331320963721963,0.8188764939688233,13665,100,0.1,0.2,146,11,0.5163636363636364
18084.99999999986,18085.0,14774.424777296674,6023,0.33303842963782393,0.8169435873539832,13700,100,0.1,0.2,147,12,0.47583333333333333
17884.99999999802,17885.0,14405.933760085245,6222,0.3478892927034212,0.8054757483973631,13626,100,0.1,0.2,148,15,0.36733333333333335
15594.999999999818,15595.0,12624.203638249728,5350,0.34305867265149487,0.8095032791439484,11855,100,0.1,0.2,149,8,0.4025
14564.999999999945,14565.0,11693.38905108349,5153,0.3537933401991088,0.8028416787561643,11122,100,0.1,0.2,150,6,0.365
14884.999999999709,14885.0,12033.44412460516,5151,0.34605307356399734,0.8084275528790994,11334,100,0.1,0.2,151,6,0.41833333333333333
20384.99999999917,20385.0,16963.678183105785,6377,0.31282805984794015,0.8321647379497903,15315,100,0.1,0.2,152,13,0.6161538461538462
17004.999999999924,17005.0,13974.92245058984,5562,0.3270802705086754,0.8218125522252222,12849,100,0.1,0.2,153,8,0.57875
17044.999999999913,17045.0,13907.685555116639,5699,0.3343502493399841,0.8159393109484723,12913,100,0.1,0.2,154,9,0.5188888888888888
18014.99999999987,18015.0,14801.986268740995,5923,0.3287815709131303,0.8216478639323399,13623,100,0.1,0.2,155,10,0.564
18124.999999999894,18125.0,14855.693773768953,5993,0.3306482758620709,0.819624484070016,13716,100,0.1,0.2,156,10,0.575
19264.999999999825,19265.0,16025.825953753436,6011,0.3120166104334313,0.8318622348172116,14476,100,0.1,0.2,157,12,0.5741666666666666
16024.999999999927,16025.0,13103.216685226556,5339,0.3331669266770686,0.8176734280952647,12139,100,0.1,0.2,158,7,0.5214285714285715
16734.999999999374,16735.0,13721.966969060504,5508,0.32913056468480467,0.8199561977329559,12659,100,0.1,0.2,159,9,0.48444444444444446
16674.999999999745,16675.0,13742.844956558147,5410,0.3244377811094502,0.8241586180844592,12585,100,0.1,0.2,160,7,0.6142857142857143
16734.99999999994,16735.0,13762.73873544069,5457,0.3260830594562306,0.8223925148156999,12639,100,0.1,0.2,161,7,0.6228571428571429
19814.99999999866,19815.0,16263.231459336963,6536,0.3298511228867243,0.8207535432418905,14986,100,0.1,0.2,162,14,0.5314285714285715
16154.9999999982,16155.0,13031.728876091933,5605,0.346951408232784,0.8066684541066781,12296,100,0.1,0.2,163,10,0.37799999999999995
15874.999999999336,15875.0,12930.811556123947,5324,0.3353700787401715,0.8145393106220149,12032,100,0.1,0.2,164,8,0.4375
20714.9999999986,20715.0,16890.007326818013,6992,0.3375331885107638,0.8153515484827012,15715,100,0.1,0.2,165,16,0.52125
15224.999999999918,15225.0,12353.701368415845,5170,0.3395730706075552,0.8114089568746082,11561,100,0.1,0.2,166,8,0.35625
17684.999999999014,17685.0,14293.371803041427,6122,0.3461690698332113,0.808220062371627,13463,100,0.1,0.2,167,12,0.4425
18094.99999999911,18095.0,14730.212744559463,6075,0.33572810168556505,0.8140487838939038,13719,100,0.1,0.2,168,13,0.44
16674.99999999992,16675.0,13723.99313246692,5411,0.32449775112443935,0.8230280739110636,12588,100,0.1,0.2,169,8,0.5375
17164.99999999992,17165.0,14111.587348700308,5633,0.3281677832799316,0.8221140313836512,12978,100,0.1,0.2,170,8,0.59875
17564.999999999363,17565.0,14311.821949003777,5935,0.3378878451466106,0.8147920267010701,13328,100,0.1,0.2,171,11,0.4718181818181818
17014.999999999847,17015.0,13666.896044822981,5966,0.3506317954745844,0.803226332343409,12977,100,0.1,0.2,172,13,0.35692307692307695
15084.999999999945,15085.0,12294.943167823094,5063,0.33563142194232803,0.8150442935249015,11435,100,0.1,0.2,173,6,0.45166666666666666
19004.999999999196,19005.0,15419.423059893696,6474,0.34064719810577604,0.8113350728699998,14441,100,0.1,0.2,174,15,0.442
16314.999999999916,16315.0,13432.870039570826,5305,0.3251608948820121,0.8233447771725955,12322,100,0.1,0.2,175,8,0.4925
18794.999999999854,18795.0,15278.42162986731,6376,0.3392391593508938,0.8128981979179264,14268,100,0.1,0.2,176,13,0.4938461538461539
15894.999999999458,15895.0,13099.993034348927,5139,0.3233092167348333,0.824158102192474,11991,100,0.1,0.2,177,6,0.5866666666666667
19064.999999999454,19065.0,15787.36353860222,6053,0.31749278783111323,0.8280809618989075,14353,100,0.1,0.2,178,12,0.5575
19734.999999998396,19735.0,16062.144237304028,6661,0.3375221687357761,0.813891271208783,14974,100,0.1,0.2,179,16,0.46
18354.999999999665,18355.0,15281.246922289813,5699,0.31048760555707455,0.8325386500839058,13783,100,0.1,0.2,180,10,0.598
17744.999999999563,17745.0,14632.353450487406,5704,0.3214426599042063,0.8245902198077073,13379,100,0.1,0.2,181,11,0.4881818181818182
19004.99999999965,19005.0,15826.45909545125,5909,0.31091817942647243,0.8327523859748246,14272,100,0.1,0.2,182,11,0.6027272727272728
15314.999999999973,15315.0,12726.456596397906,4799,0.3133529219719235,0.830979862644331,11513,100,0.1,0.2,183,4,0.735
18124.99999999699,18125.0,14445.168309851384,6601,0.36419310344833633,0.7969748033022777,13906,100,0.1,0.2,184,14,0.4107142857142857
15134.999999999956,15135.0,12446.50061262199,4928,0.32560290716881496,0.8223654187394798,11431,100,0.1,0.2,185,5,0.552
15574.999999999945,15575.0,12772.669552603302,5119,0.32866773675762556,0.820075091659926,11775,100,0.1,0.2,186,6,0.5333333333333333
15564.999999999964,15565.0,12850.538801933557,4994,0.32084805653710324,0.8256048057779368,11733,100,0.1,0.2,187,5,0.638
18134.999999999894,18135.0,14974.771367202835,5845,0.3223049352081629,0.8257387023547241,13679,100,0.1,0.2,188,10,0.5760000000000001
18224.999999999316,18225.0,14687.567446653175,6373,0.3496844993141421,0.8059021918602868,13898,100,0.1,0.2,189,14,0.41785714285714287
19284.999999998887,19285.0,15530.015373462395,6734,0.3491833030853196,0.8052898819529837,14698,100,0.1,0.2,190,16,0.431875
18434.99999999883,18435.0,14936.588549597855,6305,0.34201247626799025,0.8102299186112722,14015,100,0.1,0.2,191,14,0.43285714285714283
16774.99999999974,16775.0,13888.332783311153,5301,0.31600596125186775,0.8279184967696791,12622,100,0.1,0.2,192,9,0.4888888888888889
16734.9999999996,16735.0,13680.302536859046,5573,0.333014639976106,0.8174665394000223,12675,100,0.1,0.2,193,9,0.48444444444444446
15524.999999999018,15525.0,12309.1932107666,5684,0.3661191626409249,0.7928626866838892,11913,100,0.1,0.2,194,11,0.2863636363636364
15954.999999999945,15955.0,13184.000056887111,5104,0.3198997179567545,0.8263240399177159,12024,100,0.1,0.2,195,6,0.5966666666666667
15574.999999999964,15575.0,12820.526022749611,5080,0.32616372391653364,0.8231477382182755,11765,100,0.1,0.2,196,5,0.64
13224.999999999964,13225.0,10595.236547618937,4686,0.3543289224952751,0.8011521018993547,10101,100,0.1,0.2,197,4,0.2125
19454.99999999964,19455.0,16238.988807804231,6006,0.3087124132613781,0.8346948757545377,14598,100,0.1,0.2,198,11,0.6436363636363636
19334.999999999745,19335.0,15892.557298936952,6314,0.3265580553400612,0.8219579673616323,14606,100,0.1,0.2,199,12,0.58
17484.999999999873,17485.0,13958.625559130054,6317,0.3612810980840747,0.7983200205393284,13393,100,0.1,0.2,200,12,0.42583333333333334
15764.999999999529,15765.0,12807.122920468566,5340,0.3387250237868798,0.8123769692653948,11967,100,0.1,0.2,201,9,0.37666666666666665
19354.999999999876,19355.0,16107.344830852728,6034,0.311754068716096,0.8322058812117195,14540,100,0.1,0.2,202,11,0.6345454545454545
15424.999999999845,15425.0,12587.658142005534,5144,0.33348460291734533,0.8160556331932356,11686,100,0.1,0.2,203,7,0.4357142857142857
17304.99999999932,17305.0,14054.78059238155,5917,0.34192429933546564,0.8121803289443573,13149,100,0.1,0.2,204,10,0.493
17414.999999999924,17415.0,14428.15641376263,5530,0.3175423485501019,0.8284901759266547,13110,100,0.1,0.2,205,8,0.63
16784.999999999945,16785.0,14051.273162955735,5113,0.30461721775394796,0.8371327472717176,12578,100,0.1,0.2,206,6,0.735
18084.999999999865,18085.0,14912.195596222497,5834,0.3225877799281196,0.8245615480355326,13641,100,0.1,0.2,207,11,0.519090909090909
15464.999999999509,15465.0,12576.581312105072,5234,0.3384416424183748,0.8132286655095682,11737,100,0.1,0.2,208,7,0.44142857142857145
15384.999999999955,15385.0,12458.050710283676,5308,0.34501137471563315,0.8097530523421328,11710,100,0.1,0.2,209,6,0.5016666666666666
19874.999999998694,19875.0,16144.473899758113,6745,0.3393710691824122,0.8123005735727886,15087,100,0.1,0.2,210,16,0.46875
13974.999999999947,13975.0,11306.305209926008,4775,0.34168157423971507,0.8090379398873739,10620,100,0.1,0.2,211,6,0.26666666666666666
17244.99999999992,17245.0,14128.086123038738,5731,0.3323282110756757,0.8192569511765035,13054,100,0.1,0.2,212,8,0.60875
16164.999999999927,16165.0,13010.441864133583,5685,0.351685740798022,0.8048525743355176,12333,100,0.1,0.2,213,8,0.47375
16644.99999999992,16645.0,13566.481397178835,5619,0.33757885250826236,0.8150484468115891,12629,100,0.1,0.2,214,8,0.53375
16314.999999999527,16315.0,13345.456061895764,5426,0.3325773827765956,0.8179868870301042,12353,100,0.1,0.2,215,7,0.5628571428571428
18554.99999999984,18555.0,15136.451284894918,6171,0.33257881972514436,0.8157613195847506,14051,100,0.1,0.2,216,14,0.44142857142857145
16904.99999999991,16905.0,13923.744377860427,5460,0.32298136645962905,0.8236465174717836,12756,100,0.1,0.2,217,9,0.5033333333333334
16974.99999999991,16975.0,13931.700811458686,5560,0.3275405007363788,0.820718751779603,12830,100,0.1,0.2,218,9,0.5111111111111112
17344.99999999989,17345.0,14032.348965871657,5991,0.34540213317959284,0.8090140654869845,13198,100,0.1,0.2,219,10,0.49700000000000005
15664.999999999673,15665.0,12729.391089128872,5324,0.3398659431854524,0.8126007717286395,11893,100,0.1,0.2,220,7,0.47
16804.999999999196,16805.0,13502.45746151367,5899,0.35102648021423877,0.803478575514092,12815,100,0.1,0.2,221,13,0.3407692307692308
18014.999999999887,18015.0,14925.34413338596,5669,0.3146822092700547,0.8284953723777992,13552,100,0.1,0.2,222,11,0.5127272727272727
22414.999999999618,22415.0,18425.613897506653,7340,0.32745929065358576,0.822021588110951,16940,100,0.1,0.2,223,18,0.5577777777777778
16124.999999999409,16125.0,13012.603025528304,5614,0.34815503875970266,0.8069831333661259,12290,100,0.1,0.2,224,9,0.41666666666666663
19204.999999999283,19205.0,15614.5655559155,6489,0.33788076021870567,0.8130468917425714,14576,100,0.1,0.2,225,15,0.4553333333333333
18714.999999998985,18715.0,15184.190709418037,6391,0.34149078279456835,0.8113380021062709,14218,100,0.1,0.2,226,13,0.48769230769230765
15844.999999999427,15845.0,12879.505716446945,5394,0.34042284632377373,0.8128435289648098,12034,100,0.1,0.2,227,7,0.4957142857142857
19074.999999999847,19075.0,15916.070102258178,5918,0.31024901703801033,0.8343942386505009,14322,100,0.1,0.2,228,9,0.7444444444444445
17784.999999999854,17785.0,14321.895038715993,6225,0.35001405678943215,0.8052794511507512,13562,100,0.1,0.2,229,12,0.45083333333333336
14604.99999999942,14605.0,11903.344382987156,4872,0.3335843889079215,0.815018444572929,11065,100,0.1,0.2,230,6,0.37166666666666665
17594.99999999984,17595.0,14660.551405046046,5487,0.3118499573742569,0.8332225862487173,13217,100,0.1,0.2,231,8,0.6525
16784.999999999647,16785.0,13715.069358191104,5611,0.3342865653857681,0.8171027320936188,12719,100,0.1,0.2,232,8,0.55125
20904.999999997934,20905.0,16804.73765043505,7365,0.35230806027269684,0.8038621215229232,15954,100,0.1,0.2,233,19,0.4489473684210526
18114.999999999873,18115.0,14942.901241057485,5836,0.3221639525255336,0.8248910428406067,13662,100,0.1,0.2,234,10,0.574
18114.99999999903,18115.0,15083.77596956346,5611,0.30974330665196254,0.8326677322420242,13602,100,0.1,0.2,235,11,0.5218181818181818
17484.999999999905,17485.0,14507.05095806859,5512,0.31524163568773406,0.8296854994606044,13154,100,0.1,0.2,236,9,0.5677777777777778
17034.999999999887,17035.0,13703.819814197748,5999,0.352157323158206,0.8044508256059782,13003,100,0.1,0.2,237,11,0.42363636363636364
18674.99999999987,18675.0,15298.778954543963,6181,0.3309772423025458,0.819211724473578,14132,100,0.1,0.2,238,12,0.525
19454.99999999981,19455.0,16078.891675112349,6223,0.3198663582626605,0.8264657761558728,14659,100,0.1,0.2,239,12,0.59
15294.999999999518,15295.0,12479.796372537166,5118,0.33461915658713054,0.8159396124575063,11589,100,0.1,0.2,240,6,0.48666666666666664
18604.99999999973,18605.0,15424.086925973746,5916,0.3179790378930441,0.8290291279749513,14007,100,0.1,0.2,241,9,0.6922222222222223
14634.999999999982,14635.0,12190.761973724197,4520,0.3088486504953882,0.8329868106405338,10986,100,0.1,0.2,242,3,0.7533333333333333
19934.999999998938,19935.0,16458.869265534973,6390,0.32054176072236473,0.8256267502149912,15026,100,0.1,0.2,243,14,0.54
20744.999999999316,20745.0,17091.953296799653,6745,0.32513858761148334,0.8239071244540958,15661,100,0.1,0.2,244,14,0.5978571428571429
15244.999999999534,15245.0,12445.345214175117,5086,0.3336175795342837,0.8163558684273858,11549,100,0.1,0.2,245,7,0.41
17424.999999999294,17425.0,14086.225097590353,6013,0.34507890961263954,0.8083916842232955,13263,100,0.1,0.2,246,12,0.42083333333333334
18294.999999999276,18295.0,15155.497929793757,5796,0.3168078710030188,0.8283956233831297,13770,100,0.1,0.2,247,10,0.5920000000000001
16514.99999999992,16515.0,13660.896657979642,5240,0.31728731456252046,0.827181147924899,12433,100,0.1,0.2,248,8,0.5175
18664.999999999887,18665.0,15538.96867555879,5819,0.31175997856951704,0.8325190825373097,14024,100,0.1,0.2,249,10,0.629
15544.999999999936,15545.0,12584.238852628296,5356,0.34454808620135235,0.8095361114588837,11829,100,0.1,0.2,250,7,0.45285714285714285
16264.9999999999,16265.0,13110.562440261645,5663,0.34817091915155457,0.8060597872893775,12396,100,0.1,0.2,251,10,0.389
17584.999999999887,17585.0,14369.34158199315,5878,0.3342621552459504,0.8171362855839206,13325,100,0.1,0.2,252,10,0.521
18654.9999999987,18655.0,15313.182474586223,6090,0.3264540337711297,0.8208620999510742,14094,100,0.1,0.2,253,13,0.48307692307692307
18584.9999999995,18585.0,15115.453268095805,6309,0.3394673123486774,0.8133146767875281,14111,100,0.1,0.2,254,12,0.5175
19664.999999999858,19665.0,16245.117651158993,6313,0.3210272056954002,0.8260929392910811,14823,100,0.1,0.2,255,12,0.6075
15004.999999999964,15005.0,12242.76755884877,5026,0.33495501499500246,0.8159125330788937,11373,100,0.1,0.2,256,5,0.526
19904.999999999458,19905.0,16451.133927483115,6403,0.32167797035921497,0.8264824881930953,15008,100,0.1,0.2,257,12,0.6275
16234.999999999909,16235.0,13266.456855543596,5387,0.3318139821373594,0.8171516387769431,12291,100,0.1,0.2,258,9,0.4288888888888889
16204.999999999929,16205.0,13348.528289665473,5233,0.3229250231410073,0.823728990414411,12226,100,0.1,0.2,259,7,0.5471428571428572
16694.999999999894,16695.0,13475.281722472422,5812,0.34812818209044843,0.8071447572610068,12722,100,0.1,0.2,260,10,0.43200000000000005
17874.99999999967,17875.0,14789.392736011643,5682,0.3178741258741318,0.8273786146020653,13461,100,0.1,0.2,261,10,0.55
15934.999999999938,15935.0,13059.39422408252,5251,0.3295262001882661,0.8195415264563898,12050,100,0.1,0.2,262,7,0.5085714285714286
16274.999999999174,16275.0,13055.33559507326,5755,0.3536098310292038,0.8021711579154484,12423,100,0.1,0.2,263,11,0.35454545454545455
18244.9999999999,18245.0,14916.543416623012,6111,0.33494107974787796,0.8175688362084457,13824,100,0.1,0.2,264,10,0.5870000000000001
18024.999999999327,18025.0,14632.752218908967,6166,0.34208044382802943,0.8118031744193904,13699,100,0.1,0.2,265,12,0.4708333333333334
17184.9999999999,17185.0,14218.202330111913,5438,0.31643875472796223,0.8273612062910675,12936,100,0.1,0.2,266,10,0.48100000000000004
16914.999999999927,16915.0,13842.512326163898,5614,0.33189476795743567,0.8183572170360011,12805,100,0.1,0.2,267,8,0.5675
18274.99999999986,18275.0,14953.728214060793,6087,0.3330779753761995,0.8182614617817185,13837,100,0.1,0.2,268,11,0.5363636363636364
18204.999999999876,18205.0,14802.417285700296,6177,0.33930238945344915,0.8130962529909583,13823,100,0.1,0.2,269,12,0.48583333333333334
16394.999999999905,16395.0,13322.817551103813,5561,0.33918877706618067,0.812614672223476,12450,100,0.1,0.2,270,9,0.44666666666666666
17974.999999999873,17975.0,14517.64917264492,6241,0.34720445062587174,0.8076578121082071,13691,100,0.1,0.2,271,12,0.4666666666666666
18994.99999999931,18995.0,15337.477546845319,6576,0.346196367465135,0.8074481467147079,14460,100,0.1,0.2,272,15,0.44133333333333336
16844.999999999352,16845.0,13749.49335430168,5647,0.3352330068269645,0.8162358773702706,12770,100,0.1,0.2,273,9,0.49666666666666665
18274.99999999935,18275.0,14946.572767694412,6075,0.3324213406292868,0.8178699188889162,13840,100,0.1,0.2,274,12,0.49166666666666664
17134.999999999087,17135.0,14073.357008900844,5596,0.3265830172162415,0.821322264890668,12945,100,0.1,0.2,275,10,0.47600000000000003
18774.99999999928,18775.0,15642.633649740108,5794,0.3086018641811037,0.8331629107718087,14087,100,0.1,0.2,276,11,0.5818181818181818
13404.99999999998,13405.0,10934.471066311344,4480,0.3342036553524809,0.8157009374346408,10159,100,0.1,0.2,277,3,0.3433333333333334
18354.99999999969,18355.0,15229.580017190056,5779,0.31484609098338856,0.8297237819226538,13806,100,0.1,0.2,278,10,0.598
17984.9999999991,17985.0,14916.924197031462,5650,0.3141506811231739,0.8294091852672898,13526,100,0.1,0.2,279,11,0.51
15504.999999999925,15505.0,12523.705821361342,5383,0.3471783295711078,0.807720465744044,11809,100,0.1,0.2,280,8,0.39125
17734.999999999403,17735.0,14460.244724761304,5960,0.3360586411051706,0.8153507033979019,13447,100,0.1,0.2,281,11,0.48727272727272725
18554.999999998647,18555.0,15029.604369376279,6335,0.3414174077068425,0.8100029301739355,14100,100,0.1,0.2,282,15,0.41200000000000003
19424.999999999123,19425.0,15868.692053851843,6515,0.33539253539255054,0.8169210838534136,14728,100,0.1,0.2,283,13,0.5423076923076924
15574.999999999936,15575.0,12687.960336476453,5244,0.33669341894061133,0.814636297687095,11814,100,0.1,0.2,284,7,0.45714285714285713
17424.99999999992,17425.0,14219.509045673838,5871,0.33692969870875333,0.8160406912868811,13220,100,0.1,0.2,285,9,0.5611111111111111
14874.999999999973,14875.0,12288.030253055189,4764,0.3202689075630258,0.8260860674322831,11210,100,0.1,0.2,286,4,0.625
18754.99999999961,18755.0,15066.949176923366,6646,0.35435883764330245,0.8033563943974236,14325,100,0.1,0.2,287,13,0.4907692307692308
18884.99999999921,18885.0,15455.545202288484,6282,0.33264495631454927,0.8184032407884104,14297,100,0.1,0.2,288,12,0.5425
14354.999999999436,14355.0,11582.02734843911,4969,0.34615116684083563,0.8068287947362984,10929,100,0.1,0.2,289,6,0.33
19024.999999999854,19025.0,15712.604414927457,6104,0.320840998685942,0.8258924791026322,14341,100,0.1,0.2,290,12,0.5541666666666667
18754.99999999986,18755.0,15599.934535118957,5849,0.3118635030658514,0.8317747019524965,14090,100,0.1,0.2,291,11,0.58
16084.999999999918,16085.0,12884.901144362719,5737,0.35666770282872423,0.8010507394692437,12298,100,0.1,0.2,292,9,0.4122222222222222
15664.999999999955,15665.0,12781.138349145585,5261,0.33584423874880404,0.815904139747566,11877,100,0.1,0.2,293,6,0.5483333333333333
17764.99999999941,17765.0,14634.423374359034,5757,0.3240641711230054,0.8237784055367025,13410,100,0.1,0.2,294,10,0.539
16954.99999999992,16955.0,13898.437232293412,5603,0.33046299026835896,0.819724991583219,12828,100,0.1,0.2,295,8,0.5725
18464.999999999025,18465.0,15030.532176206536,6197,0.33560790685081654,0.8140012009860454,13997,100,0.1,0.2,296,14,0.435
16524.99999999921,16525.0,13450.421461797623,5564,0.3367019667171114,0.8139438100936923,12537,100,0.1,0.2,297,10,0.415
18214.999999999614,18215.0,15006.698421038238,5878,0.3227010705462599,0.8238648597880075,13737,100,0.1,0.2,298,11,0.5309090909090909
18414.999999999887,18415.0,15353.981486897737,5733,0.3113222916101024,0.8337758070539143,13830,100,0.1,0.2,299,8,0.755
16814.999999999935,16815.0,13993.916446084699,5204,0.3094855783526625,0.8322281561751266,12625,100,0.1,0.2,300,7,0.6342857142857143
18854.999999999087,18855.0,15358.580907752454,6395,0.33916732962080665,0.8145627636039882,14317,100,0.1,0.2,301,12,0.54
18594.99999999973,18595.0,15431.544559764401,5875,0.3159451465447747,0.8298760182718271,13988,100,0.1,0.2,302,10,0.622
14934.999999999938,14935.0,12074.95041397685,5170,0.34616672246401214,0.808500195110606,11368,100,0.1,0.2,303,6,0.42666666666666664
19114.9999999998,19115.0,15907.620736615401,5999,0.31383730054931014,0.8322061593834982,14369,100,0.1,0.2,304,10,0.674
15434.999999999955,15435.0,12637.32873276627,5111,0.33113054745707904,0.8187449778274251,11681,100,0.1,0.2,305,6,0.51
16374.999999999955,16375.0,13580.146814375747,5155,0.3148091603053444,0.8293219428626433,12317,100,0.1,0.2,306,6,0.6666666666666667
16804.999999999472,16805.0,13720.140578725473,5644,0.3358524248735601,0.8164320487191851,12742,100,0.1,0.2,307,8,0.55375
16084.999999999363,16085.0,12882.549340095262,5729,0.35617034504197864,0.8009045284486025,12293,100,0.1,0.2,308,10,0.371
14694.999999999955,14695.0,12056.637902002347,4803,0.3268458659407972,0.8204585166384746,11105,100,0.1,0.2,309,5,0.46399999999999997
18404.999999998894,18405.0,15056.367672847833,6114,0.3321923390383248,0.8180585532653484,13932,100,0.1,0.2,310,12,0.5025
16064.99999999992,16065.0,13135.172153420726,5314,0.33078120136943834,0.8176266513178209,12157,100,0.1,0.2,311,8,0.46125
19504.999999999465,19505.0,16257.000261425443,6039,0.30961291976417155,0.8334786086350109,14643,100,0.1,0.2,312,12,0.5941666666666666
18864.999999999847,18865.0,15345.520437573869,6404,0.3394646170156402,0.8134386661846802,14325,100,0.1,0.2,313,13,0.4992307692307692
15574.999999999281,15575.0,12549.55327890148,5414,0.3476083467094863,0.8057498092392975,11863,100,0.1,0.2,314,9,0.35555555555555557
19184.99999999916,19185.0,15661.103968110918,6430,0.33515767526715046,0.8163202485333126,14537,100,0.1,0.2,315,13,0.5238461538461539
17344.999999999865,17345.0,13950.328580359628,6129,0.3533583165177312,0.8042853029898954,13246,100,0.1,0.2,316,11,0.4518181818181818
19874.999999999556,19875.0,16226.675183166415,6645,0.3343396226415169,0.8164364872033598,15057,100,0.1,0.2,317,15,0.5
16044.999999999127,16045.0,12642.488580180134,6015,0.3748831411654925,0.7879394565397833,12365,100,0.1,0.2,318,11,0.3336363636363637
18024.99999999992,18025.0,14941.381713215094,5709,0.3167267683772552,0.8289254764613126,13566,100,0.1,0.2,319,9,0.6277777777777778
15044.999999999945,15045.0,12258.99537074714,5046,0.3353938185443681,0.8148218923726942,11404,100,0.1,0.2,320,6,0.445
17714.9999999985,17715.0,14334.505485016703,6054,0.34174428450468597,0.809173326842671,13463,100,0.1,0.2,321,15,0.35600000000000004
17104.999999999396,17105.0,13863.037455766618,5876,0.34352528500439683,0.810466966136633,13009,100,0.1,0.2,322,10,0.473
23254.999999997697,23255.0,19175.560161307825,7526,0.32362932702647795,0.8245779471644689,17545,100,0.1,0.2,323,20,0.544
16564.999999999054,16565.0,13536.269704020495,5491,0.33148204044674395,0.817160863508679,12542,100,0.1,0.2,324,10,0.419
16154.999999999864,16155.0,13434.37596243301,5006,0.30987310430207626,0.8315924458330625,12131,100,0.1,0.2,325,7,0.54
16234.999999999945,16235.0,13196.292187580551,5522,0.3401293501693883,0.8128298236883644,12329,100,0.1,0.2,326,7,0.5514285714285715
17654.999999999847,17655.0,14293.691178278516,6046,0.3424525630133136,0.8096115082570738,13416,100,0.1,0.2,327,13,0.40615384615384614
18774.999999999876,18775.0,15496.24107646746,6066,0.3230892143808277,0.825365703140749,14166,100,0.1,0.2,328,11,0.5818181818181818
16454.999999999072,16455.0,13046.377179124622,6040,0.36706168337893286,0.7928518492327777,12633,100,0.1,0.2,329,11,0.3709090909090909
17354.999999999873,17355.0,14113.56820580812,5882,0.33892250072025604,0.8132277848348155,13174,100,0.1,0.2,330,11,0.45272727272727276
14654.999999999602,14655.0,11816.404169627642,5105,0.34834527465029946,0.8063052998722595,11167,100,0.1,0.2,331,6,0.38
15954.999999999081,15955.0,12655.414157584284,5847,0.3664681917894288,0.7931942436593552,12248,100,0.1,0.2,332,11,0.32545454545454544
18094.999999999724,18095.0,15050.329481443068,5643,0.3118541033434698,0.8317396784439512,13595,100,0.1,0.2,333,9,0.6355555555555555
19584.999999999833,19585.0,15924.748899119179,6649,0.3394945111054407,0.8131094663834217,14868,100,0.1,0.2,334,14,0.515
18854.999999999884,18855.0,15497.1757910917,6175,0.32749933704587847,0.8219133275572419,14249,100,0.1,0.2,335,11,0.5890909090909091
18214.999999999378,18215.0,14877.351830886628,6056,0.33247323634368414,0.8167637568425549,13794,100,0.1,0.2,336,13,0.4492307692307692
21274.99999999971,21275.0,17587.424129189392,6840,0.321504112808465,0.8266709343919921,16045,100,0.1,0.2,337,16,0.55625
16354.999999999927,16355.0,13600.450635916422,5071,0.3100580862121689,0.8315775381177917,12283,100,0.1,0.2,338,7,0.5685714285714285
18894.999999999232,18895.0,15321.302735080404,6436,0.3406192114316095,0.8108654530341903,14351,100,0.1,0.2,339,15,0.4346666666666667
17384.999999999945,17385.0,14365.47345199593,5598,0.32200172562554025,0.8263142624098921,13109,100,0.1,0.2,340,7,0.7157142857142857
18264.999999999687,18265.0,14992.052811406242,5982,0.32751163427320573,0.8208077093570489,13802,100,0.1,0.2,341,11,0.5354545454545455
20764.999999999825,20765.0,17212.47795931772,6552,0.3155309414880836,0.8289177924063503,15621,100,0.1,0.2,342,14,0.5992857142857143
19504.999999999774,19505.0,16239.649241901609,6081,0.3117662137913392,0.8325890408562828,14654,100,0.1,0.2,343,12,0.5941666666666666
14534.999999999949,14535.0,11819.298942830732,4915,0.33814929480564276,0.8131612619766614,11029,100,0.1,0.2,344,5,0.43200000000000005
16964.99999999936,16965.0,13451.070496432163,6259,0.3689360447981277,0.7928718241339623,13037,100,0.1,0.2,345,11,0.41727272727272724
15914.999999999964,15915.0,13203.294948610364,5015,0.3151115300031424,0.8296132547037633,11971,100,0.1,0.2,346,5,0.708
16734.999999999265,16735.0,13770.5347572266,5412,0.3233940842545705,0.8228583661324891,12627,100,0.1,0.2,347,9,0.48444444444444446
19414.999999998894,19415.0,16015.991929942333,6243,0.3215554983260549,0.8249287628093354,14639,100,0.1,0.2,348,13,0.5415384615384615
17134.99999999985,17135.0,13932.45769776449,5807,0.3388969944557952,0.8130993695806601,13009,100,0.1,0.2,349,11,0.43272727272727274
18834.99999999992,18835.0,15700.91008508737,5859,0.3110698168303703,0.8336028715204372,14145,100,0.1,0.2,350,9,0.7177777777777777
19524.999999999716,19525.0,15833.265219151519,6710,0.3436619718309909,0.810922674476402,14851,100,0.1,0.2,351,14,0.5107142857142857
14994.999999999936,14995.0,12143.26428519117,5140,0.34278092697566,0.8098208926436293,11401,100,0.1,0.2,352,7,0.37428571428571433
20054.99999999944,20055.0,16554.80919551736,6447,0.3214659685863964,0.8254704161315294,15122,100,0.1,0.2,353,13,0.5907692307692308
20394.999999999633,20395.0,16873.214498132555,6519,0.3196371659720577,0.8273211325389977,15364,100,0.1,0.2,354,14,0.5728571428571428
14904.999999999955,14905.0,12158.517898987518,5009,0.3360617242536072,0.8157341763829289,11298,100,0.1,0.2,355,5,0.506
17634.999999999913,17635.0,14664.737553055593,5501,0.31193648993479034,0.831570034196522,13251,100,0.1,0.2,356,9,0.5844444444444444
18144.999999999716,18145.0,15107.867735057576,5607,0.30901074676219825,0.8326187784545501,13621,100,0.1,0.2,357,11,0.5245454545454545
17364.99999999992,17365.0,14434.05339812759,5428,0.31258278145695506,0.831215283508647,13050,100,0.1,0.2,358,8,0.62375
19234.999999999847,19235.0,15702.11697510874,6410,0.33324668572914223,0.8163304899978614,14569,100,0.1,0.2,359,14,0.49
15224.999999999947,15225.0,12541.83947832214,4905,0.3221674876847302,0.8237661397912763,11483,100,0.1,0.2,360,6,0.475
16844.99999999992,16845.0,13680.366131796298,5744,0.34099139210448365,0.8121321538614641,12795,100,0.1,0.2,361,9,0.49666666666666665
17814.999999999884,17815.0,14528.231051989736,5988,0.3361212461408947,0.8155055319668724,13511,100,0.1,0.2,362,11,0.4945454545454545
20624.999999999487,20625.0,16852.122640782865,6942,0.33658181818182653,0.8170726128864623,15642,100,0.1,0.2,363,14,0.5892857142857143
16154.99999999969,16155.0,13217.006374364613,5335,0.330238316310746,0.818137194327754,12222,100,0.1,0.2,364,9,0.42
15834.9999999994,15835.0,12777.655399172007,5522,0.3487211872434613,0.8069248752240284,12068,100,0.1,0.2,365,8,0.4325
16794.999999999305,16795.0,13561.62849734446,5810,0.34593629056268177,0.8074801129708259,12784,100,0.1,0.2,366,11,0.4018181818181818
16114.999999999965,16115.0,13395.239732830474,5063,0.3141793360223401,0.8312280318231774,12117,100,0.1,0.2,367,5,0.748
16864.999999999283,16865.0,13751.841603944784,5643,0.3345982804625105,0.8154071511381777,12780,100,0.1,0.2,368,10,0.449
19024.999999999112,19025.0,15621.804873316638,6226,0.3272536136662439,0.8211198356540009,14374,100,0.1,0.2,369,13,0.5115384615384615
17004.999999999905,17005.0,13825.060849775637,5788,0.3403704792708046,0.8129997559409416,12915,100,0.1,0.2,370,9,0.5144444444444445
18564.99999999924,18565.0,15139.963589783918,6234,0.33579315917049585,0.815511100984893,14069,100,0.1,0.2,371,12,0.5158333333333334
17504.999999999898,17505.0,14501.262272643644,5533,0.3160811196800932,0.8284068707594247,13173,100,0.1,0.2,372,9,0.57
16424.99999999992,16425.0,13283.19379893252,5670,0.3452054794520565,0.8087180395088331,12495,100,0.1,0.2,373,9,0.45
17004.99999999992,17005.0,13817.449384745343,5795,0.3407821229050295,0.8125521543513913,12918,100,0.1,0.2,374,9,0.5144444444444445
15434.999999999336,15435.0,12717.04476283659,4979,0.3225785552316303,0.8239096056259887,11646,100,0.1,0.2,375,7,0.43714285714285717
14894.999999999683,14895.0,12085.721637535511,5073,0.3405840886203496,0.8113945375989102,11315,100,0.1,0.2,376,6,0.42
17344.99999999954,17345.0,14208.633554990089,5727,0.3301816085327271,0.819177489477686,13124,100,0.1,0.2,377,9,0.5522222222222222
17344.999999999935,17345.0,14436.650148147246,5430,0.3130585183049882,0.8323234446899568,13038,100,0.1,0.2,378,7,0.71
18734.999999999716,18735.0,15413.207891285769,6097,0.3254336802775603,0.8226959109306646,14150,100,0.1,0.2,379,12,0.53
18144.999999999738,18145.0,14868.610140157492,5995,0.33039404794709765,0.8194329093501078,13732,100,0.1,0.2,380,11,0.5245454545454545
17374.999999999753,17375.0,14356.423214018008,5564,0.3202302158273427,0.8262689619578828,13095,100,0.1,0.2,381,9,0.5555555555555556
18804.999999998276,18805.0,15184.668501483944,6545,0.34804573251797927,0.8074803776381461,14331,100,0.1,0.2,382,15,0.4286666666666667
17214.99999999958,17215.0,13994.079015783489,5830,0.33865814696486446,0.8129003204056828,13064,100,0.1,0.2,383,10,0.484
17614.99999999955,17615.0,14675.53738368681,5425,0.30797615668465167,0.8331272996700076,13218,100,0.1,0.2,384,10,0.524
15094.999999999945,15095.0,12322.73376730989,5027,0.3330241801921178,0.8163453969731655,11433,100,0.1,0.2,385,6,0.45333333333333337
16434.999999999935,16435.0,13556.735503062666,5292,0.3219957407970807,0.8248698206913733,12395,100,0.1,0.2,386,7,0.58
14504.999999999936,14505.0,11627.403299963384,5126,0.3533953809031384,0.8016134643201265,11075,100,0.1,0.2,387,7,0.30428571428571427
14984.999999999955,14985.0,12125.569161899137,5168,0.34487821154487924,0.8091804579178627,11403,100,0.1,0.2,388,6,0.435
18454.99999999973,18455.0,15530.972522672062,5447,0.2951503657545424,0.8415590638131828,13785,100,0.1,0.2,389,10,0.608
17404.99999999981,17405.0,14170.723605377276,5873,0.33743177247917633,0.8141754441469365,13202,100,0.1,0.2,390,10,0.503
17074.99999999952,17075.0,13955.462640127316,5677,0.3324743777452509,0.8173038149415934,12928,100,0.1,0.2,391,10,0.47
17304.999999999436,17305.0,14222.030709430619,5689,0.32874891649813265,0.821845172460623,13085,100,0.1,0.2,392,8,0.61625
18134.999999999494,18135.0,14966.974560678218,5852,0.32269092914255104,0.8253087709224503,13682,100,0.1,0.2,393,10,0.5760000000000001
18404.99999999858,18405.0,14748.16793706839,6561,0.35647921760393947,0.8013131180151876,14064,100,0.1,0.2,394,13,0.46384615384615385
18614.999999999563,18615.0,15329.734097497929,5994,0.321998388396462,0.8235151274508884,14040,100,0.1,0.2,395,13,0.48
19884.99999999927,19885.0,16560.74960561812,6171,0.3103344229318696,0.8328262311098179,14931,100,0.1,0.2,396,13,0.5776923076923076
20174.999999997654,20175.0,16692.174438938408,6394,0.3169268897150307,0.8273692410875018,15190,100,0.1,0.2,397,17,0.4588235294117647
16374.999999999909,16375.0,13351.12869760455,5493,0.3354503816793912,0.8153361036705115,12413,100,0.1,0.2,398,9,0.4444444444444444
19344.99999999899,19345.0,15628.565753132287,6687,0.34567071594729126,0.807886572919778,14724,100,0.1,0.2,399,16,0.435625
25334.999999997894,25335.0,20701.66122561014,8479,0.33467535030592876,0.8171170801504583,19199,100,0.2,0.2,0,24,0.54
23364.999999998086,23365.0,19527.940175552172,7134,0.30532848277340396,0.8357774524097484,17515,100,0.2,0.2,1,19,0.578421052631579
22264.999999997654,22265.0,17845.321445688347,7953,0.35719739501463454,0.801496584131607,17027,100,0.2,0.2,2,22,0.4495454545454545
23174.99999999751,23175.0,19052.687146434888,7598,0.32785329018342246,0.8221224227157253,17519,100,0.2,0.2,3,19,0.5684210526315789
23344.999999997923,23345.0,19080.81150003696,7764,0.33257656885845754,0.817340394090326,17680,100,0.2,0.2,4,22,0.49863636363636366
19914.99999999906,19915.0,15888.824610397716,7173,0.3601807682651438,0.7978320165904326,15247,100,0.2,0.2,5,19,0.3968421052631579
20244.999999999145,20245.0,16692.819339463793,6529,0.32249938256360955,0.8245403477137316,15270,100,0.2,0.2,6,16,0.491875
21734.999999999654,21735.0,17887.82763501456,7093,0.32634000460087936,0.8229964405343844,16419,100,0.2,0.2,7,17,0.5505882352941177
23424.99999999656,23425.0,19298.65377428937,7598,0.3243543223052771,0.8238486136304036,17682,100,0.2,0.2,8,21,0.5261904761904762
19654.999999999534,19655.0,16149.444495089867,6429,0.3270923429152965,0.8216456115538158,14851,100,0.2,0.2,9,14,0.52
23394.999999993397,23395.0,18463.917988872643,8689,0.37140414618518713,0.789224962123439,17996,100,0.2,0.2,10,30,0.36733333333333335
21494.999999998225,21495.0,17482.315850594816,7247,0.33714817399397995,0.8133201140077349,16304,100,0.2,0.2,11,20,0.456
19064.9999999958,19065.0,15518.157026525942,6365,0.33385785470765283,0.8139605049320409,14446,100,0.2,0.2,12,18,0.37166666666666665
23514.999999997654,23515.0,19372.115204590606,7654,0.32549436529877795,0.8238194856301313,17757,100,0.2,0.2,13,19,0.5863157894736841
24204.999999997908,24205.0,19792.21583097594,8086,0.33406321008059076,0.8176912138391923,18341,100,0.2,0.2,14,22,0.5377272727272727
20614.999999997806,20615.0,16543.926302421438,7275,0.3528983749697198,0.8025188601709046,15737,100,0.2,0.2,15,20,0.41200000000000003
21544.9999999996,21545.0,17793.732534237715,6944,0.32230215827338726,0.8258868662909281,16250,100,0.2,0.2,16,16,0.573125
22264.999999999312,22265.0,18245.273292005826,7359,0.33051875140355835,0.8194598379522295,16845,100,0.2,0.2,17,19,0.5205263157894737
20504.99999999895,20505.0,16621.105784513107,7053,0.34396488661303887,0.8105879436485716,15600,100,0.2,0.2,18,17,0.47823529411764704
21544.99999999858,21545.0,17776.47230189266,6935,0.32188442794153893,0.8250857415592402,16247,100,0.2,0.2,19,17,0.5394117647058824
26284.99999998984,26285.0,21119.672760241265,9285,0.3532432946548826,0.8034876454346368,20066,100,0.2,0.2,20,30,0.46366666666666667
22694.99999999603,22695.0,18359.17937980587,7860,0.3463317911434842,0.8089526054112837,17285,100,0.2,0.2,21,22,0.46909090909090906
22594.999999998905,22595.0,18855.38696235019,6992,0.3094489931400902,0.834493780143886,16959,100,0.2,0.2,22,17,0.6011764705882353
22284.99999999822,22285.0,18085.38712607367,7622,0.34202378281357904,0.8115497925095407,16934,100,0.2,0.2,23,21,0.4719047619047619
20844.999999999087,20845.0,17241.945003391404,6656,0.31930918685537496,0.8271501560754214,15700,100,0.2,0.2,24,15,0.5646666666666667
22994.999999996686,22995.0,18505.775247200683,8101,0.35229397695156195,0.8047738746337617,17552,100,0.2,0.2,25,23,0.4617391304347826
26964.99999999538,26965.0,22363.045353883288,8547,0.3169664379752073,0.8293360042235164,20300,100,0.2,0.2,26,26,0.5611538461538461
20284.999999998614,20285.0,16415.95649056028,7004,0.3452797633719733,0.8092657870624304,15441,100,0.2,0.2,27,17,0.46529411764705886
21294.99999999887,21295.0,17623.17557933208,6759,0.31739845034047237,0.8275734012365822,16032,100,0.2,0.2,28,17,0.5247058823529411
22414.99999999946,22415.0,18384.01880710487,7439,0.3318759759089975,0.8201659070758559,16962,100,0.2,0.2,29,17,0.5905882352941176
21314.999999998417,21315.0,17382.806088199817,7144,0.33516303072955805,0.815519872775093,16159,100,0.2,0.2,30,19,0.4705263157894737
24114.99999999756,24115.0,20045.0965949261,7608,0.315488285299638,0.8312293839903848,18142,100,0.2,0.2,31,20,0.5870000000000001
20124.999999998865,20125.0,16448.78680936596,6740,0.33490683229815554,0.8173310215834478,15249,100,0.2,0.2,32,14,0.5535714285714285
24234.999999996395,24235.0,19642.99308913732,8300,0.34247988446466826,0.8105216871937381,18426,100,0.2,0.2,33,25,0.4744
19254.999999999804,19255.0,15638.15230454026,6511,0.33814593612049165,0.8121605974832729,14611,100,0.2,0.2,34,15,0.45866666666666667
20084.999999998818,20085.0,16094.933286595899,7168,0.3568832462036556,0.8013409652276249,15361,100,0.2,0.2,35,18,0.42833333333333334
24544.999999998618,24545.0,20471.759023101913,7642,0.31134650641680306,0.8340500722388701,18433,100,0.2,0.2,36,19,0.6405263157894737
22564.999999998123,22565.0,18598.696123652044,7317,0.3242632395302729,0.8242276146090668,17036,100,0.2,0.2,37,19,0.5363157894736842
18374.99999999966,18375.0,14952.609722051666,6185,0.3365986394557885,0.8137474678667723,13932,100,0.2,0.2,38,14,0.42857142857142855
21794.999999998334,21795.0,17663.95248804637,7494,0.34384033035102424,0.8104589349872777,16576,100,0.2,0.2,39,19,0.49578947368421056
24044.999999996613,24045.0,19753.19132443938,7828,0.32555624870039934,0.8215093085648643,18158,100,0.2,0.2,40,23,0.5073913043478261
15994.999999999418,15995.0,12912.260355955852,5541,0.3464207564864146,0.8072685436671662,12177,100,0.2,0.2,41,9,0.4022222222222222
23214.99999999729,23215.0,18702.546551203242,8139,0.3505922894680573,0.8056233707174424,17708,100,0.2,0.2,42,24,0.45166666666666666
21724.99999999759,21725.0,18011.876290379572,6828,0.3142922899885274,0.8290852147471378,16338,100,0.2,0.2,43,18,0.5194444444444444
24754.999999993415,24755.0,20167.39342353877,8339,0.3368612401535939,0.8146795969922899,18781,100,0.2,0.2,44,26,0.47615384615384615
24784.99999999879,24785.0,20857.501708017597,7373,0.2974783134960807,0.841537289006198,18521,100,0.2,0.2,45,20,0.6204999999999999
19224.999999999738,19225.0,16015.334448583759,5952,0.30959687906372335,0.8330473055180222,14435,100,0.2,0.2,46,12,0.5708333333333333
21194.999999999596,21195.0,17446.129011903748,6923,0.3266336400094424,0.8231247469640991,16014,100,0.2,0.2,47,16,0.55125
20414.99999999791,20415.0,16427.595609216507,7136,0.3495469017879368,0.8046826161752725,15560,100,0.2,0.2,48,20,0.402
23714.99999999929,23715.0,19539.10559621347,7679,0.3238034998945912,0.823913371124354,17897,100,0.2,0.2,49,21,0.54
23574.99999999822,23575.0,19169.026774981197,7995,0.33913043478263427,0.8131082407203667,17901,100,0.2,0.2,50,23,0.48695652173913045
22984.999999996922,22985.0,19008.668483086956,7338,0.31925168588213976,0.8270031970019361,17319,100,0.2,0.2,51,20,0.5305
24394.99999999887,24395.0,19941.70673488022,8149,0.3340438614470333,0.8174505732683396,18484,100,0.2,0.2,52,24,0.5008333333333334
20854.999999998334,20855.0,16783.119718930768,7337,0.3518101174778512,0.8047528035930045,15915,100,0.2,0.2,53,18,0.47111111111111115
20814.999999999116,20815.0,17139.4048175535,6721,0.3228921450876909,0.8234160373554757,15705,100,0.2,0.2,54,18,0.46888888888888886
22944.99999999848,22945.0,18750.18713239836,7649,0.3333623883199175,0.8171796527522164,17378,100,0.2,0.2,55,20,0.5285
24744.999999999167,24745.0,20682.236762496777,7583,0.3064457466154882,0.8358147812688411,18554,100,0.2,0.2,56,22,0.5622727272727273
21164.999999998512,21165.0,17180.69112404865,7263,0.3431608788093792,0.8117501121686681,16095,100,0.2,0.2,57,18,0.48833333333333334
20254.99999999975,20255.0,16658.525069765175,6589,0.32530239447050513,0.8224401416818258,15293,100,0.2,0.2,58,15,0.5253333333333333
21594.9999999984,21595.0,17440.905008053945,7512,0.34785830053255645,0.8076362587661606,16444,100,0.2,0.2,59,19,0.48526315789473684
21174.999999998417,21175.0,17139.15509877785,7282,0.3438961038961296,0.8094051994700888,16108,100,0.2,0.2,60,19,0.4631578947368421
21984.999999997686,21985.0,17781.730160474843,7594,0.3454173299977621,0.8088119245156568,16736,100,0.2,0.2,61,20,0.4805
21284.999999999378,21285.0,17474.254705136453,7015,0.3295748179469206,0.8209656896940082,16097,100,0.2,0.2,62,16,0.556875
27344.999999998145,27345.0,22478.19871564296,8942,0.32700676540503226,0.8220222605830859,20660,100,0.2,0.2,63,27,0.5544444444444444
20024.999999998825,20025.0,16298.174360951403,6734,0.33627965043697355,0.8138913538552989,15184,100,0.2,0.2,64,18,0.425
22764.999999994325,22765.0,18256.901366328544,8046,0.3534372940918957,0.8019723859579659,17378,100,0.2,0.2,65,25,0.4156
21214.999999999036,21215.0,17595.88297017151,6687,0.315201508366736,0.8294076347005567,15959,100,0.2,0.2,66,16,0.5525
23774.999999994976,23775.0,19455.64024903446,7831,0.3293796004206795,0.8183234594758599,17981,100,0.2,0.2,67,25,0.456
18444.999999998992,18445.0,15080.756529431243,6108,0.3311466522092889,0.8176067513923593,13958,100,0.2,0.2,68,13,0.46692307692307694
22434.99999999696,22435.0,18296.656183573963,7595,0.33853354134169955,0.8155407258112968,17027,100,0.2,0.2,69,18,0.5588888888888889
20444.999999999818,20445.0,16933.576630469935,6463,0.3161164098801691,0.828250263168016,15385,100,0.2,0.2,70,15,0.5379999999999999
19804.99999999928,19805.0,16266.112242941825,6498,0.3280989649078635,0.8213134179723512,14976,100,0.2,0.2,71,14,0.5307142857142857
22904.999999997704,22905.0,19009.554374049218,7204,0.3145164811176914,0.8299303372211798,17227,100,0.2,0.2,72,19,0.5542105263157895
19194.99999999861,19195.0,15508.799679535912,6653,0.34660067725972815,0.8079603896606947,14622,100,0.2,0.2,73,16,0.42625
21754.99999999955,21755.0,17889.852081556994,7079,0.3253964605837806,0.8223328927399386,16428,100,0.2,0.2,74,18,0.5211111111111112
16914.99999999991,16915.0,13625.099907890566,5925,0.3502808158439274,0.8055039850955152,12897,100,0.2,0.2,75,10,0.45399999999999996
22154.999999998363,22155.0,18084.75621898047,7442,0.33590611600092757,0.8162832867967414,16797,100,0.2,0.2,76,20,0.489
18774.9999999992,18775.0,15381.35519061903,6230,0.33182423435420855,0.819246614680143,14214,100,0.2,0.2,77,12,0.5333333333333333
23574.999999998035,23575.0,19577.34628339441,7373,0.3127465535525181,0.8304282622861524,17723,100,0.2,0.2,78,22,0.509090909090909
19924.99999999852,19925.0,16271.142784081521,6623,0.3323964868256207,0.816619462187339,15089,100,0.2,0.2,79,17,0.44411764705882356
24854.999999995798,24855.0,20231.85254740323,8410,0.3383625025146418,0.8139952744882981,18862,100,0.2,0.2,80,25,0.49920000000000003
18394.999999998847,18395.0,14928.511898376868,6268,0.3407447675999126,0.8115526990148303,13972,100,0.2,0.2,81,15,0.4013333333333333
21434.99999999835,21435.0,17742.021516725577,6799,0.3171915092139269,0.827712690306832,16138,100,0.2,0.2,82,17,0.5329411764705883
23594.999999995413,23595.0,19277.187748732107,7851,0.3327399872855065,0.8170030832267792,17868,100,0.2,0.2,83,23,0.48782608695652174
24634.999999996908,24635.0,20101.292931050484,8283,0.3362289425614386,0.8159648033713419,18682,100,0.2,0.2,84,23,0.5330434782608695
22024.999999997377,22025.0,18073.390315597208,7252,0.329262202043172,0.820585258370005,16659,100,0.2,0.2,85,18,0.5361111111111111
22334.999999993128,22335.0,17869.224311643175,7976,0.3571076785315628,0.8000548158338335,17079,100,0.2,0.2,86,25,0.39840000000000003
21884.999999998312,21885.0,17912.222852006733,7258,0.3316426776331076,0.818470315376199,16569,100,0.2,0.2,87,20,0.4755
21924.999999998017,21925.0,17716.647185625974,7585,0.34595210946411337,0.8080568841791369,16685,100,0.2,0.2,88,21,0.45476190476190476
25014.99999999689,25015.0,20394.5384233108,8431,0.33703777733364176,0.8152923615156241,18981,100,0.2,0.2,89,25,0.5056
24634.999999993866,24635.0,20260.780525434515,7948,0.322630403896975,0.8224388279049953,18587,100,0.2,0.2,90,28,0.43785714285714283
22594.99999999396,22595.0,18456.545383679982,7517,0.33268422217313603,0.8168420174235413,17108,100,0.2,0.2,91,22,0.46454545454545454
25694.99999999647,25695.0,21178.783428230498,8342,0.3246546020627027,0.8242375336926797,19394,100,0.2,0.2,92,25,0.5328
21924.999999998825,21925.0,17954.447568777196,7297,0.33281641961233255,0.8189029677891976,16600,100,0.2,0.2,93,18,0.5305555555555556
26374.999999996904,26375.0,21808.891248752247,8404,0.3186350710900848,0.8268773933177178,19865,100,0.2,0.2,94,26,0.5384615384615384
22044.999999998185,22045.0,17935.53365528755,7443,0.3376275799501299,0.8135873737940135,16721,100,0.2,0.2,95,20,0.48350000000000004
20024.999999999774,20025.0,16388.48643102826,6611,0.33013732833957926,0.8184013199015453,15147,100,0.2,0.2,96,16,0.478125
20654.999999999738,20655.0,16674.113394720473,7185,0.3478576615831562,0.8072676540653926,15739,100,0.2,0.2,97,19,0.43578947368421056
23144.999999998527,23145.0,19451.810134276726,6916,0.2988118384100428,0.8404324966203485,17306,100,0.2,0.2,98,17,0.6335294117647059
25094.999999998035,25095.0,20887.879679372385,7807,0.3110978282526643,0.8323522486301662,18848,100,0.2,0.2,99,22,0.5781818181818182
18534.99999999901,18535.0,14980.937136907716,6408,0.3457243053682407,0.8082512617700844,14111,100,0.2,0.2,100,14,0.44
28594.999999995034,28595.0,23756.159569674157,9012,0.315159993005825,0.8307801912809332,21510,100,0.2,0.2,101,28,0.5792857142857143
18714.999999999825,18715.0,15375.55681918535,6074,0.32455249799626273,0.8215632818159495,14128,100,0.2,0.2,102,14,0.45285714285714285
21894.999999997814,21895.0,17761.254671332903,7498,0.34245261475226074,0.811201400837391,16644,100,0.2,0.2,103,19,0.5010526315789474
23414.9999999965,23415.0,18861.530889615296,8198,0.350117446081624,0.8055319619738679,17849,100,0.2,0.2,104,25,0.4416
20954.99999999898,20955.0,17110.55105775307,7046,0.33624433309474316,0.8165378696136436,15893,100,0.2,0.2,105,16,0.53625
21144.999999997857,21145.0,17028.45611028629,7399,0.3499172381177938,0.8053183310611499,16116,100,0.2,0.2,106,20,0.4385
20694.99999999962,20695.0,16982.338399054246,6775,0.32737376177821326,0.820601034020515,15637,100,0.2,0.2,107,16,0.52
25254.999999996817,25255.0,20685.997860869473,8392,0.33229063551776117,0.8190852449365306,19121,100,0.2,0.2,108,25,0.5152
19384.999999998574,19385.0,15778.497314382343,6544,0.337580603559478,0.8139539496715762,14706,100,0.2,0.2,109,15,0.4673333333333333
25904.999999998545,25905.0,21749.825459068514,7737,0.2986682107701384,0.8395995158876562,19372,100,0.2,0.2,110,23,0.5882608695652174
19464.999999999836,19465.0,16098.007563049436,6201,0.3185717955304419,0.8270232500924516,14662,100,0.2,0.2,111,13,0.5453846153846154
20804.999999999698,20805.0,17146.11493895902,6729,0.3234318673395865,0.824134339772135,15702,100,0.2,0.2,112,17,0.49588235294117644
21654.99999999705,21655.0,17330.936428823647,7732,0.3570537981990789,0.8003203153463869,16559,100,0.2,0.2,113,22,0.4218181818181818
20994.999999998465,20995.0,17139.380604326525,6996,0.3332221957609198,0.8163553514802466,15900,100,0.2,0.2,114,19,0.4536842105263158
20244.999999998887,20245.0,16405.66418954054,6932,0.3424055322301991,0.8103563442598886,15394,100,0.2,0.2,115,18,0.43722222222222223
23674.999999995747,23675.0,19072.39857752257,8276,0.34956705385433945,0.8055923369599154,18048,100,0.2,0.2,116,24,0.4708333333333334
25124.99999999738,25125.0,20700.173610381178,8128,0.3235024875622228,0.8238875068809288,18956,100,0.2,0.2,117,23,0.5543478260869565
22894.99999999585,22895.0,18898.108833951843,7352,0.3211181480673218,0.8254251510790683,17260,100,0.2,0.2,118,20,0.526
19534.999999999738,19535.0,16290.249460950366,6042,0.30929101612490817,0.8339006634732831,14665,100,0.2,0.2,119,12,0.5966666666666667
24774.9999999986,24775.0,20558.934493303797,7843,0.3165691220989079,0.8298258120405635,18641,100,0.2,0.2,120,21,0.5904761904761905
20194.99999999927,20195.0,17122.418564559706,5777,0.28606090616490265,0.8478543483317814,15037,100,0.2,0.2,121,12,0.6516666666666667
24524.999999995907,24525.0,19902.249558778098,8342,0.34014271151891506,0.8115086466373668,18627,100,0.2,0.2,122,27,0.45
20524.99999999938,20525.0,17178.20821564297,6200,0.3020706455542113,0.836940716961924,15372,100,0.2,0.2,123,16,0.509375
25474.99999999698,25475.0,21367.356820624813,7693,0.30198233562319576,0.8387578732336544,19070,100,0.2,0.2,124,22,0.5954545454545455
24914.999999997206,24915.0,20641.404930379933,7861,0.31551274332734824,0.8284730054337647,18746,100,0.2,0.2,125,24,0.5225
17854.999999999327,17855.0,14299.465287205156,6328,0.35441052926352495,0.8008661600227216,13636,100,0.2,0.2,126,16,0.3425
19374.99999999924,19375.0,15906.03619699082,6357,0.3281032258064645,0.8209567069414939,14648,100,0.2,0.2,127,14,0.5
21874.999999998716,21875.0,17719.408497463046,7497,0.3427200000000201,0.8100301027412153,16630,100,0.2,0.2,128,22,0.4318181818181818
16314.999999999072,16315.0,13023.582360471455,5860,0.3591786699356625,0.7982581894252035,12484,100,0.2,0.2,129,11,0.3581818181818182
24754.999999996435,24755.0,20065.468035904247,8523,0.3442940820036852,0.8105622313030554,18828,100,0.2,0.2,130,25,0.49520000000000003
21084.999999998574,21085.0,17059.64910248643,7306,0.34650225278636443,0.8090893574810332,16052,100,0.2,0.2,131,18,0.48388888888888887
20384.999999999098,20385.0,16451.040316647963,7124,0.3494726514594219,0.8070169397423934,15539,100,0.2,0.2,132,17,0.4711764705882353
21994.99999999949,21995.0,18499.515331488717,6526,0.2967037963173517,0.8410782146619298,16436,100,0.2,0.2,133,16,0.60125
23254.99999999918,23255.0,19435.51407861329,7109,0.30569769941949043,0.8357563568528907,17433,100,0.2,0.2,134,18,0.6044444444444445
20614.999999995885,20615.0,16383.75102044409,7507,0.36415231627463,0.7947490186974222,15811,100,0.2,0.2,135,21,0.3923809523809524
26294.99999999733,26295.0,21628.340609022787,8592,0.3267541357672893,0.8225267392669703,19863,100,0.2,0.2,136,25,0.5568
24474.999999997777,24475.0,19972.371854637848,8231,0.33630234933608777,0.8160315364510587,18560,100,0.2,0.2,137,23,0.5260869565217391
24264.999999998054,24265.0,20129.684485851743,7688,0.3168349474552078,0.8295769415146654,18265,100,0.2,0.2,138,21,0.5661904761904762
18394.999999998596,18395.0,14681.378256143733,6615,0.3596085892905955,0.7981178720383176,14084,100,0.2,0.2,139,16,0.37625
19574.999999997304,19575.0,15747.237456136272,6871,0.35100893997450555,0.8044565750262294,14935,100,0.2,0.2,140,17,0.4235294117647059
27824.99999999685,27825.0,23097.98773702795,8723,0.31349505840075426,0.8301163607198766,20922,100,0.2,0.2,141,29,0.5327586206896552
21934.999999998887,21935.0,18236.602685258214,6871,0.3132436744928356,0.8313928737296166,16490,100,0.2,0.2,142,16,0.5975
20644.99999999978,20645.0,17056.77336133643,6619,0.32061031726810707,0.8261939143296977,15564,100,0.2,0.2,143,15,0.5513333333333333
20244.999999999738,20245.0,16482.529159688926,6792,0.33549024450482035,0.8141530827211232,15348,100,0.2,0.2,144,18,0.43722222222222223
20844.999999997195,20845.0,16804.93580767077,7215,0.3461261693452133,0.8061854549135539,15871,100,0.2,0.2,145,21,0.4033333333333334
21034.999999998836,21035.0,17108.824550505207,7114,0.33819824102687873,0.813350347064709,15965,100,0.2,0.2,146,19,0.4557894736842105
19844.99999999873,19845.0,16063.60070158529,6830,0.34416729654827094,0.8094532981399001,15095,100,0.2,0.2,147,16,0.466875
19064.999999998956,19065.0,15543.424574397382,6398,0.3355887752426095,0.8152858418252418,14453,100,0.2,0.2,148,14,0.47785714285714287
23934.999999998818,23935.0,19518.860814606094,8064,0.3369124712763902,0.8154944982079406,18153,100,0.2,0.2,149,23,0.5026086956521739
24274.999999994976,24275.0,19861.013002861837,8053,0.33174047373848264,0.8181673739594623,18374,100,0.2,0.2,150,24,0.49583333333333335
23974.99999999569,23975.0,19689.682260002846,7805,0.325547445255533,0.8212589055268565,18103,100,0.2,0.2,151,24,0.48333333333333334
18864.999999998417,18865.0,15374.028343279539,6363,0.3372912801484513,0.8149498194158934,14309,100,0.2,0.2,152,14,0.4635714285714285
24824.999999998054,24825.0,20918.511837603048,7313,0.2945820745216747,0.842638946127077,18538,100,0.2,0.2,153,21,0.5928571428571429
23654.999999998745,23655.0,19361.393480324747,7885,0.333333333333351,0.8184905297115102,17919,100,0.2,0.2,154,21,0.5371428571428571
21004.999999998636,21005.0,17260.473849230402,6817,0.32454177576769544,0.8217316757548928,15857,100,0.2,0.2,155,17,0.5076470588235295
23934.999999998756,23935.0,19558.286670870853,7998,0.3341550031335039,0.8171417033997022,18138,100,0.2,0.2,156,23,0.5026086956521739
21134.999999997104,21135.0,17319.118843056676,6986,0.33054175538211295,0.8194520389429406,15988,100,0.2,0.2,157,17,0.5152941176470588
23904.999999998658,23905.0,19856.019427366507,7488,0.3132399079690617,0.8306220216426531,17968,100,0.2,0.2,158,21,0.549047619047619
27634.999999995234,27635.0,22743.109450992582,8956,0.32408178035106006,0.822982068065732,20857,100,0.2,0.2,159,29,0.5262068965517241
21254.999999999494,21255.0,17244.335519236076,7263,0.34170783345096084,0.8113072462590678,16153,100,0.2,0.2,160,18,0.49333333333333335
15574.999999999318,15575.0,12569.382940303367,5397,0.34651685393259946,0.8070229817209578,11860,100,0.2,0.2,161,9,0.35555555555555557
21144.999999998745,21145.0,17253.816027185752,7059,0.33383778671082615,0.8159761658636452,16016,100,0.2,0.2,162,18,0.4872222222222222
21554.999999996562,21555.0,17297.854129917858,7648,0.3548132683832623,0.8024984518636333,16471,100,0.2,0.2,163,20,0.45899999999999996
20794.999999997304,20795.0,16846.58474290675,7107,0.3417648473191114,0.8101267007890808,15798,100,0.2,0.2,164,20,0.42100000000000004
22444.99999999891,22445.0,18652.791145026127,7000,0.31187346847851816,0.8310443816006698,16861,100,0.2,0.2,165,19,0.53
21484.999999997835,21485.0,17570.124572692737,7133,0.33199906911802274,0.8177856445284853,16256,100,0.2,0.2,166,19,0.4794736842105263
24564.99999999687,24565.0,20295.85296310313,7838,0.31907185019340517,0.8262101755793085,18503,100,0.2,0.2,167,23,0.53
22884.9999999984,22885.0,18696.19553545472,7695,0.3362464496395254,0.8169628811647817,17349,100,0.2,0.2,168,19,0.5531578947368421
24314.999999996613,24315.0,19831.250527888937,8146,0.3350195352663432,0.8155973895904461,18429,100,0.2,0.2,169,24,0.4975
18264.999999997934,18265.0,14614.513248821022,6505,0.3561456337257452,0.8001375991690487,13961,100,0.2,0.2,170,17,0.34647058823529414
23114.99999999623,23115.0,18655.58086739458,8061,0.34873458792997253,0.8070768274885408,17619,100,0.2,0.2,171,22,0.4881818181818182
26324.999999997617,26325.0,21707.158669432454,8541,0.3244444444444738,0.824583425239674,19869,100,0.2,0.2,172,25,0.5579999999999999
24904.999999997766,24905.0,20395.081698780425,8214,0.3298132905039445,0.8189151455042062,18835,100,0.2,0.2,173,25,0.5012
25154.999999996853,25155.0,20965.23568910925,7758,0.30840787119860746,0.8334420866273851,18879,100,0.2,0.2,174,23,0.5556521739130436
20404.999999999724,20405.0,16659.2739187515,6805,0.33349669198726256,0.8164309688190015,15456,100,0.2,0.2,175,16,0.501875
19974.999999998374,19975.0,16100.727856216967,7022,0.35153942428037904,0.8060439477455958,15242,100,0.2,0.2,176,15,0.5066666666666666
25174.99999999596,25175.0,20907.7076098716,7835,0.3112214498510927,0.8304948405114183,18913,100,0.2,0.2,177,25,0.512
23944.99999999514,23945.0,19399.934729268272,8207,0.34274378784721926,0.810187292932646,18201,100,0.2,0.2,178,27,0.4285185185185185
24514.999999996922,24515.0,19950.971091651303,8285,0.33795635325315276,0.8138270891965657,18600,100,0.2,0.2,179,24,0.5058333333333334
23914.99999999759,23915.0,19768.167530146264,7658,0.3202174367552068,0.8266011929813194,18021,100,0.2,0.2,180,21,0.5495238095238095
20744.99999999882,20745.0,16865.359987263,7038,0.3392624728850518,0.8129843329604222,15748,100,0.2,0.2,181,18,0.465
19844.999999997526,19845.0,15916.487285200383,7020,0.35374149659868354,0.8020401756211825,15153,100,0.2,0.2,182,18,0.415
20224.999999997777,20225.0,16626.325135156803,6567,0.32469715698396645,0.8220679918496233,15274,100,0.2,0.2,183,17,0.46176470588235297
23524.99999999758,23525.0,19381.65079398381,7595,0.3228480340064094,0.8238746352385038,17744,100,0.2,0.2,184,22,0.5068181818181818
23714.999999998323,23715.0,19504.6724530292,7707,0.3249841872232994,0.822461414844216,17907,100,0.2,0.2,185,22,0.5154545454545455
27394.999999994016,27395.0,22522.432539577003,8944,0.3264829348421958,0.8221366139653923,20696,100,0.2,0.2,186,29,0.5179310344827587
19964.999999999713,19965.0,16340.686873567876,6600,0.330578512396699,0.8184666603339901,15109,100,0.2,0.2,187,16,0.474375
23734.99999999822,23735.0,19684.870522813908,7540,0.31767432062357553,0.8293604601986679,17870,100,0.2,0.2,188,18,0.6311111111111112
25114.999999997162,25115.0,20753.95377994053,8065,0.321122834959224,0.8263569094144088,18929,100,0.2,0.2,189,23,0.5539130434782609
22884.999999998163,22885.0,18838.629926296293,7411,0.32383657417524997,0.8231868003625871,17269,100,0.2,0.2,190,20,0.5255
22204.999999998523,22205.0,18256.860559799446,7207,0.32456653906779914,0.8221959270344814,16765,100,0.2,0.2,191,20,0.4915
22884.999999996668,22885.0,18733.690973748333,7651,0.3343237928774793,0.8186013097553446,17346,100,0.2,0.2,192,19,0.5531578947368421
23124.999999998487,23125.0,19026.648088929247,7550,0.32648648648650785,0.8227739714132105,17469,100,0.2,0.2,193,19,0.5657894736842105
23804.99999999764,23805.0,19633.280609717985,7671,0.32224322621301243,0.8247544889611398,17953,100,0.2,0.2,194,21,0.5442857142857143
18124.999999998803,18125.0,14856.077460082499,5976,0.32971034482760797,0.819645652970123,13711,100,0.2,0.2,195,13,0.44230769230769235
21884.99999999796,21885.0,17729.05602393843,7522,0.3437057345213937,0.8101008007283564,16647,100,0.2,0.2,196,19,0.5005263157894737
23854.999999997995,23855.0,19707.799407847077,7637,0.3201425277719825,0.8261496293376119,17978,100,0.2,0.2,197,22,0.5218181818181818
24344.99999999649,24345.0,19602.315360688728,8499,0.34910659272956357,0.8051885545570571,18552,100,0.2,0.2,198,27,0.44333333333333336
22774.9999999984,22775.0,18803.21215909551,7315,0.32118551042812354,0.8256075591260958,17170,100,0.2,0.2,199,19,0.5473684210526316
19984.99999999952,19985.0,16290.473519820998,6681,0.3343007255441662,0.8151350272615157,15144,100,0.2,0.2,200,17,0.4476470588235294
23754.999999997854,23755.0,19471.24180682716,7870,0.33129867396340607,0.8196691983510386,17975,100,0.2,0.2,201,22,0.5172727272727272
24634.999999999036,24635.0,20353.919217191793,7886,0.3201136594276561,0.8262195744750391,18564,100,0.2,0.2,202,23,0.5330434782608695
22334.999999998214,22335.0,18283.069422281158,7439,0.33306469666445465,0.8185838111610755,16914,100,0.2,0.2,203,18,0.5533333333333333
18054.99999999721,18055.0,14476.8110266022,6377,0.3531985599557455,0.8018172820052305,13787,100,0.2,0.2,204,17,0.3341176470588236
20534.99999999683,20535.0,16673.044937860894,6970,0.33942050158271614,0.8119330381233731,15588,100,0.2,0.2,205,17,0.48
23854.999999996988,23855.0,19390.068527468222,8123,0.34051561517505874,0.812830372142975,18119,100,0.2,0.2,206,22,0.5218181818181818
19514.999999998807,19515.0,15639.159104631482,6915,0.3543428132206212,0.8013917040549546,14904,100,0.2,0.2,207,18,0.39666666666666667
22194.999999998654,22195.0,18147.745521137433,7432,0.3348501914845889,0.817650169909373,16818,100,0.2,0.2,208,18,0.5455555555555556
26574.999999995238,26575.0,21951.51333051641,8529,0.32094073377239996,0.8260211977618191,20032,100,0.2,0.2,209,25,0.568
19654.999999998676,19655.0,15974.423542023915,6718,0.3417959806665201,0.8127409586377508,14933,100,0.2,0.2,210,15,0.48533333333333334
20564.999999997144,20565.0,16597.60517363668,7139,0.3471432044736684,0.8070802418496953,15666,100,0.2,0.2,211,19,0.4310526315789474
21764.999999998912,21765.0,17913.680456566402,7059,0.3243280496209673,0.8230498716548265,16428,100,0.2,0.2,212,19,0.49421052631578943
25204.999999992924,25205.0,20309.627212231175,8790,0.34874032929984,0.8057777112571662,19210,100,0.2,0.2,213,28,0.4582142857142857
24284.999999998527,24285.0,20231.504578255,7518,0.3095738109944598,0.8330864557651319,18230,100,0.2,0.2,214,21,0.5671428571428572
22694.999999998585,22695.0,18818.69994181223,7184,0.31654549460235504,0.8292002618115621,17077,100,0.2,0.2,215,18,0.5733333333333334
29114.999999995398,29115.0,24051.96556416587,9365,0.32165550403577126,0.8261022003836397,21954,100,0.2,0.2,216,29,0.5772413793103448
18754.99999999891,18755.0,15301.148894771892,6269,0.33425753132499947,0.8158437160635981,14211,100,0.2,0.2,217,14,0.4557142857142857
21264.99999999889,21265.0,17211.94926497207,7333,0.34483893722080333,0.8094027399470006,16185,100,0.2,0.2,218,19,0.46789473684210525
21464.99999999707,21465.0,17474.954864030966,7264,0.33841136734223115,0.8141139000248474,16291,100,0.2,0.2,219,18,0.505
20264.999999998774,20265.0,16454.619336222157,6921,0.3415247964470969,0.8119723333936912,15400,100,0.2,0.2,220,16,0.493125
25114.9999999973,25115.0,20771.63083390209,8026,0.319569978100771,0.8270607538882868,18918,100,0.2,0.2,221,23,0.5539130434782609
20504.99999999875,20505.0,16567.14995103171,7118,0.3471348451597383,0.8079565935641415,15619,100,0.2,0.2,222,18,0.45166666666666666
19174.999999997835,19175.0,15445.429340097648,6700,0.3494132985658804,0.8054982706701117,14611,100,0.2,0.2,223,16,0.425
21394.999999998672,21395.0,17461.74869536163,7145,0.33395653189999736,0.8161602568526626,16209,100,0.2,0.2,224,19,0.4747368421052631
21154.999999998126,21155.0,17142.505869911434,7276,0.3439376034034812,0.810328805006521,16086,100,0.2,0.2,225,19,0.46210526315789474
23454.999999996166,23455.0,19261.30207176767,7721,0.32918354295464775,0.8212023906105658,17731,100,0.2,0.2,226,22,0.5036363636363637
18714.999999998006,18715.0,15198.707099617213,6364,0.34004808976760237,0.8121136574736219,14216,100,0.2,0.2,227,14,0.45285714285714285
23254.999999998832,23255.0,19165.791335083566,7515,0.3231563104708827,0.8241578729341874,17542,100,0.2,0.2,228,20,0.544
25894.999999993724,25895.0,21195.180289391294,8561,0.330604363776871,0.8185047418187461,19593,100,0.2,0.2,229,27,0.5007407407407407
25294.999999996293,25295.0,20762.320860151576,8280,0.32733741846219466,0.8208073081697813,19115,100,0.2,0.2,230,26,0.4969230769230769
22584.99999999893,22585.0,18505.03654414033,7455,0.33008634049149227,0.8193507435971311,17085,100,0.2,0.2,231,20,0.5105
24944.999999998312,24945.0,20565.523759436386,8036,0.32214872719986143,0.8244347067323222,18810,100,0.2,0.2,232,24,0.52375
22874.99999999973,22875.0,18912.176963533148,7313,0.319693989071042,0.8267618344714042,17232,100,0.2,0.2,233,19,0.5526315789473685
20004.999999998796,20005.0,16414.487731878,6567,0.3282679330167656,0.8205192567797546,15119,100,0.2,0.2,234,15,0.5086666666666667
27494.999999991705,27495.0,22469.845738226744,9145,0.33260592835070957,0.8172338875516829,20817,100,0.2,0.2,235,30,0.504
22544.999999998166,22545.0,18450.610220259696,7470,0.33133732534932836,0.8183903402200575,17065,100,0.2,0.2,236,19,0.5352631578947369
23904.999999996817,23905.0,19707.936408967675,7673,0.320978874712446,0.824427375401393,18025,100,0.2,0.2,237,24,0.48041666666666666
23834.99999999734,23835.0,19375.44651098205,8175,0.34298300818128435,0.8128989515831428,18121,100,0.2,0.2,238,20,0.573
22704.999999998545,22705.0,18485.890768366004,7705,0.33935256551422566,0.8141770873537629,17238,100,0.2,0.2,239,20,0.5165
24114.999999997308,24115.0,20008.049567609305,7603,0.3152809454696599,0.8296931191213576,18141,100,0.2,0.2,240,22,0.5336363636363637
20004.999999999745,20005.0,16273.160648749104,6809,0.3403649087728111,0.8134546687702731,15194,100,0.2,0.2,241,15,0.5086666666666667
25104.99999999751,25105.0,20645.548127863272,8201,0.326667994423454,0.8223679796002915,18962,100,0.2,0.2,242,23,0.5534782608695652
23914.999999997977,23915.0,19490.371917948087,8070,0.3374451181267273,0.8149852359585923,18144,100,0.2,0.2,243,22,0.5245454545454545
19884.999999997715,19885.0,16171.679798337187,6716,0.3377420165954625,0.8132602362755366,15085,100,0.2,0.2,244,16,0.469375
19394.999999998465,19395.0,15823.407265818754,6469,0.33353957205467966,0.8158498203567933,14693,100,0.2,0.2,245,16,0.43875
23024.99999999682,23025.0,18488.581273313466,8125,0.35287730727475014,0.8029785569301203,17575,100,0.2,0.2,246,24,0.44375
25324.999999997708,25325.0,20992.424526479015,8065,0.31846001974336546,0.828921007955811,19070,100,0.2,0.2,247,22,0.5886363636363636
26934.9999999976,26935.0,22155.452545590473,8764,0.32537590495640545,0.8225525355705383,20343,100,0.2,0.2,248,27,0.5392592592592592
25174.999999996144,25175.0,20491.36616967922,8553,0.33974180734861215,0.8139569481502426,19120,100,0.2,0.2,249,24,0.5333333333333333
19544.999999999014,19545.0,16105.991664594276,6305,0.32258889741623525,0.8240466443896183,14743,100,0.2,0.2,250,14,0.5121428571428571
23754.99999999831,23755.0,19068.940911858517,8425,0.3546621763839444,0.8027337786512261,18150,100,0.2,0.2,251,24,0.4741666666666666
24384.99999999662,24385.0,19639.66082955369,8497,0.34845191716223817,0.805399254851606,18582,100,0.2,0.2,252,27,0.44481481481481483
23704.999999997377,23705.0,19257.049553343364,8047,0.3394642480489724,0.81236235196564,18000,100,0.2,0.2,253,24,0.47208333333333335
26834.9999999938,26835.0,21935.59498850635,8988,0.33493571827844515,0.8174248179061456,20338,100,0.2,0.2,254,28,0.5164285714285715
23794.99999999645,23795.0,19378.896188893148,8007,0.33649926455142654,0.8144104302961143,18049,100,0.2,0.2,255,25,0.4568
20574.999999996362,20575.0,16439.336589410068,7401,0.3597083839611815,0.798995703009136,15748,100,0.2,0.2,256,19,0.431578947368421
24874.9999999964,24875.0,20523.762751987837,7964,0.32016080402014685,0.8250758895272687,18744,100,0.2,0.2,257,24,0.5208333333333334
19294.999999999836,19295.0,15798.19032357814,6389,0.33112205234516995,0.8187712010146811,14604,100,0.2,0.2,258,14,0.49428571428571433
21144.999999996442,21145.0,17038.56852848594,7388,0.3493970205722981,0.805796572640757,16116,100,0.2,0.2,259,20,0.4385
20994.999999998807,20995.0,16981.019330416228,7227,0.34422481543226535,0.8088125425299925,15972,100,0.2,0.2,260,19,0.4536842105263158
23294.99999999969,23295.0,19303.979317746715,7395,0.3174500965872547,0.8286747936358434,17540,100,0.2,0.2,261,20,0.546
21924.99999999589,21925.0,17761.514223170507,7539,0.34385404789060037,0.8101032712964121,16678,100,0.2,0.2,262,21,0.45476190476190476
23634.999999998505,23635.0,19706.377838150565,7294,0.3086101121218727,0.8337794727375423,17737,100,0.2,0.2,263,20,0.563
20264.999999998778,20265.0,16606.47306022473,6728,0.3320009869232867,0.819465732061472,15344,100,0.2,0.2,264,15,0.526
20834.999999997908,20835.0,16776.120752425242,7269,0.3488840892728932,0.8051893809660152,15879,100,0.2,0.2,265,20,0.423
22044.99999999837,22045.0,18036.187720800575,7321,0.33209344522569934,0.8181532193604858,16691,100,0.2,0.2,266,19,0.5089473684210526
23074.99999999432,23075.0,18547.345834373304,8141,0.3528060671723512,0.8037853015981742,17616,100,0.2,0.2,267,24,0.44583333333333336
20994.99999999742,20995.0,17245.43903471091,6898,0.32855441771854477,0.8214069556900705,15876,100,0.2,0.2,268,15,0.5746666666666667
22904.999999998392,22905.0,18617.622230026005,7857,0.3430255402750732,0.8128191325050126,17419,100,0.2,0.2,269,21,0.5014285714285714
21804.999999998225,21805.0,17513.731969513385,7669,0.3517083237789784,0.8031979807161115,16634,100,0.2,0.2,270,23,0.41
24294.99999999838,24295.0,20186.97271757075,7588,0.3123276394320027,0.8309105872637207,18257,100,0.2,0.2,271,21,0.5676190476190476
21254.99999999973,21255.0,17366.430476640693,7099,0.33399200188191436,0.8170515397149336,16107,100,0.2,0.2,272,18,0.49333333333333335
22894.99999999875,22895.0,18962.11268556226,7235,0.31600786197861525,0.8282206894764489,17230,100,0.2,0.2,273,20,0.526
25304.99999999708,25305.0,20603.14678635073,8554,0.33803596127251484,0.8141927202668686,19202,100,0.2,0.2,274,26,0.49730769230769234
25144.99999999858,25145.0,20978.751571529516,7693,0.30594551600717573,0.8343110587206483,18853,100,0.2,0.2,275,24,0.5320833333333334
22684.99999999703,22685.0,18457.099650268003,7637,0.336654176768834,0.8136257284668468,17206,100,0.2,0.2,276,22,0.4686363636363637
21694.999999996624,21695.0,17461.137348406395,7579,0.3493431666283097,0.8048461557229367,16538,100,0.2,0.2,277,22,0.42363636363636364
25924.999999995438,25925.0,21338.005705778694,8434,0.3253230472517448,0.8230667581786866,19576,100,0.2,0.2,278,25,0.542
20314.99999999887,20315.0,16460.25052968431,6979,0.34353925670688595,0.8102510720987066,15451,100,0.2,0.2,279,16,0.49625
25554.99999999882,25555.0,21066.791580588644,8271,0.32365486206223365,0.8243706351238355,19283,100,0.2,0.2,280,23,0.5730434782608695
20184.999999998538,20185.0,16416.54432272421,6804,0.3370819915779288,0.8133041527235769,15312,100,0.2,0.2,281,18,0.4338888888888889
25794.999999995744,25795.0,21099.866528010698,8592,0.33308780771472835,0.8179828078315247,19538,100,0.2,0.2,282,27,0.497037037037037
18614.999999999847,18615.0,15286.95187079483,6085,0.3268869191512248,0.8212168611761996,14065,100,0.2,0.2,283,12,0.52
22854.99999999918,22855.0,18888.093008559,7293,0.31909866549990207,0.8264315470820248,17217,100,0.2,0.2,284,19,0.5515789473684211
24204.999999998694,24205.0,20004.05727596184,7802,0.322330097087396,0.8264431842992324,18254,100,0.2,0.2,285,19,0.6226315789473684
23964.99999999749,23965.0,19774.534065305364,7721,0.3221781765074404,0.8251422518384075,18073,100,0.2,0.2,286,20,0.5795
22264.99999999591,22265.0,18699.69912859267,6628,0.2976869526162685,0.8398697115920101,16648,100,0.2,0.2,287,19,0.5205263157894737
20954.999999998567,20955.0,17054.521614515317,7089,0.3382963493199945,0.8138640713202808,15903,100,0.2,0.2,288,19,0.451578947368421
25594.999999996526,25595.0,21221.27982709517,8075,0.3154913068959209,0.8291181803906252,19253,100,0.2,0.2,289,24,0.5508333333333334
25474.999999997544,25475.0,21321.949664604137,7759,0.30457311089306177,0.836975452977672,19083,100,0.2,0.2,290,21,0.6238095238095238
17424.99999999986,17425.0,14122.474552995289,5960,0.34203730272597116,0.810471997302462,13244,100,0.2,0.2,291,12,0.42083333333333334
23314.999999997304,23315.0,19067.2978552266,7784,0.33386232039463437,0.8178124750258977,17662,100,0.2,0.2,292,21,0.520952380952381
22734.999999999305,22735.0,18928.619270828476,7063,0.31066637343304226,0.8325761720179923,17071,100,0.2,0.2,293,18,0.5755555555555556
20214.999999996602,20215.0,16109.975093088065,7350,0.3635913925303604,0.7969317384660288,15505,100,0.2,0.2,294,19,0.4126315789473684
18904.999999999265,18905.0,15094.716211309958,6764,0.357788944723632,0.7984510029786059,14460,100,0.2,0.2,295,17,0.38411764705882356
20984.999999998938,20985.0,17378.058795503315,6664,0.3175601620205069,0.8281181222541908,15800,100,0.2,0.2,296,16,0.538125
20754.999999999724,20755.0,17083.83322032832,6747,0.32507829438689906,0.823118921721443,15672,100,0.2,0.2,297,15,0.5586666666666666
21054.99999999889,21055.0,17275.890932162434,6920,0.32866302540965875,0.8205125116202016,15920,100,0.2,0.2,298,17,0.5105882352941177
20204.99999999873,20205.0,16151.497066834761,7234,0.3580301905469168,0.7993811960819488,15458,100,0.2,0.2,299,19,0.41210526315789475
25234.99999999398,25235.0,20875.03479038569,7948,0.314959381811052,0.8272254721771615,18987,100,0.2,0.2,300,27,0.4762962962962963
22204.999999999414,22205.0,18475.99814624324,6918,0.3115514523755993,0.8320647667752186,16680,100,0.2,0.2,301,17,0.5782352941176471
22844.999999998276,22845.0,18681.99848784786,7578,0.3317137229153238,0.8177718751520802,17297,100,0.2,0.2,302,22,0.47590909090909095
22804.999999997413,22805.0,18654.11770896509,7593,0.33295329971501253,0.8179836750259681,17265,100,0.2,0.2,303,21,0.49666666666666665
19494.99999999656,19495.0,15623.159651617552,6906,0.3542446781226581,0.8013931598676743,14892,100,0.2,0.2,304,20,0.35600000000000004
23024.999999994427,23025.0,18393.915773968718,8235,0.35765472312712243,0.7988671345916687,17605,100,0.2,0.2,305,26,0.4096153846153846
20714.999999999553,20715.0,17226.213963027036,6474,0.3125271542360676,0.83158165402015,15566,100,0.2,0.2,306,14,0.5957142857142856
25254.999999997963,25255.0,20927.500029863368,8039,0.3183132053059057,0.8286477936988738,19019,100,0.2,0.2,307,22,0.5854545454545454
22034.999999998785,22035.0,17885.854117149924,7535,0.34195597912413955,0.8117020248309921,16747,100,0.2,0.2,308,20,0.483
24574.999999997817,24575.0,20534.716640361174,7559,0.3075890132248493,0.8355937595264699,18431,100,0.2,0.2,309,20,0.61
24094.99999999663,24095.0,19618.679045743567,8169,0.33903299439722523,0.8142219981633663,18292,100,0.2,0.2,310,23,0.5095652173913043
22114.99999999822,22115.0,18287.52436771995,7065,0.3194664255030779,0.8269285266887372,16661,100,0.2,0.2,311,17,0.5729411764705883
26544.999999994943,26545.0,21862.60660350962,8571,0.32288566585050416,0.8236054474859215,20029,100,0.2,0.2,312,28,0.5060714285714285
20714.999999998414,20715.0,17000.649914046215,6788,0.3276852522327067,0.8206927305839979,15654,100,0.2,0.2,313,16,0.52125
20034.99999999712,20035.0,16197.96214034148,6925,0.34564512103823286,0.8084832613098981,15251,100,0.2,0.2,314,17,0.4505882352941177
21384.999999997533,21385.0,17028.55623650873,7815,0.3654430675707693,0.7962850706808836,16414,100,0.2,0.2,315,20,0.45049999999999996
22954.99999999838,22955.0,19077.074133628495,7149,0.311435417120475,0.8310640005937635,17244,100,0.2,0.2,316,19,0.5568421052631579
23454.999999998054,23455.0,19169.413332179578,7835,0.33404391387766574,0.8172847295749806,17770,100,0.2,0.2,317,21,0.5276190476190475
24774.999999994903,24775.0,19943.053615228047,8707,0.35144298688200976,0.8049668462253138,18901,100,0.2,0.2,318,26,0.47692307692307695
23444.999999998257,23445.0,19495.11265676479,7301,0.3114096822350413,0.8315253852320853,17614,100,0.2,0.2,319,20,0.5535
22684.99999999836,22685.0,19022.324450496224,6819,0.30059510689885355,0.8385419638747014,16976,100,0.2,0.2,320,18,0.5727777777777778
22354.999999997413,22355.0,18284.973543867367,7404,0.331201073585366,0.817936638061708,16920,100,0.2,0.2,321,20,0.499
20874.99999999985,20875.0,17423.331699189963,6444,0.30869461077844534,0.8346506203204832,15666,100,0.2,0.2,322,13,0.6538461538461539
19684.999999998832,19685.0,16296.980625256238,6250,0.31750063500128883,0.8278882715396091,14822,100,0.2,0.2,323,15,0.48733333333333334
22164.99999999853,22165.0,18181.43001801464,7286,0.3287164448454989,0.8202765629603358,16761,100,0.2,0.2,324,19,0.5152631578947369
21364.999999999345,21365.0,17697.74413590563,6769,0.3168265855371031,0.8283521711166005,16079,100,0.2,0.2,325,16,0.561875
22644.999999997708,22645.0,18292.112166175375,7846,0.346478251269631,0.8077770883717035,17244,100,0.2,0.2,326,21,0.48904761904761906
24264.999999997424,24265.0,19787.14854393935,8188,0.33744075829387465,0.8154604798657099,18402,100,0.2,0.2,327,22,0.5404545454545455
21514.99999999848,21515.0,17492.58550071896,7281,0.3384150592610046,0.8130413897615708,16329,100,0.2,0.2,328,19,0.4810526315789474
24124.99999999756,24125.0,19919.707264413388,7750,0.3212435233160947,0.8256873477477887,18189,100,0.2,0.2,329,21,0.5595238095238095
20724.999999998803,20725.0,16907.190408224826,6950,0.3353437876960387,0.8157872332075176,15712,100,0.2,0.2,330,17,0.49117647058823527
25464.99999999878,25465.0,21277.027459209556,7789,0.3058708030630423,0.8355400533756361,19087,100,0.2,0.2,331,22,0.595
23204.999999994525,23205.0,18754.185066268812,8018,0.34552898082318,0.8081958658165583,17657,100,0.2,0.2,332,25,0.43320000000000003
23234.99999999717,23235.0,19162.632321784913,7491,0.32240154938674037,0.8247313243721647,17524,100,0.2,0.2,333,20,0.5429999999999999
22904.999999991738,22905.0,18314.783850752523,8165,0.35647238594206265,0.7995976359205034,17513,100,0.2,0.2,334,27,0.39
22394.99999999855,22395.0,18406.1733529802,7372,0.329180620674279,0.8218876246028753,16936,100,0.2,0.2,335,18,0.5566666666666666
19274.99999999934,19275.0,15779.714430241871,6386,0.3313099870298427,0.8186622272499304,14587,100,0.2,0.2,336,14,0.4928571428571428
17844.9999999999,17845.0,14530.148571160562,6032,0.33802185486130754,0.8142420045480886,13542,100,0.2,0.2,337,10,0.547
25474.99999999687,25475.0,21250.030294093634,7802,0.30626104023556266,0.8341523177270361,19104,100,0.2,0.2,338,25,0.524
28384.999999994943,28385.0,23483.7577380585,9016,0.31763255240449556,0.8273298480909875,21370,100,0.2,0.2,339,30,0.5336666666666666
19294.999999999676,19295.0,15916.682050603176,6234,0.32308888313035006,0.8249122596840344,14554,100,0.2,0.2,340,12,0.5766666666666667
24534.999999995252,24535.0,20161.786317185637,8048,0.32802119421241316,0.8217561164536188,18546,100,0.2,0.2,341,23,0.528695652173913
19224.999999999098,19225.0,15659.788871500763,6512,0.3387256176853215,0.8145533873342782,14595,100,0.2,0.2,342,14,0.4892857142857143
24584.99999999409,24585.0,20092.494307572517,8165,0.3321130770795999,0.8172663944509801,18612,100,0.2,0.2,343,24,0.50875
22624.999999998745,22625.0,18584.9693973373,7407,0.32738121546963145,0.821435111484567,17093,100,0.2,0.2,344,19,0.5394736842105263
21534.99999999593,21535.0,17330.931235796375,7541,0.3501741351289262,0.8047797184025842,16422,100,0.2,0.2,345,21,0.4361904761904762
21834.999999999367,21835.0,17813.697749203675,7336,0.3359743531028263,0.8158322761256785,16556,100,0.2,0.2,346,18,0.5255555555555556
25404.999999997708,25405.0,20837.55881815161,8415,0.33123400905336586,0.8202148718029321,19223,100,0.2,0.2,347,22,0.5922727272727273
19134.99999999816,19135.0,15428.999562510937,6704,0.35035275672854166,0.8063234681218929,14592,100,0.2,0.2,348,16,0.4225
23474.999999997166,23475.0,19135.4092587517,7905,0.33674121405754864,0.8151399045262624,17804,100,0.2,0.2,349,22,0.5045454545454545
26134.999999996133,26135.0,21781.38603257092,8083,0.30927874497804464,0.833418252633409,19616,100,0.2,0.2,350,26,0.5292307692307692
21894.999999997788,21895.0,17878.77281862318,7379,0.3370175839233042,0.81656875170701,16615,100,0.2,0.2,351,18,0.5288888888888889
23244.999999998698,23245.0,19009.57304886044,7681,0.3304366530436838,0.8177919143412133,17586,100,0.2,0.2,352,24,0.45291666666666663
17804.99999999881,17805.0,14284.129567459735,6283,0.3528784049424555,0.8022538369817854,13592,100,0.2,0.2,353,15,0.36200000000000004
23064.99999999684,23065.0,19013.238743041766,7427,0.32200303490140986,0.8243329175393181,17397,100,0.2,0.2,354,22,0.48590909090909096
21914.99999999811,21915.0,17892.664628275706,7285,0.332420716404318,0.8164574322736596,16588,100,0.2,0.2,355,20,0.47700000000000004
24754.999999998257,24755.0,20557.39058100373,7719,0.3118157947889535,0.8304338752173369,18600,100,0.2,0.2,356,23,0.5382608695652175
22734.9999999976,22735.0,18621.238613474045,7518,0.3306795689465931,0.8190560199461628,17202,100,0.2,0.2,357,20,0.518
23794.999999998094,23795.0,19642.444285270063,7660,0.32191636898510667,0.8254862065674149,17943,100,0.2,0.2,358,21,0.5438095238095237
20414.999999998538,20415.0,16819.460380760185,6571,0.32187117315701547,0.823877559674817,15394,100,0.2,0.2,359,17,0.47294117647058825
19764.999999999112,19765.0,16233.637839374687,6474,0.3275486971920208,0.8213325494245088,14933,100,0.2,0.2,360,14,0.5278571428571428
22844.999999998105,22845.0,18850.650320345787,7347,0.32160210111624465,0.8251543147449049,17227,100,0.2,0.2,361,20,0.5235
24274.999999995616,24275.0,19820.342769484734,8105,0.33388259526267616,0.8164919781457596,18392,100,0.2,0.2,362,25,0.47600000000000003
20754.999999997803,20755.0,16640.53807723616,7369,0.35504697663217444,0.8017604469880955,15848,100,0.2,0.2,363,20,0.419
19624.99999999968,19625.0,16379.573788716032,6002,0.30583439490446357,0.8346279637562446,14715,100,0.2,0.2,364,13,0.5576923076923077
26964.999999998672,26965.0,22489.948810523125,8314,0.3083256072686968,0.8340422329139341,20234,100,0.2,0.2,365,25,0.5836
24954.999999994507,24955.0,20427.318901408085,8281,0.33183730715294824,0.8185661751718125,18887,100,0.2,0.2,366,26,0.48384615384615387
22964.999999998257,22965.0,18828.654957270537,7568,0.32954495972134007,0.8198848228727179,17369,100,0.2,0.2,367,21,0.5042857142857143
23474.99999999783,23475.0,19527.47775571481,7311,0.31143769968053997,0.8318414379431998,17635,100,0.2,0.2,368,19,0.5842105263157894
22804.999999997275,22805.0,18738.432631891395,7422,0.325454944091247,0.8216808871692013,17220,100,0.2,0.2,369,21,0.49666666666666665
27824.999999995616,27825.0,22843.979239612247,9161,0.3292362982929539,0.8209875737507941,21044,100,0.2,0.2,370,29,0.5327586206896552
19484.99999999724,19485.0,15796.823335719611,6664,0.34200667179886807,0.8107171329598075,14801,100,0.2,0.2,371,16,0.444375
19064.999999998672,19065.0,15717.622196120146,6137,0.32189876737479295,0.8244228794188954,14378,100,0.2,0.2,372,14,0.47785714285714287
22784.999999996304,22785.0,18292.022236480843,8048,0.3532148343208824,0.8028098414081111,17396,100,0.2,0.2,373,24,0.43375
20754.99999999856,20755.0,16743.00771964113,7267,0.3501324981932308,0.8066975533434012,15831,100,0.2,0.2,374,17,0.49294117647058827
26144.999999996857,26145.0,21528.16916274813,8473,0.32407726142669796,0.8234143875597904,19730,100,0.2,0.2,375,26,0.5296153846153846
21584.999999998126,21585.0,17407.885497668845,7549,0.34973361130417674,0.8064806809205631,16451,100,0.2,0.2,376,20,0.46049999999999996
23364.999999998436,23365.0,19176.40470734676,7653,0.3275411940937519,0.8207320653690581,17656,100,0.2,0.2,377,21,0.5233333333333333
23924.999999998512,23925.0,19540.744292374202,8001,0.33442006269594554,0.8167500226698189,18134,100,0.2,0.2,378,22,0.525
22704.999999997905,22705.0,18480.84163397175,7696,0.33895617705354375,0.8139547075081901,17235,100,0.2,0.2,379,20,0.5165
23184.99999999585,23185.0,18846.944778926252,7832,0.3378046150528964,0.8128938873810493,17592,100,0.2,0.2,380,23,0.47
19404.999999999847,19405.0,16014.723147778643,6217,0.32038134501417415,0.8252884899654094,14624,100,0.2,0.2,381,13,0.5407692307692308
27034.999999996544,27035.0,22401.922406344285,8661,0.3203624930645869,0.8286266841630164,20371,100,0.2,0.2,382,23,0.6373913043478261
21294.99999999887,21295.0,17397.30345484526,7112,0.3339751115285456,0.8169665862806379,16131,100,0.2,0.2,383,17,0.5247058823529411
22734.99999999871,22735.0,18608.997219086345,7584,0.33358258192216544,0.8185175816620806,17224,100,0.2,0.2,384,19,0.5452631578947369
23284.999999999032,23285.0,19145.43228814568,7644,0.3282800085892342,0.8222217001566019,17598,100,0.2,0.2,385,19,0.5742105263157895
21494.999999996817,21495.0,17491.478425219364,7280,0.3386834147476659,0.8137463794008818,16319,100,0.2,0.2,386,19,0.48
21674.999999998297,21675.0,17645.85326641816,7284,0.33605536332182573,0.8141108773434622,16440,100,0.2,0.2,387,20,0.465
22564.999999999458,22565.0,18912.089982336303,6780,0.3004653224019571,0.8381161082356197,16888,100,0.2,0.2,388,19,0.5363157894736842
20574.999999999745,20575.0,16774.50558138736,6899,0.3353098420413164,0.8152858119750943,15598,100,0.2,0.2,389,17,0.4823529411764706
21044.999999998105,21045.0,17156.478878253478,7041,0.33456878118320904,0.8152282669638881,15954,100,0.2,0.2,390,19,0.4563157894736842
19684.999999998916,19685.0,15746.700527411362,7076,0.35946151892305767,0.7999339866605145,15075,100,0.2,0.2,391,17,0.43
25014.999999996944,25015.0,20413.026416969606,8428,0.3369178492904669,0.8160314378161942,18970,100,0.2,0.2,392,23,0.5495652173913044
19214.99999999923,19215.0,15534.537247693659,6665,0.34686442883165586,0.8084588731560907,14635,100,0.2,0.2,393,15,0.456
22404.999999995398,22405.0,18371.850954649777,7377,0.32925686230758827,0.8199888843853403,16945,100,0.2,0.2,394,21,0.4776190476190476
19864.999999998166,19865.0,16152.612714355475,6740,0.3392902089101748,0.8131191902520496,15084,100,0.2,0.2,395,16,0.468125
21394.99999999726,21395.0,17401.973092150416,7293,0.34087403598976085,0.8133663515846059,16250,100,0.2,0.2,396,18,0.5011111111111112
22754.999999997443,22755.0,18338.21985635285,7949,0.3493298176225398,0.8058984775370209,17343,100,0.2,0.2,397,23,0.45130434782608697
25794.999999994372,25795.0,21135.858570207594,8485,0.32893971699949026,0.8193781186358676,19507,100,0.2,0.2,398,28,0.4792857142857143
19934.999999998847,19935.0,16167.843934797718,6794,0.3408076247805565,0.8110280378629874,15143,100,0.2,0.2,399,17,0.4447058823529412
27154.999999991145,27155.0,21956.892027327252,9357,0.3445774258885307,0.8085763957773674,20659,100,0.3,0.2,0,32,0.461875
30594.999999989137,30595.0,25358.289916702728,9691,0.31675110312153754,0.8288377158591839,23029,100,0.3,0.2,1,33,0.5521212121212121
32564.999999980355,32565.0,26670.70204361282,10750,0.33010901274394244,0.8189989879818489,24631,100,0.3,0.2,2,40,0.50475
25854.999999993313,25855.0,21266.098784209848,8366,0.32357377683241784,0.8225139734757435,19509,100,0.3,0.2,3,27,0.49925925925925924
25914.999999996726,25915.0,21296.343524180415,8465,0.32664480030874277,0.8217767132619374,19579,100,0.3,0.2,4,26,0.5207692307692308
27554.999999987154,27555.0,22095.100305262396,9744,0.35362003266211367,0.8018544839511049,21043,100,0.3,0.2,5,36,0.42166666666666663
22274.999999994074,22275.0,18137.007401990115,7476,0.3356228956229849,0.814231533198426,16886,100,0.3,0.2,6,23,0.4304347826086956
31314.999999988522,31315.0,25555.942508534707,10561,0.3372505189207687,0.8160926874834448,23757,100,0.3,0.2,7,35,0.5411428571428571
25524.999999996326,25525.0,20873.202617228453,8505,0.3332027424094505,0.817755244553632,19331,100,0.3,0.2,8,26,0.5057692307692307
28484.999999997184,28485.0,23874.699526902637,8632,0.3030366859751046,0.8381498868493943,21330,100,0.3,0.2,9,26,0.6196153846153846
29864.999999988995,29865.0,24346.377502610037,10017,0.3354093420392999,0.8152143814705846,22634,100,0.3,0.2,10,35,0.49971428571428567
29684.99999998505,29685.0,23962.990787868803,10248,0.3452248610411036,0.8072424048469217,22590,100,0.3,0.2,11,39,0.4438461538461539
29694.999999986478,29695.0,24215.77827573416,9955,0.33524162316903633,0.8154833566507892,22513,100,0.3,0.2,12,37,0.46810810810810816
28484.999999991705,28485.0,23211.562366624472,9637,0.3383184132000283,0.8148696635643753,21618,100,0.3,0.2,13,31,0.5196774193548387
28334.999999992724,28335.0,23000.098423697153,9678,0.34155637903661495,0.8117204313994374,21530,100,0.3,0.2,14,32,0.49875
27954.99999999367,27955.0,23123.227661807567,8907,0.31861920944382105,0.8271589219035165,21050,100,0.3,0.2,15,29,0.5372413793103449
30244.99999998852,30245.0,24686.164495514182,10095,0.333774177550135,0.8162064637303208,22915,100,0.3,0.2,16,37,0.482972972972973
30444.999999994016,30445.0,25247.71509463263,9623,0.3160781737560155,0.8292893773899686,22906,100,0.3,0.2,17,33,0.5475757575757576
27514.999999996835,27515.0,22589.59932136661,9031,0.3282209703798306,0.8209921614162896,20797,100,0.3,0.2,18,29,0.5220689655172414
26974.9999999914,26975.0,22154.067064530118,8827,0.3272289156627549,0.8212814481756138,20389,100,0.3,0.2,19,30,0.48666666666666664
29524.99999998629,29525.0,23800.029149132028,10293,0.34861981371735073,0.8060975156356674,22500,100,0.3,0.2,20,36,0.47638888888888886
25314.99999999502,25315.0,20526.72520154741,8724,0.34461781552446047,0.8108522694667766,19266,100,0.3,0.2,21,26,0.49769230769230766
25804.999999992746,25805.0,20820.43605450619,8951,0.3468707614804308,0.8068372817094378,19648,100,0.3,0.2,22,30,0.44766666666666666
31584.999999991614,31585.0,25997.186915119353,10330,0.3270539813203338,0.8230864940676351,23861,100,0.3,0.2,23,34,0.565
28464.999999993055,28465.0,23672.397375419227,8878,0.31189179694369107,0.831631736357808,21386,100,0.3,0.2,24,30,0.5363333333333333
24394.99999999902,24395.0,19933.54753926083,8141,0.33371592539456146,0.8171161114679906,18481,100,0.3,0.2,25,23,0.5226086956521739
24624.999999991305,24625.0,19983.675525281604,8397,0.3409949238579884,0.8115198182858339,18699,100,0.3,0.2,26,26,0.47115384615384615
25914.999999993848,25915.0,21168.214320055708,8619,0.33258730464989567,0.816832503185828,19628,100,0.3,0.2,27,29,0.4668965517241379
31534.999999988195,31535.0,25820.109943598545,10486,0.33251942286360947,0.8187762785352215,23881,100,0.3,0.2,28,36,0.5322222222222223
28474.999999994063,28475.0,23305.864873455983,9430,0.33116769095704884,0.8184675987167986,21548,100,0.3,0.2,29,33,0.4878787878787879
30164.999999989013,30165.0,24667.090373604777,10115,0.3353223935025256,0.8177387824834663,22865,100,0.3,0.2,30,33,0.5390909090909091
28544.999999991516,28545.0,23523.077339066323,9217,0.32289367665099805,0.8240699715912879,21540,100,0.3,0.2,31,32,0.5053125
25744.999999997057,25745.0,20984.973612085065,8671,0.3368032627695083,0.8151087050723428,19517,100,0.3,0.2,32,26,0.5142307692307692
21874.999999995907,21875.0,17429.44598947147,7907,0.36146285714292475,0.7967746738045591,16750,100,0.3,0.2,33,24,0.39583333333333337
25124.99999999507,25125.0,20389.295904956027,8550,0.3402985074627533,0.8115142648740309,19085,100,0.3,0.2,34,28,0.45535714285714285
28104.999999987347,28105.0,22801.543971836225,9593,0.3413271659848539,0.8112984868118303,21353,100,0.3,0.2,35,32,0.4915625
25434.9999999981,25435.0,20870.248620942093,8332,0.32758010615296335,0.820532676270637,19222,100,0.3,0.2,36,26,0.5023076923076923
28744.999999989104,28745.0,23471.9250914712,9585,0.33344929552978375,0.8165567956681196,21769,100,0.3,0.2,37,34,0.48147058823529415
27534.99999998734,27535.0,22109.144657802197,9718,0.35293263119682106,0.8029469641478977,21017,100,0.3,0.2,38,33,0.45939393939393935
27534.999999997242,27535.0,22777.552052402323,8845,0.32122752859999587,0.8272217923517198,20755,100,0.3,0.2,39,25,0.6064
27604.99999999146,27605.0,22641.470965900673,9026,0.32696975185664884,0.8201945649667697,20862,100,0.3,0.2,40,32,0.4759375
20134.999999998818,20135.0,16289.632515805008,6911,0.3432331760616045,0.8090207358234897,15308,100,0.3,0.2,41,19,0.40842105263157896
28364.999999994398,28365.0,23459.00568011762,9060,0.3194077207827178,0.8270405669001324,21370,100,0.3,0.2,42,30,0.5329999999999999
26384.999999994834,26385.0,21353.15497765728,9112,0.345347735455819,0.8092914526307167,20080,100,0.3,0.2,43,28,0.5003571428571428
24324.99999999886,24325.0,20006.095008770833,7928,0.3259198355601386,0.8224499489731457,18373,100,0.3,0.2,44,24,0.4979166666666666
29544.99999998734,29545.0,23866.625599350446,10201,0.34526992722979766,0.8078059096077398,22483,100,0.3,0.2,45,37,0.46405405405405403
24354.999999998214,24355.0,19627.618487731783,8529,0.350195031821007,0.8058968789871986,18575,100,0.3,0.2,46,25,0.4792
27064.99999999671,27065.0,22496.412991849964,8518,0.3147238130427133,0.8311994454776537,20357,100,0.3,0.2,47,25,0.5876
25434.999999993634,25435.0,20582.139769708305,8796,0.3458226852762808,0.8092054165407295,19356,100,0.3,0.2,48,26,0.5023076923076923
26844.999999991058,26845.0,22145.619600718328,8607,0.3206183646862681,0.824943922545193,20238,100,0.3,0.2,49,30,0.48233333333333334
23184.999999996016,23185.0,18896.540093358017,7773,0.3352598662929194,0.8150329994980058,17576,100,0.3,0.2,50,24,0.45041666666666663
27464.999999994707,27465.0,22186.705422388055,9495,0.3457127252867952,0.8078174193479822,20902,100,0.3,0.2,51,32,0.4715625
28564.999999995583,28565.0,23857.254609444186,8721,0.3053036933310467,0.8351918294923114,21411,100,0.3,0.2,52,30,0.5396666666666667
30814.999999990054,30815.0,25099.215077360477,10421,0.33817945805625066,0.8145129020726457,23383,100,0.3,0.2,53,36,0.5122222222222222
25974.999999996235,25975.0,21462.398223401604,8327,0.32057747834460854,0.8262713464255905,19577,100,0.3,0.2,54,25,0.544
25594.999999996617,25595.0,20804.740265138844,8759,0.34221527642122124,0.8128439251862315,19462,100,0.3,0.2,55,26,0.5084615384615385
26534.999999994718,26535.0,21501.695921480918,9087,0.3424533634822615,0.810314525022996,20169,100,0.3,0.2,56,30,0.47200000000000003
27834.999999994456,27835.0,22847.581436550245,9151,0.32875875696072654,0.8208220383170396,21049,100,0.3,0.2,57,30,0.5153333333333333
32694.999999989483,32695.0,27010.900901294222,10486,0.3207218229088048,0.8261477565775474,24644,100,0.3,0.2,58,38,0.5347368421052632
26254.999999997453,26255.0,21452.42311488195,8722,0.3322033898305407,0.8170795320847088,19875,100,0.3,0.2,59,27,0.514074074074074
29044.999999991975,29045.0,24113.065286265442,9161,0.3154071268721822,0.8301967734987814,21843,100,0.3,0.2,60,31,0.537741935483871
22494.999999996347,22495.0,18390.882727588163,7462,0.3317181595910741,0.8175542443916937,17027,100,0.3,0.2,61,23,0.44
24144.999999997195,24145.0,19987.225107550927,7681,0.3181196935183637,0.8277997559558189,18181,100,0.3,0.2,62,23,0.5117391304347826
27794.999999995798,27795.0,23135.639552427518,8654,0.311350962403357,0.8323669563745643,20879,100,0.3,0.2,63,28,0.5507142857142857
28334.99999999345,28335.0,22981.562773227,9753,0.3442032821599525,0.8110662704511139,21557,100,0.3,0.2,64,31,0.5148387096774194
26894.999999991454,26895.0,21922.80473615786,9019,0.33534114147621735,0.8151256641072626,20385,100,0.3,0.2,65,31,0.46838709677419355
30974.99999998763,30975.0,25559.883362400065,9952,0.3212913640033567,0.8251778325233341,23352,100,0.3,0.2,66,36,0.5166666666666666
26864.99999999715,26865.0,22078.438520418516,8760,0.3260748185371647,0.8218290906540427,20293,100,0.3,0.2,67,30,0.483
24614.99999999791,24615.0,20059.116319019013,8257,0.33544586634169005,0.8149143334966774,18661,100,0.3,0.2,68,26,0.47076923076923083
27704.999999996293,27705.0,22769.384214332018,9052,0.3267280274319152,0.8218510815497226,20928,100,0.3,0.2,69,31,0.49451612903225806
26954.99999999634,26955.0,22350.90730820292,8546,0.31704693006867596,0.8291933707366335,20290,100,0.3,0.2,70,26,0.5607692307692308
27174.999999996235,27175.0,22755.445227458626,8206,0.3019687212511918,0.8373668896950056,20349,100,0.3,0.2,71,27,0.5481481481481482
25194.99999999378,25195.0,20400.77982577634,8673,0.3442349672554928,0.8097154128113266,19172,100,0.3,0.2,72,27,0.4748148148148148
30704.99999999838,30705.0,25544.396792641874,9570,0.31167562286274236,0.831929548693803,23068,100,0.3,0.2,73,32,0.5728125
30054.99999999278,30055.0,24953.636157876826,9462,0.31482282482123686,0.8302657181128871,22601,100,0.3,0.2,74,31,0.5703225806451613
28924.999999988784,28925.0,23507.662314649675,9810,0.3391529818497426,0.8127108838257144,21956,100,0.3,0.2,75,35,0.47285714285714286
27764.99999999416,27765.0,23243.77223042281,8411,0.30293535026118384,0.8371608943067782,20794,100,0.3,0.2,76,27,0.57
30374.99999999129,30375.0,25317.029594714404,9416,0.309991769547414,0.8334824557933058,22802,100,0.3,0.2,77,32,0.5625
30734.999999985863,30735.0,25069.617617735465,10271,0.33417927444297135,0.8156700054578492,23291,100,0.3,0.2,78,38,0.4831578947368421
27964.99999999205,27965.0,23077.301564517835,9015,0.3223672447703402,0.8252208676747503,21090,100,0.3,0.2,79,29,0.5375862068965518
29644.999999995634,29645.0,24750.983162287444,9092,0.30669590150114145,0.8349125708312056,22233,100,0.3,0.2,80,32,0.5396875
24584.999999996253,24585.0,20038.52982381395,8290,0.33719747813712686,0.8150713778245681,18642,100,0.3,0.2,81,25,0.48840000000000006
26744.999999996762,26745.0,21704.183179744345,9173,0.3429799962610249,0.8115230203681799,20337,100,0.3,0.2,82,28,0.5132142857142857
26334.999999995634,26335.0,21202.179781802144,9265,0.3518131763813,0.8050951122766531,20096,100,0.3,0.2,83,30,0.4653333333333333
27334.999999996926,27335.0,22254.16652000002,9241,0.3380647521492972,0.8141271820011898,20745,100,0.3,0.2,84,30,0.49866666666666665
23404.999999996184,23405.0,19129.708766729706,7705,0.3292031617176354,0.8173342775788431,17703,100,0.3,0.2,85,27,0.40851851851851856
23984.999999998512,23985.0,19458.962652206275,8207,0.34217219095269996,0.8112971712406706,18233,100,0.3,0.2,86,23,0.5047826086956522
30044.999999989104,30045.0,24476.715823402235,10162,0.3382259943419433,0.814668524660047,22803,100,0.3,0.2,87,34,0.5197058823529411
25814.999999996035,25815.0,21101.578080794403,8595,0.33294596165025453,0.8174153817856922,19551,100,0.3,0.2,88,28,0.48
27514.999999989464,27515.0,22252.805384931904,9475,0.34435762311479656,0.8087517857510603,20938,100,0.3,0.2,89,35,0.4325714285714286
25494.999999994652,25495.0,20746.22778964485,8645,0.33908609531287753,0.8137371166757875,19360,100,0.3,0.2,90,28,0.4685714285714285
34734.99999998442,34735.0,28639.966436769693,11177,0.3217791852599687,0.8245276072198802,26192,100,0.3,0.2,91,43,0.52
27634.99999999343,27635.0,22611.45456399901,9153,0.33121042156693237,0.8182180048490821,20917,100,0.3,0.2,92,31,0.492258064516129
27574.99999999036,27575.0,22473.017988238436,9217,0.3342520398913227,0.8149779868810986,20892,100,0.3,0.2,93,34,0.44705882352941173
24924.99999999506,24925.0,20190.60022633942,8525,0.3420260782347719,0.8100541715684422,18939,100,0.3,0.2,94,29,0.43275862068965515
27294.999999994307,27295.0,22303.745593505126,9102,0.33346766807114486,0.8171366768092976,20676,100,0.3,0.2,95,30,0.49733333333333335
24084.999999997162,24085.0,19517.439061001838,8274,0.34353331949350113,0.8103566145320381,18320,100,0.3,0.2,96,24,0.48791666666666667
24064.999999998417,24065.0,19573.593116746648,8158,0.33899854560567366,0.8133635203302695,18269,100,0.3,0.2,97,23,0.5082608695652174
29064.999999992942,29065.0,23781.62625851633,9583,0.32970927232074065,0.818222131722763,21984,100,0.3,0.2,98,34,0.49088235294117644
28584.999999989177,28585.0,22947.671504961472,10157,0.35532622004561293,0.8027871787640427,21844,100,0.3,0.2,99,33,0.49121212121212127
22374.999999995725,22375.0,17681.7868865082,8300,0.37094972067046195,0.7902474586150425,17218,100,0.3,0.2,100,27,0.3703703703703704
29504.99999999201,29505.0,24113.80844038755,9810,0.3324860193188496,0.8172787134517566,22341,100,0.3,0.2,101,36,0.47583333333333333
28364.999999996275,28365.0,23017.665987234108,9700,0.3419707385863308,0.811481261668857,21557,100,0.3,0.2,102,33,0.48454545454545456
24244.999999998123,24245.0,20020.31636862762,7828,0.3228706949886824,0.8257503142350658,18295,100,0.3,0.2,103,21,0.5652380952380952
25274.999999992797,25275.0,20582.723034132065,8495,0.3361028684471779,0.8143510597087212,19162,100,0.3,0.2,104,28,0.4607142857142857
31064.999999992524,31065.0,25623.042315457024,10021,0.32258168356679257,0.8248202902128824,23435,100,0.3,0.2,105,34,0.5497058823529412
24844.999999995707,24845.0,20073.378328021183,8599,0.34610585630917634,0.8079443883286235,18915,100,0.3,0.2,106,27,0.46185185185185185
28094.999999997097,28095.0,23526.838238485947,8576,0.305250044491934,0.8374030339380095,21059,100,0.3,0.2,107,26,0.6046153846153846
31424.99999999487,31425.0,26175.162606940732,9755,0.3104216388226442,0.8329407353045347,23599,100,0.3,0.2,108,34,0.5602941176470588
33684.999999987675,33685.0,27503.059420716378,11298,0.3354015140271377,0.8164779403510892,25533,100,0.3,0.2,109,40,0.53275
28924.999999998727,28925.0,24048.570383703733,9078,0.31384615384616765,0.8314112492205632,21743,100,0.3,0.2,110,28,0.5910714285714286
22784.999999994176,22785.0,18544.104925820655,7674,0.33680052666236393,0.8138733783552949,17279,100,0.3,0.2,111,22,0.4731818181818182
24624.99999999282,24625.0,20061.95746929469,8249,0.33498477157370177,0.8146987804792098,18669,100,0.3,0.2,112,29,0.42241379310344823
26274.999999996042,26275.0,21560.956321552076,8638,0.3287535680304967,0.8205882520097174,19864,100,0.3,0.2,113,26,0.5346153846153846
29274.999999994616,29275.0,24111.90551366245,9469,0.3234500426986077,0.8236346887674426,22088,100,0.3,0.2,114,32,0.528125
28944.999999992742,28945.0,23867.727531119024,9352,0.3230955259976626,0.8245889628994648,21842,100,0.3,0.2,115,31,0.5345161290322581
27444.999999997763,27445.0,22584.69321243745,8933,0.32548733831301613,0.8229073861336962,20729,100,0.3,0.2,116,28,0.5382142857142856
26384.999999992015,26385.0,21229.941768637735,9272,0.35141178700029585,0.8046216323154883,20133,100,0.3,0.2,117,31,0.45193548387096777
28214.99999998873,28215.0,23029.095672640262,9400,0.33315612262993993,0.8162004491458253,21375,100,0.3,0.2,118,33,0.48
28884.99999999112,28885.0,23738.498846802897,9427,0.3263631642722139,0.821827898452837,21815,100,0.3,0.2,119,32,0.5159375
24764.99999999143,24765.0,20047.222937348713,8461,0.3416515243288079,0.809498200579675,18823,100,0.3,0.2,120,30,0.413
25754.99999999484,25755.0,21123.02197839688,8456,0.3283245971656647,0.820152280271835,19473,100,0.3,0.2,121,27,0.4955555555555556
23384.99999999656,23385.0,18929.589998198695,8028,0.3432969852470037,0.8094757322301254,17784,100,0.3,0.2,122,25,0.4404
29794.999999995885,29795.0,24964.843630590298,9026,0.3029367343514431,0.8378870156265731,22313,100,0.3,0.2,123,30,0.5806666666666667
31124.999999991232,31125.0,25867.82146798655,9776,0.3140883534137431,0.8310946656383561,23399,100,0.3,0.2,124,33,0.5681818181818182
26524.999999996653,26525.0,21829.035423029844,8632,0.3254288407163464,0.8229608076543864,20030,100,0.3,0.2,125,26,0.5442307692307692
26794.999999997344,26795.0,22016.531686437513,8801,0.32845680164213,0.8216656721940546,20260,100,0.3,0.2,126,26,0.5546153846153846
26704.999999994867,26705.0,21977.058663520456,8704,0.32593147350689655,0.8229566996264625,20169,100,0.3,0.2,127,27,0.5307407407407407
27394.999999992146,27395.0,22465.467221932562,9074,0.33122832633701776,0.82005720832046,20727,100,0.3,0.2,128,28,0.5364285714285715
24994.99999999267,24995.0,20338.412364287055,8414,0.33662732546519175,0.8136992344186045,18957,100,0.3,0.2,129,28,0.4507142857142857
25854.999999995853,25855.0,21244.31706362573,8454,0.326977373815562,0.8216715166748845,19527,100,0.3,0.2,130,27,0.49925925925925924
25534.99999999838,25535.0,21432.676629388643,7689,0.3011161151361068,0.8393450804538869,19112,100,0.3,0.2,131,22,0.5981818181818181
25304.999999987285,25305.0,20327.792735553518,8899,0.3516696305079815,0.8033113114231863,19314,100,0.3,0.2,132,32,0.4040625
25404.999999993815,25405.0,20505.222688374084,8820,0.3471757528046506,0.8071333473087611,19340,100,0.3,0.2,133,28,0.46535714285714286
27344.99999998867,27345.0,22211.573953676587,9237,0.3377948436644296,0.8122718578784344,20749,100,0.3,0.2,134,33,0.45363636363636367
24614.99999999669,24615.0,19896.52224636019,8522,0.34621165955722716,0.8083088460842115,18731,100,0.3,0.2,135,25,0.48960000000000004
30514.999999990905,30515.0,24928.07147574091,10225,0.33508110765207433,0.8169120588480532,23124,100,0.3,0.2,136,35,0.5182857142857142
25254.999999994765,25255.0,20515.567442794356,8578,0.33965551375972197,0.8123368617223761,19176,100,0.3,0.2,137,29,0.4441379310344828
30794.999999989395,30795.0,24938.500706730145,10616,0.3447312875467984,0.8098230461678433,23429,100,0.3,0.2,138,36,0.5116666666666666
30834.999999991986,30835.0,25424.277325023344,9968,0.3232690124858956,0.8245265874827291,23262,100,0.3,0.2,139,35,0.5274285714285714
30624.999999992397,30625.0,25482.6458104276,9559,0.31213061224497546,0.8320863938100874,23013,100,0.3,0.2,140,32,0.5703125
23094.999999996766,23095.0,18812.654451190763,7742,0.33522407447504154,0.8145769409479713,17505,100,0.3,0.2,141,23,0.46608695652173915
28414.999999996366,28415.0,23469.389585157027,9138,0.32159070913254156,0.8259507156487781,21424,100,0.3,0.2,142,29,0.5531034482758621
24854.999999997905,24855.0,20005.684379694412,8696,0.34986924160131694,0.8048957706576584,18953,100,0.3,0.2,143,28,0.4457142857142857
21484.99999999975,21485.0,17359.476590611725,7444,0.3464742843844583,0.8079812236728847,16355,100,0.3,0.2,144,19,0.4794736842105263
22174.999999996417,22175.0,17980.8547488686,7558,0.3408342728298183,0.8108615444812405,16847,100,0.3,0.2,145,23,0.4260869565217391
30194.99999998805,30195.0,24612.972544972064,10167,0.3367113760557716,0.8151340468614607,22896,100,0.3,0.2,146,35,0.5091428571428571
26204.99999999467,26205.0,21485.164823659623,8627,0.329211982446165,0.819887991744476,19821,100,0.3,0.2,147,28,0.49392857142857144
26574.99999998779,26575.0,21400.184286580574,9300,0.34995296331154363,0.805275043709893,20258,100,0.3,0.2,148,32,0.44375
28334.999999990123,28335.0,23020.47083575058,9607,0.3390506440798782,0.8124394154141029,21507,100,0.3,0.2,149,33,0.48363636363636364
22724.999999998076,22725.0,18311.7991333444,7931,0.34899889989001853,0.805799741841406,17322,100,0.3,0.2,150,23,0.45
30184.99999999476,30185.0,25034.03737913207,9596,0.31790624482364305,0.8293535656497073,22726,100,0.3,0.2,151,30,0.5936666666666667
31544.999999988977,31545.0,26090.41524199109,10052,0.3186558884134891,0.8270855996829991,23761,100,0.3,0.2,152,36,0.5325
29854.999999993666,29855.0,24788.197947808803,9416,0.31539105677447654,0.8302863154518192,22461,100,0.3,0.2,153,32,0.54625
28844.999999994106,28845.0,23907.175021315077,9091,0.31516727335766537,0.8288152200145592,21696,100,0.3,0.2,154,31,0.5312903225806452
28754.999999995707,28755.0,23631.818751417344,9422,0.3276647539558827,0.8218333768534472,21734,100,0.3,0.2,155,30,0.546
27724.99999999156,27725.0,22374.757819911967,9647,0.3479531109108363,0.8070246283108666,21124,100,0.3,0.2,156,33,0.46515151515151515
24204.999999995576,24205.0,19666.197077724042,8229,0.3399710803553606,0.8124849030253103,18381,100,0.3,0.2,157,26,0.455
26234.999999988566,26235.0,21181.324970351372,9106,0.3470935772824078,0.8073689716165658,19979,100,0.3,0.2,158,31,0.4470967741935484
26254.99999999738,26255.0,21624.531382203724,8481,0.32302418586939047,0.8236347888861505,19806,100,0.3,0.2,159,27,0.514074074074074
22854.999999994783,22855.0,18431.00397427844,7928,0.34688252023635135,0.8064320268773856,17406,100,0.3,0.2,160,25,0.4192
25864.99999999818,25865.0,21235.1159050272,8471,0.327508215735573,0.8209981018762301,19549,100,0.3,0.2,161,27,0.49962962962962965
28634.999999995038,28635.0,23185.895011834782,9887,0.3452767592108159,0.8097047323848018,21794,100,0.3,0.2,162,32,0.508125
27804.99999999598,27805.0,23198.237163626025,8562,0.30793022837623585,0.8343189053634015,20859,100,0.3,0.2,163,27,0.5714814814814815
26684.999999997035,26685.0,22264.054606021255,8238,0.30871275997754977,0.8343284469186333,20023,100,0.3,0.2,164,25,0.5724
28224.999999996162,28225.0,23370.846957264166,8968,0.31773250664309016,0.828019378468285,21248,100,0.3,0.2,165,29,0.5465517241379311
25044.999999996984,25045.0,20454.248152887605,8329,0.33256138949894204,0.8166998663561617,18965,100,0.3,0.2,166,26,0.48730769230769233
26704.999999997144,26705.0,21861.01455788173,8836,0.3308743680958976,0.818611292188132,20200,100,0.3,0.2,167,27,0.5307407407407407
22394.999999999218,22395.0,18523.600284501346,7144,0.3189997767358897,0.827131068743112,16872,100,0.3,0.2,168,17,0.5894117647058823
23844.999999986798,23845.0,18915.996339069323,8688,0.3643531138605498,0.7932898443732354,18282,100,0.3,0.2,169,32,0.3584375
26394.99999999442,26395.0,21498.322434548565,8884,0.3365788975185406,0.814484653705365,20017,100,0.3,0.2,170,29,0.48344827586206895
30214.999999992775,30215.0,24645.193192582665,10142,0.33566109548245654,0.8156608701833049,22907,100,0.3,0.2,171,35,0.5097142857142857
26364.99999999347,26365.0,21470.18974065632,8863,0.3361653707567683,0.8143443861430547,19993,100,0.3,0.2,172,30,0.4663333333333333
26084.999999997002,26085.0,21279.8021019911,8786,0.33682192831132873,0.8157869312629306,19783,100,0.3,0.2,173,26,0.5273076923076924
30224.999999983684,30225.0,24586.22454748609,10247,0.3390239867661053,0.8134400181141228,22947,100,0.3,0.2,174,36,0.49583333333333335
32624.999999988977,32625.0,26784.487814769647,10670,0.32704980842922926,0.8209804694185041,24650,100,0.3,0.2,175,41,0.49390243902439024
24004.99999999646,24005.0,19545.616068569063,8063,0.3358883565924261,0.814231038057569,18201,100,0.3,0.2,176,26,0.44730769230769235
29234.99999999567,29235.0,23999.697446006197,9657,0.33032324268860713,0.8209234631780316,22108,100,0.3,0.2,177,30,0.562
30644.99999999083,30645.0,25394.508609138815,9753,0.31825746451306636,0.8286672739156931,23074,100,0.3,0.2,178,33,0.5536363636363637
26244.99999999553,26245.0,21531.88374248428,8573,0.32665269575162736,0.8204185080010649,19821,100,0.3,0.2,179,29,0.47827586206896555
29634.999999992197,29635.0,24602.21692245804,9324,0.3146279736798534,0.8301743520318717,22292,100,0.3,0.2,180,33,0.5230303030303031
30964.999999982047,30965.0,25077.164861668254,10653,0.3440335863073204,0.8098551545836523,23542,100,0.3,0.2,181,39,0.4766666666666666
23584.99999999513,23585.0,19261.437576148062,7837,0.33228747085018523,0.8166816865021005,17857,100,0.3,0.2,182,25,0.4484
31494.99999998675,31495.0,26000.882052336736,10109,0.3209715827910542,0.8255558676725726,23745,100,0.3,0.2,183,37,0.5167567567567568
28504.999999994343,28505.0,23525.04744946938,9185,0.3222241711980994,0.8252954727056323,21502,100,0.3,0.2,184,29,0.5562068965517242
27084.999999992237,27085.0,22079.13670186758,9094,0.3357577995201258,0.81517949794624,20540,100,0.3,0.2,185,32,0.4596875
28034.999999992982,28035.0,22546.682183854886,9854,0.3514892099162642,0.8042333577264323,21387,100,0.3,0.2,186,35,0.4474285714285714
25144.999999997486,25145.0,20729.778520281398,8079,0.32129648041363323,0.8244095653324108,18957,100,0.3,0.2,187,25,0.5108
23774.99999999802,23775.0,19375.07129019,7974,0.33539432176658945,0.8149346494297208,18017,100,0.3,0.2,188,24,0.475
33274.999999991895,33275.0,27816.960428839542,10171,0.3056649135988724,0.8359717634514295,24944,100,0.3,0.2,189,36,0.5805555555555556
28694.999999992688,28695.0,23325.27207772181,9786,0.3410350235233488,0.812868864879866,21800,100,0.3,0.2,190,33,0.4945454545454545
27644.99999999285,27645.0,23067.480735869864,8538,0.30884427563762734,0.8344178236887622,20737,100,0.3,0.2,191,26,0.5873076923076923
29974.99999998772,29975.0,24314.50775770585,10256,0.34215179316110766,0.8111595582223791,22779,100,0.3,0.2,192,36,0.4888888888888889
27054.999999992975,27055.0,21902.58335219346,9319,0.34444649787478915,0.8095576918203343,20580,100,0.3,0.2,193,32,0.45875
27084.999999994256,27085.0,22006.354252801844,9196,0.3395237216172033,0.8124923113460037,20562,100,0.3,0.2,194,31,0.4745161290322581
25624.999999991982,25625.0,20440.66259933278,9273,0.36187317073182057,0.7976843941205533,19633,100,0.3,0.2,195,29,0.45689655172413796
29414.99999999148,29415.0,24005.138981053286,9897,0.33646098929127544,0.8160849560108869,22310,100,0.3,0.2,196,34,0.5011764705882353
25664.99999999615,25665.0,20925.97900935302,8606,0.33532047535559284,0.815350828340392,19450,100,0.3,0.2,197,26,0.5111538461538462
25244.999999994456,25245.0,20125.27434595224,9097,0.3603485838780748,0.7971984292317947,19329,100,0.3,0.2,198,31,0.41516129032258065
33674.9999999842,33675.0,27762.00798752327,10871,0.3228210838902777,0.8244100367494075,25405,100,0.3,0.2,199,40,0.5325
24484.99999999522,24485.0,20011.083866194273,8154,0.3330202164591216,0.8172793084009875,18546,100,0.3,0.2,200,26,0.4657692307692308
26204.999999992506,26205.0,21410.084247843664,8762,0.3343636710552378,0.8170228676912722,19858,100,0.3,0.2,201,29,0.4768965517241379
30294.999999993204,30295.0,24968.034914660955,9835,0.32464102987298915,0.8241635555262108,22868,100,0.3,0.2,202,31,0.5780645161290322
28594.99999999507,28595.0,23434.144266429164,9466,0.33103689456204344,0.8195189461945517,21642,100,0.3,0.2,203,30,0.5406666666666667
27534.9999999982,27535.0,22664.427579357372,9004,0.3270019974578024,0.8231134040079482,20810,100,0.3,0.2,204,27,0.5614814814814815
32654.999999990578,32655.0,26970.168844477037,10492,0.3212984229062327,0.8259123823146477,24619,100,0.3,0.2,205,37,0.5481081081081082
33044.999999992106,33045.0,27289.795116483278,10590,0.3204720835225459,0.8258373465422847,24899,100,0.3,0.2,206,38,0.5439473684210526
29734.999999996577,29735.0,24686.06342655422,9375,0.3152850176559973,0.8302022339518098,22367,100,0.3,0.2,207,31,0.56
30244.999999991942,30245.0,25161.227464090374,9453,0.31254752851719353,0.8319136208992256,22732,100,0.3,0.2,208,32,0.5584375
26314.999999998927,26315.0,21562.628492369953,8654,0.3288618658559891,0.819404464844037,19896,100,0.3,0.2,209,28,0.49785714285714283
27994.9999999952,27995.0,23387.621031217215,8583,0.3065904625826566,0.8354213620725567,20994,100,0.3,0.2,210,28,0.5578571428571428
25304.99999999055,25305.0,20641.738238329603,8443,0.3336494763881902,0.8157177727064735,19166,100,0.3,0.2,211,29,0.4458620689655172
25874.999999997097,25875.0,21224.45729576886,8495,0.3283091787439982,0.82026888099599,19563,100,0.3,0.2,212,27,0.5
28414.99999999207,28415.0,23294.94682328562,9410,0.3311631180715336,0.8198116073655506,21503,100,0.3,0.2,213,29,0.5531034482758621
28144.99999999409,28145.0,23628.839740871037,8461,0.3006217800675707,0.839539518240398,21056,100,0.3,0.2,214,27,0.5840740740740741
24964.99999999591,24965.0,19998.07359472086,8895,0.35629881834574234,0.8010444059573056,19086,100,0.3,0.2,215,28,0.4496428571428572
24174.9999999982,24175.0,20045.49668878155,7680,0.3176835573940257,0.8291829033622768,18202,100,0.3,0.2,216,21,0.5619047619047619
31004.999999988082,31005.0,25118.353001332853,10679,0.34442831801335605,0.8101387841103856,23591,100,0.3,0.2,217,38,0.49026315789473685
24254.99999999729,24255.0,19999.977687485716,7795,0.32137703566278586,0.8245713332297651,18290,100,0.3,0.2,218,25,0.4752
29814.999999986867,29815.0,24144.40509723804,10295,0.34529599195051264,0.8098073150175641,22691,100,0.3,0.2,219,35,0.4982857142857143
25314.999999993022,25315.0,20399.19600130849,8806,0.34785700177769807,0.8058145763900498,19285,100,0.3,0.2,220,30,0.43133333333333335
28604.99999999267,28605.0,23223.539943336113,9816,0.3431567907709322,0.8118699508247531,21745,100,0.3,0.2,221,31,0.5235483870967742
26364.99999999552,26365.0,21600.18281172322,8674,0.328996776028882,0.8192749027774281,19939,100,0.3,0.2,222,28,0.49964285714285717
33314.999999992186,33315.0,28070.13622160813,9886,0.29674320876489024,0.8425674987727664,24891,100,0.3,0.2,223,35,0.5982857142857143
32634.999999982265,32635.0,26880.777099989366,10542,0.32302742454437655,0.8236793963537299,24624,100,0.3,0.2,224,39,0.5194871794871795
30044.999999979686,30045.0,24166.266105861385,10534,0.35060742220027036,0.8043356999792886,22909,100,0.3,0.2,225,40,0.44175
24544.99999999498,24545.0,19929.41713898973,8369,0.3409655734366149,0.8119542529636915,18644,100,0.3,0.2,226,26,0.46807692307692306
30454.999999997035,30455.0,25100.860692412098,9889,0.32470858643904,0.8241950646007073,22989,100,0.3,0.2,227,31,0.5832258064516129
24734.999999997566,24735.0,20323.14880868424,8088,0.3269860521528521,0.8216352863831106,18685,100,0.3,0.2,228,23,0.5373913043478261
23584.999999998854,23585.0,19299.653559065908,7798,0.33063387746450623,0.8183020376962835,17841,100,0.3,0.2,229,22,0.5095454545454545
20574.99999999773,20575.0,16362.152593713046,7464,0.36277035236942035,0.795244354494039,15772,100,0.3,0.2,230,22,0.37272727272727274
25044.999999994216,25045.0,20168.345680789564,8813,0.3518866041126786,0.8052843154639338,19114,100,0.3,0.2,231,26,0.48730769230769233
25304.99999999456,25305.0,20849.14644535403,8178,0.32317723770012874,0.8239141057245014,19085,100,0.3,0.2,232,24,0.53875
27334.999999991942,27335.0,21896.551726236066,9771,0.35745381379194735,0.8010445116606008,20910,100,0.3,0.2,233,32,0.4675
33774.999999982065,33775.0,27754.58588232249,11084,0.32817172464858285,0.8217493969603917,25535,100,0.3,0.2,234,40,0.535
25644.999999995565,25645.0,20815.52107202358,8790,0.34275687268479316,0.8116795114847799,19497,100,0.3,0.2,235,26,0.5103846153846154
26024.999999993397,26025.0,21266.445107252457,8655,0.33256484149864346,0.8171544709801288,19709,100,0.3,0.2,236,29,0.4706896551724138
28794.999999992473,28795.0,23810.691243634978,9198,0.3194304566765898,0.8269036722917591,21698,100,0.3,0.2,237,31,0.5296774193548387
23734.99999999821,23735.0,19672.12056439141,7494,0.3157362544765353,0.828823280572694,17858,100,0.3,0.2,238,22,0.5163636363636364
27394.999999990778,27395.0,22382.40084306601,9215,0.3363752509583173,0.8170250353375997,20777,100,0.3,0.2,239,29,0.5179310344827587
27754.99999999407,27755.0,22479.16607660953,9510,0.34264096559185847,0.8099141083269441,21101,100,0.3,0.2,240,34,0.45235294117647057
31404.99999999154,31405.0,25783.73629828799,10310,0.3282916733005183,0.8210073650149636,23747,100,0.3,0.2,241,38,0.5007894736842106
25184.999999993946,25185.0,20363.774883351613,8693,0.34516577327782766,0.8085675951302961,19172,100,0.3,0.2,242,29,0.44172413793103443
30184.999999987045,30185.0,24635.090369217436,10081,0.3339738280604382,0.8161368351574626,22869,100,0.3,0.2,243,37,0.4813513513513514
25204.999999997548,25205.0,20928.95978064668,7908,0.3137472723666245,0.830349525119965,18950,100,0.3,0.2,244,23,0.5578260869565217
25544.99999999391,25545.0,20764.504990483245,8671,0.3394402035624219,0.8128598547852103,19396,100,0.3,0.2,245,28,0.47035714285714286
24354.999999995198,24355.0,19841.921718922666,8194,0.33644015602552313,0.8146960262338977,18467,100,0.3,0.2,246,26,0.4607692307692308
26394.999999994106,26395.0,21552.667294323568,8816,0.3340026520175021,0.8165435610656708,19996,100,0.3,0.2,247,28,0.5007142857142857
23444.999999996064,23445.0,19026.204758172353,7944,0.3388355726168195,0.8115250483333567,17797,100,0.3,0.2,248,25,0.4428
29334.99999999268,29335.0,24081.00968605213,9642,0.32868587012109785,0.8208968701570867,22178,100,0.3,0.2,249,32,0.53
27254.999999992742,27255.0,22051.16680585807,9367,0.3436800587049163,0.8090686775220671,20725,100,0.3,0.2,250,33,0.4509090909090909
25794.999999993655,25795.0,21063.521013823738,8649,0.3352975382826954,0.8165737939069168,19544,100,0.3,0.2,251,27,0.497037037037037
29404.999999992924,29405.0,24316.13677169403,9468,0.3219860567931399,0.8269388461724156,22182,100,0.3,0.2,252,30,0.5676666666666667
25514.99999999618,25515.0,20663.822189998456,8787,0.34438565549681815,0.8098695743680796,19413,100,0.3,0.2,253,27,0.48666666666666664
23684.999999995947,23685.0,19165.52706032082,8156,0.344352966012303,0.8091841697413594,18017,100,0.3,0.2,254,24,0.47125
27074.99999999423,27075.0,21970.84289461387,9259,0.3419759926131846,0.8114808086655052,20577,100,0.3,0.2,255,30,0.49
27814.99999999458,27815.0,22985.7912089143,8865,0.31871292468098966,0.8263811328031199,20951,100,0.3,0.2,256,29,0.5324137931034483
30024.999999991505,30025.0,24868.22143820637,9519,0.3170358034971755,0.8282505058522366,22604,100,0.3,0.2,257,33,0.5348484848484848
26764.99999998798,26765.0,21752.635415039153,9035,0.33756771903620614,0.8127268976293264,20310,100,0.3,0.2,258,34,0.42323529411764704
31624.999999991833,31625.0,26140.94274313102,10157,0.3211699604743912,0.8265910748818268,23841,100,0.3,0.2,259,33,0.5833333333333334
25094.999999997963,25095.0,20623.0118435677,8218,0.32747559274758586,0.821797642700513,18965,100,0.3,0.2,260,23,0.5530434782608695
24074.99999999395,24075.0,19382.687829602608,8402,0.3489927310488935,0.8050960676887842,18343,100,0.3,0.2,261,29,0.403448275862069
25274.999999996402,25275.0,20763.536247467116,8269,0.3271612265084541,0.8215048960423372,19103,100,0.3,0.2,262,26,0.4961538461538461
28634.999999995307,28635.0,23698.047968130537,9165,0.3200628601362494,0.8275902904883681,21578,100,0.3,0.2,263,28,0.5807142857142857
29204.999999991465,29205.0,23756.655014957254,9879,0.33826399589121336,0.8134447873639512,22163,100,0.3,0.2,264,34,0.495
28204.999999994277,28205.0,23226.599137622252,9153,0.3245169296224732,0.8234922580261289,21287,100,0.3,0.2,265,30,0.5276666666666666
25914.999999994743,25915.0,21045.393735918347,8833,0.34084507042260437,0.8120931404947952,19690,100,0.3,0.2,266,28,0.48357142857142854
31964.999999995453,31965.0,26734.444963376245,9804,0.30671046457066775,0.8363661806156749,23969,100,0.3,0.2,267,32,0.6121875
22724.999999996468,22725.0,17971.349072896784,8395,0.36941694169422684,0.7908184410516866,17468,100,0.3,0.2,268,26,0.39807692307692305
22264.999999995965,22265.0,17728.56304103349,8075,0.36267684706945713,0.7962525506865799,17066,100,0.3,0.2,269,24,0.41208333333333336
27824.999999996435,27825.0,22805.798330684924,9185,0.33009883198566675,0.8196153937354123,21047,100,0.3,0.2,270,29,0.5327586206896552
24394.999999998272,24395.0,19935.191684554917,8109,0.33240418118469256,0.8171835082826944,18471,100,0.3,0.2,271,25,0.4808
29364.99999998481,29365.0,23475.01219380904,10509,0.35787502128402643,0.7994214947665992,22458,100,0.3,0.2,272,37,0.4591891891891892
26114.999999996708,26115.0,21063.78877362508,9084,0.3478460654796533,0.8065781647952417,19894,100,0.3,0.2,273,31,0.44322580645161286
27494.999999995893,27495.0,22409.771696736632,9300,0.33824331696677173,0.815048979695944,20860,100,0.3,0.2,274,29,0.5213793103448277
25384.99999999769,25385.0,21109.625233526054,7965,0.3137679732125556,0.8315786974011414,19081,100,0.3,0.2,275,22,0.5913636363636363
23584.999999998017,23585.0,19398.072777983456,7701,0.32652109391565176,0.8224749958865841,17811,100,0.3,0.2,276,21,0.5338095238095238
25434.999999997763,25435.0,20897.861792535703,8325,0.32730489482998754,0.8216183130543558,19217,100,0.3,0.2,277,24,0.5441666666666667
32084.99999999007,32085.0,26671.743053268066,10001,0.31170328814097226,0.8312838726282163,24101,100,0.3,0.2,278,36,0.5475
27194.99999998991,27195.0,21979.835474809515,9371,0.34458540172838675,0.8082307584047682,20689,100,0.3,0.2,279,33,0.44909090909090904
23474.99999999782,23475.0,19093.046836477908,7933,0.3379339723110005,0.813335328497537,17810,100,0.3,0.2,280,24,0.4625
31524.999999989494,31525.0,26050.538142226203,10079,0.3197145122919384,0.8263453811969829,23752,100,0.3,0.2,281,34,0.5632352941176471
23934.999999998057,23935.0,19499.418645178608,8058,0.3366617923543202,0.8146822078621345,18148,100,0.3,0.2,282,24,0.48166666666666663
26624.999999992604,26625.0,21763.628776004985,8835,0.33183098591558513,0.8174132873619167,20154,100,0.3,0.2,283,30,0.475
27334.999999990796,27335.0,22210.11543193073,9350,0.34205231388341495,0.8125156550919411,20776,100,0.3,0.2,284,30,0.49866666666666665
27104.999999989963,27105.0,22380.243687226444,8676,0.32008854454909474,0.8256869096932201,20426,100,0.3,0.2,285,29,0.5079310344827587
29824.999999991396,29825.0,24381.917223624343,9995,0.3351215423303565,0.817499320155285,22606,100,0.3,0.2,286,33,0.5287878787878788
26074.999999992157,26075.0,21234.193827403727,8743,0.33530201342291965,0.814350674109688,19765,100,0.3,0.2,287,31,0.44193548387096776
30914.999999986063,30915.0,25255.78641617588,10278,0.3324599708880684,0.8169427920487552,23416,100,0.3,0.2,288,38,0.48789473684210527
31274.99999999076,31275.0,25541.67746056673,10483,0.33518784972032284,0.8166803344708002,23704,100,0.3,0.2,289,36,0.525
23204.999999995267,23205.0,18516.762878534482,8363,0.3603964662788927,0.7979643558947752,17771,100,0.3,0.2,290,26,0.4165384615384615
25414.999999991527,25415.0,20756.702471725257,8461,0.33291363368100807,0.8167107012288876,19249,100,0.3,0.2,291,28,0.4657142857142857
27364.99999999145,27365.0,22116.768468736955,9480,0.3464279188745829,0.8082137207653523,20834,100,0.3,0.2,292,32,0.4684375
29444.999999992033,29445.0,24118.44144010336,9779,0.3321107148922617,0.8191014243542158,22294,100,0.3,0.2,293,33,0.5172727272727272
25814.99999999014,25815.0,20526.31597485803,9403,0.3642455936472435,0.7951313567641243,19804,100,0.3,0.2,294,32,0.42
32584.999999981763,32585.0,26550.573958001707,10952,0.336105570047756,0.8148096964252437,24709,100,0.3,0.2,295,42,0.4811904761904762
27054.999999998294,27055.0,22574.6153344843,8327,0.307780447237129,0.8343971663088422,20298,100,0.3,0.2,296,26,0.5646153846153846
29904.999999991032,29905.0,24572.865268414265,9754,0.3261661929444215,0.8216975511928317,22591,100,0.3,0.2,297,34,0.5155882352941177
24454.999999995835,24455.0,19796.941872417323,8422,0.3443876507872187,0.8095253270259944,18602,100,0.3,0.2,298,27,0.4474074074074074
26474.99999999222,26475.0,21749.533040958428,8676,0.32770538243635694,0.821512107307453,20007,100,0.3,0.2,299,28,0.5035714285714286
24204.99999999438,24205.0,19492.82451313399,8472,0.35001032844461755,0.8053222273554438,18457,100,0.3,0.2,300,27,0.4381481481481482
21224.99999999807,21225.0,17044.272865098956,7527,0.35462897526504994,0.8030281679670439,16211,100,0.3,0.2,301,20,0.4425
27204.9999999942,27205.0,22306.186529745777,8911,0.3275500827054549,0.8199296647583361,20559,100,0.3,0.2,302,30,0.4943333333333333
28124.999999994798,28125.0,23386.150548985122,8839,0.3142755555556137,0.8315075750751804,21148,100,0.3,0.2,303,28,0.5625
28594.99999999056,28595.0,23205.431853332488,9798,0.34264731596444253,0.8115206103633554,21746,100,0.3,0.2,304,33,0.49151515151515146
30284.999999994314,30285.0,24895.188842420714,9864,0.3257057949480552,0.8220303398522499,22868,100,0.3,0.2,305,36,0.4975
24914.999999998363,24915.0,20470.3077040856,8200,0.32911900461571497,0.8216057677739091,18840,100,0.3,0.2,306,22,0.57
24604.999999996235,24605.0,19980.146583543647,8339,0.33891485470438026,0.8120360326578624,18679,100,0.3,0.2,307,27,0.45296296296296296
24634.999999994245,24635.0,20330.577402027462,7864,0.31922062106766136,0.8252720682781495,18558,100,0.3,0.2,308,26,0.4715384615384615
26904.999999988526,26905.0,21523.293370198775,9630,0.35792603605293094,0.7999737361162592,20578,100,0.3,0.2,309,32,0.4540625
27904.99999999442,27905.0,22749.69466827652,9414,0.33735889625521887,0.8152551395191209,21171,100,0.3,0.2,310,30,0.5176666666666666
29654.999999995165,29655.0,24381.115796858416,9646,0.3252739841511237,0.8221586847702711,22392,100,0.3,0.2,311,33,0.5236363636363637
29254.999999990014,29255.0,23777.86381279123,9928,0.3393607930269489,0.8127794842864244,22210,100,0.3,0.2,312,34,0.4964705882352941
27974.99999998649,27975.0,22544.503487537022,9746,0.3483824843612049,0.8058803748900057,21317,100,0.3,0.2,313,34,0.4588235294117647
28274.999999985306,28275.0,22705.837079912028,9973,0.35271441202494014,0.8030357941617622,21576,100,0.3,0.2,314,37,0.4297297297297298
25324.99999999496,25325.0,20391.349575245058,8876,0.35048371174735504,0.8051865577590963,19311,100,0.3,0.2,315,27,0.47962962962962963
32914.99999997633,32915.0,26980.74215990079,10782,0.3275710162542231,0.819709620535324,24877,100,0.3,0.2,316,43,0.4776744186046512
28074.999999993106,28075.0,22743.8604352856,9654,0.34386464826366414,0.8101107902151802,21354,100,0.3,0.2,317,32,0.490625
26194.99999999492,26195.0,21408.55360597339,8691,0.3317808742127003,0.8172763354066631,19826,100,0.3,0.2,318,29,0.476551724137931
27854.999999993488,27855.0,22618.55007509958,9488,0.3406210734159834,0.8120104137535404,21155,100,0.3,0.2,319,31,0.49935483870967745
29354.99999998277,29355.0,24089.667027574174,9564,0.32580480327050293,0.820632499662351,22174,100,0.3,0.2,320,38,0.4468421052631579
33594.99999999307,33595.0,28019.383781583747,10428,0.3104033338295029,0.8340343438484752,25227,100,0.3,0.2,321,37,0.5735135135135135
24194.99999999529,24195.0,19423.51455066395,8586,0.35486670799758924,0.8027904340015595,18484,100,0.3,0.2,322,26,0.4546153846153846
24204.999999997344,24205.0,19988.59193389852,7745,0.3199752117331481,0.8258042525883376,18244,100,0.3,0.2,323,23,0.5143478260869565
22184.999999998472,22185.0,18085.288980272282,7433,0.33504620238902466,0.8152034699244322,16812,100,0.3,0.2,324,21,0.46714285714285714
32384.999999989668,32385.0,26939.18479649205,10135,0.3129535278679399,0.8318414326540263,24337,100,0.3,0.2,325,34,0.5885294117647059
23074.999999999585,23075.0,18972.386183608785,7542,0.3268472372697784,0.8222052517273728,17435,100,0.3,0.2,326,20,0.535
28074.999999992557,28075.0,22690.257545910703,9700,0.3455031166519171,0.8082015154378173,21371,100,0.3,0.2,327,34,0.46176470588235297
27854.999999993437,27855.0,22562.1332657128,9579,0.34388799138403364,0.8099850391569957,21188,100,0.3,0.2,328,32,0.48375
27954.999999996962,27955.0,22962.44341310144,9124,0.3263816848506883,0.8214073837633316,21121,100,0.3,0.2,329,31,0.5025806451612903
27104.99999999247,27105.0,22008.942671099892,9212,0.3398634938204228,0.8119882926067518,20582,100,0.3,0.2,330,31,0.47516129032258064
25614.99999998876,25615.0,20281.598741215676,9446,0.3687682998244835,0.7917860137116758,19689,100,0.3,0.2,331,31,0.4270967741935484
28984.99999999307,28985.0,24023.944877970298,9157,0.31592202863557667,0.8288406030007259,21810,100,0.3,0.2,332,30,0.5536666666666666
29114.999999990323,29115.0,23598.601600511673,9985,0.3429503692255991,0.8105307092742406,22133,100,0.3,0.2,333,34,0.4923529411764706
26314.999999995744,26315.0,21411.0660056864,8906,0.3384381531446491,0.8136449175637417,19967,100,0.3,0.2,334,28,0.49785714285714283
27274.999999985266,27275.0,21647.54691644185,10000,0.3666361136573933,0.7936772471660328,20943,100,0.3,0.2,335,36,0.41388888888888886
27664.99999998889,27665.0,22463.728486153417,9431,0.34090005422027064,0.8119909085907261,21018,100,0.3,0.2,336,32,0.4778125
29894.999999990505,29895.0,24508.62944963724,9847,0.32938618498087063,0.8198236979309257,22603,100,0.3,0.2,337,34,0.5152941176470588
26494.99999999012,26495.0,21435.14678045621,9139,0.3449330062277187,0.8090261098495641,20155,100,0.3,0.2,338,31,0.4554838709677419
23084.999999996606,23085.0,18941.11737728006,7580,0.3283517435564702,0.8204945799126205,17448,100,0.3,0.2,339,22,0.4868181818181818
27714.999999992397,27715.0,22577.15321956577,9311,0.33595525888517247,0.8146185538362607,21013,100,0.3,0.2,340,31,0.4948387096774194
28614.999999988995,28615.0,23448.033979410644,9386,0.3280097850778826,0.8194315561565494,21631,100,0.3,0.2,341,34,0.4776470588235294
24234.99999999487,24235.0,19751.044972351203,8158,0.3366205900557758,0.8149801927937026,18376,100,0.3,0.2,342,24,0.49416666666666664
27564.999999991287,27565.0,22235.831387643146,9624,0.3491384001452219,0.8066690146072982,21012,100,0.3,0.2,343,32,0.4746875
25274.99999999711,25275.0,20591.212628204295,8526,0.337329376854638,0.8146869486926468,19170,100,0.3,0.2,344,26,0.4961538461538461
27564.999999995634,27565.0,22551.03872330161,9202,0.33382913114462026,0.8181040712245667,20881,100,0.3,0.2,345,28,0.5425
30664.99999998941,30665.0,25228.79104316337,9941,0.32418066199261153,0.8227226819883282,23144,100,0.3,0.2,346,36,0.5080555555555556
28674.999999992506,28675.0,23176.376712068824,9891,0.34493461203147635,0.8082433029494291,21818,100,0.3,0.2,347,34,0.4794117647058823
27384.999999990294,27385.0,22331.5220596288,9148,0.3340514880410167,0.81546547597724,20749,100,0.3,0.2,348,33,0.45484848484848484
25744.999999987776,25745.0,20775.244102047203,8923,0.3465915711790342,0.8069622879027799,19603,100,0.3,0.2,349,31,0.4312903225806452
22634.999999991414,22635.0,17786.803464922847,8514,0.37614314115322417,0.7858097400013074,17457,100,0.3,0.2,350,29,0.35379310344827586
25904.999999997435,25905.0,21577.064385590314,8034,0.31013317892301856,0.8329304916268075,19453,100,0.3,0.2,351,24,0.56375
26444.999999994674,26445.0,21556.580607782314,8858,0.3349593495935634,0.8151476879480679,20045,100,0.3,0.2,352,30,0.469
25774.99999999749,25775.0,20825.875431777917,8949,0.3471968962172986,0.8079874076345275,19632,100,0.3,0.2,353,28,0.47857142857142854
28964.99999999509,28965.0,23908.92087694073,9360,0.32314862765412006,0.8254417703070873,21854,100,0.3,0.2,354,29,0.5720689655172414
28024.999999993077,28025.0,23012.883076654514,9179,0.32752899197153496,0.8211555067496948,21173,100,0.3,0.2,355,31,0.5048387096774194
27054.999999998076,27055.0,22537.59653334698,8432,0.311661430419538,0.8330288868360223,20322,100,0.3,0.2,356,24,0.6116666666666667
25124.999999997384,25125.0,20812.15720438209,8012,0.31888557213933666,0.8283445653486271,18918,100,0.3,0.2,357,21,0.6071428571428572
25764.999999992306,25765.0,20760.616500955657,9037,0.35074713758985826,0.8057681545104544,19658,100,0.3,0.2,358,29,0.46172413793103445
27344.999999991967,27345.0,22330.532181292336,9056,0.3311757176815747,0.8166221313329273,20696,100,0.3,0.2,359,33,0.45363636363636367
30134.999999989723,30135.0,24533.122049580543,10173,0.3375808860130569,0.8141072523507188,22868,100,0.3,0.2,360,36,0.49333333333333335
24874.999999997235,24875.0,20260.693164349614,8388,0.33720603015079126,0.8145002277126379,18871,100,0.3,0.2,361,27,0.46296296296296297
27694.999999991815,27695.0,22518.840278746822,9454,0.34136125654460353,0.8131012918849423,21040,100,0.3,0.2,362,30,0.5106666666666667
27314.99999999609,27315.0,22613.21289644326,8671,0.31744462749409635,0.8278679442228262,20563,100,0.3,0.2,363,28,0.5335714285714286
26044.999999996962,26045.0,21277.378069205428,8666,0.3327318103283168,0.8169467486737535,19722,100,0.3,0.2,364,27,0.5062962962962962
24414.99999999675,24415.0,20108.82138515085,7835,0.3209092770838027,0.8236256967091349,18404,100,0.3,0.2,365,26,0.46307692307692305
27274.99999999491,27275.0,22254.62171100261,9110,0.33400549954176717,0.815934801503456,20666,100,0.3,0.2,366,30,0.49666666666666665
28394.99999999368,28395.0,23770.220181979228,8618,0.30350413805254156,0.8371269653806839,21271,100,0.3,0.2,367,30,0.534
30024.999999993706,30025.0,24700.528081394215,9816,0.3269275603664299,0.8226653815620114,22684,100,0.3,0.2,368,33,0.5348484848484848
29394.999999995125,29395.0,24344.27175948822,9348,0.3180132675625634,0.8281773008842408,22132,100,0.3,0.2,369,31,0.5490322580645162
22944.9999999992,22945.0,18938.188073307767,7418,0.32329483547614984,0.8253731999698596,17310,100,0.3,0.2,370,18,0.5872222222222222
30214.999999994146,30215.0,25224.27397368993,9287,0.3073638921066291,0.8348262112756849,22664,100,0.3,0.2,371,32,0.5575
26584.999999993197,26585.0,21923.706974409502,8538,0.32115854805349575,0.8246645467148811,20047,100,0.3,0.2,372,28,0.5075
28494.999999987453,28495.0,22963.460486163072,9963,0.3496402877699381,0.8058768375565252,21724,100,0.3,0.2,373,35,0.4605714285714286
25534.999999997544,25535.0,20614.192380491935,8902,0.3486195418053987,0.807291653827841,19460,100,0.3,0.2,374,27,0.4874074074074074
20644.999999994674,20645.0,16537.71953746597,7299,0.353548074594424,0.8010520483153422,15763,100,0.3,0.2,375,22,0.3759090909090909
31404.99999998763,31405.0,25903.73732686999,10136,0.3227511542749241,0.8248284453711253,23690,100,0.3,0.2,376,35,0.5437142857142857
26224.999999993855,26225.0,21259.40233166962,8983,0.34253574833182476,0.8106540450590887,19936,100,0.3,0.2,377,29,0.47758620689655173
27514.999999997635,27515.0,22834.40709762159,8741,0.3176812647647011,0.8298894093266783,20719,100,0.3,0.2,378,25,0.6056
29224.999999989446,29225.0,23739.229926424126,9915,0.3392643284860079,0.8122918708787921,22191,100,0.3,0.2,379,37,0.4554054054054054
26074.99999999145,26075.0,21290.17114773284,8661,0.33215723873452885,0.8164974553303862,19741,100,0.3,0.2,380,31,0.44193548387096776
23574.999999993142,23575.0,19200.19628805425,7874,0.33399787910932305,0.8144303833747544,17860,100,0.3,0.2,381,27,0.4148148148148148
24664.99999999567,24665.0,20215.131646859576,8193,0.332171092641453,0.8195877416121274,18673,100,0.3,0.2,382,22,0.5586363636363637
28804.999999990523,28805.0,23324.30508074529,9939,0.34504426314887243,0.8097311258723473,21923,100,0.3,0.2,383,33,0.49787878787878787
25834.999999994543,25835.0,21216.789990472676,8477,0.3281207664022369,0.8212421130434355,19527,100,0.3,0.2,384,26,0.5176923076923077
24614.99999999347,24615.0,20036.57399606537,8366,0.33987406053228597,0.8139985373175171,18686,100,0.3,0.2,385,24,0.51
29854.999999996526,29855.0,24663.710335224645,9608,0.3218221403450383,0.8261165746182386,22512,100,0.3,0.2,386,31,0.5638709677419356
28154.99999999278,28155.0,22901.08747417348,9534,0.3386254661695061,0.813393268484438,21362,100,0.3,0.2,387,32,0.493125
23524.999999995416,23525.0,19126.890429442017,7988,0.3395536663124997,0.8130452892431772,17863,100,0.3,0.2,388,24,0.46458333333333335
28554.999999995434,28555.0,23767.20760838021,8855,0.3101033094029563,0.8323308565359485,21444,100,0.3,0.2,389,30,0.5393333333333333
32924.99999998983,32925.0,27184.512824392135,10570,0.3210326499621341,0.8256495922369183,24820,100,0.3,0.2,390,37,0.5554054054054054
23894.99999999845,23895.0,19499.758139524587,7970,0.3335425821301744,0.8160601857930886,18105,100,0.3,0.2,391,25,0.4608
24924.999999997206,24925.0,20594.117788822976,7957,0.31923771313945404,0.8262434418786473,18782,100,0.3,0.2,392,25,0.502
28134.999999987343,28135.0,22524.91903425105,10062,0.35763284165646086,0.8006013518486291,21523,100,0.3,0.2,393,34,0.46352941176470586
31214.999999990672,31215.0,25766.617890200625,10082,0.32298574403341385,0.8254562835242135,23547,100,0.3,0.2,394,33,0.5709090909090909
24074.99999999847,24075.0,19649.86736596344,8122,0.33736240913813154,0.8161938677451585,18264,100,0.3,0.2,395,23,0.508695652173913
28104.99999999167,28105.0,22862.97459867618,9499,0.3379825653799258,0.8134842411913523,21328,100,0.3,0.2,396,33,0.4766666666666666
28874.99999998532,28875.0,23356.73858867086,9965,0.34510822510840056,0.8088913796946402,21978,100,0.3,0.2,397,35,0.4714285714285715
28724.999999996435,28725.0,24095.222296128577,8654,0.30127067014799214,0.838824100822683,21499,100,0.3,0.2,398,28,0.5839285714285715
28504.99999999591,28505.0,23474.7621393669,9238,0.32408349412388443,0.8235313853488956,21515,100,0.3,0.2,399,30,0.5376666666666666
40984.999999960746,40985.0,33589.73395991554,13545,0.3304867634503592,0.8195616435268442,31012,100,0.5,0.2,0,54,0.5298148148148148
35134.999999977714,35135.0,28388.01203851827,12166,0.3462644087094839,0.8079696040568174,26747,100,0.5,0.2,1,48,0.4741666666666666
37364.999999971296,37365.0,30635.24355213456,12273,0.3284624648737971,0.8198914372315829,28254,100,0.5,0.2,2,50,0.49979999999999997
38114.99999995602,38115.0,31067.103139782907,12780,0.33530106257417674,0.8150886301933296,28890,100,0.5,0.2,3,54,0.4766666666666666
39914.999999940526,39915.0,32221.73796518635,13826,0.34638607040011526,0.8072588742386161,30393,100,0.5,0.2,4,58,0.4748275862068966
36514.99999998289,36515.0,29964.01420869997,12015,0.3290428590991546,0.8205946654447217,27613,100,0.5,0.2,5,45,0.5364444444444445
36514.999999973974,36515.0,29776.40336741192,12270,0.3360262905657605,0.8154567538664423,27687,100,0.5,0.2,6,48,0.5029166666666667
41524.99999993338,41525.0,34092.36699756361,13585,0.32715231788131954,0.8210082359450525,31386,100,0.5,0.2,7,60,0.48583333333333334
38584.99999996762,38585.0,31775.431979730285,12499,0.32393417131036645,0.82351773952979,29123,100,0.5,0.2,8,51,0.513921568627451
33614.99999996964,33615.0,27248.743961855474,11481,0.3415439535924549,0.8106126420312386,25540,100,0.5,0.2,9,46,0.4617391304347826
38094.99999996559,38095.0,30997.84778816639,12894,0.33846961543540216,0.8136985900562905,28919,100,0.5,0.2,10,52,0.4946153846153846
40194.99999993872,40195.0,32742.051974440412,13448,0.334568976241336,0.8145802207859268,30464,100,0.5,0.2,11,59,0.47152542372881356
40724.99999993453,40725.0,32964.18037046705,14015,0.3441375076739725,0.8094335265934941,30982,100,0.5,0.2,12,59,0.4805084745762712
34974.9999999868,34975.0,29157.84692838873,10859,0.3104789135097669,0.833676824257319,26265,100,0.5,0.2,13,39,0.5794871794871795
34174.99999997537,34175.0,27540.57892454317,11933,0.3491733723484594,0.8058691711649749,26043,100,0.5,0.2,14,47,0.46382978723404256
42584.999999963016,42585.0,35260.991584157724,13522,0.3175296465894504,0.82801436149321,32067,100,0.5,0.2,15,56,0.5394642857142857
36064.99999997341,36065.0,29594.705565333807,11812,0.32751975599635963,0.8205935273909782,27258,100,0.5,0.2,16,46,0.515
41944.99999995525,41945.0,34608.76720568848,13468,0.3210871379190456,0.8250987532655953,31618,100,0.5,0.2,17,55,0.5376363636363637
35434.99999997223,35435.0,28749.286556344425,12124,0.3421475941868069,0.8113245818080135,26932,100,0.5,0.2,18,47,0.4906382978723404
37274.999999967804,37275.0,30595.226547593134,12181,0.3267873910130254,0.8207974928938849,28167,100,0.5,0.2,19,51,0.48823529411764705
37204.99999995662,37205.0,30303.588195096512,12503,0.33605698158888797,0.8145031096662235,28217,100,0.5,0.2,20,52,0.4775
42004.99999996242,42005.0,34449.3150512167,13898,0.33086537317015674,0.8201241531067139,31790,100,0.5,0.2,21,55,0.5387272727272727
33884.99999997589,33885.0,27516.42377742798,11544,0.3406817175743903,0.8120532323283919,25740,100,0.5,0.2,22,44,0.48886363636363633
36314.999999950014,36315.0,29164.114893098482,12794,0.35230620955576514,0.8030872888100957,27712,100,0.5,0.2,23,54,0.44333333333333336
33934.999999968924,33935.0,27531.131969076367,11579,0.3412111389424076,0.8112901714778717,25790,100,0.5,0.2,24,45,0.4791111111111111
37094.99999997029,37095.0,30284.316361750767,12383,0.3338185739320641,0.8163988775245996,28093,100,0.5,0.2,25,50,0.49439999999999995
37944.99999997808,37945.0,31317.92805245761,12188,0.32120173935978497,0.8253505877579577,28608,100,0.5,0.2,26,48,0.5327083333333333
37144.99999997199,37145.0,30243.10198208382,12499,0.3364921254545545,0.8141903885343015,28168,100,0.5,0.2,27,50,0.4954
39094.99999996751,39095.0,31921.83292823852,13061,0.3340836424097929,0.8165195786741283,29619,100,0.5,0.2,28,53,0.5041509433962265
34524.999999988264,34525.0,28637.189762605558,10882,0.31519188993493696,0.8294624116615581,25966,100,0.5,0.2,29,41,0.5402439024390244
36244.999999970176,36245.0,29482.023633031964,12245,0.3378397020281439,0.8134093980702504,27502,100,0.5,0.2,30,48,0.49729166666666663
38214.99999996485,38215.0,31221.21790542855,12769,0.33413581054590463,0.8169885622257561,28959,100,0.5,0.2,31,51,0.5066666666666666
34034.99999997159,34035.0,27539.925154197517,11809,0.34696635816100657,0.8091648348529604,25914,100,0.5,0.2,32,44,0.49227272727272725
37814.999999978536,37815.0,30819.142549704,12728,0.33658601084244943,0.8149978196409228,28683,100,0.5,0.2,33,50,0.5088
34464.99999998711,34465.0,28323.17950900659,11333,0.32882634556809054,0.8217954304081586,26061,100,0.5,0.2,34,41,0.538780487804878
35774.99999996313,35775.0,29028.20589527394,12226,0.34174703004926904,0.8114103674438533,27192,100,0.5,0.2,35,48,0.4875
39924.9999999536,39925.0,32609.360427610685,13322,0.3336756418288161,0.8167654459022813,30245,100,0.5,0.2,36,55,0.500909090909091
37404.99999995114,37405.0,30321.833016786837,12769,0.34137147440226384,0.8106358245375336,28423,100,0.5,0.2,37,54,0.46351851851851855
38724.99999995754,38725.0,31294.58878940546,13448,0.34726920593969646,0.8081236614445391,29493,100,0.5,0.2,38,53,0.4971698113207548
35754.99999998829,35755.0,29596.6705475366,11409,0.3190882394071804,0.8277631253683762,26938,100,0.5,0.2,39,42,0.5566666666666666
33854.99999997577,33855.0,27405.231389262648,11652,0.3441736818788462,0.8094884474754767,25755,100,0.5,0.2,40,45,0.47733333333333333
39984.99999996082,39985.0,32844.3515310936,13073,0.32694760535232736,0.8214168195854891,30208,100,0.5,0.2,41,53,0.5209433962264151
38564.99999997066,38565.0,31886.422619956415,12300,0.31894204589678093,0.8268228346941702,29050,100,0.5,0.2,42,50,0.5238
35224.999999984306,35225.0,29191.118298195845,11094,0.31494677075954414,0.8287045648888247,26499,100,0.5,0.2,43,44,0.5193181818181818
38614.999999964224,38615.0,31512.782287483475,12909,0.33430014243200723,0.8160761954554622,29259,100,0.5,0.2,44,55,0.4770909090909091
38464.999999975254,38465.0,31931.048330719375,12050,0.3132718055377032,0.8301325446702176,28916,100,0.5,0.2,45,50,0.5218
41354.9999999517,41355.0,33986.07078638923,13542,0.32745738121184415,0.8218128590600634,31245,100,0.5,0.2,46,53,0.5467924528301886
42654.9999999506,42655.0,35285.54743088509,13567,0.31806353299767226,0.8272312139473907,32119,100,0.5,0.2,47,57,0.5312280701754386
41814.99999995279,41815.0,34214.21776831203,13874,0.33179481047508463,0.8182283335728963,31657,100,0.5,0.2,48,57,0.5164912280701754
37674.99999995969,37675.0,30677.37500990092,12715,0.3374917053752781,0.8142634375563037,28587,100,0.5,0.2,49,51,0.49607843137254903
35824.999999976535,35825.0,29647.570515961874,11370,0.3173761339848555,0.8275665182409293,26973,100,0.5,0.2,50,45,0.5211111111111112
44084.9999999354,44085.0,36087.923568644976,14565,0.33038448451902785,0.8185986972597904,33353,100,0.5,0.2,51,62,0.5114516129032258
31054.999999983553,31055.0,25211.39241492533,10584,0.34081468362600564,0.8118303788420119,23591,100,0.5,0.2,52,40,0.467
36604.99999997091,36605.0,29817.645908063794,12343,0.3371943723537716,0.8145784976939623,27768,100,0.5,0.2,53,48,0.5047916666666666
38044.9999999451,38045.0,30710.828993979972,13201,0.34698383493281765,0.8072237874628542,28968,100,0.5,0.2,54,54,0.4753703703703704
36244.99999996109,36245.0,29323.599156621898,12517,0.3453441854052542,0.8090384647993759,27581,100,0.5,0.2,55,50,0.47740000000000005
33034.999999982494,33035.0,26921.680436021285,11095,0.33585591039824064,0.8149441633429862,25051,100,0.5,0.2,56,43,0.48046511627906974
37044.99999998193,37045.0,30487.692065800886,12051,0.3253070589824775,0.8229907427673305,27970,100,0.5,0.2,57,47,0.5248936170212766
35194.99999997788,35195.0,28813.863286601358,11689,0.33212103992065195,0.8186919530222891,26644,100,0.5,0.2,58,43,0.5306976744186046
40994.99999996836,40995.0,34301.56654583367,12478,0.30437858275422935,0.8367256139982961,30715,100,0.5,0.2,59,50,0.5724
40054.999999964166,40055.0,33006.22301170048,12955,0.3234302833606688,0.8240225442948448,30220,100,0.5,0.2,60,52,0.5323076923076924
35914.99999996865,35915.0,29147.965580784617,12222,0.34030349436198437,0.8115819457276922,27276,100,0.5,0.2,61,49,0.4804081632653061
34354.99999997543,34355.0,27684.724262650187,12027,0.3500800465728017,0.8058426506380436,26199,100,0.5,0.2,62,46,0.47782608695652173
35394.999999971355,35395.0,28872.83095747297,11810,0.3336629467441604,0.8157319100860668,26818,100,0.5,0.2,63,48,0.47958333333333336
37384.99999994629,37385.0,30135.532640017165,13019,0.34824127323842996,0.8060862014192981,28484,100,0.5,0.2,64,55,0.45472727272727276
39034.99999994687,39035.0,31508.176359437843,13506,0.3459971820166103,0.8071775678104451,29714,100,0.5,0.2,65,57,0.46771929824561403
37014.99999996618,37015.0,30378.1541160491,12051,0.3255707145754697,0.8206984767277281,27954,100,0.5,0.2,66,51,0.4831372549019608
37974.99999996576,37975.0,31078.530973942194,12622,0.33237656352893696,0.8183944956937516,28754,100,0.5,0.2,67,49,0.5224489795918368
38424.999999962805,38425.0,31430.769756692756,12734,0.33139882888776384,0.8179770919121192,29084,100,0.5,0.2,68,52,0.5009615384615385
35514.99999996898,35515.0,28709.413046920392,12272,0.34554413628074665,0.8083742938742916,27029,100,0.5,0.2,69,50,0.4628
36524.99999996939,36525.0,30248.894814497708,11509,0.3150992470912976,0.8281696047781809,27478,100,0.5,0.2,70,48,0.503125
37094.999999968,37095.0,30736.415983300438,11728,0.31616120771020667,0.8285864936872073,27918,100,0.5,0.2,71,48,0.515
36814.99999996018,36815.0,30079.88110844505,12238,0.3324188510121754,0.8170550348628979,27882,100,0.5,0.2,72,51,0.47921568627450983
40654.999999965105,40655.0,33517.985582343805,13118,0.3226663387040034,0.8244492825574363,30665,100,0.5,0.2,73,55,0.5141818181818182
38844.99999997297,38845.0,32044.44674976633,12537,0.3227442399281432,0.8249310528971201,29298,100,0.5,0.2,74,48,0.5514583333333334
39404.999999966654,39405.0,32411.14634656306,12796,0.3247303641672587,0.8225135476866003,29747,100,0.5,0.2,75,53,0.51
43794.999999951324,43795.0,36259.088067644225,13976,0.3191231875788454,0.8279275731860835,32995,100,0.5,0.2,76,58,0.5417241379310345
37004.999999969914,37005.0,30130.472241547177,12467,0.3369004188625898,0.8142270569266767,28063,100,0.5,0.2,77,49,0.5026530612244897
37764.999999962805,37765.0,31297.333712287338,11867,0.3142327551969201,0.8287391423889359,28401,100,0.5,0.2,78,50,0.5078
39264.99999995349,39265.0,32589.18758572631,12258,0.3121864255702157,0.8299805828540663,29509,100,0.5,0.2,79,53,0.5073584905660378
38364.9999999547,38365.0,31504.77578872425,12521,0.3263651765936344,0.8211853457255689,28985,100,0.5,0.2,80,54,0.4812962962962963
34534.99999996931,34535.0,27965.05815296401,11910,0.34486752569887313,0.8097599001878923,26280,100,0.5,0.2,81,46,0.48173913043478256
34104.99999996989,34105.0,27860.189473489292,11315,0.3317695352590526,0.8168945747988239,25813,100,0.5,0.2,82,45,0.4828888888888889
41354.999999964966,41355.0,34149.07623198714,13265,0.32075927941025845,0.8257544730266249,31168,100,0.5,0.2,83,54,0.5366666666666666
36414.99999997067,36415.0,29972.436462499893,11811,0.3243443635866954,0.823079403062585,27481,100,0.5,0.2,84,47,0.5114893617021277
36134.999999985026,36135.0,29410.80800487015,12222,0.3382316313824565,0.8139147088662608,27420,100,0.5,0.2,85,47,0.505531914893617
38414.99999995954,38415.0,31430.999785213982,12701,0.33062605752995905,0.8181960115904487,29066,100,0.5,0.2,86,52,0.5007692307692309
33514.99999996702,33515.0,27120.38158836887,11508,0.34336864090739444,0.809201300563794,25489,100,0.5,0.2,87,46,0.45956521739130435
33954.99999998115,33955.0,28113.390181533574,10766,0.31706670593450087,0.8279602468428562,25559,100,0.5,0.2,88,42,0.5138095238095238
35664.99999996989,35665.0,28900.781953066537,12212,0.34240852376308173,0.8103401641130221,27118,100,0.5,0.2,89,49,0.4753061224489796
34984.99999998003,34985.0,28586.05302414351,11657,0.3331999428328328,0.8170945554997808,26498,100,0.5,0.2,90,45,0.5024444444444445
41924.99999994674,41925.0,34388.21727710291,13780,0.3286821705430532,0.8202317776302109,31706,100,0.5,0.2,91,58,0.5094827586206897
32234.99999998262,32235.0,26556.65128549396,10450,0.32418178998001035,0.8238452391967823,24328,100,0.5,0.2,92,39,0.5092307692307692
38044.99999996648,38045.0,30841.582603660918,13057,0.3431988434751348,0.8106606020157207,28934,100,0.5,0.2,93,51,0.5033333333333334
38094.999999950436,38095.0,31144.39945636544,12584,0.33033206457583336,0.8175455953906277,28828,100,0.5,0.2,94,54,0.4762962962962963
34504.99999998326,34505.0,28472.1962184027,11068,0.32076510650645906,0.8251614611916104,26007,100,0.5,0.2,95,44,0.5029545454545454
40274.999999959284,40275.0,32972.0030859197,13337,0.33114835505930434,0.8186717091484303,30485,100,0.5,0.2,96,54,0.5166666666666666
36804.99999996581,36805.0,30203.003286072388,11975,0.3253634017120262,0.820622287354991,27793,100,0.5,0.2,97,52,0.4698076923076923
43144.99999997338,43145.0,36098.89149957922,13123,0.3041603893848209,0.836687715832692,32325,100,0.5,0.2,98,54,0.5698148148148148
38494.99999996196,38495.0,31565.977214370465,12665,0.32900376672327614,0.8200020058293715,29113,100,0.5,0.2,99,52,0.5023076923076923
37414.999999954125,37415.0,30365.913414516104,12734,0.3403447815051614,0.8115973116277786,28411,100,0.5,0.2,100,53,0.47245283018867923
36834.99999997817,36835.0,30281.657443062377,11975,0.32509841183676114,0.8220892478099721,27815,100,0.5,0.2,101,49,0.49918367346938775
35054.99999997004,35055.0,28311.646146043786,12130,0.3460276708033196,0.8076350348329192,26686,100,0.5,0.2,102,49,0.46285714285714286
32294.999999986103,32295.0,26715.82709742291,10244,0.317200805078322,0.8272434462744823,24310,100,0.5,0.2,103,39,0.5107692307692308
42384.999999929314,42385.0,34587.186608574935,14176,0.33445794502827986,0.8160242210365133,32121,100,0.5,0.2,104,61,0.49196721311475405
36754.9999999731,36755.0,30197.18376767459,12037,0.3274928581147819,0.8215802956794093,27772,100,0.5,0.2,105,48,0.5079166666666667
33974.9999999769,33975.0,27702.462661269776,11359,0.3343340691687336,0.8153778561085684,25746,100,0.5,0.2,106,46,0.46956521739130436
31634.99999997379,31635.0,25490.31144374291,11059,0.3495811601077655,0.8057629664537389,24115,100,0.5,0.2,107,41,0.46975609756097564
38414.999999979766,38415.0,32105.465227886216,11697,0.30449043342460397,0.8357533574880418,28790,100,0.5,0.2,108,49,0.5314285714285715
34274.99999998278,34275.0,28200.64427454108,11216,0.3272355944567654,0.8227759088126987,25905,100,0.5,0.2,109,40,0.5475
42134.99999995647,42135.0,34657.23773611577,13740,0.3260946956215544,0.8225284854907221,31823,100,0.5,0.2,110,55,0.5410909090909091
34434.999999977095,34435.0,28091.997570465195,11524,0.33465950341244854,0.8157978095102042,26096,100,0.5,0.2,111,45,0.4902222222222223
39974.99999996455,39975.0,32540.46538539647,13551,0.3389868667920454,0.8140203973839981,30344,100,0.5,0.2,112,53,0.5207547169811321
36874.99999996666,36875.0,30545.381606691644,11640,0.31566101694943793,0.8283493317076409,27747,100,0.5,0.2,113,48,0.5104166666666666
36844.999999957494,36845.0,29621.731338632177,12963,0.3518252137336126,0.8039552541366902,28113,100,0.5,0.2,114,53,0.46169811320754717
34194.99999997292,34195.0,27832.1462970231,11522,0.33694984646904885,0.8139244420834959,25936,100,0.5,0.2,115,46,0.47434782608695647
39144.99999996691,39145.0,32156.933428085387,12844,0.3281134244478441,0.8214825246675839,29586,100,0.5,0.2,116,50,0.5354
41654.99999995188,41655.0,34320.81376508183,13435,0.3225303084867488,0.8239302308275472,31419,100,0.5,0.2,117,56,0.5228571428571428
39384.99999994032,39385.0,31841.343839373825,13549,0.34401421861166764,0.8084637257692541,29959,100,0.5,0.2,118,57,0.473859649122807
39964.99999995302,39965.0,32701.8003708897,13288,0.3324909295637588,0.8182609876373863,30263,100,0.5,0.2,119,55,0.5016363636363637
32434.999999986157,32435.0,26671.81147765218,10614,0.32723909357189856,0.8223157538974429,24513,100,0.5,0.2,120,39,0.5143589743589744
35674.9999999815,35675.0,29537.85600714955,11332,0.3176454099511108,0.8279707360102275,26859,100,0.5,0.2,121,43,0.541860465116279
43404.999999949985,43405.0,35524.234791156865,14481,0.33362515839227475,0.8184364656421564,32887,100,0.5,0.2,122,58,0.535
38604.99999996851,38605.0,31479.151155939075,12976,0.33612226395572037,0.8154164267831823,29272,100,0.5,0.2,123,51,0.514313725490196
36114.99999996546,36115.0,29243.35475793608,12337,0.3416032119621154,0.8097287763523202,27444,100,0.5,0.2,124,53,0.4479245283018868
33214.99999996199,33215.0,26720.985152096528,11598,0.3491795875361515,0.8044854780107513,25317,100,0.5,0.2,125,48,0.43416666666666665
36074.99999997909,36075.0,29666.88368364626,11733,0.32523908523927375,0.8223668380779892,27243,100,0.5,0.2,126,47,0.5042553191489362
38684.999999959386,38685.0,31762.098915184986,12681,0.3278014734396617,0.8210443043871871,29237,100,0.5,0.2,127,50,0.5262
34394.999999988795,34395.0,28964.34217273847,10172,0.2957406599797445,0.8421090906453818,25695,100,0.5,0.2,128,39,0.5646153846153846
37464.99999996822,37465.0,30482.656503304883,12680,0.338449219271607,0.8136302283019016,28434,100,0.5,0.2,129,51,0.4919607843137255
35654.99999998088,35655.0,29255.22530248379,11716,0.3285934651523288,0.8205083523348612,26956,100,0.5,0.2,130,45,0.5173333333333333
41204.99999994258,41205.0,33505.38027685992,13953,0.33862395340418505,0.8131387034803207,31279,100,0.5,0.2,131,60,0.4805
36114.99999997239,36115.0,29375.890582224325,12236,0.3388065900597911,0.8133986039664068,27410,100,0.5,0.2,132,48,0.4945833333333334
38294.99999997292,38295.0,31176.816987926853,12963,0.33850372111265614,0.8141223916424833,29066,100,0.5,0.2,133,50,0.5184000000000001
37924.999999948326,37925.0,30490.834483457787,13362,0.352326961107929,0.8039771782069699,28943,100,0.5,0.2,134,53,0.4820754716981132
35104.99999998689,35105.0,29174.994558686307,10982,0.3128329297821992,0.8310780389886684,26378,100,0.5,0.2,135,41,0.554390243902439
45174.999999932945,45175.0,37277.463533563176,14469,0.32028776978464807,0.8251790488902824,34052,100,0.5,0.2,136,63,0.5206349206349207
33484.99999997134,33485.0,26937.30735427923,11712,0.3497685530837696,0.8044589324862561,25529,100,0.5,0.2,137,48,0.43979166666666664
36884.999999950975,36885.0,29833.731370680143,12690,0.34404229361574806,0.8088309982572807,28064,100,0.5,0.2,138,54,0.45388888888888884
35854.99999997377,35855.0,29327.273270777456,11884,0.33144610235695704,0.8179409641834865,27136,100,0.5,0.2,139,46,0.5104347826086957
41724.999999937805,41725.0,34137.70917177657,13800,0.33073696824495075,0.8181595966884951,31572,100,0.5,0.2,140,58,0.5060344827586207
33314.999999974294,33315.0,26990.217626002748,11441,0.3434188803844763,0.8101521124425506,25340,100,0.5,0.2,141,43,0.4869767441860465
32944.99999998196,32945.0,26733.20720563203,11248,0.34141751403873605,0.81144960405666,25027,100,0.5,0.2,142,41,0.5017073170731707
33634.99999996838,33635.0,27283.144567640386,11485,0.34145978891068224,0.8111533987711026,25557,100,0.5,0.2,143,43,0.4944186046511628
35754.999999971515,35755.0,29089.86262426695,12072,0.33763110054564727,0.8135886624049818,27129,100,0.5,0.2,144,49,0.47714285714285715
38784.99999997121,38785.0,31927.91533280083,12606,0.32502256026838616,0.8232026642471195,29284,100,0.5,0.2,145,50,0.5282
33194.99999996768,33195.0,26651.75167786831,11695,0.3523120951954025,0.8028845210993902,25341,100,0.5,0.2,146,48,0.43375
37644.999999963504,37645.0,31135.49690463135,11968,0.3179173861073609,0.8270818675697047,28349,100,0.5,0.2,147,49,0.5157142857142857
41944.99999995319,41945.0,34361.81263404879,13859,0.330408868757074,0.819211172585222,31735,100,0.5,0.2,148,57,0.5187719298245613
31204.999999963817,31205.0,24939.236305441933,11125,0.35651337926655663,0.7992064190184538,23849,100,0.5,0.2,149,48,0.39229166666666665
38364.99999997117,38365.0,31851.965363200263,12105,0.31552196012013806,0.830234989266889,28865,100,0.5,0.2,150,47,0.5529787234042554
37694.9999999657,37695.0,30907.79622519768,12359,0.3278684175623092,0.8199441895536757,28493,100,0.5,0.2,151,50,0.5064
36794.99999997256,36795.0,30130.431750951095,12155,0.33034379671175607,0.8188729922808415,27836,100,0.5,0.2,152,48,0.50875
40364.99999995982,40365.0,33112.65464287005,13220,0.32751145794656655,0.820330847092853,30503,100,0.5,0.2,153,55,0.5089090909090909
37884.99999997663,37885.0,31032.381112296564,12503,0.33002507588775803,0.8191205255989364,28653,100,0.5,0.2,154,50,0.5102
35824.99999998025,35825.0,29380.541817656773,11766,0.32842986741120683,0.8201128211492803,27078,100,0.5,0.2,155,47,0.498936170212766
36904.99999997261,36905.0,30003.174123727804,12571,0.3406313507657317,0.8129839892629743,28037,100,0.5,0.2,156,49,0.5006122448979592
39304.99999996093,39305.0,32242.909414288224,12965,0.32985625238552063,0.8203258978328527,29729,100,0.5,0.2,157,51,0.5280392156862745
37284.99999996489,37285.0,30425.76256231498,12491,0.33501408072983135,0.8160322532477841,28260,100,0.5,0.2,158,49,0.5083673469387755
41854.9999999627,41855.0,34280.03949090379,13904,0.3321944809464195,0.8190189819838571,31694,100,0.5,0.2,159,55,0.536
35604.99999996152,35605.0,28790.947492196694,12276,0.3447830360908094,0.8086209097662634,27086,100,0.5,0.2,160,50,0.4646
42734.99999994589,42735.0,34954.59951847536,14176,0.3317187317191517,0.8179384466718058,32352,100,0.5,0.2,161,60,0.506
36424.99999997509,36425.0,29812.907229903594,12086,0.33180507892953376,0.8184737743287298,27576,100,0.5,0.2,162,47,0.5117021276595745
39444.99999994428,39445.0,32235.46831515454,13103,0.33218405374619114,0.8172257146710629,29862,100,0.5,0.2,163,55,0.49218181818181816
33434.99999996313,33435.0,27237.22044369685,11209,0.3352474951401932,0.814631985755253,25348,100,0.5,0.2,164,45,0.46799999999999997
44254.99999993549,44255.0,36440.034405804014,14361,0.3245057055704651,0.823410561650822,33407,100,0.5,0.2,165,60,0.5313333333333333
35234.99999998628,35235.0,29053.620729599297,11351,0.3221512700441158,0.824567070515414,26571,100,0.5,0.2,166,42,0.5442857142857143
38374.999999962456,38375.0,31549.735141490204,12517,0.3261758957657914,0.8221429352839367,28986,100,0.5,0.2,167,50,0.52
41644.9999999621,41645.0,34549.52557558397,13156,0.31590827230188434,0.8296200162232059,31330,100,0.5,0.2,168,53,0.5522641509433962
42284.99999994584,42285.0,34881.86244306606,13548,0.320397304008924,0.8249228436351126,31872,100,0.5,0.2,169,58,0.5156896551724138
37074.999999962165,37075.0,29974.335480513007,12749,0.3438705327043293,0.8084783676478381,28199,100,0.5,0.2,170,54,0.45740740740740743
35174.99999996972,35175.0,28681.92963345921,11774,0.33472636815949214,0.8154066704615183,26661,100,0.5,0.2,171,47,0.4851063829787234
38714.9999999672,38715.0,31429.680200383715,13196,0.3408497998194803,0.8118217796825609,29405,100,0.5,0.2,172,52,0.5065384615384615
36334.99999997312,36335.0,29521.913513503172,12359,0.34014036053417207,0.8124924594337418,27594,100,0.5,0.2,173,48,0.49916666666666665
35324.99999996364,35325.0,28528.486421441947,12231,0.3462420382169169,0.8076004648682608,26885,100,0.5,0.2,174,50,0.45899999999999996
35734.999999959866,35735.0,28880.119070015073,12349,0.3455715684906637,0.8081745926975656,27203,100,0.5,0.2,175,50,0.4672
32924.99999998064,32925.0,26829.243140632534,11087,0.33673500379670523,0.8148593209004802,24975,100,0.5,0.2,176,42,0.4892857142857143
31594.999999983775,31595.0,25675.092356199068,10712,0.33904098749819594,0.8126315035990584,23986,100,0.5,0.2,177,41,0.468780487804878
41944.9999999728,41945.0,34588.22874184884,13610,0.3244725235429449,0.8246091010101626,31664,100,0.5,0.2,178,53,0.5579245283018868
37504.999999972744,37505.0,30854.2664391602,12189,0.32499666711128805,0.8226707489450106,28316,100,0.5,0.2,179,48,0.5235416666666667
38824.999999956744,38825.0,31720.564110650877,12897,0.3321828718612844,0.8170138856583701,29400,100,0.5,0.2,180,54,0.4898148148148148
38214.99999996075,38215.0,31299.694047994562,12592,0.32950412141862967,0.8190421051426588,28901,100,0.5,0.2,181,52,0.4969230769230769
33794.99999997923,33795.0,27674.75505761748,11162,0.33028554519919695,0.8189008746156086,25570,100,0.5,0.2,182,43,0.4981395348837209
35804.99999996528,35805.0,29065.741131071758,12194,0.3405669599221289,0.8117788334338764,27206,100,0.5,0.2,183,49,0.47816326530612246
36524.99999996351,36525.0,29664.777725416636,12407,0.3396851471598192,0.812177350457119,27730,100,0.5,0.2,184,51,0.47352941176470587
37654.999999969456,37655.0,30498.737801728374,12939,0.3436197052187092,0.8099518736357221,28641,100,0.5,0.2,185,51,0.49568627450980396
42014.99999995026,42015.0,34304.04855840451,14046,0.3343091752949334,0.8164714639639443,31839,100,0.5,0.2,186,57,0.52
33564.99999998278,33565.0,27289.737036096347,11382,0.33910323253406344,0.8130414728470237,25481,100,0.5,0.2,187,44,0.48159090909090907
30484.999999984942,30485.0,24927.49541168246,10077,0.33055601115318933,0.8176970776347309,23065,100,0.5,0.2,188,38,0.47657894736842105
44704.99999993838,44705.0,36873.243110639516,14398,0.3220668828994485,0.8248125066701788,33717,100,0.5,0.2,189,61,0.53
39024.999999953114,39025.0,31700.441440108963,13275,0.3401665598979103,0.8123111195425253,29639,100,0.5,0.2,190,55,0.48454545454545456
33424.99999997252,33425.0,27276.446570235574,11167,0.33409124906534576,0.8160492616382349,25328,100,0.5,0.2,191,44,0.47840909090909095
32424.99999997713,32425.0,26458.26312324827,10821,0.3337239784119547,0.8159834425063047,24560,100,0.5,0.2,192,44,0.4556818181818182
33734.999999981635,33735.0,27433.82451462401,11443,0.33920260856695506,0.8132154887991387,25609,100,0.5,0.2,193,43,0.49674418604651166
33254.999999985186,33255.0,27114.823574926693,11191,0.3365208239364001,0.8153608051402427,25217,100,0.5,0.2,194,41,0.5092682926829268
38354.99999996159,38355.0,31453.701809137852,12624,0.32913570590568747,0.8200678349411902,28996,100,0.5,0.2,195,53,0.49018867924528303
42494.9999999415,42495.0,34745.33950757917,14170,0.33345099423507485,0.8176335923667961,32194,100,0.5,0.2,196,59,0.5105084745762712
36944.99999997074,36945.0,30424.994946567822,11915,0.32250642847501515,0.8235213140233297,27871,100,0.5,0.2,197,48,0.511875
30694.99999998387,30695.0,24914.443953244743,10448,0.34038116957177034,0.8116776006925505,23309,100,0.5,0.2,198,39,0.4697435897435897
34334.999999970765,34335.0,27935.110121471724,11567,0.33688655890519437,0.8136044887576965,26040,100,0.5,0.2,199,47,0.46723404255319145
39014.99999997407,39015.0,32127.197162196666,12708,0.32572087658614496,0.8234575717600415,29456,100,0.5,0.2,200,48,0.555
37874.99999995109,37875.0,30434.482704619993,13365,0.35287128712916854,0.8035506984728527,28914,100,0.5,0.2,201,54,0.4722222222222222
30044.999999986605,30045.0,24349.88331593239,10340,0.34415044100531234,0.8104471065383008,22847,100,0.5,0.2,202,37,0.4775675675675676
39494.999999963664,39495.0,32720.79487876322,12476,0.3158880870999235,0.8284794247067558,29721,100,0.5,0.2,203,51,0.5317647058823529
38844.99999995966,38845.0,31580.5647115118,13224,0.3404299137601682,0.8129891803718521,29510,100,0.5,0.2,204,52,0.5090384615384616
39554.99999994806,39555.0,32411.39548827668,13030,0.32941473897148554,0.8194007202204334,29915,100,0.5,0.2,205,54,0.5033333333333334
32094.999999975465,32095.0,26041.02950152006,10949,0.3411434802931413,0.8113734071207344,24385,100,0.5,0.2,206,42,0.4695238095238095
34864.99999996436,34865.0,28009.2234361913,12331,0.3536784741148029,0.8033622095574338,26628,100,0.5,0.2,207,48,0.46854166666666663
36694.999999963766,36695.0,29726.877863280897,12553,0.3420902030252731,0.8101070408314552,27890,100,0.5,0.2,208,52,0.4676923076923077
37594.99999997168,37595.0,31248.67305180439,11770,0.31307354701446644,0.8311922609875763,28260,100,0.5,0.2,209,45,0.5604444444444444
36244.999999979795,36245.0,30108.3537826133,11337,0.3127879707547612,0.8306898546731987,27240,100,0.5,0.2,210,44,0.5425
35554.99999996431,35555.0,28778.2662351029,12245,0.34439600618794236,0.8094013847597183,27047,100,0.5,0.2,211,48,0.48291666666666666
36404.99999997717,36405.0,29883.49724344438,11906,0.3270429886006721,0.8208624431661344,27508,100,0.5,0.2,212,47,0.5112765957446809
36884.999999971864,36885.0,30137.53685188408,12301,0.33349600108470606,0.8170675573243071,27941,100,0.5,0.2,213,49,0.5002040816326531
35054.999999969266,35055.0,28404.738293085473,12031,0.3432035372988318,0.810290637372996,26656,100,0.5,0.2,214,48,0.4725
37044.999999968706,37045.0,30168.98187706267,12470,0.3366176272104342,0.8143874173866421,28096,100,0.5,0.2,215,50,0.49340000000000006
38554.999999973355,38555.0,31895.828214652098,12331,0.3198288159773965,0.8272812401679196,29049,100,0.5,0.2,216,48,0.5454166666666667
41324.99999996181,41325.0,34275.243799249205,13044,0.3156442831218888,0.8294069884883456,31092,100,0.5,0.2,217,54,0.5361111111111111
33864.99999998408,33865.0,27809.487544708638,11068,0.32682710763340334,0.8211866985005672,25584,100,0.5,0.2,218,43,0.4997674418604651
33354.999999977146,33355.0,27066.489567343786,11412,0.3421376105533749,0.8114672333192124,25362,100,0.5,0.2,219,44,0.4768181818181818
39134.999999939886,39135.0,32004.31888819245,12966,0.3313146799545143,0.8177927402131496,29626,100,0.5,0.2,220,55,0.48654545454545456
42674.99999994076,42675.0,35322.22370543547,13545,0.317398945518894,0.827702957363433,32128,100,0.5,0.2,221,57,0.531578947368421
36564.99999995287,36565.0,29576.229433414966,12577,0.34396280596242884,0.8088672072597589,27810,100,0.5,0.2,222,52,0.4651923076923077
39364.99999996706,39365.0,32291.789165333204,12919,0.32818493585700015,0.8203172657274286,29761,100,0.5,0.2,223,52,0.5190384615384616
37384.99999996181,37385.0,30670.318346866305,12242,0.32745753644543285,0.820391021717203,28250,100,0.5,0.2,224,51,0.4903921568627451
38104.999999963955,38105.0,31115.907627742836,12760,0.33486419105135995,0.8165833257517982,28884,100,0.5,0.2,225,51,0.5045098039215686
34764.999999980195,34765.0,28481.48780346913,11488,0.33044728894021413,0.8192575234714613,26300,100,0.5,0.2,226,43,0.5206976744186046
33344.99999997259,33345.0,27140.810000789803,11211,0.33621232568628623,0.813939421226934,25284,100,0.5,0.2,227,46,0.4558695652173913
37054.99999996308,37055.0,30301.502561725934,12324,0.3325866954530368,0.817743963345193,28063,100,0.5,0.2,228,49,0.5036734693877551
41654.99999994008,41655.0,33964.46904482539,13990,0.33585403913143974,0.8153755622344075,31586,100,0.5,0.2,229,59,0.49627118644067797
39784.999999966385,39785.0,32802.93931187092,12831,0.32250848309691693,0.8245051982379951,30014,100,0.5,0.2,230,54,0.5075925925925926
42684.99999996242,42685.0,35334.282609072885,13598,0.31856624106857145,0.827791556966241,32147,100,0.5,0.2,231,55,0.5510909090909091
36784.999999977765,36785.0,30317.951406697644,11907,0.32369172216955816,0.8241933235480758,27760,100,0.5,0.2,232,46,0.5306521739130435
38494.99999996325,38495.0,31596.474763780803,12623,0.32791271593744775,0.8207942528590978,29090,100,0.5,0.2,233,50,0.5224
34874.999999968415,34875.0,28418.000237503093,11701,0.3355125448031712,0.8148530534058446,26438,100,0.5,0.2,234,47,0.4787234042553192
36104.99999998209,36105.0,29548.00344353539,11969,0.3315053316716781,0.8183908999736892,27330,100,0.5,0.2,235,46,0.5158695652173914
39854.99999995978,39855.0,32484.46332476478,13416,0.33662024840079136,0.8150661980880081,30229,100,0.5,0.2,236,54,0.5088888888888888
35734.99999996626,35735.0,28882.227710107807,12321,0.34478802294701644,0.8082336003955527,27196,100,0.5,0.2,237,51,0.45803921568627454
35274.99999997797,35275.0,28963.621795262785,11553,0.32751240255158653,0.821080702913703,26659,100,0.5,0.2,238,44,0.5204545454545455
39614.999999961765,39615.0,32478.54749674079,13025,0.3287895998993455,0.8198547897708478,29954,100,0.5,0.2,239,54,0.5044444444444445
36614.999999963475,36615.0,29820.775434223393,12318,0.3364195002051697,0.8144414975898714,27766,100,0.5,0.2,240,50,0.48479999999999995
30774.999999976117,30775.0,24786.29333924543,10690,0.34735987002464,0.8054035203660329,23435,100,0.5,0.2,241,44,0.4181818181818182
35684.999999977845,35685.0,29108.957856628746,11951,0.33490262014872973,0.8157197101484326,27045,100,0.5,0.2,242,47,0.4959574468085106
33944.99999996739,33945.0,27388.378329113883,11843,0.3488879069085691,0.8068457307155751,25870,100,0.5,0.2,243,46,0.46891304347826085
38814.99999994786,38815.0,31337.49906258517,13525,0.348447765039757,0.8073553796889673,29572,100,0.5,0.2,244,55,0.4807272727272727
43174.99999995693,43175.0,35516.478393803634,14060,0.32565141864537406,0.8226167549238925,32604,100,0.5,0.2,245,57,0.5403508771929825
39704.999999952204,39705.0,32227.02061155522,13523,0.3405868278558438,0.8116615189924195,30157,100,0.5,0.2,246,56,0.4880357142857143
37194.9999999656,37195.0,30337.46969505438,12492,0.3358515929563531,0.8156330069924033,28198,100,0.5,0.2,247,49,0.5065306122448979
36944.99999996962,36945.0,30215.31676978784,12241,0.33133035593476967,0.8178458998460599,27957,100,0.5,0.2,248,49,0.5014285714285714
32974.99999996543,32975.0,26531.179534627452,11526,0.34953752843099567,0.8045846712556562,25131,100,0.5,0.2,249,47,0.43829787234042555
38094.99999997705,38095.0,31304.447247937103,12448,0.32676204226296096,0.8217468761768201,28781,100,0.5,0.2,250,49,0.5248979591836735
35514.99999995548,35515.0,28738.25581864843,12232,0.3444178516124267,0.8091864231644222,27016,100,0.5,0.2,251,50,0.4628
34234.99999997936,34235.0,28040.0406115811,11309,0.33033445304532844,0.8190460234145759,25907,100,0.5,0.2,252,42,0.5204761904761905
42024.99999994501,42025.0,34396.794727083616,13919,0.33120761451560293,0.818484110104191,31810,100,0.5,0.2,253,58,0.5112068965517241
33304.99999997505,33305.0,26966.985510045706,11427,0.3431016363911893,0.8096978084391505,25331,100,0.5,0.2,254,46,0.455
34814.99999997879,34815.0,28346.44064956093,11732,0.33698118627049106,0.8142019431158466,26405,100,0.5,0.2,255,46,0.48782608695652174
36054.99999997327,36055.0,29583.851295915047,11815,0.32769380113739455,0.820520074772902,27250,100,0.5,0.2,256,48,0.49333333333333335
39444.999999963824,39445.0,32558.566729789258,12600,0.31943212067464966,0.8254168267161648,29722,100,0.5,0.2,257,53,0.5107547169811321
31824.999999969714,31825.0,25800.18967951221,10823,0.34007855459576747,0.810689385060071,24166,100,0.5,0.2,258,45,0.43222222222222223
37974.999999965956,37975.0,31009.940946386138,12701,0.33445687952630376,0.8165883066863446,28775,100,0.5,0.2,259,51,0.5019607843137255
36584.99999994998,36585.0,29352.90407264276,12970,0.3545168785026031,0.8023207345273443,27954,100,0.5,0.2,260,54,0.44833333333333336
34264.99999997026,34265.0,27746.715976828167,11759,0.3431781701447601,0.8097684510973953,26056,100,0.5,0.2,261,47,0.4657446808510638
37854.99999997079,37855.0,31017.531453978805,12472,0.3294677057194459,0.8193773993924909,28631,100,0.5,0.2,262,50,0.5096
37434.99999997491,37435.0,30876.860713142127,11996,0.3204487778818763,0.8248126275721336,28217,100,0.5,0.2,263,49,0.5114285714285715
40384.999999963366,40385.0,33358.86205340447,12918,0.31987123932182043,0.826021098265067,30435,100,0.5,0.2,264,53,0.5284905660377358
32084.999999980177,32085.0,25994.120056259995,10979,0.3421848215679222,0.8101642529616973,24391,100,0.5,0.2,265,43,0.4583720930232558
37174.999999976644,37175.0,30869.170502280755,11735,0.3156691324817047,0.8303744587034337,27967,100,0.5,0.2,266,43,0.5767441860465117
29494.999999982483,29495.0,23930.51749334706,10064,0.3412103746399721,0.811341498333998,22407,100,0.5,0.2,267,38,0.4505263157894737
38084.99999996618,38085.0,31004.85006411769,12873,0.33800708940557783,0.814096102511362,28898,100,0.5,0.2,268,50,0.5142
36994.99999996253,36995.0,30477.556783610737,11881,0.32115150696072536,0.8238290791631736,27897,100,0.5,0.2,269,51,0.48274509803921567
34104.99999998682,34105.0,27977.434791264193,11210,0.3286908077995699,0.8203323498394665,25793,100,0.5,0.2,270,42,0.5173809523809524
38134.999999953776,38135.0,30781.35519267921,13286,0.3483938639049719,0.807168092112666,29061,100,0.5,0.2,271,53,0.48603773584905663
40024.99999996544,40025.0,32828.99613905825,13125,0.32792004996905266,0.8202122708079099,30254,100,0.5,0.2,272,54,0.5120370370370371
32394.999999983538,32395.0,26598.607435339312,10598,0.3271492514278557,0.8210713824773215,24481,100,0.5,0.2,273,41,0.48829268292682926
37234.99999995447,37235.0,30408.98678841244,12393,0.3328320128915041,0.8166775020397374,28197,100,0.5,0.2,274,50,0.4972
37904.99999998119,37905.0,31661.07006244421,11582,0.3055533570770544,0.8352742398749484,28413,100,0.5,0.2,275,46,0.555
36504.99999997406,36505.0,29831.868153014155,12192,0.3339816463500524,0.8171995111090358,27659,100,0.5,0.2,276,46,0.5245652173913044
33444.999999974665,33445.0,27007.851960104763,11570,0.3459410973242268,0.8075303321909171,25456,100,0.5,0.2,277,46,0.45804347826086955
35074.99999997524,35075.0,28692.593774333083,11571,0.3298930862439962,0.8180354604234736,26534,100,0.5,0.2,278,47,0.48297872340425535
40524.99999994937,40525.0,33034.323627061494,13639,0.3365576804445908,0.8151591271339363,30736,100,0.5,0.2,279,56,0.5026785714285714
35284.99999995925,35285.0,28281.397198481776,12504,0.3543715459831215,0.8015133115633963,26951,100,0.5,0.2,280,51,0.4492156862745098
39444.999999953274,39445.0,32464.7211215141,12780,0.3239954366843742,0.8230376757904058,29764,100,0.5,0.2,281,53,0.5107547169811321
34764.99999995269,34765.0,27878.63604084873,12302,0.35386164245697516,0.8019167565334868,26547,100,0.5,0.2,282,50,0.44780000000000003
35294.99999997698,35295.0,28919.167821687985,11661,0.33038674033170723,0.8193559377165844,26697,100,0.5,0.2,283,45,0.5093333333333333
40634.99999995773,40635.0,33259.4321583782,13474,0.3315860711212998,0.8184922396557844,30750,100,0.5,0.2,284,55,0.5138181818181818
36414.999999980544,36415.0,30263.487034692724,11390,0.312783193739011,0.8310720042484936,27366,100,0.5,0.2,285,44,0.5463636363636364
35704.999999975735,35705.0,29509.586704984507,11376,0.31861083881830926,0.8264833134016122,26894,100,0.5,0.2,286,46,0.5071739130434783
36844.99999997333,36845.0,30290.974191972437,12079,0.327832813136348,0.8221189901477639,27847,100,0.5,0.2,287,47,0.5206382978723404
36694.99999996343,36695.0,29873.018218759764,12407,0.3381114593272207,0.8140896094505936,27843,100,0.5,0.2,288,50,0.4864
34614.99999995902,34615.0,28233.495134295634,11558,0.33390148779470413,0.8156433665846904,26223,100,0.5,0.2,289,47,0.47319148936170213
40884.99999996739,40885.0,34068.16883100954,12613,0.3084994496761663,0.833268162676696,30682,100,0.5,0.2,290,53,0.5379245283018868
37694.99999997598,37695.0,30958.872193586663,12324,0.32693991245544113,0.821299169481533,28484,100,0.5,0.2,291,48,0.5275
39814.99999993057,39815.0,32183.043633206224,13684,0.34368956423518426,0.8083145456049816,30283,100,0.5,0.2,292,61,0.44983606557377054
38364.999999962296,38365.0,31309.4090889333,12857,0.33512315912974416,0.8160930298179088,29085,100,0.5,0.2,293,51,0.5096078431372549
37734.99999997274,37735.0,31351.355273715577,11748,0.3113290049028352,0.8308296084202524,28352,100,0.5,0.2,294,49,0.5175510204081633
38744.99999995357,38745.0,31501.368501983805,13134,0.33898567557144765,0.8130434508200168,29408,100,0.5,0.2,295,54,0.48833333333333334
39944.999999968924,39945.0,32745.312145380794,13134,0.32880210289173156,0.8197599735988551,30203,100,0.5,0.2,296,53,0.520188679245283
34604.99999997983,34605.0,28150.250576133276,11747,0.33945961566267435,0.8134735031397106,26271,100,0.5,0.2,297,44,0.5052272727272727
31484.99999997735,31485.0,25043.674400917163,11490,0.3649356836591477,0.7954160521179984,24164,100,0.5,0.2,298,43,0.4444186046511628
38114.999999956926,38115.0,31085.693614554653,12755,0.3346451528273492,0.8155763771373418,28884,100,0.5,0.2,299,52,0.495
38024.99999998323,38025.0,31484.991464174454,12105,0.3183431952664126,0.828007665067412,28633,100,0.5,0.2,300,46,0.5576086956521739
42194.999999958614,42195.0,34885.471438661436,13541,0.3209148003321076,0.8267678975872889,31811,100,0.5,0.2,301,54,0.5522222222222222
34354.99999995756,34355.0,27271.565915771982,12560,0.3655945277256736,0.7938165016971525,26363,100,0.5,0.2,302,52,0.42269230769230764
34574.99999998014,34575.0,28263.34795276647,11515,0.33304410701392956,0.8174504107818571,26189,100,0.5,0.2,303,44,0.5045454545454545
33024.999999975655,33025.0,26773.5193334584,11271,0.34128690386096316,0.8107045975315106,25089,100,0.5,0.2,304,44,0.4693181818181818
34134.99999998379,34135.0,28267.531330118945,10795,0.316244324007767,0.828109896883913,25690,100,0.5,0.2,305,42,0.518095238095238
41544.99999995977,41545.0,34089.13708936904,13741,0.3307497893853245,0.8205352530846564,31434,100,0.5,0.2,306,52,0.5609615384615385
38784.99999995543,38785.0,31943.851168851234,12493,0.3221090627823735,0.8236135405153524,29256,100,0.5,0.2,307,53,0.4983018867924528
35924.999999977015,35925.0,29783.000814204373,11263,0.3135142658317942,0.8290327296930668,27010,100,0.5,0.2,308,48,0.490625
37854.999999972715,37855.0,31034.128914771987,12423,0.32817329282813246,0.8198158477029285,28613,100,0.5,0.2,309,51,0.4996078431372549
36644.99999995083,36645.0,29651.280199982095,12614,0.34422158548279236,0.8091494119258257,27874,100,0.5,0.2,310,53,0.4579245283018868
43384.99999992207,43385.0,35373.071360793685,14580,0.33606085052497847,0.8153295231268233,32905,100,0.5,0.2,311,61,0.508360655737705
34884.999999960404,34885.0,28075.836185203498,12166,0.3487458793181542,0.8048111275687363,26576,100,0.5,0.2,312,52,0.4328846153846154
36184.999999957814,36185.0,29323.992352648493,12375,0.34199253834501664,0.8103908346741102,27503,100,0.5,0.2,313,53,0.44924528301886796
31654.99999996362,31655.0,25083.916311028424,11644,0.3678407834469557,0.7924156155759675,24313,100,0.5,0.2,314,45,0.4284444444444444
30814.99999998774,30815.0,25171.214660788886,10286,0.3337984747689142,0.8168494129741652,23337,100,0.5,0.2,315,36,0.5122222222222222
37674.999999964806,37675.0,30866.19246843343,12459,0.33069674850727643,0.819275181644652,28513,100,0.5,0.2,316,50,0.506
40144.999999940475,40145.0,32465.12155370986,13854,0.34509901606726967,0.8086965139807697,30549,100,0.5,0.2,317,58,0.47879310344827586
37224.99999996323,37225.0,30386.708237293158,12448,0.33439892545365474,0.8162984079871908,28207,100,0.5,0.2,318,51,0.4872549019607843
40244.999999955646,40245.0,33005.04836381517,13217,0.3284134675118541,0.8201030777450999,30423,100,0.5,0.2,319,55,0.5067272727272727
34754.9999999658,34755.0,28002.143801833434,12153,0.3496763055678883,0.8057011595989351,26501,100,0.5,0.2,320,48,0.46625
36634.99999995549,36635.0,29643.79323733692,12612,0.3442609526413354,0.8091659133990154,27873,100,0.5,0.2,321,53,0.4577358490566038
37144.99999997367,37145.0,30758.960767535773,11732,0.31584331673195093,0.8280780930827185,27954,100,0.5,0.2,322,48,0.5160416666666666
33804.99999996659,33805.0,27180.66606061663,11896,0.35190060641951654,0.8040427765313857,25805,100,0.5,0.2,323,46,0.4658695652173913
37114.99999997098,37115.0,30479.883488929096,12113,0.32636400377231495,0.8212281689061814,28038,100,0.5,0.2,324,48,0.5154166666666666
35194.99999996906,35195.0,28742.9620515809,11721,0.33303025998040353,0.8166774272369987,26660,100,0.5,0.2,325,48,0.47541666666666665
36264.99999996751,36265.0,29804.2471385975,11742,0.3237832620987321,0.8218460537329161,27372,100,0.5,0.2,326,50,0.4778
32004.99999998404,32005.0,25919.081918528773,10980,0.34307139509468754,0.8098447717088485,24334,100,0.5,0.2,327,42,0.4673809523809524
36684.999999968044,36685.0,29944.86145398912,12221,0.33313343328364853,0.8162699047026089,27783,100,0.5,0.2,328,49,0.49612244897959185
36154.99999995895,36155.0,29375.595440742552,12239,0.33851472825373796,0.8124905390893626,27447,100,0.5,0.2,329,52,0.45730769230769236
37904.99999996459,37905.0,31139.678988362197,12352,0.3258672998288231,0.8215190341219176,28626,100,0.5,0.2,330,51,0.5005882352941177
44524.99999993014,44525.0,36382.22213521517,14838,0.33325098259457114,0.8171189699106626,33725,100,0.5,0.2,331,64,0.50234375
35814.99999996728,35815.0,28741.14207018541,12728,0.35538182325873596,0.8024889591012612,27374,100,0.5,0.2,332,49,0.47836734693877553
30024.999999985463,30025.0,24235.19212837996,10431,0.3474104912574538,0.8071670983644195,22863,100,0.5,0.2,333,40,0.44125
37654.999999977575,37655.0,31181.813730103888,11912,0.3163457708141573,0.8280922514970777,28342,100,0.5,0.2,334,49,0.5159183673469387
34244.999999975626,34245.0,27631.637075985516,11873,0.3467075485474799,0.8068809191416318,26079,100,0.5,0.2,335,47,0.4653191489361702
37174.9999999626,37175.0,30432.808570657133,12249,0.3294956287831156,0.8186364107784196,28113,100,0.5,0.2,336,50,0.496
42674.999999929794,42675.0,34764.89950361371,14357,0.33642647920383406,0.8146432221129679,32362,100,0.5,0.2,337,62,0.4887096774193548
36144.99999998336,36145.0,29646.640914262873,11851,0.32787384147200044,0.8202141627964178,27319,100,0.5,0.2,338,48,0.49520833333333336
35364.9999999727,35365.0,29014.612654640714,11604,0.328121023611168,0.8204329889626215,26733,100,0.5,0.2,339,46,0.49978260869565216
38974.99999996374,38975.0,31985.082264991233,12780,0.3279025016038971,0.8206563762673763,29458,100,0.5,0.2,340,53,0.5018867924528302
43594.99999993504,43595.0,35535.11034873218,14636,0.33572657414891177,0.8151189436583354,33051,100,0.5,0.2,341,62,0.5035483870967742
39244.99999995941,39245.0,31923.754752502617,13330,0.33966110332561567,0.813447694038365,29799,100,0.5,0.2,342,52,0.5167307692307692
37404.99999995393,37405.0,30378.54353813008,12710,0.33979414516817685,0.8121519459475337,28411,100,0.5,0.2,343,53,0.47226415094339624
36164.99999996771,36165.0,29370.44343380888,12318,0.3406055578601133,0.8121234186045929,27476,100,0.5,0.2,344,49,0.4855102040816327
39384.9999999606,39385.0,32417.35380159895,12806,0.325149168465477,0.8230888358926337,29733,100,0.5,0.2,345,51,0.529607843137255
40144.99999995427,40145.0,32806.35635814724,13363,0.3328683522235701,0.8171965713833507,30402,100,0.5,0.2,346,57,0.48719298245614034
38704.99999996414,38705.0,32012.642932100374,12367,0.3195194419328629,0.8270932161769806,29161,100,0.5,0.2,347,49,0.5373469387755102
43374.99999994632,43375.0,35562.12152694175,14263,0.32882997118196317,0.8198760006221502,32801,100,0.5,0.2,348,61,0.5081967213114754
37374.99999997382,37375.0,30978.291390887312,11782,0.31523745819420074,0.8288506057768297,28115,100,0.5,0.2,349,47,0.5319148936170213
37354.99999997155,37355.0,30706.859290696077,12147,0.3251773524296413,0.8220280896993565,28208,100,0.5,0.2,350,50,0.4996
39084.99999996099,39085.0,31957.541011443802,12995,0.33248049123737927,0.8176420880510604,29588,100,0.5,0.2,351,53,0.5039622641509434
39384.999999954074,39385.0,32069.852314873264,13253,0.3364986670055974,0.8142656421203671,29872,100,0.5,0.2,352,55,0.4910909090909091
35994.999999968895,35995.0,29099.79755081841,12464,0.3462703153218717,0.8084399930780263,27405,100,0.5,0.2,353,48,0.4920833333333334
38774.9999999612,38775.0,31481.811216925584,13235,0.34132817537107013,0.8119100249376425,29466,100,0.5,0.2,354,53,0.4981132075471698
38594.99999997777,38595.0,31706.00838167536,12670,0.3282808653972612,0.8215055935145387,29180,100,0.5,0.2,355,49,0.5351020408163265
36744.99999997539,36745.0,30188.345723123377,12025,0.3272554088993891,0.8215633616313401,27772,100,0.5,0.2,356,48,0.5077083333333333
33884.99999997448,33885.0,27618.0960150935,11332,0.3344252619155536,0.8150537410392297,25683,100,0.5,0.2,357,47,0.45765957446808514
39394.99999995456,39395.0,32045.426623744625,13323,0.3381901256508533,0.813438929401741,29891,100,0.5,0.2,358,55,0.49127272727272725
41714.99999994924,41715.0,34407.70985545615,13418,0.3216588757045745,0.8248282357784494,31458,100,0.5,0.2,359,56,0.5239285714285714
35904.9999999581,35905.0,29182.024561331862,12148,0.3383372789309059,0.8127565676470107,27245,100,0.5,0.2,360,50,0.4706
34644.999999971464,34645.0,28163.25207604396,11744,0.33898109395323056,0.8129095706759173,26297,100,0.5,0.2,361,46,0.4841304347826087
34424.99999998689,34425.0,28187.4721729252,11367,0.3301960784314983,0.8188081967446895,26048,100,0.5,0.2,362,45,0.49
37294.99999996138,37295.0,30395.522984450417,12560,0.33677436653741805,0.815002627281992,28279,100,0.5,0.2,363,50,0.4984
38864.99999994777,38865.0,31797.786047105743,12862,0.3309404348389884,0.8181599394609153,29406,100,0.5,0.2,364,53,0.499811320754717
39044.99999994705,39045.0,31633.48016734059,13349,0.3418875656298656,0.8101800529487383,29679,100,0.5,0.2,365,57,0.46789473684210525
35974.99999995928,35975.0,28865.7407231871,12722,0.3536344683812203,0.802383341854615,27465,100,0.5,0.2,366,52,0.45384615384615384
36034.99999994573,36035.0,29051.88509370262,12566,0.3487165256006362,0.8062129899749237,27469,100,0.5,0.2,367,52,0.455
39894.999999958585,39895.0,32872.85685026204,12875,0.32272214563261975,0.823984380255575,30093,100,0.5,0.2,368,52,0.5292307692307692
36244.99999996453,36245.0,29492.98251276725,12231,0.3374534418543791,0.8137117536983338,27501,100,0.5,0.2,369,50,0.47740000000000005
34104.99999997701,34105.0,27695.330066620973,11571,0.3392757660169418,0.8120606968667247,25886,100,0.5,0.2,370,45,0.4828888888888889
35024.999999978354,35025.0,28410.386085005637,11984,0.3421556031408253,0.8111459267672575,26623,100,0.5,0.2,371,47,0.4819148936170212
38974.99999994801,38975.0,31691.98774923218,13164,0.33775497113579367,0.813136311719678,29574,100,0.5,0.2,372,57,0.4666666666666666
43604.999999925145,43605.0,35429.81664496577,14833,0.34016741199462136,0.8125172949209172,33119,100,0.5,0.2,373,62,0.5037096774193548
36914.99999997486,36915.0,30024.87547849035,12509,0.3388595421917518,0.8133516315457348,28028,100,0.5,0.2,374,49,0.5008163265306123
33994.9999999822,33995.0,27641.184263689993,11510,0.33857920282412196,0.8130955806355189,25804,100,0.5,0.2,375,44,0.49136363636363634
30554.99999997182,30555.0,24702.87245441334,10516,0.34416625756863684,0.8084723434605179,23233,100,0.5,0.2,376,42,0.43285714285714283
38064.99999995279,38065.0,30925.613130506485,12923,0.339498226717878,0.8124422206894742,28904,100,0.5,0.2,377,55,0.4670909090909091
30044.999999993124,30045.0,24431.13009051678,10179,0.33879181228165517,0.8131512761032575,22806,100,0.5,0.2,378,36,0.49083333333333334
34954.999999977845,34955.0,28442.995754649663,11784,0.3371191531971812,0.8137032114051692,26517,100,0.5,0.2,379,47,0.4804255319148936
45134.99999995978,45135.0,37347.05781581101,14404,0.3191314944059563,0.8274522613458356,34002,100,0.5,0.2,380,59,0.5552542372881356
37834.9999999722,37835.0,31254.14816466156,12128,0.3205497555176136,0.8260644420426728,28510,100,0.5,0.2,381,47,0.5417021276595745
35224.999999961154,35225.0,28410.987971178023,12302,0.34924059616787984,0.8065575009569724,26861,100,0.5,0.2,382,49,0.4663265306122449
38864.99999994383,38865.0,31473.428435703234,13322,0.34277627685627826,0.8098141884921838,29536,100,0.5,0.2,383,58,0.45672413793103445
38484.99999996305,38485.0,31415.299258454357,12857,0.3340782122908235,0.8162998378195275,29160,100,0.5,0.2,384,52,0.5021153846153846
34734.99999997397,34735.0,28249.617298272773,11728,0.33764214768990325,0.8132896875858341,26352,100,0.5,0.2,385,46,0.48608695652173917
37954.999999972606,37955.0,31257.166498239516,12264,0.32311948359923204,0.8235322486697951,28640,100,0.5,0.2,386,50,0.5115999999999999
37134.99999997513,37135.0,30392.007625341295,12348,0.33251649387392673,0.8184194863433862,28120,100,0.5,0.2,387,47,0.5268085106382978
35394.9999999757,35395.0,28806.65144543714,12009,0.33928520977562493,0.8138621682570114,26868,100,0.5,0.2,388,44,0.5231818181818182
38814.99999997732,38815.0,31884.772972358256,12699,0.3271673322171176,0.8214549265071979,29335,100,0.5,0.2,389,50,0.5288
38784.99999997285,38785.0,32093.95624566371,12341,0.3181900219159118,0.8274837242667571,29211,100,0.5,0.2,390,49,0.5389795918367347
37204.99999997641,37205.0,30527.91849273186,12244,0.32909555167337085,0.8205326835842284,28139,100,0.5,0.2,391,47,0.5282978723404256
31884.999999986805,31885.0,25954.317126433645,10772,0.33783910929918326,0.8139977144878277,24190,100,0.5,0.2,392,40,0.48774999999999996
30384.99999998221,30385.0,24824.529753840285,10110,0.33272996544367023,0.8169994982344847,23008,100,0.5,0.2,393,38,0.4739473684210526
42884.99999994867,42885.0,35025.80730685825,14276,0.33289028797987846,0.8167379574886365,32479,100,0.5,0.2,394,62,0.4920967741935484
39034.999999959466,39035.0,31757.198829525016,13160,0.33713334187302846,0.8135570341887535,29619,100,0.5,0.2,395,55,0.4847272727272728
41594.99999995015,41595.0,33844.6682285015,14065,0.3381416035585252,0.8136715525554047,31569,100,0.5,0.2,396,58,0.5037931034482759
32404.99999998799,32405.0,26438.77753413572,10836,0.3343928406111407,0.8158857439946156,24558,100,0.5,0.2,397,41,0.48853658536585365
41534.999999949265,41535.0,33895.77595361001,13904,0.33475382207817467,0.8160774275587196,31482,100,0.5,0.2,398,58,0.5027586206896552
33494.99999997639,33495.0,27095.74537633168,11536,0.3444096133753734,0.8089489588401487,25487,100,0.5,0.2,399,45,0.4693333333333333
