N,i,j,mfpt,sd,mode,mode_interp,f_mode,G_tt,G_st,tau_rel,median,chi_mfpt,chi_mode,chi_sd
25,-1,-1,6525.223799865861,5948.323908221603,1228,1228.091426455579,0.0001445394509561258,1.8675770126904605,-0.22049460326522502,316.5454314836312,4710,0.0,0.0,0.0
25,0,1,6513.335898810299,5936.4606285286045,1225,1224.5145535899903,0.00014491649463869015,1.866882015962085,-0.22072564391163946,316.64672912935254,4701,-0.0018218380579998472,-0.002912546076404121,-0.0019943903318044853
25,0,2,6514.864486736493,5936.545318792464,1227,1226.7742429716027,0.00014488988476153301,1.866896625793552,-0.22120096610771178,316.79823089664194,4703,-0.0015875797439439676,-0.001072545134345515,-0.0019801526633173028
25,0,3,6515.785955402107,5936.661100519049,1229,1228.5295132188874,0.00014485653595789694,1.8669182521634202,-0.22147468225890893,317.054034683155,4704,-0.001446363336066403,0.0003567216201261214,-0.0019606880665046234
25,0,4,6516.425016941922,5936.80151556045,1230,1230.0133095326084,0.0001448195316307771,1.8669460289624211,-0.22165173287646675,317.4304820799182,4705,-0.0013484262293226301,0.0015649348538946395,-0.001937082250216271
25,0,5,6516.892203940378,5936.960300329221,1231,1231.2691501539769,0.00014478139902104618,1.8669789063221938,-0.2217685949392801,317.91610939798744,4705,-0.001276829145025582,0.00258753023589553,-0.001910388214850789
25,0,6,6517.233393364613,5937.131057474629,1232,1232.2980299849094,0.00014474433114483996,1.8670156570208278,-0.22184119982534592,318.47187788212517,4705,-0.0012245413715024078,0.003425317886528223,-0.0018816814483662014
25,0,7,6517.4724194858945,5937.307247719771,1233,1233.0948037833762,0.00014471013547070715,1.8670549067922988,-0.22187856099020886,319.04706360059816,4706,-0.0011879102721543688,0.004074108181210567,-0.0018520612985793994
25,0,8,6517.623730244219,5937.482311862624,1234,1233.657936465535,0.00014468023204517526,1.8670951809025451,-0.22188678391790684,319.59192646469984,4706,-0.0011647216792469717,0.004532651144729005,-0.001822630463010677
25,0,9,6517.697083603533,5937.649862409642,1234,1233.9935802655139,0.0001446557041517438,1.8671349624694957,-0.2218705130430842,320.0630741743344,4706,-0.0011534801706697406,0.004805956366757735,-0.0017944627724807427
25,0,10,6517.6998148210105,5937.803920218157,1234,1234.1127525993115,0.00014463724154501078,1.8671727601695385,-0.2218335907331077,320.425453281137,4706,-0.0011530616076348421,0.004902995016511813,-0.001768563408072965
25,0,11,6517.6381770138005,5937.939179074057,1234,1234.0331239799564,0.00014462521406274713,1.8672071828782228,-0.22177941231707052,320.65335538075794,4706,-0.0011625076908805543,0.004838155691328172,-0.0017458244217656294
25,0,12,6517.518237400673,5938.051280732072,1234,1233.7767389553576,0.00014461965681219704,1.8672370178190358,-0.22171113519256597,320.7310824238764,4705,-0.0011808886103411576,0.004629388641028909,-0.001726978498150178
25,0,13,6517.346511164058,5938.137079834482,1233,1233.3697606965263,0.00014462030917498022,1.8672613074893645,-0.22163180506181904,320.6533553808954,4705,-0.0012072059048710004,0.004297997793357489,-0.0017125544177312158
25,0,14,6517.130405619277,5938.1948744536285,1233,1232.8417244348789,0.00014462664729980956,1.8672794193008737,-0.2215444286525449,320.4254532811027,4705,-0.0012403243926669694,0.003868032849158265,-0.001702838299369458
25,0,15,6516.878499467662,5938.224575118714,1232,1232.2230723461214,0.00014463788173683204,1.8672911008066742,-0.22145200799562517,320.0630741745626,4705,-0.0012789293753221465,0.003364282008275765,-0.00169784518441074
25,0,16,6516.6006594475175,5938.227784477776,1232,1231.5459080606825,0.00014465303770078473,1.8672965129150074,-0.22135754459884976,319.5919264643017,4704,-0.0013215087608980935,0.002812886345989307,-0.0016973056443466694
25,0,17,6516.307988081557,5938.207762364058,1231,1230.843292124909,0.00014467100672183486,1.867296233940708,-0.2212640186482271,319.0470636011083,4704,-0.001366361071705735,0.0022407661270564816,-0.001700671653667496
25,0,18,6516.012597111949,5938.169257922386,1230,1230.1455718848613,0.00014469053231062703,1.8672912289826824,-0.22117434701332142,318.47187788198966,4704,-0.0014116301657119967,0.0016726323342315386,-0.001707144811865624
25,0,19,6515.727208904594,5938.1182017018855,1229,1229.4823713431254,0.00014471033424669108,1.86728278200703,-0.22109132340974946,317.9161093981,4703,-0.0014553663219125657,0.0011326069522044069,-0.0017157281071414898
25,0,20,6515.464598560807,5938.061264829744,1229,1228.882264089956,0.0001447291801582812,1.8672723918084577,-0.2210175436263108,317.4304820797499,4703,-0.0014956117375246603,0.0006439566447096201,-0.0017253000257223539
25,0,21,6515.236889806041,5938.00530354278,1228,1228.368068992746,0.0001447458547499614,1.8672616361872527,-0.22095531567229082,317.0540346827744,4703,-0.001530508434059441,0.00022526216795215603,-0.001734707934206714
25,0,22,6515.0546436295035,5937.9566881028395,1228,1227.961366987761,0.00014475935676642207,1.8672520042927347,-0.22090653533066748,316.7982308966308,4703,-0.0015584379246220692,-0.0001059037340512825,-0.0017428808986736932
25,0,23,6514.925136731771,5937.920318952044,1228,1227.6758229088398,0.0001447688841963037,1.8672446497768895,-0.22087238122549463,316.64672912914034,4703,-0.0015782850443079033,-0.0003384141748621339,-0.0017489950833342593
25,0,24,6514.846954928813,5937.897487396936,1228,1227.5125401087546,0.00014477417749767587,1.8672398758564686,-0.22085209687576576,316.5719456494644,4703,-0.0015902665188681775,-0.0004713707256268629,-0.0017528334007258506
25,1,0,6513.335898810392,5936.460628528704,1225,1224.5145535899946,0.00014491649463870205,1.866882015962085,-0.22072564391163219,316.6467291293972,4701,-0.0018218380579856364,-0.0029125460764005684,-0.001994390331787832
25,1,1,6512.759799832783,5936.487150337917,1224,1224.0715849347268,0.00014491025421028088,1.8668875235827633,-0.2205354891827315,316.67830473357844,4701,-0.0019101260608616055,-0.0032732428826198756,-0.001989931628861963
25,1,2,6513.910524768951,5936.558962645888,1226,1225.7467810928788,0.00014488986347253077,1.8669008125483955,-0.22089102231199925,316.7889516259748,4702,-0.001733775797412851,-0.0019091781867308644,-0.0019778589325732954
25,1,3,6514.850692598244,5936.661846437949,1227,1227.3585908262492,0.00014486213376493134,1.8669206591323018,-0.22117251157083878,316.98066926951236,4703,-0.0015896937156133495,-0.0005967272578759619,-0.001960562666659005
25,1,4,6515.532908781311,5936.78873864954,1229,1228.7495263261405,0.00014483046046170062,1.8669462621502302,-0.22136556758591477,317.26758384528944,4704,-0.001485143097275765,0.0005358720502275371,-0.0019392302352800872
25,1,5,6516.035042131983,5936.933758389477,1230,1229.9285202629164,0.0001447973267356465,1.8669767245838427,-0.22149604532880512,317.6477626971779,4704,-0.0014081904338770768,0.0014958933575812683,-0.0019148503020125496
25,1,6,6516.408823895245,5937.091209547747,1231,1230.9018614501033,0.0001447647391884231,1.8670110049419868,-0.22158156681787872,318.0944188657939,4704,-0.0013509078371836125,0.002288457466587346,-0.0018883804660217995
25,1,7,6516.6832865649785,5937.255376390423,1232,1231.6696588853374,0.00014473433387862084,1.8670479343170039,-0.2216326062472527,318.56565797102604,4705,-0.0013088460354506726,0.0029136531309281732,-0.0018607816255401533
25,1,8,6516.875307089771,5937.420557399057,1232,1232.2332216049094,0.00014470741877299504,1.867086252894843,-0.22165583270930278,319.0176257956725,4705,-0.0012794186118584294,0.0033725462617095747,-0.0018330122889703704
25,1,9,6516.995571244166,5937.581194943646,1233,1232.5967785743983,0.00014468494816814593,1.8671246568208635,-0.2216559749867222,319.4114571270422,4705,-0.0012609879559785098,0.003668580385600695,-0.0018060067749688935
25,1,10,6517.051624290512,5937.732056004287,1233,1232.7708310040764,0.00014466759271547036,1.8671618529743055,-0.221636744553308,319.7157834799517,4705,-0.0012523977454255153,0.003810306340141789,-0.001780644830500333
25,1,11,6517.049529566765,5937.868442212227,1233,1232.7692972456173,0.00014465568907273655,1.8671966196720398,-0.22160130646972837,319.90768786268035,4705,-0.0012527187648742055,0.003809057444150721,-0.0017577163198737589
25,1,12,6516.994865920923,5937.9864121995915,1233,1232.61094785722,0.00014464930548134156,1.8672278705887493,-0.2215525351536982,319.9732177769156,4705,-0.0012610960477872357,0.0036801180305321424,-0.0017378838445101241
25,1,13,6516.893379291977,5938.082998408612,1232,1232.3184458579015,0.00014464825767955498,1.86725471811636,-0.2214931598603416,319.90768786302226,4705,-0.001276649020690357,0.0034419419525808514,-0.0017216462941496147
25,1,14,6516.751419753095,5938.156398052492,1232,1231.9164197927366,0.00014465210745965342,1.8672765312738226,-0.22142584685074274,319.7157834795305,4705,-0.001298404525671537,0.0031145835356876095,-0.0017093067435447473
25,1,15,6516.5762145979015,5938.206115674396,1231,1231.4308807981508,0.00014466019879560494,1.867292982357939,-0.2213532402681545,319.4114571268263,4704,-0.001325254969513412,0.002719222910145813,-0.0017009484862152702
25,1,16,6516.37599198148,5938.233033975786,1231,1230.8905815790515,0.00014467174525652988,1.86730407605765,-0.22127797265290192,319.01762579526445,4704,-0.00135593937552958,0.0022792725876696895,-0.0016964231271718866
25,1,17,6516.159954727906,5938.239391419416,1230,1230.322016193464,0.00014468577089287067,1.8673101550106674,-0.22120265099045186,318.5656579708904,4704,-0.0013890473975991524,0.0018163059279086013,-0.0016953543481800226
25,1,18,6515.938100796426,5938.228650378094,1230,1229.7529565862417,0.0001447012585238138,1.8673118770068442,-0.22112982196500502,318.09441886605305,4704,-0.0014230468339838653,0.0013529368374942674,-0.0016971600738748815
25,1,19,6515.72089224779,5938.2052493208785,1229,1229.2087190161612,0.0001447171281257474,1.8673101615240484,-0.22106191932316105,317.64776269697563,4703,-0.0014563343587182809,0.0009097796275696624,-0.0017010941328764462
25,1,20,6515.518792456433,5938.174250982981,1229,1228.7128146065716,0.00014473232111583462,1.8673061081974438,-0.22100119707562357,317.26758384525573,4703,-0.0014873064445126705,0.0005059787387213799,-0.001706305405560271
25,1,21,6515.341767639343,5938.1409560419115,1228,1228.2864022107283,0.00014474585298389036,1.8673009053243732,-0.22094966122530957,316.98066926990407,4703,-0.0015144357541762021,0.00015876322474772664,-0.0017119027707312995
25,1,22,6515.199299754595,5938.1108566341,1228,1227.9479067515963,0.00014475683576424832,1.8672958285370282,-0.22090907522905298,316.788951625103,4703,-0.0015362691638978188,-0.00011686402240995708,-0.0017169629201575498
25,1,23,6515.104100175721,5938.092255153232,1228,1227.715380324199,0.0001447643742601983,1.8672929627569044,-0.22088142832364097,316.67830473366774,4703,-0.0015508586372696698,-0.00030620369402412084,-0.001720090100377547
25,1,24,6515.109623041839,5938.127247418688,1228,1227.6264930245827,0.00014476655828666115,1.8673037800044638,-0.22087238122549546,316.6467291295089,4703,-0.001550012250036592,-0.00037858209981822544,-0.0017142073902232102
25,2,0,6514.864486736363,5936.545318792358,1227,1226.7742429717634,0.00014488988476157467,1.8668966257935522,-0.22120096610771273,316.79823089660846,4703,-0.0015875797439639516,-0.0010725451342146197,-0.0019801526633351774
25,2,1,6513.910524768868,5936.558962645815,1226,1225.7467810928788,0.00014488986347253768,1.8669008125483957,-0.22089102231199922,316.78895162544944,4702,-0.0017337757974257295,-0.0019091781867308644,-0.001977858932585508
25,2,2,6514.468584228023,5936.625755143476,1227,1226.6487242673875,0.00014487427093072878,1.866914534538539,-0.22105616553311175,316.8717052309461,4703,-0.001648252376885373,-0.001174751453444589,-0.0019666301396192853
25,2,3,6515.166493049299,5936.726943679392,1228,1227.8714501729023,0.00014485051065772915,1.866935318025424,-0.22125907077100251,317.0300244451333,4703,-0.0015412968390093873,-0.0001791204448935435,-0.00194961887098688
25,2,4,6515.766242727594,5936.8550251460165,1229,1229.0687351957786,0.00014482192978670485,1.8669622583844785,-0.22142435787291653,317.27979197972564,4704,-0.001449384331992043,0.0007957947748402638,-0.0019280865084927434
25,2,5,6516.24179070659,5937.003755192322,1230,1230.1386065241757,0.0001447911758707518,1.866994462791579,-0.2215445726898519,317.6254867345453,4704,-0.0013765059153152404,0.001666960638675663,-0.0019030828186128446
25,2,6,6516.608423402227,5937.167206179967,1231,1231.04392312874,0.00014476040075770698,1.867030914802067,-0.22162563115870168,318.04429579291315,4705,-0.0013203189235916346,0.00240413426033137,-0.0018756043238020714
25,2,7,6516.883691289621,5937.33954613804,1232,1231.7678269320436,0.00014473133114028606,1.8670704745074191,-0.2216742983404076,318.4939834458349,4705,-0.0012781337210857613,0.002993588585725293,-0.001846631463424786
25,2,8,6517.08082083151,5937.51501915211,1232,1232.3037438807758,0.00014470532930350367,1.867111908145582,-0.22169604724766923,318.92917538149675,4705,-0.0012479233332224338,0.0034299705497935484,-0.0018171318906412548
25,2,9,6517.209167247483,5937.688029132992,1233,1232.652188842498,0.00014468340902800124,1.8671539300595918,-0.22169516200545478,319.3100965506364,4705,-0.0012282540590474733,0.00371369939458166,-0.0017880463896579046
25,2,10,6517.275621992369,5937.853286144511,1233,1232.8201085085102,0.0001446662663264212,1.8671952529413536,-0.22167513872142136,319.6051164983128,4705,-0.0012180697731248857,0.0038504316136940275,-0.0017602642758945963
25,2,11,6517.285790452015,5938.0059905903745,1233,1232.8192520984562,0.00014465427922587693,1.8672346441756005,-0.22163900660881772,319.7913633228268,4705,-0.0012165114419537826,0.0038497342632888287,-0.0017345924314861039
25,2,12,6517.244844729753,5938.142036037533,1233,1232.6663734594565,0.00014464755223637197,1.8672709857692813,-0.2215895413862356,319.854991565257,4705,-0.0012227864332059468,0.0037252495256654417,-0.0017117212077164545
25,2,13,6517.158128732477,5938.258212084945,1232,1232.3821933107954,0.00014464593384816473,1.8673033344353402,-0.22152939913138278,319.79136332262175,4705,-0.001236075785408297,0.0034938496945622344,-0.00169219031982204
25,2,14,6517.031580152867,5938.352387216143,1232,1231.9903656435972,0.00014464903764116016,1.8673309773557691,-0.22146119576865647,319.60511649819904,4705,-0.0012554695385562642,0.0031747955437413378,-0.0016763581068067746
25,2,15,6516.872001482775,5938.423649858735,1232,1231.5152676319717,0.0001446562397074837,1.8673534782594188,-0.22138754785536582,319.3100965509089,4705,-0.0012799252009192408,0.0027879367143488487,-0.001664377817284679
25,2,16,6516.687189756313,5938.47238549563,1231,1230.98518621432,0.00014466680908533391,1.8673707080217392,-0.22131108356536697,318.9291753815987,4704,-0.0013082478657242547,0.002356306457649282,-0.0016561846459566265
25,2,17,6516.485924748996,5938.500270279355,1230,1230.4254826725808,0.00014467980370195285,1.8673828544288966,-0.22123442914309033,318.4939834458123,4704,-0.001339092019655319,0.0019005557458682265,-0.001651496807137498
25,2,18,6516.277818101774,5938.51016976576,1230,1229.8642800739367,0.0001446942682580102,1.8673904077138648,-0.22116017500962146,318.0442957926315,4704,-0.00137098466481278,0.0014435843945872495,-0.0016498325590976748
25,2,19,6516.073047236082,5938.505950977883,1229,1229.3260293614683,0.00014470914463412214,1.86739412357857,-0.22109082745721587,317.6254867350509,4704,-0.0014023660966183682,0.0010053021129317052,-0.0016505417988671445
25,2,20,6515.882064064416,5938.492266382011,1229,1228.8354675348758,0.00014472342622157727,1.867394978927682,-0.2210287595530774,317.27979198010684,4703,-0.0014316345443411427,0.0006058515378160045,-0.001652842379010866
25,2,21,6515.715574654142,5938.47452118558,1228,1228.413892216413,0.00014473611088110954,1.8673941771345623,-0.22097619935574367,317.03002444465193,4703,-0.001457149287648063,0.0002625747186955074,-0.0016558256053289533
25,2,22,6515.585790251546,5938.459798360244,1228,1228.0831315299035,0.00014474627369733922,1.8673934149291496,-0.22093536399617208,316.8717052309685,4703,-0.001477038935356223,-6.754322599111795e-06,-0.0016583007269871386
25,2,23,6515.5134406957395,5938.462707058269,1228,1227.865097982092,0.00014475280292644124,1.8673965147361116,-0.22090907522905193,316.7889516248906,4703,-0.0014881266095917445,-0.0001842928536194277,-0.0016578117324284047
25,2,24,6515.602068768385,5938.570233073165,1228,1227.8162381110762,0.00014475238839939362,1.8674274610680692,-0.22090653533066754,316.79823089636255,4703,-0.001474544229069008,-0.00022407806013025056,-0.00163973504115289
25,3,0,6515.785955402255,5936.661100519166,1229,1228.529513218317,0.00014485653595788076,1.86691825216342,-0.22147468225890588,317.0540346828304,4704,-0.0014463633360437544,0.00035672161966182614,-0.0019606880664849724
25,3,1,6514.8506925980755,5936.661846437815,1227,1227.3585908264179,0.00014486213376490708,1.8669206591323038,-0.2211725115708404,316.9806692695683,4703,-0.0015896937156391067,-0.0005967272577386273,-0.0019605626666814313
25,3,2,6515.16649304944,5936.726943679491,1228,1227.8714501723905,0.00014485051065770628,1.866935318025424,-0.22125907077100668,317.03002444478625,4703,-0.001541296838987849,-0.00017912044531032123,-0.0019496188709702267
25,3,3,6515.693704255578,5936.829859920063,1229,1228.7718287653913,0.00014483069016107473,1.866957946302729,-0.22140542044441397,317.1466064624185,4704,-0.0014605009579102823,0.00055403229365103,-0.0019323171499878722
25,3,4,6516.212418309364,5936.963126531153,1230,1229.7549796229987,0.00014480556557474824,1.86698745970909,-0.22154216154240491,317.34838295312136,4704,-0.0013810072777400428,0.0013545841389193125,-0.0019099130890884997
25,3,5,6516.658324872757,5937.1205663140045,1231,1230.6874065943025,0.0001447775886011524,1.8670229432629193,-0.22164959675893584,317.65176075223866,4705,-0.0013126714509440474,0.00211383296292178,-0.0018834451654715645
25,3,6,6517.019407431275,5937.296132794957,1232,1231.5027419096434,0.00014474891505608474,1.8670633858674266,-0.22172488574372054,318.04226162971753,4705,-0.0012573350257740756,0.002777737374089373,-0.0018539298795420267
25,3,7,6517.299746774197,5937.483817942441,1232,1232.1674644556642,0.00014472137499277725,1.8671076563087006,-0.2217704676559341,318.4757231267184,4705,-0.0012143726153618362,0.0033190020810169862,-0.0018223772690284523
25,3,8,6517.506729636614,5937.677682327409,1233,1232.6632052292484,0.0001446963817194507,1.867154523887124,-0.22178994073846972,318.9017157679683,4705,-0.0011826521918536503,0.0037226697257093377,-0.001789785838575475
25,3,9,6517.647277028636,5937.8719374088405,1233,1232.9850767689925,0.0001446750503767732,1.8672026944672022,-0.22178681739942263,319.2771247285937,4706,-0.001161113100424327,0.00398476058703312,-0.0017571287263487
25,3,10,6517.727220632397,5938.0610729942555,1233,1233.1348737240548,0.00014465812487247584,1.8672508556530474,-0.22176427916353536,319.5687572574646,4706,-0.0011488616273388486,0.0041067359968727235,-0.0017253322760656387
25,3,11,6517.751620892264,5938.240020112194,1233,1233.1218801394705,0.0001446460592855694,1.8672977285320154,-0.22172522688067098,319.7531148968765,4706,-0.001145122252167119,0.004096155689654157,-0.0016952486557553215
25,3,12,6517.725279683836,5938.404335683634,1233,1232.9604039111605,0.0001446390106651622,1.8673421236389451,-0.2216723890787513,319.8161308411835,4705,-0.0011491590805176033,0.003964670179022356,-0.0016676248117993842
25,3,13,6517.653219867387,5938.550392776278,1233,1232.6688397924836,0.00014463686514415333,1.8673829981020147,-0.2216084185207744,319.75311489709287,4705,-0.001160202351776829,0.0037272577906641846,-0.0016430704844125898
25,3,14,6517.54106913025,5938.675557940474,1232,1232.2697293827293,0.00014463928827674387,1.8674195100120312,-0.2215359608615934,319.56875725768066,4705,-0.0011773896147084795,0.0034022735092364975,-0.0016220283948883418
25,3,15,6517.395330117422,5938.778335453107,1232,1231.7873113143933,0.0001446457179523841,1.8674510652732152,-0.221457694378322,319.2771247281623,4705,-0.0011997243295470694,0.00300945416538001,-0.0016047499960960554
25,3,16,6517.223528177875,5938.858458510278,1231,1231.2477028901556,0.00014465542371270478,1.8674773519386398,-0.22137634298870676,318.901715768025,4705,-0.0012260532256611612,0.0025700663375576305,-0.0015912801416617661
25,3,17,6517.034232510303,5938.9169115983805,1231,1230.677937714147,0.00014466754200405895,1.8674983578898652,-0.2212946653491675,318.4757231270686,4705,-0.0012550630609369229,0.0021061227225018797,-0.0015814533250653184
25,3,18,6516.836959593753,5938.955880339697,1230,1230.105371619244,0.00014468112309866008,1.8675143707338056,-0.22121542400637018,318.0422616301569,4704,-0.0012852954211747258,0.00163989839867007,-0.0015749021113256045
25,3,19,6516.642002217757,5938.978653219142,1230,1229.555601556899,0.0001446951420605231,1.867525966231209,-0.22114134217046977,317.65176075205886,4704,-0.0013151729214683217,0.0011922362372855932,-0.0015710736581685536
25,3,20,6516.460308699988,5938.989565155504,1229,1229.0550792259253,0.00014470861590588278,1.8675340094258366,-0.22107506387398082,317.3483829534242,4704,-0.0013430177162740975,0.0007846751060931467,-0.0015692392025251634
25,3,21,6516.303744892783,5938.994251683869,1229,1228.6261470585061,0.00014472052027746207,1.8675397422644773,-0.22101915032791217,317.14660646249695,4704,-0.0013670113465321654,0.0004354078136270534,-0.001568451328758158
25,3,22,6516.186898521023,5939.001236811806,1228,1228.292455009396,0.00014472989164661967,1.8675452424764751,-0.2209761993557404,317.03002444480865,4704,-0.0013849182222721579,0.0001636918469476445,-0.0015672770268800873
25,3,23,6516.138384705235,5939.031946497173,1228,1228.0794170827278,0.00014473544871815432,1.8675562313070067,-0.22094966122530493,316.9806692694564,4704,-0.0013923530348205482,-9.778891532419287e-06,-0.001562114280896476
25,3,24,6516.345286197064,5939.245849856025,1228,1228.0784906097751,0.00014473150134069126,1.867616891440728,-0.2209553156722862,317.054034683267,4704,-0.0013606450814729332,-1.053329216804677e-05,-0.0015261540066825452
25,4,0,6516.425016941884,5936.801515560424,1230,1230.0133095326162,0.0001448195316307672,1.8669460289624187,-0.22165173287646145,317.4304820802324,4705,-0.0013484262293284033,0.0015649348539008567,-0.0019370822502206009
25,4,1,6515.5329087811615,5936.788738649399,1229,1228.7495263259193,0.00014483046046170922,1.8669462621502273,-0.2213655675859066,317.26758384512124,4704,-0.0014851430972986357,0.0005358720500472369,-0.001939230235303846
25,4,2,6515.766242727482,5936.85502514593,1229,1229.0687351958188,0.0001448219297867084,1.8669622583844758,-0.22142435787290862,317.27979197961355,4704,-0.0014493843320092514,0.0007957947748731264,-0.0019280865085072874
25,4,3,6516.212418309238,5936.963126531042,1230,1229.754979622629,0.00014480556557470856,1.8669874597090887,-0.22154216154240208,317.3483829529419,4704,-0.0013810072777592497,0.001354584138618442,-0.0019099130891071514
25,4,4,6516.6890827140205,5937.105328952072,1231,1230.5609982084025,0.00014478387082647414,1.8670205536192646,-0.22166184468507305,317.4856374152295,4705,-0.0013079577672134857,0.0020109022012724243,-0.0018860067882356946
25,4,5,6517.126255229239,5937.275778449523,1231,1231.3630697007252,0.00014475893046840028,1.8670605951646921,-0.2217619225354748,317.7222743009768,4705,-0.0012409604459525658,0.00266400625773322,-0.0018573517418595253
25,4,6,6517.498415854096,5937.46856255762,1232,1232.086765276757,0.00014473272580357854,1.8671065783182512,-0.2218352216335296,318.06595580058354,4705,-0.0011839262910682269,0.003253291029568617,-0.001824941921703127
25,4,7,6517.799669488067,5937.677638402683,1233,1232.6870069839965,0.00014470702056114415,1.8671573812940374,-0.2218809743096603,318.4755164880619,4706,-0.0011377587352554563,0.003742050819197429,-0.0017897932229623548
25,4,8,6518.031800369849,5937.896932255571,1233,1233.1392014927158,0.00014468331323616338,1.867211775845135,-0.22190098068223454,318.89083770695476,4706,-0.0011021843413492327,0.004110259976087605,-0.0017529267280855798
25,4,9,6518.198973277327,5938.120453415649,1233,1233.4305317590392,0.0001446627399122797,1.8672684557159103,-0.22189788187151727,319.26147344542056,4706,-0.0010765648511056325,0.004347481945110143,-0.0017153495612186598
25,4,10,6518.305752540045,5938.342423574085,1234,1233.559583753297,0.00014464614751640768,1.8673260751394283,-0.22187448657061656,319.55086940250584,4706,-0.0010602007744099362,0.004452565322029534,-0.0016780331403476456
25,4,11,6518.356608177173,5938.5574274957135,1234,1233.5315015199217,0.00014463404338419745,1.8673832943950666,-0.22183356719867484,319.73419906983327,4706,-0.0010524070743487268,0.004429698756259093,-0.001641887845480472
25,4,12,6518.356015818744,5938.760581902213,1233,1233.3581613134172,0.00014462665531241468,1.867438830311778,-0.22177784142348636,319.79691233698003,4706,-0.0010524978541361918,0.00428855274483797,-0.001607734626921098
25,4,13,6518.308750450863,5938.947712664825,1233,1233.0559937808719,0.00014462393135521195,1.8674915092080817,-0.22171001337088214,319.7341990695714,4706,-0.0010597413402342326,0.004042506297451398,-0.001576275216589762
25,4,14,6518.220201872282,5939.115526034638,1233,1232.6450166556124,0.0001446255677446934,1.8675403190384743,-0.22163282258578737,319.5508694027788,4706,-0.001073311538176358,0.0037078592863200033,-0.001548063341715089
25,4,15,6518.096636019122,5939.261757222787,1232,1232.1497450399238,0.00014463108295791782,1.8675844569066031,-0.22154908027751588,319.2614734453298,4706,-0.001092248184174971,0.003304573663589272,-0.0015234797463350436
25,4,16,6517.945365926837,5939.38527990806,1232,1231.5950703130977,0.00014463977454238453,1.8676233680493624,-0.22146168513082642,318.89083770678485,4705,-0.001115430544952889,0.0028529177730933775,-0.0015027137814719316
25,4,17,6517.774816617511,5939.486165104047,1231,1231.0091902236072,0.00014465084721087266,1.8676567735266079,-0.2213736164134769,318.4755164877117,4705,-0.0011415674736710013,0.0023758522412693495,-0.0014857535087052787
25,4,18,6517.594489385156,5939.565690917266,1230,1230.4185649192777,0.0001446633529430926,1.8676846872141568,-0.22128790553606079,318.0659558007751,4705,-0.001169202883257836,0.0018949228156530662,-0.0014723840596898574
25,4,19,6517.414867251635,5939.626333531529,1230,1229.8519624146275,0.00014467634805166875,1.8677074304234482,-0.22120759113015473,317.72227430016727,4705,-0.0011967302354268794,0.001433554474139953,-0.0014621891518135088
25,4,20,6517.247380995782,5939.671837648205,1229,1229.3349020741523,0.00014468881685969785,1.8677256711911319,-0.22113566887020275,317.4856374151622,4705,-0.0012223977467628044,0.0010125269110965451,-0.0014545392461630113
25,4,21,6517.104806960595,5939.70769403899,1229,1228.8934575100714,0.00014469980075168567,1.8677405793811894,-0.22107506387398154,317.3483829530765,4704,-0.0012442474241930457,0.0006530711290828606,-0.0014485112639384123
25,4,22,6517.003917836418,5939.743636565606,1229,1228.5509202616597,0.00014470827155654397,1.8677545474443507,-0.22102875955306978,317.2797919795911,4704,-0.001259708828624806,0.0003741527676053291,-0.001442468801024388
25,4,23,6516.984702399536,5939.810617553186,1228,1228.3388231363947,0.00014471270677563004,1.8677759511279286,-0.2210011970756174,317.2675838446616,4704,-0.0012626536221630458,0.00020144809701161392,-0.001431208320153976
25,4,24,6517.353945842898,5940.171683186276,1228,1228.3974341613496,0.0001447040918635549,1.8678779518347555,-0.22101754362631085,317.43048207978353,4704,-0.0012060665295686723,0.0002491733914744554,-0.0013705079214094695
25,5,0,6516.892203940411,5936.960300329239,1231,1231.2691501542033,0.0001447813990210486,1.866978906322192,-0.22176859493927364,317.9161093983589,4705,-0.001276829145020586,0.002587530236079827,-0.0019103882148479023
25,5,1,6516.035042131994,5936.933758389492,1230,1229.928520262622,0.00014479732673562375,1.866976724583841,-0.22149604532880338,317.64776269705425,4704,-0.0014081904338754114,0.0014958933573414601,-0.001914850302009996
25,5,2,6516.241790706562,5937.003755192283,1230,1230.138606524094,0.00014479117587074832,1.866994462791578,-0.22154457268984648,317.6254867345116,4704,-0.0013765059153195702,0.0016669606386092717,-0.001903082818619506
25,5,3,6516.658324872929,5937.120566314138,1231,1230.6874065945976,0.00014477758860117064,1.8670229432629175,-0.2216495967589329,317.65176075159815,4705,-0.001312671450917513,0.0021138329631620323,-0.001883445165449027
25,5,4,6517.126255229136,5937.275778449438,1231,1231.3630697006847,0.000144758930468387,1.8670605951646921,-0.22176192253547464,317.72227430038095,4705,-0.001240960445968331,0.0026640062577001355,-0.0018573517418738472
25,5,5,6517.577649716914,5937.463857058737,1232,1232.0582179002076,0.0001447369051948056,1.8671064455841533,-0.22186074983644394,317.8671158680036,4706,-0.001171783586810471,0.0032300457109102343,-0.0018257329846910197
25,5,6,6517.980440716847,5937.679182380348,1233,1232.7005736805459,0.000144713216044524,1.867159502482446,-0.2219367926176793,318.1270834546789,4706,-0.0011100552825733523,0.0037530977952262567,-0.0017895336577994359
25,5,7,6518.32165012895,5937.915842986753,1233,1233.2428347319822,0.0001446895221842531,1.8672186641607365,-0.2219869929304266,318.49112750381136,4706,-0.0010577644458804603,0.004194645582105139,-0.0017497475583776456
25,5,8,6518.598020133055,5938.1677521834445,1234,1233.6542938016207,0.00014466725799947724,1.8672827150354456,-0.22201152218520406,318.888543152257,4706,-0.0010154103423920535,0.0045296850268687905,-0.001707397948541689
25,5,9,6518.810731121599,5938.428787350908,1234,1233.9186204362136,0.00014464760933892158,1.8673503446813546,-0.22201206913824761,319.25275339565945,4707,-0.000982812075256967,0.004744918704833401,-0.0016635141299246037
25,5,10,6518.962759414886,5938.692927186356,1234,1234.028937429408,0.00014463143869326156,1.8674201776710997,-0.2219909631654902,319.53984290833534,4707,-0.000959513519077082,0.0048347467020148915,-0.0016191083713406051
25,5,11,6519.057768112139,5938.954395097037,1234,1233.987476260493,0.00014461932491844162,1.867490810728368,-0.2219507816137799,319.7223573350002,4707,-0.0009449532985902342,0.004800986048677736,-0.001575151802277519
25,5,12,6519.099797619945,5939.207813308891,1234,1233.8030204839517,0.00014461155106666458,1.867560855380576,-0.22189420795771703,319.784868308922,4707,-0.000938512215633458,0.004650788943993511,-0.0015325485049851872
25,5,13,6519.093329904698,5939.448364934273,1233,1233.4897743706324,0.00014460812638732002,1.8676289842722147,-0.22182400608045064,319.72235733504573,4707,-0.0009395034023643722,0.004395721522650442,-0.0014921082685263043
25,5,14,6519.043496018876,5939.67195565431,1233,1233.0678839419402,0.00014460884857212902,1.8676939788438511,-0.22174303910945903,319.5398429081989,4706,-0.0009471405175577319,0.004052188118211841,-0.001454519407615762
25,5,15,6518.9563043167755,5939.87536341579,1233,1232.5583524365031,0.00014461323457479555,1.8677547756885216,-0.22165429620646915,319.2527533958184,4706,-0.0009605027722136006,0.0036372910719002505,-0.001420323596389217
25,5,16,6518.838822949565,5940.056364276663,1232,1231.9881559518828,0.00014462069737030853,1.8678105089938262,-0.22156090861682515,318.8885431524382,4706,-0.000978506961926362,0.0031729962544810864,-0.00138989471193951
25,5,17,6518.699282194269,5940.2138267455375,1231,1231.3832607348734,0.00014463043771054774,1.8678605476301284,-0.22146614537938128,318.491127503495,4706,-0.0009998917848191846,0.0026804472438952676,-0.001363422974471229
25,5,18,6518.547088710821,5940.347778875121,1231,1230.7732218645929,0.00014464161480833056,1.867904528618577,-0.22137338442832788,318.1270834537096,4706,-0.0010232156566303274,0.0021837099024082374,-0.001340903667915283
25,5,19,6518.392782583917,5940.459480987708,1230,1230.1860985505602,0.00014465328774823435,1.8679423964808257,-0.22128605947409666,317.8671158681724,4705,-0.001046863294111744,0.001705632048117689,-0.0013221249137130853
25,5,20,6518.248066424935,5940.551621747233,1230,1229.6499032742995,0.00014466450903769505,1.8679744814404677,-0.22120759113016097,317.72227430092056,4705,-0.0010690412551167539,0.0012690234498407005,-0.0013066347082456575
25,5,21,6518.126448919706,5940.62911741382,1229,1229.1919716598932,0.00014467434559348988,1.8680017504305857,-0.22114134217047038,317.6517607512385,4705,-0.0010876793139725782,0.0008961427305866909,-0.0012936065564869148
25,5,22,6518.04747792316,5940.70310231485,1229,1228.8380888822708,0.0001446817567126566,1.8680269539269587,-0.2210908274572061,317.6254867348262,4705,-0.0010997817335933746,0.0006079860266159365,-0.0012811686156195545
25,5,23,6518.066994596378,5940.817589072452,1229,1228.6253077475153,0.00014468481024280065,1.868062117404937,-0.22106191932316338,317.6477626973577,4705,-0.001096790775150125,0.00043472438650371537,-0.0012619217219788093
25,5,24,6518.647264237878,5941.371588290899,1229,1228.753133660039,0.00014467039820475968,1.8682186971779033,-0.22109132340974957,317.916109398539,4705,-0.0010078636119911222,0.0005388093998586196,-0.0011687863737707138
25,6,0,6517.233393364421,5937.131057474442,1232,1232.2980299849094,0.0001447443311448439,1.8670156570208265,-0.2218411998253373,318.47187788203485,4705,-0.0012245413715318287,0.003425317886528223,-0.0018816814483977318
25,6,1,6516.408823895297,5937.091209547781,1231,1230.9018614499269,0.00014476473918837823,1.8670110049419872,-0.22158156681788163,318.0944188659742,4704,-0.001350907837175619,0.002288457466443683,-0.0018883804660161374
25,6,2,6516.608423401932,5937.1672061797,1231,1231.04392312874,0.00014476040075769606,1.8670309148020703,-0.22162563115871162,318.04429579266525,4705,-0.0013203189236370427,0.00240413426033137,-0.0018756043238470355
25,6,3,6517.019407431453,5937.296132795113,1232,1231.5027419096466,0.00014474891505614578,1.8670633858674295,-0.22172488574372792,318.04226163001044,4705,-0.0012573350257467641,0.0027777373740920375,-0.0018539298795157144
25,6,4,6517.498415854334,5937.46856255782,1232,1232.0867652768793,0.00014473272580356515,1.8671065783182499,-0.22183522163352898,318.0659558010004,4705,-0.0011839262910317006,0.003253291029668093,-0.0018249419216695983
25,6,5,6517.980440716698,5937.679182380205,1233,1232.7005736801304,0.00014471321604446892,1.867159502482445,-0.22193679261767285,318.1270834549494,4706,-0.0011100552825962229,0.003753097794888083,-0.0017895336578234167
25,6,6,6518.429767785393,5937.922726625238,1233,1233.279006481213,0.00014469185417829796,1.8672211977924846,-0.2220191123937226,318.26676380520826,4706,-0.0010411952584075124,0.004224099211087129,-0.0017485903183565021
25,6,7,6518.82801565545,5938.19354711532,1234,1233.7741446041507,0.00014467009549223547,1.8672906028318565,-0.22207735090236716,318.5363131343561,4707,-0.0009801631954052814,0.004627276134459013,-0.0017030614442971048
25,6,8,6519.167235834493,5938.4856844130745,1234,1234.1531991994543,0.00014464928619558874,1.86736653570164,-0.22211014244896987,318.89560048631614,4707,-0.0009281772115605769,0.00493592953528732,-0.001653948903981295
25,6,9,6519.445305034061,5938.793002643774,1234,1234.3956534107679,0.00014463056113962855,1.8674477018158093,-0.22211810107822044,319.2484081412513,4707,-0.0008855627039059399,0.005133353119631812,-0.001602284227436801
25,6,10,6519.663120415862,5939.109322713384,1234,1234.4921339235582,0.00014461481625860898,1.8675327128425347,-0.22210290267386648,319.53227882232096,4707,-0.0008521821811097174,0.005211914463447043,-0.0015491062104877606
25,6,11,6519.8231009886995,5939.428552827446,1234,1234.4417174793755,0.00014460266582411166,1.8676201126757714,-0.22206677866532198,319.7139325103756,4707,-0.0008276649265689384,0.005170861783575953,-0.0014954389726259398
25,6,12,6519.928523458148,5939.744822462943,1234,1234.2504985118894,0.0001445944421436688,1.8677084089185974,-0.22201227167559137,319.7762763204723,4707,-0.0008115087804071441,0.005015157604418841,-0.0014422694343867448
25,6,13,6519.983338122583,5940.052622109882,1234,1233.930472300914,0.0001445902097581221,1.867796108789769,-0.22194214060702688,319.71393251053496,4707,-0.0008031083536761408,0.004754569341948178,-0.0013905238247515772
25,6,14,6519.992230235355,5940.346946308226,1233,1233.4986335097642,0.0001445897895166021,1.867881758252267,-0.22185934118067488,319.53227882237786,4707,-0.0008017456245122956,0.004402935268256858,-0.0013410436345525634
25,6,15,6519.960779922911,5940.623434272295,1233,1232.9781592853058,0.00014459283636532316,1.8679639830590598,-0.2217670361455403,319.2484081411718,4707,-0.0008065654304544312,0.00397912787635879,-0.0012945619754608506
25,6,16,6519.895629765993,5940.878501772491,1232,1232.3923873223016,0.00014459874986229044,1.8680415307079081,-0.22166860703612265,318.89560048632745,4707,-0.0008165497863809046,0.003502150388864589,-0.0012516814087445427
25,6,17,6519.8046054190345,5941.109461526898,1232,1231.7701368338637,0.00014460685908204606,1.868113313518966,-0.22156764975492563,318.5363131340848,4707,-0.0008304993994133758,0.0029954694732312603,-0.0012128537056856903
25,6,18,6519.696765802877,5941.314641162647,1231,1231.1399861119532,0.00014461634853628138,1.8681784563766455,-0.2214679429176942,318.2667638053775,4706,-0.0008470259768098565,0.002482355621659771,-0.0011783600165533592
25,6,19,6519.582409785322,5941.493542778239,1231,1230.531483723155,0.0001446263511888856,1.8682363622962703,-0.2213733844283236,318.1270834545887,4706,-0.0008645512021603352,0.0019868693934441684,-0.001148284045850878
25,6,20,6519.473217571513,5941.647213399145,1230,1229.9754442324308,0.00014463601496765823,1.8682868436841025,-0.2212879055360626,318.06595580072997,4706,-0.0008812850671062744,0.001534102214433064,-0.0011224497733269834
25,6,21,6519.383355034661,5941.779553832682,1229,1229.498733891011,0.00014464440137213397,1.868330523118648,-0.22121542400636265,318.0422616298076,4706,-0.0008950566310569341,0.0011459305106409357,-0.0011002014163815632
25,6,22,6519.335961150765,5941.90340927052,1229,1229.1320669762886,0.00014465049326449375,1.8683705817680243,-0.22116017500961935,318.0442957923386,4706,-0.0009023198124203935,0.0008473640465946897,-0.0010793795109592663
25,6,23,6519.407147266433,5942.079531755756,1229,1228.9191551195431,0.00014465186077403097,1.8684237508754107,-0.22112982196500477,318.09441886641366,4706,-0.000891410437071638,0.0006739959632753312,-0.0010497707526008204
25,6,24,6520.252721724455,5942.8786236056685,1229,1229.1216667794308,0.0001446304999049646,1.868650243281562,-0.22117434701332178,318.471877882385,4707,-0.0007618249264504939,0.0008388954614113597,-0.0009154317585846616
25,7,0,6517.472419485848,5937.307247719712,1233,1233.094803782904,0.00014471013547069373,1.8670549067922972,-0.2218785609902035,319.0470636004168,4706,-0.0011879102721614743,0.004074108180825986,-0.0018520612985893914
25,7,1,6516.6832865650795,5937.255376390518,1232,1231.6696588853374,0.00014473433387861826,1.8670479343170072,-0.2216326062472626,318.56565797108254,4705,-0.0013088460354351295,0.0029136531309281732,-0.001860781625524277
25,7,2,6516.8836912897805,5937.33954613816,1232,1231.7678269321812,0.00014473133114028776,1.8670704745074203,-0.22167429834041366,318.49398344564287,4705,-0.0012781337210613364,0.0029935885858374256,-0.00184663146340458
25,7,3,6517.299746774323,5937.483817942547,1232,1232.1674644562559,0.0001447213749928377,1.8671076563086992,-0.22177046765593286,318.47572312713635,4705,-0.0012143726153425183,0.003319002081498823,-0.0018223772690107998
25,7,4,6517.7996694880985,5937.677638402704,1233,1232.6870069841823,0.00014470702056115797,1.8671573812940385,-0.22188097430966108,318.4755164876778,4706,-0.0011377587352505714,0.0037420508193486413,-0.001789793222958802
25,7,5,6518.32165012896,5937.915842986771,1233,1233.24283473227,0.00014468952218422203,1.8672186641607336,-0.22198699293041757,318.49112750454566,4706,-0.001057764445878906,0.004194645582339618,-0.001749747558374648
25,7,6,6518.828015655304,5938.193547115217,1234,1233.7741446039877,0.00014467009549221232,1.8672906028318557,-0.22207735090236608,318.5363131349663,4707,-0.000980163195427708,0.00462727613432623,-0.0017030614443144243
25,7,7,6519.296238263642,5938.5054716836485,1234,1234.2347177264114,0.00014465000904610427,1.8673722074064814,-0.22214581767654887,318.6593212517481,4707,-0.0009084074024159339,0.005002307758602775,-0.0016506223752179583
25,7,8,6519.7140741654985,5938.84593007873,1235,1234.5906011755803,0.00014463047537725343,1.8674623636964363,-0.22218958315003037,318.9229828824149,4707,-0.0008443734451645257,0.005292093552642596,-0.0015933863537210824
25,7,9,6520.075879977481,5939.2089267297515,1235,1234.8199852441994,0.0001446125820957026,1.867559828009492,-0.22220808223822466,319.249018774989,4708,-0.000788926180353533,0.00547887449067197,-0.001532361322700182
25,7,10,6520.379987956861,5939.588265132528,1235,1234.9096651930959,0.00014459717433643914,1.8676632327689833,-0.22220214798491228,319.5270811066776,4708,-0.0007423211919719286,0.005551898328282512,-0.0014685890048793393
25,7,11,6520.6270430072655,5939.977650464533,1235,1234.855954988551,0.0001445848731739067,1.867771097998879,-0.2221734670661655,319.7075823115802,4708,-0.0007044596476047937,0.0055081636328129235,-0.0014031276517295632
25,7,12,6520.819081682248,5940.370789856049,1235,1234.6624804061457,0.00014457603990264143,1.8678818473119183,-0.22212426861041598,319.7697652421293,4708,-0.0006750294424696657,0.005350622770432967,-0.0013370351864265828
25,7,13,6520.959116492032,5940.761494756558,1234,1234.339804139766,0.00014457079714541183,1.867993828008874,-0.22205717086529905,319.7075823115233,4708,-0.0006535689050108928,0.005087876643044886,-0.0012713519945665164
25,7,14,6521.051029527897,5941.143787621566,1234,1233.9038150708814,0.00014456902955758562,1.86810533524052,-0.2219751229400167,319.527081106996,4708,-0.0006394830991159894,0.004732863115963326,-0.0012070829885563183
25,7,15,6521.099630482176,5941.512013234822,1233,1233.374505608611,0.0001445704010426564,1.8682146405353233,-0.221881394874201,319.2490187743874,4708,-0.0006320349324677732,0.0043018614406253874,-0.0011451788927240303
25,7,16,6521.110776858609,5941.860955260212,1233,1232.7773688118832,0.00014457444030947602,1.8683200257591925,-0.22177958220685245,318.9229828830832,4708,-0.0006303267341323249,0.003815629891520622,-0.0010865166492460832
25,7,17,6521.091487830163,5942.185963324877,1232,1232.139597040959,0.00014458050863329765,1.8684198253774678,-0.22167360020763976,318.65932125184986,4708,-0.0006332828056845319,0.0032963104359937656,-0.0010318780536215932
25,7,18,6521.050018909062,5942.483111547157,1231,1231.4907305017057,0.00014458787807864523,1.8685124845093142,-0.2215676497549364,318.53631313422045,4707,-0.0006396379779165517,0.0027679568254437292,-0.000981923103813065
25,7,19,6520.995935098379,5942.749459747971,1231,1230.8631496276032,0.0001445958080487445,1.868596654330251,-0.22146614537938994,318.49112750394687,4707,-0.000647926400251464,0.0022569355280197545,-0.0009371460868039527
25,7,20,6520.940444443677,5942.983673118963,1230,1230.2865876733654,0.0001446034699893039,1.8686713978298757,-0.2213736164134745,318.4755164875874,4707,-0.0006564304234703,0.0017874574893188555,-0.0008977714033459039
25,7,21,6520.898179176063,5943.188051563762,1230,1229.7923223859925,0.00014461004927884087,1.8687368023340138,-0.22129466534916592,318.4757231275656,4707,-0.0006629076369589759,0.001384991291179638,-0.0008634124060968862
25,7,22,6520.8965296322895,5943.377323934615,1229,1229.4117585165275,0.0001446144427425867,1.86879650984021,-0.22123442914309155,318.4939834458462,4707,-0.0006631604319319306,0.0010751089312293072,-0.0008315929601868666
25,7,23,6521.036288602573,5943.632827861995,1229,1229.1991402175088,0.0001446137346486773,1.8688730825345432,-0.22120265099045194,318.56565797110517,4707,-0.0006417421672761936,0.0009019798836367166,-0.0007886390236961915
25,7,24,6522.209436897939,5944.738056483169,1229,1229.4783731144057,0.00014458422322783664,1.869187723945837,-0.22126401864821985,319.04706360082486,4708,-0.0004619554915471502,0.001129351308012616,-0.0006028339736976474
25,8,0,6517.623730244496,5937.4823118628665,1234,1233.6579364656286,0.00014468023204519076,1.8670951809025467,-0.22188678391791491,319.59192646485906,4706,-0.0011647216792045612,0.0045326511448053886,-0.001822630462969932
25,8,1,6516.875307089494,5937.420557398806,1232,1232.2332216045345,0.0001447074187729581,1.8670862528948464,-0.2216558327093138,319.0176257954458,4705,-0.001279418611900951,0.0033725462614042634,-0.0018330122890125589
25,8,2,6517.08082083152,5937.515019152125,1232,1232.30374388113,0.00014470532930351815,1.8671119081455811,-0.22169604724766345,318.92917538140614,4705,-0.0012479233332208794,0.0034299705500822064,-0.0018171318906387013
25,8,3,6517.5067296363595,5937.677682327175,1233,1232.6632052287516,0.00014469638171944323,1.867154523887125,-0.22178994073847186,318.9017157681269,4705,-0.0011826521918926192,0.0037226697253047725,-0.001789785838614777
25,8,4,6518.031800370171,5937.896932255858,1233,1233.1392014927158,0.00014468331323615012,1.8672117758451368,-0.22190098068223787,318.8908377069321,4706,-0.0011021843412999388,0.004110259976087605,-0.0017529267280373961
25,8,5,6518.598020132961,5938.167752183354,1234,1233.6542938015748,0.0001446672579994681,1.8672827150354445,-0.22201152218520118,318.8885431521891,4706,-0.0010154103424063754,0.004529685026831265,-0.001707397948556788
25,8,6,6519.1672358345395,5938.485684413129,1234,1234.1531991995453,0.00014464928619558094,1.8673665357016391,-0.2221101424489665,318.8956004861576,4707,-0.0009281772115534714,0.004935929535361483,-0.00165394890397208
25,8,7,6519.714074165584,5938.845930078811,1235,1234.590601175065,0.0001446304753772361,1.867462363696435,-0.22218958315002418,318.9229828829586,4707,-0.0008443734451514251,0.005292093552223154,-0.0015933863537075377
25,8,8,6520.222677180295,5939.243238402931,1235,1234.9334805878452,0.00014461193057054274,1.86756920248946,-0.22224575814382802,319.0201722930512,4708,-0.0007664292963666108,0.005571290528436634,-0.0015265930300334407
25,8,9,6520.683985856547,5939.6719470849475,1235,1235.156827050268,0.0001445946067517863,1.8676859134692596,-0.22227690250894233,319.2609881657384,4708,-0.0006957330734629341,0.005753155215064476,-0.0014545208482505956
25,8,10,6521.093510182104,5940.126043882733,1235,1235.246229083382,0.00014457931925871263,1.8678112058254914,-0.22228286794934957,319.52428080681284,4708,-0.0006329728773197818,0.005825952753739649,-0.0013781805539437864
25,8,11,6521.44969950133,5940.599221610598,1235,1235.1956124630167,0.00014456666822464437,1.8679436298595822,-0.2222646071585249,319.70276151130355,4709,-0.0005783863481600982,0.005784737076083291,-0.0012986324770123403
25,8,12,6521.752885259502,5941.0849243201355,1235,1235.0063326107827,0.00014455701914131298,1.8680815721789894,-0.22222383976172114,319.7647623800439,4709,-0.0005319226915144748,0.0056306118634512625,-0.0012169787679958688
25,8,13,6522.004682444449,5941.576388725638,1235,1234.6863622735857,0.0001445505031887361,1.8682232527956186,-0.22216286337100347,319.7027615112011,4709,-0.0004933344081590185,0.005370069097412777,-0.0011343564338583967
25,8,14,6522.207716483089,5942.066686083848,1234,1234.2505302569734,0.00014454705548313387,1.8683667250819014,-0.22208446609711122,319.5242808064831,4709,-0.0004622191476151283,0.0050151834535401285,-0.001051930297391257
25,8,15,6522.365555439892,5942.548770577362,1234,1233.7180869798397,0.0001445463997166433,1.8685098806102507,-0.22199189997799326,319.26098816613575,4709,-0.0004380300988340302,0.004581630001684767,-0.0009708848632568046
25,8,16,6522.4827504578125,5943.0155433708,1233,1233.1134230593523,0.00014454811657457956,1.8686504626433205,-0.22188888045070612,319.0201722935953,4709,-0.00042006979256481447,0.004089269329293543,-0.0008924135492128782
25,8,17,6522.564914074818,5943.459950646325,1232,1232.4636774302169,0.00014455164499935084,1.8687860953797937,-0.22177958220685953,318.9229828828793,4709,-0.00040747809923358247,0.0035601999007979224,-0.0008177022049111748
25,8,18,6522.61880625375,5943.87515897997,1232,1231.8006271946185,0.00014455639093628842,1.8689143436847788,-0.22166860703613153,318.8956004858178,4709,-0.0003992190447420496,0.0030202969087933518,-0.0007478996285800177
25,8,19,6522.652493928943,5944.2549265663,1231,1231.1554304735218,0.00014456166601740515,1.8690328394359028,-0.2215609086168225,318.8885431522117,4709,-0.00039405635971767605,0.00249493152703284,-0.0006840551587447008
25,8,20,6522.6759587227825,5944.59454827764,1231,1230.5607434931883,0.00014456678638558862,1.8691395836891505,-0.2214616851308181,318.89083770695476,4708,-0.00039046034606982083,0.0020106947939013686,-0.0006269597959870366
25,8,21,6522.703762860575,5944.893825780614,1230,1230.0502133489176,0.00014457103639916737,1.8692338374138966,-0.2213763429887088,318.901715768444,4708,-0.00038619932167505144,0.0015949845843252763,-0.000576646883040155
25,8,22,6522.76786004742,5945.169242679287,1230,1229.6576264612477,0.00014457327749674675,1.869319640807373,-0.22131108356536752,318.9291753820405,4708,-0.00037637633493758926,0.0012753122218178703,-0.0005303452856620927
25,8,23,6522.99833661852,5945.5268786655315,1229,1229.4453773585897,0.0001445699933174467,1.869426622415718,-0.22127797265289692,319.0176257954005,4708,-0.00034105546654006336,0.0011024838003457216,-0.0004702214605707411
25,8,24,6524.5727411491935,5947.0116373111505,1230,1229.801022664773,0.0001445310199468165,1.8698516673065397,-0.22135754459884627,319.59192646466573,4710,-9.977569147601173e-05,0.0013920756813099455,-0.0002206118783543154
25,9,0,6517.697083603744,5937.649862409846,1234,1233.9935802655139,0.0001446557041517204,1.867134962469498,-0.22187051304308741,320.0630741746424,4706,-0.0011534801706374331,0.004805956366757735,-0.0017944627724465478
25,9,1,6516.9955712444325,5937.581194943883,1233,1232.5967785743983,0.00014468494816813023,1.8671246568208646,-0.22165597498672518,319.41145712636046,4705,-0.0012609879559376536,0.003668580385600695,-0.0018060067749289255
25,9,2,6517.209167247614,5937.688029133108,1233,1232.6521888427499,0.00014468340902800314,1.8671539300595912,-0.22169516200545142,319.31009655035245,4705,-0.0012282540590273783,0.003713699394786607,-0.0017880463896383647
25,9,3,6517.647277028449,5937.871937408659,1233,1232.9850767689836,0.0001446750503767878,1.8672026944672002,-0.22178681739941525,319.2771247283212,4706,-0.0011611131004529707,0.003984760587025793,-0.0017571287263792312
25,9,4,6518.198973277395,5938.120453415703,1233,1233.4305317588044,0.00014466273991227416,1.867268455715909,-0.22189788187151716,319.26147344557955,4706,-0.0010765648510951964,0.004347481944918963,-0.001715349561209556
25,9,5,6518.810731121942,5938.428787351215,1234,1233.918620436338,0.0001446476093389235,1.8673503446813582,-0.22201206913825824,319.25275339571624,4707,-0.0009828120752043423,0.004744918704934653,-0.0016635141298730893
25,9,6,6519.445305034029,5938.793002643738,1234,1234.3956534113313,0.00014463056113966759,1.867447701815808,-0.22211810107821567,319.24840814109234,4707,-0.0008855627039108249,0.005133353120090556,-0.0016022842274429072
25,9,7,6520.075879977286,5939.208926729573,1235,1234.819985244903,0.00014461258209573217,1.8675598280094907,-0.2222080822382172,319.2490187745577,4708,-0.000788926180383509,0.005478874491244845,-0.001532361322730158
25,9,8,6520.683985856671,5939.671947085058,1235,1235.1568270502592,0.0001445946067517742,1.867685913469259,-0.22227690250893656,319.260988166465,4708,-0.0006957330734439493,0.005753155215057371,-0.0014545208482320549
25,9,9,6521.257659834189,5940.176983868489,1235,1235.380944007641,0.00014457750940466543,1.867825002772875,-0.222321683069938,319.3268668297555,4708,-0.0006078167053448214,0.0059356472938665306,-0.0013696167994238229
25,9,10,6521.789707511546,5940.718489390912,1235,1235.4761168178613,0.00014456203251147096,1.8679759670205178,-0.22234124692399954,319.52621832356095,4709,-0.0005262796280467441,0.006013143812586774,-0.0012785818237267543
25,9,11,6522.27624817793,5941.290436108872,1235,1235.4342007748887,0.00014454873159588808,1.8681374752919675,-0.22233568117385447,319.6992820980671,4709,-0.0004517165661033218,0.005979012768212,-0.0011824292391020563
25,9,12,6522.715633927813,5941.886284712135,1235,1235.2544944580734,0.00014453795196760246,1.8683079630710389,-0.22230602216078155,319.7610091411258,4709,-0.00038438006342400577,0.005832683013810902,-0.0010822583989701373
25,9,13,6523.107729976836,5942.498933694227,1235,1234.9431154499875,0.0001445298254916336,1.8684855974207222,-0.22225405962173128,319.6992820980443,4710,-0.00032429077590701016,0.005579135923278411,-0.0009792631701385224
25,9,14,6523.453490381486,5943.120656333025,1235,1234.5124146515477,0.00014452428412466747,1.8686682402982395,-0.22218223738667772,319.526218323072,4710,-0.0002713024930136587,0.005228428484759018,-0.0008747425272833675
25,9,15,6523.754747334696,5943.7430355927845,1234,1233.982392959707,0.00014452113393920139,1.8688534134903756,-0.22209362091033352,319.3268668298123,4710,-0.0002251344285226775,0.004796846861092607,-0.000770111496868453
25,9,16,6524.014136723039,5944.356915813402,1233,1233.3749948623245,0.000144519970547465,1.8690382720471779,-0.22199189997799137,319.2609881658974,4710,-0.0001853826289983651,0.004302259826041155,-0.0006669092788840203
25,9,17,6524.235101784957,5944.952407888167,1233,1232.7191157634313,0.0001445203581973904,1.8692195992861724,-0.22188139487420142,319.2490187745804,4710,-0.0001515194131617159,0.0037681960871662756,-0.0005667983763925077
25,9,18,6524.421962840896,5945.519026483073,1232,1232.0454571550813,0.00014452177280111316,1.869393849378977,-0.22176703614554188,319.24840814127396,4710,-0.00012288268564542015,0.0032196549982552725,-0.00047154152695916274
25,9,19,6524.580167671034,5946.046149424959,1231,1231.3867694671005,0.0001445236708229078,1.8695572959943518,-0.22165429620646016,319.25275339552326,4710,-9.863756624561848e-05,0.002683304304983425,-0.00038292447280752206
25,9,20,6524.717243774552,5946.5243437718445,1231,1230.7781615637557,0.00014452553677961295,1.8697064465718711,-0.22154908027751471,319.2614734451368,4710,-7.763045480824182e-05,0.0021877321592667087,-0.000302533029055696
25,9,21,6524.846570986798,5946.94951164465,1230,1230.2535567674413,0.0001445267438056303,1.869839283500577,-0.2214576943783181,319.27712472835526,4710,-5.78108721835946e-05,0.0017605613599163128,-0.00023105610894080808
25,9,22,6525.004442180132,5947.339276552115,1230,1229.8513811256562,0.00014452620337207907,1.8699600297650723,-0.22138754785535714,319.31009655081806,4710,-3.361688310732358e-05,0.0014330811470255611,-0.00016553094362048437
25,9,23,6525.355177839781,5947.829020865536,1230,1229.6407895023742,0.00014451972134731921,1.8701067526277722,-0.22135324026815395,319.4114571267808,4710,2.013386482202506e-05,0.0012616023639762108,-8.319778204801676e-05
25,9,24,6527.420798936772,5949.783926310572,1230,1230.0676289182586,0.00014446967294421827,1.870670042944199,-0.2214520079956193,320.0630741743572,4712,0.00033669329026797534,0.0016091655882519706,0.00024545033382428194
25,10,0,6517.699814820802,5937.8039202179625,1234,1234.112752599494,0.0001446372415449908,1.8671727601695423,-0.22183359073311673,320.42545328143433,4706,-0.0011530616076668165,0.004902995016660139,-0.0017685634081056056
25,10,1,6517.051624290693,5937.732056004454,1233,1232.7708310038595,0.00014466759271545578,1.8671618529743084,-0.22163674455331658,319.71578347959877,4705,-0.0012523977453977597,0.0038103063399650416,-0.0017806448304723554
25,10,2,6517.275621992454,5937.853286144577,1233,1232.8201085084033,0.0001446662663264252,1.8671952529413542,-0.22167513872142347,319.6051164982218,4705,-0.0012180697731118961,0.003850431613606986,-0.001760264275883383
25,10,3,6517.7272206324415,5938.0610729942755,1233,1233.134873723786,0.0001446581248724848,1.867250855653047,-0.2217642791635331,319.5687572577489,4706,-0.0011488616273320762,0.0041067359966537875,-0.001725332276062308
25,10,4,6518.30575254008,5938.342423574108,1234,1233.559583752981,0.00014464614751637863,1.8673260751394307,-0.22187448657062311,319.550869402756,4706,-0.0010602007744046071,0.004452565321772406,-0.0016780331403438709
25,10,5,6518.96275941469,5938.692927186169,1234,1234.0289374295483,0.00014463143869325928,1.8674201776710977,-0.22199096316548514,319.53984290815345,4707,-0.0009595135191072801,0.0048347467021292445,-0.0016191083713720245
25,10,6,6519.663120415657,5939.109322713209,1234,1234.4921339229659,0.00014461481625855803,1.8675327128425359,-0.2221029026738669,319.5322788225029,4707,-0.0008521821811411368,0.005211914462964762,-0.0015491062105172926
25,10,7,6520.3799879567205,5939.5882651324,1235,1234.9096651930276,0.00014459717433643372,1.8676632327689862,-0.22220214798491908,319.52708110700735,4708,-0.0007423211919934669,0.005551898328227001,-0.0014685890049008776
25,10,8,6521.093510182184,5940.126043882788,1235,1235.2462290839737,0.00014457931925872464,1.867811205825491,-0.2222828679493482,319.52428080646035,4708,-0.0006329728773075693,0.005825952754221486,-0.0013781805539346825
25,10,9,6521.789707511269,5940.718489390664,1235,1235.4761168175564,0.00014456203251143537,1.86797596702052,-0.22234124692400306,319.52621832362917,4709,-0.0005262796280892656,0.006013143812338528,-0.0012785818237683877
25,10,10,6522.459222101353,5941.360903224299,1236,1235.5819402865009,0.0001445459802982511,1.8681566715793243,-0.22237513037479023,319.56045593857493,4709,-0.0004236755472762921,0.006099312860232464,-0.0011705826892983717
25,10,11,6523.096109811171,5942.0479644360785,1236,1235.5530297157577,0.00014453163731675182,1.868352241672393,-0.2223836909579379,319.69738615824497,4710,-0.0003260715831284733,0.006075771802848351,-0.0010550776794199246
25,10,12,6523.696815016582,5942.773596167157,1235,1235.387164565858,0.0001445193135382709,1.8685613021876522,-0.2223671641623516,319.7583830269678,4710,-0.00023401264019640156,0.005940712517906954,-0.0009330884027305419
25,10,13,6524.259381730198,5943.530788157986,1235,1235.089033937817,0.00014450912418890427,1.8687821038969594,-0.22232667229714556,319.69738615774406,4710,-0.00014779847638068944,0.005697953207306261,-0.0008057933860986521
25,10,14,6524.782891710095,5944.311377922618,1235,1234.6693257990642,0.00014450099288296594,1.8690124345473862,-0.2222641333069503,319.56045593856356,4711,-6.75698135863545e-05,0.0053561967796402765,-0.0006745648624546519
25,10,15,6525.267088257158,5945.105802049056,1234,1234.1463120808664,0.00014449472973503455,1.8692495216686766,-0.22218223738667348,319.5262183237542,4711,6.634008675288072e-06,0.004930321550051575,-0.0005410105808291155
25,10,16,6525.712136380042,5945.902844678141,1234,1233.5420279755556,0.0001444899941805409,1.869489936587375,-0.22208446609711277,319.5242808065627,4711,7.483827821963551e-05,0.004438270150380896,-0.0004070160907202469
25,10,17,6526.118485154907,5946.689441606889,1233,1232.8853787056187,0.00014448643349887757,1.8697295197364145,-0.22197512294002106,319.5270811067458,4711,0.00013711181661912875,0.0039035792830794946,-0.00027477767517924967
25,10,18,6526.486854764139,5947.450666526153,1232,1232.2066103955835,0.00014448362141638807,1.8699633686781867,-0.22185934118067951,319.5322788222755,4711,0.0001935649928672678,0.0033508775090804743,-0.00014680466446070906
25,10,19,6526.818537688873,5948.17019107321,1232,1231.5399445630196,0.00014448118594188997,1.8701859793791082,-0.22174303910945298,319.5398429083013,4711,0.0002443958815703251,0.0028080304390638577,-2.584209447320518e-05
25,10,20,6527.116732159708,5948.831992773431,1231,1230.9218820633387,0.00014447880158707994,1.8703917710537312,-0.22163282258578634,319.550869402756,4712,0.0002900946162007756,0.002304759683836144,8.541642312476228e-05
25,10,21,6527.391666591048,5949.425918179656,1230,1230.3874535346204,0.00014447601068205907,1.87057675278796,-0.2215359608615876,319.56875725773756,4712,0.0003322287160836268,0.0018695896979494808,0.00018526394578644023
25,10,22,6527.682906513278,5949.969330240907,1230,1229.9787043481663,0.0001444718077220281,1.8707448640097992,-0.22146119576864012,319.60511649860854,4712,0.0003768616560657634,0.0015367568341668747,0.00027661943846557513
25,10,23,6528.194284486385,5950.631873256869,1230,1229.77117976543,0.00014446127770721597,1.870944116124161,-0.2214258468507411,319.71578347957603,4712,0.0004552310712446772,0.0013677754552028354,0.0003880025820510724
25,10,24,6530.864472070398,5953.171849962112,1230,1230.2620571191383,0.00014439811660293343,1.871681363676302,-0.2215444286525436,320.4254532815258,4714,0.0008644411866229884,0.001767482955095545,0.0008150097095096509
25,11,0,6517.638177013905,5937.939179074151,1234,1234.0331239804134,0.00014462521406276315,1.867207182878224,-0.22177941231707204,320.65335538081524,4706,-0.001162507690864456,0.004838155691700319,-0.0017458244217498642
25,11,1,6517.049529566706,5937.868442212183,1233,1232.7692972456173,0.00014465568907273828,1.86719661967204,-0.22160130646972862,319.9076878624524,4705,-0.0012527187648833094,0.003809057444150721,-0.0017577163198810863
25,11,2,6517.285790451941,5938.005990590278,1233,1232.8192520985513,0.00014465427922585836,1.8672346441756025,-0.22163900660882443,319.7913633226103,4705,-0.0012165114419652179,0.0038497342633661003,-0.0017345924315023131
25,11,3,6517.751620892172,5938.240020112112,1233,1233.1218801391005,0.00014464605928557069,1.8672977285320207,-0.22172522688068522,319.7531148969107,4706,-0.0011451222521813298,0.004096155689352843,-0.0016952486557689772
25,11,4,6518.356608177037,5938.557427495602,1234,1233.5315015196047,0.00014463404338414058,1.8673832943950661,-0.2218335671986732,319.73419906945753,4706,-0.00105240707436971,0.004429698756000855,-0.0016418878454992347
25,11,5,6519.057768112085,5938.954395096979,1234,1233.9874762610814,0.00014461932491848363,1.867490810728368,-0.22195078161378098,319.7223573349888,4707,-0.0009449532985984499,0.004800986049156908,-0.001575151802287289
25,11,6,6519.823100988791,5939.428552827533,1234,1234.4417174787977,0.00014460266582408073,1.8676201126757725,-0.2220667786653242,319.7139325104894,4707,-0.0008276649265548386,0.00517086178310544,-0.0014954389726112849
25,11,7,6520.627043007333,5939.977650464609,1235,1234.8559549897245,0.00014458487317398143,1.867771097998879,-0.22217346706616303,319.7075823114208,4708,-0.0007044596475944687,0.0055081636337683815,-0.0014031276517169067
25,11,8,6521.449699500969,5940.599221610273,1235,1235.1956124623036,0.00014456666822458992,1.8679436298595826,-0.2222646071585263,319.7027615110076,4709,-0.0005783863482153873,0.005784737075502644,-0.0012986324770668523
25,11,9,6522.276248177882,5941.29043610882,1235,1235.4342007751475,0.0001445487315958846,1.868137475291966,-0.22233568117384872,319.69928209816953,4709,-0.0004517165661107603,0.00597901276842272,-0.001182429239110716
25,11,10,6523.096109810963,5942.047964435906,1236,1235.553029715223,0.0001445316373167641,1.868352241672393,-0.2223836909579392,319.6973861578124,4710,-0.0003260715831604477,0.0060757718024129215,-0.0010550776794490124
25,11,11,6523.901996904591,5942.867797045354,1236,1235.5401851700178,0.00014451578827260716,1.8685872980238694,-0.222406931751809,319.7065854491204,4710,-0.0002025682186252986,0.006065312853731797,-0.0009172518612694525
25,11,12,6524.6889812026175,5943.74499240892,1235,1235.3916291717298,0.00014450142487355708,1.8688416738879026,-0.22240479444472463,319.7568250072267,4711,-8.196173489938285e-05,0.005944347919780046,-0.0007697825275376768
25,11,13,6525.453662867557,5944.6733385821835,1235,1235.110446377078,0.0001444886115782527,1.86911393074111,-0.22237762786882467,319.70658544853984,4711,3.5226837997504035e-05,0.005715388748992911,-0.0006137139967065108
25,11,14,6526.193467530891,5945.64492089514,1235,1234.7060029538457,0.00014447724170128684,1.8694020031920409,-0.2223266722971459,319.6973861579945,4712,0.00014860297436092296,0.005386061946020648,-0.00045037684023230273
25,11,15,6526.906061314154,5946.649600057386,1234,1234.1953077343596,0.00014446711325188035,1.8697030113108932,-0.22225405962173705,319.69928209828333,4712,0.0002578090039344616,0.004970217320380721,-0.0002814756207043523
25,11,16,6527.58886107123,5947.674428352931,1234,1233.600026198469,0.00014445791804106397,1.8700130536376085,-0.22216286337100266,319.7027615113491,4712,0.00036244905583426856,0.004485496457530491,-0.00010918703801165996
25,11,17,6528.238634173884,5948.70308052257,1233,1232.9483870602626,0.0001444493610773219,1.8703270067530857,-0.22205717086530838,319.70758231126143,4713,0.00046202772510040013,0.00395488519832865,6.374439368417306e-05
25,11,18,6528.8512577571855,5949.715481393315,1232,1232.2710049479704,0.00014444114213391025,1.87063839072398,-0.22194214060703138,319.7139325108765,4713,0.0005559131767096659,0.0034033121658165744,0.0002339437450251669
25,11,19,6529.421932747137,5950.688056611723,1232,1231.6029496890803,0.00014443307845072448,1.870939433901146,-0.22182400608044828,319.7223573346928,4713,0.0006433699456196429,0.002859333725369284,0.0003974478233863543
25,11,20,6529.946843182297,5951.5956994265525,1231,1230.9812331730127,0.00014442507471317515,1.871221667134829,-0.22171001337088253,319.7341990694917,4714,0.0007238132302118672,0.0023530876082848984,0.0005500358177246145
25,11,21,6530.429865385243,5952.4189475472085,1230,1230.4425554496586,0.00014441694398908636,1.871478076793529,-0.22160841852078475,319.7531148974231,4714,0.0007978370825363346,0.0019144576237823951,0.0006884358331504803
25,11,22,6530.91140209737,5953.172207349916,1230,1230.0313418050778,0.00014440782694794582,1.8717114348727144,-0.22152939913137762,319.7913633226103,4714,0.0008716332812410688,0.0015796180216789413,0.0008150697916116112
25,11,23,6531.6402332188545,5954.064557423415,1230,1229.8286863542344,0.00014439204343544762,1.8719812738622215,-0.22149315986034257,319.90768786268035,4714,0.0009833277064190682,0.0014146014386480221,0.0009650868531010381
25,11,24,6535.062450106621,5957.339481047466,1230,1230.3753888332542,0.0001443130416907581,1.8729394930478498,-0.2216318050618155,320.6533553807007,4717,0.0015077874020141824,0.0018597657539771717,0.0015156492761601026
25,12,0,6517.518237400725,5938.0512807321265,1234,1233.7767389554404,0.00014461965681219195,1.867237017819038,-0.22171113519256927,320.7310824234296,4705,-0.001180888610333053,0.00462938864109641,-0.001726978498140963
25,12,1,6516.994865920902,5937.986412199572,1233,1232.610947856988,0.0001446493054813476,1.867227870588751,-0.22155253515369966,319.9732177768586,4705,-0.0012610960477904554,0.0036801180303431824,-0.0017378838445133438
25,12,2,6517.244844729774,5938.142036037535,1233,1232.6663734590093,0.0001446475522363548,1.8672709857692817,-0.2215895413862368,319.8549915655077,4705,-0.0012227864332027272,0.0037252495253012885,-0.0017117212077162325
25,12,3,6517.725279683822,5938.404335683605,1233,1232.9604039123278,0.00014463901066524477,1.8673421236389458,-0.22167238907875358,319.8161308408076,4705,-0.0011491590805197127,0.003964670179972929,-0.0016676248118042691
25,12,4,6518.356015818629,5938.7605819021155,1233,1233.3581613134593,0.00014462665531244102,1.8674388303117802,-0.22177784142349408,319.7969123371851,4706,-0.0010524978541537333,0.004288552744872387,-0.0016077346269374182
25,12,5,6519.099797619905,5939.207813308851,1234,1233.8030204837712,0.0001446115510666243,1.867560855380576,-0.22189420795771167,319.78486830908145,4707,-0.0009385122156395642,0.004650788943846296,-0.0015325485049918486
25,12,6,6519.928523458362,5939.744822463152,1234,1234.2504985114424,0.00014459444214363033,1.867708408918597,-0.22201227167558857,319.7762763202103,4707,-0.0008115087803743926,0.0050151576040549095,-0.0014422694343517728
25,12,7,6520.819081682331,5940.370789856127,1235,1234.6624804064443,0.00014457603990269667,1.867881847311918,-0.22212426861041637,319.7697652426304,4708,-0.0006750294424570091,0.005350622770676106,-0.0013370351864133712
25,12,8,6521.752885259323,5941.084924319967,1235,1235.0063326113795,0.00014455701914138956,1.8680815721789885,-0.22222383976171917,319.764762379725,4709,-0.0005319226915418973,0.005630611863937318,-0.0012169787680240685
25,12,9,6522.71563392779,5941.886284712117,1235,1235.254494458152,0.0001445379519676,1.8683079630710389,-0.22230602216077539,319.76100914141045,4709,-0.0003843800634275585,0.005832683013875073,-0.001082258398973246
25,12,10,6523.696815016529,5942.773596167107,1235,1235.387164565329,0.00014451931353826484,1.8685613021876524,-0.22236716416235114,319.7583830275599,4710,-0.00023401264020450618,0.005940712517476188,-0.0009330884027389796
25,12,11,6524.688981202233,5943.74499240857,1235,1235.3916291714318,0.00014450142487357163,1.8688416738879021,-0.22240479444472747,319.756825007705,4711,-8.19617349583357e-05,0.00594434791953713,-0.0007697825275964076
25,12,12,6525.686914738658,5944.797642864934,1235,1235.26230773106,0.00014448443495758049,1.869148826738405,-0.22241749208667685,319.75630824882705,4711,7.097302514069703e-05,0.005839045140292987,-0.0005928166339085328
25,12,13,6526.68675772412,5945.927230698323,1235,1235.000649816043,0.0001444683224196502,1.8694819868756196,-0.22240479444472147,319.75682500781886,4712,0.00022420041107085176,0.005625984524950889,-0.0004029164450791711
25,12,14,6527.685143532095,5947.127252490884,1235,1234.6149391538918,0.00014445291796573619,1.869839612609288,-0.22236716416236135,319.7583830269223,4713,0.00037720448244016325,0.005311911277762427,-0.00020117528049634625
25,12,15,6528.67833088714,5948.388121046764,1234,1234.1214674610458,0.00014443798192704616,1.8702190838913113,-0.22230602216077486,319.7610091411941,4713,0.0005294118833671924,0.004910091281127293,1.0795112396655426e-05
25,12,16,6529.661329418163,5949.696080655242,1234,1233.5405770900582,0.00014442318149478675,1.8706163299221843,-0.2222238397617264,319.76476237958843,4714,0.0006800578322530004,0.004437088735490979,0.00023068219801247736
25,12,17,6530.627029387705,5951.032010607118,1233,1232.900661901179,0.00014440827625729694,1.8710254202944603,-0.2221242686104152,319.7697652422659,4714,0.0008280527515325264,0.003916023955545578,0.0004552715062762225
25,12,18,6531.565452176214,5952.370344793768,1232,1232.2320625955856,0.0001443930746102404,1.871438193764092,-0.22201227167558507,319.77627632008506,4715,0.0009718674033041275,0.0033716025133054828,0.0006802650014690048
25,12,19,6532.463548466651,5953.678691515502,1232,1231.5700524122542,0.00014437759856423594,1.8718441088570044,-0.2218942079577106,319.78486830875113,4715,0.0011095019608275969,0.0028325464063492234,0.0009002171664689307
25,12,20,6533.306907257591,5954.919677166193,1231,1230.9525163139851,0.00014436206731029296,1.8722307826961264,-0.22177784142349502,319.7969123370712,4716,0.0012387479172586424,0.0023297042848540173,0.00110884495302499
25,12,21,6534.088138835918,5956.059740436129,1230,1230.4168777497507,0.00014434666656489985,1.8725866297774465,-0.22167238907875328,319.81613084104686,4716,0.0013584727883568792,0.0018935490013827216,0.0013005062155126978
25,12,22,6534.843801969458,5957.105494961148,1230,1230.0088972719986,0.00014433080417895983,1.8729116771922694,-0.22158954138623735,319.854991565314,4717,0.0014742792582522757,0.0015613420752831342,0.0014763128025707672
25,12,23,6535.872664104727,5958.310288737442,1230,1229.814115421747,0.00014430800312309402,1.8732784469296513,-0.2215525351537053,319.9732177769156,4717,0.0016319538709284043,0.001402736741791033,0.0016788562072140856
25,12,24,6540.245216706074,5962.521558075156,1230,1230.4088438785689,0.00014420934497538787,1.8745213060579484,-0.22171113519256752,320.73108242339526,4720,0.0023020538913196553,0.001887007248050132,0.002386832000511818
25,13,0,6517.3465111641335,5938.137079834542,1233,1233.3697606967078,0.00014462030917497111,1.8672613074893645,-0.2216318050618172,320.65335538098697,4705,-0.0012072059048594541,0.004297997793505148,-0.0017125544177211127
25,13,1,6516.893379291835,5938.082998408465,1232,1232.3184458581989,0.00014464825767957637,1.8672547181163597,-0.22149315986034152,319.9076878625208,4705,-0.0012766490207121173,0.003441941952823102,-0.0017216462941743726
25,13,2,6517.158128732589,5938.2582120850475,1232,1232.3821933107604,0.0001446459338481625,1.8673033344353405,-0.2215293991313836,319.79136332225727,4705,-0.0012360757853911997,0.0034938496945338127,-0.0016921903198047206
25,13,3,6517.653219867633,5938.550392776504,1233,1232.6688397924836,0.00014463686514418122,1.867382998102017,-0.22160841852078297,319.7531148967741,4705,-0.0011602023517390814,0.0037272577906641846,-0.0016430704843747312
25,13,4,6518.308750450895,5938.947712664856,1233,1233.0559937804085,0.00014462393135518842,1.8674915092080833,-0.22171001337088303,319.7341990695145,4706,-0.0010597413402293476,0.004042506297074144,-0.001576275216584544
25,13,5,6519.093329904745,5939.4483649343165,1233,1233.4897743706324,0.000144608126387317,1.8676289842722151,-0.22182400608045288,319.72235733502293,4707,-0.0009395034023572668,0.004395721522650442,-0.0014921082685189768
25,13,6,6519.983338122657,5940.052622109935,1234,1233.9304723003177,0.00014459020975804074,1.8677961087897708,-0.22194214060702633,319.71393251069435,4707,-0.0008031083536647055,0.004754569341462567,-0.0013905238247425844
25,13,7,6520.959116491717,5940.761494756274,1234,1234.3398041399685,0.00014457079714542043,1.8679938280088748,-0.2220571708653014,319.7075823115347,4708,-0.0006535689050590765,0.005087876643209643,-0.001271351994614256
25,13,8,6522.004682444336,5941.576388725527,1235,1234.6863622732108,0.0001445505031887319,1.8682232527956215,-0.2221628633710108,319.70276151158816,4709,-0.000493334408176338,0.005370069097107466,-0.0011343564338770484
25,13,9,6523.107729977087,5942.498933694467,1235,1234.9431154503504,0.00014452982549168254,1.8684855974207217,-0.2222540596217309,319.6992820984882,4710,-0.0003242907758684854,0.005579135923573952,-0.0009792631700982213
25,13,10,6524.259381730183,5943.53078815797,1235,1235.0890339376576,0.00014450912418889414,1.868782103896959,-0.22232667229714545,319.6973861583815,4710,-0.00014779847638290988,0.005697953207176587,-0.0008057933861013167
25,13,11,6525.453662867639,5944.673338582247,1235,1235.1104463769618,0.0001444886115782329,1.8691139307411118,-0.22237762786883108,319.70658544800483,4711,3.522683801016058e-05,0.00571538874889832,-0.0006137139966958527
25,13,12,6526.686757724117,5945.927230698315,1235,1235.0006498158937,0.0001444683224196249,1.86948198687562,-0.22240479444472128,319.7568250078075,4712,0.00022420041107040767,0.005625984524829208,-0.0004029164450806144
25,13,13,6527.956098663621,5947.2916696902785,1235,1234.759956629185,0.00014444811929068972,1.8698866896132567,-0.22240693175181234,319.70658544867644,4713,0.0004187287488615077,0.0054299948928493436,-0.00017353435139910722
25,13,14,6529.259301091329,5948.763420816461,1234,1234.3960148216408,0.0001444277306941802,1.8703276234929822,-0.22238369095793475,319.6973861580856,4714,0.0006184464087730657,0.005133647406250219,7.388847709699498e-05
25,13,15,6530.592925811285,5950.335442900509,1234,1233.9238336106746,0.00014440680994608747,1.8708030770975443,-0.22233568117385377,319.6992820980443,4715,0.0008228263290424032,0.004749163644866883,0.0003381683159731086
25,13,16,6531.951035207204,5951.995108903278,1233,1233.3632753574523,0.00014438496317657266,1.8713094425859242,-0.22226460715853386,319.7027615106661,4715,0.0010309585613723637,0.004292716965778709,0.0006171823757952222
25,13,17,6533.323537378382,5953.722041171178,1233,1232.7418550066018,0.00014436193135845452,1.8718404872203613,-0.22217346706617117,319.707582311307,4716,0.0012412965073607118,0.0037867120076267025,0.0009075048758042659
25,13,18,6534.69444608945,5955.485784670124,1232,1232.090616202238,0.00014433762893279514,1.8723865694388107,-0.22206677866532196,319.7139325105691,4717,0.0014513902532788947,0.00325642672891302,0.0012040158806116974
25,13,19,6536.040604787995,5957.244037524733,1231,1231.4440864807193,0.0001443122773949717,1.8729340276117044,-0.22195078161378398,319.72235733487497,4718,0.0016576910239241016,0.0027299759227343845,0.0014996038280297164
25,13,20,6537.332704824862,5958.943490425077,1231,1230.8406401134032,0.00014428648603947888,1.873465376653967,-0.2218335671986752,319.7341990693095,4719,0.0018557072263558627,0.00223860666934117,0.001785306645590623
25,13,21,6538.544957536631,5960.529706184907,1230,1230.3179195334333,0.00014426097102768112,1.8739622595078165,-0.22172522688068363,319.7531148973092,4719,0.002041486710546714,0.0018129701338931437,0.0020519726483678724
25,13,22,6539.701763812108,5961.993198967844,1230,1229.9214841433877,0.00014423559927919063,1.8744192510218545,-0.221639006608825,319.7913633224395,4720,0.002218768948054173,0.0014901640451072673,0.002298007128923807
25,13,23,6541.155209278836,5963.63478767042,1230,1229.739906281215,0.0001442031025322759,1.8749227990669084,-0.22160130646972515,319.907687862441,4721,0.0024415115713429802,0.0013423103444292206,0.002573982130941843
25,13,24,6546.754404961698,5969.062192180203,1230,1230.3778163470572,0.0001440792694130051,1.8765393072204926,-0.22177941231707082,320.6533553805519,4725,0.003299596420935025,0.0018617424095834778,0.0034864079829171057
25,14,0,6517.130405619014,5938.194874453389,1233,1232.8417244345806,0.0001446266472997687,1.8672794193008724,-0.22154442865254084,320.42545328156007,4705,-0.0012403243927072705,0.003868032848915348,-0.001702838299409648
25,14,1,6516.751419753146,5938.156398052532,1232,1231.9164197929601,0.00014465210745967305,1.867276531273823,-0.2214258468507449,319.7157834795874,4705,-0.0012984045256637655,0.003114583535869464,-0.001709306743537975
25,14,2,6517.03158015268,5938.35238721597,1232,1231.9903656437432,0.0001446490376411629,1.8673309773557687,-0.22146119576865017,319.6051164979715,4705,-0.001255469538584908,0.0031747955438603537,-0.0016763581068358624
25,14,3,6517.541069130338,5938.675557940558,1232,1232.2697293819742,0.0001446392882767201,1.8674195100120308,-0.22153596086158597,319.5687572579423,4705,-0.0011773896146950458,0.003402273508621656,-0.001622028394874353
25,14,4,6518.220201872351,5939.115526034705,1233,1232.645016655824,0.00014462556774466484,1.8675403190384738,-0.2216328225857847,319.5508694029721,4706,-0.001073311538165811,0.00370785928649231,-0.0015480633417037648
25,14,5,6519.043496018836,5939.671955654278,1233,1233.0678839421093,0.00014460884857216561,1.8676939788438502,-0.22174303910945922,319.53984290815345,4706,-0.0009471405175639491,0.004052188118349509,-0.001454519407621202
25,14,6,6519.992230235384,5940.346946308244,1233,1233.498633509764,0.00014458978951657875,1.8678817582522684,-0.22185934118067738,319.5322788225029,4707,-0.0008017456245078547,0.004402935268256636,-0.0013410436345495658
25,14,7,6521.051029528021,5941.143787621686,1234,1233.903815070939,0.0001445690295575908,1.8681053352405232,-0.22197512294002522,319.5270811067458,4708,-0.0006394830990971156,0.0047328631160101775,-0.0012070829885361123
25,14,8,6522.2077164829925,5942.066686083767,1234,1234.250530257495,0.0001445470554831631,1.8683667250819025,-0.2220844660971144,319.52428080649446,4709,-0.00046221914762989424,0.005015183453964678,-0.0010519302974048017
25,14,9,6523.453490381466,5943.12065633301,1235,1234.5124146515477,0.00014452428412467644,1.8686682402982386,-0.22218223738667456,319.5262183231971,4710,-0.0002713024930166563,0.005228428484759018,-0.0008747425272860321
25,14,10,6524.782891710139,5944.311377922653,1235,1234.6693257996617,0.00014450099288300876,1.8690124345473884,-0.22226413330695713,319.5604559383475,4711,-6.756981357969316e-05,0.005356196780126776,-0.0006745648624487677
25,14,11,6526.193467530775,5945.64492089503,1235,1234.706002954083,0.000144477241701297,1.8694020031920398,-0.2223266722971449,319.6973861581425,4712,0.00014860297434293734,0.005386061946214049,-0.00045037684025084346
25,14,12,6527.685143532126,5947.127252490916,1235,1234.6149391544207,0.00014445291796575473,1.8698396126092862,-0.22236716416235305,319.7583830270703,4713,0.0003772044824448262,0.005311911278192971,-0.00020117528049079514
25,14,13,6529.2593010914825,5948.76342081659,1234,1234.3960148219696,0.00014442773069422152,1.870327623492983,-0.22238369095793867,319.69738615809695,4714,0.0006184464087966024,0.005133647406518005,7.38884771185333e-05
25,14,14,6530.917519670162,5950.556285690702,1234,1234.056244235542,0.0001444012374953351,1.8708676643898348,-0.22237513037479584,319.56045593819965,4715,0.0008725708081334105,0.004856981859386655,0.00037529520980061903
25,14,15,6532.659901192977,5952.504642165213,1234,1233.6085603510485,0.0001443728835086775,1.871460003456824,-0.2223412469239941,319.52621832359506,4716,0.0011395933005804437,0.004492445575809079,0.0007028423482169366
25,14,16,6534.4828610008735,5954.600575124511,1233,1233.0745563955595,0.00014434217398584534,1.8721026644212877,-0.22228286794934488,319.5242808063466,4717,0.0014189645319448996,0.0040576213078551415,0.001055199245998173
25,14,17,6536.376280442426,5956.82593283415,1232,1232.4793242571106,0.00014430870217903792,1.8727902495913225,-0.22220214798492152,319.52708110652975,4718,0.0017091338042374282,0.0035729406679401166,0.0014293143318566681
25,14,18,6538.320054688433,5959.148011459297,1232,1231.8556904933178,0.00014427244019951698,1.8735124994684142,-0.222102902673873,319.5322788220254,4720,0.0020070200232582547,0.0030651333904372358,0.00181968961420087
25,14,19,6540.280591331703,5961.515164705158,1231,1231.237160786705,0.00014423377904838728,1.8742528161060479,-0.22199096316549827,319.5398429080056,4721,0.002307475103942247,0.002561482201862697,0.002217642597660552
25,14,20,6542.209540025413,5963.8548847685515,1231,1230.660926540977,0.00014419375106412708,1.8749875454873113,-0.22187448657062797,319.55086940266506,4722,0.002603089285596827,0.0020922710069020134,0.0026109836630587857
25,14,21,6544.053192855272,5966.082995426953,1230,1230.165251321897,0.0001441538288252167,1.875688667262984,-0.2217642791635378,319.5687572577831,4723,0.002885631752553408,0.0016886567413820774,0.0029855615597536023
25,14,22,6545.809866671412,5968.16024863883,1230,1229.7932323578962,0.00014411463810637374,1.876340844184639,-0.22167513872141809,319.6051164979943,4724,0.0031548445596569774,0.0013857322554793328,0.003334778119565618
25,14,23,6547.88377084274,5970.4337418213745,1230,1229.6345888797139,0.0001440682189918043,1.8770439512281838,-0.22163674455330823,319.7157834796102,4726,0.0034726733782439734,0.001256553372893876,0.003716985480432866
25,14,24,6555.110123131431,5977.4811373765115,1230,1230.3177565676863,0.0001439109774001714,1.879163243602408,-0.22183359073311454,320.425453281057,4731,0.0045801223348360676,0.001812837435509751,0.004901755453264434
25,15,0,6516.878499467705,5938.224575118751,1232,1232.2230723459886,0.0001446378817368147,1.8672911008066744,-0.22145200799562578,320.0630741745626,4705,-0.001278929375315374,0.0033642820081678515,-0.0016978451844045228
25,15,1,6516.576214597781,5938.2061156742875,1231,1231.430880798939,0.0001446601987956388,1.867292982357939,-0.22135324026815423,319.41145712684903,4704,-0.0013252549695319527,0.002719222910787522,-0.0017009484862334778
25,15,2,6516.872001482594,5938.423649858583,1232,1231.5152676316875,0.00014465623970749808,1.8673534782594179,-0.22138754785536388,319.3100965505909,4705,-0.0012799252009469964,0.0027879367141174782,-0.0016643778173102142
25,15,3,6517.395330117315,5938.778335453011,1232,1231.78731131452,0.00014464571795238748,1.867451065273216,-0.22145769437832408,319.2771247281509,4705,-0.0011997243295635007,0.0030094541654830387,-0.0016047499961121536
25,15,4,6518.096636019009,5939.261757222681,1232,1232.1497450399388,0.00014463108295790676,1.8675844569066062,-0.22154908027752376,319.26147344528437,4706,-0.0010922481841924014,0.0033045736636014844,-0.0015234797463529182
25,15,5,6518.956304316929,5939.8753634159275,1233,1232.55835243703,0.00014461323457479666,1.8677547756885198,-0.22165429620646157,319.2527533956368,4706,-0.0009605027721900639,0.0036372910723292406,-0.0014203235963661243
25,15,6,6519.960779922907,5940.623434272305,1233,1232.9781592853058,0.00014459283636531487,1.8679639830590606,-0.22176703614554186,319.24840814108103,4707,-0.0008065654304549863,0.00397912787635879,-0.0012945619754591853
25,15,7,6521.099630482282,5941.512013234918,1233,1233.3745056085734,0.00014457040104266745,1.868214640535325,-0.22188139487420372,319.2490187743534,4708,-0.0006320349324514529,0.004301861440594745,-0.001145178892707821
25,15,8,6522.365555439819,5942.54877057729,1234,1233.7180869802032,0.00014454639971670264,1.8685098806102507,-0.22199189997799118,319.2609881660903,4709,-0.00043803009884513244,0.004581630001980752,-0.000970884863268906
25,15,9,6523.754747334902,5943.743035592959,1234,1233.982392959872,0.00014452113393921198,1.868853413490377,-0.22209362091033608,319.32686682976686,4710,-0.00022513442849103615,0.004796846861226722,-0.0007701114968390321
25,15,10,6525.2670882572975,5945.1058020491755,1234,1234.1463120805684,0.00014449472973502374,1.8692495216686758,-0.22218223738667162,319.52621832377696,4711,6.634008696826399e-06,0.004930321549808658,-0.0005410105808091314
25,15,11,6526.906061314263,5946.649600057501,1234,1234.195307734632,0.00014446711325192426,1.869703011310894,-0.22225405962173755,319.69928209819227,4712,0.00025780900395111495,0.0049702173206025435,-0.0002814756206850344
25,15,12,6528.678330887029,5948.388121046658,1234,1234.1214674611988,0.00014443798192705656,1.8702190838913115,-0.2223060221607736,319.761009141103,4713,0.0005294118833500949,0.0049100912812518605,1.0795112378891858e-05
25,15,13,6530.592925811344,5950.335442900569,1234,1233.9238336112255,0.00014440680994614482,1.870803077097545,-0.22233568117385633,319.69928209775975,4715,0.000822826329051507,0.004749163645315413,0.00033816831598332264
25,15,14,6532.659901192769,5952.5046421650195,1234,1233.6085603513468,0.00014437288350867568,1.8714600034568234,-0.2223412469239913,319.5262183235496,4716,0.0011395933005486913,0.0044924455760519955,0.0007028423481845181
25,15,15,6534.888276575429,5954.905505824664,1233,1233.1900748631067,0.00014433540246820237,1.872193790189957,-0.22232168306993189,319.32686682966465,4717,0.0014810950560448788,0.0041516847180043115,0.0011064625438375053
25,15,16,6537.282964863956,5957.540980065949,1233,1232.6879758912808,0.00014429353423723554,1.8730060990485708,-0.2222769025089499,319.26098816611307,4719,0.001848084505292169,0.0037428397729051266,0.0015495241998517706
25,15,17,6539.840347957538,5960.401956701907,1232,1232.1294223528862,0.0001442466634067799,1.873894593387772,-0.22220808223822086,319.2490187749663,4721,0.002240007169099334,0.003288025476215095,0.0020304960971626596
25,15,18,6542.542218153763,5963.460114363974,1232,1231.545075491772,0.0001441945601342859,1.8748505585849433,-0.22211810107821708,319.24840814119455,4722,0.002654072690695841,0.002812208408750516,0.0025446170006730995
25,15,19,6545.34831857748,5966.659153207071,1231,1230.9709083333535,0.00014413774724919437,1.8758559816864298,-0.2220120691382554,319.2527533961362,4724,0.0030841116456470363,0.002344680384330111,0.0030824220853415962
25,15,20,6548.189838286767,5969.907043381598,1230,1230.4413322416121,0.00014407764465113247,1.8768809124497337,-0.2218978818715172,319.26147344527305,4726,0.0035195786574213628,0.001913461600180133,0.003628439791276916
25,15,21,6550.974524332553,5973.080266280004,1230,1229.9937909125777,0.00014401667904394034,1.8778845045006014,-0.22178681739942033,319.2771247282758,4728,0.003946335827933023,0.0015490413954677429,0.00416190483914014
25,15,22,6553.652968565407,5976.088833503356,1230,1229.6672240849446,0.00014395671826530906,1.8788346356101688,-0.22169516200545059,319.31009655081806,4730,0.004356811286707174,0.001283127294450237,0.004667688866669906
25,15,23,6556.67028739518,5979.315170003732,1230,1229.5495551442789,0.00014388941230472884,1.879840911997461,-0.22165597498672657,319.41145712683766,4732,0.0048192197683649685,0.001187312815063013,0.005210083085639194
25,15,24,6566.131722340186,5988.59267793819,1230,1230.2935101000508,0.00014368604337901522,1.8826588851414423,-0.2218705130430862,320.0630741745626,4738,0.006269198379857288,0.0017930942249366755,0.006769767473645549
25,16,0,6516.600659447736,5938.227784477973,1232,1231.5459080606688,0.0001446530377007415,1.8672965129150085,-0.22135754459884724,319.5919264642107,4704,-0.0013215087608646758,0.002812886345978205,-0.0016973056443136958
25,16,1,6516.375991981197,5938.23303397553,1231,1230.8905815797252,0.00014467174525658886,1.8673040760576498,-0.22127797265289956,319.01762579533244,4704,-0.0013559393755729898,0.0022792725882183618,-0.0016964231272150743
25,16,2,6516.687189756285,5938.472385495603,1231,1230.985186214482,0.00014466680908533505,1.8673707080217414,-0.22131108356537138,318.92917538161004,4704,-0.0013082478657285845,0.0023563064577811765,-0.0016561846459611784
25,16,3,6517.223528177768,5938.858458510188,1231,1231.2477028900084,0.00014465542371268486,1.8674773519386403,-0.22137634298871042,318.90171576816084,4705,-0.0012260532256775925,0.0025700663374377264,-0.0015912801416769762
25,16,4,6517.945365926802,5939.385279908035,1232,1231.595070313665,0.00014463977454243869,1.8676233680493588,-0.2214616851308137,318.890837707,4705,-0.001115430544958329,0.0028529177735552302,-0.0015027137814760394
25,16,5,6518.83882294973,5940.0563642768175,1232,1231.9881559520281,0.0001446206973703052,1.867810508993826,-0.2215609086168211,318.8885431526081,4706,-0.00097850696190116,0.003172996254599436,-0.0013898947119135308
25,16,6,6519.895629765995,5940.87850177251,1232,1232.3923873231292,0.00014459874986230987,1.8680415307079081,-0.22166860703612723,318.89560048632745,4707,-0.0008165497863805715,0.0035021503895384942,-0.001251681408741434
25,16,7,6521.110776858678,5941.860955260288,1233,1232.777368811966,0.00014457444030947385,1.8683200257591945,-0.22177958220685692,318.92298288293597,4708,-0.0006303267341217778,0.0038156298915881237,-0.0010865166492332046
25,16,8,6522.482750457985,5943.015543370959,1233,1233.113423058872,0.00014454811657457458,1.8686504626433202,-0.22188888045070534,319.0201722936066,4709,-0.00042006979253828014,0.004089269328902523,-0.0008924135491861218
25,16,9,6524.014136722954,5944.356915813326,1233,1233.374994862436,0.00014451997054749682,1.8690382720471779,-0.2219918999779943,319.26098816620384,4710,-0.00018538262901135472,0.004302259826131971,-0.0006669092788968989
25,16,10,6525.7121363800015,5945.902844678114,1234,1233.542027975257,0.00014448999418053594,1.869489936587376,-0.2220844660971138,319.52428080677873,4711,7.483827821364031e-05,0.0044382701501377575,-0.00040701609072479883
25,16,11,6527.588861071454,5947.674428353138,1234,1233.6000261984989,0.0001444579180410634,1.8700130536376096,-0.22216286337100583,319.702761511315,4712,0.0003624490558686855,0.004485496457554694,-0.00010918703797679896
25,16,12,6529.661329418541,5949.696080655584,1234,1233.5405770897598,0.0001444231814947481,1.8706163299221816,-0.22222383976171825,319.7647623802033,4714,0.000680057832310732,0.004437088735248063,0.0002306821980699869
25,16,13,6531.951035207124,5951.995108903205,1233,1233.3632753573177,0.00014438496317658887,1.8713094425859205,-0.22226460715852453,319.7027615110645,4715,0.0010309585613601513,0.004292716965669019,0.0006171823757827877
25,16,14,6534.4828610009345,5954.600575124572,1233,1233.074556394964,0.00014434217398582588,1.8721026644212886,-0.22228286794934757,319.52428080649446,4717,0.0014189645319542254,0.004057621307370418,0.001055199246008387
25,16,15,6537.2829648640645,5957.540980066055,1233,1232.6879758913929,0.00014429353423726446,1.8730060990485693,-0.2222769025089431,319.26098816593145,4719,0.0018480845053086004,0.003742839772996387,0.0015495241998695342
25,16,16,6540.37507777749,5960.840110155972,1232,1232.225432687296,0.0001442377421420551,1.8740283052449849,-0.22224575814382444,319.02017229331193,4721,0.0023219552886355466,0.003366203967116954,0.002104156082870512
25,16,17,6543.774429178773,5964.510164468186,1232,1231.714080896528,0.00014417363389284166,1.8751740159442498,-0.22218958315003373,318.92298288281137,4723,0.00284291081530319,0.0029498247141130918,0.0027211457372404713
25,16,18,6547.478342780888,5968.541126697486,1231,1231.1867263250467,0.00014410054753758917,1.8764406084409126,-0.22211014244897365,318.89560048547804,4726,0.0034105409404476816,0.002520414850872399,0.003398809275994452
25,16,19,6551.4527506090035,5972.885637964618,1231,1230.6782807169109,0.00014401872841089965,1.8778130773674486,-0.22201152218520168,318.8885431523136,4728,0.004019624697574553,0.0021064020199195177,0.004129184980842471
25,16,20,6555.6159168293725,5977.44084954193,1230,1230.2244917421565,0.00014392987488942935,1.8792579670180516,-0.2219009806822436,318.89083770647903,4731,0.004657635951756278,0.001736894534581701,0.004894982480708965
25,16,21,6559.831006810849,5982.039250272337,1230,1229.8580360978228,0.00014383739279783846,1.8807199973404463,-0.22178994073847558,318.90171576820615,4734,0.00530360459754653,0.0014385001020180699,0.005668040707086153
25,16,22,6563.971965586706,5986.512428164573,1230,1229.6128325984064,0.0001437450527361048,1.8821411212081576,-0.2216960472476678,318.92917538176863,4737,0.005938212528686204,0.00123883785038581,0.006420047148102848
25,16,23,6568.494460679785,5991.248580553712,1230,1229.5701739564495,0.00014364480469689455,1.8836308534045743,-0.22165583270931494,319.0176257955591,4740,0.006631291453147448,0.0012041021287301223,0.007216263437298531
25,16,24,6581.166930031234,6003.731158770868,1230,1230.4154983916092,0.00014337477073799273,1.887461591090655,-0.22188678391790556,319.59192646437,4749,0.008573365739045213,0.0018924258291890261,0.009314766882933645
25,17,0,6516.307988081785,5938.207762364255,1231,1230.843292124909,0.00014467100672183557,1.8672962339407078,-0.22126401864822365,319.0470636007455,4704,-0.001366361071670763,0.0022407661270564816,-0.0017006716536343003
25,17,1,6516.159954727832,5938.2393914193535,1230,1230.3220161929764,0.00014468577089284582,1.8673101550106692,-0.221202650990456,318.5656579712408,4704,-0.0013890473976103657,0.0018163059275115856,-0.0016953543481905697
25,17,2,6516.485924748935,5938.500270279307,1230,1230.4254826726028,0.00014467980370192865,1.8673828544288977,-0.2212344291430938,318.4939834458123,4704,-0.001339092019664645,0.0019005557458862121,-0.0016514968071456027
25,17,3,6517.034232510185,5938.916911598272,1231,1230.6779377139026,0.00014466754200404236,1.8674983578898663,-0.22129466534917433,318.4757231272154,4705,-0.0012550630609550195,0.0021061227223029277,-0.001581453325083526
25,17,4,6517.774816617533,5939.486165104068,1231,1231.0091902236127,0.00014465084721086474,1.867656773526607,-0.22137361641347583,318.4755164875422,4705,-0.0011415674736674486,0.0023758522412737904,-0.001485753508701837
25,17,5,6518.69928219413,5940.213826745409,1231,1231.383260734804,0.0001446304377105076,1.8678605476301287,-0.22146614537938203,318.4911275041729,4706,-0.0009998917848403899,0.0026804472438388682,-0.0013634229744927673
25,17,6,6519.804605419099,5941.109461526963,1232,1231.770136833566,0.00014460685908199085,1.868113313518968,-0.22156764975493196,318.5363131338475,4707,-0.0008304993994034948,0.0029954694729887876,-0.001212853705674699
25,17,7,6521.09148783005,5942.18596332479,1232,1232.1395970404471,0.0001445805086332381,1.8684198253774666,-0.22167360020763438,318.6593212517933,4708,-0.0006332828057017403,0.003296310435576988,-0.0010318780536362482
25,17,8,6522.564914074884,5943.4599506463865,1232,1232.4636774304815,0.00014455164499934002,1.8687860953797941,-0.2217795822068584,318.9229828828906,4709,-0.00040747809922347944,0.0035601999010133056,-0.0008177022049007387
25,17,9,6524.235101784962,5944.952407888177,1233,1232.719115763766,0.00014452035819737013,1.869219599286175,-0.2218813948742076,319.2490187745577,4710,-0.00015151941316082773,0.0037681960874387244,-0.0005667983763907314
25,17,10,6526.118485155006,5946.689441606963,1233,1232.8853787056187,0.00014448643349887524,1.8697295197364152,-0.22197512294002214,319.527081107212,4711,0.00013711181663422778,0.0039035792830794946,-0.00027477767516681517
25,17,11,6528.238634173902,5948.703080522585,1233,1232.9483870600675,0.00014444936107730103,1.8703270067530853,-0.2220571708653061,319.70758231077195,4713,0.00046202772510306467,0.0039548851981698885,6.374439368661555e-05
25,17,12,6530.6270293877005,5951.032010607123,1233,1232.90066190112,0.00014440827625728815,1.8710254202944605,-0.2221242686104146,319.7697652422318,4714,0.0008280527515318603,0.003916023955497394,0.00045527150627711066
25,17,13,6533.323537378418,5953.722041171213,1233,1232.7418550068999,0.00014436193135846596,1.871840487220361,-0.22217346706616778,319.707582311307,4716,0.001241296507366263,0.003786712007869397,0.0009075048758102611
25,17,14,6536.376280442485,5956.825932834201,1232,1232.4793242562314,0.00014430870217900063,1.8727902495913211,-0.22220214798491686,319.5270811066889,4718,0.00170913380424631,0.0035729406672240227,0.0014293143318653279
25,17,15,6539.84034795767,5960.4019567020305,1232,1232.1294223524785,0.00014424666340674398,1.8738945933877713,-0.22220808223821495,319.24901877475065,4721,0.00224000716911954,0.0032880254758831384,0.0020304960971835317
25,17,16,6543.774429178779,5964.510164468187,1232,1231.7140808964004,0.00014417363389281434,1.875174015944249,-0.22218958315002854,318.9229828830039,4723,0.0028429108153040783,0.002949824714009175,0.0027211457372406933
25,17,17,6548.233932202086,5969.204807789302,1231,1231.2641239156035,0.00014408750617952293,1.8766471093098325,-0.2221458176765515,318.65932125129575,4726,0.0035263361138200278,0.0025834375126134734,0.00351038374672874
25,17,18,6553.2584937444235,5974.520668361232,1231,1230.814871876407,0.00014398657604737102,1.87832601247579,-0.22207735090236624,318.5363131341978,4730,0.00429635744894119,0.002217624325159706,0.004404057435981379
25,17,19,6558.851159786667,5980.450466165401,1230,1230.403860223084,0.00014387017249606915,1.8802088916150894,-0.22198699293042465,318.49112750418413,4733,0.005153441621649435,0.0018829491988059388,0.005400942927703323
25,17,20,6564.947251498121,5986.91139032757,1230,1230.068271562793,0.00014373956267009364,1.8822687857843894,-0.22188097430966022,318.4755164878133,4738,0.00608767650744424,0.0016096888754604244,0.006487118506211864
25,17,21,6571.381052845198,5993.709159598527,1230,1229.8374887166497,0.00014359879048134595,1.8844414082545409,-0.22177046765593336,318.4757231273058,4742,0.00707366588411662,0.0014217689525852784,0.007629922660094657
25,17,22,6577.926476310684,6000.575446702714,1230,1229.7370974363198,0.000143454004495259,1.8866354697064567,-0.22167429834041558,318.4939834460496,4746,0.008076761512134878,0.001340023181735317,0.008784245661015433
25,17,23,6584.991811045656,6007.848074793807,1230,1229.8354221499656,0.00014329874146848813,1.888941692163347,-0.22163260624726333,318.56565797116167,4751,0.009159534295363647,0.001420086205975668,0.01000688050795806
25,17,24,6602.5570865033615,6025.208825751631,1231,1230.8718371454447,0.00014292686197567642,1.8943256334004004,-0.22187856099019995,319.04706360045077,4763,0.011851438204937947,0.0022640095272794536,0.01292547593512161
25,18,0,6516.012597111888,5938.169257922333,1230,1230.1455718851767,0.00014469053231064394,1.8672912289826837,-0.22117434701332295,318.4718778823511,4704,-0.0014116301657213226,0.0016726323344884442,-0.0017071448118746169
25,18,1,6515.938100796425,5938.228650378088,1230,1229.7529565862417,0.00014470125852380301,1.8673118770068435,-0.22112982196500428,318.0944188661883,4704,-0.0014230468339839764,0.0013529368374942674,-0.0016971600738758807
25,18,2,6516.27781810189,5938.510169765866,1230,1229.864280074045,0.00014469426825803832,1.8673904077138659,-0.22116017500962604,318.04429579267656,4704,-0.0013709846647949053,0.0014435843946754012,-0.0016498325590799112
25,18,3,6516.836959593752,5938.955880339686,1230,1230.1053716193687,0.0001446811230986714,1.867514370733803,-0.22121542400636274,318.04226163010054,4704,-0.0012852954211749479,0.0016398983987715443,-0.001574902111327381
25,18,4,6517.594489385402,5939.565690917499,1230,1230.4185649192536,0.00014466335294308847,1.8676846872141575,-0.22128790553606423,318.065955801068,4705,-0.0011692028832199775,0.0018949228156335263,-0.0014723840596506665
25,18,5,6518.54708871085,5940.347778875152,1231,1230.7732218645117,0.00014464161480833265,1.8679045286185745,-0.2213733844283198,318.1270834546789,4706,-0.0010232156566258865,0.00218370990234229,-0.001340903667910065
25,18,6,6519.696765802654,5941.314641162432,1231,1231.1399861120365,0.00014461634853626357,1.8681784563766473,-0.2214679429176957,318.2667638048811,4706,-0.0008470259768439403,0.0024823556217274945,-0.0011783600165894415
25,18,7,6521.050018908864,5942.483111546979,1231,1231.490730501997,0.0001445878780786516,1.868512484509311,-0.22156764975492874,318.53631313481935,4707,-0.0006396379779468608,0.002767956825680873,-0.000981923103843041
25,18,8,6522.618806253771,5943.875158979993,1232,1231.8006271950348,0.00014455639093632463,1.8689143436847786,-0.22166860703612937,318.8956004859084,4709,-0.00039921904473882996,0.003020296909132414,-0.0007478996285762429
25,18,9,6524.421962840879,5945.519026483046,1232,1232.045457154892,0.00014452177280110858,1.8693938493789772,-0.2217670361455409,319.2484081410583,4710,-0.0001228826856480847,0.0032196549981011735,-0.00047154152696360363
25,18,10,6526.486854764115,5947.450666526127,1232,1232.206610395532,0.00014448362141637657,1.8699633686781865,-0.22185934118067907,319.53227882223,4711,0.00019356499286349305,0.003350877509038508,-0.00014680466446514995
25,18,11,6528.8512577573465,5949.715481393471,1232,1232.2710049482675,0.00014444114213396853,1.8706383907239825,-0.2219421406070359,319.7139325106374,4713,0.0005559131767343128,0.003403312166058603,0.00023394374505136817
25,18,12,6531.5654521762635,5952.370344793816,1232,1232.2320625952298,0.00014439307461022586,1.8714381937640925,-0.22201227167558668,319.7762763203242,4715,0.0009718674033114549,0.0033716025130157146,0.0006802650014772205
25,18,13,6534.694446089409,5955.485784670094,1232,1232.090616202833,0.00014433762893283354,1.8723865694388127,-0.22206677866532737,319.71393251059186,4717,0.0014513902532726775,0.0032564267293975213,0.0012040158806065904
25,18,14,6538.320054688406,5959.148011459267,1232,1231.8556904931058,0.00014427244019949313,1.8735124994684147,-0.2221029026738709,319.5322788220936,4720,0.002007020023254036,0.003065133390264707,0.001819689614195763
25,18,15,6542.5422181537115,5963.460114363922,1232,1231.545075491772,0.00014419456013427094,1.8748505585849427,-0.2221181010782161,319.2484081410469,4722,0.0026540726906878476,0.002812208408750516,0.0025446170006642177
25,18,16,6547.478342781087,5968.541126697678,1231,1231.1867263251402,0.0001441005475376039,1.8764406084409122,-0.22211014244897473,318.89560048569325,4726,0.003410540940478324,0.00252041485094856,0.0033988092760266486
25,18,17,6553.258493744345,5974.520668361162,1231,1230.814871876407,0.0001439865760473729,1.8783260124757921,-0.22207735090237296,318.5363131349663,4730,0.0042963574489292,0.002217624325159706,0.0044040574359696105
25,18,18,6560.012836131055,5981.52539521983,1230,1230.471303501105,0.00014384890630371285,1.8805491043134626,-0.22201911239372563,318.2667638050278,4734,0.005331470204272382,0.001937866346314765,0.005581654178639539
25,18,19,6567.845700639622,5989.651431541936,1230,1230.202066973518,0.00014368463343521963,1.8831419575858093,-0.22193679261767182,318.12708345409277,4740,0.006531868037175537,0.0017186346818089948,0.006947759395417474
25,18,20,6576.788400421716,5998.91476073895,1230,1230.0486156852098,0.00014349286756430618,1.8861097785001788,-0.22183522163353506,318.0659558008201,4746,0.007902349733493352,0.0015936836521035502,0.00850506013087493
25,18,21,6586.727036736165,6009.1758692267385,1230,1230.0432092884523,0.00014327662118047253,1.8894055747471856,-0.22172488574372398,318.0422616301794,4752,0.00942546014614365,0.0015892813766369418,0.010230102116837836
25,18,22,6597.373224255975,6020.106284001447,1230,1230.2027041354997,0.0001430436218287529,1.8929170689218704,-0.22162563115870632,318.0442957924175,4760,0.011057003805999388,0.0017191535047305084,0.01206766425087058
25,18,23,6609.028451630641,6031.937119619862,1231,1230.5751956038866,0.00014279035282452077,1.8966967830622936,-0.22158156681788743,318.09441886557977,4768,0.01284318428534248,0.002022462737547137,0.014056600260569319
25,18,24,6634.6641609631215,6057.326457675335,1232,1231.9929181044508,0.0001422511545022586,1.9046537235588226,-0.22184119982534156,318.47187788222686,4786,0.01677189387734268,0.0031768739401853985,0.018324918268669332
25,19,0,6515.727208904776,5938.1182017020565,1229,1229.4823713437117,0.00014471033424675616,1.8672827820070308,-0.22109132340975016,317.91610939840393,4703,-0.001455366321884699,0.0011326069526820248,-0.001715728107112735
25,19,1,6515.720892247739,5938.205249320834,1229,1229.2087190170862,0.0001447171281258035,1.867310161524051,-0.22106191932316943,317.64776269682955,4703,-0.0014563343587260524,0.0009097796283228377,-0.0017010941328839957
25,19,2,6516.073047236044,5938.505950977839,1229,1229.3260293614683,0.0001447091446341294,1.867394123578569,-0.22109082745721267,317.6254867348711,4704,-0.0014023660966242524,0.0010053021129317052,-0.001650541798874472
25,19,3,6516.642002217587,5938.978653218982,1230,1229.555601556322,0.00014469514206048991,1.8675259662312091,-0.22114134217046946,317.6517607515195,4704,-0.0013151729214943009,0.0011922362368157469,-0.001571073658195532
25,19,4,6517.414867251654,5939.6263335315525,1230,1229.8519624149242,0.00014467634805168426,1.8677074304234493,-0.22120759113015873,317.72227430043716,4705,-0.0011967302354238818,0.0014335544743815376,-0.001462189151809512
25,19,5,6518.392782583765,5940.459480987564,1230,1230.1860985509497,0.0001446532877482594,1.8679423964808275,-0.22128605947410304,317.8671158678799,4705,-0.0010468632941349476,0.0017056320484347687,-0.0013221249137372881
25,19,6,6519.5824097851555,5941.4935427780765,1231,1230.5314837237588,0.00014462635118892461,1.8682363622962717,-0.22137338442832524,318.1270834543971,4706,-0.0008645512021858703,0.001986869393935997,-0.0011482840458781896
25,19,7,6520.995935098479,5942.749459748057,1231,1230.8631496272249,0.0001445958080487479,1.8685966543302497,-0.2214661453793894,318.4911275040147,4707,-0.0006479264002361429,0.0022569355277117786,-0.0009371460867894088
25,19,8,6522.652493928847,5944.254926566219,1231,1231.155430473911,0.00014456166601742708,1.8690328394359021,-0.22156090861681982,318.8885431524835,4709,-0.000394056359732331,0.0024949315273499195,-0.0006840551587582455
25,19,9,6524.5801676711635,5946.046149425076,1231,1231.3867694668372,0.00014452367082290864,1.8695572959943532,-0.22165429620646296,319.2527533956481,4710,-9.863756622585651e-05,0.0026833043047689298,-0.0003829244727878711
25,19,10,6526.8185376888105,5948.170191073154,1232,1231.5399445627336,0.00014448118594188094,1.8701859793791114,-0.2217430391094597,319.53984290808523,4711,0.0002443958815607772,0.002808030438830933,-2.5842094482642075e-05
25,19,11,6529.421932747223,5950.688056611803,1232,1231.602949689111,0.00014443307845074676,1.870939433901146,-0.22182400608044792,319.72235733506847,4713,0.0006433699456327435,0.002859333725394375,0.00039744782339989904
25,19,12,6532.463548466516,5953.6786915153725,1232,1231.5700524128501,0.00014437759856427188,1.8718441088570046,-0.22189420795771034,319.7848683090245,4715,0.0011095019608069467,0.002832546406834613,0.0009002171664471703
25,19,13,6536.040604788127,5957.244037524856,1231,1231.4440864809997,0.00014431227739499205,1.8729340276117046,-0.22195078161378368,319.72235733467,4718,0.0016576910239443077,0.0027299759229626464,0.0014996038280503665
25,19,14,6540.280591331788,5961.515164705243,1231,1231.2371607862667,0.0001442337790483455,1.8742528161060459,-0.22199096316549144,319.53984290778953,4721,0.0023074751039553476,0.0025614822015056493,0.0022176425976747627
25,19,15,6545.348318577633,5966.6591532072125,1231,1230.9709083332132,0.00014413774724919028,1.8758559816864286,-0.22201206913825536,319.2527533957389,4724,0.003084111645670351,0.0023446803842159802,0.003082422085365355
25,19,16,6551.45275060879,5972.885637964422,1231,1230.6782807172092,0.0001440187284109249,1.877813077367449,-0.22201152218520434,318.8885431522004,4728,0.0040196246975419125,0.0021064020201624345,0.004129184980809608
25,19,17,6558.851159786617,5980.450466165336,1230,1230.403860223382,0.00014387017249609083,1.880208891615089,-0.22198699293042337,318.4911275036193,4733,0.005153441621641663,0.0018829491990486336,0.0054009429276924426
25,19,18,6567.845700639413,5989.651431541752,1230,1230.2020669733397,0.00014368463343520467,1.883141957585811,-0.22193679261767688,318.12708345436334,4740,0.006531868037143562,0.0017186346816639997,0.006947759395386388
25,19,19,6578.763796492964,6000.807289094133,1230,1230.1331372853383,0.00014345439175309646,1.8867173900636762,-0.2218607498364458,317.8671158679136,4747,0.008205082043040823,0.0016625071926867907,0.008823221748228693
25,19,20,6591.908357958013,6014.205839598198,1230,1230.257756340107,0.00014317285810014045,1.8910292178342023,-0.22176192253547408,317.7222743002235,4756,0.010219505129237527,0.0017639809527703054,0.011075713493936323
25,19,21,6607.457615614729,6030.000716479513,1231,1230.6250405873477,0.00014283706927462517,1.89612528003918,-0.22164959675892984,317.65176075216,4767,0.012602451390335112,0.00206305009316865,0.013731062651954673
25,19,22,6625.337346898185,6048.079353841176,1231,1231.2588211055502,0.00014245076891390338,1.9019609872119354,-0.22154457268984434,317.62548673493853,4779,0.015342546110737487,0.0025791195848607895,0.01677034525334009
25,19,23,6645.905032332747,6068.731455388289,1232,1232.1914324700517,0.000142010400770005,1.9086017214430284,-0.22149604532881012,317.647762697279,4793,0.018494573698662586,0.0033385185550116603,0.020242264715991887
25,19,24,6686.389430234347,6108.852255121347,1234,1234.4133262967032,0.00014116758271239094,1.921304940390753,-0.22176859493927578,317.9161093985615,4821,0.024698866324216917,0.005147743649159597,0.02698715627739534
25,20,0,6515.4645985608595,5938.06126482979,1229,1228.8822640895903,0.00014472918015826322,1.86727239180846,-0.22101754362631396,317.4304820802437,4703,-0.0014956117375165556,0.0006439566444118583,-0.0017253000257145823
25,20,1,6515.5187924564725,5938.174250983007,1229,1228.7128146061495,0.00014473232111579358,1.8673061081974445,-0.2210011970756233,317.26758384568177,4703,-0.0014873064445066753,0.0005059787383776548,-0.0017063054055559412
25,20,2,6515.882064064413,5938.4922663820025,1229,1228.8354675352712,0.00014472342622161047,1.8673949789276822,-0.22102875955307597,317.27979197942295,4703,-0.0014316345443416978,0.0006058515381379692,-0.0016528423790123092
25,20,3,6516.4603086998795,5938.989565155408,1229,1229.055079226221,0.00014470861590589666,1.8675340094258377,-0.22107506387398443,317.34838295250444,4704,-0.0013430177162907508,0.0007846751063340651,-0.0015692392025413726
25,20,4,6517.2473809957455,5939.671837648184,1229,1229.3349020741036,0.00014468881685968105,1.8677256711911339,-0.2211356688702102,317.485637415252,4705,-0.0012223977467683556,0.0010125269110570212,-0.001454539246166564
25,20,5,6518.248066424625,5940.551621746934,1230,1229.6499032745962,0.0001446645090377039,1.8679744814404673,-0.22120759113015884,317.72227430058325,4705,-0.0010690412551642714,0.001269023450082285,-0.0013066347082959506
25,20,6,6519.473217571311,5941.64721339896,1230,1229.9754442325864,0.00014463601496766284,1.8682868436841025,-0.2212879055360668,318.0659558004258,4706,-0.0008812850671372496,0.0015341022145596295,-0.0011224497733579586
25,20,7,6520.940444443789,5942.98367311906,1230,1230.2865876733654,0.00014460346998931408,1.868671397829877,-0.22137361641347622,318.47551648775686,4707,-0.0006564304234530915,0.0017874574893188555,-0.0008977714033296946
25,20,8,6522.67595872278,5944.594548277648,1231,1230.5607434934857,0.00014456678638560998,1.869139583689152,-0.2214616851308216,318.89083770645635,4708,-0.0003904603460702649,0.0020106947941436193,-0.0006269597959857043
25,20,9,6524.717243774562,5946.524343771843,1231,1230.7781615639701,0.00014452553677962366,1.8697064465718736,-0.22154908027751996,319.26147344542056,4710,-7.763045480668751e-05,0.002187732159441458,-0.0003025330290560291
25,20,10,6527.116732159858,5948.83199277357,1231,1230.9218820635103,0.00014447880158709506,1.8703917710537328,-0.22163282258578976,319.550869402449,4712,0.00029009461622386823,0.002304759683976032,8.541642314807696e-05
25,20,11,6529.946843182341,5951.59569942659,1231,1230.9812331725502,0.0001444250747131461,1.8712216671348272,-0.2217100133708747,319.73419906942337,4714,0.0007238132302185285,0.0023530876079083107,0.0005500358177308318
25,20,12,6533.306907257574,5954.919677166166,1231,1230.9525163139567,0.0001443620673103027,1.8722307826961264,-0.22177784142349563,319.7969123370712,4716,0.0012387479172559779,0.0023297042848309246,0.001108844953020549
25,20,13,6537.332704824785,5958.943490425006,1231,1230.8406401134032,0.0001442864860394737,1.8734653766539693,-0.2218335671986801,319.7341990697536,4719,0.0018557072263440944,0.00223860666934117,0.0017853066455786326
25,20,14,6542.209540025181,5963.854884768349,1231,1230.660926541179,0.00014419375106410913,1.8749875454873108,-0.22187448657062459,319.5508694026878,4722,0.0026030892855612997,0.0020922710070665484,0.002610983663024591
25,20,15,6548.189838286836,5969.9070433816605,1230,1230.4413322419095,0.00014407764465113805,1.8768809124497334,-0.22189788187151702,319.26147344517085,4726,0.003519578657432021,0.0019134616004221616,0.0036284397912873523
25,20,16,6555.615916829413,5977.440849541974,1230,1230.2244917421046,0.0001439298748894366,1.8792579670180516,-0.22190098068224265,318.8908377069774,4731,0.0046576359517627175,0.0017368945345395126,0.004894982480716292
25,20,17,6564.947251497928,5986.911390327395,1230,1230.068271562793,0.00014373956267009158,1.8822687857843914,-0.22188097430966483,318.4755164879489,4738,0.006087676507414708,0.0016096888754604244,0.006487118506182332
25,20,18,6576.788400421756,5998.914760738995,1230,1230.0486156853744,0.0001434928675642965,1.8861097785001797,-0.22183522163353644,318.06595580102294,4746,0.00790234973349957,0.0015936836522376652,0.008505060130882702
25,20,19,6591.908357957892,6014.205839598086,1230,1230.2577563400978,0.00014317285810019263,1.891029217834206,-0.22176192253548244,317.7222743001448,4756,0.010219505129218875,0.0017639809527625339,0.011075713493917672
25,20,20,6611.236881665269,6033.69247229525,1231,1230.7999070861513,0.0001427600792939078,1.8973243353343685,-0.22166184468506772,317.4856374151622,4769,0.013181629387359228,0.0022054389210983683,0.014351700645563792
25,20,21,6635.824957346884,6058.39303684077,1232,1231.779738759296,0.00014223405791099816,1.9053248119647301,-0.22154216154239814,317.3483829532335,4786,0.016949787604724875,0.003003288048644581,0.018504225781489803
25,20,22,6666.786586518164,6089.374027465054,1233,1233.287187758825,0.00014157543338298863,1.9153662147275932,-0.22142435787292086,317.27979198018534,4808,0.021694702127337484,0.0042307609932930035,0.0237125821356996
25,20,23,6705.978311530776,6128.415390308715,1235,1235.4192022003313,0.00014075305615040816,1.927986455339117,-0.22136556758590795,317.26758384503154,4835,0.027700890760042673,0.005966799854552507,0.03027600461336588
25,20,24,6778.2441986289,6199.984303878548,1240,1239.508077897572,0.00013927864217109191,1.9508624333492197,-0.2216517328764613,317.43048208033343,4885,0.03877574264475658,0.009296255308078205,0.042307782753576495
25,21,0,6515.23688980611,5938.005303542848,1228,1228.3680689933362,0.00014474585475001637,1.867261636187253,-0.22095531567229101,317.0540346826288,4703,-0.001530508434048783,0.0002252621684328826,-0.0017347079341951677
25,21,1,6515.341767639177,5938.140956041768,1228,1228.2864022109602,0.00014474585298389556,1.8673009053243739,-0.22094966122531143,316.9806692691543,4703,-0.0015144357542015152,0.0001587632249366866,-0.0017119027707553913
25,21,2,6515.715574654069,5938.474521185519,1228,1228.4138922164384,0.00014473611088111364,1.8673941771345626,-0.22097619935574267,317.03002444469666,4703,-0.0014571492876592762,0.00026257471871615756,-0.0016558256053391673
25,21,3,6516.303744892605,5938.994251683706,1229,1228.6261470593197,0.00014472052027751,1.8675397422644802,-0.22101915032792244,317.14660646255294,4704,-0.0013670113465593658,0.00043540781428941244,-0.0015684513287854696
25,21,4,6517.104806960627,5939.707694039015,1229,1228.8934575097123,0.00014469980075167239,1.8677405793811892,-0.22107506387398096,317.34838295277365,4704,-0.0012442474241881607,0.0006530711287904278,-0.0014485112639341935
25,21,5,6518.126448919697,5940.62911741381,1229,1229.1919716600978,0.00014467434559351191,1.8680017504305853,-0.22114134217047135,317.651760751452,4705,-0.0010876793139737995,0.0008961427307534464,-0.0012936065564886912
25,21,6,6519.383355034578,5941.779553832601,1229,1229.498733890716,0.00014464440137214023,1.868330523118647,-0.22121542400635646,318.04226162977386,4706,-0.0008950566310695907,0.0011459305104006834,-0.001100201416395108
25,21,7,6520.89817917602,5943.188051563725,1230,1229.7923223859925,0.00014461004927884228,1.8687368023340163,-0.22129466534917314,318.47572312764464,4707,-0.0006629076369656373,0.001384991291179638,-0.0008634124061031034
25,21,8,6522.703762860655,5944.893825780694,1230,1230.0502133489474,0.0001445710363991891,1.869233837413898,-0.22137634298871445,318.9017157680703,4708,-0.000386199321662839,0.0015949845843494792,-0.0005766468830267213
25,21,9,6524.84657098671,5946.9495116445605,1230,1230.2535567672908,0.0001445267438056303,1.8698392835005797,-0.22145769437832205,319.27712472846883,4710,-5.781087219713932e-05,0.0017605613597937442,-0.0002310561089557961
25,21,10,6527.391666591183,5949.425918179785,1230,1230.38745353518,0.00014447601068208856,1.8705767527879626,-0.22153596086159114,319.5687572581129,4712,0.00033222871610427696,0.0018695896984051164,0.0001852639458082006
25,21,11,6530.429865385185,5952.418947547153,1230,1230.442555449938,0.00014441694398909278,1.871478076793527,-0.22160841852078117,319.7531148969562,4714,0.0007978370825274528,0.0019144576240097688,0.0006884358331411544
25,21,12,6534.088138835782,5956.059740435998,1230,1230.4168777497755,0.00014434666656491516,1.8725866297774467,-0.22167238907875725,319.8161308409443,4716,0.001358472788336007,0.0018935490014029277,0.0013005062154907154
25,21,13,6538.544957536591,5960.5297061848805,1230,1230.3179195334333,0.00014426097102766816,1.8739622595078147,-0.2217252268806781,319.7531148965577,4719,0.0020414867105407186,0.0018129701338931437,0.0020519726483634315
25,21,14,6544.053192855376,5966.082995427052,1230,1230.1652513219963,0.00014415382882524588,1.8756886672629824,-0.221764279163535,319.5687572579537,4723,0.0028856317525696173,0.0016886567414631237,0.0029855615597702556
25,21,15,6550.974524332578,5973.080266280029,1230,1229.9937909130265,0.00014401667904395115,1.8778845045006032,-0.2217868173994271,319.2771247283212,4728,0.003946335827936798,0.0015490413958332283,0.004161904839144359
25,21,16,6559.8310068107,5982.039250272208,1230,1229.8580360975461,0.0001438373927978367,1.8807199973404447,-0.2217899407384707,318.9017157675832,4734,0.005303604597523659,0.0014385001017926946,0.005668040707064392
25,21,17,6571.38105284529,5993.709159598605,1230,1229.8374887166497,0.00014359879048132633,1.8844414082545404,-0.22177046765593153,318.47572312737356,4742,0.007073665884130609,0.0014217689525852784,0.0076299226601079795
25,21,18,6586.727036736329,6009.17586922689,1230,1230.0432092881256,0.00014327662118044537,1.8894055747471852,-0.22172488574372023,318.04226163020195,4752,0.00942546014616874,0.0015892813763709324,0.010230102116863371
25,21,19,6607.457615614686,6030.000716479469,1231,1230.6250405878404,0.00014283706927464468,1.896125280039181,-0.22164959675893448,317.6517607516655,4767,0.012602451390328673,0.0020630500935696627,0.013731062651947123
25,21,20,6635.824957346899,6058.393036840787,1232,1231.7797387589405,0.00014223405791099006,1.9053248119647321,-0.221542161542404,317.34838295327836,4786,0.016949787604727318,0.003003288048355257,0.01850422578149269
25,21,21,6675.014421799102,6097.473815249004,1234,1233.753987843653,0.00014140538571814708,1.9180222788486345,-0.2214054204444205,317.14660646277696,4814,0.022955629803275146,0.004610863056357939,0.02507427459040179
25,21,22,6729.931348180904,6152.051567601566,1237,1236.8711381664089,0.00014025990620791115,1.935770207490566,-0.22125907077100976,317.0300244451668,4852,0.03137172832589297,0.007149070111310163,0.034249590728974155
25,21,23,6810.470635072868,6231.855967676916,1242,1241.6789804658636,0.00013861879905761935,1.961670640694534,-0.22117251157083961,316.9806692698033,4908,0.04371449071415312,0.011063959667481749,0.04766587425802804
25,21,24,6966.088827998401,6385.752071465946,1251,1250.7848630243454,0.00013557446745160475,2.0112460959441014,-0.22147468225890923,317.05403468355803,5016,0.06756320421402284,0.018478621444546928,0.0735380537431296
25,22,0,6515.054643629405,5937.956688102757,1228,1227.9613669878745,0.00014475935676643226,1.8672520042927343,-0.22090653533066637,316.7982308961614,4703,-0.0015584379246371682,-0.00010590373395891195,-0.001742880898687682
25,22,1,6515.199299754563,5938.110856634063,1228,1227.9479067517593,0.0001447568357642909,1.867295828537028,-0.2209090752290517,316.7889516255277,4703,-0.0015362691639027037,-0.0001168640222771744,-0.001716962920163878
25,22,2,6515.58579025147,5938.459798360168,1228,1228.0831315298294,0.00014474627369733212,1.8673934149291518,-0.22093536399617505,316.8717052304429,4703,-0.0014770389353678803,-6.7543226595079275e-06,-0.0016583007270000172
25,22,3,6516.186898520831,5939.001236811637,1228,1228.2924550096297,0.00014472989164662916,1.8675452424764765,-0.22097619935574334,317.0300244450661,4704,-0.0013849182223015788,0.00016369184713793672,-0.001567277026908509
25,22,4,6517.003917836171,5939.743636565363,1229,1228.5509202613937,0.00014470827155655267,1.8677545474443535,-0.22102875955308002,317.27979197980414,4704,-0.0012597088286625535,0.0003741527673886136,-0.0014424688010652442
25,22,5,6518.047477923055,5940.7031023147565,1229,1228.8380888818788,0.00014468175671263902,1.8680269539269585,-0.22109082745720615,317.62548673459025,4705,-0.0010997817336093618,0.0006079860262966363,-0.0012811686156353197
25,22,6,6519.335961150685,5941.903409270442,1229,1229.1320669765064,0.00014465049326454547,1.868370581768025,-0.22116017500962,318.04429579278917,4706,-0.000902319812432717,0.0008473640467718813,-0.001079379510972256
25,22,7,6520.896529632317,5943.377323934627,1229,1229.4117585165536,0.00014461444274257426,1.86879650984021,-0.22123442914308894,318.4939834453717,4707,-0.0006631604319277118,0.0010751089312506235,-0.0008315929601847571
25,22,8,6522.7678600473255,5945.169242679203,1230,1229.6576264609976,0.00014457327749673035,1.8693196408073758,-0.22131108356537788,318.92917538141745,4708,-0.0003763763349521332,0.0012753122216142554,-0.0005303452856760815
25,22,9,6525.0044421801795,5947.339276552159,1230,1229.8513811257444,0.00014452620337208186,1.8699600297650742,-0.22138754785536074,319.3100965508975,4710,-3.361688309999611e-05,0.0014330811470972815,-0.00016553094361304588
25,22,10,6527.682906513326,5949.969330240944,1230,1229.9787043478693,0.0001444718077219894,1.8707448640098012,-0.22146119576864426,319.6051164981763,4712,0.00037686165607309086,0.0015367568339250681,0.0002766194384717924
25,22,11,6530.911402097288,5953.17220734984,1230,1230.0313418050591,0.0001444078269479595,1.871711434872717,-0.22152939913138017,319.79136332288374,4714,0.0008716332812284122,0.0015796180216638422,0.0008150697915989547
25,22,12,6534.843801969592,5957.105494961277,1230,1230.0088972717015,0.00014433080417892505,1.872911677192269,-0.2215895413862353,319.8549915652343,4717,0.0014742792582729258,0.0015613420750411056,0.0014763128025923056
25,22,13,6539.7017638123225,5961.993198968045,1230,1229.9214841435598,0.0001442355992792234,1.8744192510218558,-0.22163900660882524,319.7913633224623,4720,0.0022187689480870354,0.0014901640452473774,0.0022980071289575577
25,22,14,6545.809866671366,5968.1602486387965,1230,1229.793232357773,0.0001441146381063764,1.87634084418464,-0.2216751387214197,319.60511649847206,4724,0.003154844559649872,0.0013857322553789686,0.0033347781195600668
25,22,15,6553.652968565299,5976.088833503262,1230,1229.667224084696,0.00014395671826527065,1.8788346356101713,-0.22169516200545453,319.3100965508975,4730,0.004356811286690521,0.0012831272942479544,0.0046676888666541405
25,22,16,6563.971965586917,5986.51242816478,1230,1229.612832598107,0.00014374505273608695,1.8821411212081565,-0.2216960472476644,318.92917538146276,4737,0.005938212528718401,0.001238837850141783,0.006420047148137709
25,22,17,6577.926476310745,6000.575446702772,1230,1229.7370974366202,0.00014345400449530785,1.886635469706455,-0.221674298340408,318.49398344595915,4746,0.008076761512144204,0.001340023181979788,0.008784245661025203
25,22,18,6597.373224256034,6020.106284001492,1230,1230.202704135679,0.000143043621828762,1.8929170689218677,-0.22162563115869938,318.04429579262023,4760,0.01105700380600827,0.0017191535048763917,0.012067664250877908
25,22,19,6625.33734689815,6048.079353841147,1231,1231.2588211058546,0.0001424507689139312,1.901960987211938,-0.2215445726898483,317.6254867345678,4779,0.015342546110732158,0.0025791195851085913,0.016770345253335206
25,22,20,6666.786586518193,6089.374027465077,1233,1233.2871877591797,0.00014157543338299698,1.9153662147275925,-0.22142435787291995,317.27979197970325,4808,0.021694702127341925,0.0042307609935818835,0.023712582135703597
25,22,21,6729.931348180875,6152.051567601543,1237,1236.8711381662915,0.0001402599062079066,1.9357702074905654,-0.22125907077100943,317.03002444537947,4852,0.031371728325888526,0.007149070111214684,0.03424959072897038
25,22,22,6829.573808363246,6250.662003366824,1243,1242.9581431391214,0.00013823595539702344,1.967909798684332,-0.2210561655331105,316.8717052299844,4921,0.046642079694437566,0.012105545534544904,0.050827443126850946
25,22,23,7004.983815379784,6423.930937391076,1254,1253.7963623849287,0.00013482416339736654,2.0242960980003986,-0.2208910223119986,316.7889516255389,5043,0.07352391737487762,0.020930799918974508,0.07995647791003835
25,22,24,7444.07569251439,6857.7413338423985,1279,1279.300552550577,0.00012701450254090746,2.1647207302091265,-0.2212009661077105,316.79823089685436,5349,0.14081538362981783,0.041698138258968065,0.15288633229334136
25,23,0,6514.92513673172,5937.920318951997,1228,1227.6758229088398,0.00014476888419629805,1.8672446497768906,-0.22087238122549605,316.64672912968757,4703,-0.0015782850443156748,-0.0003384141748621339,-0.001748995083342253
25,23,1,6515.104100175586,5938.09225515311,1228,1227.7153803239037,0.00014476437426018,1.8672929627569044,-0.2208814283236412,316.6783047336008,4703,-0.001550858637290431,-0.00030620369426459515,-0.0017200901003980862
25,23,2,6515.513440695666,5938.462707058198,1228,1227.8650979822796,0.00014475280292643232,1.8673965147361113,-0.2209090752290512,316.7889516253489,4703,-0.0014881266096029577,-0.00018429285346666102,-0.0016578117324402841
25,23,3,6516.13838470528,5939.03194649722,1228,1228.0794170829292,0.00014473544871818634,1.8675562313070095,-0.2209496612253112,316.9806692701838,4704,-0.0013923530348135538,-9.778891368439346e-06,-0.0015621142808884825
25,23,4,6516.98470239959,5939.810617553234,1228,1228.3388231363947,0.00014471270677563012,1.8677759511279306,-0.22100119707562232,317.2675838446616,4704,-0.0012626536221548301,0.00020144809701161392,-0.0014312083201458714
25,23,5,6518.0669945960835,5940.817589072178,1229,1228.6253077477743,0.0001446848102428357,1.868062117404937,-0.22106191932316357,317.64776269715543,4705,-0.001096790775195311,0.0004347243867144357,-0.0012619217220249945
25,23,6,6519.407147266286,5942.079531755613,1229,1228.9191551198392,0.000144651860774057,1.8684237508754107,-0.2211298219650046,318.0944188655685,4706,-0.0008914104370940645,0.0006739959635164716,-0.0010497707526248012
25,23,7,6521.036288602469,5943.632827861897,1229,1229.1991402175977,0.00014461373464868426,1.8688730825345439,-0.22120265099045225,318.56565797096954,4707,-0.0006417421672921808,0.0009019798837091031,-0.0007886390237126228
25,23,8,6522.998336618384,5945.526878665395,1229,1229.4453773588857,0.00014456999331749577,1.8694266224157188,-0.22127797265290144,319.01762579529844,4708,-0.00034105546656082453,0.00110248380058664,-0.0004702214605936117
25,23,9,6525.355177839666,5947.829020865431,1230,1229.6407895025875,0.0001445197213472928,1.870106752627772,-0.22135324026815018,319.4114571269058,4710,2.0133864804483537e-05,0.0012616023641498497,-8.31977820656693e-05
25,23,10,6528.194284486226,5950.63187325672,1230,1229.771179765727,0.00014446127770723077,1.8709441161241613,-0.22142584685074476,319.7157834791662,4712,0.0004552310712202523,0.001367775455444642,0.00038800258202598137
25,23,11,6531.64023321886,5954.064557423419,1230,1229.8286863543321,0.00014439204343547226,1.8719812738622221,-0.2214931598603454,319.90768786276016,4714,0.0009833277064199564,0.001414601438727514,0.0009650868531017043
25,23,12,6535.872664104585,5958.310288737313,1230,1229.8141154219509,0.00014430800312308396,1.8732784469296513,-0.22155253515370502,319.9732177766305,4717,0.001631953870906644,0.0014027367419571224,0.0016788562071925472
25,23,13,6541.155209278677,5963.63478767027,1230,1229.7399062814413,0.0001442031025323082,1.8749227990669088,-0.22160130646972542,319.90768786270314,4721,0.0024415115713185553,0.0013423103446132956,0.002573982130916752
25,23,14,6547.883770842755,5970.433741821387,1230,1229.634588879972,0.0001440682189918073,1.8770439512281851,-0.2216367445533118,319.71578347999724,4726,0.003472673378246416,0.0012565533731039302,0.0037169854804350866
25,23,15,6556.670287395103,5979.315170003658,1230,1229.5495551442789,0.00014388941230475828,1.8798409119974617,-0.22165597498672915,319.4114571265309,4732,0.004819219768352978,0.001187312815063013,0.00521008308562676
25,23,16,6568.494460679775,5991.248580553707,1230,1229.570173957007,0.0001436448046969057,1.8836308534045751,-0.22165583270931727,319.01762579546846,4740,0.006631291453145893,0.0012041021291842036,0.007216263437297865
25,23,17,6584.991811045718,6007.848074793863,1230,1229.8354221500665,0.0001432987414685056,1.888941692163346,-0.22163260624726155,318.56565797135386,4751,0.009159534295373195,0.0014200862060578245,0.010006880507967386
25,23,18,6609.028451630611,6031.937119619825,1231,1230.5751956041902,0.0001427903528245544,1.8966967830622898,-0.2215815668178809,318.0944188656699,4768,0.012843184285337816,0.0020224627377942728,0.014056600260563101
25,23,19,6645.905032332703,6068.731455388253,1232,1232.1914324706877,0.00014201040077003001,1.9086017214430282,-0.22149604532881234,317.647762697279,4793,0.018494573698655703,0.0033385185555294683,0.020242264715986114
25,23,20,6705.978311530963,6128.415390308897,1235,1235.4192022005934,0.00014075305615040846,1.927986455339115,-0.22136556758590364,317.26758384499794,4835,0.027700890760071317,0.005966799854765892,0.030276004613396523
25,23,21,6810.470635072759,6231.8559676768145,1242,1241.678980466072,0.0001386187990576287,1.961670640694538,-0.2211725115708493,316.98066926924383,4908,0.04371449071413647,0.01106395966765139,0.04766587425801094
25,23,22,7004.9838153797355,6423.93093739103,1254,1253.7963623851338,0.00013482416339738945,2.0242960980003977,-0.22089102231199814,316.78895162546064,5043,0.0735239173748703,0.020930799919141485,0.07995647791003058
25,23,23,7419.634083345025,6833.068826611495,1279,1278.9338033780998,0.00012741969213484426,2.157552358041377,-0.22053548918273053,316.67830473390234,5332,0.13706967161763095,0.041399504814766175,0.14873852400119336
25,23,24,9265.084901493323,8659.579241227972,1372,1372.2298091824719,0.00010251157459394554,2.748852850153851,-0.22072564391164476,316.6467291293414,6615,0.41988768288434564,0.11736779495553828,0.45580156273247807
25,24,0,6514.846954928928,5937.8974873970365,1228,1227.5125401090463,0.0001447741774976612,1.8672398758564688,-0.22085209687576565,316.5719456490291,4703,-0.001590266518850414,-0.00047137072538927516,-0.0017528334007089752
25,24,1,6515.109623041748,5938.127247418605,1228,1227.626493024878,0.0001447665582866938,1.867303780004464,-0.22087238122549557,316.6467291296987,4703,-0.0015500122500504698,-0.00037858209957775113,-0.001714207390237199
25,24,2,6515.602068768347,5938.570233073129,1228,1227.8162381110762,0.00014475238839939197,1.8674274610680677,-0.22090653533066348,316.7982308963961,4703,-0.0014745442290748922,-0.00022407806013025056,-0.0016397350411588851
25,24,3,6516.345286197096,5939.245849856055,1228,1228.078490609946,0.00014473150134071774,1.8676168914407283,-0.22095531567228777,317.0540346829535,4704,-0.0013606450814679372,-1.0533292028935826e-05,-0.0015261540066774382
25,24,4,6517.353945842916,5940.1716831863005,1228,1228.3974341613496,0.0001447040918635596,1.8678779518347572,-0.22101754362631806,317.4304820798172,4704,-0.0012060665295658968,0.0002491733914744554,-0.0013705079214053617
25,24,5,6518.647264237835,5941.371588290858,1229,1228.753133660189,0.00014467039820480196,1.8682186971779036,-0.22109132340975277,317.9161093981788,4705,-0.0010078636119976725,0.0005388093999807442,-0.0011687863737775972
25,24,6,6520.252721724508,5942.878623605723,1229,1229.1216667800948,0.00014463049990502756,1.8686502432815626,-0.22117434701332186,318.47187788220424,4707,-0.0007618249264423893,0.0008388954619520383,-0.0009154317585755578
25,24,7,6522.209436897954,5944.738056483177,1229,1229.478373114412,0.00014458422322783906,1.8691877239458399,-0.2212640186482235,319.04706360065484,4708,-0.00046195549154481874,0.001129351308017723,-0.0006028339736963151
25,24,8,6524.572741149328,5947.0116373112605,1230,1229.801022664476,0.0001445310199467831,1.869851667306539,-0.22135754459884474,319.5919264649956,4710,-9.97756914554726e-05,0.001392075681068139,-0.0002206118783358857
25,24,9,6527.42079893685,5949.78392631065,1230,1230.067628918427,0.00014446967294423917,1.8706700429442011,-0.22145200799562476,320.0630741741177,4712,0.0003366932902797437,0.0016091655883891942,0.0002454503338376046
25,24,10,6530.864472070514,5953.171849962221,1230,1230.262057119435,0.00014439811660293538,1.8716813636763021,-0.22154442865253887,320.42545328125135,4714,0.000864441186640752,0.0017674829553371296,0.0008150097095278586
25,24,11,6535.062450106648,5957.339481047496,1230,1230.375388833291,0.0001443130416907634,1.87293949304785,-0.22163180506181648,320.6533553809297,4717,0.0015077874020181792,0.0018597657540071477,0.0015156492761652096
25,24,12,6540.245216706098,5962.521558075187,1230,1230.408843878893,0.0001442093449754046,1.8745213060579504,-0.22171113519257457,320.7310824234984,4720,0.00230205389132343,0.0018870072483141431,0.0023868320005171473
25,24,13,6546.754404961722,5969.062192180228,1230,1230.3778163473185,0.00014407926941300406,1.8765393072204914,-0.22177941231706472,320.6533553808954,4725,0.0032995964209385775,0.0018617424097961965,0.0034864079829211025
25,24,14,6555.110123131441,5977.481137376517,1230,1230.3177565676863,0.00014391097740014766,1.8791632436024093,-0.22183359073311526,320.4254532813543,4731,0.004580122334837622,0.001812837435509751,0.004901755453265322
25,24,15,6566.131722340316,5988.592677938309,1230,1230.2935100999273,0.00014368604337900839,1.8826588851414405,-0.22187051304307778,320.06307417440286,4738,0.00626919837987705,0.0017930942248360893,0.006769767473665533
25,24,16,6581.166930031323,6003.73115877095,1230,1230.41549839136,0.00014337477073799327,1.8874615910906558,-0.22188678391791034,319.5919264643131,4749,0.00857336573905898,0.0018924258289860774,0.009314766882947412
25,24,17,6602.557086503289,6025.208825751558,1231,1230.8718371457473,0.00014292686197568317,1.8943256334004017,-0.22187856099020242,319.0470636002807,4763,0.011851438204926845,0.002264009527525923,0.012925475935109398
25,24,18,6634.664160963221,6057.326457675429,1232,1231.9929181042917,0.00014225115450224973,1.9046537235588201,-0.2218411998253356,318.47187788227205,4786,0.01677189387735778,0.0031768739400557244,0.018324918268685098
25,24,19,6686.389430234341,6108.852255121338,1234,1234.41332629673,0.00014116758271241035,1.921304940390754,-0.2217685949392764,317.9161093982351,4821,0.02469886632421603,0.00514774364918158,0.02698715627739401
25,24,20,6778.244198628896,6199.984303878533,1240,1239.5080778975694,0.00013927864217107438,1.9508624333492215,-0.22165173287647064,317.4304820799294,4885,0.03877574264475592,0.009296255308075985,0.04230778275357405
25,24,21,6966.088827998524,6385.752071466065,1251,1250.7848630245398,0.00013557446745160134,2.0112460959441023,-0.2214746822589087,317.0540346831998,5016,0.06756320421404172,0.018478621444705245,0.07353805374314959
25,24,22,7444.075692514339,6857.7413338423385,1279,1279.3005525504984,0.00012701450254089572,2.1647207302091243,-0.221200966107707,316.7982308966308,5349,0.14081538362981005,0.041698138258904116,0.15288633229333137
25,24,23,9265.084901493137,8659.579241227793,1372,1372.2298091822995,0.00010251157459391883,2.748852850153847,-0.2207256439116369,316.64672912952005,6615,0.4198876828843172,0.11736779495539795,0.4558015627324481
