N,i,j,mfpt,sd,mode,mode_interp,f_mode,G_tt,G_st,tau_rel,median,chi_mfpt,chi_mode,chi_sd
35,-1,-1,14100.808049937992,12948.447496058212,2493,2492.9153431786845,6.701765395222173e-05,2.081608920467688,-0.22056382237600103,620.5089500813309,10145,0.0,0.0,0.0
35,0,1,14086.785224204985,12935.51374364428,2488,2487.79198292402,6.710604389880323e-05,2.081251714473778,-0.22051057705968313,620.5596626594357,10135,-0.0009944696561605681,-0.002055168166333221,-0.0009988651085676148
35,0,2,14088.338019188559,12935.55776627903,2490,2489.7843058583817,6.710283527016999e-05,2.0812555551003444,-0.22076046110358266,620.6314989046205,10137,-0.0008843486632305053,-0.00125597418655643,-0.0009954652697249378
35,0,3,14089.298044245179,12935.619339726813,2491,2491.2830972869992,6.709863981220345e-05,2.081261325507926,-0.22091155753532793,620.7472751698704,10138,-0.0008162656815162705,-0.0006547538391752372,-0.000990709993248573
35,0,4,14089.990249550792,12935.696094141727,2493,2492.569786631606,6.709372471884603e-05,2.081268897880632,-0.22101709060467978,620.9160877064652,10139,-0.0007671759199110451,-0.0001386154359489522,-0.000984782300763598
35,0,5,14090.52621883972,12935.785886538508,2494,2493.723004885244,6.708831646647456e-05,2.0812781222630483,-0.22109544290346342,621.1448913072107,10139,-0.0007291660918906651,0.00032398280542067504,-0.0009778476935986546
35,0,6,14090.95311428299,12935.886592340372,2495,2494.762751342981,6.708261567236872e-05,2.0812888220490904,-0.22115449727487246,621.4344900728822,10139,-0.0006988915543068019,0.0007410633374902442,-0.0009700702514077175
35,0,7,14091.296004297528,12935.996038941741,2496,2495.692286439478,6.707680655842459e-05,2.081300793884204,-0.2211985532198774,621.7773957526051,10140,-0.0006745745071330411,0.0011139340404766607,-0.00096161776307635
35,0,8,14091.570322942882,12936.111990826577,2497,2496.5095703898032,6.707105574707048e-05,2.0813138099166837,-0.22123036049538636,622.1592980531642,10140,-0.000655120398944109,0.0014417766816485766,-0.00095266287602358
35,0,9,14091.786367429291,12936.232157773571,2497,2497.2118903841883,6.70655146486328e-05,2.0813276212889296,-0.22125185050988372,622.5623716038428,10140,-0.0006397989729914899,0.0017235030532667395,-0.0009433824625199039
35,0,10,14091.951351818216,12936.354216512305,2498,2497.7961269444945,6.706031148306407e-05,2.0813419625110603,-0.22126446752120385,622.9680614650217,10140,-0.0006280986230300378,0.0019578618179576512,-0.0009339559471965853
35,0,11,14092.07052777713,12936.47584166655,2498,2498.2611452669744,6.705555884564221e-05,2.0813565565887338,-0.22126934663965112,623.3586659113497,10141,-0.000619646911717231,0.0021443977642150447,-0.0009245629173154635
35,0,12,14092.147870358118,12936.594743763899,2499,2498.607281852495,6.705134886686941e-05,2.0813711208339725,-0.221267420070869,623.7180955813392,10141,-0.000614161936621227,0.0022832458749091344,-0.0009153801873098555
35,0,13,14092.186530946288,12936.708712712836,2499,2498.836933502305,6.704775541081494e-05,2.081385373286796,-0.22125948470769874,624.0322559709401,10141,-0.0006114202080597098,0.0023753675951425635,-0.000906578441079442
35,0,14,14092.189154206815,12936.815665413882,2499,2498.9536811468656,6.704482971583394e-05,2.0813990396501247,-0.22124624698167739,624.2892896764208,10141,-0.0006112341718753633,0.0024221993677819853,-0.0008983185550137662
35,0,15,14092.158110327755,12936.913696020696,2499,2498.963142626203,6.704260547002744e-05,2.081411860603117,-0.22122835349934553,624.4797641980097,10141,-0.0006134357392572065,0.002425994715009816,-0.0008907477163595523
35,0,16,14092.095671369721,12937.001127243553,2499,2498.8723828910965,6.704109700720875e-05,2.081423599312245,-0.2212064123461157,624.5968247657675,10140,-0.0006178637803887499,0.0023895876483379652,-0.000883995461088527
35,0,17,14092.004148172473,12937.076560789374,2499,2498.6897601338137,6.70403000837521e-05,2.081434048910343,-0.22118100797726542,624.636310065791,10140,-0.0006243544153171632,0.002316330945986378,-0.0008781697784464582
35,0,18,14091.88599711637,12937.138924763352,2498,2498.42490192989,6.70401936207032e-05,2.0814430396647716,-0.22115271149464213,624.5968247640321,10140,-0.0006327334426527997,0.0022100865824750127,-0.0008733534501570439
35,0,19,14091.743901699067,12937.187515612508,2498,2498.0885975458914,6.704074128567448e-05,2.0814504455116607,-0.22112208744242834,624.4797641983565,10140,-0.0006428105543189178,0.0020751825293074955,-0.0008696008111499509
35,0,20,14091.580831219435,12937.2220320232,2498,2497.6916602600277,6.704188808869202e-05,2.0814561895994395,-0.22108969785138285,624.289289674514,10140,-0.0006543751738112835,0.0019159563899402432,-0.0008669351316772378
35,0,21,14091.40007720496,12937.242598088695,2497,2497.246333435478,6.704357013573428e-05,2.0814602484674225,-0.22105610401372397,624.0322559708535,10140,-0.0006671938728414206,0.001737319427490558,-0.0008653468280988008
35,0,22,14091.205267389634,12937.249773209414,2497,2496.7647168010544,6.704570943268541e-05,2.0814626544903523,-0.2210218663216035,623.7180955806039,10139,-0.0006810093800546646,0.0015441252880499245,-0.0008647926982912058
35,0,23,14091.000356680626,12937.244546435959,2496,2496.2592365291325,6.704821928178485e-05,2.0814634962530643,-0.22098754241682136,623.3586659121707,10139,-0.0006955412216542722,0.0013413585662256367,-0.0008651963585335487
35,0,24,14090.789594717027,12937.228313508625,2496,2495.7423124266124,6.705100573657606e-05,2.081462916584663,-0.22095368385593617,622.9680614641155,10139,-0.0007104880220683008,0.0011340013031984064,-0.0008664500167299138
35,0,25,14090.577470136182,12937.20283558676,2495,2495.2261300427876,6.705396974058548e-05,2.0814611080808594,-0.22092083148047245,622.5623716045325,10139,-0.000725531456465367,0.0009269415708104134,-0.0008684176597135718
35,0,26,14090.368632465743,12937.170179609071,2495,2494.722432946798,6.705700944325284e-05,2.0814583060742944,-0.22088950968483656,622.1592980543694,10139,-0.0007403417900079257,0.000724890146413637,-0.0008709396591810581
35,0,27,14090.167793605679,12937.13264138002,2494,2494.242545646947,6.706002376455129e-05,2.081454779168775,-0.22086021978298329,621.777395752949,10138,-0.0007545848645432729,0.0005323897066515926,-0.0008738387116784541
35,0,28,14089.979611825489,12937.0926536118,2494,2493.796949678708,6.706291368043119e-05,2.081450817621397,-0.22083343267357822,621.4344900727104,10138,-0.0007679303252802194,0.0003536447807728216,-0.000876926940458933
35,0,29,14089.808561893838,12937.052682267944,2493,2493.3951703955586,6.706558507886576e-05,2.08144672000761,-0.2208095809521552,621.144891305752,10138,-0.0007800608309254109,0.00019247633827079724,-0.0008800139007967278
35,0,30,14089.658793816609,12937.015114806803,2493,2493.046218291177,6.706795436525433e-05,2.0814427786637695,-0.22078905038797345,620.9160877080944,10138,-0.0007906820716868657,5.2498819444801725e-05,-0.0008829152108690286
35,0,31,14089.533974636262,12936.982141390154,2493,2492.7570600942618,6.706994408795887e-05,2.081439264070711,-0.22077216969019484,620.7472751717986,10138,-0.0007995339885347175,-6.349316468201582e-05,-0.0008854617259365094
35,0,32,14089.437061377323,12936.955612184187,2493,2492.533776099205,6.707149297172111e-05,2.081436406013541,-0.22075919224740603,620.6314989087324,10138,-0.0008064068754357612,-0.00015306058447728255,-0.0008875105588931342
35,0,33,14089.369670921498,12936.936750147894,2492,2492.3803648836697,6.70725601006089e-05,2.081434356152053,-0.22075023059654406,620.5596626559243,10138,-0.0008111860664995474,-0.00021459946342683445,-0.0008889672614282862
35,0,34,14089.329553017566,12936.925276849288,2492,2492.2939550392666,6.707314540784451e-05,2.081433079313251,-0.22074495222222582,620.5224638749462,10138,-0.0008140311448660009,-0.0002492616290071803,-0.000889853336659252
35,1,0,14086.785224204621,12935.513743643993,2488,2487.7919829241905,6.710604389879796e-05,2.0812517144737765,-0.2205105770596684,620.5596626559243,10135,-0.0009944696561863253,-0.0020551681662648313,-0.0009988651085898193
35,1,1,14086.181398203105,12935.52739302752,2487,2487.2804933206226,6.710523963558716e-05,2.081253118231512,-0.22041050892257066,620.5769277651041,10135,-0.0010372917412311278,-0.0022603454519546373,-0.0009978109757656783
35,1,2,14087.329930378515,12935.564413894985,2489,2488.7565647924325,6.710273111654894e-05,2.081256549111909,-0.2205947466982653,620.6320190364788,10136,-0.0009558402264426835,-0.00166823891458312,-0.0009949518787599754
35,1,3,14088.289650422155,12935.618406598933,2490,2490.158424756926,6.709920779478262e-05,2.081261743870887,-0.2207463689397995,620.7222640363707,10137,-0.0008877788756149751,-0.0011059013412959562,-0.0009907820580949966
35,1,4,14089.008918823361,12935.686613418424,2491,2491.3814705635373,6.709498267066353e-05,2.0812685761827714,-0.22085706414463574,620.8532434560002,10138,-0.0008367698555178382,-0.0006152927011117137,-0.0009855144907273683
35,1,5,14089.563571144536,12935.766954922607,2492,2492.4672054548996,6.709028156659088e-05,2.0812769166721288,-0.22093935311934107,621.0310001580337,10138,-0.0007974350656809737,-0.00017976451747991895,-0.0009793097697207154
35,1,6,14090.005028972402,12935.857509089985,2493,2493.441231545895,6.708529261317527e-05,2.081286615405425,-0.2210017880181555,621.2580801160633,10139,-0.0007661277940477218,0.0002109531591794056,-0.0009723163315185079
35,1,7,14090.362768936435,12935.956364697871,2494,2494.3126689187993,6.708018175341398e-05,2.0812974999537177,-0.22104935771239043,621.5308155719957,10139,-0.0007407576193197984,0.0005605187291812808,-0.0009646817785794459
35,1,8,14090.654271141813,12936.061579351153,2495,2495.082890016015,6.70750972331992e-05,2.0813093769763937,-0.22108511176887052,621.8391773039564,10139,-0.0007200848887680689,0.0008694827296327201,-0.0009565561207881546
35,1,9,14090.890624028349,12936.171174430094,2496,2495.7504973924574,6.707017063046297e-05,2.081322035009993,-0.22111107348803777,622.168922108407,10139,-0.0007033232332871453,0.0011372845939316978,-0.0009480921656326302
35,1,10,14091.079314987637,12936.283147405617,2496,2496.3140523529587,6.706551860823208e-05,2.0813352480120297,-0.22112869234210192,622.5042146213054,10140,-0.000689941662626703,0.0013633472085501364,-0.0009394445671033758
35,1,11,14091.225670129823,12936.395494390572,2497,2496.772781033701,6.706124058340976e-05,2.0813487795371337,-0.22113907505594463,622.829483809211,10140,-0.0006795624601252381,0.0015473601482582922,-0.0009307680840741073
35,1,12,14091.333659245409,12936.506239724267,2497,2497.127010707831,6.705741815499486e-05,2.0813623874845364,-0.2211431123889119,623.1304223240184,10140,-0.0006719040964907608,0.0016894546943484468,-0.0009222152955078444
35,1,13,14091.406386778379,12936.613470730863,2497,2497.378455987935,6.705411543617491e-05,2.0813758293580764,-0.22114155409901312,623.3944742509489,10140,-0.0006667464110082788,0.001790318640969124,-0.0009139339160892934
35,1,14,14091.446415662891,12936.715376264043,2498,2497.530651852914,6.70513811455806e-05,2.081388867960761,-0.22113505616386825,623.6110935147532,10140,-0.0006639076457141124,0.0018513699981261844,-0.0009060638194455795
35,1,15,14091.455995125567,12936.81028775206,2498,2497.5884148775176,6.704924639697967e-05,2.08140127741518,-0.22112421198108648,623.7719104394007,10140,-0.0006632282901309905,0.0018745408710407752,-0.0008987338682645563
35,1,16,14091.43722891499,12936.896721307776,2498,2497.557590805686,6.704772440429214e-05,2.081412849364317,-0.2211095736576283,623.8708550296752,10140,-0.0006645591507816739,0.0018621762025348154,-0.0008920586621641302
35,1,17,14091.392203577703,12936.973419347734,2497,2497.445480335441,6.704681398623383e-05,2.08142339916669,-0.2210916667742054,623.90424755617,10140,-0.0006677522541220782,0.0018172045710065365,-0.0008861353234795866
35,1,18,14091.323087462677,12937.039389908989,2497,2497.260396525255,6.704649893554507e-05,2.081432771858996,-0.22107100059890028,623.8708550295886,10140,-0.0006726538253498671,0.001742960649851133,-0.0008810404608503575
35,1,19,14091.232206149407,12937.093941643127,2497,2497.0111952286793,6.704674749536092e-05,2.081440847622483,-0.22104807494747164,623.7719104382326,10140,-0.0006790989392007063,0.0016429968475273338,-0.0008768274666550724
35,1,20,14091.12209713304,12937.136712368443,2497,2496.707498338287,6.704751557478242e-05,2.08144754646027,-0.22102338444041694,623.6110935155316,10139,-0.0006869076417924669,0.0015211728589095141,-0.0008735243119464275
35,1,21,14090.995544826283,12937.167688950207,2496,2496.3596909910875,6.70487490073888e-05,2.08145283177698,-0.22099742064231662,623.394474251986,10139,-0.0006958824683633846,0.001381654544277966,-0.0008711320111108867
35,1,22,14090.85559600255,12937.187216364977,2496,2495.9784132570294,6.70503834110931e-05,2.081456712553936,-0.22097067241059826,623.1304223230684,10139,-0.000705807348075127,0.001228710026887292,-0.0008696239218379809
35,1,23,14090.705555405602,12937.195994040427,2496,2495.573862053636,6.705234324639338e-05,2.081459243837801,-0.2209436246893267,622.8294838099011,10139,-0.0007164479153685122,0.0010664296652616034,-0.0008689460277929717
35,1,24,14090.548961228405,12937.19505794422,2495,2495.1572999933537,6.705455222017359e-05,2.0814605253100833,-0.22091675593295015,622.5042146209606,10139,-0.0007275532489524617,0.000899331307340212,-0.0008690183218812431
35,1,25,14090.389540483537,12937.185747475425,2495,2494.7386690206345,6.705692399100239e-05,2.0814606977811443,-0.22089053432071235,622.1689221077181,10139,-0.0007388590368408998,0.0007314030325735743,-0.0008697373632023941
35,1,26,14090.231144845091,12937.169656966473,2494,2494.3282898948864,6.705937374107124e-05,2.0814599375514624,-0.22086541291011122,621.8391773054614,10138,-0.000750092126312385,0.0005667848770187778,-0.0008709800225218389
35,1,27,14090.077668115802,12937.148572387834,2494,2493.935935476615,6.706181643228286e-05,2.081458448699811,-0.2208418238646805,621.5308155719099,10138,-0.000760976376969924,0.0004093970943390701,-0.0008726083705260512
35,1,28,14089.932947140633,12937.124394821885,2494,2493.570204833449,6.706416663366801e-05,2.0814564534868576,-0.22082017185960415,621.2580801106125,10138,-0.0007712396877430638,0.00026268908671789326,-0.0008744755878860033
35,1,29,14089.800648744877,12937.099053453618,2493,2493.239905448895,6.706634854921668e-05,2.0814541812390894,-0.2208008267224393,621.0310001561468,10138,-0.000780622015003174,0.00013019385961055008,-0.0008764326849260984
35,1,30,14089.6841494792,12937.074414600718,2493,2492.951996277442,6.706828848400353e-05,2.0814518566176305,-0.22078411551625438,620.853243455443,10138,-0.0007888839007946791,1.470290551908171e-05,-0.0008783355271707594
35,1,31,14089.586447009031,12937.052215358097,2493,2492.712716953374,6.706992298351567e-05,2.0814496912532454,-0.22077031642464237,620.722264036842,10138,-0.0007958127569157591,-8.128082883551713e-05,-0.0008800499599340705
35,1,32,14089.510362890413,12937.034194645725,2493,2492.5275719805495,6.707119738134763e-05,2.081447902818509,-0.22075967281383604,620.6320190361362,10138,-0.0008012084844760681,-0.00015554928457395256,-0.0008814416875816411
35,1,33,14089.460627422468,12937.023558747285,2492,2492.4030240693937,6.707205186051597e-05,2.08144692172057,-0.22075252720136088,620.5769277654896,10138,-0.0008047356204933243,-0.0002055100309332758,-0.0008822630909539608
35,1,34,14089.463131868575,12937.040637497696,2492,2492.3560760133887,6.70723001872335e-05,2.0814496275485506,-0.22075023059653895,620.5596626568663,10138,-0.000804558010380596,-0.00022434262231407764,-0.0008809441104030702
35,2,0,14088.338019188452,12935.557766278976,2490,2489.784305857788,6.710283527018658e-05,2.0812555551003395,-0.22076046110357997,620.6314989053486,10137,-0.0008843486632381659,-0.0012559741867945728,-0.0009954652697290456
35,2,1,14087.329930378473,12935.564413894965,2489,2488.7565647934566,6.710273111655043e-05,2.0812565491119104,-0.22059474669826884,620.6320190353653,10136,-0.0009558402264455701,-0.0016682389141723375,-0.0009949518787614187
35,2,2,14087.85010612215,12935.598133076996,2490,2489.51120898949,6.710073684921115e-05,2.081259976166875,-0.2206763156797535,620.6775245058483,10136,-0.0009189504438292806,-0.0013655233814934276,-0.0009923477687289184
35,2,3,14088.53543077101,12935.649975919177,2491,2490.5613674333413,6.709764671663531e-05,2.081265237840138,-0.22078303515835798,620.757018217148,10137,-0.0008703486441002939,-0.0009442662189810269,-0.0009883439804602157
35,2,4,14089.147416332322,12935.716939390682,2492,2491.6160190659866,6.709377731150798e-05,2.08127217707035,-0.22087609356890942,620.8748373433201,10138,-0.000826947900033348,-0.0005212066732442899,-0.0009831724360318539
35,2,5,14089.656561555294,12935.796762145603,2493,2492.607459337926,6.708937180056677e-05,2.081280661786531,-0.22095080251662014,621.0371360863132,10138,-0.0007908403790197749,-0.00012350352834933354,-0.0009770077776861674
35,2,6,14090.075666992145,12935.88740476523,2494,2493.5193782105275,6.708463323565447e-05,2.0812905448431485,-0.221009400740335,621.2475492628085,10139,-0.0007611182925005844,0.00024230065954533586,-0.0009700075083755033
35,2,7,14090.421094720392,12935.98689713169,2494,2494.345901830914,6.707973814896984e-05,2.0813016583437784,-0.2210547296790346,621.5037797285753,10139,-0.000736621275944982,0.0005738496720892883,-0.0009623237789947447
35,2,8,14090.705656775554,12936.093276525615,2495,2495.0822612492602,6.707483920240259e-05,2.08131381420932,-0.2210890708813127,621.796754565763,10139,-0.0007164407264222961,0.0008692305081698937,-0.0009541081690571662
35,2,9,14090.938536329575,12936.204566724453,2496,2495.7242042434,6.707007025132566e-05,2.081326806541191,-0.22111413076421305,622.1126016400053,10139,-0.0006999253924643289,0.001126737445136916,-0.0009455133009178551
35,2,10,14091.126282723906,12936.318779819816,2496,2496.2687883326616,6.706554961661881e-05,2.0813404148723667,-0.2211311999486148,622.4355181518955,10140,-0.000686610808387611,0.0013451901458079174,-0.0009366926994212044
35,2,11,14091.273671823546,12936.433931819261,2497,2496.7140297551396,6.706137661194904e-05,2.081354408070877,-0.22114128993623244,622.7498888148073,10140,-0.0006761582797722987,0.0015237928503466502,-0.0009277995869858557
35,2,12,14091.384307114842,12936.548067305004,2497,2497.0596382462168,6.705763424486652e-05,2.0813685488083453,-0.22114522686068153,623.0414029544687,10140,-0.000668312254856307,0.001662429122943232,-0.0009189849792285987
35,2,13,14091.461027510082,12936.65929042384,2497,2497.3065639536885,6.705438660052296e-05,2.0813825985311856,-0.2211437131500988,623.2975578827574,10140,-0.0006628714038803274,0.0017614801028120741,-0.0009103952916332814
35,2,14,14091.506190642385,12936.765800335954,2497,2497.4576986834795,6.705168271044103e-05,2.0813963228610124,-0.22113736841708867,623.5078952174745,10140,-0.0006596685284038228,0.0018221057996310464,-0.0009021696018626235
35,2,15,14091.521877569927,12936.865929605663,2498,2497.5173764637593,6.704955476485249e-05,2.0814094973237824,-0.22112675717778213,623.6641406442143,10140,-0.000658556044106029,0.0018460447514463407,-0.0008944366848669949
35,2,16,14091.510046434976,12936.958184038556,2497,2497.491086236898,6.704801775858192e-05,2.0814219132725733,-0.22111240803703636,623.7603059916769,10140,-0.0006593950836070173,0.0018354987748516738,-0.0008873119362883264
35,2,17,14091.472651019036,12937.041282377755,2497,2497.3856655832283,6.704707187318358e-05,2.081433383830139,-0.22109482711739362,623.7927657996116,10140,-0.0006620470887834795,0.0017932106747129417,-0.0008808943067444286
35,2,18,14091.411733148849,12937.114194088444,2497,2497.208816991269,6.704670165822835e-05,2.081443749637912,-0.2210745074092566,623.7603059923691,10140,-0.0006663672575264457,0.001722270202368703,-0.0008752633837545432
35,2,19,14091.329493732144,12937.176173290132,2497,2496.9691180666423,6.704687794341738e-05,2.0814528841614437,-0.22105193507251644,623.6641406436953,10140,-0.0006721995060339214,0.0016261181508028244,-0.0008704767711735784
35,2,20,14091.228344654935,12937.226786748788,2497,2496.6758284035823,6.704755891395686e-05,2.081460698273106,-0.22102759333378624,623.5078952200683,10139,-0.0006793727883629419,0.0015084688837057048,-0.000866567927378159
35,2,21,14091.11094225398,12937.265933780769,2496,2496.3390376965126,6.704869310337976e-05,2.0814671438155723,-0.22100196439252276,623.2975578825414,10139,-0.0006876987226314135,0.0013733697484739071,-0.0008635446280990111
35,2,22,14090.980202239154,12937.29385598073,2496,2495.9689782468463,6.705021829992866e-05,2.081472215849615,-0.22097552961097952,623.041402955332,10139,-0.0006969705327547482,0.001224925297410362,-0.0008613882151414787
35,2,23,14090.839295576508,12937.311134878933,2496,2495.5756309640497,6.705206210374018e-05,2.0814759533115885,-0.22094876818452086,622.7498888117022,10139,-0.0007069633404113151,0.0010671392402652469,-0.0008600537773094663
35,2,24,14090.691624929821,12937.318676049455,2495,2495.169987832342,6.705415102712119e-05,2.0814784378547895,-0.2209221544506845,622.4355181522402,10139,-0.0007174358357580068,0.0009044208660462516,-0.0008594713777188012
35,2,25,14090.54078166892,12937.317678782356,2495,2494.761804106257,6.705640185149445e-05,2.0814797907288143,-0.22089615398487733,622.1126016411243,10139,-0.0007281333263108314,0.000740683366013517,-0.0008595483959945582
35,2,26,14090.390484302226,12937.30959132955,2494,2494.361149911019,6.705873238740834e-05,2.0814801676720163,-0.22087121864859427,621.7967545620655,10139,-0.0007387921031810629,0.0005799662376384518,-0.0008601729846032802
35,2,27,14090.24450073595,12937.296053121332,2494,2493.9777552875257,6.706106103232386e-05,2.081479751981702,-0.22084778081492235,621.5037797267712,10138,-0.0007491449542914586,0.0004261725580647635,-0.000861218531432062
35,2,28,14090.10655997871,12937.278827871016,2494,2493.6200606197617,6.706330480156415e-05,2.0814787462851405,-0.22082624717196578,621.2475492651262,10138,-0.0007589274261008416,0.0002826880756321426,-0.0008625488260732839
35,2,29,14089.980267831963,12937.259737880308,2493,2493.296708628324,6.706538955405554e-05,2.081477364422435,-0.22080699306313142,621.0371360832253,10138,-0.0007678838026645707,0.00015297970333527644,-0.0008640231333764126
35,2,30,14089.869069282895,12937.240629358304,2493,2493.0149386000203,6.706724375932213e-05,2.081475827594796,-0.22079036019318005,620.8748373435774,10138,-0.000775769772651147,3.995138527601583e-05,-0.0008654988718391765
35,2,31,14089.776396555751,12937.223466908948,2493,2492.781291276676,6.706880177991219e-05,2.081474378561215,-0.22077666662427894,620.757018220876,10138,-0.0007823419298504941,-5.377314651922038e-05,-0.0008668243164039469
35,2,32,14089.706488290372,12937.210926483189,2493,2492.602400628119,6.707000040761019e-05,2.0814733662433285,-0.22076625602297628,620.6775245086329,10138,-0.0007872996787349207,-0.00012553276284399395,-0.0008677928051562533
35,2,33,14089.668133851634,12937.209448316655,2492,2492.48681205694,6.707075450080089e-05,2.081473682387342,-0.22075967281383774,620.6320190365645,10138,-0.0007900196958150474,-0.00017189958853480736,-0.0008679069629758951
35,2,34,14089.712597322205,12937.261777525553,2492,2492.4623948443514,6.70707228569873e-05,2.081481428226779,-0.22075919224739476,620.6314989034639,10138,-0.0007868664388943625,-0.0001816942302402813,-0.000863865612928838
35,3,0,14089.298044245013,12935.619339726662,2491,2491.2830972881934,6.709863981224195e-05,2.0812613255079317,-0.22091155753534494,620.7472751694847,10138,-0.0008162656815280389,-0.000654753838696287,-0.0009907099932602303
35,3,1,14088.28965042154,12935.618406598434,2490,2490.158424756455,6.709920779476795e-05,2.081261743870882,-0.22074636893977964,620.7222640381702,10137,-0.0008877788756586069,-0.0011059013414848051,-0.0009907820581334104
35,3,2,14088.5354307714,12935.64997591943,2491,2490.5613674306683,6.709764671661579e-05,2.0812652378401393,-0.22078303515836498,620.7570182167623,10137,-0.0008703486440726493,-0.0009442662200532803,-0.0009883439804406757
35,3,3,14089.010932855415,12935.700756148792,2491,2491.3223220141995,6.709498762136745e-05,2.0812707158846586,-0.2208552535328785,620.8243993662121,10138,-0.0008366270245504515,-0.0006390193589380644,-0.000984422257054418
35,3,4,14089.504544438476,12935.767695581946,2492,2492.186971108151,6.709150718429441e-05,2.0812779694803774,-0.22092865542441611,620.927716004751,10138,-0.0008016211169944443,-0.0002921768172058359,-0.0009792525690918152
35,3,5,14089.951853158324,12935.848558892492,2493,2493.056180717279,6.708743179520345e-05,2.0812868576527506,-0.2209928569122148,621.0738698604664,10138,-0.0007698989122624234,5.6495114838073235e-05,-0.0009730075493262769
35,3,6,14090.33839628449,12935.941256054846,2494,2493.8859270179937,6.708296623314312e-05,2.081297232226345,-0.22104564298019594,621.2682510240209,10139,-0.0007424860771400033,0.0003893368629483973,-0.0009658486090454721
35,3,7,14090.666003549924,12936.043746961492,2495,2494.6538688215846,6.707829280061233e-05,2.0813089263799496,-0.22108747942553522,621.5104321830073,10139,-0.0007192528507692364,0.00069738655492535,-0.0009579333043977512
35,3,8,14090.94051820999,12936.15400731262,2495,2495.3469615943013,6.707357351947783e-05,2.0813217537150392,-0.22111950742686143,621.7922869532451,10139,-0.0006997848416243624,0.0009754115486795278,-0.0009494179707130179
35,3,9,14091.167817562278,12936.27001296082,2496,2495.9564071762534,6.70689493112244e-05,2.081335510028905,-0.22114289153011116,622.0998143188481,10140,-0.0006836652439755619,0.0012198825788007905,-0.000940458931551369
35,3,10,14091.352814169992,12936.389738843647,2496,2496.47578149958,6.706453972315395e-05,2.0813499762213055,-0.2211586535416996,622.4165760853554,10140,-0.0006705456690506706,0.001428222715479599,-0.0009312125811403726
35,3,11,14091.49940851943,12936.511169896727,2497,2496.902132416681,6.706045203528102e-05,2.081364921925455,-0.22116766116257422,622.726322530573,10140,-0.0006601495024678439,0.001599247743773402,-0.00092183454156336
35,3,12,14091.610689106215,12936.632321270008,2497,2497.233118253172,6.705676830464162e-05,2.0813801097241487,-0.2211706564664012,623.0142948628196,10140,-0.000652257714536919,0.0017320183319911031,-0.0009124781014713257
35,3,13,14091.689160510867,12936.751265566736,2497,2497.4691001331908,6.705355708505082e-05,2.0813952998758216,-0.22116828843958816,623.2677242028499,10140,-0.000646692685612793,0.0018266793403018955,-0.0009032921124355608
35,3,14,14091.736942638323,12936.866165215368,2498,2497.612398000631,6.70508706883143e-05,2.0814102554773757,-0.22116114037527979,623.4760116577049,10140,-0.0006433040764433073,0.0018841613834978954,-0.0008944184888860507
35,3,15,14091.755933743596,12936.975308383888,2498,2497.6663354883617,6.704874149817474e-05,2.0814247479701504,-0.221149751004081,623.6308165904621,10140,-0.0006419572667281104,0.0019057976929208742,-0.0008859894344720454
35,3,16,14091.74794206396,12937.077146848216,2498,2497.635906503957,6.704718671477478e-05,2.0814385628634966,-0.22113463028084376,623.7261235602323,10140,-0.000642524020038171,0.0018935915085080968,-0.0008781245175112362
35,3,17,14091.71479212681,12937.170334230941,2498,2497.5273987356923,6.704620798079146e-05,2.081451505513467,-0.22111627097463016,623.7582979010873,10140,-0.0006448749446824609,0.0018500650532027318,-0.0008709277178367003
35,3,18,14091.658410131175,12937.253762815108,2497,2497.348462712102,6.704579345872812e-05,2.081463406755193,-0.2210951569883327,623.7261235610542,10140,-0.0006488734386295159,0.0017782872352836154,-0.0008644845836932591
35,3,19,14091.580891009018,12937.326597027975,2497,2497.107246846928,6.704591533847435e-05,2.0814741281513025,-0.22107176906906878,623.6308165890349,10140,-0.000654370933658277,0.0016815266830916276,-0.0008588596458086739
35,3,20,14091.484548285494,12937.388301561545,2497,2496.812692162452,6.704653341987019e-05,2.0814835665884988,-0.2210465883566938,623.4760116562352,10140,-0.0006612033593733635,0.0015633699693942127,-0.0008540942456640721
35,3,21,14091.37194677745,12937.438661978547,2496,2496.4744195768444,6.70475967889651e-05,2.081491657936525,-0.22102009806955564,623.2677241982278,10140,-0.0006691888242946753,0.0014276763981972973,-0.0008502049441074799
35,3,22,14091.245917667795,12937.477795791001,2496,2496.1030312188805,6.704904775387575e-05,2.081498379483051,-0.22099278353118237,623.0142948654094,10139,-0.0006781265468144282,0.0012786988731561255,-0.0008471826657636683
35,3,23,14091.10955524704,12937.506152148753,2496,2495.7081463496397,6.705081441013562e-05,2.08150375088192,-0.2209651306911539,622.7263225297968,10139,-0.0006877970862808613,0.001120296033556567,-0.0008449927230882448
35,3,24,14090.966194943874,12937.524498801498,2495,2495.300458253269,6.705282377575614e-05,2.0815078334085686,-0.22093762327822858,622.4165760860017,10139,-0.0006979639010235017,0.0009567573488249437,-0.0008435758232822055
35,3,25,14090.819372965803,12937.533895709728,2495,2494.8902297278837,6.705499690495117e-05,2.0815107274197966,-0.22091073874767675,622.0998143204835,10139,-0.0007083762105557501,0.0007921996046127422,-0.0008428501063008076
35,3,26,14090.672769482231,12937.535656053982,2494,2494.487083653222,6.705725065509156e-05,2.0815125680924496,-0.22088494325754593,621.7922869518694,10139,-0.0007187730249123003,0.0006304828917829131,-0.0008427141560832796
35,3,27,14090.530140233885,12937.531297664907,2494,2494.1013379621654,6.70595072760258e-05,2.0815135198385053,-0.2208606860786043,621.5104321872167,10139,-0.0007288879947665583,0.0004757461125690643,-0.0008430507515767571
35,3,28,14090.395247759827,12937.5224925649,2494,2493.7413425669356,6.70616835231325e-05,2.0815137704462785,-0.22083839421697343,621.2682510240638,10138,-0.0007384542886682555,0.00033133872376023277,-0.000843730763602224
35,3,29,14090.27181779774,12937.51103291366,2493,2493.4157481262782,6.706370441910117e-05,2.0815135274899514,-0.2208184688788055,621.0738698587935,10138,-0.0007472076850445486,0.0002007308226341653,-0.0008446157848561731
35,3,30,14090.163581179902,12937.49885849003,2493,2493.132618691579,6.706549990753351e-05,2.0815130233771737,-0.22080128726980158,620.9277160018356,10138,-0.0007548836010242699,8.715719668894728e-05,-0.0008455560075071311
35,3,31,14090.07455836269,12937.488272713694,2493,2492.8987944061855,6.706700028711971e-05,2.081512547142905,-0.2207872172920786,620.8243993641977,10138,-0.000761196914197293,-6.6383210902687395e-06,-0.0008463735399826255
35,3,32,14090.01015604315,12937.482845185232,2493,2492.7215755493853,6.70681361547957e-05,2.081512574555907,-0.22077666662427628,620.7570182177907,10138,-0.0007657641928463521,-7.772732027555573e-05,-0.0008467927044009116
35,3,33,14089.983093195178,12937.492523014549,2493,2492.61091773793,6.706879977766006e-05,2.0815145027215136,-0.2207703164246399,620.7222640374418,10138,-0.0007676834337775329,-0.00012211623695423945,-0.0008460452920705519
35,3,34,14090.086677541229,12937.595889565364,2493,2492.614750009592,6.706838577062012e-05,2.0815295750027696,-0.2207721696901977,620.7472751738125,10138,-0.0007603374472436863,-0.00012057897189121647,-0.0008380623620053429
35,4,0,14089.9902495504,12935.696094141396,2493,2492.5697866315095,6.70937247188305e-05,2.0812688978806326,-0.22101709060468525,620.9160877079229,10139,-0.0007671759199389117,-0.00013861543598758796,-0.0009847823007891332
35,4,1,14089.00891882409,12935.686613419144,2491,2491.3814705662912,6.709498267070427e-05,2.081268576182773,-0.22085706414463957,620.8532434563432,10138,-0.0008367698554661018,-0.0006152927000069308,-0.0009855144906717461
35,4,2,14089.147416332473,12935.716939390819,2492,2491.6160190659866,6.709377731150535e-05,2.0812721770703493,-0.22087609356890617,620.8748373450777,10138,-0.0008269479000226898,-0.0005212066732442899,-0.0009831724360213068
35,4,3,14089.504544437748,12935.767695581315,2492,2492.186971105394,6.709150718424675e-05,2.081277969480378,-0.220928655424416,620.9277160041937,10138,-0.0008016211170460696,-0.00029217681831172904,-0.000979252569140554
35,4,4,14089.913442003497,12935.835607510273,2493,2492.893114157706,6.708842208894904e-05,2.0812856772418584,-0.22098776099078493,621.0128989220996,10138,-0.0007726229515295779,-8.916877598519335e-06,-0.000974007775973007
35,4,5,14090.309828906944,12935.91857500436,2494,2493.6427186544797,6.708471201190634e-05,2.0812951467038694,-0.22104306063043674,621.13801516333,10139,-0.0007445120161815311,0.00029177704641503155,-0.0009676002515102144
35,4,6,14090.668470981129,12936.014572796317,2494,2494.3843854049373,6.708056572999028e-05,2.081306227270545,-0.22109058170985996,621.3109578671902,10139,-0.0007190778656764873,0.0005892868485375402,-0.0009601864057973142
35,4,7,14090.981879750825,12936.12155704319,2495,2495.087092836956,6.70761621473606e-05,2.081318752398141,-0.2211292671656384,621.5344667642763,10139,-0.0006968515671135211,0.0008711686356352999,-0.0009519240834682252
35,4,8,14091.24999672115,12936.237467889472,2496,2495.730654971158,6.707166273571679e-05,2.081332536704074,-0.2211592928221748,621.8023118854973,10140,-0.0006778372688283074,0.0011293250692114842,-0.0009429723657957689
35,4,9,14091.475364946733,12936.360235794318,2496,2496.302062851755,6.706721402604446e-05,2.0813473769756476,-0.22118127742404903,622.1004030170013,10140,-0.0006618546226717648,0.0013585377788050135,-0.0009334910820446574
35,4,10,14091.661088498236,12936.4877890873,2497,2496.7923882519644,6.706294272260066e-05,2.0813630546342274,-0.2211959467509556,622.4111464933924,10140,-0.0006486834944041675,0.001555225324393339,-0.000923640225946265
35,4,11,14091.81008557355,12936.618066373685,2497,2497.1957638095632,6.705895622699813e-05,2.081379339022982,-0.22120400828954928,622.7170907143691,10140,-0.0006381169314960689,0.001717034091266445,-0.0009135789976464359
35,4,12,14091.92489279973,12936.749035154786,2498,2497.5088670321156,6.705534324982354e-05,2.081395991312426,-0.2212061153508036,623.0026172178631,10140,-0.0006299750416289829,0.001842631305551734,-0.0009034643656691266
35,4,13,14092.007684389608,12936.878716403244,2498,2497.731331529634,6.705217806587566e-05,2.0814127689296056,-0.22120286577118464,623.2544335116646,10140,-0.0006241036341476658,0.001931869994754365,-0.0008934491689825963
35,4,14,14092.06036400855,12937.005214138095,2498,2497.8637484512988,6.70495120648141e-05,2.0814294304367236,-0.2211948120449737,623.4616466043683,10140,-0.0006203677050606871,0.0019849872905450816,-0.0008836798329375783
35,4,15,14092.084672894225,12937.126748771978,2498,2497.9090133088384,6.70473822000158e-05,2.081445740772659,-0.22118247374916722,623.6157586481737,10140,-0.0006186437694118974,0.0020031446891359828,-0.000874293793883818
35,4,16,14092.082293360272,12937.241692841302,2498,2497.8715449747874,6.704580863352632e-05,2.081461476743213,-0.22116634896589776,623.7106741462278,10140,-0.0006188125210142559,0.00198811476276739,-0.0008654167397535995
35,4,17,14092.054940724582,12937.348607600525,2498,2497.7571023105234,6.704479550886672e-05,2.0814764326115505,-0.22114692371263708,623.7427215300769,10140,-0.0006207523130881132,0.0019422076024713242,-0.0008571597839096556
35,4,18,14092.004441601764,12937.446278785072,2498,2497.5726078241996,6.704433188320373e-05,2.0814904256029263,-0.22112467923066087,623.7106741479149,10140,-0.0006243336059217341,0.0018682000807843657,-0.0008496167031984969
35,4,19,14091.932797888077,12937.533749696457,2497,2497.3263094589493,6.704439451961957e-05,2.0815033011018063,-0.22110009724252722,623.6157586471791,10140,-0.0006294144291931758,0.001769400750945893,-0.0008428613828088682
35,4,20,14091.84223585521,12937.610349615046,2497,2497.026852122112,6.704494528362043e-05,2.0815149372897945,-0.22107366333680004,623.4616466028555,10140,-0.0006358369003414133,0.0016492774031326984,-0.0008369456219724514
35,4,21,14091.735239567726,12937.67571551071,2497,2496.683470882799,6.70459343989196e-05,2.0815252489544958,-0.221045868618555,623.2544335114918,10140,-0.0006434248546703936,0.001511534563107153,-0.000831897457265196
35,4,22,14091.614567639082,12937.729805061184,2496,2496.306400448769,6.704730494478162e-05,2.081534190200128,-0.221017209737594,623.0026172166977,10140,-0.0006519826570471343,0.0013602777484456041,-0.0008277201572073345
35,4,23,14091.483252486656,12937.772899282392,2496,2495.9058527669818,6.704899020645054e-05,2.0815417558185043,-0.22098818739490472,622.717090713593,10140,-0.0006612952547337958,0.0011996033465315747,-0.0008243920191257637
35,4,24,14091.344581723535,12937.805593584591,2495,2495.491817253005,6.70509153358387e-05,2.0815479811472732,-0.22095930344467965,622.4111464921863,10139,-0.0006711294970431769,0.0010335184792258367,-0.0008218670598818534
35,4,25,14091.202062488897,12937.828777067558,2495,2495.075386567879,6.705300684140968e-05,2.081552940370453,-0.22093105676497715,622.1004030165279,10139,-0.0006812366649538992,0.0008664728207097294,-0.0008200766148904748
35,4,26,14091.059371584613,12937.843601503924,2495,2494.6659241055913,6.705518097526578e-05,2.0815567434434663,-0.22090393818454065,621.8023118846803,10139,-0.0006913560073191771,0.0007022223725714483,-0.0008189317335159929
35,4,27,14090.920298044002,12937.851444369324,2494,2494.2736964986602,6.705735985691829e-05,2.081559532231455,-0.22087842496203614,621.5344667672404,10139,-0.000701218813770943,0.0005448854585827778,-0.0008183260342302656
35,4,28,14090.788691757709,12937.853875777007,2494,2493.907921309409,6.705946407246083e-05,2.081561477220926,-0.22085497567721277,621.3109578709248,10139,-0.0007105520580664715,0.00039815958188893497,-0.0008181382582297392
35,4,29,14090.668445396304,12937.852650448116,2494,2493.5770949082466,6.706141641523189e-05,2.0815627777909786,-0.22083402700890223,621.138015162472,10139,-0.0007190796800990995,0.00026545294904334327,-0.0008182328895661728
35,4,30,14090.563569710881,12937.849775187346,2493,2493.28983707777,6.706314725989195e-05,2.08156367324725,-0.22081599500276955,621.0128989223998,10139,-0.000726517245737246,0.00015022327176494876,-0.0008184549440457545
35,4,31,14090.478542548559,12937.84781185338,2493,2493.053483894293,6.706458604669475e-05,2.081564487653089,-0.22080128726979806,620.9277160039364,10138,-0.0007325471953700813,5.541331998570875e-05,-0.0008186065710239498
35,4,32,14090.419838726539,12937.851209546749,2493,2492.8756330086144,6.706565767544712e-05,2.081565822601878,-0.22079036019319115,620.8748373443918,10138,-0.0007367103484186011,-1.5929209220333362e-05,-0.0008183441694218363
35,4,33,14090.405828204757,12937.874797398748,2493,2492.7686442435456,6.706622109413937e-05,2.0815697779778874,-0.2207841155162373,620.853243457029,10138,-0.0007377039455040979,-5.884633649522186e-05,-0.0008165224952784156
35,4,34,14090.589446871783,12938.047610370537,2493,2492.809026144369,6.706529987441699e-05,2.0815948461564857,-0.22078905038797528,620.9160877088233,10138,-0.0007246820912687468,-4.26476713725199e-05,-0.0008031762642464191
35,5,0,14090.526218839377,12935.785886538197,2494,2493.7230048838637,6.708831646641338e-05,2.0812781222630465,-0.2210954429034589,621.1448913047652,10139,-0.0007291660919148679,0.00032398280486711784,-0.0009778476936227465
35,5,1,14089.563571144417,12935.766954922532,2492,2492.46720545761,6.709028156664004e-05,2.0812769166721248,-0.22093935311932406,621.0310001586342,10138,-0.0007974350656893003,-0.00017976451639278856,-0.0009793097697264885
35,5,2,14089.656561555455,12935.79676214574,2493,2492.607459340389,6.708937180060503e-05,2.0812806617865243,-0.2209508025165972,621.0371360854126,10138,-0.0007908403790083396,-0.00012350352736112402,-0.0009770077776756203
35,5,3,14089.951853158327,12935.848558892443,2493,2493.056180716667,6.708743179518236e-05,2.0812868576527457,-0.22099285691219478,621.073869856949,10138,-0.0007698989122622013,5.64951145924919e-05,-0.0009730075493300516
35,5,4,14090.309828906602,12935.918575004056,2494,2493.6427186540855,6.708471201185286e-05,2.081295146703865,-0.22104306063041176,621.1380151637591,10139,-0.0007445120162057339,0.0002917770462569358,-0.0009676002515336402
35,5,5,14090.673567682175,12936.004821470417,2494,2494.2903618919754,6.708136995394828e-05,2.0813053599157167,-0.22109228185912583,621.236904443479,10139,-0.00071871641823118,0.0005515705605700916,-0.0009609394942199367
35,5,6,14091.015312217052,12936.10539777243,2495,2494.9498681505083,6.707756567981183e-05,2.081317343688897,-0.22113613869623966,621.3809085292636,10139,-0.0006944806060942277,0.0008161227686254158,-0.0009531720532164334
35,5,7,14091.322716365694,12936.218322785538,2496,2495.587518892979,6.707346189156484e-05,2.0813309317552853,-0.22117278006587454,621.5775870261577,10140,-0.0006726801427766604,0.001071907925636717,-0.0009444509294567194
35,5,8,14091.591587186369,12936.341548948221,2496,2496.180617716857,6.706921912481186e-05,2.0813459399220458,-0.2212017050396808,621.8248690214731,10140,-0.000653612382991331,0.0013098216700808685,-0.0009349342547572137
35,5,9,14091.82166406993,12936.47298901519,2497,2496.7123801609855,6.706498002882369e-05,2.0813621661569974,-0.2212230730667986,622.1095067845204,10140,-0.0006372958085973934,0.0015231311374814815,-0.0009247832256853439
35,5,10,14092.014341657034,12936.610537321421,2497,2497.171701883791,6.706087501480889e-05,2.0813793925129067,-0.22123732997673975,622.4122834944127,10140,-0.0006236315145781157,0.0017073819681654445,-0.0009141604613521759
35,5,11,14092.171551902577,12936.752088767458,2498,2497.5506141936444,6.705701387877727e-05,2.0813973879903473,-0.22124502244799837,622.7137227885522,10141,-0.0006124824907075554,0.0018593776269391071,-0.0009032285371906035
35,5,12,14092.295275735569,12936.895559327453,2498,2497.845025617976,6.705349276477413e-05,2.081415912054919,-0.22124671469593776,622.996728853713,10141,-0.000603708253617441,0.0019774768737255144,-0.0008921484011327196
35,5,13,14092.387372245257,12937.038909928253,2498,2498.052337124219,6.705038441898119e-05,2.08143471869208,-0.22124295650807888,623.2471239442249,10141,-0.0005971769605623845,0.002060637141004573,-0.0008810775294437745
35,5,14,14092.449557916903,12937.180174146,2498,2498.1727368363486,6.704774676637122e-05,2.081453560924271,-0.22123427533340276,623.4535275445917,10141,-0.0005927668819749599,0.0021089338922197776,-0.0008701677877321901
35,5,15,14092.48345132355,12937.317489279661,2498,2498.2082966914063,6.704562013365505e-05,2.0814721957119033,-0.22122117868395946,623.607184057036,10141,-0.0005903632320191088,0.0021231982574958508,-0.0008595630311617475
35,5,16,14092.490642262426,12937.449129887224,2498,2498.162744283893,6.704402786898927e-05,2.0814903891381222,-0.22120416024788522,623.7018665158326,10141,-0.0005898532655794764,0.002104925512038225,-0.000849396514473022
35,5,17,14092.472765919429,12937.57354256653,2498,2498.041259745936,6.704297712875608e-05,2.0815079217463124,-0.22118370666855847,623.7338421451669,10141,-0.0005911210186709814,0.0020561935972984724,-0.0008397882058828188
35,5,18,14092.431572755451,12937.689380452928,2498,2497.85028791136,6.704245982893555e-05,2.081524593864396,-0.22116030364117095,623.7018665157029,10141,-0.0005940423522450278,0.001979587773078162,-0.00083084212285367
35,5,19,14092.368989439008,12937.795535770725,2498,2497.5973597943303,6.704245375695127e-05,2.081540230715953,-0.22113444075756555,623.6071840557387,10140,-0.0005984806309750068,0.0018781290060478906,-0.0008226438181665463
35,5,20,14092.287168012386,12937.891168573151,2497,2497.291320828559,6.70429258817431e-05,2.0815546870888717,-0.2211066148706167,623.4535275458019,10140,-0.0006042832364946404,0.0017553655248856437,-0.000815258160352772
35,5,21,14092.18852126298,12937.975729748297,2497,2496.941230476602,6.704382904459193e-05,2.0815678513150857,-0.22107733189450374,623.2471239425835,10140,-0.0006112790589365424,0.0016149314131077563,-0.0008087275569601537
35,5,22,14092.075742681924,12938.048976452696,2497,2496.5566481242545,6.704510584376652e-05,2.0815796483165423,-0.2210471070202193,622.9967288539287,10140,-0.0006192770815078852,0.0014606612918219852,-0.0008030707626286437
35,5,23,14091.951809825357,12938.110978408013,2496,2496.148403980344,6.704669510616071e-05,2.0815900415035835,-0.22101646336650238,622.7137227892422,10140,-0.0006280661421154132,0.001296899555978115,-0.0007982823928001093
35,5,24,14091.819970655788,12938.16211408941,2496,2495.726353485032,6.704852313788671e-05,2.081599033386278,-0.22098592913583578,622.4122834954466,10140,-0.000637415902008831,0.0011275995849755471,-0.0007943332180891938
35,5,25,14091.683713750142,12938.203056861621,2495,2495.301220748498,6.705051585176837e-05,2.08160666489849,-0.22095603342325604,622.1095067849078,10140,-0.0006470789585629744,0.000957063213695486,-0.0007911712349847333
35,5,26,14091.546725503851,12938.234752891607,2495,2494.883406110083,6.705259547570247e-05,2.0816130136748416,-0.22092730094671748,621.8248690249558,10139,-0.000656793880275619,0.0007894624006321571,-0.0007887233716408204
35,5,27,14091.412841105355,12938.25839562829,2494,2494.4826013499933,6.705468133204665e-05,2.0816181919365873,-0.22090024614911774,621.5775870258999,10139,-0.000666288683553673,0.0006286848751593244,-0.0007868974587897926
35,5,28,14091.28600236204,12938.275407049932,2494,2494.109154862279,6.705669932117957e-05,2.08162234542061,-0.22087536738021585,621.3809085321833,10139,-0.000675283823609929,0.00047888175860477666,-0.0007855836779950831
35,5,29,14091.170249133345,12938.287448339699,2494,2493.7714839617097,6.705857090520033e-05,2.0816256565737854,-0.22085314230087594,621.2369044467407,10139,-0.0006834928020093001,0.00034342954539856585,-0.0007846537371840601
35,5,30,14091.069814241338,12938.2965220175,2493,2493.4781779051223,6.706022498235268e-05,2.0816283609356723,-0.2208340270089072,621.1380151639307,10139,-0.0006906154358080618,0.0002257737022550721,-0.0007839529830740988
35,5,31,14090.989592411439,12938.30540319866,2493,2493.237630601817,6.706159398843189e-05,2.0816308109235573,-0.22081846887881323,621.0738698587077,10139,-0.0006963046012526952,0.00012928133480905046,-0.0007832670953518139
35,5,32,14090.937460437688,12938.319662330812,2493,2493.0577112761134,6.706259418787044e-05,2.081633768442958,-0.2208069930631338,621.03713608567,10139,-0.0007000016924808561,5.7109078259953705e-05,-0.0007821658720462699
35,5,33,14090.939607524739,12938.36074008541,2493,2492.954333687665,6.706303824302668e-05,2.081640285614746,-0.2208008267224644,621.0310001596207,10139,-0.0006998494255296972,1.5640526697779933e-05,-0.0007789934643417373
35,5,34,14091.22529835522,12938.622596696505,2493,2493.038887456391,6.706148463679336e-05,2.081678212893455,-0.22080958095215006,621.1448913046794,10139,-0.000679588825607258,4.955815208274039e-05,-0.0007587704521873073
35,6,0,14090.953114283067,12935.88659234039,2495,2494.762751341963,6.708261567233932e-05,2.081288822049091,-0.2211544972748744,621.4344900703915,10139,-0.0006988915543012508,0.0007410633370819042,-0.0009700702514062742
35,6,1,14090.005028972664,12935.857509090203,2493,2493.4412315472737,6.70852926131914e-05,2.0812866154054253,-0.22100178801815834,621.2580801112991,10139,-0.0007661277940291811,0.00021095315973251871,-0.0009723163315016325
35,6,2,14090.075666991603,12935.88740476473,2494,2493.519378209173,6.708463323565784e-05,2.0812905448431542,-0.2210094007403519,621.2475492617785,10139,-0.0007611182925389981,0.0002423006590019927,-0.0009700075084141391
35,6,3,14090.338396285098,12935.941256055426,2494,2493.885927016613,6.708296623312253e-05,2.0812972322263485,-0.22104564298020032,621.2682510222181,10139,-0.0007424860770968156,0.00038933686239461807,-0.0009658486090006191
35,6,4,14090.66847098135,12936.014572796468,2494,2494.384385403877,6.708056573000475e-05,2.0813062272705465,-0.22109058170986853,621.3109578679628,10139,-0.0007190778656607222,0.0005892868481123248,-0.0009601864057856568
35,6,5,14091.015312217989,12936.10539777332,2495,2494.949868151268,6.707756567985836e-05,2.0813173436889008,-0.22113613869624946,621.3809085320974,10139,-0.0006944806060278363,0.000816122768930283,-0.0009531720531475996
35,6,6,14091.351336294962,12936.211957804571,2496,2495.5379458967423,6.707409631687547e-05,2.0813304248258273,-0.22117796345424232,621.4891498883803,10140,-0.0006706504768762,0.001052022374218975,-0.0009449424927092664
35,6,7,14091.661729613708,12936.332371813465,2496,2496.1169619039565,6.707030558035854e-05,2.0813453051793003,-0.22121380096333543,621.6484313700602,10140,-0.0006486380278273307,0.0012842869831231063,-0.0009356429987792403
35,6,8,14091.93945702878,12936.464646987391,2497,2496.6620458976004,6.706633610182512e-05,2.081361802432231,-0.221242684007023,621.8644856748044,10140,-0.0006289421767747827,0.0015029402138215797,-0.0009254274749516123
35,6,9,14092.181960872667,12936.606713243735,2497,2497.1557467558387,6.706232997811291e-05,2.081379716471925,-0.22126439477844348,622.1281925718695,10141,-0.0006117443081825602,0.001700981779729105,-0.0009144557923319585
35,6,10,14092.38904914521,12936.756455252986,2498,2497.584599516939,6.705841283979538e-05,2.081398830682591,-0.22127911852072774,622.4189632039095,10141,-0.0005970580383030111,0.0018730103896351658,-0.0009028913164134122
35,6,11,14092.561653788294,12936.91173901427,2498,2497.9399789873287,6.705470000927331e-05,2.0814189143005626,-0.22128723827582414,622.7140676398351,10141,-0.0005848172757542125,0.00201556616127907,-0.000890898854666089
35,6,12,14092.701162165793,12937.070436135022,2498,2498.215425623912,6.705128473719433e-05,2.0814397254575865,-0.22128922260541503,622.9938521088368,10141,-0.0005749236315740758,0.0021260579344299924,-0.0008786427814341247
35,6,13,14092.809094176082,12937.2304486067,2498,2498.407838425063,6.704824606724786e-05,2.0814610147705563,-0.22128556924186676,623.2426350417027,10141,-0.000567269317728547,0.0022032417833230955,-0.0008662851245236913
35,6,14,14092.886974372652,12937.389735593464,2499,2498.5164663162873,6.704564545213334e-05,2.0814825294009647,-0.22127678013369234,623.44824173863,10141,-0.0005617462160528719,0.0022468164243640842,-0.0008539834963314785
35,6,15,14092.93630803374,12937.546342678066,2499,2498.5425352568177,6.704352658988632e-05,2.081504017515497,-0.2212633530748744,623.6015136363981,10141,-0.0005582475753427296,0.0022572736348751565,-0.0008418888352031972
35,6,16,14092.95860910959,12937.698433274922,2498,2498.4889100220794,6.70419154672831e-05,2.0815252330643808,-0.22124578149272697,623.6960248993981,10141,-0.0005566660293937487,0.0022357625816078475,-0.0008301429794237425
35,6,17,14092.95545115501,12937.844321408993,2498,2498.3603794312094,6.704082363788361e-05,2.081545940767892,-0.2212245577834782,623.7279521400609,10141,-0.0005568899849690556,0.002184204235985865,-0.0008188761357257324
35,6,18,14092.928525310283,12937.982504691532,2498,2498.162804162238,6.704024580775853e-05,2.0815659211705078,-0.2212001777329927,623.6960248993981,10141,-0.0005587995099148868,0.0021049495314440225,-0.0008082043325939869
35,6,19,14092.879696325464,12938.111696070118,2498,2497.9033112351817,6.704016285657424e-05,2.081584975590521,-0.22117314472070604,623.601513636917,10141,-0.0005622623600327614,0.002000857377746801,-0.0007982269682322851
35,6,20,14092.81105115181,12938.230852708337,2498,2497.5900383314383,6.704054269519521e-05,2.081602930765967,-0.2211439730136551,623.4482417346104,10141,-0.0005671305330773313,0.001875192098097278,-0.0007890245802043561
35,6,21,14092.724936468274,12938.339200279786,2497,2497.2324778765314,6.704134430655443e-05,2.0816196429811487,-0.22111318977178693,623.2426350435601,10141,-0.0005732376074543133,0.0017317614533762793,-0.000780656969223692
35,6,22,14092.623982537018,12938.436251007222,2497,2496.840006771582,6.704251269759113e-05,2.0816350014597957,-0.22108133555270165,622.9938521095705,10140,-0.0005803970504378864,0.0015743268633796603,-0.0007731618060031753
35,6,23,14092.511111588436,12938.52181403823,2496,2496.422735340998,6.704398578034968e-05,2.081648930840933,-0.22104896320602763,622.7140676411286,10140,-0.000588401623522028,0.00140694395094898,-0.0007665538299478358
35,6,24,14092.38952989828,12938.595997320048,2496,2495.9916620512613,6.704569782551343e-05,2.081661392625416,-0.22101663513244035,622.4189632021863,10140,-0.0005970239442943948,0.0012340246053659243,-0.0007608247043642269
35,6,25,14092.262704103365,12938.65920112974,2496,2495.556740547858,6.704757240239683e-05,2.0816723856137425,-0.22098491897477576,622.12819257131,10140,-0.0006060181660769715,0.0010595615997956997,-0.0007559435161205164
35,6,26,14092.134324399682,12938.712105058641,2495,2495.129275727069,6.704953736391365e-05,2.0816819455850264,-0.22095438192792113,621.8644856753634,10140,-0.0006151225878398003,0.0008880897437781865,-0.0007518577808293125
35,6,27,14092.008260795808,12938.755653220043,2495,2494.71903426215,6.705151293180661e-05,2.0816901448761307,-0.22092558400883183,621.648431368642,10140,-0.0006240627566178603,0.0007235268090435287,-0.0007484945852480607
35,6,28,14091.88852527537,12938.791048396015,2494,2494.336248969888,6.705342452870442e-05,2.0816970933848626,-0.22089907087240965,621.4891498881226,10140,-0.0006325541508709343,0.0005699775546295083,-0.0007457610393166725
35,6,29,14091.779271279567,12938.819782536,2494,2493.990470095353,6.705519916334809e-05,2.081702944916916,-0.22087536738022384,621.3809085347165,10139,-0.0006403022171814765,0.0004312729349635891,-0.0007435419207701965
35,6,30,14091.684930437259,12938.843791016814,2494,2493.6901623642057,6.705676439783873e-05,2.081707921449612,-0.22085497567722523,621.3109578692076,10139,-0.0006469926736413223,0.0003108084627267971,-0.0007416877617429929
35,6,31,14091.610899745288,12938.86608556691,2493,2493.4438496357643,6.705805043771506e-05,2.081712406391601,-0.2208383942169947,621.2682510239779,10139,-0.0006522427764517058,0.00021200337128424174,-0.0007399659684467208
35,6,32,14091.566949708948,12938.893708817417,2493,2493.2610213338153,6.705896759524398e-05,2.081717372058238,-0.22082624717197424,621.2475492650833,10139,-0.0006553596216839486,0.00013866421740993395,-0.0007378326431568549
35,6,33,14091.589161319704,12938.956451535832,2493,2493.161608529653,6.705926917949492e-05,2.0817270767187206,-0.2208201718596002,621.2580801121146,10139,-0.0006537844204133059,9.878608659641408e-05,-0.0007329870646862746
35,6,34,14091.999978841559,12939.3282337556,2493,2493.2967298171234,6.705696089160904e-05,2.0817809429507954,-0.22083343267358832,621.4344900733976,10140,-0.0006246500956001988,0.00015298820294185056,-0.000704274570784591
35,7,0,14091.2960042976,12935.996038941877,2496,2495.692286439478,6.707680655842644e-05,2.081300793884206,-0.2211985532198816,621.7773957513153,10140,-0.0006745745071279341,0.0011139340404766607,-0.0009616177630658029
35,7,1,14090.362768937195,12935.956364698608,2494,2494.3126689199207,6.708018175341654e-05,2.081297499953717,-0.22104935771238485,621.5308155719099,10139,-0.0007407576192658416,0.0005605187296311431,-0.0009646817785226025
35,7,2,14090.42109472041,12935.98689713167,2494,2494.345901830914,6.707973814897197e-05,2.0813016583437842,-0.22105472967904785,621.5037797275444,10139,-0.0007366212759436497,0.0005738496720892883,-0.0009623237789962991
35,7,3,14090.666003550024,12936.043746961577,2495,2494.6538688229666,6.707829280062708e-05,2.081308926379945,-0.2210874794255168,621.510432186057,10139,-0.000719252850762131,0.0006973865554797953,-0.0009579333043912008
35,7,4,14090.981879750585,12936.121557042947,2495,2495.087092838578,6.707616214736088e-05,2.081318752398141,-0.22112926716563536,621.5344667642763,10139,-0.0006968515671306186,0.0008711686362861126,-0.000951924083486988
35,7,5,14091.322716365565,12936.218322785402,2496,2495.587518888172,6.70734618915585e-05,2.081330931755282,-0.22117278006586366,621.5775870243532,10140,-0.0006726801427857643,0.0010719079237084816,-0.0009444509294672665
35,7,6,14091.661729613144,12936.332371812974,2496,2496.1169619033094,6.707030558035631e-05,2.081345305179301,-0.22121380096333854,621.6484313693726,10140,-0.0006486380278672987,0.0012842869828635362,-0.0009356429988170989
35,7,7,14091.982746492347,12936.46193301902,2497,2496.6447202021764,6.706681391870015e-05,2.081361708877095,-0.22124985100388836,621.7614605950226,10140,-0.0006258721779908161,0.001495990240381273,-0.0009256370729263663
35,7,8,14092.276661824542,12936.60509561851,2497,2497.147488691345,6.706312041134201e-05,2.0813799635701913,-0.2212796216919433,621.9318491428068,10141,-0.0006050283135006218,0.0016976691664405408,-0.0009145807204536949
35,7,9,14092.538966894172,12936.759837743204,2498,2497.60634457866,6.70593531970549e-05,2.081399872324414,-0.22130257324321784,622.1617054163269,10141,-0.0005864261831333151,0.0018817331333818021,-0.000902630088940426
35,7,10,14092.767951286844,12936.924062178248,2498,2498.0077680954737,6.705563781424303e-05,2.081421221124776,-0.22131864019322173,622.4328268717805,10141,-0.0005701870859226021,0.0020427588649263306,-0.0008899471448968743
35,7,11,14092.963488649737,12937.095627901153,2498,2498.340972819423,6.705208258679783e-05,2.0814437806406594,-0.22132803122694922,622.7180473651484,10141,-0.0005563199825480147,0.00217641953048453,-0.000876697238067714
35,7,12,14093.126281586174,12937.27237771152,2499,2498.599269855914,6.704878560759996e-05,2.0814673087051836,-0.22133110331539443,622.9931733910871,10141,-0.0005447750458422718,0.0022800319685072346,-0.000863046967606973
35,7,13,14093.257429825859,12937.452164237851,2499,2498.7785183579176,6.704582756332704e-05,2.081491553338669,-0.2213282881327635,623.2398325467923,10141,-0.0005354742852603511,0.0023519351330065774,-0.000849162173589324
35,7,14,14093.358208360885,12937.632876228969,2499,2498.876721409136,6.704327078504323e-05,2.081516256237669,-0.2213200523147265,623.4445022614643,10141,-0.0005283272810128192,0.0023913279874359095,-0.0008352059065409589
35,7,15,14093.429973931808,12937.812466161713,2499,2498.8943137585993,6.7041162080965e-05,2.081541156672209,-0.22130687828055254,623.5973812394164,10142,-0.0005232378158793738,0.0023983849256152823,-0.0008213362953154446
35,7,16,14093.474145889264,12937.988979433865,2499,2498.8336078200364,6.70395314719178e-05,2.081565995726693,-0.22128925686609183,623.6917430958998,10142,-0.0005201052324629307,0.0023740335417108405,-0.0008077042925439537
35,7,17,14093.492227479497,12938.160584850257,2499,2498.6985772888106,6.703839279733771e-05,2.081590520800341,-0.22126768630079047,623.7236328652991,10141,-0.0005188229236641195,0.0023198678310318854,-0.0007944513202132741
35,7,18,14093.485846619511,12938.32560563611,2498,2498.494672297223,6.703774462337724e-05,2.0816144902570173,-0.22124267421996155,623.6917430947751,10141,-0.000519275440992395,0.0022380740420269163,-0.0007817068745256117
35,7,19,14093.456803219458,12938.482549880957,2498,2498.2291073860497,6.703757369357622e-05,2.0816376780871693,-0.2212147407362767,623.5973812413191,10141,-0.0005213351385607856,0.0021315461922544188,-0.0007695861747355481
35,7,20,14093.407114824515,12938.630139110463,2498,2497.909324010829,6.703784924402196e-05,2.081659878420706,-0.2211844213838891,623.4445022574879,10141,-0.0005248589362586431,0.0020032693231277765,-0.0007581879565667915
35,7,21,14093.339055002354,12938.767333510326,2498,2497.5440857180074,6.70385308497781e-05,2.0816809097140303,-0.2211522692044639,623.2398325472674,10141,-0.0005296855973917491,0.0018567588153317605,-0.0007475925241873238
35,7,22,14093.255180579596,12938.893352381738,2497,2497.1436144502354,6.703957153495695e-05,2.0817006184358138,-0.22111885551182464,622.9931733907849,10141,-0.0005356337971305081,0.001696115065888959,-0.0007378601704476351
35,7,23,14093.158344984791,12939.007688602644,2497,2496.7175002478048,6.704090970608609e-05,2.081718882101339,-0.22108476903675794,622.7180473691586,10141,-0.0005425011762524301,0.0015251849925526084,-0.0007290300600470978
35,7,24,14093.05169606982,12939.110116339338,2496,2496.2766375314013,6.704248168565141e-05,2.081735611568386,-0.2210506132762335,622.4328268719098,10141,-0.0005500644956446532,0.0013483387480102138,-0.000721119633972811
35,7,25,14092.938658250087,12939.200692184608,2496,2495.8318212383506,6.704421735463932e-05,2.081750752627512,-0.22101700198523191,622.161705413572,10141,-0.0005580809028841172,0.001169906578515123,-0.0007141245216014669
35,7,26,14092.822900949503,12939.2797514998,2495,2495.39367870107,6.704604266594132e-05,2.0817642871406066,-0.22098455288045943,621.931849140355,10140,-0.0005662901700533851,0.0009941514978304422,-0.0007080188231989304
35,7,27,14092.708299185824,12939.347904906446,2495,2494.9733217792095,6.70478857988603e-05,2.0817762344327932,-0.22095387980981696,621.7614605968281,10140,-0.0005744174889469322,0.0008255308814060225,-0.000702755380869835
35,7,28,14092.598901344907,12939.4060478177,2495,2494.580485623952,6.704967040945735e-05,2.081786654769547,-0.2209255840088216,621.6484313688999,10140,-0.0005821757564540286,0.0006679498563093578,-0.0006982650424511849
35,7,29,14092.498946964834,12939.455419923026,2494,2494.2255770124643,6.705132824683013e-05,2.0817956602144085,-0.2209002461491266,621.5775870258569,10140,-0.0005892643133451614,0.000525582963482929,-0.000694452067548923
35,7,30,14092.413079340427,12939.49783885987,2494,2493.917422129319,6.705278817907892e-05,2.081803450743816,-0.22087842496203058,621.5344667631165,10140,-0.0005953538668020952,0.00040197071006708995,-0.0006911760812302603
35,7,31,14092.347336792629,12939.536605899531,2494,2493.6648008690368,6.705397782466519e-05,2.0818104473808656,-0.22086068607859677,621.5104321857563,10140,-0.0006000161916536184,0.0003006350345602371,-0.0006881821285056322
35,7,32,14092.313877447494,12939.58060028178,2493,2493.4782968972877,6.705479528285006e-05,2.081817885431344,-0.2208477808149333,621.5037797284464,10140,-0.0006023890588692238,0.00022582143438754088,-0.0006847844715847096
35,7,33,14092.36067980864,12939.669723021867,2493,2493.3832790664865,6.705492932113273e-05,2.0818314898261416,-0.2208418238646855,621.5308155744443,10140,-0.0005990699326900994,0.0001877062889770187,-0.0006779015815615574
35,7,34,14092.921042740287,12940.173989344266,2494,2493.5741198952805,6.705174702644396e-05,2.081904656478451,-0.2208602197829681,621.7773957523901,10140,-0.0005593301582274002,0.00026425956196174383,-0.0006389574284071387
35,8,0,14091.570322942343,12936.111990826046,2497,2496.5095703884194,6.707105574704555e-05,2.081313809916681,-0.22123036049537684,622.1592980529059,10140,-0.0006551203989823007,0.0014417766810934651,-0.0009526628760645472
35,8,1,14090.654271141393,12936.061579350824,2495,2495.0828900157862,6.707509723319925e-05,2.0813093769764026,-0.2210851117688969,621.8391773037414,10139,-0.0007200848887978228,0.0008694827295410157,-0.0009565561208135787
35,8,2,14090.705656775095,12936.093276525171,2495,2495.0822612494876,6.707483920239577e-05,2.0813138142093206,-0.2210890708813191,621.7967545661498,10139,-0.0007164407264548256,0.000869230508261154,-0.0009541081690914721
35,8,3,14090.940518209118,12936.154007311845,2495,2495.3469615987697,6.707357351950931e-05,2.0813217537150392,-0.22111950742686734,621.7922869539331,10139,-0.0006997848416863128,0.0009754115504718719,-0.0009494179707728589
35,8,4,14091.249996721846,12936.237467890041,2496,2495.7306549719033,6.70716627357266e-05,2.0813325367040743,-0.22115929282218227,621.8023118843363,10140,-0.0006778372687789025,0.0011293250695103563,-0.0009429723657518041
35,8,5,14091.591587186138,12936.34154894797,2496,2496.1806177163576,6.706921912482578e-05,2.0813459399220435,-0.22120170503967335,621.8248690233219,10140,-0.0006536123830076512,0.0013098216698805842,-0.0009349342547766426
35,8,6,14091.939457028639,12936.464646987284,2497,2496.6620458976004,6.706633610181288e-05,2.0813618024322267,-0.22124268400701735,621.8644856759655,10140,-0.0006289421767848857,0.0015029402138215797,-0.0009254274749599389
35,8,7,14092.276661824824,12936.605095618808,2497,2497.147488692729,6.70631204113681e-05,2.0813799635701904,-0.2212796216919405,621.9318491419034,10141,-0.0006050283134806378,0.0016976691669954302,-0.0009145807204307133
35,8,8,14092.592527518029,12936.7610800074,2498,2497.6137907207426,6.705968565084401e-05,2.081400248772603,-0.22131094853094213,622.0450266002039,10141,-0.0005826277750089481,0.0018847200547400522,-0.0009025341497017614
35,8,9,14092.880849665587,12936.930650319251,2498,2498.043005136038,6.705615315783467e-05,2.081422466115102,-0.2213358426504034,622.2219199163385,10141,-0.0005621805675483094,0.002056893737440557,-0.0008894383471429457
35,8,10,14093.138445722294,12937.111754073343,2498,2498.420060130669,6.705263558340041e-05,2.081446406090868,-0.22135399353363094,622.4588638138476,10141,-0.0005439123905903731,0.002208144358791353,-0.0008754518245002174
35,8,11,14093.364056802562,12937.302268376283,2499,2498.7345505638054,6.704924290470048e-05,2.0814718427048997,-0.22136542147517307,622.7271184423028,10142,-0.0005279125216843816,0.002334298034244897,-0.0008607385314202132
35,8,12,14093.557580192362,12937.500028731045,2499,2498.978317214396,6.70460684957437e-05,2.081498535296193,-0.2213703503528107,622.9947930402046,10142,-0.000514188245095748,0.002432081800251229,-0.000845465630570752
35,8,13,14093.719573187438,12937.70285531526,2499,2499.146236794214,6.70431926497729e-05,2.0815262308846445,-0.22136912420802854,623.2383411086867,10142,-0.0005027000385687819,0.0024994405175366996,-0.0008298014681855648
35,8,14,14093.850957414134,12937.908578297049,2499,2499.2357972815935,6.704068070891862e-05,2.0815546669610745,-0.22136215614246785,623.4417677289484,10142,-0.0004933825422784865,0.002535366521853044,-0.0008139136189393437
35,8,15,14093.9528608244,12938.115063419295,2499,2499.2466738954267,6.70385817268416e-05,2.081583574673719,-0.2213498993138398,623.5941854833039,10142,-0.0004861557642168446,0.002539729531557011,-0.0007979669100919295
35,8,16,14094.026549062457,12938.320238512588,2499,2499.180494090081,6.703692846615174e-05,2.081612682367218,-0.22133283218213112,623.6883976822011,10142,-0.000480929947526354,0.0025131823784307894,-0.0007821213739104271
35,8,17,14094.073411850448,12938.522121054473,2499,2499.040629289163,6.703573780993108e-05,2.0816417194182186,-0.22131145244936326,623.7202551906488,10142,-0.0004776065360009296,0.002457077464439017,-0.0007665301192872898
35,8,18,14094.094980960559,12938.718846434145,2499,2498.832005932103,6.703501149514602e-05,2.081670420292676,-0.22128627593935182,623.688397680341,10142,-0.00047607689954065613,0.002373390965564992,-0.0007513371488766518
35,8,19,14094.092964036698,12938.908696247474,2499,2498.560929428423,6.703473710575805e-05,2.081698528729427,-0.22125783793994933,623.594185482958,10142,-0.0004762199355889951,0.002264652213396001,-0.0007366751738879795
35,8,20,14094.069283558276,12939.090125664297,2498,2498.2354239609076,6.703489186536213e-05,2.081725801935259,-0.22122669537485493,623.441767729078,10142,-0.0004778993059015857,0.0021340800026685702,-0.0007226635005287418
35,8,21,14094.026113479247,12939.261788771008,2498,2497.8637484879177,6.703543732893244e-05,2.081752014664847,-0.22119342871070136,623.2383411098097,10142,-0.0004809608381822761,0.0019849873052342204,-0.0007094060728130014
35,8,22,14093.965908139064,12939.422560760007,2497,2497.455294236387,6.703632634991714e-05,2.08177696305918,-0.22115864284260897,622.9947930406362,10142,-0.0004852304757781978,0.0018211412874991062,-0.0006969897588843255
35,8,23,14093.89141952551,12939.571555993465,2497,2497.020853378598,6.703750699488645e-05,2.0818004681378603,-0.22112296642190077,622.7271184421303,10141,-0.000490513053435504,0.0016468710865562564,-0.0006854829559643782
35,8,24,14093.805700269788,12939.708141365663,2497,2496.5703659173987,6.703891379162931e-05,2.081822378895438,-0.2210870492498562,622.4588638125551,10141,-0.0004965920848937211,0.0014661640030078082,-0.0006749345583869637
35,8,25,14093.712091353611,12939.831945252594,2496,2496.1155492528856,6.704048391216837e-05,2.081842575065387,-0.22105155750535446,622.221919917544,10141,-0.0005032306346736126,0.001283720316840098,-0.0006653732664275713
35,8,26,14093.614196003793,12939.942864068347,2496,2495.666908274164,6.704214486501362e-05,2.081860969853909,-0.2210171667446832,622.0450266045927,10141,-0.0005101731694184819,0.0011037539253022643,-0.000656807079957189
35,8,27,14093.515846332568,12940.041072443859,2495,2495.235849532101,6.704382814449565e-05,2.081877513510339,-0.22098455288045482,621.9318491434088,10141,-0.0005171479236933951,0.0009308404153258731,-0.0006492225123445605
35,8,28,14093.421082338307,12940.127053907154,2495,2494.8328897093406,6.704546282658545e-05,2.081892200150107,-0.2209543819279305,621.8644856729983,10141,-0.000523868389210258,0.0007691984149815756,-0.0006425822210416321
35,8,29,14093.334202507285,12940.201702536997,2494,2494.468044675247,6.704697957295092e-05,2.08190508508052,-0.22092730094669416,621.824869022075,10141,-0.0005300297262567089,0.0006228456577199726,-0.0006368171569390846
35,8,30,14093.260083923857,12940.266664308785,2494,2494.1515383930046,6.7048313897967e-05,2.0819163369630895,-0.22090393818455598,621.8023118825306,10140,-0.0005352860621465894,0.000495883351074422,-0.00063180020245035
35,8,31,14093.205545365241,12940.325579155216,2494,2493.8922896900876,6.704938942196724e-05,2.081926420360845,-0.2208849432575627,621.7922869547069,10140,-0.000539153823371441,0.00039188916465882073,-0.0006272502479905961
35,8,32,14093.185597645186,12940.389518673464,2494,2493.7021891308596,6.705009045787386e-05,2.0819368855384592,-0.22087121864859935,621.7967545635273,10140,-0.0005405684742186834,0.00031563284101410183,-0.0006223122414636961
35,8,33,14093.262164504797,12940.510350306122,2494,2493.611776774398,6.705002932202192e-05,2.081955202201617,-0.22086541291012365,621.8391773047733,10140,-0.0005351385116705298,0.00027936512068871266,-0.0006129804947277995
35,8,34,14093.998316110199,12941.171818799203,2494,2493.862080269599,6.704585459056335e-05,2.0820513916370555,-0.22088950968483798,622.1592980526907,10141,-0.0004829321698215372,0.00037977105540520917,-0.0005618957223423315
35,9,0,14091.786367429551,12936.232157773864,2497,2497.2118903824066,6.706551464860113e-05,2.0813276212889344,-0.22125185050989735,622.562371603024,10140,-0.0006397989729730602,0.0017235030525519779,-0.0009433824624972553
35,9,1,14090.890624028452,12936.171174430207,2496,2495.7504973910736,6.707017063043489e-05,2.0813220350099986,-0.2211110734880472,622.1689221059534,10139,-0.0007033232332798178,0.0011372845933765863,-0.0009480921656239705
35,9,2,14090.938536329388,12936.204566724338,2496,2495.7242042452367,6.70700702513566e-05,2.0813268065411985,-0.22111413076422679,622.1126016378105,10139,-0.0006999253924776516,0.00112673744587366,-0.0009455133009266259
35,9,3,14091.167817562171,12936.270012960666,2496,2495.9564071777572,6.706894931123512e-05,2.0813355100289077,-0.22114289153011796,622.0998143176,10140,-0.0006836652439832225,0.0012198825794040857,-0.0009404589315632483
35,9,4,14091.4753649465,12936.360235794084,2496,2496.3020628484282,6.706721402601188e-05,2.0813473769756476,-0.2211812774240582,622.1004030176038,10140,-0.0006618546226883071,0.0013585377774703034,-0.000933491082062754
35,9,5,14091.82166407049,12936.472989015656,2497,2496.7123801612797,6.706498002882637e-05,2.0813621661569996,-0.22122307306680827,622.1095067837458,10140,-0.0006372958085576474,0.0015231311375996093,-0.0009247832256493727
35,9,6,14092.181960873366,12936.606713244368,2497,2497.1557467554076,6.706232997810893e-05,2.081379716471922,-0.22126439477842683,622.1281925688997,10141,-0.0006117443081330443,0.0017009817795561322,-0.0009144557922831087
35,9,7,14092.538966894146,12936.759837743211,2498,2497.6063445798986,6.705935319707186e-05,2.0813998723244165,-0.22130257324322491,622.1617054164559,10141,-0.0005864261831350914,0.001881733133878738,-0.0009026300889398708
35,9,8,14092.880849665371,12936.93065031903,2498,2498.0430051366716,6.705615315785837e-05,2.081422466115103,-0.22133584265040016,622.2219199148748,10141,-0.0005621805675637415,0.002056893737694576,-0.0008894383471600431
35,9,9,14093.199958076775,12937.11729131073,2498,2498.4470658526766,6.705283371810852e-05,2.0814473134116365,-0.22136313725123113,622.3306956390277,10141,-0.0005395500622569216,0.0022189773467953255,-0.0008750241873345388
35,9,10,14093.491715260981,12937.317777469494,2499,2498.8045538670704,6.704950506638225e-05,2.0814742118623375,-0.22138391154298115,622.5091780321197,10142,-0.0005188592491366384,0.002362378932963205,-0.0008595407744523831
35,9,11,14093.753685666827,12937.530030715981,2499,2499.103534135468,6.704626595910142e-05,2.0815029415421646,-0.221397987485063,622.7454321391715,10142,-0.0005002808524293689,0.002482310911084973,-0.0008431485972009156
35,9,12,14093.98485242601,12937.751905269537,2499,2499.335509992125,6.704320801301971e-05,2.0815332660228494,-0.2214054353506126,622.999741999046,10142,-0.00048388698632140237,0.002575364956137749,-0.0008260133727947538
35,9,13,14094.18510019457,12937.98121231944,2499,2499.494787868546,6.704041094348887e-05,2.0815649339258697,-0.22140648767125534,623.2382252425144,10142,-0.0004696858307670082,0.0026392571684654698,-0.0008083041416322434
35,9,14,14094.354871374346,12938.21574309778,2500,2499.5782724852725,6.703794099230254e-05,2.081597680869436,-0.22140148111657484,623.4398259477276,10142,-0.00045764601154718587,0.0026727459176740798,-0.0007901914853920555
35,9,15,14094.49495529821,12938.453291418306,2500,2499.584645940945,6.703584696312181e-05,2.081631231772002,-0.2213908197439938,623.591639635898,10142,-0.000447711550814911,0.0026753025450743095,-0.0007718457863731265
35,9,16,14094.60637278648,12938.691676491519,2500,2499.5148740550594,6.703416354990754e-05,2.0816653034880863,-0.22137495349980835,623.6856839557748,10142,-0.00043981005411519725,0.0026473144763752288,-0.0007534354654998854
35,9,17,14094.69032550947,12938.928766441459,2499,2499.37199326944,6.703291141330849e-05,2.081699607749839,-0.22135436700326516,623.7175113564748,10142,-0.00043385630148684573,0.002589999740032267,-0.0007351251661368297
35,9,18,14094.748187002639,12939.162502568026,2499,2499.160346121577,6.703209477228985e-05,2.0817338543786987,-0.22132957486674637,623.6856839546501,10142,-0.0004297528846497478,0.002505100287492956,-0.0007170738803252696
35,9,19,14094.781518384909,12939.390924083424,2499,2498.885790304282,6.7031704209085e-05,2.08176775471947,-0.22130112083025577,623.5916396359413,10142,-0.0004273890922945611,0.0023949658547108843,-0.0006994330384044734
35,9,20,14094.79209647633,12939.612192814431,2499,2498.55551777324,6.70317177189727e-05,2.081801025238839,-0.22126957875720704,623.4398259487217,10142,-0.0004266389160363371,0.002262481399534222,-0.0006823446012713674
35,9,21,14094.781945257855,12939.824617200235,2498,2498.1784840277505,6.703210506681806e-05,2.081833391224661,-0.22123555407552617,623.2382252414777,10142,-0.00042735881935240805,0.0021112393019953046,-0.0006659392070441639
35,9,22,14094.75336387337,12940.026674876668,2498,2497.763572055963,6.703282082173563e-05,2.08186459052703,-0.22119968461237977,622.9997420027578,10142,-0.00042938575173712135,0.0019448028552371266,-0.0006503344268961042
35,9,23,14094.708946054394,12940.217033274455,2497,2497.32113357626,6.703381474121558e-05,2.081894377304894,-0.22116264002085992,622.7454321335221,10142,-0.0004325357711415512,0.0017673245140998883,-0.0006356331742676247
35,9,24,14094.651587309214,12940.394568017184,2497,2496.8621085934774,6.703502999355541e-05,2.0819225257967777,-0.2211251191850794,622.5091780343605,10142,-0.0004366035341361041,0.0015831927167493376,-0.0006219222840019301
35,9,25,14094.584478118995,12940.558379851991,2496,2496.39734842572,6.703640256391998e-05,2.081948834258248,-0.22108784516971028,622.3306956363575,10142,-0.0004413627784277674,0.001396760325842239,-0.0006092712048005877
35,9,26,14094.511084479318,12940.70781288325,2496,2495.938725260715,6.70378698081411e-05,2.0819731294976944,-0.22105155750536387,622.2219199165538,10142,-0.0004465677028134829,0.0012127897123754838,-0.0005977305910470632
35,9,27,14094.435124053309,12940.842482176336,2495,2495.4969154048913,6.703936209171583e-05,2.0819952731834968,-0.22101700198523616,622.1617054144328,10142,-0.000451954658351017,0.001035563535388695,-0.0005873301709869994
35,9,28,14094.360563977918,12940.962333326535,2495,2495.0838445029867,6.704081785026049e-05,2.0820151731751597,-0.22098491897479244,622.1281925714391,10141,-0.0004572423039332918,0.0008698656094503487,-0.0005780741462599881
35,9,29,14094.29171883629,12941.067800854453,2495,2494.7093761589376,6.704216845368046e-05,2.0820328095204825,-0.22095603342325287,622.1095067839609,10141,-0.00046212465829087446,0.0007196525887500638,-0.0005699289591285517
35,9,30,14094.233705299408,12941.16028468694,2494,2494.383973988111,6.704335041357695e-05,2.0820483068427054,-0.2209310567649826,622.1004030162267,10141,-0.0004662388577520993,0.0005891218141222954,-0.0005627864941717409
35,9,31,14094.194237332315,12941.24379082798,2494,2494.117980444077,6.704428950234769e-05,2.082062175845736,-0.22091073874767117,622.0998143192785,10141,-0.0004690378439486942,0.00048242202395010203,-0.0005563373703623142
35,9,32,14094.191624272904,12941.331934277514,2494,2493.924324014053,6.704485300359155e-05,2.0820763336380828,-0.2208961539848733,622.1126016412965,10141,-0.00046922315669117864,0.00040473930979234574,-0.0005495301102981243
35,9,33,14094.303907184027,12941.490565276723,2494,2493.8389946636767,6.7044568752985e-05,2.0821003001831255,-0.220890534320707,622.1689221050924,10141,-0.0004612602860014636,0.0003705105700919642,-0.0005372791435890312
35,9,34,14095.244472749253,12942.33668976028,2494,2494.150587022273,6.703927923678457e-05,2.082223690207225,-0.2209208314804777,622.5623716024206,10142,-0.00039455733097248924,0.0004955017212953106,-0.00047193351170427
35,10,0,14091.951351817987,12936.354216512118,2498,2497.79612694588,6.706031148307334e-05,2.081341962511065,-0.2212644675212148,622.968061465928,10140,-0.0006280986230462471,0.001957861818513429,-0.0009339559472111292
35,10,1,14091.079314987803,12936.28314740581,2496,2496.314052353216,6.706551860824798e-05,2.081335248012027,-0.2211286923420966,622.5042146207452,10140,-0.0006899416626150456,0.001363347208653387,-0.0009394445670884988
35,10,2,14091.126282725116,12936.318779820906,2496,2496.268788335108,6.70655496166703e-05,2.081340414872368,-0.2211311999486236,622.4355181521539,10140,-0.0006866108083017908,0.0013451901467893546,-0.0009366926993370495
35,10,3,14091.352814170114,12936.38973884376,2496,2496.4757814982304,6.706453972314585e-05,2.0813499762213117,-0.22115865354171596,622.41657608514,10140,-0.0006705456690420109,0.0014282227149382543,-0.0009312125811316019
35,10,4,14091.66108849772,12936.487789086823,2497,2496.7923882515597,6.70629427225883e-05,2.081363054634226,-0.2211959467509493,622.4111464949002,10140,-0.0006486834944408049,0.0015552253242308023,-0.0009236402259830134
35,10,5,14092.014341656815,12936.610537321207,2497,2497.1717018847,6.70608750148671e-05,2.0813793925129067,-0.22123732997673776,622.4122834936372,10140,-0.0006236315145936588,0.0017073819685300418,-0.0009141604613687182
35,10,6,14092.389049144685,12936.756455252487,2498,2497.584599517408,6.70584128398688e-05,2.0813988306825926,-0.22127911852073306,622.4189632057189,10141,-0.0005970580383400925,0.0018730103898232375,-0.000902891316451937
35,10,7,14092.767951286824,12936.924062178276,2498,2498.0077680961776,6.705563781423884e-05,2.0814212211247796,-0.221318640193232,622.4328268715652,10141,-0.0005701870859240454,0.0020427588652087714,-0.0008899471448947649
35,10,8,14093.13844572263,12937.111754073581,2498,2498.4200601331077,6.705263558339019e-05,2.08144640609087,-0.22135399353364185,622.458863812469,10141,-0.0005439123905665033,0.0022081443597696815,-0.0008754518244817877
35,10,9,14093.491715259894,12937.317777468534,2499,2498.8045538670704,6.704950506636579e-05,2.0814742118623353,-0.221383911542974,622.5091780359119,10142,-0.0005188592492137989,0.002362378932963205,-0.000859540774526546
35,10,10,14093.821927811514,12937.540242124933,2499,2499.1461944526445,6.70463415690265e-05,2.0815044467459645,-0.22140763295840807,622.6092733789353,10142,-0.0004954412613615844,0.0024994235327764347,-0.0008423599768697665
35,10,11,14094.125489775231,12937.777143196416,2499,2499.4331591770915,6.704323901827813e-05,2.08153690060159,-0.2214247807309513,622.7842145179598,10142,-0.00047391327781320935,0.0026145356344497994,-0.0008240642644644636
35,10,12,14094.400408430607,12938.02638393136,2500,2499.656847600237,6.704028636685626e-05,2.081571345067763,-0.22143525761373614,623.0110347112135,10142,-0.0004544166181605913,0.0027042652852209415,-0.0008048155680459024
35,10,13,14094.645791960385,12938.285796532607,2500,2499.810647111028,6.703755901678508e-05,2.081607534199217,-0.22143916383016557,623.240077054359,10143,-0.00043701452823008413,0.0027659599236737886,-0.0007847813051485852
35,10,14,14094.861485378224,12938.553161195881,2500,2499.8905226323536,6.70351205952068e-05,2.0816452054144645,-0.2214367366374789,623.4386733214088,10143,-0.00042171799933088394,0.0027980009320232035,-0.0007641329097826111
35,10,15,14095.047823532896,12938.826224030141,2500,2499.8947891694756,6.703302143934723e-05,2.0816840807200796,-0.22142830874272498,623.5896080945377,10143,-0.0004085032846838921,0.0027997123969287774,-0.0007430444484560761
35,10,16,14095.205476589364,12939.102714606996,2500,2499.823801428183,6.703129732498893e-05,2.081723868203361,-0.22141428156276244,623.6834431039974,10143,-0.0003973228575827603,0.0027712366039231995,-0.0007216912648455587
35,10,17,14095.335364167886,12939.380363752127,2500,2499.6797821420732,6.702996941718357e-05,2.081764263795013,-0.22139510943177063,623.7152403787302,10143,-0.00038811150047035614,0.002713465173174834,-0.0007002486057765545
35,10,18,14095.438617755006,12939.65692192665,2499,2499.4667238466714,6.702904500410645e-05,2.081804953305834,-0.22137129142200906,623.6834431030026,10143,-0.0003807889706725076,0.0026279996574747333,-0.0006788902016430232
35,10,19,14095.516575018873,12939.9301783212,2499,2499.190508579466,6.702851967177262e-05,2.0818456147430617,-0.22134336809986602,623.5896080950133,10143,-0.00037526040354418644,0.0025171995583213036,-0.0006577867917837432
35,10,20,14095.570793275348,12940.19798064903,2499,2498.85765706729,6.702837280157474e-05,2.081885920914751,-0.22131192112034886,623.4386733201553,10143,-0.0003714153574813084,0.0023836805789916315,-0.0006371045958747379
35,10,21,14095.603072125165,12940.458255471147,2498,2498.4763236685594,6.70285747327573e-05,2.0819255423385163,-0.22127757401841505,623.2400770538407,10143,-0.00036912620854023803,0.0022307137324544257,-0.0006170037442324583
35,10,22,14095.615477482053,12940.70902894704,2498,2498.0564186321844,6.702908970872807e-05,2.0819641504881177,-0.2212409928880296,623.0110347138894,10143,-0.0003682464464127566,0.002062274383912488,-0.0005976366752483697
35,10,23,14095.610360876582,12940.94844803394,2498,2497.607348877236,6.702986693138635e-05,2.0820014214460634,-0.22120288588332096,622.7842145163207,10143,-0.00036860930543847203,0.0018821359944651839,-0.0005791464981848016
35,10,24,14095.590369566125,12941.174802630436,2497,2497.1406307255425,6.703085655146876e-05,2.0820370401019783,-0.22116400067347042,622.6092733794957,10143,-0.00037002704762645333,0.001694918184213412,-0.0005616652830380264
35,10,25,14095.558445210374,12941.386550290159,2497,2496.667151435234,6.703199859693403e-05,2.082070705192404,-0.22112511918509162,622.5091780351793,10143,-0.0003722910565853166,0.0015049882326791941,-0.0005453121519164439
35,10,26,14095.517812841486,12941.582347755448,2496,2496.198932924935,6.703323486860672e-05,2.082102135851656,-0.2210870492498629,622.4588638116072,10142,-0.0003751726197371852,0.001317168573427674,-0.0005301908437173042
35,10,27,14095.471970879727,12941.761100409327,2496,2495.747411589154,6.703450304921098e-05,2.082131081308658,-0.22105061327624964,622.4328268753563,10142,-0.00037842363638784793,0.0011360467647725248,-0.0005163858949824851
35,10,28,14095.424715867432,12941.922059405133,2495,2495.3241477812453,6.70357427998905e-05,2.082157338045159,-0.2210166351324425,622.4189632020571,10142,-0.0003817748636457674,0.0009662600894779771,-0.0005039551386423202
35,10,29,14095.38030172541,12942.0650521591,2495,2494.940389096655,6.7036894802852e-05,2.0821807868290314,-0.22098592913584417,622.4122834883816,10142,-0.00038492462228822966,0.0008123203716130512,-0.0004929119032266449
35,10,30,14095.344054230065,12942.191122278136,2495,2494.606441974536,6.703789511275199e-05,2.082201489726912,-0.22095930344467585,622.4111464960633,10142,-0.00038749521932190945,0.0006783619028536414,-0.0004831755916668845
35,10,31,14095.324661312485,12942.304636634915,2494,2494.3336476220775,6.70386695995133e-05,2.082220001115923,-0.2209376232782441,622.4165760850108,10142,-0.00038887052473079997,0.0005689340583803215,-0.0004744089532869866
35,10,32,14095.344170016813,12942.42210667467,2494,2494.1365827642007,6.703907033627719e-05,2.0822386576401963,-0.220922154450685,622.4355181530586,10142,-0.000387487007966425,0.0004898840984945974,-0.00046533682013816247
35,10,33,14095.499096968078,12942.625596778083,2494,2494.0565244467552,6.703853104801575e-05,2.082269371019271,-0.22091675593295404,622.5042146219087,10142,-0.000376499910580419,0.0004577697639005507,-0.0004496214146059163
35,10,34,14096.675772457926,12943.687270549866,2494,2494.429955870326,6.703200036801946e-05,2.082424710333215,-0.22095368385594075,622.968061463943,10143,-0.0002930525304246645,0.0006075668376730459,-0.0003676290543553895
35,11,0,14092.070527777998,12936.47584166738,2498,2498.261145268029,6.705555884565065e-05,2.081356556588735,-0.221269346639657,623.3586659106584,10141,-0.0006196469116557246,0.0021443977646380397,-0.0009245629172514036
35,11,1,14091.225670129917,12936.395494390674,2497,2496.772781033701,6.706124058340089e-05,2.081348779537133,-0.22113907505594435,622.8294838087796,10140,-0.0006795624601184658,0.0015473601482582922,-0.0009307680840662247
35,11,2,14091.273671824194,12936.433931819747,2497,2496.7140297532583,6.706137661192952e-05,2.0813544080708866,-0.22114128993625687,622.7498888132116,10140,-0.0006761582797263355,0.0015237928495919206,-0.0009277995869483302
35,11,3,14091.499408519137,12936.51116989654,2497,2496.90213241778,6.706045203530652e-05,2.0813649219254544,-0.22116766116257283,622.72632252777,10140,-0.0006601495024887161,0.0015992477442143826,-0.0009218345415777929
35,11,4,14091.810085572539,12936.61806637277,2497,2497.195763808178,6.70589562269426e-05,2.0813793390229822,-0.22120400828954864,622.7170907160078,10140,-0.0006381169315677893,0.0017170340907106674,-0.0009135789977171571
35,11,5,14092.171551903177,12936.752088768018,2498,2497.5506141962073,6.705701387876906e-05,2.0813973879903487,-0.22124502244800115,622.7137227901477,10141,-0.0006124824906650339,0.0018593776279673957,-0.0009032285371473048
35,11,6,14092.561653788744,12936.911739014695,2498,2497.939978988105,6.705470000929464e-05,2.0814189143005644,-0.22128723827583316,622.7140676431122,10141,-0.0005848172757223491,0.0020155661615903764,-0.0008908988546332264
35,11,7,14092.96348865075,12937.095627902061,2498,2498.3409728221945,6.705208258685002e-05,2.081443780640657,-0.2213280312269409,622.7180473668302,10141,-0.0005563199824761833,0.0021764195315963075,-0.000876697237997548
35,11,8,14093.364056803222,12937.302268376838,2499,2498.7345505633944,6.704924290470931e-05,2.0814718427048975,-0.22136542147516391,622.7271184409229,10142,-0.0005279125216375302,0.002334298034079918,-0.0008607385313773586
35,11,9,14093.753685666896,12937.530030716032,2499,2499.103534136568,6.704626595910979e-05,2.0815029415421593,-0.22139798748504297,622.7454321353333,10142,-0.000500280852424484,0.0024823109115263975,-0.0008431485971969188
35,11,10,14094.125489775179,12937.777143196407,2499,2499.4331591771843,6.704323901827345e-05,2.081536900601585,-0.22142478073093824,622.7842145138623,10142,-0.0004739132778168731,0.002614535634486881,-0.0008240642644652407
35,11,11,14094.474809499978,12938.041705814185,2500,2499.71196945779,6.704025151609508e-05,2.081573524386873,-0.22144523533196878,622.8718204098695,10142,-0.00044914024895492677,0.0027263766889249474,-0.0008036322692117626
35,11,12,14094.798681394675,12938.321706388699,2500,2499.9302704646984,6.703738332129363e-05,2.0816125977539457,-0.22145908220911345,623.0379336620724,10143,-0.00042617192731331244,0.0028139452489668315,-0.0007820080108132954
35,11,13,14095.095384704417,12938.615035532983,2500,2500.0810919742808,6.70347068496098e-05,2.0816538855138362,-0.22146627538218633,623.2457465207037,10143,-0.00040513034525002656,0.0028744453016440463,-0.0007593543958240856
35,11,14,14095.364082784074,12938.919499687509,2500,2500.159940763118,6.703228407618822e-05,2.0816971322178053,-0.22146693359326114,623.4385621905955,10143,-0.0003860748358986976,0.0029060744498430324,-0.0007358408313895559
35,11,15,14095.60455845326,12939.232832473708,2500,2500.164528017987,6.703016431700725e-05,2.0817420620861466,-0.2214612971348922,623.5880476175588,10143,-0.00036902080124090464,0.002907914566428582,-0.0007116423484212486
35,11,16,14095.817031586172,12939.552704953901,2500,2500.0946204827196,6.702838337786526e-05,2.0817883790810305,-0.2214496979722216,623.6815894080476,10143,-0.0003539526482556621,0.00287987208377527,-0.0006869388092293205
35,11,17,14096.002043239938,12939.876735442942,2500,2499.9518932470132,6.702696330955668e-05,2.0818357671459937,-0.22143254056955994,623.7133540621527,10143,-0.0003408320062959769,0.0028226189419480185,-0.0006619141497757886
35,11,18,14096.160390481671,12940.20249943978,2500,2499.739786202376,6.702591266849425e-05,2.0818838906531996,-0.22141029079458568,623.6815894086964,10144,-0.00032960234901868724,0.0027375350079035243,-0.0006367556126665175
35,11,19,14096.293097735268,12940.527540184843,2499,2499.4634335682717,6.702522755168865e-05,2.0819323951182964,-0.22138347052133717,623.5880476183804,10144,-0.00032019102641023256,0.0026266798058365293,-0.0006116529318113129
35,11,20,14096.401412619609,12940.84938030439,2499,2499.129883240748,6.702489444514474e-05,2.0819809082663223,-0.22135265588394057,623.4385621919354,10144,-0.0003125095599327832,0.002492880505977846,-0.0005867974331390524
35,11,21,14096.486816309523,12941.165535026466,2499,2498.7465482329694,6.702488439099326e-05,2.082029041563029,-0.22131847743840705,623.2457465201422,10144,-0.00030645290774578005,0.002339110740459338,-0.0005623810139371299
35,11,22,14096.551040233615,12941.473527601433,2498,2498.322826632846,6.702516351816216e-05,2.0820763923690953,-0.22128162073773538,623.0379336629358,10144,-0.0003018982805311765,0.0021691404278760817,-0.0005385949519355338
35,11,23,14096.596082535605,12941.770907905917,2498,2497.8689878201567,6.702568990337266e-05,2.0821225469397544,-0.22124282602017664,622.8718204145721,10143,-0.00029870397408926497,0.0019870889940274417,-0.0005156284685347012
35,11,24,14096.624219394576,12942.055275835963,2497,2497.3956538900934,6.702641366399298e-05,2.0821670846026086,-0.22120288588333284,622.7842145166227,10143,-0.00029670856653030153,0.0017972173518319146,-0.0004936669221692336
35,11,25,14096.638008974152,12942.324312670378,2497,2496.914873491404,6.702728526641472e-05,2.082209583664387,-0.22116264002086514,622.745432134902,10143,-0.00029573063820675927,0.001604358657289806,-0.00047288938613665454
35,11,26,14096.640290674222,12942.575826967704,2496,2496.4379642358467,6.702824747598087e-05,2.08224963009019,-0.22112296642189155,622.7271184430358,10143,-0.0002955688247801014,0.00141305282058668,-0.0004534651040053461
35,11,27,14096.634193646883,12942.807830230719,2496,2495.977636255909,6.702924892463238e-05,2.08228683122905,-0.22108476903674798,622.7180473650191,10143,-0.00029600121328698936,0.001228398343170456,-0.0004355476460949914
35,11,28,14096.62319688847,12943.018680747628,2496,2495.545042839321,6.70302313895477e-05,2.082320840203783,-0.22104896320603964,622.7140676415598,10143,-0.00029678108053821095,0.001054869218817256,-0.0004192638007172178
35,11,29,14096.61136405212,12943.207402745209,2495,2495.1525118927734,6.70311444333316e-05,2.082351406573321,-0.22101646336649838,622.7137227873017,10143,-0.0002976202406989037,0.0008974106241554924,-0.0004046889261896114
35,11,30,14096.60414501548,12943.374521413029,2495,2494.8107283116133,6.703192736130285e-05,2.0823785029637047,-0.22098818739491327,622.7170907119544,10143,-0.00029813219977348204,0.0007603086635552536,-0.0003917824624710686
35,11,31,14096.611233750751,12943.524715156611,2495,2494.5313866024558,6.703250345827e-05,2.082402717957575,-0.22096513069115264,622.7263225275975,10143,-0.00029762948140121814,0.0006482544335864038,-0.0003801830994101252
35,11,32,14096.65885362662,12943.677749405679,2494,2494.3311260449937,6.70327108841163e-05,2.082426861489666,-0.22094876818451775,622.7498888125215,10143,-0.0002942523787768936,0.0005679225611023853,-0.0003683643659971869
35,11,33,14096.864598130653,12943.934403593885,2494,2494.25641847746,6.703188024953326e-05,2.0824656233679035,-0.220943624689323,622.8294838082619,10143,-0.0002796614061671976,0.000537954609026503,-0.0003485431335069622
35,11,34,14098.313018156088,12945.246837538352,2495,2494.691151259537,6.702397418139451e-05,2.08265837557919,-0.22098754241683266,623.3586659104424,10144,-0.00017694246833710459,0.0007123419115340202,-0.0002471847316702913
35,12,0,14092.147870357565,12936.594743763451,2499,2498.6072818526436,6.70513488669231e-05,2.081371120833974,-0.22126742007087302,623.7180955797387,10141,-0.0006141619366604179,0.0022832458749688644,-0.0009153801873443834
35,12,1,14091.333659245522,12936.506239724402,2497,2497.127010709568,6.705741815499279e-05,2.0813623874845315,-0.2211431123888962,623.1304223240184,10140,-0.0006719040964827672,0.0016894546950452227,-0.0009222152954974083
35,12,2,14091.384307115097,12936.548067305175,2497,2497.059638246992,6.70576342448704e-05,2.0813685488083506,-0.2211452268606913,623.0414029557637,10140,-0.0006683122548382103,0.0016624291232543165,-0.000918984979215387
35,12,3,14091.610689106365,12936.63232127015,2497,2497.233118254557,6.705676830468425e-05,2.08138010972415,-0.2211706564664042,623.0142948657979,10140,-0.0006522577145263719,0.0017320183325468808,-0.0009124781014603345
35,12,4,14091.92489279946,12936.749035154542,2498,2497.508867032128,6.705534324982447e-05,2.08139599131243,-0.2212061153508115,623.0026172169134,10140,-0.0006299750416481897,0.001842631305556619,-0.0009034643656880004
35,12,5,14092.295275735874,12936.895559327717,2498,2497.845025616589,6.705349276474949e-05,2.0814159120549194,-0.22124671469593607,622.9967288547056,10141,-0.0006037082535957916,0.0019774768731690706,-0.0008921484011122915
35,12,6,14092.701162165413,12937.070436134682,2498,2498.215425623912,6.705128473717562e-05,2.081439725457588,-0.22128922260541614,622.993852109398,10141,-0.0005749236316010542,0.0021260579344299924,-0.000878642781460437
35,12,7,14093.126281586134,12937.272377711475,2499,2498.5992698560517,6.70487856076123e-05,2.081467308705185,-0.22133110331539185,622.9931733917776,10141,-0.0005447750458451583,0.0022800319685625237,-0.0008630469676105257
35,12,8,14093.557580192273,12937.50002873099,2499,2498.97831721512,6.704606849574828e-05,2.0814985352961877,-0.22137035035279182,622.9947930416289,10142,-0.0005141882451020763,0.0024320818005414413,-0.0008454656305749708
35,12,9,14093.984852425981,12937.751905269562,2499,2499.335509993284,6.704320801304036e-05,2.0815332660228547,-0.22140543535062226,622.999742002024,10142,-0.0004838869863235118,0.0025753649566027104,-0.0008260133727927554
35,12,10,14094.400408431104,12938.02638393183,2500,2499.656847600891,6.704028636687423e-05,2.081571345067764,-0.22143525761373328,623.0110347136737,10142,-0.00045441661812539724,0.002704265285483176,-0.0008048155680094871
35,12,11,14094.798681394155,12938.321706388208,2500,2499.9302704668794,6.703738332133228e-05,2.08161259775395,-0.2214590822091223,623.0379336639717,10143,-0.00042617192735017184,0.0028139452498416873,-0.000782008010851265
35,12,12,14095.175813145215,12938.63598751051,2500,2500.145824705896,6.703457311695409e-05,2.0816568288505395,-0.22147647394770686,623.1099364209059,10143,-0.000399426527389779,0.002900411980292894,-0.0007577362885156091
35,12,13,14095.529265642646,12938.96722274865,2500,2500.2962166948787,6.703192426904496e-05,2.0817038210353185,-0.22148723543883425,623.2617612312038,10143,-0.00037436041088223515,0.0029607397364657118,-0.0007321552110743923
35,12,14,14095.85748831737,12939.313293283818,2500,2500.3764259065433,6.702949553172954e-05,2.0817533333578058,-0.221491354272404,623.4403824516629,10144,-0.00035108354096380356,0.002992914600278951,-0.0007054284134970779
35,12,15,14096.15965309758,12939.671968757462,2500,2500.383604974608,6.70273342055722e-05,2.0818050996463144,-0.2214889613140664,623.5870114533485,10144,-0.0003296546427657976,0.0029957943884291183,-0.0006777281448930861
35,12,16,14096.435456377603,12940.040907885998,2500,2500.316964856809,6.702547513656889e-05,2.0818588268535643,-0.221480300002258,623.6800775105129,10144,-0.00031009524737191096,0.0029690625870539833,-0.0006492352210389907
35,12,17,14096.68498034962,12940.417657537588,2500,2500.177653751943,6.702394033128934e-05,2.0819141933718237,-0.22146570537478025,623.7118024671701,10144,-0.0002923995258831136,0.0029131797809061055,-0.0006201390956768194
35,12,18,14096.908603261743,12940.799650963912,2500,2499.9686338818556,6.702273910676449e-05,2.0819708473849965,-0.22144559105306325,623.6800775123728,10144,-0.0002765406537298398,0.0028293342260783394,-0.0005906379970748166
35,12,19,14097.10694767786,12941.184205982265,2500,2499.6945569587438,6.702186869768714e-05,2.082028405366195,-0.22142044229018687,623.5870114495,10144,-0.0002624744799748502,0.0027193918953603013,-0.0005609390684218063
35,12,20,14097.280856521838,12941.568524064925,2499,2499.36190183136,6.702131659258796e-05,2.0820864508823207,-0.2213908132520285,623.4403824537808,10144,-0.0002501412262093661,0.002585951693191202,-0.0005312584381549357
35,12,21,14097.431387839024,12941.949691546513,2499,2498.978516295251,6.702106018635904e-05,2.0821445339339903,-0.2213573268206668,623.2617612289143,10144,-0.00023946585805645348,0.002432161658901588,-0.000501821126716262
35,12,22,14097.559820451823,12942.324684536092,2499,2498.5529355223925,6.702106560798471e-05,2.0822021711469603,-0.22132067532861596,623.1099364199993,10144,-0.00023035768408918855,0.002261445563779052,-0.00047286066719454123
35,12,23,14097.667664116085,12942.690379810812,2498,2498.095964165463,6.702129829846423e-05,2.08225884725168,-0.22128162073772914,623.0379336609933,10144,-0.0002227096355602587,0.0020781375512626266,-0.0004446182640159835
35,12,24,14097.756669530081,12943.043575031368,2498,2497.617935133371,6.702171182803106e-05,2.082314018469759,-0.2212409928880218,623.0110347141053,10144,-0.00021639755658720006,0.0018863825310209137,-0.0004173412317182157
35,12,25,14097.828836567884,12943.38102375597,2497,2497.131131701785,6.702226308558586e-05,2.0823671187450734,-0.22119968461239053,622.999742001204,10144,-0.00021127962025702107,0.0016911077765380256,-0.0003912802908444535
35,12,26,14097.886425143639,12943.699495257162,2497,2496.6472384401677,6.702290220629513e-05,2.0824175704127907,-0.22115864284260836,622.9947930411541,10144,-0.0002071955581557372,0.0014970003982264224,-0.00036668494833025367
35,12,27,14097.931986725287,12943.995879867163,2496,2496.1790366397563,6.702358387055948e-05,2.0824648024464567,-0.22111885551182028,622.9931733899218,10144,-0.00020396442547965243,0.001309187441925097,-0.00034379536175310754
35,12,28,14097.968468697805,12944.26738879914,2496,2495.73851400084,6.702425968646583e-05,2.082508283512194,-0.22108133555270185,622.9938521076284,10144,-0.00020137719981228042,0.0011324776149661542,-0.0003228269072678147
35,12,29,14097.999540802777,12944.511980446168,2495,2495.337831849901,6.702488327637625e-05,2.0825475891860257,-0.2210471070202298,622.9967288545761,10144,-0.00019917363070742766,0.0009717492725314081,-0.0003039372568210963
35,12,30,14098.03061623215,12944.72942789567,2495,2494.9889644156297,6.702540331616843e-05,2.082582564153111,-0.22101720973759634,623.0026172177336,10144,-0.00019696982584294087,0.0008318057179996785,-0.00028714393472062394
35,12,31,14098.072364090112,12944.92461074327,2495,2494.7039868234656,6.702574177705305e-05,2.082613811905038,-0.22099278353117927,623.0142948639419,10144,-0.00019400915452438827,0.0007174907281450871,-0.0002720700930373132
35,12,32,14098.1556203425,12945.120906777978,2495,2494.5006472740192,6.70257176654294e-05,2.0826446697879577,-0.220975529610984,623.0414029554184,10144,-0.00018810479414355097,0.0006359237587720834,-0.00025691028065311095
35,12,33,14098.421961507007,12945.440641817666,2494,2494.4312693602033,6.70245531563186e-05,2.0826930467865816,-0.22097067241059343,623.1304223228093,10144,-0.0001692164323161549,0.0006080937267551878,-0.0002322173559000662
35,12,34,14100.182809883832,12947.044479132805,2495,2494.925120412868,6.701512031446043e-05,2.082929573198564,-0.22102186632160192,623.718095583286,10145,-4.434072515169252e-05,0.0008061955411695632,-0.00010835406529119407
35,13,0,14092.186530946476,12936.708712713056,2499,2498.8369335013695,6.704775541081852e-05,2.081385373286792,-0.22125948470768664,624.0322559682986,10141,-0.0006114202080464981,0.002375367594767308,-0.0009065784410624556
35,13,1,14091.406386778208,12936.613470730681,2497,2497.3784559893206,6.705411543620038e-05,2.0813758293580755,-0.22114155409901085,623.3944742527207,10140,-0.0006667464110203802,0.0017903186415249017,-0.0009139339161033933
35,13,2,14091.461027510173,12936.659290423855,2497,2497.3065639548063,6.705438660055781e-05,2.081382598531183,-0.22114371315009546,623.2975578834918,10140,-0.0006628714038738881,0.0017614801032603822,-0.0009103952916320601
35,13,3,14091.68916051092,12936.751265566842,2497,2497.4691001359615,6.705355708510863e-05,2.0813952998758216,-0.22116828843959027,623.2677242018132,10140,-0.0006466926856091293,0.0018266793414134508,-0.0009032921124274562
35,13,4,14092.007684389848,12936.878716403493,2498,2497.7313315292095,6.705217806588701e-05,2.0814127689296087,-0.2212028657711953,623.2544335105415,10140,-0.0006241036341305684,0.0019318699945840567,-0.0008934491689633894
35,13,5,14092.38737224532,12937.0389099283,2498,2498.052337122977,6.705038441895453e-05,2.0814347186920767,-0.22124295650807077,623.2471239408557,10141,-0.0005971769605578325,0.002060637140506527,-0.0008810775294401108
35,13,6,14092.809094176573,12937.230448607112,2498,2498.4078384251907,6.704824606724657e-05,2.081461014770559,-0.22128556924187012,623.2426350446831,10141,-0.0005672693176937971,0.002203241783374388,-0.000866285124491939
35,13,7,14093.257429825526,12937.45216423756,2499,2498.778518358691,6.704582756333182e-05,2.081491553338667,-0.22132828813275707,623.2398325482608,10141,-0.0005354742852838879,0.0023519351333169958,-0.0008491621736118615
35,13,8,14093.719573187087,12937.702855314948,2499,2499.146236795196,6.704319264979666e-05,2.0815262308846436,-0.22136912420802055,623.2383411104144,10142,-0.0005027000385936509,0.0024994405179303847,-0.0008298014682095456
35,13,9,14094.185100195464,12937.981212320237,2499,2499.4947878713137,6.704041094356152e-05,2.0815649339258724,-0.2214064876712612,623.2382252407002,10142,-0.0004696858307037255,0.0026392571695754707,-0.000808304141570737
35,13,10,14094.645791960274,12938.285796532513,2500,2499.8106471115543,6.703755901679603e-05,2.0816075341992137,-0.22143916383015977,623.2400770551798,10143,-0.0004370145282379667,0.002765959923884731,-0.0007847813051559127
35,13,11,14095.095384704311,12938.615035532855,2500,2500.081091972084,6.703470684958332e-05,2.0816538855138327,-0.22146627538217625,623.2457465188464,10143,-0.00040513034525746505,0.0028744453007627513,-0.0007593543958339666
35,13,12,14095.529265642926,12938.96722274893,2500,2500.2962166951615,6.703192426904941e-05,2.0817038210353203,-0.22148723543884144,623.261761230815,10143,-0.00037436041086236216,0.0029607397365791766,-0.000732155211052743
35,13,13,14095.944157398462,12939.34051610298,2500,2500.448336503438,6.70292748188449e-05,2.0817571505313697,-0.22150169871343814,623.3160234066311,10144,-0.0003449371498643883,0.003021760584596578,-0.0007033260132539576
35,13,14,14096.337824706132,12939.732933746518,2501,2500.5320180053072,6.702681365708097e-05,2.0818136573744184,-0.22150951659381551,623.4477703192762,10144,-0.0003170190825965147,0.0030553283116749874,-0.000673019859280144
35,13,15,14096.708822807015,12940.142346178509,2501,2500.543798012666,6.702458470813334e-05,2.0818730952070923,-0.2215106993658777,623.5867753834052,10144,-0.00029070866835856357,0.0030600537057365873,-0.0006414012090817378
35,13,16,14097.056294971891,12940.5664647465,2500,2500.482296073013,6.702262058014112e-05,2.0819351842378926,-0.22150538683251975,623.6788898338292,10144,-0.00026606666460626816,0.0030353830165288365,-0.0006086468137674883
35,13,17,14097.379818547306,12941.002826874173,2500,2500.3483457115185,6.702094325316345e-05,2.0819996071841964,-0.2214938272155989,623.7105566823367,10145,-0.00024312304504425786,0.0029816506016431266,-0.0005749468564709703
35,13,18,14097.679294442967,12941.448778692318,2500,2500.1443601091764,6.701956146648388e-05,2.0820660049339557,-0.22147636343581012,623.6788898349106,10145,-0.00022188483695007033,0.0028998244767006742,-0.0005405062937486882
35,13,19,14097.954872895587,12941.901456042098,2500,2499.874582915469,6.701847311851802e-05,2.0821339720667567,-0.22145342546190358,623.5867753801621,10145,-0.00020234138584829253,0.002791606925532708,-0.0005055463226851797
35,13,20,14098.206907807082,12942.35776523674,2500,2499.5448906391366,6.701766583864537e-05,2.0822030524645085,-0.22142552723914732,623.447770319449,10145,-0.0001844675937505702,0.0026593552318543434,-0.0004703058666550852
35,13,21,14098.435932248236,12942.81436554584,2499,2499.163316511088,6.701712161787443e-05,2.0822727353611716,-0.2213932666368584,623.3160234069334,10145,-0.00016822565638474618,0.002506291819936779,-0.00043504292804874556
35,13,22,14098.64264846373,12943.267656161375,2499,2498.7381443567774,6.701680943787428e-05,2.082342452336808,-0.2213573268206675,623.2617612307718,10145,-0.00015356577201763866,0.0023357396367371663,-0.00040003559487833407
35,13,23,14098.827926890332,12943.713771577859,2498,2498.2796710452467,6.701669683020341e-05,2.082411575971693,-0.22131847743839983,623.2457465178961,10145,-0.0001404262110829002,0.002151829135008665,-0.0003655823975650119
35,13,24,14098.992810609261,12944.148591141033,2498,2497.798970231418,6.701674640143263e-05,2.0824794211758535,-0.22127757401841897,623.24007705505,10145,-0.00012873300042826052,0.0019590023648803356,-0.0003320015715002622
35,13,25,14099.138525165188,12944.567771611763,2497,2497.307757439814,6.701691808642588e-05,2.082545250686751,-0.22123555407551476,623.2382252432487,10145,-0.00011839922697276517,0.0017619588539772302,-0.00029962854215770385
35,13,26,14099.266500867632,12944.966817551003,2497,2496.8186266773037,6.701717322627458e-05,2.082608287113992,-0.22119342871072153,623.2383411103713,10145,-0.00010932345613812178,0.0015657505214927703,-0.00026881048930915696
35,13,27,14099.37843097562,12945.341217689918,2496,2496.344000371694,6.70174718097787e-05,2.0826677358536787,-0.22115226920445805,623.2398325459716,10145,-0.00010138560551353759,0.0013753604599495706,-0.0002398958152504127
35,13,28,14099.476429743227,12945.686709458649,2496,2495.8968971494555,6.701777805828176e-05,2.082722828156786,-0.2211131897717945,623.2426350423506,10145,-9.443573659395632e-05,0.0011960109190749524,-0.00021321371542060152
35,13,29,14099.563469553188,12945.999833291111,2495,2495.4893137812514,6.701805169101959e-05,2.082772908225252,-0.2210773318945061,623.2471239420652,10145,-8.826305417364289e-05,0.0010325142446614421,-0.00018903136981063273
35,13,30,14099.6446619235,12946.279277929285,2495,2495.134363042833,6.701825208885465e-05,2.082817638228308,-0.2210458686185488,623.2544335086409,10145,-8.2505060020166e-05,0.0008901304531740983,-0.00016745004600648983
35,13,31,14099.731531179465,12946.529926713709,2495,2494.8445378554948,6.70183018547888e-05,2.082857603100204,-0.22102009806955691,623.2677242027635,10145,-7.63444729348084e-05,0.0007738709146658529,-0.0001480926068616606
35,13,32,14099.859949078023,12946.779117264965,2495,2494.6389450477886,6.70180021445412e-05,2.0828967200939923,-0.22100196439253667,623.2975578826278,10145,-6.723734247082724e-05,0.0006914000805604559,-0.0001288477860960091
35,13,33,14100.198758420709,12947.17395467909,2495,2494.574677204006,6.701645193058514e-05,2.0829566248479408,-0.22099742064232222,623.394474252159,10145,-4.32096880635946e-05,0.000665619885513502,-9.835475484676337e-05
35,13,34,14102.319207696133,12949.116707778983,2495,2495.123959809972,6.700531587898841e-05,2.083244420116274,-0.22105610401371142,624.0322559713298,10147,0.00010716816744049673,0.0008859573339827786,5.168277671696586e-05
35,14,0,14092.189154206215,12936.81566541336,2499,2498.9536811496428,6.7044829715864e-05,2.081399039650121,-0.2212462469816693,624.2892896755541,10141,-0.0006112341719178849,0.002422199368895983,-0.0008983185550540673
35,14,1,14091.446415663102,12936.715376264236,2498,2497.530651852872,6.705138114557702e-05,2.081388867960766,-0.22113505616387613,623.6110935163965,10140,-0.0006639076456991244,0.001851369998109309,-0.0009060638194307025
35,14,2,14091.5061906428,12936.765800336303,2497,2497.457698683421,6.705168271045404e-05,2.08139632286101,-0.22113736841708684,623.5078952181661,10140,-0.0006596685283744019,0.0018221057996075096,-0.0009021696018356451
35,14,3,14091.7369426387,12936.866165215733,2498,2497.6123979993986,6.705087068830758e-05,2.0814102554773757,-0.22116114037528053,623.4760116592611,10140,-0.000643304076416551,0.001884161383003402,-0.00089441848885774
35,14,4,14092.060364008517,12937.005214138131,2498,2497.8637484512988,6.70495120648268e-05,2.0814294304367285,-0.22119481204498953,623.4616466058379,10140,-0.0006203677050630185,0.0019849872905450816,-0.0008836798329346918
35,14,5,14092.44955791795,12937.180174146979,2498,2498.172736834028,6.704774676630953e-05,2.0814535609242686,-0.22123427533340326,623.4535275458019,10141,-0.000592766881900797,0.0021089338912889666,-0.0008701677876565839
35,14,6,14092.886974373021,12937.389735593832,2499,2498.516466316264,6.704564545213646e-05,2.081482529400967,-0.22127678013369334,623.4482417365122,10141,-0.0005617462160266706,0.0022468164243547584,-0.0008539834963030568
35,14,7,14093.358208361062,12937.632876229132,2499,2498.876721409136,6.704327078504441e-05,2.081516256237674,-0.22132005231473698,623.4445022586549,10141,-0.0005283272810002737,0.0023913279874359095,-0.0008352059065283024
35,14,8,14093.850957414203,12937.908578297156,2499,2499.2357972795508,6.704068070890123e-05,2.0815546669610785,-0.22136215614247842,623.4417677295967,10142,-0.0004933825422734905,0.0025353665210336995,-0.000813913618931128
35,14,9,14094.354871374973,12938.215743098339,2500,2499.578272485164,6.703794099229082e-05,2.081597680869435,-0.22140148111657149,623.4398259477276,10142,-0.00045764601150266593,0.002672745917630559,-0.0007901914853489789
35,14,10,14094.861485378171,12938.553161195894,2500,2499.8905226315064,6.703512059516042e-05,2.0816452054144716,-0.22143673663749586,623.4386733209766,10143,-0.0004217179993346587,0.0027980009316834753,-0.0007641329097816119
35,14,11,14095.364082784374,12938.91949968777,2500,2500.1599407644794,6.703228407618978e-05,2.081697132217805,-0.2214669335932569,623.4385621916759,10143,-0.00038607483587738134,0.002906074450389262,-0.0007358408313693499
35,14,12,14095.857488317379,12939.313293283882,2500,2500.3764259075892,6.702949553173556e-05,2.081753333357804,-0.22149135427239833,623.4403824533485,10144,-0.00035108354096313743,0.002992914600698393,-0.0007054284134920819
35,14,13,14096.337824706336,12939.732933746687,2501,2500.5320180052627,6.702681365706541e-05,2.0818136573744197,-0.22150951659382032,623.4477703183253,10144,-0.00031701908258197076,0.003055328311657002,-0.0006730198592671544
35,14,14,14096.80226511047,12940.17665515592,2501,2500.6208457281546,6.702428914145035e-05,2.0818779247191257,-0.22152113820403466,623.4835209003243,10144,-0.00028408193440665475,0.00309096037719625,-0.0006387515495437368
35,14,15,14097.248803893677,12940.64251380014,2501,2500.638828204746,6.702196159207057e-05,2.0819459224928796,-0.22152610428376093,623.5886827005087,10144,-0.0002524143319808658,0.003098173809710447,-0.000602773595865358
35,14,16,14097.676058220432,12941.128362191233,2501,2500.584158940869,6.701986118427154e-05,2.0820173983813213,-0.22152444119380016,623.6780462290171,10145,-0.00022211434312624512,0.0030762439579703482,-0.0005652518473127088
35,14,17,14098.083105141359,12941.631817177049,2500,2500.457082791127,6.701800740672092e-05,2.0820920537546446,-0.22151629675530957,623.7095997342019,10145,-0.00019324742149406937,0.003025269042159273,-0.0005263703531437347
35,14,18,14098.469353665085,12942.15022257129,2500,2500.2598645688236,6.701640940321296e-05,2.082169535970651,-0.22150192704320082,623.6780462284548,10145,-0.00016585547896441621,0.0029461575621634317,-0.0004863342488617972
35,14,19,14098.834448317577,12942.680607234483,2500,2499.996185270085,6.701506396803707e-05,2.0822494300166365,-0.22148168898620374,623.5886827012005,10145,-0.00013996372501667853,0.0028403861008661213,-0.00044537299359515004
35,14,20,14099.178199281465,12943.219640250749,2500,2499.6715829592777,6.70139593524894e-05,2.0823312497604656,-0.22145603770040156,623.4835208994597,10146,-0.00011558562110447479,0.00271017617950009,-0.0004037438317647801
35,14,21,14099.500533839502,12943.76358582193,2499,2499.293576897458,6.701307790869721e-05,2.082414429267267,-0.22142552723915676,623.4477703204432,10146,-9.272632418366733e-05,0.0025585440501323387,-0.00036173527658112103
35,14,22,14099.80146425104,12944.308261905788,2499,2498.870766651991,6.701239391317054e-05,2.0824983148902594,-0.2213908132520264,623.4403824530892,10146,-7.138496484648815e-05,0.0023889393154092886,-0.0003196703043885085
35,14,23,14100.08106826447,12944.849008561856,2498,2498.412860561554,6.701187644355217e-05,2.082582159188692,-0.22135265588395664,623.4385621904225,10146,-5.155602933870629e-05,0.0022052563469163733,-0.0002779087992943463
35,14,24,14100.339480699287,12945.380674915896,2498,2497.931449356084,6.701149625391135e-05,2.0826651182062723,-0.22131192112034404,623.4386733208038,10146,-3.322995654186922e-05,0.002012144612581812,-0.00023684855989491993
35,14,25,14100.576898727011,12945.897638175928,2497,2497.437841764452,6.701121783421659e-05,2.0827462543647135,-0.22126957875721565,623.4398259491971,10146,-1.6392763461658966e-05,0.001814140459339031,-0.0001969238306801513
35,14,26,14100.793612246473,12946.393876269998,2497,2496.945327235817,6.70110138400367e-05,2.0828245484528285,-0.22122669537486053,623.441767727695,10146,-1.0238910754800656e-06,0.0016165747738525749,-0.00015859969226728055
35,14,27,14100.990090117908,12946.863132419,2496,2496.4661124049476,6.701085202111485e-05,2.0828989266712226,-0.2211844213838954,623.4445022592168,10146,1.2909911210057246e-05,0.0014243440861234635,-0.00012235935155124888
35,14,28,14101.167201026137,12947.299251052016,2496,2496.014046056672,6.701071043348608e-05,2.082968314732372,-0.22114397301365732,623.4482417356909,10146,2.5470248717240906e-05,0.0012430036529185173,-8.867819918534359e-05
35,14,29,14101.32678390723,12947.69688311346,2496,2495.6012834766857,6.701055920208523e-05,2.0830317485095495,-0.22110661487061548,623.4535275451968,10146,3.6787534969828783e-05,0.0010774294062374512,-5.796933917989744e-05
35,14,30,14101.473239699113,12948.0531642523,2495,2495.2412993198373,6.701036733780537e-05,2.0830886307282577,-0.2210736633368123,623.4616466041522,10146,4.717387533847983e-05,0.0009330265255567127,-3.045398346268602e-05
35,14,31,14101.618698635122,12948.372657035843,2495,2494.94761533876,6.701006372779372e-05,2.0831394735083912,-0.22104658835669083,623.476011658094,10146,5.74895207607895e-05,0.000815219083005081,-5.77976799087665e-06
35,14,32,14101.804455461024,12948.686971918245,2495,2494.740395767168,6.700943067925534e-05,2.083188820953831,-0.22102759333377361,623.5078952188146,10146,7.066300877967002e-05,0.0007320956940946033,1.849456161484575e-05
35,14,33,14102.230365405627,12949.171711768828,2495,2494.6812295245404,6.700743214048651e-05,2.083262622975448,-0.22102338444040942,623.6110935155316,10147,0.00010086765684613752,0.0007083619388392748,5.5930698320105776e-05
35,14,34,14104.765966985724,12951.509642135661,2495,2495.2813286046203,6.699438300719015e-05,2.0836106235481506,-0.22108969785140475,624.2892896742973,10149,0.000280687250951539,0.0009490837434209531,0.0002364875077403017
35,15,0,14092.158110327338,12936.9136960203,2499,2498.963142626203,6.704260547001958e-05,2.081411860603116,-0.22122835349934614,624.4797641981831,10141,-0.0006134357392867384,0.002425994715009816,-0.0008907477163901945
35,15,1,14091.455995125425,12936.81028775199,2498,2497.588414879804,6.704924639699513e-05,2.081401277415179,-0.22112421198108262,623.7719104392277,10140,-0.0006632282901409825,0.0018745408719580414,-0.0008987338682698853
35,15,2,14091.521877570478,12936.865929606227,2498,2497.517376465124,6.7049554764859e-05,2.0814094973237793,-0.22112675717776709,623.6641406430033,10140,-0.0006585560440669491,0.0018460447519936807,-0.0008944366848234742
35,15,3,14091.75593374307,12936.975308383435,2498,2497.666335487435,6.704874149816904e-05,2.081424747970151,-0.22114975100408538,623.6308165888619,10140,-0.0006419572667654139,0.0019057976925491715,-0.0008859894345071284
35,15,4,14092.084672894205,12937.126748772007,2498,2497.9090133088384,6.704738220002914e-05,2.081445740772662,-0.22118247374917613,623.6157586489089,10140,-0.0006186437694133406,0.0020031446891359828,-0.0008742937938815976
35,15,5,14092.483451322665,12937.317489278907,2498,2498.2082966915796,6.704562013359571e-05,2.0814721957118985,-0.2212211786839476,623.6071840572522,10141,-0.0005903632320818364,0.0021231982575653507,-0.0008595630312200342
35,15,6,14092.936308033559,12937.546342677928,2499,2498.5425352594198,6.704352658990058e-05,2.0815040175155004,-0.22126335307487977,623.6015136363981,10141,-0.0005582475753556082,0.0022572736359189882,-0.0008418888352138554
35,15,7,14093.429973931678,12937.812466161618,2499,2498.8943137585993,6.704116208096567e-05,2.08154115667221,-0.22130687828055084,623.5973812408002,10142,-0.0005232378158886997,0.0023983849256152823,-0.0008213362953227721
35,15,8,14093.952860824456,12938.115063419335,2499,2499.2466738964818,6.703858172686984e-05,2.081583574673716,-0.2213498993138375,623.5941854844715,10142,-0.0004861557642128478,0.002539729531980228,-0.0007979669100888209
35,15,9,14094.494955298105,12938.453291418182,2500,2499.5846459424533,6.703584696315259e-05,2.0816312317720023,-0.22139081974399555,623.5916396377575,10142,-0.0004477115508224605,0.002675302545679381,-0.0007718457863826744
35,15,10,14095.047823532932,12938.826224030216,2500,2499.8947891686344,6.703302143933493e-05,2.081684080720075,-0.22142830874270894,623.589608094235,10143,-0.00040850328468133856,0.0027997123965912696,-0.0007430444484503029
35,15,11,14095.60455845315,12939.232832473599,2500,2500.1645280170633,6.703016431699724e-05,2.081742062086152,-0.22146129713491214,623.5880476177317,10143,-0.0003690208012487872,0.0029079145660579897,-0.0007116423484296863
35,15,12,14096.159653098293,12939.671968758093,2500,2500.383604974608,6.702733420555926e-05,2.0818050996463193,-0.22148896131408494,623.5870114519648,10144,-0.00032965464271528244,0.0029957943884291183,-0.0006777281448443473
35,15,13,14096.708822806579,12940.142346178063,2501,2500.543798015389,6.702458470816195e-05,2.081873095207091,-0.22151069936587878,623.5867753813728,10144,-0.0002907086683895388,0.0030600537068288247,-0.0006414012091161547
35,15,14,14097.24880389379,12940.64251380022,2501,2500.6388282037406,6.702196159208941e-05,2.081945922492875,-0.22152610428375813,623.5886827015032,10144,-0.0002524143319728722,0.003098173809307214,-0.0006027735958591407
35,15,15,14097.777151093029,12941.170823078866,2501,2500.6641982931005,6.701950033671091e-05,2.082023419845506,-0.22153493817291603,623.6071071362467,10145,-0.00021494504671148995,0.0031083506849196585,-0.000561972621162532
35,15,16,14098.292048505717,12941.725385462092,2501,2500.6176467966347,6.701722754063543e-05,2.0821053815444204,-0.22153711003807994,623.6777285873962,10145,-0.00017842959235847555,0.003089677168150118,-0.0005191441366361182
35,15,17,14098.792141952481,12942.304020269396,2500,2500.498884244439,6.701515937813266e-05,2.082191547614133,-0.22153265858387006,623.7089216536764,10146,-0.00014296400450042324,0.0030420371419772607,-0.00047445655478672855
35,15,18,14099.276395620393,12942.904192708125,2500,2500.309888414928,6.701330354843883e-05,2.0822815920651854,-0.22152174054919957,623.6777285874828,10146,-0.00010862174083747789,0.002966223966039294,-0.00042810563596706874
35,15,19,14099.74397251812,12943.522942527985,2500,2500.053885260709,6.701165515595206e-05,2.082375109635041,-0.22150462443310412,623.6071071346034,10146,-7.546215905529507e-05,0.002863531688533927,-0.0003803199983415384
35,15,20,14100.194136429554,12944.156804850005,2500,2499.736076597971,6.70102020261709e-05,2.0824716012767035,-0.22148168898619705,623.5886827003789,10146,-4.3537470070020845e-05,0.0027360469491874984,-0.00033136723221172115
35,15,21,14100.626172358294,12944.801726179841,2499,2499.3635775295766,6.700892651584211e-05,2.082570458907022,-0.22145342546190055,623.5867753807676,10147,-1.2898379940673443e-05,0.0025866238773555317,-0.0002815603862532656
35,15,22,14101.03932269698,12945.452980724844,2499,2498.9450544826673,6.700780624844251e-05,2.082670950304125,-0.22142044229018,623.5870114516621,10147,1.6401383393649382e-05,0.002418738895599404,-0.00023126443029408694
35,15,23,14101.432737714433,12946.105095259643,2498,2498.4898333022197,6.700681253776347e-05,2.0827722055725024,-0.22138347052134458,623.5880476162182,10147,4.430155876367081e-05,0.0022361329432178945,-0.00018090205789389469
35,15,24,14101.805441716304,12946.751795237971,2498,2498.0097738057925,6.700592310571399e-05,2.08287320734056,-0.2213433680998695,623.5896080932405,10147,7.073295195425544e-05,0.002043563429078299,-0.00013095784809391553
35,15,25,14102.15632172263,12947.385991671985,2498,2497.5159861527122,6.70051086889896e-05,2.0829727879445468,-0.22130112083027093,623.59163963659,10147,9.561663273927046e-05,0.0018454870465682838,-8.197927871667066e-05
35,15,26,14102.484156397384,12947.99983954854,2497,2497.022120012082,6.700435284769118e-05,2.0830696385922147,-0.22125783793993958,623.5941854836498,10147,0.00011886598650634461,0.0016473791798163884,-3.4572214916761546e-05
35,15,27,14102.78772647524,12948.584920165717,2497,2496.5404880173214,6.700363476185398e-05,2.0831623387497875,-0.2212147407362764,623.5973812402813,10147,0.00014039454549252817,0.001454178878780077,1.0613172547913052e-05
35,15,28,14103.066104986934,12949.132650003163,2496,2496.0852700065784,6.700294658218909e-05,2.0832494214503128,-0.2211731447207056,623.6015136391658,10148,0.00016013657096425327,0.001271574197883485,5.291398410189885e-05
35,15,29,14103.319386268973,12949.635160464808,2496,2495.669077697809,6.700227382851201e-05,2.0833295112437824,-0.22113444075756988,623.6071840569496,10148,0.00017809875307062129,0.0011046241608883012,9.172253329658986e-05
35,15,30,14103.550651860123,12950.087375213954,2495,2495.3056320353,6.70015984395746e-05,2.0834016432541413,-0.22110009724252733,623.6157586503792,10148,0.0001944996281360023,0.0009588327430194443,0.00012664677802032287
35,15,31,14103.772197565246,12950.493023803656,2495,2495.0093041066543,6.700085828565755e-05,2.083466171706181,-0.221071769069074,623.6308165907216,10148,0.00021021118908626235,0.0008399647158896517,0.00015797474917866872
35,15,32,14104.03105045281,12950.888225682987,2495,2494.8012432947503,6.699981765655921e-05,2.08352830192612,-0.2210519350725115,623.6641406435223,10148,0.00022856849787644684,0.0007565038745604991,0.000188495927833765
35,15,33,14104.562388259179,12951.481383957562,2495,2494.7470542175324,6.699729075232927e-05,2.083618981954295,-0.2210480749474688,623.771910440093,10148,0.0002662498707797223,0.0007347666433439315,0.0002343051474142932
35,15,34,14107.57958868392,12954.281999279987,2495,2495.3927708956157,6.698207214210665e-05,2.0840379760646695,-0.2211220874424383,624.4797641987469,10151,0.00048022345399978406,0.0009937873436858258,0.00045059480864795276
35,16,0,14092.095671369298,12937.001127243182,2499,2498.872382891777,6.704109700723671e-05,2.0814235993122434,-0.22120641234611826,624.5968247652469,10140,-0.0006178637804188369,0.002389587648610858,-0.0008839954611171708
35,16,1,14091.437228914592,12936.896721307412,2498,2497.5575908044566,6.704772440427228e-05,2.0814128493643187,-0.22110957365763362,623.8708550299349,10140,-0.0006645591508098736,0.0018621762020418764,-0.0008920586621922189
35,16,2,14091.51004643572,12936.95818403921,2497,2497.49108623826,6.704801775858167e-05,2.0814219132725733,-0.22111240803703902,623.7603059915039,10140,-0.0006593950835542817,0.0018354987753981256,-0.0008873119362379223
35,16,3,14091.747942064305,12937.077146848555,2498,2497.6359065063575,6.704718671478581e-05,2.0814385628635006,-0.22113463028085206,623.7261235618329,10140,-0.0006425240200136351,0.0018935915094708822,-0.000878124517485146
35,16,4,14092.08229336028,12937.241692841342,2498,2497.871544975144,6.704580863352507e-05,2.08146147674321,-0.22116634896588644,623.7106741480446,10140,-0.0006188125210137008,0.001988114762910387,-0.0008654167397504908
35,16,5,14092.490642263128,12937.449129887907,2498,2498.1627442811173,6.704402786894027e-05,2.0814903891381227,-0.22120416024789155,623.7018665145782,10141,-0.0005898532655297384,0.0021049255109248932,-0.0008493965144201754
35,16,6,14092.958609109752,12937.698433275084,2498,2498.488910023436,6.704191546727181e-05,2.0815252330643848,-0.22124578149274124,623.6960248965432,10141,-0.0005566660293823134,0.002235762582152079,-0.000830142979411308
35,16,7,14093.474145888582,12937.988979433238,2499,2498.833607819573,6.703953147190199e-05,2.081565995726698,-0.2212892568661042,623.6917430967217,10142,-0.0005201052325113364,0.002374033541524989,-0.0008077042925924705
35,16,8,14094.026549062679,12938.320238512782,2499,2499.180494089136,6.703692846615254e-05,2.081612682367223,-0.22133283218214408,623.6883976834122,10142,-0.0004809299475105888,0.0025131823780517593,-0.0007821213738954391
35,16,9,14094.606372786635,12938.691676491684,2500,2499.51487405099,6.703416354988545e-05,2.081665303488087,-0.22137495349980899,623.6856839550395,10142,-0.00043981005410431706,0.002647314474742757,-0.0007534354654871178
35,16,10,14095.205476588686,12939.102714606368,2500,2499.823801428183,6.703129732500894e-05,2.081723868203359,-0.22141428156275444,623.6834431058575,10143,-0.000397322857630944,0.0027712366039231995,-0.0007216912648939644
35,16,11,14095.817031587085,12939.552704954676,2500,2500.0946204835464,6.702838337789766e-05,2.081788379081033,-0.2214496979722283,623.6815894089126,10143,-0.0003539526481909361,0.0028798720841067826,-0.0006869388091694795
35,16,12,14096.435456377596,12940.04090788598,2500,2500.316964855419,6.702547513653819e-05,2.0818588268535634,-0.22148030000225685,623.6800775090422,10144,-0.00031009524737235505,0.0029690625864964293,-0.0006492352210403229
35,16,13,14097.056294971708,12940.566464746333,2500,2500.4822960743536,6.70226205801392e-05,2.0819351842378975,-0.22150538683253804,623.6788898369002,10144,-0.0002660666646193688,0.0030353830170666285,-0.0006086468137804779
35,16,14,14097.676058219906,12941.128362190802,2501,2500.5841589433016,6.701986118426614e-05,2.082017398381319,-0.22152444119379677,623.6780462284115,10145,-0.0002221143431634376,0.003076243958946012,-0.0005652518473460155
35,16,15,14098.292048505138,12941.725385461541,2501,2500.6176467952428,6.701722754059676e-05,2.0821053815444164,-0.2215371100380692,623.6777285881316,10145,-0.00017842959239944278,0.0030896771675916757,-0.0005191441366787508
35,16,16,14098.902182285317,12942.356058470134,2501,2500.580049478048,6.701474170167632e-05,2.0821989996750987,-0.2215431869694336,623.682861214526,10146,-0.00013516017280179593,0.0030745955013418147,-0.0004704376791064835
35,16,17,14099.504819731615,12943.018568977885,2500,2500.470710198593,6.701241621418611e-05,2.082298058569175,-0.22154259824640474,623.7085167437652,10146,-9.24223776227473e-05,0.0030307354963265976,-0.000419272432620188
35,16,18,14100.098606183665,12943.710677623252,2500,2500.291073459392,6.701025480937855e-05,2.082402287384205,-0.22153539336141487,623.6828612107197,10146,-5.031227655993842e-05,0.002958676595613108,-0.00036582134162432833
35,16,19,14100.682326920041,12944.429610295865,2500,2500.044062495566,6.700825034832405e-05,2.0825113194016516,-0.22152174054920654,623.6777285871367,10147,-8.916015132309774e-06,0.0028595914162858893,-0.0003102986488202619
35,16,20,14101.254774836503,12945.171934621292,2500,2499.734550554954,6.700638895403427e-05,2.0826246701489377,-0.22150192704321697,623.6780462297957,10147,3.168080133630902e-05,0.002735434797225933,-0.0002529694342057187
35,16,21,14101.814629869747,12945.933423262624,2499,2499.369370967115,6.700465238876833e-05,2.0827417133370068,-0.2214763634358166,623.6788898344779,10147,7.138455669974952e-05,0.0025889478381568853,-0.00019416017220230675
35,16,22,14102.360349483268,12946.70890977102,2499,2498.956997034203,6.70030192825859e-05,2.0828616555911816,-0.2214455910530709,623.6800775110319,10148,0.00011008585747562805,0.0024235294921066686,-0.0001342698642228246
35,16,23,14102.890071414538,12947.492147227547,2499,2498.5066082618596,6.700146369983716e-05,2.08298351172089,-0.2214102907945868,623.6815894099075,10148,0.0001476526358754615,0.002242861996286649,-7.378095566712428e-05
35,16,24,14103.401533855727,12948.275686632587,2498,2498.0300322011267,6.699996860464819e-05,2.083106083387612,-0.22137129142203224,623.6834431061601,10148,0.00018392448918880255,0.0020516898162776798,-1.3268727828363858e-05
35,16,25,14103.892025641568,12949.05080200802,2498,2497.5384205680944,6.699851267839985e-05,2.083227945659556,-0.22132957486676227,623.6856839546501,10148,0.00021870914721011658,0.0018544863154137392,4.659291779884889e-05
35,16,26,14104.358393338225,12949.807505247163,2497,2497.0454688589025,6.699709011879613e-05,2.083347448459019,-0.22128627593935965,623.6883976802545,10149,0.00025178297496575297,0.0016567452607323396,0.00010503260636962608
35,16,27,14104.797161441922,12950.534722479179,2497,2496.563754809565,6.699569469173344e-05,2.083462744313054,-0.22124267421993773,623.6917430961594,10149,0.000282899496951039,0.0014635120445882777,0.0001611951101938569
35,16,28,14105.204890805291,12951.220766513405,2496,2496.107612353049,6.699433519398676e-05,2.0835718632449662,-0.22120017773300274,623.6960248992252,10149,0.00031181481598263616,0.0012805365345034403,0.00021417783529931178
35,16,29,14105.579090811112,12951.8544105107,2496,2495.69004162036,6.699301670226567e-05,2.0836728811284755,-0.22116030364117573,623.7018665144484,10149,0.0003383523026641022,0.0011130335609943476,0.0002631137403557027
35,16,30,14105.920636159004,12952.427441650045,2495,2495.3250478090217,6.699173952347608e-05,2.083764313602385,-0.22112467923065113,623.7106741469632,10149,0.00036257398887395986,0.000966621123710043,0.0003073685546506333
35,16,31,14106.24126343191,12952.94196478138,2495,2495.0275745193526,6.699045421122174e-05,2.083846225922068,-0.22109515698833776,623.7261235590643,10150,0.00038531220868165406,0.0008472936501626727,0.00034710483434685635
35,16,32,14106.593890596192,12953.43869447038,2495,2494.8196794266396,6.698890882944549e-05,2.0839244943188313,-0.22107450740926482,623.7603059899895,10150,0.000410319794277747,0.0007638992848939541,0.0003854669383096532
35,16,33,14107.25400737535,12954.163832287597,2495,2494.7704481438013,6.698575021475732e-05,2.084035863347949,-0.22107100059891,623.8708550279872,10150,0.00045713390427915,0.0007441508072838499,0.000441468850310045
35,16,34,14110.833549746223,12957.509257922706,2495,2495.456238128539,6.69680408270925e-05,2.0845390449965677,-0.22115271149464805,624.5968247628175,10153,0.000710987609555902,0.0010192463842815247,0.0006998338501393864
35,17,0,14092.004148172642,12937.076560789583,2499,2498.689760132687,6.704030008375898e-05,2.081434048910342,-0.22118100797726484,624.6363100663116,10140,-0.0006243544153051728,0.002316330945534517,-0.0008781697784302489
35,17,1,14091.392203578855,12936.973419348846,2497,2497.445480333978,6.704681398622937e-05,2.08142339916669,-0.22109166677420236,623.9042475574254,10140,-0.0006677522540404768,0.0018172045704196726,-0.0008861353233937663
35,17,2,14091.472651019023,12937.04128237778,2497,2497.3856655797013,6.704707187314974e-05,2.0814333838301406,-0.22109482711739445,623.7927658006502,10140,-0.0006620470887843677,0.0017932106732980735,-0.0008808943067424302
35,17,3,14091.714792127521,12937.170334231676,2498,2497.5273987383953,6.704620798082991e-05,2.081451505513465,-0.22111627097462652,623.7582978996596,10140,-0.0006448749446320567,0.0018500650542869757,-0.0008709277177799679
35,17,4,14092.054940724534,12937.348607600507,2498,2497.7571023119126,6.70447955088918e-05,2.0814764326115505,-0.22114692371264005,623.7427215311584,10140,-0.0006207523130914439,0.001942207603028434,-0.0008571597839110989
35,17,5,14092.472765918983,12937.573542566111,2498,2498.0412597473246,6.704297712879458e-05,2.0815079217463155,-0.22118370666856377,623.7338421434797,10141,-0.0005911210187026228,0.0020561935978555823,-0.0008397882059151263
35,17,6,14092.955451154547,12937.844321408591,2498,2498.360379431403,6.70408236378805e-05,2.0815459407678896,-0.22122455778347178,623.7279521395417,10141,-0.0005568899850019182,0.0021842042360635805,-0.0008188761357567076
35,17,7,14093.492227479652,12938.160584850431,2499,2498.6985772879725,6.703839279735182e-05,2.0815905208003427,-0.2212676863007934,623.7236328662509,10141,-0.0005188229236531283,0.00231986783069571,-0.0007944513201997294
35,17,8,14094.073411850522,12938.522121054599,2499,2499.0406292896882,6.70357378099468e-05,2.0816417194182186,-0.22131145244936534,623.7202551935904,10142,-0.00047760653599560055,0.0024570774646497373,-0.0007665301192776308
35,17,9,14094.690325509706,12938.928766441693,2499,2499.371993270651,6.70329114133218e-05,2.081699607749843,-0.22135436700327418,623.7175113555664,10142,-0.00043385630147008136,0.0025899997405181008,-0.000735125166118622
35,17,10,14095.335364167991,12939.380363752247,2500,2499.6797821420732,6.702996941719037e-05,2.08176426379501,-0.22139510943176544,623.7152403772594,10143,-0.00038811150046291765,0.002713465173174834,-0.0007002486057672286
35,17,11,14096.002043239556,12939.876735442587,2500,2499.9518932470132,6.702696330957042e-05,2.0818357671459946,-0.2214325405695703,623.7133540629745,10143,-0.0003408320063230663,0.0028226189419480185,-0.0006619141498032111
35,17,12,14096.684980349484,12940.417657537426,2500,2500.177653751047,6.702394033123269e-05,2.0819141933718273,-0.2214657053747907,623.7118024676892,10144,-0.00029239952589288354,0.0029131797805466153,-0.0006201390956893649
35,17,13,14097.37981854759,12941.00282687443,2500,2500.3483457124867,6.702094325316795e-05,2.081999607184194,-0.22149382721558913,623.7105566807794,10145,-0.00024312304502416282,0.0029816506020314826,-0.0005749468564512084
35,17,14,14098.083105141606,12941.631817177293,2500,2500.4570827908888,6.701800740668697e-05,2.0820920537546446,-0.22151629675530982,623.7095997325148,10145,-0.00019324742147652785,0.003025269042063794,-0.0005263703531248609
35,17,15,14098.792141952405,12942.30402026934,2500,2500.4988842458256,6.701515937812738e-05,2.0821915476141335,-0.22153265858387597,623.7089216540658,10146,-0.00014296400450586333,0.0030420371425334825,-0.0004744565547910584
35,17,16,14099.504819732065,12943.018568978307,2500,2500.470710198593,6.701241621418458e-05,2.082298058569177,-0.22154259824640432,623.7085167445006,10146,-9.24223775908839e-05,0.0030307354963265976,-0.00041927243258765845
35,17,17,14100.21944546708,12943.77423844945,2500,2500.371467042533,6.700978520164736e-05,2.0824114940685683,-0.22154593165801043,623.708382075076,10146,-4.174260573064359e-05,0.002990925417604151,-0.0003609125812329417
35,17,18,14100.934567517912,12944.56932284124,2500,2500.2019894562213,6.700726425548147e-05,2.0825316774884888,-0.22154259824639197,623.7085167436354,10147,8.972363815695772e-06,0.002922941726631434,-0.0002995087417354547
35,17,19,14101.648800625817,12945.40148499567,2500,2499.9650029233994,6.700484293364552e-05,2.082658321907229,-0.22153265858389243,623.7089216534168,10147,5.962429137729153e-05,0.0028278777151438117,-0.0002352414112556378
35,17,20,14102.360651036826,12946.267577983885,2500,2499.665067559083,6.700250407237812e-05,2.082790999162326,-0.2215162967553088,623.7095997342452,10148,0.00011010724302717989,0.0027075626129333674,-0.00016835362501887996
35,17,21,14103.068341405939,12947.163439722894,2499,2499.3088690791237,6.700022787843493e-05,2.0829291043832803,-0.2214938272155931,623.7105566816878,10148,0.0001602951731518587,0.0025646783064390277,-9.916681793009641e-05
35,17,22,14103.769636084546,12948.083665771617,2499,2498.904426888055,6.699799116834617e-05,2.083071816857927,-0.22146570537478252,623.7118024696791,10149,0.00021002953419868575,0.002402441673664546,-2.8098371384288612e-05
35,17,23,14104.461670214638,12949.021371561663,2498,2498.460986155118,6.699577065362875e-05,2.0832180591353935,-0.22143254056957287,623.7133540629313,10149,0.00025910715639176907,0.0022245612919058466,4.432002397392054e-05
35,17,24,14105.140791820493,12949.967964869684,2498,2497.990150086349,6.69935529153071e-05,2.0833664578558384,-0.2213951094317648,623.7152403787302,10149,0.000307269049203196,0.002035691633713421,0.00011742479644261117
35,17,25,14105.80243664295,12950.912963943832,2498,2497.5031231232097,6.699132478264901e-05,2.083515312183439,-0.22135436700327488,623.7175113553933,10150,0.0003541915248594929,0.0018403272125058212,0.00019040644728796075
35,17,26,14106.441074879824,12951.84391969808,2497,2497.013728111703,6.698909273672331e-05,2.08366257939044,-0.22131145244937267,623.7202551924224,10150,0.0003994824212827375,0.001644012880033463,0.0002623035418649611
35,17,27,14107.050307182597,12952.746539994481,2497,2496.534526567144,6.698686630754695e-05,2.083805893300833,-0.22126768630080038,623.7236328668565,10150,0.0004426879099763692,0.0014517875219319798,0.00033201230785229185
35,17,28,14107.623272587936,12953.605194895592,2496,2496.0801343154594,6.698467578027356e-05,2.083942643616337,-0.22122455778348624,623.727952139412,10151,0.0004833214256805274,0.001269514083354073,0.0003983256555621928
35,17,29,14108.15375931506,12954.404190312727,2496,2495.6636491737586,6.698255012974897e-05,2.0840701755691144,-0.22118370666855053,623.7338421456428,10151,0.0005209424418128883,0.0011024465803037842,0.0004600315409495348
35,17,30,14108.63915970587,12955.130881944935,2495,2495.2994380931295,6.698051553096929e-05,2.0841862723143048,-0.22114692371263364,623.7427215313749,10151,0.0005553660286803375,0.0009563481250851602,0.0005161534530497836
35,17,31,14109.089500512728,12955.784540317418,2495,2495.0027065983986,6.697854090967546e-05,2.0842905101515776,-0.22111627097462522,623.7582978984482,10152,0.0005873032627212726,0.0008373182127607848,0.0005666350550086463
35,17,32,14109.56347363893,12956.410286620743,2495,2494.7963115205193,6.697636128805941e-05,2.084389400598045,-0.2210948271173988,623.7927658005203,10152,0.0006209164517330112,0.0007545255585921229,0.0006149610264052363
35,17,33,14110.382673766719,12957.297934362035,2495,2494.752255523638,6.69724349280215e-05,2.0845264171712654,-0.22109166677420106,623.9042475579447,10152,0.0006790124221829341,0.0007368530784568339,0.0006835134719060942
35,17,34,14114.624275137723,12961.28954660454,2495,2495.4727084083324,6.695182479056361e-05,2.085130148087643,-0.2211810079772679,624.6363100677868,10155,0.000979817975735875,0.0010258532190616787,0.000991783034239191
35,18,0,14091.885997115669,12937.138924762714,2498,2498.4249019311746,6.7040193620712e-05,2.081443039664772,-0.22115271149464477,624.5968247646396,10140,-0.0006327334427024267,0.002210086582990378,-0.0008733534502063378
35,18,1,14091.323087463285,12937.039389909563,2497,2497.2603965245326,6.704649893554118e-05,2.081432771859,-0.22107100059891643,623.8708550299349,10140,-0.0006726538253067904,0.0017429606495613648,-0.0008810404608059486
35,18,2,14091.411733149196,12937.114194088785,2497,2497.2088169922527,6.70467016582468e-05,2.081443749637912,-0.22107450740926105,623.7603059912443,10140,-0.0006663672575017987,0.0017222702027632764,-0.0008752633837282309
35,18,3,14091.658410130674,12937.253762814651,2497,2497.3484627116813,6.704579345873924e-05,2.0814634067551907,-0.22109515698833584,623.7261235611841,10140,-0.000648873438664932,0.0017782872351148615,-0.0008644845837285642
35,18,4,14092.004441601764,12937.446278785063,2498,2497.5726078243006,6.704433188321537e-05,2.0814904256029263,-0.22112467923066145,623.7106741485637,10140,-0.0006243336059217341,0.0018682000808249999,-0.0008496167031992741
35,18,5,14092.431572754509,12937.689380452064,2498,2497.8502879118464,6.704245982895738e-05,2.081524593864395,-0.2211603036411649,623.7018665141455,10141,-0.0005940423523118632,0.001979587773273339,-0.0008308421229203944
35,18,6,14092.928525310524,12937.982504691798,2498,2498.162804162238,6.704024580777943e-05,2.08156592117051,-0.22120017773299763,623.6960248966298,10141,-0.0005587995098977894,0.0021049495314440225,-0.0008082043325734478
35,18,7,14093.485846619156,12938.325605635835,2498,2498.494672297223,6.70377446233838e-05,2.0816144902570084,-0.22124267421993415,623.691743096592,10141,-0.000519275441017597,0.0022380740420269163,-0.000781706874546817
35,18,8,14094.094980960426,12938.718846434016,2499,2498.83200593257,6.703501149514462e-05,2.0816704202926775,-0.22128627593935601,623.688397680341,10142,-0.000476076899550093,0.0023733909657523977,-0.0007513371488865328
35,18,9,14094.748187002924,12939.162502568297,2499,2499.160346121577,6.703209477229128e-05,2.0817338543787036,-0.2213295748667586,623.685683954953,10142,-0.00042975288462954175,0.002505100287492956,-0.0007170738803042864
35,18,10,14095.438617755326,12939.656921926919,2499,2499.466723848014,6.702904500410968e-05,2.081804953305835,-0.22137129142201703,623.6834431038244,10143,-0.00038078897064974804,0.0026279996580134135,-0.000678890201622151
35,18,11,14096.160390481147,12940.20249943927,2500,2499.739786201318,6.702591266849478e-05,2.081883890653201,-0.2214102907945908,623.6815894102535,10144,-0.0003296023490558797,0.002737535007479197,-0.0006367556127058194
35,18,12,14096.908603261536,12940.79965096371,2500,2499.9686338817683,6.70227391067918e-05,2.0819708473849934,-0.22144559105305578,623.68007751021,10144,-0.00027654065374449477,0.0028293342260432564,-0.0005906379970903597
35,18,13,14097.67929444346,12941.448778692773,2500,2500.144360108682,6.701956146647115e-05,2.0820660049339614,-0.22147636343582078,623.6788898351701,10145,-0.0002218848369150983,0.0028998244765023884,-0.0005405062937136051
35,18,14,14098.46935366564,12942.150222571789,2500,2500.25986456988,6.701640940321554e-05,2.082169535970653,-0.22150192704320676,623.6780462283683,10145,-0.0001658554789250033,0.002946157562587093,-0.0004863342488232725
35,18,15,14099.276395620574,12942.904192708264,2500,2500.309888415525,6.701330354844866e-05,2.0822815920651854,-0.2215217405492104,623.6777285893427,10146,-0.0001086217408245993,0.0029662239662788803,-0.0004281056359564106
35,18,16,14100.098606183861,12943.710677623414,2500,2500.2910734580023,6.701025480936409e-05,2.0824022873842027,-0.22153539336140257,623.68286121418,10146,-5.031227654606063e-05,0.002958676595055554,-0.0003658213416117828
35,18,17,14100.934567518114,12944.569322841442,2500,2500.201989454684,6.700726425545375e-05,2.0825316774884883,-0.22154259824639852,623.7085167447169,10147,8.972363830128671e-06,0.002922941726014816,-0.0002995087417198006
35,18,18,14101.783065618092,12945.479274114257,2500,2500.043135466481,6.700432365186682e-05,2.082669732245886,-0.2215431869694278,623.6828612120605,10148,6.914608557506696e-05,0.002859219550836345,-0.00022923380929318338
35,18,19,14102.642881067979,12946.43897971895,2500,2499.8169187550557,6.700141668289723e-05,2.0828163018977617,-0.22153711003805196,623.677728588391,10148,0.0001301224102538967,0.0027684757106798408,-0.00015511638286158647
35,18,20,14103.512562058724,12947.445947226244,2500,2499.52761207762,6.699852089190266e-05,2.082971075479059,-0.22152444119380196,623.6780462281088,10149,0.0001917983785861832,0.002652424165557221,-7.734895108257867e-05
35,18,21,14104.390178290283,12948.496452443196,2499,2499.181899221693,6.699561344119457e-05,2.0831335311853643,-0.22150538683252508,623.6788898347808,10149,0.00025403709770421834,0.002513746028382391,3.7808690964702407e-06
35,18,22,14105.273055749754,12949.58520267416,2499,2498.7870954255936,6.699266588400477e-05,2.0833028790384946,-0.22148030000225913,623.6800775113347,10150,0.000316648932171093,0.0023553757102003914,8.786432630580876e-05
35,18,23,14106.15749639491,12950.70496423457,2498,2498.3527728716767,6.69896569773218e-05,2.083477997513745,-0.22144969797223196,623.6815894086964,10150,0.00037937162451773254,0.0021811529652904227,0.0001743427678913001
35,18,24,14107.038494916824,12951.84617696913,2498,2497.890011764857,6.698657401000291e-05,2.083657367930143,-0.22141428156275417,623.6834431038677,10151,0.00044185020863807267,0.0019955224712240316,0.00026247786940891693
35,18,25,14107.909479758511,12952.996599072743,2497,2497.410373180386,6.698341301618892e-05,2.0838390137776126,-0.22137495349979455,623.6856839552557,10151,0.0005036186433691192,0.0018031218003455862,0.0003513242043817755
35,18,26,14108.762132688405,12954.141058412395,2497,2496.927332880734,6.698019121534354e-05,2.0840204574694887,-0.2213328321821296,623.6883976802978,10152,0.0005640870170167123,0.0016093565764385698,0.0004397100390542974
35,18,27,14109.586392784176,12955.261442312074,2496,2496.4537551745225,6.697693822099665e-05,2.084198715807812,-0.22128925686609702,623.6917430951212,10152,0.0006225418298793084,0.0014193871466674501,0.0005262365434879346
35,18,28,14110.370860105551,12956.337165585534,2496,2496.0042072366846,6.69737090897576e-05,2.08437037211588,-0.221245781492726,623.696024898533,10153,0.0006781746218864626,0.0012390569404820972,0.000609313937421696
35,18,29,14111.10409361108,12957.346617810259,2496,2495.591838635988,6.697056390814651e-05,2.0845318027571116,-0.22120416024789735,623.7018665141024,10153,0.0007301740181573368,0.0010736407333795661,0.0006872732622775768
35,18,30,14111.778190666044,12958.27091515049,2495,2495.231323774614,6.696756409064191e-05,2.084679760616705,-0.22116634896589535,623.7106741453194,10153,0.0007779795802624889,0.0009290249676012774,0.0007586561319623542
35,18,31,14112.39967852346,12959.10465777387,2495,2494.9377844974056,6.696470562048543e-05,2.0848130296052347,-0.22113463028085067,623.7261235604486,10154,0.0008220542074195425,0.0008112755710918407,0.0008230455210096466
35,18,32,14113.032418542125,12959.896699764671,2495,2494.734722711617,6.69617159892511e-05,2.084938640741027,-0.2211124080370419,623.7603059936671,10154,0.0008669268144663178,0.0007298200229346463,0.0008842143978993189
35,18,33,14114.050822999994,12960.987206075184,2495,2494.6964917277132,6.695683941293472e-05,2.085107881077537,-0.2211095736576296,623.8708550286797,10155,0.0009391499419821869,0.0007144841696700155,0.0009684334759660906
35,18,34,14119.079731801969,12965.752125629617,2495,2495.4469532729095,6.693279736028094e-05,2.0858327595135813,-0.2212064123461221,624.5968247670689,10158,0.0012957897022118914,0.0010155218873164618,0.0013364250483829387
35,19,0,14091.743901699943,12937.187515613325,2498,2498.088597544748,6.704074128564933e-05,2.081450445511661,-0.22112208744243234,624.4797641994841,10140,-0.0006428105542567453,0.0020751825288489734,-0.0008696008110867792
35,19,1,14091.232206148736,12937.093941642524,2497,2497.011195229389,6.704674749539747e-05,2.0814408476224853,-0.22104807494748133,623.7719104408286,10140,-0.0006790989392482238,0.001642996847811995,-0.0008768274667015907
35,19,2,14091.329493732437,12937.176173290401,2497,2496.9691180673794,6.704687794341761e-05,2.0814528841614437,-0.22105193507251517,623.6641406462471,10140,-0.0006721995060131603,0.0016261181510985878,-0.0008704767711528172
35,19,3,14091.58089100904,12937.326597028057,2497,2497.107246843309,6.704591533841409e-05,2.0814741281513025,-0.22107176906906842,623.6308165902459,10140,-0.0006543709336567227,0.0016815266816399,-0.0008588596458023456
35,19,4,14091.932797888117,12937.53374969657,2497,2497.326309457803,6.704439451962939e-05,2.081503301101809,-0.22110009724253443,623.6157586487359,10140,-0.0006294144291904002,0.0017694007504860387,-0.0008428613828000975
35,19,5,14092.36898943863,12937.795535770403,2498,2497.59735979572,6.704245375699658e-05,2.0815402307159525,-0.22113444075756702,623.6071840558684,10140,-0.0005984806310017632,0.0018781290066054446,-0.0008226438181914153
35,19,6,14092.8796963254,12938.1116960701,2498,2497.9033112351817,6.704016285658413e-05,2.081584975590523,-0.22117314472071134,623.601513637609,10141,-0.0005622623600373133,0.002000857377746801,-0.0007982269682337284
35,19,7,14093.45680322029,12938.482549881726,2498,2498.229107382896,6.703757369352498e-05,2.081637678087172,-0.22121474073628197,623.5973812392435,10141,-0.0005213351385018328,0.0021315461909894307,-0.0007695861746760402
35,19,8,14094.092964036792,12938.90869624761,2499,2498.560929431205,6.703473710582669e-05,2.0816985287294303,-0.22125783793995618,623.5941854847741,10142,-0.0004762199355823338,0.0022646522145119974,-0.0007366751738774324
35,19,9,14094.78151838527,12939.390924083757,2499,2498.885790305355,6.703170420910684e-05,2.081767754719473,-0.2213011208302661,623.5916396349468,10142,-0.00042738909226891497,0.0023949658551412067,-0.0006994330383787162
35,19,10,14095.516575019283,12939.93017832158,2499,2499.1905085786057,6.702851967176352e-05,2.081845614743062,-0.22134336809986604,623.5896080941917,10143,-0.0003752604035150986,0.0025171995579760242,-0.0006577867917544333
35,19,11,14096.293097735725,12940.527540185267,2499,2499.463433569508,6.702522755169492e-05,2.081932395118295,-0.2213834705213398,623.588047616521,10144,-0.00032019102637792507,0.002626679806332355,-0.0006116529317785613
35,19,12,14097.106947677472,12941.184205981936,2500,2499.6945569570817,6.702186869767374e-05,2.0820284053661933,-0.22142044229018182,623.587011452916,10144,-0.0002624744800023837,0.0027193918946935014,-0.0005609390684472304
35,19,13,14097.954872896264,12941.901456042751,2500,2499.8745829175577,6.701847311852353e-05,2.0821339720667584,-0.2214534254619048,623.5867753790811,10145,-0.0002023413858003309,0.0027916069263707044,-0.0005055463226346646
35,19,14,14098.83444831792,12942.680607234803,2500,2499.9961852700744,6.70150639680158e-05,2.0822494300166356,-0.22148168898619996,623.5886826994708,10145,-0.00013996372499236465,0.0028403861008619025,-0.0004453729935705031
35,19,15,14099.743972517845,12943.522942527694,2500,2500.053885257158,6.701165515590136e-05,2.0823751096350436,-0.22150462443310798,623.6071071372413,10146,-7.5462159074835e-05,0.0028635316871095107,-0.00038031999836407593
35,19,16,14100.682326919621,12944.429610295467,2500,2500.044062494298,6.700825034832305e-05,2.0825113194016507,-0.22152174054920248,623.6777285860986,10147,-8.91601516206375e-06,0.002859591415777407,-0.0003102986488510151
35,19,17,14101.648800626072,12945.4014849959,2500,2499.9650029241434,6.700484293366293e-05,2.0826583219072248,-0.2215326585838805,623.7089216536332,10147,5.962429139527714e-05,0.0028278777154422396,-0.00023524141123787423
35,19,18,14102.642881067948,12946.438979718927,2500,2499.8169187545464,6.700141668289402e-05,2.0828163018977666,-0.22153711003806845,623.6777285883046,10148,0.0001301224102518983,0.0027684757104755597,-0.00015511638286336282
35,19,19,14103.664007874133,12947.541800299301,2500,2499.6019432445996,6.699794718098409e-05,2.0829853245482735,-0.22153493817292627,623.6071071345601,10149,0.00020253860105223787,0.0026822411295319704,-6.994628191425711e-05
35,19,20,14104.711285269776,12948.708630631998,2499,2499.3244382910734,6.699440580860454e-05,2.083165282194822,-0.22152610428376196,623.5886827012438,10149,0.00027680933730600543,0.0025709236897779597,2.0167249692670808e-05
35,19,21,14105.783147564563,12949.936740335257,2499,2498.990230761542,6.69907593026004e-05,2.0833558280105935,-0.22151069936587783,623.5867753815891,10150,0.00035282358351040877,0.00243686076203109,0.00011501334638763794
35,19,22,14106.876973724575,12951.221510142033,2499,2498.6067170094634,6.698697478245972e-05,2.0835562958271545,-0.22148896131408585,623.5870114511432,10151,0.000430395461386901,0.002283019295601818,0.00021423526524433356
35,19,23,14107.988651924212,12952.555879095758,2498,2498.1837175828064,6.698302959978202e-05,2.0837656067709514,-0.22146129713490573,623.5880476176453,10151,0.000509233368810369,0.002113338673347842,0.00031728769327732387
35,19,24,14109.11210572767,12953.929733595034,2498,2497.731551456962,6.697890796072258e-05,2.083982166046056,-0.22142830874272235,623.5896080943214,10152,0.0005889063775827985,0.001931958215691365,0.0004233895637675289
35,19,25,14110.238814090177,12955.329285736072,2497,2497.2623523764673,6.697461458065564e-05,2.0842037577183246,-0.221390819743994,623.5916396388385,10153,0.0006688101929184231,0.0017437452136821463,0.000531476046063073
35,19,26,14111.357395247729,12956.73653442797,2497,2496.7889696855136,6.697017600399915e-05,2.0844274528474545,-0.22134989931383364,623.5941854842985,10154,0.0007481376437701304,0.0015538540117010502,0.0006401569278695618
35,19,27,14112.45339575811,12958.128981681757,2496,2496.3247874563135,6.696564542708642e-05,2.08464955893137,-0.22130687828056125,623.5973812421407,10154,0.0008258637220559528,0.0013676534531981144,0.0007476947044418036
35,19,28,14113.50957151967,12959.479924773015,2496,2495.8838163514656,6.696110569284548e-05,2.084865661876039,-0.22126335307488615,623.601513637436,10155,0.0009007655119264157,0.0011907637300656582,0.0008520271421081915
35,19,29,14114.507299642937,12960.759982780068,2495,2495.479445540245,6.695665832116385e-05,2.0850708637380464,-0.2212211786839478,623.6071840588955,10155,0.0009715223167656717,0.0010285557303726378,0.0009508851718018629
35,19,30,14115.43083812239,12961.941525579734,2495,2495.1263486147614,6.695241148534426e-05,2.08526047365311,-0.2211824737491931,623.6157586504224,10156,0.0010370177462604158,0.0008869155714119614,0.00104213493746097
35,19,31,14116.280466977065,12963.011709314296,2495,2494.839295598329,6.694840200190564e-05,2.0854320246424245,-0.22114975100408507,623.6308165882132,10156,0.001097271658778487,0.0007717680525771708,0.0011247845164850112
35,19,32,14117.12376626049,12964.02160691635,2495,2494.6421727217776,6.6944359076613e-05,2.0855928124692618,-0.22112675717777203,623.6641406428301,10157,0.0011570766912589736,0.000692694819267814,0.0012027782375361173
35,19,33,14118.395666961247,12965.369463511204,2495,2494.6111413007784,6.693828271680474e-05,2.0858031845778098,-0.2211242119810808,623.7719104398335,10158,0.0012472772454577008,0.0006802469753872664,0.0013068723071352206
35,19,34,14124.372059619272,12971.069858603429,2495,2495.388533550295,6.69101108289609e-05,2.08667557780761,-0.22122835349934478,624.4797642001779,10162,0.0016711105915228064,0.0009920875886852976,0.0017471100340100687
35,20,0,14091.580831219671,12937.222032023465,2498,2497.691660259761,6.704188808867761e-05,2.081456189599443,-0.22108969785139482,624.2892896742105,10140,-0.0006543751737945191,0.0019159563898332177,-0.0008669351316569207
35,20,1,14091.122097132773,12937.136712368148,2497,2496.707498338287,6.704751557474502e-05,2.0814475464602737,-0.22102338444042452,623.6110935142775,10139,-0.0006869076418114517,0.0015211728589095141,-0.0008735243119691871
35,20,2,14091.228344654983,12937.226786748888,2497,2496.6758284044827,6.704755891397945e-05,2.081460698273105,-0.22102759333378857,623.5078952192036,10139,-0.0006793727883596112,0.0015084688840669713,-0.0008665679273703875
35,20,3,14091.484548285003,12937.388301561063,2497,2496.812692161932,6.704653341987298e-05,2.0814835665885028,-0.22104658835670687,623.47601165563,10140,-0.0006612033594082245,0.0015633699691854908,-0.0008540942457013756
35,20,4,14091.842235856411,12937.610349616123,2497,2497.026852123351,6.704494528364818e-05,2.081514937289793,-0.2210736633368024,623.4616466042818,10140,-0.0006358369002562592,0.0016492774036298563,-0.0008369456218892957
35,20,5,14092.287168012395,12937.89116857318,2497,2497.291320828559,6.704292588174771e-05,2.0815546870888735,-0.221106614870623,623.4535275463206,10140,-0.0006042832364939743,0.0017553655248856437,-0.0008152581603505515
35,20,6,14092.8110511519,12938.230852708395,2498,2497.5900383314383,6.704054269518712e-05,2.0816029307659676,-0.22114397301365635,623.4482417368147,10141,-0.000567130533070892,0.001875192098097278,-0.0007890245801998041
35,20,7,14093.407114824788,12938.630139110714,2498,2497.909324010829,6.703784924402359e-05,2.081659878420705,-0.2211844213838879,623.4445022582227,10141,-0.0005248589362392142,0.0020032693231277765,-0.0007581879565474736
35,20,8,14094.069283558738,12939.09012566474,2498,2498.2354239602537,6.703489186536277e-05,2.081725801935261,-0.2212266953748576,623.4417677295536,10142,-0.0004778993058687231,0.0021340800024061135,-0.000722663500494658
35,20,9,14094.792096476665,12939.612192814771,2499,2498.55551777324,6.703171771896296e-05,2.0818010252388435,-0.22126957875721637,623.4398259481599,10142,-0.0004266389160125783,0.002262481399534222,-0.0006823446012450551
35,20,10,14095.570793275188,12940.197980648849,2499,2498.85765706868,6.702837280159329e-05,2.0818859209147504,-0.2213119211203503,623.4386733221436,10143,-0.0003714153574927437,0.0023836805795494076,-0.0006371045958887267
35,20,11,14096.401412620035,12940.8493803048,2499,2499.129883241109,6.702489444515443e-05,2.081980908266321,-0.22135265588393738,623.4385621903361,10144,-0.0003125095599025851,0.002492880506122841,-0.0005867974331073
35,20,12,14097.280856522895,12941.568524065902,2499,2499.3619018303543,6.702131659256741e-05,2.0820864508823216,-0.22139081325203194,623.4403824531757,10144,-0.000250141226134426,0.002585951692787969,-0.0005312584380794405
35,20,13,14098.20690780708,12942.357765236697,2500,2499.5448906378697,6.701766583861447e-05,2.08220305246451,-0.22142552723916153,623.447770318455,10145,-0.00018446759375068122,0.0026593552313460833,-0.0004703058666584159
35,20,14,14099.178199281338,12943.21964025063,2500,2499.6715829601917,6.701395935250793e-05,2.082331249760471,-0.22145603770041575,623.4835208982062,10146,-0.0001155856211134676,0.0027101761798666857,-0.00040374383177388395
35,20,15,14100.19413642971,12944.156804850169,2500,2499.73607659658,6.701020202610015e-05,2.0824716012766986,-0.22148168898618328,623.5886827004222,10146,-4.3537470058918615e-05,0.0027360469486295003,-0.0003313672321990646
35,20,16,14101.254774836289,12945.1719346211,2500,2499.7345505570834,6.700638895407545e-05,2.0826246701489355,-0.2215019270432039,623.6780462282818,10147,3.168080132098794e-05,0.0027354347980801386,-0.0002529694342205957
35,20,17,14102.36065103662,12946.267577983695,2500,2499.6650675586106,6.700250407241317e-05,2.082790999162327,-0.22151629675530923,623.709599733207,10148,0.00011010724301252495,0.0027075626127439634,-0.00016835362503342388
35,20,18,14103.512562058275,12947.4459472258,2500,2499.5276120789727,6.69985208919038e-05,2.08297107547906,-0.22152444119380574,623.6780462281953,10149,0.00019179837855420878,0.002652424166099898,-7.734895111688456e-05
35,20,19,14104.711285269825,12948.708630632045,2499,2499.3244382899284,6.69944058085895e-05,2.083165282194816,-0.22152610428375105,623.5886827012005,10149,0.00027680933730955815,0.0025709236893185494,2.0167249696445566e-05
35,20,20,14105.95722684087,12950.056206683525,2499,2499.059212901326,6.699011641963033e-05,2.0833738334986314,-0.22152113820402866,623.4835208990706,10150,0.0003651689239823064,0.0024645320345326738,0.00012423965311691987
35,20,21,14107.249985035469,12951.487740729117,2499,2498.737570624112,6.698560826855141e-05,2.0835966901080125,-0.22150951659381887,623.4477703213508,10151,0.0004568486482947609,0.0023355094914709884,0.0002347960766593271
35,20,22,14108.587814738294,12953.000146856584,2498,2498.3672345806663,6.698084074157579e-05,2.083833452054081,-0.22149135427240313,623.4403824526138,10152,0.0005517247502944134,0.0021869540884731364,0.0003515981973714055
35,20,23,14109.966984204404,12954.587405618631,2498,2497.957604791972,6.697578168419495e-05,2.0840832272211443,-0.22146693359325756,623.4385621905955,10153,0.0006495325823865361,0.0020226365195610274,0.00047418113733632694
35,20,24,14111.381027332782,12956.239645787196,2498,2497.518807482872,6.69704106585956e-05,2.0843444769756583,-0.2214367366374958,623.4386733188588,10154,0.000749813582125558,0.0018466187858259264,0.0006017825481670069
35,20,25,14112.819920886184,12957.942132126958,2497,2497.0635135238126,6.69647373245802e-05,2.0846148458221543,-0.22140148111657146,623.4398259471658,10155,0.0008518569223587846,0.0016639836392675633,0.0007332644374267172
35,20,26,14114.26926711231,12959.674262532273,2497,2496.6037200601186,6.695879468134028e-05,2.084890992075098,-0.22136215614247198,623.441767730418,10156,0.0009546415444168233,0.0014795435759689113,0.0008670357181799204
35,20,27,14115.70966053118,12961.408787903722,2496,2496.153453685918,6.695266142320895e-05,2.085168454304699,-0.22132005231473634,623.4445022581363,10156,0.0010567912519916511,0.0012989251785440192,0.0010009919605771245
35,20,28,14117.116616447294,12963.11167550813,2496,2495.725877659373,6.694645241533578e-05,2.085441621243176,-0.22127678013370405,623.448241737074,10157,0.0011565696413671223,0.0011274087138093414,0.0011325048392389903
35,20,29,14118.461898288124,12964.743488493283,2495,2495.334766497309,6.694032274207243e-05,2.085703943337807,-0.22123427533339932,623.4535275439433,10158,0.0012519742335057593,0.000970519646904533,0.0012585286722621714
35,20,30,14119.718414562285,12966.26442332235,2495,2494.993871509262,6.693444025863344e-05,2.0859487197428996,-0.2211948120449932,623.4616466038929,10159,0.0013410837561451672,0.0008337741336725824,0.0013759894589340238
35,20,31,14120.87602429793,12967.650025254208,2495,2494.717886217454,6.692890608101102e-05,2.086171543330155,-0.22116114037528048,623.4760116567106,10160,0.0014231790326388882,0.0007230662861064108,0.001482998575840222
35,20,32,14122.003124541186,12968.950635095218,2495,2494.5305156835548,6.692346602695571e-05,2.086379481994805,-0.22113736841709103,623.5078952181661,10160,0.0015031106393428306,0.0006479050759946592,0.0015834438100201798
35,20,33,14123.60378910236,12970.631225942705,2495,2494.50923034016,6.691584125801601e-05,2.0866433407449096,-0.22113505616387794,623.6110935153154,10161,0.0016166264432249111,0.0006393667421706883,0.0017132347249542157
35,20,34,14130.73657561018,12977.477977973924,2495,2495.313159384869,6.688260925288213e-05,2.0876976379186614,-0.22124624698167855,624.289289673994,10166,0.0021224688376861867,0.0009618522396861451,0.0022420048368385626
35,21,0,14091.400077204959,12937.242598088726,2497,2497.246333434442,6.704357013574387e-05,2.0814602484674225,-0.2210561040137278,624.032255969771,10140,-0.0006671938728415316,0.0017373194270748904,-0.0008653468280963583
35,21,1,14090.99554482649,12937.167688950416,2496,2496.3596909898947,6.704874900735095e-05,2.0814528317769803,-0.22099742064231997,623.3944742525479,10139,-0.0006958824683487297,0.0013816545437994598,-0.0008711320110947884
35,21,2,14091.110942254745,12937.265933781522,2496,2496.339037701391,6.704869310343378e-05,2.0814671438155736,-0.22100196439252856,623.2975578814181,10139,-0.0006876987225771236,0.0013733697504310083,-0.0008635446280408354
35,21,3,14091.371946778216,12937.438661979235,2496,2496.4744195781605,6.704759678896765e-05,2.0814916579365246,-0.22102009806955894,623.267724201986,10140,-0.0006691888242402744,0.0014276763987250973,-0.0008502049440544113
35,21,4,14091.735239568105,12937.675715511019,2497,2496.6834708810406,6.704593439892705e-05,2.0815252489544966,-0.221045868618557,623.2544335127013,10140,-0.0006434248546435262,0.0015115345624017174,-0.0008318974572413262
35,21,5,14092.18852126324,12937.975729748532,2497,2496.941230476602,6.704382904460162e-05,2.081567851315088,-0.22107733189450923,623.2471239416333,10140,-0.0006112790589181127,0.0016149314131077563,-0.0008087275569420571
35,21,6,14092.724936468563,12938.339200280061,2497,2497.232477875515,6.704134430653502e-05,2.081619642981151,-0.22111318977179598,623.2426350448558,10141,-0.0005732376074337742,0.0017317614529686054,-0.0007806569692024867
35,21,7,14093.339055000926,12938.767333509026,2498,2497.5440857193976,6.703853084980707e-05,2.08168090971403,-0.22115226920446637,623.2398325470946,10141,-0.0005296855974930015,0.0018567588158895365,-0.000747592524287799
35,21,8,14094.026113479104,12939.261788770864,2498,2497.86374848855,6.703543732894974e-05,2.081752014664851,-0.22119342871071415,623.2383411093778,10142,-0.0004809608381923791,0.0019849873054877953,-0.0007094060728241036
35,21,9,14094.78194525747,12939.824617199924,2498,2498.1784840277505,6.703210506682277e-05,2.08183339122466,-0.22123555407552678,623.2382252417801,10142,-0.00042735881937983056,0.0021112393019953046,-0.0006659392070681447
35,21,10,14095.60307212533,12940.458255471329,2498,2498.476323668592,6.702857473276567e-05,2.0819255423385195,-0.22127757401842502,623.2400770545319,10143,-0.00036912620852846967,0.0022307137324675264,-0.0006170037442183585
35,21,11,14096.486816308727,12941.16553502573,2499,2498.746548236093,6.702488439105269e-05,2.0820290415630285,-0.22131847743840183,623.2457465172482,10144,-0.0003064529078022904,0.002339110741712336,-0.0005623810139940844
35,21,12,14097.431387839257,12941.9496915467,2499,2498.978516295251,6.70210601863458e-05,2.082144533933992,-0.22135732682067447,623.2617612288279,10144,-0.00023946585804002218,0.002432161658901588,-0.0005018211267018291
35,21,13,14098.435932248312,12942.814365545933,2499,2499.163316511088,6.701712161789636e-05,2.0822727353611703,-0.22139326663685854,623.3160234075383,10145,-0.0001682256563793061,0.002506291819936779,-0.00043504292804164013
35,21,14,14099.500533839773,12943.76358582218,2499,2499.293576896642,6.701307790870298e-05,2.0824144292672644,-0.22142552723914843,623.4477703191898,10146,-9.272632416446047e-05,0.002558544049805045,-0.00036173527656169213
35,21,15,14100.626172358336,12944.801726179909,2499,2499.3635775285666,6.700892651583608e-05,2.082570458907025,-0.22145342546190844,623.5867753807676,10147,-1.2898379937675841e-05,0.0025866238769505223,-0.0002815603862480476
35,21,16,14101.81462987008,12945.933423262952,2499,2499.369370966452,6.700465238880976e-05,2.08274171333701,-0.22147636343582938,623.6788898317097,10147,7.13845567235083e-05,0.002588947837890876,-0.00019416017217710468
35,21,17,14103.06834140542,12947.163439722412,2499,2499.308869078858,6.70002278784391e-05,2.08292910438328,-0.22149382721559327,623.710556682899,10148,0.00016029517311522135,0.0025646783063324463,-9.916681796728888e-05
35,21,18,14104.390178289905,12948.496452442834,2499,2499.1818992193566,6.699561344113872e-05,2.083133531185367,-0.22150538683253337,623.6788898358622,10149,0.00025403709767735094,0.0025137460274451406,3.7808690684926205e-06
35,21,19,14105.78314756466,12949.936740335368,2499,2498.990230762932,6.699075930261066e-05,2.0833558280105944,-0.2215106993658822,623.5867753817188,10150,0.00035282358351729215,0.002436860762588644,0.00011501334639607563
35,21,20,14107.249985035585,12951.487740729217,2499,2498.737570623382,6.698560826852359e-05,2.0835966901080116,-0.2215095165938191,623.4477703179796,10151,0.00045684864830297656,0.0023355094911781116,0.00023479607666709867
35,21,21,14108.792614138807,12953.151438626397,2498,2498.4296591773928,6.698010057348274e-05,2.0838565715672566,-0.22150169871343295,623.3160234066742,10152,0.0005662486981268255,0.0022119948893559727,0.0003632823602688351
35,21,22,14110.411439386304,12954.927550808465,2498,2498.074332180844,6.697418031845441e-05,2.0841355487712314,-0.22148723543885449,623.2617612298214,10153,0.0006810524201379398,0.0020694601668989066,0.0005004503244288028
35,21,23,14112.104444392613,12956.812470363988,2498,2497.680226018764,6.696779700606443e-05,2.084433143632855,-0.22146627538218977,623.2457465189328,10154,0.0008011168164701044,0.0019113696953720893,0.0006460214097729899
35,21,24,14113.866075063195,12958.797952244791,2497,2497.258394322476,6.696092392584558e-05,2.0847481033336592,-0.22143916383015969,623.2400770536248,10155,0.0009260480022816875,0.0017421574927023453,0.0007993588567070109
35,21,25,14115.685917405654,12960.869556997637,2497,2496.8205804363406,6.695356151119115e-05,2.0850781393524436,-0.22140648767126275,623.2382252448036,10157,0.0010551074388767123,0.001566534246075335,0.0009593475158475862
35,21,26,14117.54724299624,12963.00494513996,2496,2496.3793961052593,6.694575172558891e-05,2.085419640984087,-0.22136912420803137,623.2383411072182,10158,0.001187108781210533,0.0013895589900609906,0.0011242621237934625
35,21,27,14119.425626324464,12965.172261383994,2496,2495.9484713207094,6.693759214393683e-05,2.0857674024397372,-0.22132828813275782,623.2398325441575,10159,0.0013203198228455282,0.0012166992153681555,0.0012916425178286506
35,21,28,14121.288110817923,12967.329136027856,2496,2495.5405653459457,6.692923645557765e-05,2.0861144488622623,-0.22128556924186918,623.2426350451582,10160,0.0014524033521625679,0.0010530731316025221,0.001458216514017785
35,21,29,14123.094018679982,12969.423451284974,2495,2495.169507846431,6.692090457429024e-05,2.0864521445800617,-0.22124295650806472,623.2471239413741,10161,0.0015804745843688295,0.0009042283260498607,0.0016199590903194228
35,21,30,14124.800203521641,12971.398668832977,2495,2494.8476994364087,6.691284501302833e-05,2.086771023689746,-0.2212028657711935,623.2544335093321,10162,0.001701473667231168,0.0007751391410109054,0.0017725038296483309
35,21,31,14126.379844973373,12973.212523476821,2495,2494.589353522638,6.690525329603734e-05,2.0870637123697007,-0.2211682884395965,623.2677242012085,10163,0.0018134985558855288,0.0006715070965139791,0.001912586619063683
35,21,32,14127.896794041235,12974.909241445595,2494,2494.417617511462,6.689791981365805e-05,2.0873361551539884,-0.22114371315011816,623.2975578845718,10164,0.0019210774309748047,0.0006026174682940422,0.002043623020863139
35,21,33,14129.933430106195,12977.029705349198,2494,2494.4105137575634,6.688824796421156e-05,2.087671097875761,-0.22114155409900546,623.3944742493932,10166,0.0020655114277887687,0.0005997678914249072,0.002207385039765253
35,21,34,14138.501128290924,12985.3030669842,2495,2495.2446439780633,6.684869482696455e-05,2.088953117950816,-0.22125948470769574,624.032255969641,10172,0.0026731147760781226,0.0009343681909426138,0.002846331263821833
35,22,0,14091.205267389421,12937.249773209225,2497,2496.7647168019944,6.704570943271083e-05,2.0814626544903527,-0.22102186632159815,623.7180955793493,10139,-0.0006810093800697636,0.0015441252884269563,-0.0008647926983057497
35,22,1,14090.855596003437,12937.1872163658,2496,2495.9784132570294,6.705038341109449e-05,2.0814567125539365,-0.2209706724106004,623.1304223216436,10139,-0.0007058073480121774,0.001228710026887292,-0.0008696239217743651
35,22,2,14090.980202239978,12937.293855981525,2496,2495.9689782461955,6.70502182999285e-05,2.0814722158496157,-0.2209755296109825,623.041402957145,10139,-0.0006969705326963505,0.0012249252971492375,-0.0008613882150800833
35,22,3,14091.245917667457,12937.477795790697,2496,2496.1030312188805,6.704904775389032e-05,2.0814983794830524,-0.22099278353118573,623.0142948655821,10139,-0.000678126546838409,0.0012786988731561255,-0.000847182665787094
35,22,4,14091.614567639168,12937.729805061266,2496,2496.306400449351,6.704730494476333e-05,2.081534190200129,-0.22101720973759967,623.0026172168272,10140,-0.0006519826570410281,0.001360277748678973,-0.0008277201572010062
35,22,5,14092.0757426824,12938.048976453156,2497,2496.556648122944,6.704510584376857e-05,2.0815796483165454,-0.22104710702022856,622.9967288553961,10140,-0.0006192770814741344,0.0014606612912961836,-0.0008030707625931166
35,22,6,14092.623982536994,12938.436251007211,2497,2496.8400067720263,6.70425126975955e-05,2.0816350014597935,-0.22108133555269585,622.9938521081463,10140,-0.0005803970504395517,0.0015743268635579621,-0.0007731618060040635
35,22,7,14093.255180580623,12938.893352382693,2497,2497.1436144492463,6.703957153492047e-05,2.081700618435813,-0.22111885551182112,622.9931733907418,10141,-0.0005356337970575664,0.0016961150654921653,-0.0007378601703739163
35,22,8,14093.965908139227,12939.422560760158,2497,2497.4552942349374,6.703632634989727e-05,2.0817769630591796,-0.22115864284260675,622.9947930416721,10142,-0.00048523047576654044,0.0018211412869175714,-0.0006969897588726681
35,22,9,14094.753363873804,12940.026674877041,2498,2497.763572054282,6.703282082172707e-05,2.0818645905270303,-0.22119968461237638,622.9997419998228,10142,-0.00042938575170625715,0.0019448028545629992,-0.0006503344268673494
35,22,10,14095.615477482826,12940.709028947775,2498,2498.056418633114,6.702908970872063e-05,2.0819641504881177,-0.22124099288802737,623.0110347141053,10143,-0.0003682464463580226,0.002062274384285523,-0.0005976366751916373
35,22,11,14096.551040233788,12941.47352760162,2498,2498.322826633092,6.702516351818176e-05,2.0820763923690917,-0.22128162073771956,623.0379336604321,10144,-0.00030189828051896406,0.0021691404279748916,-0.0005385949519211009
35,22,12,14097.559820451035,12942.324684535402,2499,2498.552935522466,6.702106560800786e-05,2.082202171146963,-0.22132067532861813,623.109936418229,10144,-0.00023035768414503277,0.002261445563808584,-0.00047286066724783193
35,22,13,14098.642648464498,12943.267656162116,2499,2498.7381443553872,6.701680943785875e-05,2.082342452336808,-0.22135732682066708,623.2617612334932,10145,-0.00015356577196323773,0.0023357396361796123,-0.0004000355948211576
35,22,14,14099.801464251015,12944.30826190578,2499,2498.870766651116,6.701239391315295e-05,2.08249831489026,-0.22139081325202062,623.4403824530028,10146,-7.138496484826451e-05,0.002388939315058236,-0.00031967030438917465
35,22,15,14101.039322697305,12945.452980725146,2499,2498.9450544828196,6.700780624844593e-05,2.0826709503041227,-0.2214204422901717,623.5870114530891,10147,1.640138341674202e-05,0.002418738895660466,-0.00023126443027077226
35,22,16,14102.360349483008,12946.708909770774,2499,2498.956997033964,6.700301928259895e-05,2.082861655591182,-0.22144559105307365,623.6800775113347,10148,0.00011008585745719834,0.0024235294920107453,-0.00013426986424180942
35,22,17,14103.76963608491,12948.083665771977,2499,2498.904426890007,6.699799116835525e-05,2.083071816857932,-0.22146570537479335,623.7118024692898,10149,0.00021002953422444293,0.0024024416744476973,-2.8098371356533036e-05
35,22,18,14105.273055750273,12949.585202674649,2499,2498.787095424204,6.699266588397576e-05,2.08330287903849,-0.22148030000224753,623.6800775133244,10150,0.00031664893220795243,0.0023553757096430594,8.786432634355634e-05
35,22,19,14106.876973724522,12951.221510141982,2499,2498.6067170094634,6.698697478246074e-05,2.0835562958271545,-0.22148896131408527,623.5870114501054,10151,0.0004303954613833483,0.002283019295601818,0.0002142352652405588
35,22,20,14108.58781473849,12953.000146856775,2498,2498.3672345808504,6.698084074157514e-05,2.0838334520540753,-0.221491354272389,623.4403824538672,10152,0.0005517247503084022,0.0021869540885468552,0.00035159819738606046
35,22,21,14110.41143938568,12954.927550807883,2498,2498.0743321806376,6.69741803184333e-05,2.084135548771231,-0.22148723543885965,623.2617612309014,10153,0.0006810524200937529,0.002069460166816084,0.0005004503243839498
35,22,22,14112.352270012505,12957.008057661196,2498,2497.7352874836342,6.696690987858458e-05,2.0844634394497588,-0.22147647394771047,623.1099364204309,10154,0.0008186920943558107,0.0019334568733504476,0.0006611264868310318
35,22,23,14114.412099002919,12959.242551452327,2497,2497.3595787713825,6.695895823519295e-05,2.084817404552743,-0.2214590822091104,623.037933657799,10156,0.0009647708852391634,0.001782746295360127,0.0008336949582103959
35,22,24,14116.588514104993,12961.626676484475,2497,2496.958163678287,6.69502756293657e-05,2.08519685253075,-0.22143525761374197,623.0110347125084,10157,0.0011191177208507153,0.0016217239428786279,0.0010178193509511324
35,22,25,14118.872898496471,12964.148568792594,2497,2496.5425187302903,6.69408447952357e-05,2.085599940217318,-0.22140543535060397,622.9997420007724,10159,0.00128112151406512,0.0014549934724141789,0.0012125834189127271
35,22,26,14121.248031311281,12966.786145308188,2496,2496.1261396399727,6.693070746655555e-05,2.086023118812418,-0.2213703503528103,622.9947930420605,10160,0.0014495609968521173,0.0012879685104727479,0.0014162817013823048
35,22,27,14123.685475710035,12969.504168416885,2496,2495.721529628714,6.691996963151907e-05,2.0864606410784226,-0.22133110331538403,622.9931733909144,10162,0.001622419487665061,0.0011256645588499925,0.001626192820805894
35,22,28,14126.143303627503,12972.251688201855,2495,2495.341943980854,6.690882899295522e-05,2.086904127657224,-0.22128922260541214,622.9938521074989,10163,0.0017967235352602806,0.0009733987994455795,0.0018383819489471431
35,22,29,14128.565547405913,12974.961320244502,2495,2494.999938718266,6.689757617063631e-05,2.087342427033684,-0.22124671469593632,622.9967288552667,10165,0.001968504029671081,0.0008362079142743006,0.0020476450319129036
35,22,30,14130.887019065041,12977.554027685172,2495,2494.7070184348377,6.688657165354265e-05,2.087762351813363,-0.22120611535081358,623.0026172173019,10167,0.0021331379748255053,0.0007187068189282719,0.00224787810552729
35,22,31,14133.055029193401,12979.960683949954,2494,2494.476042776445,6.687614723867465e-05,2.0881520607187025,-0.22117065646640463,623.0142948658411,10168,0.0022868887471700905,0.0006260539901730144,0.002433742570399744
35,22,32,14135.11940253605,12982.209960087068,2494,2494.3286955080102,6.686618332442978e-05,2.088514806230065,-0.2211452268606899,623.041402954555,10169,0.002433289814069095,0.0005669475833558479,0.002607452672541255
35,22,33,14137.749441643718,12984.927288331337,2494,2494.343161527721,6.685373075029353e-05,2.0889466656540137,-0.22114311238889306,623.1304223228093,10171,0.0026198067213523135,0.0005727504357271318,0.002817310128046646
35,22,34,14148.132810378567,12995.00916987632,2495,2495.217854945038,6.680611650537761e-05,2.090518986850369,-0.22126742007087755,623.7180955796954,10178,0.0033561736513947338,0.0009236221248563048,0.0035959271435654916
35,23,0,14091.000356680544,12937.244546435924,2496,2496.2592365291325,6.704821928178373e-05,2.0814634962530674,-0.22098754241682964,623.3586659117818,10139,-0.0006955412216600454,0.0013413585662256367,-0.0008651963585363243
35,23,1,14090.705555406532,12937.195994041287,2496,2495.5738620547163,6.705234324637435e-05,2.0814592438378,-0.2209436246893284,622.829483809858,10139,-0.0007164479153025649,0.0010664296656950345,-0.0008689460277264693
35,23,2,14090.839295576994,12937.311134879392,2496,2495.575630965228,6.705206210372969e-05,2.0814759533115916,-0.22094876818453388,622.7498888141172,10139,-0.0007069633403768982,0.0010671392407377578,-0.0008600537772740502
35,23,3,14091.109555247782,12937.506152149464,2496,2495.70814634883,6.705081441012092e-05,2.08150375088192,-0.22096513069114992,622.7263225266057,10139,-0.0006877970862282368,0.0011202960332317158,-0.0008449927230332888
35,23,4,14091.483252486996,12937.772899282707,2496,2495.9058527667203,6.704899020645709e-05,2.0815417558185065,-0.22098818739491471,622.7170907167408,10140,-0.000661295254709704,0.0011996033464267697,-0.0008243920191014498
35,23,5,14091.951809825885,12938.110978408462,2496,2496.148403982143,6.704669510619856e-05,2.0815900415035853,-0.22101646336650868,622.7137227899752,10140,-0.0006280661420779987,0.0012968995566997599,-0.0007982823927653593
35,23,6,14092.511111588525,12938.521814038344,2496,2496.422735340998,6.704398578035025e-05,2.0816489308409354,-0.22104896320603887,622.7140676418186,10140,-0.0005884016235156997,0.00140694395094898,-0.0007665538299390651
35,23,7,14093.158344986025,12939.0076886038,2497,2496.7175002478048,6.704090970606622e-05,2.0817188821013404,-0.22108476903676225,622.7180473670888,10141,-0.0005425011761649445,0.0015251849925526084,-0.0007290300599578359
35,23,8,14093.891419526373,12939.571555994293,2497,2497.0208533758214,6.703750699483862e-05,2.08180046813786,-0.22112296642189477,622.7271184421303,10141,-0.0004905130533742197,0.0016468710854424806,-0.0006854829559004294
35,23,9,14094.708946054443,12940.217033274515,2497,2497.3211335748724,6.703381474118018e-05,2.081894377304894,-0.22116264002086086,622.7454321360664,10142,-0.00043253577113799846,0.0017673245135432225,-0.0006356331742629617
35,23,10,14095.61036087679,12940.948448034136,2498,2497.6073488761444,6.702986693139489e-05,2.0820014214460647,-0.22120288588332493,622.7842145175715,10143,-0.0003686093054238171,0.001882135994027534,-0.0005791464981697025
35,23,11,14096.596082535469,12941.770907905795,2498,2497.8689878213977,6.702568990340081e-05,2.08212254693976,-0.22124282602019274,622.8718204112071,10143,-0.00029870397409903493,0.0019870889945250436,-0.0005156284685441381
35,23,12,14097.667664116054,12942.690379810823,2498,2498.095964164635,6.702129829846708e-05,2.0822588472516785,-0.22128162073772112,623.0379336597415,10144,-0.00022270963556247914,0.002078137550930448,-0.0004446182640150953
35,23,13,14098.827926890104,12943.713771577623,2498,2498.2796710452467,6.701669683017745e-05,2.0824115759716917,-0.2213184774383974,623.2457465200991,10145,-0.00014042621109910947,0.002151829135008665,-0.00036558239758321953
35,23,14,14100.081068264864,12944.849008562212,2498,2498.4128605614333,6.701187644355185e-05,2.0825821591886897,-0.22135265588394376,623.4385621908116,10146,-5.155602931072867e-05,0.0022052563468677455,-0.0002779087992668128
35,23,15,14101.432737714904,12946.105095260073,2498,2498.489833302248,6.700681253779788e-05,2.0827722055725,-0.22138347052133872,623.5880476194181,10147,4.430155879719955e-05,0.0022361329432292187,-0.00018090205786081004
35,23,16,14102.890071414648,12947.492147227656,2499,2498.506608260487,6.700146369983408e-05,2.0829835117208915,-0.22141029079459093,623.6815894093452,10148,0.00014765263588323307,0.0022428619957359786,-7.378095565868659e-05
35,23,17,14104.461670215416,12949.021371562394,2498,2498.460986157732,6.69957706536629e-05,2.083218059135393,-0.22143254056957648,623.7133540619363,10149,0.0002591071564470582,0.0022245612929543412,4.432002403031987e-05
35,23,18,14106.157496394271,12950.704964233953,2498,2498.3527728726563,6.698965697731832e-05,2.083477997513743,-0.22144969797222547,623.6815894112484,10150,0.00037937162447243544,0.0021811529656834416,0.00017434276784378255
35,23,19,14107.98865192464,12952.555879096168,2498,2498.183717585655,6.698302959982993e-05,2.0837656067709567,-0.22146129713491622,623.5880476171263,10151,0.0005092333688407891,0.0021133386744904836,0.0003172876933088542
35,23,20,14109.966984205192,12954.587405619359,2498,2497.957604793997,6.697578168421788e-05,2.0840832272211407,-0.2214669335932491,623.4385621919354,10153,0.0006495325824422693,0.0020226365203732666,0.0004741811373925042
35,23,21,14112.104444392755,12956.812470364115,2498,2497.6802260190148,6.696779700607985e-05,2.0844331436328556,-0.22146627538219626,623.2457465174642,10154,0.0008011168164800964,0.0019113696954724535,0.000646021409782982
35,23,22,14114.412099003246,12959.242551452653,2497,2497.359578772576,6.695895823520634e-05,2.0848174045527412,-0.22145908220910426,623.0379336607775,10156,0.0009647708852624781,0.001782746295838633,0.0008336949582354869
35,23,23,14116.898670059532,12961.886069059388,2497,2497.005324796668,6.694915498863198e-05,2.0852375538901162,-0.22144523533196778,622.8718204140113,10157,0.0011411133365233361,0.0016406420014121181,0.0010378520672278402
35,23,24,14119.568459003285,12964.746095505225,2497,2496.628177759285,6.693829593701926e-05,2.0856942485146117,-0.22142478073094438,622.7842145186498,10159,0.0013304492195662654,0.0014893544583292062,0.0012587300100628251
35,23,25,14122.418509027822,12967.817231864918,2496,2496.240917077298,6.69263343474877e-05,2.0861867362089646,-0.2213979874850578,622.7454321358076,10161,0.00153256884380637,0.0013340099605521072,0.0014959118313297992
35,23,26,14125.434910234162,12971.081557471303,2496,2495.856326890264,6.691328364643356e-05,2.0867121782329034,-0.22136542147516985,622.7271184429496,10163,0.0017464857481184204,0.0011797366964854117,0.001748013529806025
35,23,27,14128.588319493454,12974.503744607353,2495,2495.487384710065,6.68992493021401e-05,2.0872648314319955,-0.22132803122695172,622.7180473641566,10165,0.0019701189787904028,0.001031740423283134,0.0020123067693693653
35,23,28,14131.829208255467,12978.025899799095,2495,2495.1474249129924,6.688446213570845e-05,2.087835181370407,-0.2212872382758369,622.7140676409994,10167,0.002199956073979159,0.0008953700495348826,0.0022843204754767754
35,23,29,14135.08446577747,12981.563835081133,2495,2494.8473829963077,6.686928902636834e-05,2.0884093020219954,-0.22124502244801234,622.713722787043,10170,0.002430812171762664,0.0007750122052518904,0.002557552867477275
35,23,30,14138.260015924876,12985.0094852148,2495,2494.5975975000497,6.685423380375894e-05,2.0889691969235815,-0.2212040082895469,622.717090713593,10172,0.0026560155882022762,0.0006748140589565299,0.0028236581387628412
35,23,31,14141.264323833657,12988.254141720894,2494,2494.4086919774977,6.683982456550939e-05,2.0894964440356545,-0.2211676611625598,622.726322529495,10174,0.002869074860985865,0.0005990371084598767,0.0030742408056874115
35,23,32,14144.116993783899,12991.29487558561,2494,2494.2993354639502,6.682610668313237e-05,2.0899889378028753,-0.22114128993625357,622.7498888145053,10176,0.003071380284911829,0.0005551701902164474,0.0033090746624599987
35,23,33,14147.579782308017,12994.847256203986,2494,2494.3477606827096,6.680975977491397e-05,2.090556967801417,-0.2211390750559435,622.8294838118422,10178,0.0033169540500361805,0.0005745953258879943,0.0035834226581912265
35,23,34,14160.314879096868,13007.273702584924,2495,2495.2834010978536,6.675162374522799e-05,2.09250759438587,-0.22126934663965217,623.3586659113497,10187,0.004220100645873082,0.0009499150966554293,0.004543108858773959
35,24,0,14090.78959471704,12937.228313508613,2496,2495.7423124262764,6.70510057365598e-05,2.081462916584663,-0.2209536838559429,622.968061466187,10139,-0.0007104880220674126,0.0011340013030636253,-0.000866450016730913
35,24,1,14090.54896122824,12937.19505794406,2495,2495.157299992879,6.705455222016455e-05,2.0814605253100855,-0.2209167559329577,622.5042146209175,10139,-0.000727553248964119,0.0008993313071496978,-0.0008690183218935665
35,24,2,14090.691624930412,12937.318676050018,2495,2495.169987832342,6.705415102711127e-05,2.0814784378547904,-0.22092215445068736,622.4355181515077,10139,-0.0007174358357161514,0.0009044208660462516,-0.0008594713776753915
35,24,3,14090.966194944622,12937.524498802208,2495,2495.3004582524363,6.705282377575969e-05,2.0815078334085717,-0.22093762327824146,622.4165760851831,10139,-0.000697963900970433,0.0009567573484909886,-0.0008435758232273605
35,24,4,14091.344581723184,12937.805593584271,2495,2495.4918172516423,6.705091533584745e-05,2.0815479811472732,-0.220959303444678,622.4111464954171,10139,-0.0006711294970680459,0.001033518478679163,-0.0008218670599066114
35,24,5,14091.819970656048,12938.16211408967,2496,2495.7263534853464,6.704852313789169e-05,2.0815990333862833,-0.22098592913585352,622.4122834933356,10140,-0.0006374159019904013,0.0011275995851016685,-0.0007943332180690987
35,24,6,14092.389529898594,12938.595997320344,2496,2495.9916620519666,6.704569782550373e-05,2.0816613926254197,-0.22101663513244812,622.4189632035648,10140,-0.0005970239442721903,0.0012340246056488091,-0.0007608247043413563
35,24,7,14093.051696069711,12939.110116339238,2496,2496.2766375300143,6.70424816856534e-05,2.0817356115683863,-0.2210506132762393,622.4328268726853,10141,-0.0005500644956524248,0.00134833874745377,-0.0007211196339805825
35,24,8,14093.80570027015,12939.708141365965,2497,2496.5703659174965,6.703891379164903e-05,2.0818223788954366,-0.22108704924985337,622.45886380997,10141,-0.0004965920848679639,0.001466164003046888,-0.000674934558363649
35,24,9,14094.651587309709,12940.394568017655,2497,2496.862108594483,6.70350299935695e-05,2.0819225257967777,-0.22112511918508634,622.5091780359979,10142,-0.00043660353410102104,0.0015831927171525706,-0.0006219222839656258
35,24,10,14095.590369566797,12941.174802631045,2497,2497.1406307260413,6.703085655148069e-05,2.0820370401019765,-0.22116400067346406,622.6092733782025,10143,-0.0003700270475789358,0.0016949181844134742,-0.000561665282990953
35,24,11,14096.62421939415,12942.055275835544,2497,2497.3956538936773,6.702641366403123e-05,2.082167084602608,-0.22120288588333553,622.7842145174421,10143,-0.0002967085665604996,0.0017972173532696534,-0.0004936669222015411
35,24,12,14097.756669530236,12943.043575031546,2498,2497.617935131817,6.702171182798147e-05,2.08231401846976,-0.22124099288802024,623.0110347125515,10144,-0.00021639755657620885,0.0018863825303976345,-0.0004173412317044489
35,24,13,14098.992810609654,12944.148591141378,2498,2497.798970231833,6.701674640142242e-05,2.0824794211758544,-0.22127757401841786,623.2400770538407,10145,-0.00012873300040039393,0.001959002365046869,-0.00033200157147350584
35,24,14,14100.339480700022,12945.380674916572,2498,2497.9314493566835,6.7011496253891e-05,2.0826651182062714,-0.2213119211203444,623.4386733206741,10146,-3.322995648979976e-05,0.0020121446128222864,-0.00023684855984262843
35,24,15,14101.805441716171,12946.751795237817,2498,2498.0097738057925,6.700592310572145e-05,2.082873207340558,-0.22134336809986294,623.5896080939323,10147,7.073295194470752e-05,0.002043563429078299,-0.00013095784810579492
35,24,16,14103.401533855542,12948.27568663244,2498,2498.030032203085,6.699996860470157e-05,2.0831060833876074,-0.22137129142202086,623.6834431053816,10148,0.00018392448917570192,0.0020516898170632736,-1.3268727839688133e-05
35,24,17,14105.140791820537,12949.967964869731,2498,2497.990150086349,6.69935529152966e-05,2.0833664578558384,-0.22139510943176108,623.7152403767835,10149,0.0003072690492063046,0.002035691633713421,0.00011742479644616388
35,24,18,14107.038494916795,12951.846176969108,2498,2497.8900117653984,6.698657401001413e-05,2.0836573679301433,-0.22141428156275048,623.6834431039109,10151,0.00044185020863607427,0.0019955224714414133,0.0002624778694071406
35,24,19,14109.112105727556,12953.929733594892,2498,2497.7315514563184,6.697890796068028e-05,2.0839821660460562,-0.22142830874271882,623.5896080932836,10152,0.0005889063775745829,0.0019319582154333492,0.00042338956375642667
35,24,20,14111.381027332944,12956.239645787362,2498,2497.5188074855737,6.697041065859596e-05,2.0843444769756534,-0.2214367366374815,623.4386733190316,10154,0.0007498135821371044,0.0018466187869097261,0.0006017825481798855
35,24,21,14113.866075063332,12958.79795224493,2497,2497.258394320371,6.696092392585028e-05,2.084748103333663,-0.22143916383017112,623.2400770530201,10155,0.0009260480022914575,0.0017421574918579097,0.000799358856717669
35,24,22,14116.588514104615,12961.62667648413,2497,2496.9581636797916,6.695027562940029e-05,2.085196852530748,-0.2214352576137358,623.0110347110408,10157,0.0011191177208238479,0.001621723943482145,0.001017819350924487
35,24,23,14119.568459003322,12964.74609550525,2497,2496.628177758929,6.693829593699243e-05,2.085694248514607,-0.22142478073093583,622.7842145195556,10159,0.0013304492195687079,0.0014893544581864315,0.0012587300100648235
35,24,24,14122.822369331998,12968.17203794383,2496,2496.28061716338,6.69248341065252e-05,2.0862430809813217,-0.22140763295841293,622.6092733773403,10161,0.0015612097772015332,0.0013499351247141522,0.001523313269148563
35,24,25,14126.359320648287,12971.911874932834,2496,2495.928340345349,6.690977617422515e-05,2.0868447356183957,-0.22138391154297826,622.5091780339727,10164,0.0018120430134078713,0.0012086239410051824,0.0018121383958782378
35,24,26,14130.175715150235,12975.958857775833,2496,2495.5848038609756,6.689307901988028e-05,2.0874982475006116,-0.22135399353363877,622.4588638122535,10166,0.002082693779550615,0.0010708188264778595,0.0021246841929116744
35,24,27,14134.248205578353,12980.284580890095,2495,2495.2641216100656,6.687481551242755e-05,2.0881990404534228,-0.22131864019323316,622.4328268701865,10169,0.0023715063365115086,0.0009421813852636962,0.002458756915960425
35,24,28,14138.52505036583,12984.829821786452,2495,2494.9786363594008,6.685521570864156e-05,2.0889373929736763,-0.22127911852073834,622.418963204168,10172,0.0026748112799113155,0.0008276627549195226,0.0028097828515207812
35,24,29,14142.917469026112,12989.49539926269,2495,2494.738955326547,6.683472000774782e-05,2.0896968969849445,-0.22123732997673098,622.412283492991,10175,0.0029863124821634113,0.0007315178804014888,0.003170102301219835
35,24,30,14147.296578393894,12994.13870929551,2495,2494.553354194111,6.681399876754512e-05,2.090453820957125,-0.2211959467509621,622.4111464939525,10178,0.0032968698170532384,0.0006570664422713701,0.0035287020510534894
35,24,31,14151.51508802037,12998.594964717164,2494,2494.428887579992,6.679385297058732e-05,2.091180413124892,-0.22115865354170836,622.4165760846231,10181,0.0035960377520776188,0.0006071383071426517,0.003872855697504951
35,24,32,14155.535806083355,13002.803401217881,2494,2494.3796783160237,6.677461865062677e-05,2.091864846793649,-0.22113119994861832,622.4355181517662,10183,0.0038811787205061954,0.0005873986621109939,0.004197870453289232
35,24,33,14160.209971311438,13007.566921187496,2494,2494.4828745149384,6.675262189170143e-05,2.092631106888466,-0.22112869234209415,622.5042146248819,10187,0.0042126608037691415,0.0006287944516620847,0.004565753936700112
35,24,34,14176.078545405826,13023.11748547461,2496,2495.515492072664,6.668037669552168e-05,2.0950882359730567,-0.22126446752121848,622.968061465928,10198,0.005338027097543829,0.0010430153198319747,0.0057667136881953684
35,25,0,14090.577470136037,12937.202835586624,2495,2495.2261300437945,6.705396974060685e-05,2.0814611080808607,-0.22092083148047495,622.5623716044032,10139,-0.0007255314564756921,0.0009269415712140905,-0.0008684176597241189
35,25,1,14090.389540483691,12937.185747475576,2495,2494.738669019248,6.705692399097277e-05,2.0814606977811443,-0.22089053432071043,622.1689221051785,10139,-0.0007388590368299086,0.0007314030320173526,-0.0008697373631907368
35,25,2,14090.540781668422,12937.317678781914,2495,2494.761804106257,6.70564018514798e-05,2.0814797907288156,-0.22089615398488457,622.1126016401776,10139,-0.0007281333263461365,0.000740683366013517,-0.0008595483960286421
35,25,3,14090.819372965327,12937.533895709299,2495,2494.890229728966,6.705499690500862e-05,2.0815107274197966,-0.2209107387476746,622.0998143183316,10139,-0.0007083762105895008,0.0007921996050468394,-0.0008428501063340033
35,25,4,14091.20206248957,12937.828777068162,2495,2495.0753865686765,6.705300684143646e-05,2.081552940370453,-0.22093105676496694,622.100403013042,10139,-0.0006812366649061596,0.0008664728210296957,-0.0008200766148438454
35,25,5,14091.683713749324,12938.203056860853,2495,2495.3012207493325,6.705051585178525e-05,2.08160666489849,-0.220956033423258,622.1095067855533,10140,-0.000647078958620928,0.0009570632140303292,-0.0007911712350440192
35,25,6,14092.262704102659,12938.659201129118,2496,2495.556740547622,6.704757240236503e-05,2.081672385613746,-0.22098491897478914,622.1281925698036,10140,-0.0006060181661270425,0.0010595615997011087,-0.000755943516168589
35,25,7,14092.93865825057,12939.200692185032,2496,2495.831821236036,6.70442173545936e-05,2.0817507526275136,-0.22101700198523622,622.1617054140455,10141,-0.0005580809028498113,0.0011699065775867545,-0.0007141245215687153
35,25,8,14093.712091353207,12939.831945252201,2496,2496.1155492528856,6.704048391217305e-05,2.0818425750653886,-0.22105155750536154,622.2219199147024,10141,-0.0005032306347022564,0.001283720316840098,-0.0006653732664578804
35,25,9,14094.584478119814,12940.558379852795,2496,2496.397348424618,6.703640256392601e-05,2.0819488342582484,-0.22108784516971086,622.3306956372188,10142,-0.0004413627783697027,0.0013967603254003702,-0.0006092712047385263
35,25,10,14095.558445211143,12941.386550290894,2497,2496.6671514343093,6.703199859692142e-05,2.0820707051924034,-0.2211251191850863,622.5091780349208,10143,-0.0003722910565306936,0.0015049882323083796,-0.0005453121518597115
35,25,11,14096.638008974352,12942.32431267059,2497,2496.914873489779,6.702728526640305e-05,2.082209583664386,-0.22116264002085811,622.7454321356782,10143,-0.00029573063819265943,0.0016043586566381052,-0.00047288938612033427
35,25,12,14097.828836567669,12943.381023755788,2497,2497.131131701785,6.702226308558673e-05,2.0823671187450703,-0.2211996846123732,622.9997420011608,10144,-0.00021127962027223113,0.0016911077765380256,-0.0003912802908585533
35,25,13,14099.138525166056,12944.567771612607,2497,2497.307757438426,6.701691808643279e-05,2.082545250686751,-0.22123555407551312,623.2382252430327,10145,-0.00011839922691125881,0.0017619588534205644,-0.00029962854209253376
35,25,14,14100.576898726924,12945.897638175826,2497,2497.4378417656667,6.701121783422199e-05,2.082746254364717,-0.22126957875722247,623.4398259496294,10146,-1.6392763467876215e-05,0.0018141404598264188,-0.00019692383068803387
35,25,15,14102.156321722765,12947.38599167211,2498,2497.51598615269,6.700510868897332e-05,2.0829727879445428,-0.2213011208302565,623.5916396379737,10147,9.561663274881838e-05,0.001845487046559402,-8.19792787069007e-05
35,25,16,14103.892025641731,12949.05080200817,2498,2497.5384205653145,6.699851267834686e-05,2.0832279456595524,-0.22132957486675228,623.6856839565534,10148,0.0002187091472216629,0.0018544863142986312,4.659291781061725e-05
35,25,17,14105.8024366434,12950.912963944245,2498,2497.5031231232138,6.699132478267353e-05,2.0835153121834415,-0.22135436700328573,623.7175113548742,10150,0.0003541915248914673,0.0018403272125075976,0.00019040644731993517
35,25,18,14107.90947975848,12952.996599072709,2497,2497.4103731814002,6.698341301620192e-05,2.083839013777614,-0.22137495349980654,623.6856839526604,10151,0.0005036186433668988,0.001803121800752372,0.00035132420437911094
35,25,19,14110.238814089505,12955.32928573542,2497,2497.262352374681,6.697461458062708e-05,2.0842037577183263,-0.22139081974399727,623.5916396365467,10153,0.0006688101928709056,0.0017437452129658304,0.0005314760460126688
35,25,20,14112.819920885713,12957.942132126518,2497,2497.0635135238126,6.696473732457823e-05,2.084614845822153,-0.22140148111656835,623.4398259471658,10155,0.0008518569223254779,0.0016639836392675633,0.0007332644373927444
35,25,21,14115.68591740579,12960.869556997774,2497,2496.8205804367863,6.695356151118696e-05,2.085078139352442,-0.22140648767125648,623.2382252412186,10157,0.0010551074388862602,0.001566534246254081,0.0009593475158580222
35,25,22,14118.872898496482,12964.148568792594,2497,2496.5425187302903,6.694084479521915e-05,2.085599940217316,-0.2214054353505998,622.9997420031461,10159,0.0012811215140660082,0.0014549934724141789,0.0012125834189127271
35,25,23,14122.41850902785,12967.817231864965,2496,2496.2409170786864,6.692633434749057e-05,2.0861867362089654,-0.2213979874850656,622.7454321377483,10161,0.0015325688438083684,0.001334009961108995,0.001495911831333352
35,25,24,14126.359320648096,12971.911874932648,2496,2495.9283403455483,6.690977617422838e-05,2.0868447356183926,-0.2213839115429755,622.5091780343605,10164,0.0018120430133943266,0.0012086239410848965,0.001812138395864027
35,25,25,14130.72643038639,12976.46243785203,2496,2495.619076780093,6.689094723803754e-05,2.0875790899327953,-0.22136313725123322,622.330695634764,10167,0.002121749359500713,0.0010845669544321535,0.0021635753477275976
35,25,26,14135.538542306602,12981.485196735359,2495,2495.32858848548,6.686969555488688e-05,2.088392677330961,-0.22133584265041087,622.2219199176731,10170,0.002463014335462921,0.0009680414192156928,0.0025514796802632578
35,25,27,14140.79171837222,12986.972041076406,2495,2495.071636464425,6.684599219709354e-05,2.08928430884042,-0.221302573243221,622.1617054147772,10174,0.002835558663916604,0.0008649685163359955,0.0029752250244612366
35,25,28,14146.445234205723,12992.875750255005,2495,2494.8614031772827,6.682000928065155e-05,2.090246264402098,-0.22126439477843918,622.1281925707505,10177,0.0032364942566487365,0.0007806362153144342,0.0034311645631894816
35,25,29,14152.40429730412,12999.092081159552,2495,2494.7082950964787,6.679221217091612e-05,2.091261289234439,-0.2212230730668069,622.1095067849939,10181,0.003659098626362267,0.0007192189348508293,0.003911247670174811
35,25,30,14158.50525445663,13005.444376780375,2495,2494.6183631575127,6.676343539938122e-05,2.0922999733008276,-0.22118127742404628,622.1004030152799,10186,0.0040917658274832736,0.0006831439276460127,0.004401831241893195
35,25,31,14164.526949415667,13011.69424820703,2495,2494.5936807561598,6.673483463209823e-05,2.0933222962794926,-0.2211428915301166,622.0998143196227,10190,0.00451881191858039,0.0006732429089770786,0.004884504661124112
35,25,32,14170.334666810866,13017.683012075337,2495,2494.641303201963,6.670722626572211e-05,2.094300030475975,-0.22111413076422753,622.1126016371219,10194,0.004930683165577765,0.0006923460229011358,0.005347012917046756
35,25,33,14176.847120809534,13024.279341807156,2495,2494.835366754789,6.667669009308612e-05,2.0953672142225246,-0.22111107348805026,622.1689221069863,10198,0.00539253286777952,0.0007701920489833203,0.005856443081074358
35,25,34,14197.03956162546,13044.138141418285,2496,2496.02659789061,6.658489860947597e-05,2.098525855634634,-0.2212518505098889,622.5623716045325,10212,0.006824538802787883,0.0012480386549984512,0.0073901249851924256
35,26,0,14090.368632466258,12937.170179609559,2495,2494.722432946028,6.70570094432559e-05,2.081458306074296,-0.22088950968484156,622.1592980530351,10139,-0.0007403417899713993,0.000724890146104773,-0.0008709396591434215
35,26,1,14090.2311448453,12937.16965696666,2494,2494.3282898933057,6.7059373741076e-05,2.0814599375514624,-0.2208654129101099,621.8391773015484,10138,-0.000750092126297619,0.0005667848763848404,-0.000870980022507295
35,26,2,14090.39048430258,12937.309591329922,2494,2494.361149911211,6.705873238741263e-05,2.081480167672015,-0.22087121864859044,621.7967545646881,10139,-0.0007387921031559719,0.0005799662377155013,-0.0008601729845744144
35,26,3,14090.672769483253,12937.535656054939,2494,2494.4870836532577,6.705725065509727e-05,2.081512568092453,-0.2208849432575567,621.7922869515685,10139,-0.0007187730248398028,0.000630482891797346,-0.0008427141560094498
35,26,4,14091.059371584184,12937.843601503566,2495,2494.6659241058214,6.705518097527753e-05,2.0815567434434663,-0.22090393818454127,621.8023118834765,10139,-0.0006913560073495972,0.0007022223726638188,-0.0008189317335436375
35,26,5,14091.546725504493,12938.234752892213,2495,2494.883406110406,6.705259547569331e-05,2.081613013674841,-0.22092730094671756,621.8248690233219,10139,-0.0006567938802300999,0.0007894624007618312,-0.000788723371593969
35,26,6,14092.134324400036,12938.71210505898,2495,2495.1292757263523,6.704953736392434e-05,2.0816819455850277,-0.22095438192793404,621.8644856749335,10140,-0.0006151225878147093,0.0008880897434908608,-0.0007518577808031113
35,26,7,14092.82290094954,12939.279751499875,2495,2495.3936787009225,6.704604266591536e-05,2.0817642871406044,-0.2209845528804528,621.9318491408712,10140,-0.0005662901700507206,0.0009941514977711563,-0.0007080188231931572
35,26,8,14093.614196004519,12939.942864069028,2496,2495.666908277633,6.704214486503146e-05,2.081860969853912,-0.22101716674469782,622.0450266030437,10141,-0.0005101731693670786,0.0011037539266938179,-0.0006568070799046755
35,26,9,14094.511084479598,12940.707812883533,2496,2495.9387252613237,6.703786980814759e-05,2.081973129497694,-0.22105155750535654,622.2219199169842,10142,-0.0004465677027936099,0.001212789712619733,-0.0005977305910253028
35,26,10,14095.517812841814,12941.582347755751,2496,2496.198932924935,6.703323486859254e-05,2.0821021358516556,-0.22108704924985742,622.4588638136754,10142,-0.0003751726197138705,0.001317168573427674,-0.0005301908436938785
35,26,11,14096.640290674932,12942.575826968357,2496,2496.437964235761,6.702824747599331e-05,2.0822496300901863,-0.22112296642188164,622.727118440233,10143,-0.0002955688247298083,0.001413052820552041,-0.000453465103954942
35,26,12,14097.88642514337,12943.6994952569,2497,2496.647238438983,6.70229022062867e-05,2.082417570412789,-0.22115864284260306,622.9947930417583,10144,-0.00020719555817483304,0.001497000397751247,-0.00036668494835057075
35,26,13,14099.266500868067,12944.966817551427,2497,2496.8186266782495,6.701717322625724e-05,2.0826082871139904,-0.22119342871071418,623.2383411081684,10145,-0.0001093234561073686,0.0015657505218722445,-0.0002688104892764054
35,26,14,14100.79361224604,12946.393876269589,2497,2496.945327234895,6.701101384005124e-05,2.082824548452831,-0.22122669537487089,623.4417677279544,10146,-1.0238911062332434e-06,0.0016165747734826486,-0.0001585996922989219
35,26,15,14102.484156397086,12947.999839548249,2497,2497.0221200100914,6.700435284768775e-05,2.083069638592217,-0.22125783793994805,623.5941854830876,10147,0.00011886598648525037,0.001647379179017916,-3.457221493918805e-05
35,26,16,14104.358393338382,12949.807505247287,2497,2497.045468858776,6.69970901188027e-05,2.083347448459019,-0.2212862759393568,623.6883976816387,10149,0.0002517829749768552,0.0016567452606814914,0.000105032606379174
35,26,17,14106.44107487994,12951.843919698173,2497,2497.01372811234,6.698909273670948e-05,2.083662579390439,-0.22131145244937325,623.7202551922494,10150,0.0003994824212909531,0.0016440128802888143,0.0002623035418720665
35,26,18,14108.76213268829,12954.141058412271,2497,2496.927332879345,6.698019121531944e-05,2.0840204574694896,-0.221332832182133,623.6883976809467,10152,0.0005640870170084966,0.001609356575881682,0.0004397100390447495
35,26,19,14111.35739524763,12956.736534427859,2497,2496.7889696865013,6.697017600400005e-05,2.084427452847453,-0.2213498993138293,623.5941854833903,10154,0.000748137643763247,0.0015538540120971778,0.0006401569278611241
35,26,20,14114.269267112055,12959.674262532042,2497,2496.603720059017,6.69587946813453e-05,2.0848909920751,-0.2213621561424731,623.4417677298993,10156,0.0009546415443986156,0.0014795435755270425,0.0008670357181621569
35,26,21,14117.547242996794,12963.004945140481,2496,2496.3793961028186,6.694575172557361e-05,2.0854196409840875,-0.2213691242080297,623.2383411108895,10158,0.001187108781250057,0.001389558989081996,0.0011242621238338746
35,26,22,14121.248031311803,12966.786145308699,2496,2496.126139639622,6.69307074665576e-05,2.0860231188124145,-0.22137035035279867,622.9947930398594,10160,0.0014495609968891987,0.0012879685103319716,0.0014162817014216067
35,26,23,14125.434910233967,12971.08155747112,2496,2495.856326889274,6.691328364642928e-05,2.086712178232911,-0.22136542147518537,622.727118441656,10163,0.0017464857481046536,0.001179736696088396,0.0017480135297918142
35,26,24,14130.175715150323,12975.95885777591,2496,2495.5848038622485,6.689307901989014e-05,2.0874982475006134,-0.22135399353364438,622.4588638123828,10166,0.0020826937795568323,0.00107081882698834,0.0021246841929174476
35,26,25,14135.538542306409,12981.485196735166,2495,2495.328588486631,6.686969555488893e-05,2.0883926773309582,-0.22133584265040673,622.2219199166829,10170,0.002463014335449376,0.0009680414196775455,0.0025514796802481587
35,26,26,14141.583846478516,12987.718985764854,2495,2495.105228300877,6.684277810226182e-05,2.0894053662497214,-0.2213109485309328,622.0450266039473,10174,0.0028917347428683016,0.0008784434369921712,0.0030329110666431625
35,26,27,14148.351153434667,12994.696173360446,2495,2494.932203016715,6.681208870466195e-05,2.090542462199245,-0.2212796216919546,621.9318491409572,10179,0.0033716580871323565,0.0008090366339752464,0.0035717546305309433
35,26,28,14155.838298763127,13002.408912388626,2495,2494.8253053948497,6.677761521057007e-05,2.0918027896436695,-0.22124268400701064,621.8644856757074,10184,0.0039026308726595182,0.000766156067590229,0.0041674043430179886
35,26,29,14163.971724299254,13010.77517763588,2495,2494.796117598738,6.673972090276808e-05,2.093172759711723,-0.2212017050396772,621.824869023709,10189,0.004479436507295764,0.0007544477694358953,0.004813525451343947
35,26,30,14172.5710446492,13019.602617370736,2495,2494.8493172605536,6.669932037052832e-05,2.09462028963343,-0.2211592928221851,621.8023118845513,10195,0.005089282433819342,0.0007757881097572028,0.005495262759043884
35,26,31,14181.333288418318,13028.57196371156,2495,2494.9812826576876,6.665796054140912e-05,2.096091814206756,-0.22111950742686826,621.792286954105,10201,0.005710682550613244,0.0008287242824576158,0.006187959419670985
35,26,32,14189.97273019591,13037.374168845347,2495,2495.188146146317,6.661718401319277e-05,2.097533924245333,-0.22108907088132435,621.7967545631833,10207,0.006323373805397603,0.0009117048333999733,0.006867747875890506
35,26,33,14199.4171753898,13046.886327153074,2496,2495.5365490037157,6.657309828724165e-05,2.0990810933567525,-0.22108511176889636,621.8391773030104,10214,0.006993154229359311,0.0010514620290671406,0.00760236554419591
35,26,34,14225.847283911233,13072.95306496764,2497,2496.992244854241,6.645309216764326e-05,2.103254489813561,-0.22123036049537664,622.1592980519589,10232,0.008867522593770216,0.0016353951556005164,0.009615482392567154
35,27,0,14090.167793605217,12937.132641379589,2494,2494.2425456466317,6.706002376458679e-05,2.0814547791687743,-0.22086021978298023,621.7773957513583,10138,-0.0007545848645760245,0.0005323897065252492,-0.0008738387117117608
35,27,1,14090.077668115337,12937.148572387387,2494,2493.935935476615,6.706181643228595e-05,2.081458448699813,-0.22084182386468182,621.530815569805,10138,-0.0007609763770028977,0.0004093970943390701,-0.0008726083705606902
35,27,2,14090.244500735778,12937.296053121181,2494,2493.977755287464,6.706106103231992e-05,2.0814797519817034,-0.2208477808149248,621.503779729735,10138,-0.00074914495430356,0.0004261725580398945,-0.0008612185314437193
35,27,3,14090.53014023342,12937.531297664504,2494,2494.1013379635506,6.705950727606249e-05,2.08151351983851,-0.22086068607861845,621.51043218421,10139,-0.0007288879947994209,0.0004757461131246199,-0.0008430507516079544
35,27,4,14090.920298044522,12937.851444369842,2494,2494.2736964989735,6.705735985695018e-05,2.0815595322314544,-0.22087842496203505,621.5344667619567,10139,-0.0007012188137340836,0.0005448854587084551,-0.0008183260341901866
35,27,5,14091.412841104922,12938.258395627907,2494,2494.482601349945,6.705468133206355e-05,2.0816181919365895,-0.22090024614912263,621.5775870264584,10139,-0.0006662886835844262,0.0006286848751397844,-0.0007868974588194355
35,27,6,14092.00826079669,12938.75565322088,2495,2494.7190342607637,6.705151293179887e-05,2.0816901448761285,-0.22092558400882198,621.6484313668371,10140,-0.0006240627565553547,0.000723526808487307,-0.0007484945851834457
35,27,7,14092.708299185615,12939.347904906233,2495,2494.9733217813996,6.704788579890155e-05,2.0817762344327915,-0.2209538798098098,621.7614605938619,10140,-0.0005744174889618092,0.000825530882284653,-0.0007027553808862663
35,27,8,14093.515846332426,12940.041072443724,2495,2495.235849532101,6.704382814451787e-05,2.0818775135103404,-0.2209845528804538,621.9318491394947,10141,-0.0005171479237033871,0.0009308404153258731,-0.0006492225123549966
35,27,9,14094.435124053945,12940.842482176933,2495,2495.4969154062724,6.703936209171508e-05,2.0819952731834954,-0.22101700198523502,622.1617054174029,10142,-0.00045195465830594195,0.0010355635359426962,-0.0005873301709409251
35,27,10,14095.471970880162,12941.761100409698,2496,2495.747411590885,6.703450304924971e-05,2.0821310813086544,-0.2210506132762376,622.4328268701865,10142,-0.00037842363635698373,0.0011360467654666362,-0.0005163858949537303
35,27,11,14096.63419364743,12942.807830231253,2496,2495.977636256634,6.70292489246455e-05,2.0822868312290526,-0.22108476903675517,622.7180473666145,10143,-0.0002960012132482426,0.0012283983434611123,-0.0004355476460536911
35,27,12,14097.93198672569,12943.995879867538,2496,2496.179036638866,6.702358387055179e-05,2.0824648024464567,-0.22111885551182137,622.9931733901376,10144,-0.00020396442545100868,0.0013091874415678273,-0.00034379536172424174
35,27,13,14099.378430976312,12945.341217690602,2496,2496.3440003721266,6.701747180981386e-05,2.082667735853682,-0.22115226920447234,623.2398325464035,10145,-0.00010138560546435471,0.0013753604601232094,-0.0002398958151975661
35,27,14,14100.990090118214,12946.863132419268,2496,2496.4661124022214,6.701085202109494e-05,2.082898926671224,-0.22118442138389954,623.4445022605134,10146,1.2909911231817617e-05,0.0014243440850298938,-0.00012235935153048771
35,27,15,14102.787726475415,12948.584920165871,2497,2496.5404880185984,6.700363476185691e-05,2.0831623387497884,-0.22121474073627842,623.5973812423138,10147,0.00014039454550496266,0.0014541788792921118,1.0613172559903461e-05
35,27,16,14104.797161442822,12950.534722480028,2497,2496.5637548108657,6.699569469175279e-05,2.0834627443130547,-0.2212426742199406,623.6917430954674,10149,0.0002828994970147658,0.0014635120451098604,0.00016119511025936006
35,27,17,14107.050307182144,12952.74653999403,2497,2496.534526565899,6.698686630756351e-05,2.0838058933008314,-0.2212676863007916,623.7236328670296,10150,0.00044268790994417273,0.0014517875214326015,0.00033201230781743085
35,27,18,14109.586392785213,12955.261442313042,2496,2496.453755175717,6.69769382209606e-05,2.0841987158078132,-0.2212892568661036,623.6917430933045,10152,0.0006225418299528052,0.0014193871471466224,0.0005262365435627636
35,27,19,14112.453395757831,12958.128981681495,2496,2496.3247874563135,6.696564542710704e-05,2.0846495589313703,-0.2213068782805569,623.5973812394597,10154,0.0008258637220361909,0.0013676534531981144,0.0007476947044215976
35,27,20,14115.709660531165,12961.408787903709,2496,2496.153453686399,6.695266142321332e-05,2.0851684543047,-0.22132005231473867,623.4445022597355,10156,0.001056791251990541,0.001298925178736976,0.0010009919605762363
35,27,21,14119.425626324079,12965.172261383641,2496,2495.9484713208526,6.693759214393852e-05,2.085767402439738,-0.22132828813276736,623.2398325472242,10159,0.0013203198228182167,0.001216699215425665,0.0012916425178015611
35,27,22,14123.685475710827,12969.504168417625,2496,2495.721529629488,6.691996963150116e-05,2.086460641078421,-0.22133110331538355,622.9931733903102,10162,0.0016224194877212383,0.0011256645591604109,0.0016261928208631815
35,27,23,14128.588319493583,12974.50374460748,2495,2495.487384708677,6.689924930211786e-05,2.087264831431997,-0.22132803122695227,622.7180473684256,10165,0.0019701189787995066,0.0010317404227264682,0.0020123067693791352
35,27,24,14134.248205578198,12980.284580889947,2495,2495.264121609738,6.687481551241278e-05,2.088199040453419,-0.22131864019322992,622.4328268712205,10169,0.0023715063365006284,0.0009421813851322458,0.0024587569159488787
35,27,25,14140.791718372771,12986.97204107694,2495,2495.0716364658156,6.684599219710695e-05,2.0892843088404214,-0.22130257324322763,622.1617054151216,10174,0.002835558663955684,0.0008649685168937715,0.002975225024502537
35,27,26,14148.351153434933,12994.696173360708,2495,2494.9322030195,6.681208870469943e-05,2.0905424621992417,-0.22127962169194737,621.9318491416024,10179,0.0033716580871512303,0.0008090366350923528,0.0035717546305511494
35,27,27,14157.050158074353,13003.576982066923,2495,2494.868737575678,6.677247457868851e-05,2.091993638874158,-0.22124985100390232,621.7614605935611,10185,0.003988573416302099,0.0007835783121712403,0.004257613588462439
35,27,28,14166.977354296429,13013.697559103895,2495,2494.9026002455,6.67267149471849e-05,2.0936517798006955,-0.22121380096333862,621.6484313707048,10191,0.004692589539840419,0.0007971618740496567,0.005039219031126807
35,27,29,14178.142266090197,13025.05941035559,2495,2495.0501927923606,6.667478991612244e-05,2.0955171326905977,-0.22117278006586072,621.5775870280052,10199,0.005484381879274247,0.0008563666710614815,0.005916687256962705
35,27,30,14190.409762702,13037.516254529339,2495,2495.318229825835,6.661741303128065e-05,2.0975651385012295,-0.2211292671656382,621.5344667647059,10208,0.00635436724240801,0.0009638861799801113,0.0068787210588945324
35,27,31,14203.430882229724,13050.704124553005,2496,2495.699285418937,6.655636412078968e-05,2.099734560151123,-0.22108747942554288,621.5104321872597,10217,0.007277797976420475,0.0011167415884660858,0.007897211501681767
35,27,32,14216.728510233854,13064.124514881556,2496,2496.175396512057,6.649410239879116e-05,2.1019401249309233,-0.22105472967904294,621.5037797282316,10226,0.008220838116888673,0.0013077272528700945,0.008933659333179467
35,27,33,14231.129343070963,13078.554790905248,2497,2496.79814903988,6.642728126546902e-05,2.104298574158513,-0.221049357712391,621.5308155705352,10236,0.009242115251228089,0.0015575361882305128,0.01004809996616518
35,27,34,14267.0966674044,13114.099037817645,2499,2498.706201779443,6.626428905276894e-05,2.1100263924309783,-0.22119855321987605,621.7773957520892,10261,0.011792843139024178,0.0023229262945505535,0.012793158547374839
35,28,0,14089.979611825931,12937.0926536122,2494,2493.7969496791193,6.706291368044505e-05,2.081450817621396,-0.22083343267358144,621.4344900704774,10138,-0.0007679303252489111,0.0003536447809378007,-0.0008769269404280688
35,28,1,14089.932947140933,12937.124394822169,2494,2493.570204835928,6.706416663367225e-05,2.0814564534868567,-0.22082017185960018,621.258080115591,10138,-0.0007712396877218586,0.000262689087712209,-0.0008744755878641319
35,28,2,14090.106559978083,12937.278827870436,2494,2493.6200606197617,6.706330480152806e-05,2.0814787462851423,-0.22082624717197152,621.247549262036,10138,-0.0007589274261453616,0.0002826880756321426,-0.0008625488261180259
35,28,3,14090.395247759852,12937.522492564942,2494,2493.7413425679865,6.706168352312883e-05,2.081513770446286,-0.22083839421700188,621.2682510220465,10138,-0.0007384542886664791,0.00033133872418189547,-0.0008437307635990043
35,28,4,14090.788691757778,12937.85387577707,2494,2493.907921308279,6.705946407244208e-05,2.0815614772209288,-0.22085497567721954,621.310957867834,10139,-0.0007105520580615865,0.00039815958143574193,-0.0008181382582249652
35,28,5,14091.286002362209,12938.275407050101,2494,2494.1091548619765,6.705669932118113e-05,2.0816223454206124,-0.22087536738021932,621.3809085313245,10139,-0.0006752838235979386,0.0004788817584835403,-0.0007855836779819825
35,28,6,14091.888525275244,12938.791048395946,2494,2494.3362489687306,6.70534245286795e-05,2.081697093384863,-0.22089907087240668,621.4891498915587,10140,-0.000632554150879816,0.000569977554165213,-0.0007457610393220016
35,28,7,14092.598901344623,12939.40604781745,2495,2494.580485625115,6.704967040945576e-05,2.0817866547695485,-0.22092558400882573,621.6484313689429,10140,-0.0005821757564741237,0.0006679498567758735,-0.0006982650424703918
35,28,8,14093.421082338571,12940.127053907405,2495,2494.8328897102656,6.704546282659147e-05,2.0818922001501052,-0.2209543819279266,621.8644856732992,10141,-0.0005238683891916063,0.0007691984153526121,-0.0006425822210222032
35,28,9,14094.360563979104,12940.96233332766,2495,2495.0838445048375,6.704081785030025e-05,2.0820151731751575,-0.22098491897478795,622.1281925707935,10141,-0.0004572423038491369,0.0008698656101928659,-0.0005780741461731687
35,28,10,14095.424715867866,12941.922059405564,2495,2495.3241477812453,6.703574279988732e-05,2.0821573380451577,-0.22101663513244071,622.4189632043833,10142,-0.0003817748636149032,0.0009662600894779771,-0.0005039551386090135
35,28,11,14096.62319688865,12943.018680747817,2496,2495.545042839321,6.703023138955301e-05,2.0823208402037845,-0.22104896320604256,622.7140676422067,10143,-0.0002967810805254434,0.001054869218817256,-0.00041926380070256286
35,28,12,14097.96846869746,12944.267388798804,2496,2495.7385139993885,6.702425968646417e-05,2.0825082835121913,-0.22108133555269457,622.9938521082327,10144,-0.00020137719983681635,0.0011324776143839532,-0.00032282690729379393
35,28,13,14099.476429743472,12945.686709458883,2496,2495.8968971494555,6.701777805826767e-05,2.0827228281567893,-0.2211131897718048,623.2426350424802,10145,-9.443573657652582e-05,0.0011960109190749524,-0.0002132137154025049
35,28,14,14101.167201026776,12947.299251052618,2496,2496.0140460580205,6.701071043352051e-05,2.082968314732374,-0.22114397301366695,623.4482417355181,10146,2.5470248762538006e-05,0.001243003653459418,-8.867819913882524e-05
35,28,15,14103.066104987667,12949.132650003825,2496,2496.0852700057662,6.700294658217262e-05,2.0832494214503146,-0.22117314472071722,623.6015136374792,10148,0.0001601365710162117,0.0012715741975577455,5.291398415296911e-05
35,28,16,14105.204890805962,12951.22076651404,2496,2496.1076123547346,6.699433519400207e-05,2.0835718632449667,-0.22120017773300354,623.696024898533,10149,0.00031181481603037575,0.0012805365351795661,0.00021417783534838364
35,28,17,14107.623272587743,12953.605194895432,2496,2496.080134317207,6.698467578031564e-05,2.083942643616337,-0.2212245577834865,623.7279521393687,10151,0.00048332142566698266,0.0012695140840550678,0.0003983256555497583
35,28,18,14110.37086010505,12956.337165585059,2496,2496.0042072360084,6.697370908975807e-05,2.084370372115879,-0.22124578149272206,623.6960249004795,10153,0.0006781746218507134,0.0012390569402109808,0.0006093139373850587
35,28,19,14113.50957152037,12959.479924773686,2496,2495.883816351788,6.696110569282904e-05,2.084865661876037,-0.22126335307487147,623.6015136373495,10155,0.0009007655119759317,0.0011907637301948881,0.0008520271421599279
35,28,20,14117.116616447016,12963.111675507864,2496,2495.7258776590593,6.694645241531702e-05,2.0854416212431794,-0.22127678013371022,623.4482417363392,10157,0.0011565696413473603,0.001127408713683442,0.0011325048392183401
35,28,21,14121.288110818185,12967.329136028087,2496,2495.5405653458893,6.692923645557544e-05,2.086114448862266,-0.22128556924188073,623.2426350451582,10160,0.0014524033521812196,0.0010530731315798736,0.0014582165140355485
35,28,22,14126.143303628003,12972.251688202356,2495,2495.341943980854,6.690882899296559e-05,2.086904127657222,-0.22128922260540898,622.9938521066357,10163,0.0017967235352958077,0.0009733987994455795,0.0018383819489857789
35,28,23,14131.829208255333,12978.025899798968,2495,2495.147424913482,6.688446213573728e-05,2.087835181370404,-0.2212872382758262,622.7140676409131,10167,0.002199956073969611,0.0008953700497311701,0.0022843204754670055
35,28,24,14138.52505036659,12984.82982178716,2495,2494.978636360007,6.685521570863915e-05,2.088937392973675,-0.22127911852072987,622.4189632025741,10172,0.0026748112799652723,0.0008276627551626614,0.002809782851575404
35,28,25,14146.445234205956,12992.875750255233,2495,2494.861403179178,6.682000928067306e-05,2.0902462644021007,-0.22126439477844562,622.1281925731176,10177,0.0032364942566651678,0.0007806362160747149,0.003431164563207023
35,28,26,14155.838298763045,13002.408912388562,2495,2494.8253053943627,6.677761521058297e-05,2.091802789643671,-0.22124268400702435,621.8644856749764,10184,0.003902630872653745,0.0007661560673948298,0.004167404343013104
35,28,27,14166.977354296367,13013.697559103826,2495,2494.902600244666,6.672671494717976e-05,2.0936517798006946,-0.22121380096333432,621.6484313679545,10191,0.0046925895398359785,0.0007971618737150354,0.005039219031121478
35,28,28,14180.134519107487,13027.006989928559,2495,2495.1259198859457,6.666603339547286e-05,2.095837480840965,-0.22117796345424431,621.4891498888957,10201,0.005625668322592592,0.0008867435925210554,0.006067097533836607
35,28,29,14195.527734594903,13042.545929350516,2496,2495.524062175293,6.659460491346373e-05,2.0983945368877484,-0.22113613869624468,621.3809085304658,10211,0.006717323171938849,0.0010464531030893731,0.00726715950471668
35,28,30,14213.223963856552,13060.369375629234,2496,2496.115850814519,6.651224614052142e-05,2.1013316346031803,-0.22109058170987853,621.310957865473,10223,0.00797230297160545,0.0012838412842988145,0.00864365242281706
35,28,31,14232.992055477987,13080.23132465059,2497,2496.8980173958535,6.642024004370275e-05,2.1046066536630894,-0.2210456429801871,621.2682510235059,10237,0.009374214943701498,0.0015975970576243004,0.010177577553795114
35,28,32,14254.245938612505,13101.526596400934,2498,2497.8420354793993,6.632161555750691e-05,2.108115752624307,-0.2210094007403319,621.247549263152,10252,0.010881496161859072,0.0019762774192053634,0.011822197247146615
35,28,33,14277.602460900644,13124.827017914928,2499,2498.9759661966214,6.621411060992514e-05,2.1119397905569555,-0.22100178801815729,621.2580801125438,10268,0.01253789217869894,0.0024311387205828705,0.013621673324961003
35,28,34,14329.341815539927,13176.018646753908,2502,2501.696451457419,6.598066458899086e-05,2.120241224215126,-0.221154497274862,621.4344900726676,10304,0.016207139675441518,0.0035224253814962747,0.017575168819657705
35,29,0,14089.808561894368,12937.052682268442,2493,2493.3951703930825,6.706558507886771e-05,2.0814467200076074,-0.22080958095214248,621.1448913075111,10138,-0.0007800608308877743,0.00019247633727759172,-0.0008800139007582031
35,29,1,14089.8006487454,12937.099053454129,2493,2493.2399054495586,6.706634854918463e-05,2.081454181239097,-0.22080082672246493,621.0310001613362,10138,-0.0007806220149659815,0.00013019385987655951,-0.0008764326848865744
35,29,2,14089.980267832487,12937.25973788081,2493,2493.296708628605,6.706538955407439e-05,2.0814773644224345,-0.2208069930631298,621.0371360873427,10138,-0.0007678838026273782,0.0001529797034480751,-0.0008640231333376658
35,29,3,14090.271817797484,12937.511032913431,2493,2493.4157481275442,6.706370441912879e-05,2.0815135274899537,-0.22081846887881124,621.0738698592224,10138,-0.0007472076850627563,0.00020073082314198132,-0.0008446157848738256
35,29,4,14090.668445396137,12937.85265044794,2494,2493.5770949095254,6.706141641523433e-05,2.0815627777909826,-0.220834027008913,621.1380151626865,10139,-0.0007190796801109789,0.0002654529495562663,-0.0008182328895798285
35,29,5,14091.170249134344,12938.28744834064,2494,2493.771483962719,6.705857090521123e-05,2.0816256565737916,-0.22085314230089467,621.2369044433075,10139,-0.0006834928019384678,0.00034342954580335316,-0.0007846537371113405
35,29,6,14091.779271279107,12938.81978253556,2494,2493.990470091904,6.705519916326649e-05,2.0817029449169144,-0.22087536738022034,621.3809085305946,10139,-0.000640302217214006,0.0004312729335802512,-0.0007435419208042804
35,29,7,14092.49894696558,12939.455419923748,2494,2494.2255770120846,6.705132824681438e-05,2.081795660214407,-0.2209002461491228,621.57758702474,10140,-0.0005892643132923148,0.0005255829633306064,-0.0006944520674930788
35,29,8,14093.334202507474,12940.20170253717,2494,2494.468044672567,6.704697957293294e-05,2.0819050850805225,-0.22092730094670687,621.8248690195811,10141,-0.0005300297262432752,0.0006228456566450546,-0.0006368171569257619
35,29,9,14094.291718836792,12941.06780085493,2495,2494.7093761592278,6.704216845368657e-05,2.082032809520484,-0.2209560334232567,622.1095067834015,10141,-0.0004621246582552363,0.0007196525888664151,-0.0005699289590918033
35,29,10,14095.380301725996,12942.065052159665,2495,2494.9403890946583,6.703689480282355e-05,2.0821807868290336,-0.22098592913585027,622.4122834946711,10142,-0.0003849246222467073,0.0008123203708119142,-0.0004929119031829021
35,29,11,14096.611364052449,12943.207402745516,2495,2495.1525118945824,6.703114443334857e-05,2.082351406573323,-0.2210164633665091,622.7137227895008,10143,-0.000297620240675589,0.0008974106248811342,-0.00040468892616596364
35,29,12,14097.99954080294,12944.511980446323,2495,2495.337831849901,6.702488327638297e-05,2.0825475891860283,-0.22104710702024172,622.996728853756,10144,-0.00019917363069588134,0.0009717492725314081,-0.0003039372568091059
35,29,13,14099.56346955398,12945.999833291848,2495,2495.489313782637,6.701805169102047e-05,2.082772908225254,-0.221077331894513,623.2471239408126,10145,-8.826305411757662e-05,0.0010325142452172198,-0.0001890313697537893
35,29,14,14101.326783907549,12947.696883113766,2496,2495.6012834764047,6.701055920204988e-05,2.083031748509551,-0.22110661487061883,623.453527544246,10146,3.678753499225529e-05,0.0010774294061246525,-5.796933915624969e-05
35,29,15,14103.319386269297,12949.635160465123,2496,2495.6690776941136,6.700227382849652e-05,2.0833295112437837,-0.22113444075757516,623.6071840547008,10148,0.00017809875309349188,0.0011046241594061534,9.172253332079272e-05
35,29,16,14105.579090811048,12951.854410510636,2496,2495.6900416212206,6.699301670226566e-05,2.0836728811284733,-0.2211603036411731,623.7018665172602,10149,0.0003383523026594393,0.001113033561339627,0.0002631137403508177
35,29,17,14108.153759315062,12954.404190312733,2496,2495.663649173531,6.698255012975241e-05,2.0840701755691167,-0.22118370666855586,623.7338421445613,10151,0.0005209424418128883,0.0011024465802125238,0.0004600315409499789
35,29,18,14111.104093611399,12957.346617810552,2496,2495.5918386349817,6.697056390814799e-05,2.084531802757114,-0.2212041602479035,623.7018665151838,10153,0.0007301740181799854,0.001073640732975889,0.0006872732623002253
35,29,19,14114.50729964353,12960.759982780633,2495,2495.479445540245,6.695665832118587e-05,2.085070863738047,-0.2212211786839517,623.6071840571225,10155,0.0009715223168078602,0.0010285557303726378,0.0009508851718453837
35,29,20,14118.461898288422,12964.7434884936,2495,2495.334766495222,6.694032274205107e-05,2.085703943337806,-0.22123427533340057,623.453527544851,10158,0.0012519742335268536,0.0009705196460674248,0.0012585286722865963
35,29,21,14123.094018680367,12969.423451285342,2495,2495.169507844113,6.692090457424932e-05,2.086452144580065,-0.2212429565080742,623.2471239412445,10161,0.001580474584396141,0.0009042283251201599,0.0016199590903476224
35,29,22,14128.56554740574,12974.961320244325,2495,2494.9999387182665,6.689757617062909e-05,2.0873424270336836,-0.22124671469593196,622.9967288551372,10165,0.0019685040296588685,0.0008362079142743006,0.002047645031899359
35,29,23,14135.084465777183,12981.563835080842,2495,2494.847382997274,6.686928902640729e-05,2.088409302021993,-0.22124502244800512,622.7137227894146,10170,0.002430812171742236,0.0007750122056395803,0.0025575528674546266
35,29,24,14142.917469026259,12989.495399262863,2495,2494.738955327606,6.683472000779442e-05,2.089696896984945,-0.22123732997673765,622.4122834947142,10175,0.0029863124821738474,0.0007315178808264822,0.0031701023012331575
35,29,25,14152.404297304107,12999.092081159526,2495,2494.7082950964787,6.679221217091747e-05,2.0912612892344375,-0.22122307306680417,622.109506785166,10181,0.003659098626361379,0.0007192189348508293,0.003911247670172813
35,29,26,14163.971724299116,13010.775177635773,2495,2494.796117599151,6.673972090280478e-05,2.093172759711719,-0.22120170503966835,621.8248690207421,10189,0.004479436507285994,0.0007544477696015406,0.004813525451335732
35,29,27,14178.142266089972,13025.05941035537,2495,2495.0501927909622,6.667478991608491e-05,2.095517132690599,-0.2211727800658669,621.5775870266733,10199,0.00548438187925826,0.0008563666705005968,0.0059166872569458295
35,29,28,14195.527734595,13042.545929350625,2496,2495.5240621726216,6.659460491345728e-05,2.09839453688775,-0.22113613869625043,621.3809085278037,10211,0.006717323171945733,0.0010464531020177859,0.007267159504725118
35,29,29,14216.790228661484,13063.882845941158,2496,2496.274429326724,6.649621230561223e-05,2.1019126574612543,-0.22109228185912685,621.2369044491012,10226,0.00822521505950169,0.0013474529559260873,0.008914995401424486
35,29,30,14242.542278006285,13089.665273830135,2497,2497.351108942835,6.637700968924812e-05,2.1061697298900897,-0.221043060630426,621.138015161571,10244,0.010051496876373411,0.001779348735723385,0.010906155183076027
35,29,31,14273.145855702107,13120.235043600564,2499,2498.7842427217524,6.623571768000037e-05,2.111220518199113,-0.2209928569122006,621.0738698612384,10265,0.012221839000557955,0.002354231385805816,0.01326703819856756
35,29,32,14308.459230309756,13155.4286257966,2501,2500.56379669851,6.607355032243353e-05,2.117032731844288,-0.22095080251660124,621.037136088329,10289,0.014726190132960282,0.003068075913911006,0.015985015176637862
35,29,33,14349.224487663516,13195.94675007298,2503,2502.7086507732547,6.588800749221874e-05,2.123705171005233,-0.22093935311933682,621.0310001578622,10318,0.017617177458607802,0.003928455742136405,0.019114203003109953
35,29,34,14430.034599731034,13275.933577628226,2507,2507.0069774343483,6.552676299781336e-05,2.1367533478987704,-0.22109544290344646,621.144891305709,10374,0.023348062651947776,0.005652672600464648,0.025291532569422515
35,30,0,14089.658793817258,12937.015114807407,2493,2493.0462182905494,6.706795436526664e-05,2.0814427786637673,-0.22078905038796467,620.9160877063795,10138,-0.0007906820716407914,5.249881919300314e-05,-0.0008829152108223992
35,30,1,14089.684149479892,12937.07441460134,2493,2492.9519962761915,6.7068288483986e-05,2.0814518566176274,-0.22078411551624547,620.8532434580577,10138,-0.0007888839007456072,1.4702905017260903e-05,-0.0008783355271227977
35,30,2,14089.869069282995,12937.240629358404,2493,2493.0149386007324,6.706724375934696e-05,2.0814758275947964,-0.22079036019318302,620.8748373448205,10138,-0.0007757697726440416,3.9951385561787234e-05,-0.000865498871831516
35,30,3,14090.16358118043,12937.498858490524,2493,2493.132618694345,6.706549990758302e-05,2.0815130233771724,-0.22080128726979886,620.9277160053941,10138,-0.0007548836009868554,8.715719779872622e-05,-0.0008455560074689394
35,30,4,14090.563569711027,12937.849775187491,2493,2493.2898370805356,6.70631472599493e-05,2.081563673247253,-0.22081599500277732,621.0128989212848,10139,-0.0007265172457269209,0.00015022327287450565,-0.0008184549440345412
35,30,5,14091.06981424139,12938.296522017528,2493,2493.4781779051223,6.706022498239626e-05,2.0816283609356727,-0.2208340270089098,621.1380151637591,10139,-0.0006906154358043981,0.0002257737022550721,-0.0007839529830717673
35,30,6,14091.684930437112,12938.843791016672,2494,2493.690162365591,6.70567643978476e-05,2.0817079214496106,-0.22085497567721823,621.3109578657735,10139,-0.0006469926736518694,0.0003108084632823527,-0.0007416877617539841
35,30,7,14092.413079340782,12939.49783886021,2494,2493.917422129548,6.705278817906397e-05,2.0818034507438137,-0.22087842496202595,621.5344667647918,10140,-0.0005953538667768932,0.0004019707101587944,-0.000691176081204059
35,30,8,14093.26008392438,12940.266664309294,2494,2494.1515383930673,6.704831389798383e-05,2.081916336963085,-0.2209039381845401,621.8023118850672,10140,-0.0005352860621093969,0.0004958833510995131,-0.000631800202410937
35,30,9,14094.23370529989,12941.160284687388,2494,2494.383973988111,6.704335041358887e-05,2.082048306842704,-0.22093105676497155,622.1004030144192,10141,-0.0004662388577179044,0.0005891218141222954,-0.0005627864941369909
35,30,10,14095.344054230627,12942.19112227867,2495,2494.6064419734444,6.703789511274365e-05,2.082201489726916,-0.22095930344469034,622.41114649378,10142,-0.00038749521928205244,0.0006783619024157694,-0.00048317559162569523
35,30,11,14096.60414501567,12943.37452141321,2495,2494.8107283116133,6.70319273613123e-05,2.082378502963704,-0.2209881873949114,622.717090713636,10143,-0.00029813219976004834,0.0007603086635552536,-0.0003917824624570798
35,30,12,14098.030616231961,12944.729427895463,2495,2494.9889644156297,6.702540331615723e-05,2.082582564153112,-0.22101720973760064,623.0026172153597,10144,-0.00019696982585637457,0.0008318057179996785,-0.00028714393473661115
35,30,13,14099.644661923718,12946.279277929505,2495,2495.1343630433394,6.70182520888512e-05,2.082817638228312,-0.22104586861856143,623.2544335095049,10145,-8.250506000462288e-05,0.0008901304533772691,-0.00016745004598950342
35,30,14,14101.473239698953,12948.053164252146,2495,2495.241299319479,6.7010367337818e-05,2.083088630728256,-0.22107366333680725,623.461646603936,10146,4.717387532715556e-05,0.0009330265254128278,-3.0453983474565405e-05
35,30,15,14103.55065186031,12950.087375214136,2495,2495.3056320353,6.700159843957062e-05,2.0834016432541427,-0.221100097242535,623.6157586490818,10148,0.00019449962814932498,0.0009588327430194443,0.00012664677803453372
35,30,16,14105.920636159217,12952.427441650229,2495,2495.325047809264,6.699173952347808e-05,2.083764313602387,-0.22112467923066226,623.7106741464873,10149,0.0003625739888890589,0.0009666211238072986,0.00030736855466484414
35,30,17,14108.639159705628,12955.13088194469,2495,2495.299438091743,6.69805155309642e-05,2.084186272314308,-0.22114692371264083,623.742721529428,10151,0.00055536602866324,0.0009563481245289385,0.0005161534530306877
35,30,18,14111.778190666215,12958.270915150671,2495,2495.231323772316,6.696756409060377e-05,2.0846797606167047,-0.221166348965895,623.7106741454058,10153,0.0007779795802744793,0.0009290249666795702,0.000758656131976343
35,30,19,14115.43083812218,12961.941525579534,2495,2495.1263486147614,6.695241148534193e-05,2.0852604736531037,-0.22118247374917488,623.6157586479143,10156,0.0010370177462455388,0.0008869155714119614,0.001042134937445649
35,30,20,14119.71841456211,12966.264423322209,2495,2494.9938715092453,6.693444025863079e-05,2.085948719742898,-0.22119481204498875,623.4616466025528,10159,0.0013410837561327327,0.000833774133665699,0.0013759894589231436
35,30,21,14124.800203522043,12971.398668833372,2495,2494.8476994364087,6.69128450130232e-05,2.086771023689746,-0.22120286577119289,623.2544335080794,10162,0.0017014736672595898,0.0007751391410109054,0.001772503829678973
35,30,22,14130.887019065167,12977.55402768527,2495,2494.707018433735,6.688657165353508e-05,2.087762351813364,-0.22120611535081366,623.0026172167409,10167,0.002133137974834609,0.000718706818485737,0.0022478781055348396
35,30,23,14138.260015925049,12985.009485214954,2495,2494.5975975000497,6.685423380377572e-05,2.0889691969235846,-0.22120400828954997,622.7170907145417,10172,0.0026560155882144887,0.0006748140589565299,0.0028236581387748316
35,30,24,14147.29657839407,12994.138709295674,2495,2494.553354191547,6.681399876751528e-05,2.0904538209571255,-0.22119594675096624,622.411146493694,10178,0.003296869817065673,0.0006570664412430816,0.003528702051066146
35,30,25,14158.505254456943,13005.444376780675,2495,2494.6183631610384,6.676343539941155e-05,2.0922999733008307,-0.22118127742405486,622.1004030163988,10186,0.004091765827505478,0.0006831439290604369,0.0044018312419162875
35,30,26,14172.571044649112,13019.60261737065,2495,2494.849317259156,6.669932037053451e-05,2.094620289633428,-0.22115929282217753,621.802311886615,10195,0.005089282433813125,0.0007757881091965402,0.005495262759037223
35,30,27,14190.409762702157,13037.516254529513,2495,2495.318229825835,6.66174130312789e-05,2.09756513850123,-0.22112926716563722,621.5344667619996,10208,0.006354367242419112,0.0009638861799801113,0.006878721058908077
35,30,28,14213.2239638566,13060.36937562925,2496,2496.115850813439,6.6512246140513e-05,2.101331634603176,-0.22109058170986493,621.3109578674906,10223,0.007972302971609002,0.0012838412838656055,0.008643652422818171
35,30,29,14242.54227800665,13089.665273830495,2497,2497.351108942835,6.637700968925289e-05,2.10616972989009,-0.22104306063042342,621.1380151616997,10244,0.010051496876399169,0.001779348735723385,0.010906155183103783
35,30,30,14280.21348290069,13127.219559663901,2499,2499.1490637052293,6.620369416175092e-05,2.1123804551659906,-0.2209877609907828,621.0128989188831,10270,0.012723060432234368,0.0025005744954806897,0.01380644773515205
35,30,31,14328.329581895205,13175.083374000516,2502,2501.638914572146,6.598358597033555e-05,2.120301668411196,-0.22092865542441412,620.92771600235,10303,0.01613535416916867,0.0034993452213816223,0.017502938326104056
35,30,32,14389.113453867712,13235.432506507863,2505,2504.9387080393153,6.57079771230321e-05,2.1302862354909533,-0.22087609356889906,620.8748373458922,10345,0.02044602003719831,0.004823013703024515,0.022163661746863017
35,30,33,14466.29066639799,13311.926424525132,2509,2509.208954092227,6.536233188230937e-05,2.14291592055737,-0.2208570641446288,620.8532434553573,10399,0.025919267545919444,0.006535966396984394,0.02807123622948393
35,30,34,14609.38996899699,13453.53320594564,2517,2516.969403598131,6.473452057313508e-05,2.1661381330840355,-0.22101709060468339,620.9160877080944,10499,0.036067572670860804,0.009648968018615367,0.03900743390597117
35,31,0,14089.533974637045,12936.982141390889,2493,2492.7570600942618,6.70699440879641e-05,2.081439264070708,-0.2207721696901871,620.7472751705131,10138,-0.0007995339884793173,-6.349316468201582e-05,-0.000885461725879777
35,31,1,14089.58644700909,12937.052215358153,2493,2492.7127169536684,6.70699229835186e-05,2.081449691253245,-0.22077031642464282,620.7222640387273,10138,-0.0007958127569116513,-8.128082871750042e-05,-0.0008800499599297407
35,31,2,14089.776396555495,12937.223466908701,2493,2492.781291276676,6.706880177992143e-05,2.081474378561217,-0.22077666662427847,620.757018218862,10138,-0.0007823419298687018,-5.377314651922038e-05,-0.0008668243164230427
35,31,3,14090.074558362765,12937.48827271375,2493,2492.898794405634,6.70670002871247e-05,2.0815125471429012,-0.22078721729207346,620.8243993617119,10138,-0.0007611969141920749,-6.638321311536188e-06,-0.0008463735399782957
35,31,4,14090.478542549035,12937.847811853811,2493,2493.0534838950584,6.706458604670362e-05,2.081564487653089,-0.22080128726979745,620.927716003422,10138,-0.0007325471953362195,5.54133202925744e-05,-0.0008186065709906432
35,31,5,14090.989592411503,12938.305403198729,2493,2493.2376306024744,6.70615939884516e-05,2.081630810923555,-0.22081846887881149,621.0738698593511,10139,-0.0006963046012482543,0.00012928133507283945,-0.0007832670953464849
35,31,6,14091.610899745292,12938.86608556688,2493,2493.443849641063,6.705805043778048e-05,2.0817124063916,-0.220838394216993,621.2682510217461,10139,-0.0006522427764513727,0.0002120033734096527,-0.0007399659684489412
35,31,7,14092.34733679293,12939.53660589981,2494,2493.66480086788,6.705397782467625e-05,2.081810447380873,-0.2208606860786228,621.5104321883335,10140,-0.0006000161916324132,0.0003006350340961639,-0.0006881821284840939
35,31,8,14093.20554536571,12940.325579155657,2494,2493.892289692911,6.704938942201909e-05,2.0819264203608427,-0.22088494325755825,621.7922869549219,10140,-0.0005391538233381343,0.0003918891657912482,-0.0006272502479566233
35,31,9,14094.194237332858,12941.243790828501,2494,2494.117980444606,6.704428950236715e-05,2.082062175845734,-0.22091073874766756,622.0998143181164,10141,-0.00046903784391016945,0.00048242202416237667,-0.0005563373703221242
35,31,10,14095.324661313487,12942.304636635867,2494,2494.333647620462,6.703866959946311e-05,2.08222000111592,-0.22093762327823616,622.41657608458,10142,-0.0003888705246597457,0.0005689340577323954,-0.00047440895321348986
35,31,11,14096.611233750884,12943.524715156718,2495,2494.5313866011556,6.703250345828657e-05,2.082402717957572,-0.22096513069114396,622.7263225274683,10143,-0.00029762948139178125,0.000648254433065043,-0.00038018309940190953
35,31,12,14098.072364090509,12944.924610743645,2495,2494.7039868231827,6.702574177705709e-05,2.082613811905039,-0.22099278353118598,623.0142948647187,10144,-0.00019400915449629963,0.0007174907280316223,-0.0002720700930084474
35,31,13,14099.731531179514,12946.529926713749,2495,2494.8445378550173,6.701830185478581e-05,2.0828576031002037,-0.22102009806956002,623.2677242045778,10145,-7.63444729313667e-05,0.0007738709144744504,-0.000148092606858663
35,31,14,14101.618698635704,12948.372657036389,2495,2494.9476153412434,6.701006372784152e-05,2.083139473508394,-0.22104658835670477,623.4760116564514,10146,5.74895208020898e-05,0.0008152190840013951,-5.779767948688175e-06
35,31,15,14103.772197565302,12950.493023803709,2495,2495.0093041059736,6.700085828565879e-05,2.08346617170618,-0.22107176906907547,623.630816591154,10148,0.00021021118909025915,0.0008399647156165369,0.00015797474918288756
35,31,16,14106.241263432668,12952.94196478211,2495,2495.0275745193526,6.69904542112228e-05,2.083846225922069,-0.2210951569883418,623.7261235622223,10150,0.00038531220873538885,0.0008472936501626727,0.0003471048344032557
35,31,17,14109.089500513033,12955.784540317743,2495,2495.002706597701,6.697854090968723e-05,2.08429051015158,-0.2211162709746313,623.7582978974531,10152,0.000587303262743033,0.0008373182124810086,0.0005666350550337373
35,31,18,14112.399678523572,12959.10465777399,2495,2494.9377844960177,6.696470562047564e-05,2.0848130296052365,-0.22113463028085756,623.7261235595402,10154,0.0008220542074275361,0.0008112755705351749,0.0008230455210189724
35,31,19,14116.280466977216,12963.011709314473,2495,2494.839295598775,6.694840200190134e-05,2.085432024642423,-0.22114975100408416,623.6308165917595,10156,0.0010972716587891451,0.0007717680527561388,0.001124784516498556
35,31,20,14120.876024298312,12967.650025254572,2495,2494.7178862171513,6.692890608102429e-05,2.08617154333016,-0.2211611403752957,623.4760116591746,10160,0.0014231790326659777,0.0007230662859849524,0.0014829985758684217
35,31,21,14126.379844973777,12973.21252347721,2495,2494.589353522762,6.690525329602802e-05,2.0870637123696985,-0.22116828843959263,623.2677242025908,10163,0.0018134985559141725,0.0006715070965639391,0.0019125866190936591
35,31,22,14133.055029193609,12979.960683950138,2494,2494.4760427778006,6.687614723869066e-05,2.0881520607187034,-0.22117065646640802,623.0142948638555,10168,0.0022868887471847454,0.0006260539907168017,0.002433742570413955
35,31,23,14141.264323833662,12988.25414172088,2494,2494.4086919774977,6.683982456551392e-05,2.0894964440356554,-0.22116766116256595,622.7263225259157,10174,0.0028690748609863093,0.0005990371084598767,0.0030742408056863013
35,31,24,14151.515088020102,12998.59496471692,2494,2494.4288875798934,6.679385297058644e-05,2.09118041312489,-0.22115865354170794,622.4165760853986,10181,0.003596037752058745,0.0006071383071031278,0.0038728556974860773
35,31,25,14164.526949415467,13011.69424820683,2495,2494.593680759084,6.673483463213741e-05,2.0933222962794957,-0.22114289153012634,622.0998143176861,10190,0.004518811918566179,0.0006732429101501403,0.0048845046611087906
35,31,26,14181.333288419053,13028.57196371224,2495,2494.9812826576353,6.665796054142203e-05,2.096091814206754,-0.2211195074268642,621.7922869534601,10201,0.005710682550665203,0.0008287242824365215,0.006187959419723388
35,31,27,14203.430882229843,13050.704124553107,2496,2495.699285419217,6.655636412078615e-05,2.0997345601511195,-0.22108747942553011,621.5104321864436,10217,0.0072777979764289125,0.0011167415885784404,0.007897211501689538
35,31,28,14232.992055477673,13080.231324650269,2497,2496.89801739699,6.642024004370103e-05,2.104606653663087,-0.22104564298018284,621.2682510235916,10237,0.009374214943679293,0.001597597058080158,0.010177577553770467
35,31,29,14273.145855701987,13120.235043600478,2499,2498.784242722156,6.623571768000381e-05,2.111220518199113,-0.22099285691219683,621.0738698572923,10265,0.012221839000549517,0.0023542313859674646,0.01326703819856112
35,31,30,14328.329581895116,13175.083374000465,2502,2501.638914571947,6.598358597035342e-05,2.120301668411195,-0.2209286554244079,620.9277160044937,10303,0.01613535416916223,0.0034993452213019083,0.01750293832610028
35,31,31,14404.82568025257,13250.961319627704,2506,2505.8380101358057,6.563746680508373e-05,2.1328744327794458,-0.22085525353286273,620.8243993646691,10356,0.02156029847636387,0.00518375683814587,0.023362941670156623
35,31,32,14512.322961598757,13357.41854189201,2512,2511.9170835443665,6.515800743428122e-05,2.1505115664065313,-0.22078303515835151,620.7570182162909,10431,0.029183782248746626,0.007622296688764907,0.03158456223870054
35,31,33,14670.392021646694,13513.788238134142,2521,2520.8790405817813,6.446732985566728e-05,2.1763765104106305,-0.2207463689397726,620.7222640358995,10541,0.040393711459054016,0.011217267156549582,0.04366089002160556
35,31,34,14976.939344016471,13816.977853610644,2538,2537.6753407769793,6.317293288595528e-05,2.226300753574706,-0.2209115575353319,620.7472751719699,10754,0.062133410438299785,0.01795488070654727,0.06707602265189183
35,32,0,14089.437061377586,12936.955612184434,2493,2492.5337761018327,6.707149297171431e-05,2.0814364060135415,-0.22075919224740642,620.6314989050059,10138,-0.0008064068754169984,-0.0001530605834232368,-0.0008875105588740384
35,32,1,14089.510362890538,12937.034194645841,2493,2492.527571979242,6.707119738133419e-05,2.081447902818509,-0.22075967281383385,620.6320190371642,10138,-0.0008012084844671863,-0.00015554928509842192,-0.0008814416875726483
35,32,2,14089.706488290327,12937.210926483152,2493,2492.6024006290777,6.707000040760301e-05,2.0814733662433285,-0.22076625602297306,620.6775245091898,10138,-0.0007872996787382514,-0.0001255327624594127,-0.0008677928051591399
35,32,3,14090.010156043209,12937.48284518529,2493,2492.7215755526167,6.706813615484139e-05,2.0815125745559078,-0.22077666662427645,620.7570182190334,10138,-0.0007657641928422443,-7.772731897937035e-05,-0.0008467927043963597
35,32,4,14090.419838726355,12937.851209546558,2493,2492.8756330106858,6.706565767548067e-05,2.0815658226018745,-0.22079036019318288,620.8748373443918,10138,-0.0007367103484315907,-1.592920838944245e-05,-0.0008183441694364912
35,32,5,14090.937460438061,12938.31966233116,2493,2493.057711275342,6.706259418787557e-05,2.0816337684429533,-0.22080699306311746,621.0371360836112,10139,-0.0007000016924544328,5.710907795064557e-05,-0.0007821658720194025
35,32,6,14091.566949709657,12938.893708818105,2493,2493.261021334146,6.705896759523548e-05,2.0817173720582374,-0.2208262471719713,621.2475492676153,10139,-0.0006553596216335444,0.00013866421754249458,-0.0007378326431037863
35,32,7,14092.31387744757,12939.580600281846,2493,2493.4782968985805,6.705479528284418e-05,2.081817885431341,-0.2208477808149249,621.5037797263847,10140,-0.0006023890588638947,0.00022582143490601503,-0.0006847844715797136
35,32,8,14093.185597645368,12940.389518673635,2494,2493.7021891311397,6.705009045788632e-05,2.081936885538457,-0.22087121864859002,621.7967545663648,10140,-0.0005405684742058048,0.0003156328411264564,-0.0006223122414504845
35,32,9,14094.19162427339,12941.331934277987,2494,2493.9243240152286,6.704485300363042e-05,2.082076333638087,-0.22089615398488419,622.1126016426307,10141,-0.00046922315665676173,0.00040473931026374643,-0.0005495301102615979
35,32,10,14095.344170016817,12942.422106674696,2494,2494.136582765207,6.70390703362817e-05,2.082238657640194,-0.22092215445068128,622.435518151637,10142,-0.0003874870079660919,0.0004898840988982744,-0.00046533682013616406
35,32,11,14096.658853626988,12943.677749406037,2494,2494.331126049831,6.703271088416182e-05,2.0824268614896684,-0.22094876818452835,622.7498888138153,10143,-0.00029425237875091437,0.000567922563042611,-0.00036836436596954236
35,32,12,14098.155620342175,12945.120906777665,2495,2494.5006472754044,6.702571766544046e-05,2.0826446697879555,-0.22097552961097974,623.0414029561522,10144,-0.0001881047941666436,0.000635923759327639,-0.0002569102806772028
35,32,13,14099.859949078173,12946.779117265125,2495,2494.6389450477886,6.701800214455645e-05,2.0828967200939923,-0.22100196439253308,623.2975578844422,10145,-6.72373424601691e-05,0.0006914000805604559,-0.0001288477860835746
35,32,14,14101.804455461339,12948.686971918547,2495,2494.740395768942,6.700943067926528e-05,2.0831888209538363,-0.22102759333378116,623.5078952186417,10146,7.066300880187448e-05,0.0007320956948062562,1.8494561638160434e-05
35,32,15,14104.031050452273,12950.888225682462,2495,2494.8012432947503,6.699981765656183e-05,2.083528301926119,-0.2210519350725118,623.6641406431762,10148,0.00022856849783825517,0.0007565038745604991,0.00018849592779313085
35,32,16,14106.593890596392,12953.438694470553,2495,2494.819679426196,6.698890882947988e-05,2.083924494318832,-0.22107450740926657,623.760305993148,10150,0.00041031979429195786,0.0007638992847160964,0.00038546693832297585
35,32,17,14109.563473638973,12956.410286620801,2495,2494.7963115224725,6.697636128810554e-05,2.08438940059804,-0.22109482711738565,623.7927658010829,10152,0.0006209164517361199,0.0007545255593757183,0.0006149610264098992
35,32,18,14113.032418541914,12959.896699764498,2495,2494.734722711291,6.696171598924917e-05,2.0849386407410253,-0.22111240803703205,623.7603059911577,10154,0.0008669268144512188,0.000729820022803862,0.0008842143978859962
35,32,19,14117.123766260362,12964.021606916238,2495,2494.6421727221727,6.694435907662847e-05,2.0855928124692613,-0.2211267571777717,623.6641406438682,10157,0.0011570766912496477,0.0006926948194263538,0.0012027782375274576
35,32,20,14122.003124541197,12968.950635095242,2495,2494.5305156822074,6.69234660269486e-05,2.086379481994803,-0.22113736841708634,623.5078952193766,10160,0.0015031106393437188,0.0006479050754542026,0.0015834438100221782
35,32,21,14127.89679404166,12974.909241446005,2494,2494.4176175115767,6.689791981366482e-05,2.0873361551539857,-0.22114371315010917,623.297557883751,10164,0.0019210774310050027,0.0006026174683400054,0.0020436230208948913
35,32,22,14135.119402535884,12982.20996008691,2494,2494.3286955070967,6.686618332444247e-05,2.0885148062300645,-0.22114522686068827,623.0414029551594,10169,0.0024332898140573267,0.0005669475829892523,0.0026074526725290426
35,32,23,14144.116993784173,12991.294875585863,2494,2494.2993354647833,6.682610668314376e-05,2.089988937802875,-0.22114128993625043,622.7498888122628,10176,0.0030713802849313687,0.0005551701905506246,0.0033090746624793166
35,32,24,14155.535806083562,13002.803401218058,2494,2494.3796783188095,6.677461865065248e-05,2.0918648467936474,-0.22113119994860944,622.4355181520248,10183,0.0038811787205210724,0.0005873986632285444,0.004197870453302777
35,32,25,14170.334666810775,13017.683012075258,2495,2494.6413032033606,6.670722626574916e-05,2.094300030475972,-0.22111413076421996,622.1126016390585,10194,0.004930683165571326,0.0006923460234615764,0.005347012917040761
35,32,26,14189.972730195997,13037.374168845423,2495,2495.1881461471903,6.66171840132159e-05,2.097533924245335,-0.2210890708813342,621.7967545665799,10207,0.00632337380540382,0.0009117048337501377,0.006867747875896502
35,32,27,14216.728510234349,13064.124514882024,2496,2496.175396512057,6.649410239877562e-05,2.1019401249309246,-0.22105472967905193,621.5037797272437,10226,0.008220838116923757,0.0013077272528700945,0.008933659333215438
35,32,28,14254.245938612517,13101.526596400925,2498,2497.8420354802934,6.63216155575058e-05,2.1081157526243035,-0.2210094007403296,621.2475492655553,10252,0.01088149616185996,0.0019762774195641875,0.011822197247145949
35,32,29,14308.45923030985,13155.42862579669,2501,2500.56379669851,6.607355032242943e-05,2.1170327318442874,-0.2209508025165967,621.0371360866135,10289,0.014726190132966943,0.003068075913911006,0.015985015176644746
35,32,30,14389.113453867612,13235.432506507772,2505,2504.9387080393153,6.570797712302683e-05,2.130286235490951,-0.22087609356889787,620.8748373450348,10345,0.020446020037191204,0.004823013703024515,0.022163661746856134
35,32,31,14512.32296159895,13357.418541892206,2512,2511.9170835452255,6.515800743430098e-05,2.1505115664065304,-0.22078303515835276,620.757018214834,10431,0.029183782248760393,0.00762229668910952,0.03158456223871586
35,32,32,14707.174011044533,13550.080191700412,2523,2523.1225548443213,6.43085515720953e-05,2.1824566926572633,-0.22067631567974363,620.6775245097895,10567,0.04300221370003032,0.012117223213492734,0.046463693491080704
35,32,33,15050.924841769136,13889.784100247069,2543,2542.6117606414573,6.28662584669045e-05,2.2387066980314017,-0.22059474669825743,620.6320190362646,10806,0.0673803081686033,0.019935060209226974,0.07269880072305357
35,32,34,15913.417818641541,14742.78309608944,2589,2588.676344618988,5.9525322469387046e-05,2.3794712086047807,-0.22076046110359102,620.6314989023074,11406,0.12854651749631607,0.03841325847760224,0.13857534662572202
35,33,0,14089.36967092206,12936.936750148412,2492,2492.380364883339,6.707256010057791e-05,2.081434356152052,-0.22075023059654228,620.5596626559671,10138,-0.0008111860664596904,-0.0002145994635595061,-0.0008889672613882071
35,33,1,14089.460627422877,12937.023558747653,2492,2492.4030240696616,6.707205186056177e-05,2.0814469217205698,-0.22075252720135866,620.5769277662604,10138,-0.0008047356204643474,-0.0002055100308258062,-0.0008822630909255391
35,33,2,14089.668133851463,12937.209448316467,2492,2492.4868120555952,6.707075450078769e-05,2.0814736823873408,-0.2207596728138335,620.632019039263,10138,-0.0007900196958271488,-0.00017189958907426472,-0.000867906962990439
35,33,3,14089.983093194585,12937.492523013974,2493,2492.610917738237,6.706879977770258e-05,2.0815145027215167,-0.22077031642464537,620.7222640353854,10138,-0.0007676834338194993,-0.00012211623683111572,-0.0008460452921149608
35,33,4,14090.405828205268,12937.874797399225,2493,2492.768644244929,6.706622109416743e-05,2.0815697779778928,-0.220784115516243,620.8532434563003,10138,-0.0007377039454677936,-5.8846335940332395e-05,-0.0008165224952416672
35,33,5,14090.939607524184,12938.3607400849,2493,2492.9543336890483,6.70630382430281e-05,2.0816402856147427,-0.220800826722454,621.0310001573905,10139,-0.0006998494255689991,1.5640527252891445e-05,-0.0007789934643811502
35,33,6,14091.589161319826,12938.956451535938,2493,2493.161608529653,6.705926917949302e-05,2.081727076718721,-0.22082017185960048,621.2580801131018,10139,-0.0006537844204046461,9.878608659641408e-05,-0.000732987064678059
35,33,7,14092.36067980827,12939.669723021541,2493,2493.383279064205,6.705492932113945e-05,2.081831489826143,-0.22084182386468615,621.5308155701487,10140,-0.0005990699327164117,0.00018770628806197287,-0.0006779015815867595
35,33,8,14093.262164504504,12940.510350305858,2494,2493.611776778245,6.705002932203868e-05,2.081955202201613,-0.22086541291011147,621.8391773035263,10140,-0.000535138511691291,0.0002793651222317006,-0.0006129804947481166
35,33,9,14094.303907184085,12941.490565276774,2494,2493.8389946636767,6.704456875298494e-05,2.0821003001831286,-0.22089053432071243,622.1689221059964,10141,-0.0004612602859972448,0.0003705105700919642,-0.0005372791435850344
35,33,10,14095.499096968408,12942.62559677837,2494,2494.0565244465984,6.703853104799837e-05,2.0822693710192675,-0.22091675593294166,622.5042146227705,10142,-0.0003764999105571043,0.00045776976383749,-0.00044962141458371185
35,33,11,14096.864598130984,12943.934403594201,2494,2494.25641847746,6.703188024954187e-05,2.0824656233679044,-0.22094362468932485,622.82948380796,10143,-0.0002796614061437719,0.000537954609026503,-0.0003485431334825373
35,33,12,14098.421961507465,12945.440641818095,2494,2494.4312693602033,6.702455315631528e-05,2.0826930467865816,-0.2209706724105925,623.1304223247955,10144,-0.00016921643228362537,0.0006080937267551878,-0.00023221735586698156
35,33,13,14100.198758421111,12947.173954679489,2495,2494.5746772076504,6.701645193061643e-05,2.082956624847937,-0.2209974206423114,623.3944742510353,10145,-4.320968803517289e-05,0.0006656198869754437,-9.835475481601019e-05
35,33,14,14102.230365405805,12949.171711768999,2495,2494.681229524792,6.700743214048838e-05,2.0832626229754525,-0.2210233844404178,623.6110935140613,10147,0.00010086765685879406,0.000708361938940083,5.593069833320641e-05
35,33,15,14104.56238825947,12951.481383957858,2495,2494.747054215443,6.699729075233234e-05,2.0836189819542956,-0.22104807494747203,623.7719104380595,10148,0.00026624987080037243,0.0007347666425057131,0.0002343051474371638
35,33,16,14107.254007375173,12954.163832287424,2495,2494.770448144552,6.698575021479298e-05,2.084035863347946,-0.22107100059890067,623.8708550297617,10150,0.0004571339042664935,0.0007441508075851644,0.00044146885029672234
35,33,17,14110.382673766919,12957.297934362226,2495,2494.7522555246755,6.697243492802427e-05,2.084526417171267,-0.22109166677420583,623.9042475575119,10152,0.000679012422197145,0.0007368530788729455,0.0006835134719207492
35,33,18,14114.05082299988,12960.987206075055,2495,2494.6964917265973,6.695683941292403e-05,2.0851078810775356,-0.22110957365762682,623.870855030887,10155,0.0009391499419741933,0.0007144841692223736,0.0009684334759560986
35,33,19,14118.395666961183,12965.369463511142,2495,2494.6111412998525,6.693828271682616e-05,2.085803184577815,-0.22112421198109686,623.7719104369778,10158,0.00124727724545326,0.0006802469750160078,0.0013068723071303356
35,33,20,14123.603789102208,12970.631225942536,2495,2494.5092303401857,6.691584125804714e-05,2.0866433407449074,-0.22113505616386991,623.6110935148397,10161,0.001616626443214031,0.0006393667421811244,0.001713234724941115
35,33,21,14129.933430106164,12977.029705349136,2494,2494.410513755159,6.688824796421092e-05,2.0876710978757607,-0.22114155409900818,623.3944742509057,10166,0.0020655114277865483,0.0005997678904603454,0.00220738503976059
35,33,22,14137.749441643116,12984.927288330748,2494,2494.343161530283,6.685373075035213e-05,2.0889466656540105,-0.22114311238888634,623.1304223221616,10171,0.002619806721309681,0.0005727504367547542,0.002817310128001127
35,33,23,14147.579782307517,12994.84725620352,2494,2494.347760685069,6.680975977491287e-05,2.090556967801418,-0.22113907505594332,622.8294838101599,10178,0.0033169540500006534,0.0005745953268343484,0.0035834226581552553
35,33,24,14160.20997131156,13007.566921187616,2494,2494.4828745135924,6.67526218917154e-05,2.0926311068884687,-0.22112869234209817,622.5042146214777,10187,0.004212660803777801,0.0006287944511220722,0.004565753936709438
35,33,25,14176.84712080926,13024.279341806896,2495,2494.8353667557185,6.667669009309656e-05,2.0953672142225175,-0.2211110734880381,622.1689221071156,10198,0.0053925328677602025,0.0007701920493561332,0.005856443081054152
35,33,26,14199.41717538951,13046.886327152795,2496,2495.53654900512,6.657309828726736e-05,2.099081093356752,-0.22108511176889384,621.8391773031823,10214,0.006993154229338661,0.0010514620296304678,0.007602365544174372
35,33,27,14231.12934307093,13078.55479090523,2497,2496.7981490422803,6.642728126549982e-05,2.10429857415851,-0.221049357712384,621.5308155694183,10236,0.009242115251225647,0.0015575361891932982,0.010048099966163848
35,33,28,14277.602460900713,13124.827017915,2499,2498.9759661981097,6.621411060996846e-05,2.1119397905569506,-0.22100178801815226,621.2580801134451,10268,0.012537892178703824,0.0024311387211799484,0.013621673324966777
35,33,29,14349.224487663543,13195.946750073012,2503,2502.708650772118,6.588800749223824e-05,2.123705171005232,-0.22093935311933366,621.0310001565756,10318,0.0176171774586098,0.003928455741680326,0.019114203003112396
35,33,30,14466.290666398023,13311.92642452517,2509,2509.208954095336,6.536233188234339e-05,2.142915920557368,-0.22085706414462522,620.8532434574576,10399,0.025919267545921887,0.0065359663982316185,0.02807123622948704
35,33,31,14670.392021646687,13513.788238134135,2521,2520.8790405832906,6.446732985570126e-05,2.1763765104106314,-0.22074636893977503,620.7222640400983,10541,0.04039371145905357,0.011217267157155097,0.04366089002160489
35,33,32,15050.924841768843,13889.784100246805,2543,2542.6117606418147,6.286625846692178e-05,2.238706698031404,-0.22059474669826457,620.6320190373356,10806,0.06738030816858243,0.019935060209370414,0.07269880072303314
35,33,33,15863.190204329483,14692.47059506089,2587,2587.1739377022136,5.9709349053412016e-05,2.371614034264202,-0.2204105089225786,620.5769277645902,11371,0.12498447948160263,0.03781058782499258,0.13468974558792435
35,33,34,19483.787362137457,18280.31350441774,2755,2755.420846138412,4.882616460781808e-05,2.9631148089039696,-0.22051057705967594,620.5596626544683,13888,0.38174970492014726,0.10530060865404689,0.4117764704983098
35,34,0,14089.329553017851,12936.925276849566,2492,2492.293955039794,6.707314540783562e-05,2.0814330793132516,-0.22074495222222743,620.5224638742611,10138,-0.0008140311448456838,-0.0002492616287955718,-0.0008898533366377137
35,34,1,14089.463131868177,12937.040637497319,2492,2492.35607601319,6.707230018723667e-05,2.0814496275485506,-0.22075023059654159,620.5596626554104,10138,-0.0008045580104089067,-0.00022434262239379166,-0.000880944110432158
35,34,2,14089.712597322177,12937.261777525562,2492,2492.4623948457843,6.707072285702693e-05,2.081481428226784,-0.22075919224740498,620.631498904963,10138,-0.0007868664388962499,-0.00018169422966551885,-0.0008638656129280609
35,34,3,14090.086677541676,12937.59588956581,2493,2492.614750009116,6.706838577057562e-05,2.081529575002765,-0.22077216969017818,620.7472751708987,10138,-0.000760337447211934,-0.00012057897208217483,-0.000838062361970926
35,34,4,14090.589446872402,12938.047610371126,2493,2492.8090261462808,6.706529987443661e-05,2.0815948461564853,-0.22078905038797741,620.9160877068512,10138,-0.000724682091224893,-4.264767060568886e-05,-0.0008031762642008999
35,34,5,14091.225298355592,12938.622596696852,2493,2493.038887456391,6.706148463679631e-05,2.0816782128934546,-0.22080958095214687,621.1448913069532,10139,-0.0006795888255809457,4.955815208274039e-05,-0.0007587704521604399
35,34,6,14091.999978841912,12939.328233755918,2493,2493.2967298176854,6.705696089161786e-05,2.0817809429507954,-0.22083343267358613,621.434490074643,10140,-0.0006246500955751078,0.00015298820316722583,-0.000704274570759944
35,34,7,14092.921042740934,12940.173989344892,2494,2493.5741198941005,6.705174702641678e-05,2.081904656478457,-0.22086021978298478,621.7773957534649,10140,-0.0005593301581814369,0.00026425956148834473,-0.0006389574283587329
35,34,8,14093.998316110607,12941.171818799561,2494,2493.8620802673304,6.704585459052967e-05,2.082051391637053,-0.2208895096848268,622.1592980515716,10141,-0.0004829321697925604,0.00037977105449504833,-0.000561895722314687
35,34,9,14095.244472749784,12942.336689760774,2494,2494.150587021372,6.703927923679184e-05,2.0822236902072264,-0.22092083148048072,622.5623716031964,10142,-0.0003945573309348527,0.0004955017209338219,-0.00047193351166607833
35,34,10,14096.675772458177,12943.687270550114,2494,2494.4299558728044,6.703200036801933e-05,2.082424710333215,-0.22095368385593983,622.9680614652375,10143,-0.0002930525304067899,0.0006075668386671396,-0.00036762905433618265
35,34,11,14098.313018156437,12945.246837538669,2495,2494.691151260394,6.702397418139976e-05,2.0826583755791885,-0.22098754241682686,623.3586659117387,10144,-0.0001769424683123466,0.0007123419118777452,-0.0002471847316458664
35,34,12,14100.182809884382,12947.044479133336,2495,2494.925120411481,6.701512031444789e-05,2.0829295731985633,-0.22102186632159843,623.718095581642,10145,-4.434072511283471e-05,0.0008061955406131194,-0.00010835406525011582
35,34,13,14102.319207696557,12949.116707779385,2495,2495.123959809794,6.700531587898863e-05,2.0832444201162743,-0.22105610401371525,624.0322559668696,10147,0.00010716816747047275,0.0008859573339115023,5.1682776748052106e-05
35,34,14,14104.76596698548,12951.509642135463,2495,2495.2813286035366,6.699438300719092e-05,2.083610623548149,-0.22108969785139704,624.2892896746007,10149,0.00028068725093421953,0.0009490837429864118,0.00023648750772498062
35,34,15,14107.57958868415,12954.281999280201,2495,2495.392770894229,6.698207214209432e-05,2.0840379760646677,-0.2211220874424329,624.4797642008284,10151,0.0004802234540159933,0.000993787343129604,0.0004505948086646061
35,34,16,14110.833549746858,12957.509257923302,2495,2495.4562381258866,6.696804082708729e-05,2.084539044996566,-0.2211527114946422,624.5968247645527,10153,0.000710987609600755,0.001019246383217487,0.0006998338501853496
35,34,17,14114.624275137969,12961.289546604776,2495,2495.4727084082942,6.69518247905596e-05,2.0851301480876447,-0.22118100797727483,624.636310067483,10155,0.0009798179757534164,0.0010258532190463576,0.0009917830342573986
35,34,18,14119.079731801965,12965.752125629628,2495,2495.44695327415,6.693279736025123e-05,2.0858327595135795,-0.22120641234611874,624.5968247634681,10158,0.0012957897022116693,0.0010155218878140637,0.001336425048383827
35,34,19,14124.372059619114,12971.069858603301,2495,2495.388533549216,6.691011082897907e-05,2.0866755778076107,-0.22122835349934614,624.4797641977061,10162,0.0016711105915114821,0.0009920875882523106,0.0017471100340002987
35,34,20,14130.73657561041,12977.477977974158,2495,2495.313159384609,6.688260925287469e-05,2.087697637918659,-0.2212462469816729,624.2892896772009,10166,0.002122468837702396,0.0009618522395820062,0.002242004836856548
35,34,21,14138.501128290747,12985.303066984028,2495,2495.2446439784185,6.684869482696709e-05,2.0889531179508203,-0.22125948470770568,624.0322559695977,10172,0.002673114776065688,0.0009343681910849444,0.0028463312638087324
35,34,22,14148.13281037884,12995.009169876581,2495,2495.2178549466444,6.68061165053918e-05,2.090518986850366,-0.22126742007086747,623.7180955802145,10178,0.0033561736514140517,0.0009236221255006782,0.0035959271435856976
35,34,23,14160.314879096803,13007.273702584842,2495,2495.283401095855,6.675162374519967e-05,2.0925075943858666,-0.22126934663963807,623.3586659121707,10187,0.004220100645868419,0.0009499150958536262,0.0045431088587677415
35,34,24,14176.078545405513,13023.117485474306,2496,2495.5154920739983,6.668037669553026e-05,2.095088235973056,-0.22126446752121479,622.9680614668774,10198,0.005338027097521625,0.0010430153203671022,0.005766713688171832
35,34,25,14197.039561625115,13044.138141417963,2496,2496.0265978920866,6.658489860950209e-05,2.098525855634633,-0.22125185050988827,622.5623716041446,10212,0.00682453880276368,0.0012480386555906442,0.0073901249851675566
35,34,26,14225.847283911808,13072.953064968146,2497,2496.992244854956,6.645309216766438e-05,2.10325448981356,-0.22123036049537184,622.1592980535946,10232,0.00886752259381085,0.001635395155887398,0.009615482392606234
35,34,27,14267.096667403945,13114.099037817205,2499,2498.706201779443,6.626428905277354e-05,2.1100263924309792,-0.2211985532198794,621.7773957514443,10261,0.01179284313899176,0.0023229262945505535,0.012793158547340866
35,34,28,14329.341815539707,13176.018646753684,2502,2501.6964514577003,6.59806645890039e-05,2.120241224215124,-0.2211544972748626,621.4344900699191,10304,0.016207139675425974,0.0035224253816092954,0.017575168819640385
35,34,29,14430.034599730561,13275.933577627788,2507,2507.006977435085,6.552676299781503e-05,2.1367533478987712,-0.22109544290344554,621.1448913058377,10374,0.023348062651914248,0.005652672600759967,0.025291532569388764
35,34,30,14609.389968996655,13453.533205945329,2517,2516.969403598131,6.47345205731435e-05,2.1661381330840324,-0.2210170906046785,620.9160877072798,10499,0.036067572670837045,0.009648968018615367,0.039007433905946964
35,34,31,14976.939344016455,13816.977853610637,2538,2537.6753407764254,6.317293288594011e-05,2.2263007535747095,-0.22091155753533512,620.7472751717129,10754,0.062133410438298675,0.017954880706325227,0.06707602265189117
35,34,32,15913.417818641641,14742.783096089526,2589,2588.676344618351,5.9525322469374666e-05,2.3794712086047793,-0.22076046110359127,620.6314989037209,11406,0.12854651749632318,0.03841325847734667,0.13857534662572868
35,34,33,19483.787362136904,18280.313504417198,2755,2755.420846135612,4.882616460778974e-05,2.963114808903966,-0.22051057705967061,620.5596626563953,13888,0.38174970492010796,0.10530060865292357,0.41177647049826804
